{"type":"FeatureCollection","features":[{"type":"Feature","properties":{"tier":"arterial"},"geometry":{"type":"LineString","coordinates":[[138.482908,-34.780169],[138.48293,-34.780208],[138.482949,-34.780282],[138.48294,-34.780357],[138.482904,-34.780425],[138.482845,-34.780482],[138.482768,-34.780522],[138.48268,-34.780542],[138.482588,-34.780538],[138.482502,-34.780512],[138.482429,-34.780466],[138.482383,-34.780414],[138.482355,-34.780356],[138.482346,-34.780293],[138.482363,-34.780214],[138.48241,-34.780143],[138.482482,-34.780088],[138.48256,-34.780058],[138.482646,-34.780047],[138.482732,-34.780057],[138.482811,-34.780087],[138.482877,-34.780134],[138.482908,-34.780169]]}},{"type":"Feature","properties":{"tier":"high"},"geometry":{"type":"LineString","coordinates":[[138.482482,-34.780088],[138.482617,-34.779978],[138.482819,-34.779699]]}},{"type":"Feature","properties":{"tier":"arterial"},"geometry":{"type":"LineString","coordinates":[[138.48293,-34.780208],[138.483017,-34.78038],[138.483091,-34.780542],[138.48314,-34.780637],[138.483255,-34.780761],[138.483414,-34.780882]]}},{"type":"Feature","properties":{"tier":"arterial"},"geometry":{"type":"LineString","coordinates":[[138.483414,-34.780882],[138.482976,-34.780698],[138.482681,-34.780583],[138.482588,-34.780538]]}},{"type":"Feature","properties":{"tier":"arterial"},"geometry":{"type":"LineString","coordinates":[[138.484315,-34.781287],[138.484475,-34.781358],[138.486544,-34.782274],[138.487436,-34.782669]]}},{"type":"Feature","properties":{"tier":"arterial"},"geometry":{"type":"LineString","coordinates":[[138.489426,-34.78381],[138.48948,-34.783879],[138.489632,-34.784088],[138.489703,-34.784251],[138.489744,-34.784408],[138.489771,-34.784603],[138.489753,-34.785819],[138.489745,-34.786456],[138.489759,-34.786818],[138.489793,-34.787226],[138.489976,-34.788309],[138.490054,-34.788626],[138.490223,-34.789186],[138.490616,-34.790426],[138.490946,-34.791492],[138.490992,-34.791641],[138.491163,-34.792191],[138.491226,-34.79246],[138.491327,-34.793319],[138.491375,-34.793724],[138.491476,-34.79466],[138.491583,-34.795599],[138.491636,-34.795873],[138.49168,-34.796274],[138.491724,-34.796681],[138.491754,-34.796964],[138.491836,-34.797718]]}},{"type":"Feature","properties":{"tier":"arterial"},"geometry":{"type":"LineString","coordinates":[[138.494276,-34.81364],[138.494228,-34.813972],[138.494147,-34.814568],[138.494086,-34.815033],[138.49406,-34.815309],[138.494048,-34.815449],[138.494036,-34.815546],[138.494,-34.816059],[138.493975,-34.816336],[138.493907,-34.816878],[138.493772,-34.817685],[138.49361,-34.818519],[138.493563,-34.818764]]}},{"type":"Feature","properties":{"tier":"arterial"},"geometry":{"type":"LineString","coordinates":[[138.481656,-34.844349],[138.481656,-34.844275],[138.481671,-34.844238],[138.481694,-34.844206],[138.481734,-34.844173],[138.48177,-34.844155],[138.48181,-34.844142],[138.481842,-34.844138]]}},{"type":"Feature","properties":{"tier":"arterial"},"geometry":{"type":"LineString","coordinates":[[138.481648,-34.844771],[138.481684,-34.8446],[138.481698,-34.844504],[138.481711,-34.844432]]}},{"type":"Feature","properties":{"tier":"arterial"},"geometry":{"type":"LineString","coordinates":[[138.479292,-34.850428],[138.479288,-34.850395],[138.479298,-34.850351],[138.479319,-34.850319]]}},{"type":"Feature","properties":{"tier":"regional"},"geometry":{"type":"LineString","coordinates":[[138.477089,-34.850126],[138.477071,-34.850075],[138.477075,-34.849956],[138.477151,-34.849453],[138.477196,-34.849144],[138.477209,-34.849056],[138.477241,-34.848845],[138.477319,-34.848265],[138.477338,-34.848142],[138.477348,-34.848047],[138.4774,-34.847647],[138.477415,-34.84758],[138.47745,-34.847428],[138.477703,-34.846787],[138.477886,-34.846289],[138.477913,-34.846213]]}},{"type":"Feature","properties":{"tier":"arterial"},"geometry":{"type":"LineString","coordinates":[[138.479135,-34.851223],[138.479072,-34.851416],[138.479018,-34.851681],[138.478997,-34.851866],[138.47899,-34.851934],[138.478965,-34.852185],[138.478912,-34.852683],[138.478883,-34.852969],[138.478864,-34.853158],[138.478808,-34.85364],[138.478796,-34.853808],[138.478789,-34.853903],[138.478671,-34.854921],[138.478629,-34.855341],[138.4786,-34.855596],[138.478558,-34.85601],[138.478488,-34.856474],[138.478474,-34.856568],[138.478443,-34.856775],[138.478439,-34.857033]]}},{"type":"Feature","properties":{"tier":"regional"},"geometry":{"type":"LineString","coordinates":[[138.493507,-34.818989],[138.493579,-34.819017],[138.493653,-34.819055],[138.493705,-34.819079]]}},{"type":"Feature","properties":{"tier":"regional"},"geometry":{"type":"LineString","coordinates":[[138.496606,-34.807002],[138.496561,-34.806877],[138.496543,-34.806708],[138.49653,-34.806655],[138.496495,-34.806508]]}},{"type":"Feature","properties":{"tier":"regional"},"geometry":{"type":"LineString","coordinates":[[138.496518,-34.792441],[138.496669,-34.792509]]}},{"type":"Feature","properties":{"tier":"arterial"},"geometry":{"type":"LineString","coordinates":[[138.489199,-34.839889],[138.489074,-34.839794]]}},{"type":"Feature","properties":{"tier":"arterial"},"geometry":{"type":"LineString","coordinates":[[138.482107,-34.871639],[138.482214,-34.871588],[138.482291,-34.871574],[138.482434,-34.871545]]}},{"type":"Feature","properties":{"tier":"arterial"},"geometry":{"type":"LineString","coordinates":[[138.488927,-34.873339],[138.488887,-34.873462]]}},{"type":"Feature","properties":{"tier":"arterial"},"geometry":{"type":"LineString","coordinates":[[138.482108,-34.87135],[138.4822,-34.871433],[138.482283,-34.871485],[138.482369,-34.871521],[138.482434,-34.871545]]}},{"type":"Feature","properties":{"tier":"regional"},"geometry":{"type":"LineString","coordinates":[[138.478935,-34.850339],[138.479182,-34.850324],[138.47923,-34.850324],[138.479319,-34.850319]]}},{"type":"Feature","properties":{"tier":"regional"},"geometry":{"type":"LineString","coordinates":[[138.479292,-34.850428],[138.479252,-34.850405],[138.479192,-34.850389],[138.47917,-34.850382],[138.479073,-34.850364],[138.478935,-34.850339]]}},{"type":"Feature","properties":{"tier":"arterial"},"geometry":{"type":"LineString","coordinates":[[138.479598,-34.850023],[138.479551,-34.850183],[138.479548,-34.850281]]}},{"type":"Feature","properties":{"tier":"arterial"},"geometry":{"type":"LineString","coordinates":[[138.47941,-34.850265],[138.47947,-34.850083],[138.479533,-34.849943],[138.479635,-34.849792]]}},{"type":"Feature","properties":{"tier":"arterial"},"geometry":{"type":"LineString","coordinates":[[138.479598,-34.850023],[138.479593,-34.850171],[138.479624,-34.850253],[138.47969,-34.850312],[138.479766,-34.850378]]}},{"type":"Feature","properties":{"tier":"arterial"},"geometry":{"type":"LineString","coordinates":[[138.489113,-34.851344],[138.489511,-34.851382],[138.489663,-34.851397],[138.490062,-34.851438],[138.49027,-34.851458],[138.490707,-34.851504],[138.490795,-34.851515],[138.491849,-34.851614],[138.492701,-34.851694]]}},{"type":"Feature","properties":{"tier":"arterial"},"geometry":{"type":"LineString","coordinates":[[138.499789,-34.852406],[138.497363,-34.852214],[138.496576,-34.852153]]}},{"type":"Feature","properties":{"tier":"arterial"},"geometry":{"type":"LineString","coordinates":[[138.499989,-34.852327],[138.50002,-34.852328]]}},{"type":"Feature","properties":{"tier":"arterial"},"geometry":{"type":"LineString","coordinates":[[138.50002,-34.892228],[138.498609,-34.892289],[138.498464,-34.892295],[138.497966,-34.892325],[138.497608,-34.892377],[138.497223,-34.892473],[138.496843,-34.892605],[138.496528,-34.892763],[138.495486,-34.893458],[138.495265,-34.893606],[138.494656,-34.894017],[138.494396,-34.894143],[138.494093,-34.894255]]}},{"type":"Feature","properties":{"tier":"regional"},"geometry":{"type":"LineString","coordinates":[[138.496562,-34.804404],[138.496537,-34.804402],[138.496502,-34.804389],[138.496477,-34.804369],[138.496463,-34.804346],[138.496457,-34.804314],[138.496467,-34.804281],[138.496498,-34.804249],[138.49653,-34.804235],[138.496567,-34.80423],[138.4966,-34.804235],[138.496631,-34.804251],[138.496648,-34.804265],[138.496665,-34.804292],[138.496669,-34.804314],[138.496664,-34.804344],[138.496647,-34.804371],[138.496619,-34.804392],[138.496593,-34.804401],[138.496562,-34.804404]]}},{"type":"Feature","properties":{"tier":"arterial"},"geometry":{"type":"LineString","coordinates":[[138.497607,-34.845924],[138.498301,-34.845684],[138.498405,-34.84565],[138.498448,-34.845636],[138.498601,-34.845592],[138.498747,-34.845557],[138.498848,-34.845533],[138.499145,-34.845484],[138.4993,-34.845454]]}},{"type":"Feature","properties":{"tier":"arterial"},"geometry":{"type":"LineString","coordinates":[[138.498448,-34.892193],[138.498562,-34.892187],[138.499341,-34.892148],[138.499813,-34.892124],[138.50002,-34.892114]]}},{"type":"Feature","properties":{"tier":"arterial"},"geometry":{"type":"LineString","coordinates":[[138.495154,-34.893536],[138.496447,-34.892674],[138.496847,-34.89248],[138.497172,-34.892369],[138.497582,-34.892274],[138.497987,-34.892217],[138.498448,-34.892193]]}},{"type":"Feature","properties":{"tier":"regional"},"geometry":{"type":"LineString","coordinates":[[138.491454,-34.882028],[138.49129,-34.882029],[138.491054,-34.882013],[138.490775,-34.881988],[138.49044,-34.881939],[138.490314,-34.881917],[138.490126,-34.881848],[138.489857,-34.881729],[138.489704,-34.881617],[138.489553,-34.881453],[138.489429,-34.881293],[138.489342,-34.881115],[138.489295,-34.880968],[138.489287,-34.880912]]}},{"type":"Feature","properties":{"tier":"regional"},"geometry":{"type":"LineString","coordinates":[[138.491821,-34.876612],[138.49193,-34.876512],[138.491991,-34.876432],[138.492018,-34.876394],[138.492081,-34.876266]]}},{"type":"Feature","properties":{"tier":"arterial"},"geometry":{"type":"LineString","coordinates":[[138.493182,-34.877007],[138.492798,-34.876782],[138.492683,-34.876715],[138.492369,-34.876495],[138.492203,-34.876371]]}},{"type":"Feature","properties":{"tier":"arterial"},"geometry":{"type":"LineString","coordinates":[[138.491725,-34.87596],[138.491179,-34.875462]]}},{"type":"Feature","properties":{"tier":"arterial"},"geometry":{"type":"LineString","coordinates":[[138.491368,-34.875439],[138.49185,-34.875871]]}},{"type":"Feature","properties":{"tier":"arterial"},"geometry":{"type":"LineString","coordinates":[[138.496771,-34.87852],[138.497298,-34.878927],[138.497729,-34.879255],[138.497853,-34.879323],[138.497963,-34.87939],[138.498279,-34.879508],[138.498533,-34.87957],[138.498832,-34.879637],[138.499154,-34.879669]]}},{"type":"Feature","properties":{"tier":"arterial"},"geometry":{"type":"LineString","coordinates":[[138.488792,-34.894515],[138.488854,-34.894478],[138.489003,-34.894473],[138.489121,-34.89445]]}},{"type":"Feature","properties":{"tier":"arterial"},"geometry":{"type":"LineString","coordinates":[[138.488718,-34.894754],[138.488749,-34.894651],[138.488742,-34.894608],[138.488755,-34.894559],[138.488792,-34.894515]]}},{"type":"Feature","properties":{"tier":"arterial"},"geometry":{"type":"LineString","coordinates":[[138.488792,-34.894515],[138.488755,-34.894496],[138.488702,-34.894446],[138.488652,-34.894386]]}},{"type":"Feature","properties":{"tier":"arterial"},"geometry":{"type":"LineString","coordinates":[[138.489149,-34.89455],[138.489029,-34.894589],[138.488941,-34.894642],[138.488846,-34.894794]]}},{"type":"Feature","properties":{"tier":"arterial"},"geometry":{"type":"LineString","coordinates":[[138.488488,-34.893544],[138.488403,-34.893206],[138.488328,-34.892962],[138.488228,-34.892654],[138.488118,-34.892342],[138.487956,-34.891899],[138.487806,-34.891505],[138.487648,-34.891066],[138.487525,-34.890739],[138.487425,-34.890464],[138.487334,-34.89021],[138.487258,-34.88993],[138.487209,-34.889715],[138.48713,-34.889355],[138.487002,-34.888416],[138.486928,-34.887859],[138.486802,-34.886944],[138.48676,-34.886724],[138.486678,-34.886313],[138.486569,-34.885878],[138.486469,-34.88555],[138.486388,-34.885271],[138.48637,-34.885217],[138.485996,-34.884028],[138.485933,-34.883794],[138.485601,-34.882558],[138.485446,-34.881858],[138.485353,-34.881376],[138.485232,-34.880705],[138.485198,-34.880467],[138.485152,-34.880211],[138.485045,-34.879435],[138.485036,-34.879357],[138.485028,-34.879288],[138.485011,-34.879165],[138.484956,-34.878751],[138.484791,-34.877574]]}},{"type":"Feature","properties":{"tier":"arterial"},"geometry":{"type":"LineString","coordinates":[[138.490397,-34.900135],[138.490411,-34.900228],[138.49042,-34.900286],[138.490571,-34.901174],[138.490698,-34.901842],[138.49071,-34.901919],[138.490769,-34.902312],[138.490789,-34.902426]]}},{"type":"Feature","properties":{"tier":"arterial"},"geometry":{"type":"LineString","coordinates":[[138.496612,-34.907221],[138.496948,-34.907174],[138.4971,-34.907167],[138.497896,-34.907125]]}},{"type":"Feature","properties":{"tier":"arterial"},"geometry":{"type":"LineString","coordinates":[[138.482225,-34.844341],[138.482546,-34.844417],[138.482836,-34.844479],[138.482906,-34.844492]]}},{"type":"Feature","properties":{"tier":"arterial"},"geometry":{"type":"LineString","coordinates":[[138.494485,-34.846759],[138.494593,-34.846764],[138.494922,-34.846748],[138.495319,-34.8467],[138.495697,-34.84661],[138.495878,-34.846547]]}},{"type":"Feature","properties":{"tier":"arterial"},"geometry":{"type":"LineString","coordinates":[[138.49405,-34.846792],[138.493649,-34.846718],[138.493261,-34.846629],[138.492906,-34.846529],[138.492768,-34.846491],[138.492507,-34.846423],[138.492163,-34.846331]]}},{"type":"Feature","properties":{"tier":"arterial"},"geometry":{"type":"LineString","coordinates":[[138.499819,-34.845454],[138.499052,-34.845597],[138.498883,-34.845632],[138.498782,-34.845658],[138.498687,-34.845682],[138.498488,-34.845731],[138.498337,-34.845779],[138.498232,-34.845815],[138.497649,-34.846027]]}},{"type":"Feature","properties":{"tier":"regional"},"geometry":{"type":"LineString","coordinates":[[138.491469,-34.846067],[138.491424,-34.846156]]}},{"type":"Feature","properties":{"tier":"regional"},"geometry":{"type":"LineString","coordinates":[[138.491424,-34.846156],[138.491373,-34.846266],[138.491306,-34.846408]]}},{"type":"Feature","properties":{"tier":"arterial"},"geometry":{"type":"LineString","coordinates":[[138.487673,-34.845429],[138.487548,-34.845407],[138.48736,-34.845371]]}},{"type":"Feature","properties":{"tier":"regional"},"geometry":{"type":"LineString","coordinates":[[138.491332,-34.846141],[138.491378,-34.84605]]}},{"type":"Feature","properties":{"tier":"regional"},"geometry":{"type":"LineString","coordinates":[[138.491261,-34.846432],[138.491245,-34.846402]]}},{"type":"Feature","properties":{"tier":"regional"},"geometry":{"type":"LineString","coordinates":[[138.491261,-34.846432],[138.490761,-34.847662],[138.490485,-34.848309],[138.490137,-34.849153],[138.489973,-34.849536],[138.489738,-34.85005],[138.489701,-34.850128],[138.489666,-34.850198],[138.489206,-34.851145]]}},{"type":"Feature","properties":{"tier":"regional"},"geometry":{"type":"LineString","coordinates":[[138.493041,-34.852057],[138.49304,-34.852137],[138.49304,-34.852395],[138.493036,-34.852736],[138.49302,-34.853521],[138.493025,-34.853709],[138.493056,-34.853839],[138.493087,-34.853999],[138.493152,-34.854224],[138.493219,-34.85434],[138.493354,-34.854563],[138.493481,-34.854727],[138.49367,-34.854925],[138.493826,-34.855101]]}},{"type":"Feature","properties":{"tier":"regional"},"geometry":{"type":"LineString","coordinates":[[138.494317,-34.857577],[138.494241,-34.857828],[138.494123,-34.858085],[138.493966,-34.858322],[138.493832,-34.858476],[138.493687,-34.85861],[138.493446,-34.858787],[138.493288,-34.858885],[138.492437,-34.859318]]}},{"type":"Feature","properties":{"tier":"arterial"},"geometry":{"type":"LineString","coordinates":[[138.491179,-34.875462],[138.491124,-34.875413],[138.490266,-34.874667]]}},{"type":"Feature","properties":{"tier":"arterial"},"geometry":{"type":"LineString","coordinates":[[138.486231,-34.871659],[138.485902,-34.871558],[138.485798,-34.871532],[138.485463,-34.871459]]}},{"type":"Feature","properties":{"tier":"arterial"},"geometry":{"type":"LineString","coordinates":[[138.482108,-34.87135],[138.482191,-34.871537],[138.482214,-34.871588],[138.482248,-34.871652]]}},{"type":"Feature","properties":{"tier":"arterial"},"geometry":{"type":"LineString","coordinates":[[138.48232,-34.871809],[138.483219,-34.873468],[138.483665,-34.874319],[138.483709,-34.874403],[138.484256,-34.875448],[138.484341,-34.875606],[138.484461,-34.87583],[138.484591,-34.876193],[138.484738,-34.876614],[138.4848,-34.876849],[138.484848,-34.877091],[138.484924,-34.877563]]}},{"type":"Feature","properties":{"tier":"arterial"},"geometry":{"type":"LineString","coordinates":[[138.484924,-34.877563],[138.485102,-34.878752],[138.485224,-34.879687],[138.48535,-34.880558],[138.485364,-34.880689],[138.485596,-34.881823],[138.485843,-34.883027],[138.486115,-34.88401],[138.486507,-34.885243],[138.486584,-34.885503],[138.486667,-34.885778],[138.48672,-34.885955],[138.4868,-34.886291],[138.486861,-34.886584],[138.486889,-34.88672],[138.486929,-34.886945],[138.487039,-34.887767],[138.48708,-34.888062],[138.487141,-34.888497],[138.487244,-34.88928],[138.487256,-34.889338],[138.487328,-34.889682],[138.487385,-34.88993],[138.487434,-34.890097],[138.487476,-34.890229],[138.487547,-34.890438],[138.487637,-34.890697],[138.487688,-34.890831],[138.487765,-34.891033],[138.487917,-34.891446],[138.488071,-34.891879],[138.488167,-34.892128]]}},{"type":"Feature","properties":{"tier":"arterial"},"geometry":{"type":"LineString","coordinates":[[138.488749,-34.894253],[138.488854,-34.894355],[138.488913,-34.894403],[138.488993,-34.894432],[138.489121,-34.89445]]}},{"type":"Feature","properties":{"tier":"arterial"},"geometry":{"type":"LineString","coordinates":[[138.48713,-34.889355],[138.487256,-34.889338]]}},{"type":"Feature","properties":{"tier":"arterial"},"geometry":{"type":"LineString","coordinates":[[138.484791,-34.877574],[138.484711,-34.877117],[138.48465,-34.876863],[138.484591,-34.876635],[138.484518,-34.876427],[138.484453,-34.876239],[138.484293,-34.875898],[138.484263,-34.875839],[138.484189,-34.875694],[138.484112,-34.875544],[138.483894,-34.875138],[138.483554,-34.87448],[138.483508,-34.874375],[138.483094,-34.87359],[138.482484,-34.872411],[138.482173,-34.871779],[138.482163,-34.871758],[138.482107,-34.871639]]}},{"type":"Feature","properties":{"tier":"arterial"},"geometry":{"type":"LineString","coordinates":[[138.496226,-34.925491],[138.496412,-34.925544],[138.496544,-34.925571],[138.49684,-34.925565],[138.497022,-34.925561],[138.497066,-34.925558],[138.4971,-34.925556],[138.497155,-34.925537]]}},{"type":"Feature","properties":{"tier":"arterial"},"geometry":{"type":"LineString","coordinates":[[138.49821,-34.92554],[138.498168,-34.925542],[138.497976,-34.92555],[138.497663,-34.925566]]}},{"type":"Feature","properties":{"tier":"arterial"},"geometry":{"type":"LineString","coordinates":[[138.496053,-34.925622],[138.496024,-34.925607]]}},{"type":"Feature","properties":{"tier":"arterial"},"geometry":{"type":"LineString","coordinates":[[138.496053,-34.925846],[138.496032,-34.925777],[138.496022,-34.925723],[138.49602,-34.925715],[138.496024,-34.925665],[138.496053,-34.925622]]}},{"type":"Feature","properties":{"tier":"arterial"},"geometry":{"type":"LineString","coordinates":[[138.499001,-34.93488],[138.49913,-34.935277]]}},{"type":"Feature","properties":{"tier":"arterial"},"geometry":{"type":"LineString","coordinates":[[138.49913,-34.935277],[138.499177,-34.935421],[138.499359,-34.936001],[138.499818,-34.937418],[138.499848,-34.937509]]}},{"type":"Feature","properties":{"tier":"arterial"},"geometry":{"type":"LineString","coordinates":[[138.50002,-34.938158],[138.500009,-34.938157],[138.499974,-34.938147],[138.499944,-34.938128],[138.499924,-34.938103],[138.499914,-34.938073],[138.499917,-34.938043],[138.499931,-34.938014],[138.499956,-34.937991],[138.499982,-34.937978],[138.500011,-34.937971],[138.50002,-34.937971]]}},{"type":"Feature","properties":{"tier":"arterial"},"geometry":{"type":"LineString","coordinates":[[138.498323,-34.839871],[138.498138,-34.839948],[138.497866,-34.840063],[138.497654,-34.840125],[138.497455,-34.840157],[138.497321,-34.840176],[138.496807,-34.840247]]}},{"type":"Feature","properties":{"tier":"arterial"},"geometry":{"type":"LineString","coordinates":[[138.492607,-34.840597],[138.492554,-34.840578],[138.492399,-34.840542]]}},{"type":"Feature","properties":{"tier":"arterial"},"geometry":{"type":"LineString","coordinates":[[138.493044,-34.840682],[138.492812,-34.840689],[138.492798,-34.840696],[138.492753,-34.840727],[138.492727,-34.840765],[138.492714,-34.840795],[138.492689,-34.840852],[138.492669,-34.840912]]}},{"type":"Feature","properties":{"tier":"arterial"},"geometry":{"type":"LineString","coordinates":[[138.495097,-34.812146],[138.495612,-34.812152],[138.495685,-34.812153],[138.495796,-34.812154],[138.496329,-34.812159],[138.496537,-34.812162],[138.496812,-34.812165],[138.496927,-34.812166],[138.498174,-34.812179],[138.498324,-34.812181],[138.498732,-34.812185],[138.498869,-34.812187],[138.498948,-34.812188],[138.499001,-34.812188],[138.499076,-34.812189],[138.499145,-34.81219],[138.499299,-34.812191],[138.50002,-34.812199]]}},{"type":"Feature","properties":{"tier":"regional"},"geometry":{"type":"LineString","coordinates":[[138.496669,-34.804314],[138.496737,-34.804314],[138.497171,-34.804315],[138.498758,-34.80432],[138.49882,-34.80432],[138.498863,-34.80432],[138.498976,-34.804321],[138.499055,-34.804321],[138.499094,-34.804321],[138.499161,-34.804321],[138.499235,-34.804321],[138.50002,-34.804324]]}},{"type":"Feature","properties":{"tier":"regional"},"geometry":{"type":"LineString","coordinates":[[138.498204,-34.83927],[138.498127,-34.838911],[138.498018,-34.8384],[138.498008,-34.838364],[138.497989,-34.838284]]}},{"type":"Feature","properties":{"tier":"regional"},"geometry":{"type":"LineString","coordinates":[[138.483994,-34.8294],[138.483979,-34.82938],[138.483973,-34.829358],[138.483977,-34.829335],[138.48399,-34.829314],[138.484011,-34.829298],[138.484037,-34.829289],[138.484065,-34.829288],[138.484093,-34.829295],[138.484113,-34.829307],[138.484128,-34.829324],[138.484137,-34.829344],[138.484137,-34.829365],[138.484129,-34.829386],[138.484114,-34.829403],[138.484092,-34.829416],[138.484067,-34.829422],[138.484041,-34.829422],[138.484016,-34.829415],[138.483994,-34.8294]]}},{"type":"Feature","properties":{"tier":"regional"},"geometry":{"type":"LineString","coordinates":[[138.496085,-34.829741],[138.496076,-34.82973],[138.496069,-34.829715],[138.496066,-34.829687],[138.496069,-34.829678]]}},{"type":"Feature","properties":{"tier":"arterial"},"geometry":{"type":"LineString","coordinates":[[138.492653,-34.840478],[138.492695,-34.840487],[138.492927,-34.840532]]}},{"type":"Feature","properties":{"tier":"arterial"},"geometry":{"type":"LineString","coordinates":[[138.495918,-34.846621],[138.495716,-34.846687],[138.49534,-34.846773],[138.494954,-34.846828],[138.494491,-34.846838]]}},{"type":"Feature","properties":{"tier":"regional"},"geometry":{"type":"LineString","coordinates":[[138.48821,-34.834752],[138.488206,-34.834789],[138.48819,-34.834814],[138.488163,-34.834834],[138.488118,-34.834846],[138.488067,-34.834839],[138.48803,-34.834815],[138.488016,-34.834796],[138.488008,-34.834774],[138.488008,-34.834753],[138.488011,-34.834739],[138.488023,-34.834718],[138.488052,-34.834693],[138.488087,-34.834681],[138.488129,-34.83468],[138.488158,-34.834689],[138.488177,-34.8347],[138.488198,-34.834722],[138.48821,-34.834752]]}},{"type":"Feature","properties":{"tier":"arterial"},"geometry":{"type":"LineString","coordinates":[[138.499328,-34.879829],[138.49908,-34.879821],[138.498806,-34.879789],[138.49849,-34.879727],[138.498292,-34.879682],[138.49803,-34.87959],[138.497994,-34.879573],[138.497935,-34.879543],[138.497858,-34.879507],[138.497765,-34.879463],[138.49773,-34.879447],[138.497687,-34.87942],[138.497418,-34.879251]]}},{"type":"Feature","properties":{"tier":"regional"},"geometry":{"type":"LineString","coordinates":[[138.50002,-34.914785],[138.499934,-34.91453],[138.499885,-34.914363],[138.499718,-34.913837]]}},{"type":"Feature","properties":{"tier":"regional"},"geometry":{"type":"LineString","coordinates":[[138.499605,-34.913306],[138.49954,-34.91276],[138.499426,-34.911704],[138.499342,-34.910927],[138.499276,-34.910314],[138.499223,-34.909884],[138.499191,-34.909583],[138.499138,-34.909084],[138.499127,-34.908981],[138.499077,-34.90851],[138.499032,-34.908084],[138.49899,-34.907666],[138.498967,-34.907429]]}},{"type":"Feature","properties":{"tier":"arterial"},"geometry":{"type":"LineString","coordinates":[[138.491607,-34.84036],[138.491476,-34.840303]]}},{"type":"Feature","properties":{"tier":"regional"},"geometry":{"type":"LineString","coordinates":[[138.490771,-34.866147],[138.490858,-34.866171],[138.49119,-34.866264],[138.491389,-34.866307],[138.49165,-34.866337],[138.491901,-34.866338],[138.492143,-34.866326],[138.492434,-34.866279],[138.492835,-34.866166],[138.493172,-34.866009],[138.493399,-34.865863],[138.493665,-34.865639],[138.493939,-34.865288],[138.494364,-34.864423],[138.494621,-34.864083],[138.494846,-34.863824],[138.495029,-34.863639],[138.495254,-34.86344],[138.495806,-34.863018],[138.496019,-34.862859],[138.496227,-34.86265],[138.496306,-34.862529],[138.496422,-34.862282],[138.496638,-34.861501],[138.496629,-34.861205],[138.496569,-34.86098],[138.49647,-34.86069]]}},{"type":"Feature","properties":{"tier":"regional"},"geometry":{"type":"LineString","coordinates":[[138.493412,-34.860979],[138.493088,-34.861179],[138.492783,-34.861445],[138.492736,-34.861491],[138.49257,-34.861677],[138.492456,-34.861835],[138.492333,-34.862057],[138.492272,-34.862201],[138.492221,-34.86235],[138.492098,-34.86294],[138.491996,-34.863434],[138.491887,-34.863817],[138.491847,-34.863921],[138.491632,-34.864483],[138.491482,-34.864828],[138.49132,-34.865167],[138.491228,-34.865331],[138.490771,-34.866147]]}},{"type":"Feature","properties":{"tier":"regional"},"geometry":{"type":"LineString","coordinates":[[138.490771,-34.866147],[138.4907,-34.866322],[138.490626,-34.866581],[138.490581,-34.866803],[138.490551,-34.867021],[138.490536,-34.867217],[138.490538,-34.867469],[138.490561,-34.867713],[138.490609,-34.867979],[138.490702,-34.868321],[138.490844,-34.868656],[138.490886,-34.868741],[138.491296,-34.869442],[138.491372,-34.869571],[138.491592,-34.869923],[138.491709,-34.870142],[138.491788,-34.870287],[138.491937,-34.870632],[138.492055,-34.870956],[138.492212,-34.871553],[138.492253,-34.871713],[138.4923,-34.872061],[138.492317,-34.872421],[138.492296,-34.872618],[138.49225,-34.872821],[138.492146,-34.873057],[138.492,-34.873288],[138.491871,-34.873446],[138.491707,-34.873598],[138.491574,-34.873699],[138.491125,-34.874013],[138.490422,-34.874568],[138.490379,-34.874595]]}},{"type":"Feature","properties":{"tier":"regional"},"geometry":{"type":"LineString","coordinates":[[138.490844,-34.868656],[138.490743,-34.868698],[138.490194,-34.868925],[138.489936,-34.869058],[138.489609,-34.869272],[138.489425,-34.869428],[138.489226,-34.869615],[138.48907,-34.869807],[138.488883,-34.870063],[138.48878,-34.870282],[138.488616,-34.870704],[138.488405,-34.871421],[138.488329,-34.871533],[138.488178,-34.871755],[138.488077,-34.871902],[138.487725,-34.872238],[138.487695,-34.872267],[138.487592,-34.872354]]}},{"type":"Feature","properties":{"tier":"regional"},"geometry":{"type":"LineString","coordinates":[[138.489793,-34.897585],[138.489904,-34.897542],[138.489963,-34.897518],[138.490235,-34.897421],[138.490359,-34.897393],[138.490473,-34.897388],[138.491091,-34.897371],[138.49135,-34.897363],[138.491887,-34.897345],[138.492087,-34.89734],[138.492233,-34.897334],[138.492289,-34.897331],[138.492892,-34.897309],[138.492959,-34.897307],[138.493138,-34.897301],[138.493422,-34.897278],[138.493525,-34.897246],[138.493613,-34.89721],[138.493692,-34.897167],[138.493731,-34.897144],[138.493783,-34.897108],[138.493951,-34.896932]]}},{"type":"Feature","properties":{"tier":"regional"},"geometry":{"type":"LineString","coordinates":[[138.496272,-34.860408],[138.496378,-34.860475],[138.496411,-34.860519],[138.496457,-34.86058],[138.49647,-34.86069]]}},{"type":"Feature","properties":{"tier":"regional"},"geometry":{"type":"LineString","coordinates":[[138.498398,-34.902062],[138.498618,-34.902055]]}},{"type":"Feature","properties":{"tier":"regional"},"geometry":{"type":"LineString","coordinates":[[138.498618,-34.902055],[138.498774,-34.902046],[138.499099,-34.902031],[138.499758,-34.901997],[138.50002,-34.901985]]}},{"type":"Feature","properties":{"tier":"arterial"},"geometry":{"type":"LineString","coordinates":[[138.492569,-34.840923],[138.492591,-34.840866],[138.492595,-34.840698],[138.492602,-34.84063],[138.492607,-34.840597]]}},{"type":"Feature","properties":{"tier":"arterial"},"geometry":{"type":"LineString","coordinates":[[138.492653,-34.840478],[138.492658,-34.840609]]}},{"type":"Feature","properties":{"tier":"regional"},"geometry":{"type":"LineString","coordinates":[[138.491226,-34.79246],[138.491324,-34.792411],[138.491649,-34.792414]]}},{"type":"Feature","properties":{"tier":"regional"},"geometry":{"type":"LineString","coordinates":[[138.498007,-34.792379],[138.498119,-34.792445]]}},{"type":"Feature","properties":{"tier":"regional"},"geometry":{"type":"LineString","coordinates":[[138.498119,-34.792445],[138.498222,-34.792339]]}},{"type":"Feature","properties":{"tier":"regional"},"geometry":{"type":"LineString","coordinates":[[138.497114,-34.792509],[138.496929,-34.792564],[138.496874,-34.79258],[138.496847,-34.792599],[138.4968,-34.792631],[138.496768,-34.792669],[138.496714,-34.792824]]}},{"type":"Feature","properties":{"tier":"regional"},"geometry":{"type":"LineString","coordinates":[[138.496623,-34.792818],[138.496592,-34.792682],[138.49658,-34.792628],[138.496558,-34.79258],[138.496533,-34.792542],[138.496476,-34.792508]]}},{"type":"Feature","properties":{"tier":"regional"},"geometry":{"type":"LineString","coordinates":[[138.489084,-34.839341],[138.489148,-34.839447],[138.489171,-34.839589],[138.48916,-34.839685],[138.489157,-34.839712],[138.489146,-34.839717],[138.489133,-34.839737],[138.489074,-34.839794]]}},{"type":"Feature","properties":{"tier":"regional"},"geometry":{"type":"LineString","coordinates":[[138.489084,-34.839341],[138.489037,-34.839089],[138.488977,-34.838804],[138.488923,-34.838528],[138.488745,-34.837619],[138.488523,-34.836591],[138.488486,-34.836442],[138.488343,-34.835774],[138.488326,-34.835696],[138.488165,-34.835014]]}},{"type":"Feature","properties":{"tier":"arterial"},"geometry":{"type":"LineString","coordinates":[[138.491668,-34.840279],[138.492043,-34.840361],[138.492589,-34.840466],[138.492653,-34.840478]]}},{"type":"Feature","properties":{"tier":"arterial"},"geometry":{"type":"LineString","coordinates":[[138.484663,-34.83907],[138.48466,-34.839024],[138.484658,-34.838987]]}},{"type":"Feature","properties":{"tier":"arterial"},"geometry":{"type":"LineString","coordinates":[[138.480747,-34.838369],[138.480783,-34.838254]]}},{"type":"Feature","properties":{"tier":"regional"},"geometry":{"type":"LineString","coordinates":[[138.480455,-34.837816],[138.480598,-34.837504],[138.480633,-34.837427],[138.480672,-34.837299],[138.480858,-34.83683],[138.480951,-34.83661],[138.480982,-34.836531]]}},{"type":"Feature","properties":{"tier":"regional"},"geometry":{"type":"LineString","coordinates":[[138.480455,-34.837816],[138.480486,-34.837896],[138.480428,-34.838048],[138.480419,-34.83807],[138.480379,-34.838176]]}},{"type":"Feature","properties":{"tier":"regional"},"geometry":{"type":"LineString","coordinates":[[138.480049,-34.838887],[138.480037,-34.838826],[138.480167,-34.838421],[138.480177,-34.83839]]}},{"type":"Feature","properties":{"tier":"arterial"},"geometry":{"type":"LineString","coordinates":[[138.483269,-34.838716],[138.48329,-34.838746],[138.483297,-34.838774],[138.483284,-34.838802],[138.483256,-34.838828]]}},{"type":"Feature","properties":{"tier":"arterial"},"geometry":{"type":"LineString","coordinates":[[138.480325,-34.83829],[138.480248,-34.838212]]}},{"type":"Feature","properties":{"tier":"arterial"},"geometry":{"type":"LineString","coordinates":[[138.480248,-34.838212],[138.480379,-34.838176]]}},{"type":"Feature","properties":{"tier":"arterial"},"geometry":{"type":"LineString","coordinates":[[138.483746,-34.839458],[138.48375,-34.839361],[138.483871,-34.839066],[138.483883,-34.839037],[138.483892,-34.839019],[138.483927,-34.838943],[138.483956,-34.838877]]}},{"type":"Feature","properties":{"tier":"arterial"},"geometry":{"type":"LineString","coordinates":[[138.484033,-34.838889],[138.484004,-34.838959],[138.483973,-34.839036],[138.483965,-34.839055],[138.483811,-34.839406],[138.483746,-34.839458]]}},{"type":"Feature","properties":{"tier":"arterial"},"geometry":{"type":"LineString","coordinates":[[138.483746,-34.839458],[138.483603,-34.839828],[138.483382,-34.840379],[138.483132,-34.841029],[138.483038,-34.841264],[138.482847,-34.841754],[138.482792,-34.841885],[138.482516,-34.842595],[138.482162,-34.843474]]}},{"type":"Feature","properties":{"tier":"arterial"},"geometry":{"type":"LineString","coordinates":[[138.484004,-34.838959],[138.483927,-34.838943],[138.48383,-34.838914]]}},{"type":"Feature","properties":{"tier":"arterial"},"geometry":{"type":"LineString","coordinates":[[138.484033,-34.838889],[138.484106,-34.838901],[138.484658,-34.838987],[138.484723,-34.838997]]}},{"type":"Feature","properties":{"tier":"regional"},"geometry":{"type":"LineString","coordinates":[[138.491569,-34.882045],[138.491559,-34.882058],[138.491546,-34.882068],[138.491528,-34.882074],[138.49151,-34.882076],[138.491493,-34.882073],[138.491477,-34.882066],[138.491465,-34.882055],[138.491457,-34.882043],[138.491454,-34.882028],[138.491456,-34.882013],[138.491465,-34.881999],[138.491478,-34.881988],[138.491494,-34.881981],[138.491514,-34.881978],[138.491534,-34.881981],[138.491551,-34.881989],[138.491564,-34.882001],[138.491571,-34.882015],[138.491573,-34.88203],[138.491569,-34.882045]]}},{"type":"Feature","properties":{"tier":"arterial"},"geometry":{"type":"LineString","coordinates":[[138.492922,-34.894324],[138.492852,-34.894394],[138.492785,-34.894425]]}},{"type":"Feature","properties":{"tier":"arterial"},"geometry":{"type":"LineString","coordinates":[[138.490266,-34.874667],[138.490379,-34.874595]]}},{"type":"Feature","properties":{"tier":"regional"},"geometry":{"type":"LineString","coordinates":[[138.496287,-34.860514],[138.496183,-34.860465],[138.49603,-34.86045],[138.495897,-34.860448]]}},{"type":"Feature","properties":{"tier":"regional"},"geometry":{"type":"LineString","coordinates":[[138.493412,-34.860979],[138.49378,-34.86082],[138.494016,-34.860756],[138.494282,-34.860706],[138.494778,-34.860658],[138.495281,-34.860588]]}},{"type":"Feature","properties":{"tier":"regional"},"geometry":{"type":"LineString","coordinates":[[138.495897,-34.860448],[138.495992,-34.860395],[138.496142,-34.860381],[138.496272,-34.860408]]}},{"type":"Feature","properties":{"tier":"regional"},"geometry":{"type":"LineString","coordinates":[[138.493904,-34.855189],[138.493986,-34.855303],[138.494105,-34.855499],[138.494212,-34.855677],[138.494272,-34.855846],[138.494326,-34.855989],[138.494343,-34.856076],[138.494364,-34.856225],[138.494368,-34.856544],[138.494366,-34.856646],[138.494358,-34.857094],[138.494346,-34.857363],[138.494345,-34.857385],[138.494317,-34.857577]]}},{"type":"Feature","properties":{"tier":"regional"},"geometry":{"type":"LineString","coordinates":[[138.493826,-34.855101],[138.493904,-34.855189]]}},{"type":"Feature","properties":{"tier":"regional"},"geometry":{"type":"LineString","coordinates":[[138.495415,-34.772351],[138.495155,-34.772449],[138.494754,-34.77272],[138.494177,-34.77311],[138.493846,-34.773334],[138.493577,-34.773516],[138.492447,-34.774281],[138.491783,-34.77473],[138.490804,-34.776133],[138.490035,-34.777234],[138.489957,-34.777343]]}},{"type":"Feature","properties":{"tier":"regional"},"geometry":{"type":"LineString","coordinates":[[138.496995,-34.916681],[138.497017,-34.917034],[138.497053,-34.917496],[138.497064,-34.917651],[138.497089,-34.917985],[138.497125,-34.918451],[138.497141,-34.918653],[138.497162,-34.918935],[138.497201,-34.919436],[138.49721,-34.919555],[138.497246,-34.920034],[138.49727,-34.920344],[138.497278,-34.920443],[138.497299,-34.920724],[138.49731,-34.920864],[138.497342,-34.921281],[138.49741,-34.922072],[138.497414,-34.922117]]}},{"type":"Feature","properties":{"tier":"regional"},"geometry":{"type":"LineString","coordinates":[[138.497426,-34.922272],[138.497547,-34.923861],[138.497653,-34.925452],[138.497658,-34.92552]]}},{"type":"Feature","properties":{"tier":"regional"},"geometry":{"type":"LineString","coordinates":[[138.479363,-34.840765],[138.47938,-34.840717],[138.479453,-34.840511],[138.479534,-34.840286],[138.479603,-34.840095],[138.479635,-34.839999],[138.479802,-34.839509],[138.479838,-34.839405],[138.479878,-34.839308],[138.480049,-34.838887]]}},{"type":"Feature","properties":{"tier":"regional"},"geometry":{"type":"LineString","coordinates":[[138.478569,-34.843402],[138.478578,-34.843347],[138.478591,-34.843258],[138.478621,-34.843093],[138.478725,-34.842757],[138.479012,-34.841806],[138.479044,-34.841722],[138.47908,-34.841612],[138.479298,-34.840954],[138.47932,-34.840888]]}},{"type":"Feature","properties":{"tier":"regional"},"geometry":{"type":"LineString","coordinates":[[138.496372,-34.907643],[138.49638,-34.907765],[138.496476,-34.909203],[138.496543,-34.910158]]}},{"type":"Feature","properties":{"tier":"regional"},"geometry":{"type":"LineString","coordinates":[[138.480262,-34.83841],[138.480096,-34.83884],[138.480049,-34.838887]]}},{"type":"Feature","properties":{"tier":"regional"},"geometry":{"type":"LineString","coordinates":[[138.496568,-34.910572],[138.496573,-34.910638],[138.4966,-34.911067],[138.496636,-34.911591],[138.49667,-34.912127],[138.496705,-34.912639],[138.496739,-34.913165]]}},{"type":"Feature","properties":{"tier":"arterial"},"geometry":{"type":"LineString","coordinates":[[138.481486,-34.838382],[138.48178,-34.838438],[138.482233,-34.838525],[138.48264,-34.838602],[138.482769,-34.838626],[138.48322,-34.838707],[138.483269,-34.838716],[138.483434,-34.838782],[138.483815,-34.838852],[138.483845,-34.838859],[138.483956,-34.838877]]}},{"type":"Feature","properties":{"tier":"arterial"},"geometry":{"type":"LineString","coordinates":[[138.480557,-34.838208],[138.480783,-34.838254]]}},{"type":"Feature","properties":{"tier":"arterial"},"geometry":{"type":"LineString","coordinates":[[138.494582,-34.851858],[138.494879,-34.851889],[138.494998,-34.851904]]}},{"type":"Feature","properties":{"tier":"regional"},"geometry":{"type":"LineString","coordinates":[[138.480316,-34.83805],[138.480404,-34.837867],[138.480455,-34.837816]]}},{"type":"Feature","properties":{"tier":"arterial"},"geometry":{"type":"LineString","coordinates":[[138.48383,-34.838914],[138.483597,-34.838872],[138.483391,-34.838835],[138.483256,-34.838828],[138.483186,-34.838815],[138.48274,-34.838737],[138.482206,-34.838634],[138.481905,-34.838581],[138.481752,-34.838552],[138.481473,-34.838502],[138.480747,-34.838369]]}},{"type":"Feature","properties":{"tier":"regional"},"geometry":{"type":"LineString","coordinates":[[138.496793,-34.913986],[138.496817,-34.914256],[138.496845,-34.914675],[138.49688,-34.915119],[138.496886,-34.915213],[138.496916,-34.915543],[138.496945,-34.915991],[138.496967,-34.916285]]}},{"type":"Feature","properties":{"tier":"regional"},"geometry":{"type":"LineString","coordinates":[[138.499325,-34.913616],[138.498906,-34.913635],[138.498689,-34.913644],[138.49847,-34.913654],[138.498169,-34.913667],[138.497935,-34.913678],[138.497089,-34.913715]]}},{"type":"Feature","properties":{"tier":"arterial"},"geometry":{"type":"LineString","coordinates":[[138.480747,-34.838369],[138.480439,-34.838319],[138.480416,-34.838315],[138.480325,-34.83829]]}},{"type":"Feature","properties":{"tier":"regional"},"geometry":{"type":"LineString","coordinates":[[138.480177,-34.83839],[138.480248,-34.838212]]}},{"type":"Feature","properties":{"tier":"arterial"},"geometry":{"type":"LineString","coordinates":[[138.491476,-34.840303],[138.491077,-34.840237]]}},{"type":"Feature","properties":{"tier":"arterial"},"geometry":{"type":"LineString","coordinates":[[138.484723,-34.838997],[138.485151,-34.839083],[138.485293,-34.839109]]}},{"type":"Feature","properties":{"tier":"arterial"},"geometry":{"type":"LineString","coordinates":[[138.480147,-34.850495],[138.47993,-34.850485],[138.479793,-34.850482],[138.479591,-34.850484]]}},{"type":"Feature","properties":{"tier":"regional"},"geometry":{"type":"LineString","coordinates":[[138.499949,-34.913581],[138.50002,-34.913577]]}},{"type":"Feature","properties":{"tier":"regional"},"geometry":{"type":"LineString","coordinates":[[138.478522,-34.843677],[138.478538,-34.843616],[138.478547,-34.843571]]}},{"type":"Feature","properties":{"tier":"arterial"},"geometry":{"type":"LineString","coordinates":[[138.491393,-34.840218],[138.49149,-34.840239],[138.491668,-34.840279]]}},{"type":"Feature","properties":{"tier":"regional"},"geometry":{"type":"LineString","coordinates":[[138.491216,-34.812326],[138.491204,-34.812474],[138.491192,-34.812728],[138.491185,-34.813223],[138.491182,-34.813296],[138.491168,-34.813378],[138.491107,-34.813727],[138.491033,-34.814141],[138.491017,-34.814228],[138.491003,-34.814305],[138.490874,-34.815013],[138.490856,-34.815112],[138.490833,-34.815223],[138.490759,-34.815561],[138.490706,-34.815919],[138.490693,-34.815988],[138.490675,-34.816074],[138.490637,-34.81626],[138.490554,-34.816624],[138.490421,-34.817213],[138.490397,-34.81732],[138.490377,-34.817402],[138.490313,-34.817668],[138.490275,-34.817764],[138.49024,-34.817856],[138.489967,-34.818562],[138.489933,-34.818645],[138.489902,-34.818722],[138.489599,-34.819491],[138.489283,-34.820288],[138.48925,-34.820369],[138.489214,-34.820468],[138.488902,-34.821118],[138.488859,-34.821214],[138.488798,-34.821335],[138.488471,-34.821931],[138.488405,-34.822051],[138.488356,-34.822133],[138.488215,-34.822366],[138.487989,-34.822738],[138.487911,-34.822868],[138.487858,-34.822957],[138.487618,-34.823367],[138.487526,-34.823533],[138.487434,-34.823683],[138.487395,-34.823751],[138.487032,-34.824379],[138.486997,-34.824436]]}},{"type":"Feature","properties":{"tier":"regional"},"geometry":{"type":"LineString","coordinates":[[138.496495,-34.806508],[138.496497,-34.805722],[138.4965,-34.804752]]}},{"type":"Feature","properties":{"tier":"regional"},"geometry":{"type":"LineString","coordinates":[[138.4965,-34.804752],[138.496502,-34.804459],[138.496502,-34.804389]]}},{"type":"Feature","properties":{"tier":"regional"},"geometry":{"type":"LineString","coordinates":[[138.496714,-34.792824],[138.496712,-34.793687],[138.496712,-34.793774],[138.496703,-34.794286],[138.496716,-34.79485],[138.496717,-34.794877],[138.496694,-34.795663],[138.496686,-34.796239],[138.496684,-34.796307],[138.496683,-34.796373],[138.496669,-34.797345],[138.496665,-34.797941],[138.496663,-34.798197],[138.496658,-34.798824],[138.49665,-34.799941],[138.496661,-34.800331],[138.49672,-34.800672],[138.496735,-34.800952],[138.49674,-34.801065],[138.496732,-34.801189],[138.496723,-34.801324],[138.496708,-34.801573],[138.496644,-34.80195],[138.496651,-34.802771],[138.496658,-34.803533],[138.496648,-34.803763],[138.496638,-34.804]]}},{"type":"Feature","properties":{"tier":"regional"},"geometry":{"type":"LineString","coordinates":[[138.50002,-34.791858],[138.499724,-34.791927],[138.499298,-34.792089],[138.499214,-34.792121],[138.499123,-34.792154],[138.49903,-34.792188]]}},{"type":"Feature","properties":{"tier":"regional"},"geometry":{"type":"LineString","coordinates":[[138.49161,-34.792516],[138.491346,-34.792509],[138.491226,-34.79246]]}},{"type":"Feature","properties":{"tier":"arterial"},"geometry":{"type":"LineString","coordinates":[[138.491492,-34.805181],[138.491427,-34.805914],[138.491405,-34.806153],[138.491368,-34.806538],[138.491341,-34.807038],[138.491334,-34.807512],[138.491317,-34.807838],[138.491296,-34.808605],[138.491327,-34.8088],[138.491342,-34.808897],[138.49136,-34.809002],[138.491371,-34.809078],[138.491396,-34.809237],[138.491391,-34.809565],[138.491329,-34.810601],[138.491319,-34.810757],[138.491275,-34.811287],[138.491243,-34.811856],[138.491239,-34.811923],[138.491228,-34.812194],[138.491216,-34.812326]]}},{"type":"Feature","properties":{"tier":"regional"},"geometry":{"type":"LineString","coordinates":[[138.491649,-34.792414],[138.491759,-34.792415],[138.49317,-34.792421],[138.493201,-34.792421],[138.495421,-34.792423],[138.495955,-34.792431],[138.496518,-34.792441],[138.496819,-34.792438],[138.496901,-34.792438],[138.497307,-34.792434],[138.497658,-34.792419],[138.498007,-34.792379],[138.498222,-34.792339],[138.498439,-34.792286],[138.498557,-34.792258],[138.498895,-34.792154],[138.49899,-34.792117],[138.499125,-34.792068],[138.499214,-34.792035],[138.499678,-34.791868],[138.499938,-34.791786],[138.500003,-34.791771],[138.50002,-34.791767]]}},{"type":"Feature","properties":{"tier":"regional"},"geometry":{"type":"LineString","coordinates":[[138.496638,-34.804],[138.496613,-34.804153],[138.4966,-34.804235]]}},{"type":"Feature","properties":{"tier":"regional"},"geometry":{"type":"LineString","coordinates":[[138.496537,-34.812162],[138.496538,-34.812114],[138.49654,-34.811955],[138.496541,-34.811894],[138.496545,-34.811555],[138.496546,-34.811492],[138.496557,-34.810767],[138.496567,-34.809902],[138.496583,-34.809306],[138.496595,-34.809167],[138.496596,-34.809142],[138.4966,-34.809031],[138.496604,-34.808626],[138.496613,-34.807541],[138.496606,-34.807002]]}},{"type":"Feature","properties":{"tier":"regional"},"geometry":{"type":"LineString","coordinates":[[138.496643,-34.806503],[138.496652,-34.806681],[138.496635,-34.806888],[138.496606,-34.807002]]}},{"type":"Feature","properties":{"tier":"regional"},"geometry":{"type":"LineString","coordinates":[[138.496623,-34.792818],[138.496627,-34.792676],[138.496628,-34.792595],[138.496669,-34.792509]]}},{"type":"Feature","properties":{"tier":"regional"},"geometry":{"type":"LineString","coordinates":[[138.496498,-34.804249],[138.496506,-34.804152],[138.496524,-34.803944],[138.496525,-34.803806],[138.496531,-34.802771],[138.496536,-34.801896],[138.496602,-34.801651],[138.496645,-34.80145],[138.496652,-34.801187],[138.496655,-34.801065],[138.496651,-34.800953],[138.496646,-34.800777],[138.496627,-34.800651],[138.496532,-34.80031],[138.496532,-34.800289],[138.496546,-34.798824],[138.496549,-34.798425],[138.496551,-34.797941],[138.496553,-34.797287],[138.496602,-34.796373],[138.496604,-34.796341],[138.496604,-34.796306],[138.496606,-34.796238],[138.49662,-34.795687],[138.496524,-34.79505],[138.496592,-34.794381],[138.496604,-34.794268],[138.49659,-34.793684],[138.496623,-34.792818]]}},{"type":"Feature","properties":{"tier":"regional"},"geometry":{"type":"LineString","coordinates":[[138.496593,-34.804401],[138.496609,-34.80446],[138.496657,-34.804639],[138.496655,-34.804837],[138.496649,-34.805723],[138.496645,-34.806169],[138.496643,-34.806503]]}},{"type":"Feature","properties":{"tier":"regional"},"geometry":{"type":"LineString","coordinates":[[138.492687,-34.842771],[138.492438,-34.843427],[138.492228,-34.844001],[138.492131,-34.844266],[138.492037,-34.844512],[138.491895,-34.844862],[138.491668,-34.845429],[138.491519,-34.845815]]}},{"type":"Feature","properties":{"tier":"regional"},"geometry":{"type":"LineString","coordinates":[[138.491569,-34.804306],[138.492473,-34.804307],[138.493876,-34.80431],[138.494375,-34.80431],[138.494916,-34.804312],[138.495456,-34.804313],[138.496377,-34.804314],[138.496457,-34.804314]]}},{"type":"Feature","properties":{"tier":"regional"},"geometry":{"type":"LineString","coordinates":[[138.489206,-34.851145],[138.489136,-34.851292],[138.489131,-34.851304],[138.489113,-34.851344]]}},{"type":"Feature","properties":{"tier":"regional"},"geometry":{"type":"LineString","coordinates":[[138.478657,-34.843505],[138.478693,-34.843514],[138.479221,-34.843652],[138.479366,-34.843689],[138.480553,-34.844],[138.481212,-34.844167],[138.48134,-34.844201]]}},{"type":"Feature","properties":{"tier":"high"},"geometry":{"type":"LineString","coordinates":[[138.50002,-34.822106],[138.500009,-34.822127],[138.499895,-34.822382],[138.499818,-34.822625],[138.499779,-34.822804],[138.499759,-34.822909],[138.499733,-34.823039],[138.49973,-34.823307]]}},{"type":"Feature","properties":{"tier":"high"},"geometry":{"type":"LineString","coordinates":[[138.49995,-34.825242],[138.49974,-34.82428],[138.499644,-34.823839],[138.499597,-34.823594],[138.499566,-34.823417],[138.499563,-34.82333],[138.499563,-34.823088],[138.499578,-34.822918],[138.499582,-34.82286],[138.49964,-34.822608],[138.499691,-34.822443],[138.499753,-34.822274],[138.499821,-34.822126],[138.499892,-34.822011]]}},{"type":"Feature","properties":{"tier":"high"},"geometry":{"type":"LineString","coordinates":[[138.50002,-34.782577],[138.499842,-34.782402]]}},{"type":"Feature","properties":{"tier":"high"},"geometry":{"type":"LineString","coordinates":[[138.494768,-34.779637],[138.4932,-34.778892],[138.492558,-34.778582],[138.489957,-34.777343]]}},{"type":"Feature","properties":{"tier":"high"},"geometry":{"type":"LineString","coordinates":[[138.499892,-34.822011],[138.50002,-34.821777]]}},{"type":"Feature","properties":{"tier":"high"},"geometry":{"type":"LineString","coordinates":[[138.499524,-34.781934],[138.499705,-34.782087],[138.499881,-34.78223],[138.499948,-34.782296]]}},{"type":"Feature","properties":{"tier":"high"},"geometry":{"type":"LineString","coordinates":[[138.491577,-34.777961],[138.491728,-34.778033],[138.493282,-34.778774],[138.493383,-34.77882],[138.494849,-34.779521],[138.496734,-34.780412],[138.498015,-34.781027],[138.498378,-34.781202],[138.498714,-34.781393],[138.499124,-34.781636],[138.499524,-34.781934]]}},{"type":"Feature","properties":{"tier":"arterial"},"geometry":{"type":"LineString","coordinates":[[138.492701,-34.851694],[138.492964,-34.851719],[138.492994,-34.851721],[138.493056,-34.851729]]}},{"type":"Feature","properties":{"tier":"arterial"},"geometry":{"type":"LineString","coordinates":[[138.489085,-34.851405],[138.488534,-34.851352],[138.487988,-34.851298],[138.487871,-34.851287],[138.487782,-34.851278],[138.487471,-34.851247],[138.486982,-34.851199],[138.486941,-34.851195],[138.486769,-34.851178],[138.486056,-34.851107],[138.484676,-34.850969],[138.484442,-34.850946],[138.484152,-34.850916],[138.484039,-34.850905],[138.483758,-34.850877]]}},{"type":"Feature","properties":{"tier":"regional"},"geometry":{"type":"LineString","coordinates":[[138.493041,-34.85183],[138.493042,-34.851879],[138.493042,-34.851894],[138.493042,-34.851927],[138.493041,-34.852057]]}},{"type":"Feature","properties":{"tier":"arterial"},"geometry":{"type":"LineString","coordinates":[[138.494998,-34.851904],[138.495092,-34.851913],[138.495186,-34.851923]]}},{"type":"Feature","properties":{"tier":"arterial"},"geometry":{"type":"LineString","coordinates":[[138.496586,-34.852038],[138.496892,-34.852064],[138.4998,-34.852312]]}},{"type":"Feature","properties":{"tier":"arterial"},"geometry":{"type":"LineString","coordinates":[[138.494996,-34.852017],[138.494691,-34.851986]]}},{"type":"Feature","properties":{"tier":"arterial"},"geometry":{"type":"LineString","coordinates":[[138.494967,-34.851491],[138.495108,-34.851798],[138.495145,-34.851857],[138.495186,-34.851923]]}},{"type":"Feature","properties":{"tier":"regional"},"geometry":{"type":"LineString","coordinates":[[138.478521,-34.850299],[138.478935,-34.850339]]}},{"type":"Feature","properties":{"tier":"arterial"},"geometry":{"type":"LineString","coordinates":[[138.494582,-34.851858],[138.494696,-34.851856],[138.494802,-34.851848],[138.494866,-34.85183],[138.494932,-34.851772],[138.494983,-34.851698]]}},{"type":"Feature","properties":{"tier":"arterial"},"geometry":{"type":"LineString","coordinates":[[138.494998,-34.851904],[138.494995,-34.851857],[138.49499,-34.851795],[138.494983,-34.851698]]}},{"type":"Feature","properties":{"tier":"arterial"},"geometry":{"type":"LineString","coordinates":[[138.482107,-34.871639],[138.481695,-34.870788]]}},{"type":"Feature","properties":{"tier":"regional"},"geometry":{"type":"LineString","coordinates":[[138.486954,-34.844911],[138.487188,-34.844311],[138.487554,-34.843424],[138.487881,-34.842632],[138.488122,-34.841981],[138.488183,-34.841816],[138.488377,-34.841135],[138.48867,-34.839924],[138.488686,-34.839862]]}},{"type":"Feature","properties":{"tier":"arterial"},"geometry":{"type":"LineString","coordinates":[[138.479231,-34.850699],[138.479221,-34.850622],[138.479229,-34.850544],[138.479222,-34.850493],[138.479199,-34.850464],[138.479158,-34.850443],[138.479086,-34.850407],[138.479032,-34.850389],[138.478935,-34.850339]]}},{"type":"Feature","properties":{"tier":"regional"},"geometry":{"type":"LineString","coordinates":[[138.438925,-34.533689],[138.438852,-34.533729],[138.438762,-34.533742],[138.438664,-34.533716],[138.438563,-34.533656]]}},{"type":"Feature","properties":{"tier":"regional"},"geometry":{"type":"LineString","coordinates":[[138.43673,-34.531956],[138.435704,-34.531048],[138.435318,-34.530734],[138.435031,-34.530505],[138.434677,-34.530333],[138.434574,-34.530226],[138.434582,-34.530097],[138.434704,-34.529981]]}},{"type":"Feature","properties":{"tier":"high"},"geometry":{"type":"LineString","coordinates":[[138.465735,-34.557127],[138.465958,-34.556883]]}},{"type":"Feature","properties":{"tier":"high"},"geometry":{"type":"LineString","coordinates":[[138.495934,-34.583222],[138.496271,-34.58304]]}},{"type":"Feature","properties":{"tier":"high"},"geometry":{"type":"LineString","coordinates":[[138.471876,-34.562459],[138.472175,-34.562242]]}},{"type":"Feature","properties":{"tier":"high"},"geometry":{"type":"LineString","coordinates":[[138.479422,-34.568885],[138.479646,-34.568683]]}},{"type":"Feature","properties":{"tier":"high"},"geometry":{"type":"LineString","coordinates":[[138.483916,-34.572825],[138.484207,-34.572616]]}},{"type":"Feature","properties":{"tier":"high"},"geometry":{"type":"LineString","coordinates":[[138.460186,-34.551904],[138.460057,-34.552002],[138.459916,-34.552094]]}},{"type":"Feature","properties":{"tier":"arterial"},"geometry":{"type":"LineString","coordinates":[[138.499912,-34.937833],[138.499848,-34.937614],[138.499848,-34.937509]]}},{"type":"Feature","properties":{"tier":"arterial"},"geometry":{"type":"LineString","coordinates":[[138.499848,-34.937509],[138.499904,-34.937608],[138.499978,-34.93782],[138.499988,-34.93785]]}},{"type":"Feature","properties":{"tier":"arterial"},"geometry":{"type":"LineString","coordinates":[[138.499988,-34.93785],[138.50002,-34.937869]]}},{"type":"Feature","properties":{"tier":"regional"},"geometry":{"type":"LineString","coordinates":[[138.493053,-34.84252],[138.492964,-34.842554],[138.492942,-34.842562],[138.492881,-34.842588],[138.492818,-34.842622],[138.492742,-34.842685],[138.492713,-34.842724],[138.492687,-34.842771]]}},{"type":"Feature","properties":{"tier":"regional"},"geometry":{"type":"LineString","coordinates":[[138.498319,-34.839759],[138.498323,-34.839871]]}},{"type":"Feature","properties":{"tier":"regional"},"geometry":{"type":"LineString","coordinates":[[138.498204,-34.83927],[138.49829,-34.839464]]}},{"type":"Feature","properties":{"tier":"regional"},"geometry":{"type":"LineString","coordinates":[[138.498319,-34.839759],[138.498269,-34.839715],[138.498242,-34.839602],[138.49821,-34.83947],[138.498204,-34.83927]]}},{"type":"Feature","properties":{"tier":"arterial"},"geometry":{"type":"LineString","coordinates":[[138.49829,-34.839464],[138.498343,-34.839516],[138.498393,-34.839551],[138.498448,-34.839588],[138.498483,-34.839612],[138.498529,-34.839629],[138.498567,-34.839644]]}},{"type":"Feature","properties":{"tier":"arterial"},"geometry":{"type":"LineString","coordinates":[[138.492569,-34.840923],[138.492541,-34.840867],[138.492475,-34.840687],[138.492462,-34.840651],[138.492399,-34.840542]]}},{"type":"Feature","properties":{"tier":"regional"},"geometry":{"type":"LineString","coordinates":[[138.495718,-34.825837],[138.496088,-34.825785],[138.49614,-34.825778],[138.497873,-34.825539],[138.498161,-34.825497],[138.499811,-34.825262],[138.49995,-34.825242]]}},{"type":"Feature","properties":{"tier":"high"},"geometry":{"type":"LineString","coordinates":[[138.50002,-34.782497],[138.499984,-34.782473],[138.499842,-34.782402]]}},{"type":"Feature","properties":{"tier":"high"},"geometry":{"type":"LineString","coordinates":[[138.499948,-34.782296],[138.50002,-34.782331]]}},{"type":"Feature","properties":{"tier":"arterial"},"geometry":{"type":"LineString","coordinates":[[138.49822,-34.925499],[138.498852,-34.92547],[138.499449,-34.925447]]}},{"type":"Feature","properties":{"tier":"regional"},"geometry":{"type":"LineString","coordinates":[[138.481656,-34.844349],[138.481541,-34.84429],[138.48148,-34.844258],[138.48134,-34.844201]]}},{"type":"Feature","properties":{"tier":"regional"},"geometry":{"type":"LineString","coordinates":[[138.48134,-34.844201],[138.481433,-34.844208],[138.481489,-34.844212],[138.481566,-34.844211],[138.481618,-34.84421],[138.481734,-34.844173]]}},{"type":"Feature","properties":{"tier":"arterial"},"geometry":{"type":"LineString","coordinates":[[138.481894,-34.844483],[138.481828,-34.844546],[138.481763,-34.84462],[138.481648,-34.844771]]}},{"type":"Feature","properties":{"tier":"arterial"},"geometry":{"type":"LineString","coordinates":[[138.481579,-34.844952],[138.481336,-34.845566],[138.480975,-34.846476],[138.480811,-34.846924],[138.48065,-34.84734],[138.48062,-34.847413],[138.480544,-34.847599],[138.48037,-34.84802],[138.480242,-34.848329],[138.480113,-34.848649],[138.479868,-34.849269],[138.479829,-34.849369],[138.479635,-34.849792]]}},{"type":"Feature","properties":{"tier":"arterial"},"geometry":{"type":"LineString","coordinates":[[138.492699,-34.841355],[138.492569,-34.840923]]}},{"type":"Feature","properties":{"tier":"arterial"},"geometry":{"type":"LineString","coordinates":[[138.492669,-34.840912],[138.492766,-34.841342],[138.492881,-34.84176],[138.492887,-34.841783]]}},{"type":"Feature","properties":{"tier":"high"},"geometry":{"type":"LineString","coordinates":[[138.483156,-34.779221],[138.483297,-34.779286]]}},{"type":"Feature","properties":{"tier":"high"},"geometry":{"type":"LineString","coordinates":[[138.484819,-34.776908],[138.484972,-34.776984]]}},{"type":"Feature","properties":{"tier":"regional"},"geometry":{"type":"LineString","coordinates":[[138.477978,-34.846196],[138.477966,-34.846206],[138.477949,-34.846213],[138.477931,-34.846216],[138.477913,-34.846213],[138.477897,-34.846206],[138.477884,-34.846195],[138.477876,-34.846181],[138.477874,-34.846166],[138.477878,-34.846151],[138.477887,-34.846139],[138.4779,-34.84613],[138.477916,-34.846124],[138.477933,-34.846122],[138.47795,-34.846124],[138.477965,-34.846131],[138.477978,-34.846141],[138.477985,-34.846154],[138.477989,-34.846168],[138.477986,-34.846182],[138.477978,-34.846196]]}},{"type":"Feature","properties":{"tier":"regional"},"geometry":{"type":"LineString","coordinates":[[138.491519,-34.845815],[138.491539,-34.845877],[138.491497,-34.845985],[138.491486,-34.846025],[138.491469,-34.846067]]}},{"type":"Feature","properties":{"tier":"regional"},"geometry":{"type":"LineString","coordinates":[[138.491378,-34.84605],[138.49142,-34.845971],[138.491468,-34.845853]]}},{"type":"Feature","properties":{"tier":"arterial"},"geometry":{"type":"LineString","coordinates":[[138.486983,-34.831392],[138.48663,-34.832267],[138.486201,-34.833299],[138.485934,-34.833988],[138.48568,-34.834658],[138.48549,-34.835124],[138.485298,-34.835589],[138.484946,-34.836487],[138.484911,-34.836576],[138.484888,-34.836636],[138.484847,-34.836742]]}},{"type":"Feature","properties":{"tier":"regional"},"geometry":{"type":"LineString","coordinates":[[138.482503,-34.832906],[138.482521,-34.832859],[138.4827,-34.832391],[138.482733,-34.832303],[138.482775,-34.832197],[138.483103,-34.831345],[138.483147,-34.831239],[138.483182,-34.831151],[138.483457,-34.830473],[138.483493,-34.830375],[138.483535,-34.830285],[138.483971,-34.829486]]}},{"type":"Feature","properties":{"tier":"regional"},"geometry":{"type":"LineString","coordinates":[[138.484135,-34.829209],[138.484454,-34.828644],[138.484506,-34.828555],[138.484568,-34.828457],[138.48494,-34.827832],[138.484994,-34.827748],[138.485055,-34.827645],[138.485423,-34.827013],[138.485477,-34.826918],[138.485534,-34.826828],[138.485857,-34.826281]]}},{"type":"Feature","properties":{"tier":"regional"},"geometry":{"type":"LineString","coordinates":[[138.481403,-34.835467],[138.481423,-34.835419],[138.482278,-34.833457]]}},{"type":"Feature","properties":{"tier":"regional"},"geometry":{"type":"LineString","coordinates":[[138.486039,-34.825968],[138.486252,-34.825589],[138.486388,-34.825432],[138.48647,-34.825303]]}},{"type":"Feature","properties":{"tier":"regional"},"geometry":{"type":"LineString","coordinates":[[138.496486,-34.91375],[138.494303,-34.913873],[138.494246,-34.913876]]}},{"type":"Feature","properties":{"tier":"regional"},"geometry":{"type":"LineString","coordinates":[[138.494034,-34.913895],[138.493975,-34.913899],[138.493484,-34.913913],[138.49328,-34.913919],[138.492848,-34.913931],[138.492762,-34.913933],[138.492695,-34.91392],[138.49265,-34.913922],[138.492187,-34.913942],[138.492129,-34.913944]]}},{"type":"Feature","properties":{"tier":"regional"},"geometry":{"type":"LineString","coordinates":[[138.489898,-34.826451],[138.490463,-34.826458],[138.490663,-34.82646],[138.490755,-34.826461],[138.490842,-34.826463],[138.490927,-34.826464],[138.491004,-34.826465],[138.491093,-34.826478]]}},{"type":"Feature","properties":{"tier":"regional"},"geometry":{"type":"LineString","coordinates":[[138.491093,-34.826478],[138.491216,-34.826484],[138.491332,-34.826472],[138.49206,-34.826361],[138.492171,-34.826344],[138.492275,-34.826331],[138.493028,-34.826235]]}},{"type":"Feature","properties":{"tier":"regional"},"geometry":{"type":"LineString","coordinates":[[138.493445,-34.826165],[138.494144,-34.826073],[138.494264,-34.826057],[138.494967,-34.825944]]}},{"type":"Feature","properties":{"tier":"regional"},"geometry":{"type":"LineString","coordinates":[[138.495395,-34.826187],[138.495538,-34.826841],[138.495651,-34.827365],[138.495736,-34.827728],[138.495838,-34.828236],[138.496035,-34.829157],[138.496092,-34.829413]]}},{"type":"Feature","properties":{"tier":"regional"},"geometry":{"type":"LineString","coordinates":[[138.49686,-34.833454],[138.496867,-34.833438],[138.496894,-34.833411],[138.496925,-34.833397]]}},{"type":"Feature","properties":{"tier":"regional"},"geometry":{"type":"LineString","coordinates":[[138.496896,-34.833159],[138.496559,-34.831589],[138.496403,-34.830837],[138.496219,-34.829965]]}},{"type":"Feature","properties":{"tier":"regional"},"geometry":{"type":"LineString","coordinates":[[138.487135,-34.831098],[138.487208,-34.83115],[138.48722,-34.831159],[138.487337,-34.83128]]}},{"type":"Feature","properties":{"tier":"arterial"},"geometry":{"type":"LineString","coordinates":[[138.487261,-34.830856],[138.487238,-34.831063],[138.487247,-34.831086],[138.487271,-34.83115],[138.487337,-34.83128]]}},{"type":"Feature","properties":{"tier":"regional"},"geometry":{"type":"LineString","coordinates":[[138.48804,-34.83446],[138.48792,-34.833895],[138.487894,-34.833768],[138.487584,-34.832365],[138.487477,-34.831893]]}},{"type":"Feature","properties":{"tier":"regional"},"geometry":{"type":"LineString","coordinates":[[138.487477,-34.831893],[138.487349,-34.831488],[138.487304,-34.831393],[138.487248,-34.831291],[138.487175,-34.831221],[138.487168,-34.831216],[138.487143,-34.831197],[138.487101,-34.831165]]}},{"type":"Feature","properties":{"tier":"arterial"},"geometry":{"type":"LineString","coordinates":[[138.482012,-34.843853],[138.482013,-34.844066],[138.482018,-34.844192]]}},{"type":"Feature","properties":{"tier":"arterial"},"geometry":{"type":"LineString","coordinates":[[138.481842,-34.844138],[138.481911,-34.844033],[138.482012,-34.843853]]}},{"type":"Feature","properties":{"tier":"regional"},"geometry":{"type":"LineString","coordinates":[[138.496669,-34.792509],[138.496714,-34.792596],[138.496714,-34.792669],[138.496714,-34.792824]]}},{"type":"Feature","properties":{"tier":"arterial"},"geometry":{"type":"LineString","coordinates":[[138.495002,-34.812145],[138.494789,-34.812212],[138.494732,-34.812233],[138.494705,-34.812251],[138.494646,-34.812304],[138.494599,-34.812351],[138.494549,-34.812411],[138.494442,-34.812548]]}},{"type":"Feature","properties":{"tier":"arterial"},"geometry":{"type":"LineString","coordinates":[[138.495796,-34.812154],[138.496018,-34.812068],[138.496134,-34.812021],[138.496231,-34.811954],[138.496292,-34.811899],[138.496328,-34.811867],[138.496385,-34.811803],[138.496432,-34.811741],[138.496474,-34.811673],[138.496545,-34.811555]]}},{"type":"Feature","properties":{"tier":"regional"},"geometry":{"type":"LineString","coordinates":[[138.496669,-34.792509],[138.496819,-34.792438]]}},{"type":"Feature","properties":{"tier":"arterial"},"geometry":{"type":"LineString","coordinates":[[138.491454,-34.905161],[138.491465,-34.905197],[138.492028,-34.907291],[138.492049,-34.907365]]}},{"type":"Feature","properties":{"tier":"arterial"},"geometry":{"type":"LineString","coordinates":[[138.494483,-34.920178],[138.494389,-34.919956],[138.494318,-34.91975],[138.494289,-34.919648],[138.494259,-34.919537],[138.49425,-34.919509],[138.494173,-34.919226],[138.494163,-34.91919],[138.494138,-34.919129]]}},{"type":"Feature","properties":{"tier":"arterial"},"geometry":{"type":"LineString","coordinates":[[138.491175,-34.907544],[138.491169,-34.907571],[138.491153,-34.907594],[138.491128,-34.907612],[138.491097,-34.907621],[138.491076,-34.907622],[138.491055,-34.90762],[138.491036,-34.907614],[138.491018,-34.907604],[138.490999,-34.907586],[138.490988,-34.907565],[138.490984,-34.907542],[138.49099,-34.907519],[138.491004,-34.907497],[138.491025,-34.90748],[138.491052,-34.90747],[138.49108,-34.907466],[138.491109,-34.90747],[138.491134,-34.907481],[138.491155,-34.907497],[138.491169,-34.907518],[138.491175,-34.907544]]}},{"type":"Feature","properties":{"tier":"arterial"},"geometry":{"type":"LineString","coordinates":[[138.491454,-34.905161],[138.49143,-34.905161],[138.491399,-34.905147],[138.491381,-34.905132],[138.491365,-34.905114],[138.491361,-34.90509]]}},{"type":"Feature","properties":{"tier":"regional"},"geometry":{"type":"LineString","coordinates":[[138.49757,-34.902126],[138.497554,-34.902139],[138.497533,-34.902146],[138.49751,-34.902147],[138.497488,-34.902141],[138.49747,-34.90213],[138.497458,-34.902115],[138.497453,-34.902096],[138.497455,-34.90208],[138.497463,-34.902065],[138.497476,-34.902053],[138.497492,-34.902044],[138.497512,-34.90204],[138.497533,-34.902041],[138.497553,-34.902048],[138.497569,-34.902059],[138.497579,-34.902074],[138.497584,-34.902091],[138.497581,-34.90211],[138.49757,-34.902126]]}},{"type":"Feature","properties":{"tier":"arterial"},"geometry":{"type":"LineString","coordinates":[[138.492166,-34.907437],[138.49216,-34.907477],[138.492127,-34.907505],[138.492092,-34.90752],[138.492036,-34.907511],[138.491999,-34.907485],[138.49198,-34.90745],[138.491988,-34.907412],[138.492015,-34.907387],[138.492049,-34.907365]]}},{"type":"Feature","properties":{"tier":"regional"},"geometry":{"type":"LineString","coordinates":[[138.499705,-34.913673],[138.49967,-34.913686],[138.499644,-34.913689],[138.499602,-34.913682],[138.499567,-34.913663],[138.499541,-34.913628],[138.499537,-34.913607],[138.499545,-34.913568],[138.499569,-34.913538],[138.499597,-34.913522],[138.499629,-34.913514],[138.499672,-34.913517],[138.499694,-34.913524],[138.499722,-34.913542],[138.499741,-34.913565],[138.499749,-34.913589],[138.499749,-34.913614],[138.499735,-34.913647],[138.499705,-34.913673]]}},{"type":"Feature","properties":{"tier":"regional"},"geometry":{"type":"LineString","coordinates":[[138.494997,-34.902184],[138.495015,-34.902191],[138.495031,-34.902202],[138.495042,-34.902216],[138.495047,-34.902233],[138.495045,-34.902251],[138.495037,-34.902267],[138.495022,-34.902281],[138.495003,-34.90229],[138.494982,-34.902293],[138.494961,-34.902291],[138.494942,-34.902284],[138.494926,-34.902273],[138.494916,-34.902258],[138.494911,-34.902241],[138.494913,-34.902223],[138.494922,-34.902207],[138.494936,-34.902194],[138.494955,-34.902185],[138.494976,-34.902182],[138.494997,-34.902184]]}},{"type":"Feature","properties":{"tier":"regional"},"geometry":{"type":"LineString","coordinates":[[138.494203,-34.913961],[138.494176,-34.913972],[138.494141,-34.913977],[138.494099,-34.91397],[138.494064,-34.913951],[138.494038,-34.913916],[138.494034,-34.913895],[138.494042,-34.913856],[138.494066,-34.913826],[138.494095,-34.91381],[138.494135,-34.913802],[138.494169,-34.913805],[138.494191,-34.913812],[138.494219,-34.91383],[138.494238,-34.913853],[138.494246,-34.913876],[138.494246,-34.913901],[138.494232,-34.913935],[138.494203,-34.913961]]}},{"type":"Feature","properties":{"tier":"regional"},"geometry":{"type":"LineString","coordinates":[[138.496806,-34.913644],[138.496829,-34.913651],[138.496857,-34.913668],[138.496875,-34.913692],[138.496879,-34.913702]]}},{"type":"Feature","properties":{"tier":"regional"},"geometry":{"type":"LineString","coordinates":[[138.492465,-34.902302],[138.492485,-34.902309],[138.492502,-34.902321],[138.492514,-34.902336],[138.492521,-34.902354],[138.49252,-34.902375],[138.492511,-34.902394],[138.492494,-34.90241],[138.492472,-34.902421],[138.492447,-34.902425],[138.492423,-34.902422],[138.492401,-34.902413],[138.492384,-34.9024],[138.492373,-34.902382],[138.492369,-34.902363],[138.492372,-34.902344],[138.492383,-34.902326],[138.492399,-34.902313],[138.492419,-34.902303],[138.492442,-34.9023],[138.492465,-34.902302]]}},{"type":"Feature","properties":{"tier":"regional"},"geometry":{"type":"LineString","coordinates":[[138.492521,-34.902354],[138.49261,-34.902349],[138.493626,-34.902293],[138.493705,-34.902289],[138.494817,-34.902245],[138.494911,-34.902241]]}},{"type":"Feature","properties":{"tier":"arterial"},"geometry":{"type":"LineString","coordinates":[[138.491169,-34.907518],[138.491244,-34.907506],[138.491357,-34.907486],[138.49198,-34.90745]]}},{"type":"Feature","properties":{"tier":"regional"},"geometry":{"type":"LineString","coordinates":[[138.492369,-34.902363],[138.492274,-34.902367],[138.49122,-34.902416],[138.491138,-34.90242],[138.491002,-34.902425],[138.490876,-34.902431],[138.490789,-34.902426]]}},{"type":"Feature","properties":{"tier":"regional"},"geometry":{"type":"LineString","coordinates":[[138.497584,-34.902091],[138.497662,-34.902082],[138.497827,-34.902093],[138.498058,-34.902084],[138.498357,-34.902065],[138.498398,-34.902062]]}},{"type":"Feature","properties":{"tier":"regional"},"geometry":{"type":"LineString","coordinates":[[138.495047,-34.902233],[138.495146,-34.902223],[138.496094,-34.902179],[138.496255,-34.902171],[138.496497,-34.902159],[138.497128,-34.902128],[138.497251,-34.902121],[138.497386,-34.9021],[138.497453,-34.902096]]}},{"type":"Feature","properties":{"tier":"arterial"},"geometry":{"type":"LineString","coordinates":[[138.492802,-34.907414],[138.493223,-34.907396],[138.493722,-34.907366],[138.494066,-34.907345],[138.494179,-34.907339],[138.494571,-34.907316],[138.49523,-34.907278],[138.495341,-34.907272],[138.495834,-34.907254],[138.496344,-34.907235],[138.496466,-34.907229],[138.496612,-34.907221]]}},{"type":"Feature","properties":{"tier":"arterial"},"geometry":{"type":"LineString","coordinates":[[138.495861,-34.925152],[138.496071,-34.925363],[138.496149,-34.92543]]}},{"type":"Feature","properties":{"tier":"arterial"},"geometry":{"type":"LineString","coordinates":[[138.495981,-34.925513],[138.495951,-34.92549],[138.495907,-34.925444],[138.495875,-34.925324],[138.495861,-34.925152]]}},{"type":"Feature","properties":{"tier":"regional"},"geometry":{"type":"LineString","coordinates":[[138.497017,-34.916599],[138.49699,-34.916604],[138.496966,-34.916604],[138.496922,-34.91659],[138.496888,-34.916559],[138.496878,-34.916538],[138.496875,-34.916513],[138.49688,-34.916491],[138.496896,-34.916464],[138.496922,-34.916444],[138.496948,-34.916434],[138.496976,-34.91643],[138.49701,-34.916433],[138.497042,-34.916446],[138.497074,-34.916474],[138.497084,-34.916495],[138.497087,-34.916522],[138.497079,-34.916552],[138.497065,-34.916571],[138.497048,-34.916585],[138.497017,-34.916599]]}},{"type":"Feature","properties":{"tier":"regional"},"geometry":{"type":"LineString","coordinates":[[138.496092,-34.829413],[138.496149,-34.829554],[138.496174,-34.829616]]}},{"type":"Feature","properties":{"tier":"regional"},"geometry":{"type":"LineString","coordinates":[[138.495395,-34.825966],[138.495395,-34.826033],[138.495395,-34.826187]]}},{"type":"Feature","properties":{"tier":"regional"},"geometry":{"type":"LineString","coordinates":[[138.495395,-34.826187],[138.495338,-34.826042],[138.495312,-34.825978]]}},{"type":"Feature","properties":{"tier":"regional"},"geometry":{"type":"LineString","coordinates":[[138.496219,-34.829965],[138.496155,-34.829814],[138.496137,-34.82977]]}},{"type":"Feature","properties":{"tier":"regional"},"geometry":{"type":"LineString","coordinates":[[138.496099,-34.829636],[138.496097,-34.829561],[138.496092,-34.829413]]}},{"type":"Feature","properties":{"tier":"regional"},"geometry":{"type":"LineString","coordinates":[[138.49527,-34.825587],[138.495336,-34.825764],[138.495365,-34.825842]]}},{"type":"Feature","properties":{"tier":"regional"},"geometry":{"type":"LineString","coordinates":[[138.497004,-34.833553],[138.497009,-34.833604],[138.497029,-34.833781]]}},{"type":"Feature","properties":{"tier":"regional"},"geometry":{"type":"LineString","coordinates":[[138.497029,-34.833781],[138.496952,-34.833612],[138.496927,-34.833557]]}},{"type":"Feature","properties":{"tier":"regional"},"geometry":{"type":"LineString","coordinates":[[138.496925,-34.833397],[138.49692,-34.833353],[138.496896,-34.833159]]}},{"type":"Feature","properties":{"tier":"regional"},"geometry":{"type":"LineString","coordinates":[[138.495294,-34.825852],[138.495286,-34.825771],[138.49527,-34.825587]]}},{"type":"Feature","properties":{"tier":"regional"},"geometry":{"type":"LineString","coordinates":[[138.496215,-34.829761],[138.496216,-34.829806],[138.496219,-34.829965]]}},{"type":"Feature","properties":{"tier":"regional"},"geometry":{"type":"LineString","coordinates":[[138.496896,-34.833159],[138.496978,-34.833345],[138.497002,-34.833399]]}},{"type":"Feature","properties":{"tier":"regional"},"geometry":{"type":"LineString","coordinates":[[138.495718,-34.825837],[138.495513,-34.825905],[138.495425,-34.825935]]}},{"type":"Feature","properties":{"tier":"regional"},"geometry":{"type":"LineString","coordinates":[[138.493445,-34.826165],[138.493367,-34.826197],[138.493283,-34.826231]]}},{"type":"Feature","properties":{"tier":"regional"},"geometry":{"type":"LineString","coordinates":[[138.493266,-34.826179],[138.493361,-34.826171],[138.493445,-34.826165]]}},{"type":"Feature","properties":{"tier":"regional"},"geometry":{"type":"LineString","coordinates":[[138.495272,-34.825951],[138.495186,-34.825949],[138.494967,-34.825944]]}},{"type":"Feature","properties":{"tier":"regional"},"geometry":{"type":"LineString","coordinates":[[138.494967,-34.825944],[138.495179,-34.82591],[138.495258,-34.825898]]}},{"type":"Feature","properties":{"tier":"regional"},"geometry":{"type":"LineString","coordinates":[[138.495413,-34.825869],[138.495504,-34.825859],[138.495718,-34.825837]]}},{"type":"Feature","properties":{"tier":"regional"},"geometry":{"type":"LineString","coordinates":[[138.489898,-34.826451],[138.489777,-34.826462],[138.48975,-34.826469],[138.489684,-34.826486]]}},{"type":"Feature","properties":{"tier":"regional"},"geometry":{"type":"LineString","coordinates":[[138.489688,-34.826412],[138.48976,-34.826419],[138.489774,-34.82642],[138.489898,-34.826451]]}},{"type":"Feature","properties":{"tier":"regional"},"geometry":{"type":"LineString","coordinates":[[138.489282,-34.826381],[138.489423,-34.826394],[138.489544,-34.826421]]}},{"type":"Feature","properties":{"tier":"regional"},"geometry":{"type":"LineString","coordinates":[[138.493168,-34.826259],[138.493089,-34.826245],[138.493028,-34.826235]]}},{"type":"Feature","properties":{"tier":"regional"},"geometry":{"type":"LineString","coordinates":[[138.4895,-34.826498],[138.489386,-34.826456],[138.489326,-34.826424],[138.489282,-34.826381]]}},{"type":"Feature","properties":{"tier":"arterial"},"geometry":{"type":"LineString","coordinates":[[138.489725,-34.826173],[138.489711,-34.826275],[138.489706,-34.826296],[138.489675,-34.826404]]}},{"type":"Feature","properties":{"tier":"arterial"},"geometry":{"type":"LineString","coordinates":[[138.489426,-34.826753],[138.489449,-34.826689],[138.489474,-34.826618]]}},{"type":"Feature","properties":{"tier":"arterial"},"geometry":{"type":"LineString","coordinates":[[138.489591,-34.826399],[138.489648,-34.826277],[138.489667,-34.826236],[138.489725,-34.826173]]}},{"type":"Feature","properties":{"tier":"arterial"},"geometry":{"type":"LineString","coordinates":[[138.489597,-34.826544],[138.48953,-34.826639]]}},{"type":"Feature","properties":{"tier":"regional"},"geometry":{"type":"LineString","coordinates":[[138.488052,-34.834693],[138.488048,-34.834613],[138.48804,-34.83446]]}},{"type":"Feature","properties":{"tier":"regional"},"geometry":{"type":"LineString","coordinates":[[138.488165,-34.835014],[138.488085,-34.834876],[138.488067,-34.834839]]}},{"type":"Feature","properties":{"tier":"regional"},"geometry":{"type":"LineString","coordinates":[[138.488163,-34.834834],[138.488166,-34.834866],[138.488165,-34.835014]]}},{"type":"Feature","properties":{"tier":"regional"},"geometry":{"type":"LineString","coordinates":[[138.48804,-34.83446],[138.488099,-34.834606],[138.488129,-34.83468]]}},{"type":"Feature","properties":{"tier":"regional"},"geometry":{"type":"LineString","coordinates":[[138.48702,-34.824526],[138.487003,-34.824539],[138.486983,-34.824547],[138.486967,-34.824549],[138.486946,-34.824548],[138.486934,-34.824544],[138.486927,-34.824542],[138.48691,-34.824531],[138.486898,-34.824518],[138.486891,-34.824503],[138.486889,-34.824487],[138.486892,-34.824472],[138.486902,-34.824454],[138.486919,-34.824439],[138.486942,-34.82443],[138.486966,-34.824428],[138.486988,-34.824432],[138.486997,-34.824436],[138.487008,-34.824441],[138.487023,-34.824454],[138.487033,-34.824472],[138.487036,-34.824492],[138.487031,-34.82451],[138.48702,-34.824526]]}},{"type":"Feature","properties":{"tier":"regional"},"geometry":{"type":"LineString","coordinates":[[138.493266,-34.826259],[138.493256,-34.826264],[138.493243,-34.826271],[138.493217,-34.826275],[138.493201,-34.826272],[138.493188,-34.82627],[138.493168,-34.826259],[138.493153,-34.826239],[138.493148,-34.826219],[138.493153,-34.826198],[138.493165,-34.826182],[138.49318,-34.826173],[138.493191,-34.826166],[138.493217,-34.826162],[138.49324,-34.826165],[138.493266,-34.826179],[138.493277,-34.826191],[138.493286,-34.826219],[138.493283,-34.826231],[138.49328,-34.826241],[138.493266,-34.826259]]}},{"type":"Feature","properties":{"tier":"regional"},"geometry":{"type":"LineString","coordinates":[[138.479406,-34.840863],[138.479389,-34.840877],[138.479368,-34.840886],[138.479344,-34.84089],[138.47932,-34.840888],[138.479296,-34.840878],[138.479277,-34.840862],[138.479266,-34.840842],[138.479264,-34.84082],[138.479272,-34.840798],[138.479288,-34.840781],[138.47931,-34.840768],[138.479336,-34.840763],[138.479363,-34.840765],[138.479385,-34.840774],[138.479403,-34.840787],[138.479415,-34.840805],[138.479419,-34.840825],[138.479416,-34.840845],[138.479406,-34.840863]]}},{"type":"Feature","properties":{"tier":"regional"},"geometry":{"type":"LineString","coordinates":[[138.495395,-34.825966],[138.495376,-34.825977],[138.495342,-34.825982],[138.495312,-34.825978]]}},{"type":"Feature","properties":{"tier":"arterial"},"geometry":{"type":"LineString","coordinates":[[138.489688,-34.826412],[138.489698,-34.826437],[138.489693,-34.826469],[138.489684,-34.826486]]}},{"type":"Feature","properties":{"tier":"arterial"},"geometry":{"type":"LineString","coordinates":[[138.479635,-34.849792],[138.479598,-34.850023]]}},{"type":"Feature","properties":{"tier":"regional"},"geometry":{"type":"LineString","coordinates":[[138.478515,-34.843565],[138.478488,-34.84355],[138.478467,-34.84353],[138.478455,-34.843504],[138.478453,-34.843477],[138.478462,-34.843452],[138.47848,-34.843429],[138.478506,-34.843412],[138.478536,-34.843403],[138.478569,-34.843402],[138.478602,-34.84341],[138.47863,-34.843427],[138.478649,-34.84345],[138.478659,-34.843477],[138.478657,-34.843505],[138.478647,-34.843528],[138.478629,-34.843547],[138.478605,-34.843561],[138.478577,-34.84357],[138.478547,-34.843571],[138.478515,-34.843565]]}},{"type":"Feature","properties":{"tier":"regional"},"geometry":{"type":"LineString","coordinates":[[138.492203,-34.876371],[138.492086,-34.876462],[138.491985,-34.87654]]}},{"type":"Feature","properties":{"tier":"arterial"},"geometry":{"type":"LineString","coordinates":[[138.492369,-34.876495],[138.492275,-34.87648],[138.492178,-34.876481],[138.492121,-34.876496],[138.491985,-34.87654]]}},{"type":"Feature","properties":{"tier":"regional"},"geometry":{"type":"LineString","coordinates":[[138.491573,-34.88203],[138.492156,-34.882026],[138.492289,-34.882025],[138.493618,-34.882015]]}},{"type":"Feature","properties":{"tier":"regional"},"geometry":{"type":"LineString","coordinates":[[138.493521,-34.878979],[138.493479,-34.879098],[138.49347,-34.879126],[138.493483,-34.879298],[138.493512,-34.879439],[138.493561,-34.879733],[138.493568,-34.879761]]}},{"type":"Feature","properties":{"tier":"regional"},"geometry":{"type":"LineString","coordinates":[[138.493667,-34.880841],[138.493652,-34.880687],[138.493602,-34.880418],[138.493552,-34.880091],[138.493497,-34.879833]]}},{"type":"Feature","properties":{"tier":"arterial"},"geometry":{"type":"LineString","coordinates":[[138.487002,-34.888416],[138.486772,-34.888423]]}},{"type":"Feature","properties":{"tier":"arterial"},"geometry":{"type":"LineString","coordinates":[[138.485232,-34.880705],[138.485364,-34.880689]]}},{"type":"Feature","properties":{"tier":"arterial"},"geometry":{"type":"LineString","coordinates":[[138.483665,-34.874319],[138.483508,-34.874375]]}},{"type":"Feature","properties":{"tier":"arterial"},"geometry":{"type":"LineString","coordinates":[[138.491973,-34.875974],[138.492025,-34.876098],[138.492109,-34.876184],[138.492202,-34.876264],[138.492227,-34.876307],[138.492221,-34.876339],[138.492203,-34.876371]]}},{"type":"Feature","properties":{"tier":"arterial"},"geometry":{"type":"LineString","coordinates":[[138.49461,-34.813354],[138.494602,-34.813297],[138.494556,-34.813255],[138.494493,-34.813232],[138.494341,-34.813211]]}},{"type":"Feature","properties":{"tier":"arterial"},"geometry":{"type":"LineString","coordinates":[[138.487468,-34.782933],[138.487438,-34.782798],[138.487436,-34.782669]]}},{"type":"Feature","properties":{"tier":"regional"},"geometry":{"type":"LineString","coordinates":[[138.496657,-34.910508],[138.496645,-34.910531],[138.496625,-34.910551],[138.496599,-34.910565],[138.496568,-34.910572],[138.496541,-34.910571],[138.496514,-34.910564],[138.496491,-34.910551],[138.496473,-34.910534],[138.496462,-34.910514],[138.496457,-34.910491],[138.496462,-34.910465],[138.496476,-34.910441],[138.496499,-34.910422],[138.496528,-34.91041],[138.49656,-34.910407],[138.496589,-34.91041],[138.496616,-34.910421],[138.496637,-34.910438],[138.496652,-34.910458],[138.496659,-34.910482],[138.496657,-34.910508]]}},{"type":"Feature","properties":{"tier":"regional"},"geometry":{"type":"LineString","coordinates":[[138.497341,-34.92214],[138.497362,-34.922126],[138.497387,-34.922119],[138.497414,-34.922117],[138.497443,-34.922122],[138.497469,-34.922134],[138.497489,-34.922152],[138.497501,-34.922174],[138.497504,-34.9222],[138.497497,-34.922225],[138.49748,-34.922247],[138.497456,-34.922263],[138.497426,-34.922272],[138.497394,-34.922272],[138.497364,-34.922264],[138.497338,-34.922248],[138.497321,-34.922226],[138.497313,-34.9222],[138.497315,-34.922178],[138.497325,-34.922157],[138.497341,-34.92214]]}},{"type":"Feature","properties":{"tier":"regional"},"geometry":{"type":"LineString","coordinates":[[138.493028,-34.826235],[138.493083,-34.826219],[138.493153,-34.826198]]}},{"type":"Feature","properties":{"tier":"arterial"},"geometry":{"type":"LineString","coordinates":[[138.494115,-34.918812],[138.494149,-34.918938],[138.494318,-34.919499],[138.494327,-34.919526],[138.49434,-34.919566],[138.494383,-34.919738],[138.494447,-34.919969],[138.494483,-34.920178]]}},{"type":"Feature","properties":{"tier":"arterial"},"geometry":{"type":"LineString","coordinates":[[138.494483,-34.920178],[138.494497,-34.92023],[138.494557,-34.920445],[138.494934,-34.921799],[138.495072,-34.922298],[138.495103,-34.922415],[138.49515,-34.922588]]}},{"type":"Feature","properties":{"tier":"arterial"},"geometry":{"type":"LineString","coordinates":[[138.494149,-34.918938],[138.494134,-34.918978],[138.494169,-34.919107],[138.494138,-34.919129]]}},{"type":"Feature","properties":{"tier":"arterial"},"geometry":{"type":"LineString","coordinates":[[138.497157,-34.925621],[138.497069,-34.925621],[138.496407,-34.925626],[138.496194,-34.925603]]}},{"type":"Feature","properties":{"tier":"arterial"},"geometry":{"type":"LineString","coordinates":[[138.497338,-34.925538],[138.497419,-34.925533],[138.497658,-34.92552]]}},{"type":"Feature","properties":{"tier":"arterial"},"geometry":{"type":"LineString","coordinates":[[138.497338,-34.925538],[138.497348,-34.925559],[138.49735,-34.925583],[138.497344,-34.925605],[138.497331,-34.925626],[138.497319,-34.925638],[138.497304,-34.925647],[138.497288,-34.925655],[138.497259,-34.925661],[138.497229,-34.925661],[138.497201,-34.925654],[138.497176,-34.92564],[138.497157,-34.925621]]}},{"type":"Feature","properties":{"tier":"high"},"geometry":{"type":"LineString","coordinates":[[138.455193,-34.547597],[138.455451,-34.547819]]}},{"type":"Feature","properties":{"tier":"high"},"geometry":{"type":"LineString","coordinates":[[138.455218,-34.548028],[138.454976,-34.547816]]}},{"type":"Feature","properties":{"tier":"high"},"geometry":{"type":"LineString","coordinates":[[138.465958,-34.556883],[138.46614,-34.557036],[138.467315,-34.558051],[138.468758,-34.559295],[138.470563,-34.56085],[138.472011,-34.562101]]}},{"type":"Feature","properties":{"tier":"regional"},"geometry":{"type":"LineString","coordinates":[[138.50002,-34.873202],[138.499923,-34.873107],[138.499796,-34.873006],[138.499632,-34.872905],[138.499408,-34.872806],[138.49923,-34.872748],[138.499042,-34.8727],[138.49884,-34.872677],[138.498636,-34.872666],[138.498214,-34.872662],[138.498041,-34.87266],[138.497533,-34.872654],[138.496804,-34.872645],[138.4958,-34.872632],[138.49529,-34.87262],[138.495212,-34.872622],[138.494983,-34.8726],[138.494753,-34.872548],[138.494587,-34.872475],[138.494404,-34.872376],[138.494312,-34.872309],[138.494185,-34.87215],[138.494137,-34.871994],[138.494102,-34.871881],[138.494022,-34.871474],[138.493973,-34.871207],[138.49392,-34.870928],[138.49389,-34.870727],[138.493869,-34.870401],[138.493857,-34.870267],[138.49386,-34.869892],[138.493887,-34.869557],[138.493947,-34.8692],[138.49398,-34.869049],[138.494031,-34.868902],[138.494087,-34.868786],[138.494158,-34.868671],[138.494235,-34.868581],[138.494338,-34.868483],[138.494512,-34.868354],[138.494674,-34.86826],[138.494823,-34.8682],[138.49488,-34.868185],[138.495078,-34.868133],[138.495159,-34.868124],[138.495301,-34.868108],[138.495704,-34.868091],[138.496094,-34.868075],[138.497088,-34.868026],[138.497462,-34.868009],[138.497997,-34.868009],[138.498341,-34.868009],[138.498676,-34.86801],[138.499015,-34.868001],[138.50002,-34.86795]]}},{"type":"Feature","properties":{"tier":"regional"},"geometry":{"type":"LineString","coordinates":[[138.493951,-34.896932],[138.494175,-34.896658],[138.494258,-34.896517],[138.494313,-34.896398],[138.494365,-34.896238],[138.494395,-34.89608],[138.494413,-34.895911],[138.494414,-34.89575],[138.494392,-34.895451],[138.494379,-34.89525],[138.494349,-34.895081],[138.494279,-34.89481],[138.494116,-34.894323],[138.494107,-34.894298],[138.494093,-34.894255]]}},{"type":"Feature","properties":{"tier":"regional"},"geometry":{"type":"LineString","coordinates":[[138.49647,-34.86069],[138.496354,-34.860568],[138.496287,-34.860514]]}},{"type":"Feature","properties":{"tier":"arterial"},"geometry":{"type":"LineString","coordinates":[[138.494002,-34.918463],[138.49392,-34.918184],[138.49353,-34.916754],[138.493515,-34.916698],[138.493484,-34.916581],[138.493452,-34.916457]]}},{"type":"Feature","properties":{"tier":"arterial"},"geometry":{"type":"LineString","coordinates":[[138.485463,-34.871459],[138.484911,-34.871387],[138.484507,-34.87137],[138.484167,-34.871375],[138.483658,-34.871424]]}},{"type":"Feature","properties":{"tier":"arterial"},"geometry":{"type":"LineString","coordinates":[[138.485454,-34.871339],[138.485798,-34.871409],[138.485909,-34.871435],[138.486221,-34.871531]]}},{"type":"Feature","properties":{"tier":"arterial"},"geometry":{"type":"LineString","coordinates":[[138.486221,-34.871531],[138.486544,-34.871644],[138.486866,-34.871785],[138.487108,-34.871909],[138.487357,-34.872051],[138.487695,-34.872267],[138.488176,-34.872672],[138.488245,-34.872731],[138.488927,-34.873339]]}},{"type":"Feature","properties":{"tier":"arterial"},"geometry":{"type":"LineString","coordinates":[[138.494167,-34.840781],[138.493807,-34.840782],[138.493624,-34.840767],[138.493532,-34.840759],[138.49348,-34.840753],[138.493044,-34.840682]]}},{"type":"Feature","properties":{"tier":"arterial"},"geometry":{"type":"LineString","coordinates":[[138.49679,-34.840146],[138.49719,-34.840084],[138.497297,-34.840068],[138.497591,-34.840022],[138.497804,-34.839971],[138.498085,-34.839872],[138.498319,-34.839759]]}},{"type":"Feature","properties":{"tier":"arterial"},"geometry":{"type":"LineString","coordinates":[[138.495186,-34.851923],[138.496159,-34.852003],[138.496586,-34.852038]]}},{"type":"Feature","properties":{"tier":"arterial"},"geometry":{"type":"LineString","coordinates":[[138.50002,-34.852426],[138.499789,-34.852406]]}},{"type":"Feature","properties":{"tier":"arterial"},"geometry":{"type":"LineString","coordinates":[[138.494691,-34.851986],[138.494457,-34.851964],[138.494048,-34.851926],[138.493795,-34.851902]]}},{"type":"Feature","properties":{"tier":"arterial"},"geometry":{"type":"LineString","coordinates":[[138.498464,-34.892295],[138.498448,-34.892193]]}},{"type":"Feature","properties":{"tier":"arterial"},"geometry":{"type":"LineString","coordinates":[[138.494093,-34.894255],[138.493706,-34.894356],[138.493592,-34.894375],[138.493305,-34.894401],[138.493077,-34.894411],[138.492785,-34.894425],[138.491531,-34.894473],[138.489769,-34.894532],[138.489568,-34.894539]]}},{"type":"Feature","properties":{"tier":"regional"},"geometry":{"type":"LineString","coordinates":[[138.494093,-34.894255],[138.494063,-34.894152]]}},{"type":"Feature","properties":{"tier":"regional"},"geometry":{"type":"LineString","coordinates":[[138.492872,-34.89398],[138.49285,-34.893817],[138.492785,-34.893569],[138.492756,-34.893478],[138.492698,-34.893299],[138.492621,-34.893117],[138.492469,-34.892812],[138.492253,-34.892452],[138.492096,-34.892247],[138.491892,-34.891982],[138.49178,-34.891823],[138.491694,-34.891708],[138.491491,-34.891427],[138.491118,-34.890926],[138.490948,-34.89067],[138.490779,-34.890374],[138.490647,-34.890062],[138.490555,-34.889844],[138.490463,-34.889485],[138.490444,-34.889331],[138.49042,-34.889141],[138.49041,-34.889004],[138.490395,-34.888708],[138.490406,-34.888554],[138.490429,-34.888344],[138.490484,-34.888038],[138.490557,-34.887773],[138.490705,-34.887389],[138.490759,-34.887282],[138.491026,-34.886774],[138.491099,-34.886648],[138.49129,-34.886318],[138.491447,-34.885935],[138.491497,-34.885809],[138.491556,-34.885568],[138.491611,-34.885304],[138.491652,-34.884909],[138.491643,-34.884698],[138.491634,-34.884479],[138.491605,-34.884166],[138.491591,-34.884011],[138.49157,-34.883811],[138.491548,-34.883403],[138.491542,-34.883254],[138.491537,-34.883134],[138.491531,-34.88304],[138.491527,-34.882884],[138.491515,-34.882513],[138.491511,-34.882436],[138.491507,-34.882366],[138.491502,-34.882247],[138.491499,-34.882184],[138.49151,-34.882076]]}},{"type":"Feature","properties":{"tier":"high"},"geometry":{"type":"LineString","coordinates":[[138.485879,-34.776412],[138.485696,-34.776484],[138.485527,-34.776566],[138.485373,-34.776657],[138.485221,-34.776757],[138.485091,-34.776871],[138.484972,-34.776984],[138.484885,-34.777065],[138.484727,-34.777254],[138.483888,-34.778446],[138.483595,-34.778849],[138.483297,-34.779286],[138.482929,-34.779809],[138.482886,-34.779876],[138.482859,-34.779944],[138.482858,-34.780037],[138.482877,-34.780134]]}},{"type":"Feature","properties":{"tier":"high"},"geometry":{"type":"LineString","coordinates":[[138.485811,-34.776294],[138.486209,-34.776182],[138.486387,-34.776146],[138.486534,-34.776125],[138.486812,-34.776103],[138.487106,-34.776106],[138.487345,-34.776127],[138.487598,-34.776171],[138.487833,-34.776232],[138.488121,-34.776328],[138.488238,-34.776382],[138.488438,-34.776474]]}},{"type":"Feature","properties":{"tier":"regional"},"geometry":{"type":"LineString","coordinates":[[138.48647,-34.825303],[138.48655,-34.82518],[138.4869,-34.824599],[138.486934,-34.824544]]}},{"type":"Feature","properties":{"tier":"regional"},"geometry":{"type":"LineString","coordinates":[[138.47795,-34.846124],[138.477953,-34.846041],[138.477959,-34.845973],[138.477977,-34.845847],[138.478265,-34.844849],[138.47828,-34.844755],[138.478295,-34.844645],[138.478522,-34.843677]]}},{"type":"Feature","properties":{"tier":"arterial"},"geometry":{"type":"LineString","coordinates":[[138.496053,-34.925846],[138.495982,-34.925725],[138.495976,-34.925714],[138.495948,-34.925677],[138.495885,-34.925637]]}},{"type":"Feature","properties":{"tier":"arterial"},"geometry":{"type":"LineString","coordinates":[[138.493563,-34.818764],[138.493612,-34.818876],[138.493647,-34.818999],[138.493705,-34.819079]]}},{"type":"Feature","properties":{"tier":"arterial"},"geometry":{"type":"LineString","coordinates":[[138.494443,-34.846689],[138.494406,-34.846586],[138.494382,-34.846528]]}},{"type":"Feature","properties":{"tier":"arterial"},"geometry":{"type":"LineString","coordinates":[[138.494508,-34.84693],[138.494443,-34.846689]]}},{"type":"Feature","properties":{"tier":"regional"},"geometry":{"type":"LineString","coordinates":[[138.494714,-34.823011],[138.494723,-34.823054],[138.494783,-34.823323],[138.494793,-34.82337],[138.49493,-34.824006],[138.495137,-34.824938],[138.49527,-34.825587]]}},{"type":"Feature","properties":{"tier":"regional"},"geometry":{"type":"LineString","coordinates":[[138.494235,-34.820737],[138.494253,-34.82083],[138.494334,-34.821243]]}},{"type":"Feature","properties":{"tier":"regional"},"geometry":{"type":"LineString","coordinates":[[138.49903,-34.792188],[138.49893,-34.792225],[138.498584,-34.792328],[138.498467,-34.792357],[138.498119,-34.792445],[138.497836,-34.792482],[138.49757,-34.792506],[138.497302,-34.792509],[138.497114,-34.792509],[138.496827,-34.792509],[138.496669,-34.792509],[138.496476,-34.792508],[138.495957,-34.792515],[138.495419,-34.792522],[138.493198,-34.792525],[138.491756,-34.792519],[138.49161,-34.792516]]}},{"type":"Feature","properties":{"tier":"arterial"},"geometry":{"type":"LineString","coordinates":[[138.49034,-34.898879],[138.490371,-34.899185],[138.490409,-34.89972],[138.490425,-34.899948],[138.490434,-34.900033],[138.490438,-34.900102],[138.490397,-34.900135]]}},{"type":"Feature","properties":{"tier":"arterial"},"geometry":{"type":"LineString","coordinates":[[138.493759,-34.877632],[138.49375,-34.87743],[138.493731,-34.877384],[138.49371,-34.877334],[138.493615,-34.877221]]}},{"type":"Feature","properties":{"tier":"arterial"},"geometry":{"type":"LineString","coordinates":[[138.494254,-34.877466],[138.494081,-34.877484],[138.494035,-34.877497],[138.49399,-34.87751],[138.493873,-34.877576]]}},{"type":"Feature","properties":{"tier":"arterial"},"geometry":{"type":"LineString","coordinates":[[138.493452,-34.916457],[138.493329,-34.91601],[138.492942,-34.914606],[138.492797,-34.914039],[138.492762,-34.913933],[138.492353,-34.912403],[138.492129,-34.911564],[138.491925,-34.910801],[138.491901,-34.910711],[138.491885,-34.91064],[138.491333,-34.908445]]}},{"type":"Feature","properties":{"tier":"arterial"},"geometry":{"type":"LineString","coordinates":[[138.496111,-34.925632],[138.496089,-34.925721],[138.496087,-34.925795],[138.496053,-34.925846]]}},{"type":"Feature","properties":{"tier":"arterial"},"geometry":{"type":"LineString","coordinates":[[138.496053,-34.925846],[138.496374,-34.926977],[138.496953,-34.928675],[138.497741,-34.931154],[138.498239,-34.93258],[138.498259,-34.932639],[138.498355,-34.932925],[138.49845,-34.933215],[138.498644,-34.933798],[138.498742,-34.934088],[138.498769,-34.934167],[138.498805,-34.934288],[138.498945,-34.934721],[138.499001,-34.93488]]}},{"type":"Feature","properties":{"tier":"arterial"},"geometry":{"type":"LineString","coordinates":[[138.49515,-34.922588],[138.495211,-34.922815],[138.495369,-34.923444],[138.495854,-34.925127],[138.495861,-34.925152]]}},{"type":"Feature","properties":{"tier":"arterial"},"geometry":{"type":"LineString","coordinates":[[138.49894,-34.907163],[138.498379,-34.907188],[138.49796,-34.907208]]}},{"type":"Feature","properties":{"tier":"regional"},"geometry":{"type":"LineString","coordinates":[[138.49894,-34.907163],[138.498931,-34.90708]]}},{"type":"Feature","properties":{"tier":"arterial"},"geometry":{"type":"LineString","coordinates":[[138.489767,-34.894429],[138.490517,-34.894404],[138.491057,-34.894385],[138.491296,-34.894374],[138.491524,-34.894367],[138.492922,-34.894324]]}},{"type":"Feature","properties":{"tier":"arterial"},"geometry":{"type":"LineString","coordinates":[[138.493077,-34.894411],[138.492988,-34.894372],[138.492922,-34.894324]]}},{"type":"Feature","properties":{"tier":"arterial"},"geometry":{"type":"LineString","coordinates":[[138.496334,-34.878415],[138.495989,-34.878182],[138.495767,-34.878063],[138.49566,-34.878003],[138.495446,-34.877897],[138.494827,-34.877665]]}},{"type":"Feature","properties":{"tier":"arterial"},"geometry":{"type":"LineString","coordinates":[[138.496989,-34.878912],[138.496879,-34.878829],[138.496632,-34.878641]]}},{"type":"Feature","properties":{"tier":"regional"},"geometry":{"type":"LineString","coordinates":[[138.491821,-34.876612],[138.491985,-34.87654]]}},{"type":"Feature","properties":{"tier":"high"},"geometry":{"type":"LineString","coordinates":[[138.495789,-34.583105],[138.49474,-34.582209],[138.490431,-34.57853],[138.486038,-34.5747],[138.483976,-34.572877],[138.483916,-34.572825],[138.483852,-34.572769],[138.479502,-34.568949],[138.479422,-34.568885],[138.479087,-34.568605],[138.471939,-34.562513],[138.471876,-34.562459]]}},{"type":"Feature","properties":{"tier":"high"},"geometry":{"type":"LineString","coordinates":[[138.495934,-34.583222],[138.495789,-34.583105]]}},{"type":"Feature","properties":{"tier":"high"},"geometry":{"type":"LineString","coordinates":[[138.496271,-34.58304],[138.496932,-34.583609],[138.50002,-34.58629]]}},{"type":"Feature","properties":{"tier":"high"},"geometry":{"type":"LineString","coordinates":[[138.496122,-34.582909],[138.496271,-34.58304]]}},{"type":"Feature","properties":{"tier":"arterial"},"geometry":{"type":"LineString","coordinates":[[138.491216,-34.812326],[138.491284,-34.812326],[138.491436,-34.812325],[138.491618,-34.812324],[138.491941,-34.812323],[138.492367,-34.812315],[138.492522,-34.812309],[138.49275,-34.812303],[138.493079,-34.812267],[138.494252,-34.812151],[138.494484,-34.812137]]}},{"type":"Feature","properties":{"tier":"arterial"},"geometry":{"type":"LineString","coordinates":[[138.50002,-34.907116],[138.499694,-34.907133],[138.499475,-34.907144]]}},{"type":"Feature","properties":{"tier":"arterial"},"geometry":{"type":"LineString","coordinates":[[138.499469,-34.907056],[138.50002,-34.907029]]}},{"type":"Feature","properties":{"tier":"arterial"},"geometry":{"type":"LineString","coordinates":[[138.499475,-34.907144],[138.499427,-34.907146],[138.49894,-34.907163]]}},{"type":"Feature","properties":{"tier":"arterial"},"geometry":{"type":"LineString","coordinates":[[138.498931,-34.90708],[138.499469,-34.907056]]}},{"type":"Feature","properties":{"tier":"arterial"},"geometry":{"type":"LineString","coordinates":[[138.50002,-34.879837],[138.499328,-34.879829]]}},{"type":"Feature","properties":{"tier":"arterial"},"geometry":{"type":"LineString","coordinates":[[138.499154,-34.879669],[138.50002,-34.879688]]}},{"type":"Feature","properties":{"tier":"arterial"},"geometry":{"type":"LineString","coordinates":[[138.497143,-34.879029],[138.497046,-34.878955],[138.496989,-34.878912]]}},{"type":"Feature","properties":{"tier":"arterial"},"geometry":{"type":"LineString","coordinates":[[138.497418,-34.879251],[138.497143,-34.879029]]}},{"type":"Feature","properties":{"tier":"arterial"},"geometry":{"type":"LineString","coordinates":[[138.496632,-34.878641],[138.496334,-34.878415]]}},{"type":"Feature","properties":{"tier":"arterial"},"geometry":{"type":"LineString","coordinates":[[138.496421,-34.878269],[138.496771,-34.87852]]}},{"type":"Feature","properties":{"tier":"arterial"},"geometry":{"type":"LineString","coordinates":[[138.494972,-34.877571],[138.495745,-34.877883],[138.495807,-34.877916],[138.49607,-34.878055],[138.496421,-34.878269]]}},{"type":"Feature","properties":{"tier":"arterial"},"geometry":{"type":"LineString","coordinates":[[138.493967,-34.877366],[138.49389,-34.877336]]}},{"type":"Feature","properties":{"tier":"arterial"},"geometry":{"type":"LineString","coordinates":[[138.494026,-34.877248],[138.494839,-34.877526],[138.494972,-34.877571]]}},{"type":"Feature","properties":{"tier":"arterial"},"geometry":{"type":"LineString","coordinates":[[138.49389,-34.877336],[138.493822,-34.877307],[138.493615,-34.877221]]}},{"type":"Feature","properties":{"tier":"arterial"},"geometry":{"type":"LineString","coordinates":[[138.49406,-34.877399],[138.493967,-34.877366]]}},{"type":"Feature","properties":{"tier":"arterial"},"geometry":{"type":"LineString","coordinates":[[138.493942,-34.877219],[138.494026,-34.877248]]}},{"type":"Feature","properties":{"tier":"arterial"},"geometry":{"type":"LineString","coordinates":[[138.49185,-34.875871],[138.491973,-34.875974],[138.492383,-34.876328],[138.492704,-34.87656],[138.493077,-34.876812],[138.493348,-34.876955],[138.493557,-34.877057],[138.493847,-34.877177],[138.493858,-34.877181],[138.493942,-34.877219]]}},{"type":"Feature","properties":{"tier":"regional"},"geometry":{"type":"LineString","coordinates":[[138.49389,-34.877336],[138.493942,-34.877219]]}},{"type":"Feature","properties":{"tier":"regional"},"geometry":{"type":"LineString","coordinates":[[138.493862,-34.877398],[138.493869,-34.877382],[138.49389,-34.877336]]}},{"type":"Feature","properties":{"tier":"regional"},"geometry":{"type":"LineString","coordinates":[[138.493967,-34.877366],[138.493948,-34.877408],[138.493873,-34.877576]]}},{"type":"Feature","properties":{"tier":"regional"},"geometry":{"type":"LineString","coordinates":[[138.494026,-34.877248],[138.493967,-34.877366]]}},{"type":"Feature","properties":{"tier":"regional"},"geometry":{"type":"LineString","coordinates":[[138.492922,-34.894324],[138.492915,-34.894274],[138.49291,-34.894236],[138.492872,-34.89398]]}},{"type":"Feature","properties":{"tier":"arterial"},"geometry":{"type":"LineString","coordinates":[[138.494154,-34.840651],[138.494517,-34.840605],[138.494582,-34.840591]]}},{"type":"Feature","properties":{"tier":"arterial"},"geometry":{"type":"LineString","coordinates":[[138.494618,-34.840718],[138.494544,-34.840732],[138.494167,-34.840781]]}},{"type":"Feature","properties":{"tier":"arterial"},"geometry":{"type":"LineString","coordinates":[[138.492887,-34.841932],[138.492816,-34.841792]]}},{"type":"Feature","properties":{"tier":"arterial"},"geometry":{"type":"LineString","coordinates":[[138.492887,-34.841783],[138.492887,-34.841932]]}},{"type":"Feature","properties":{"tier":"arterial"},"geometry":{"type":"LineString","coordinates":[[138.494893,-34.85072],[138.494875,-34.850512],[138.494857,-34.850303]]}},{"type":"Feature","properties":{"tier":"arterial"},"geometry":{"type":"LineString","coordinates":[[138.494857,-34.850303],[138.494839,-34.850139]]}},{"type":"Feature","properties":{"tier":"arterial"},"geometry":{"type":"LineString","coordinates":[[138.494996,-34.852017],[138.494998,-34.851904]]}},{"type":"Feature","properties":{"tier":"arterial"},"geometry":{"type":"LineString","coordinates":[[138.493041,-34.85183],[138.492965,-34.85182],[138.492713,-34.851792]]}},{"type":"Feature","properties":{"tier":"regional"},"geometry":{"type":"LineString","coordinates":[[138.493056,-34.851729],[138.493044,-34.851784],[138.493041,-34.85183]]}},{"type":"Feature","properties":{"tier":"arterial"},"geometry":{"type":"LineString","coordinates":[[138.493811,-34.851796],[138.494582,-34.851858]]}},{"type":"Feature","properties":{"tier":"arterial"},"geometry":{"type":"LineString","coordinates":[[138.486662,-34.84562],[138.486661,-34.845472],[138.486648,-34.845396],[138.486616,-34.84534],[138.486573,-34.845296],[138.486518,-34.845233]]}},{"type":"Feature","properties":{"tier":"arterial"},"geometry":{"type":"LineString","coordinates":[[138.486954,-34.844911],[138.486993,-34.845087],[138.48701,-34.845132],[138.487061,-34.845187],[138.487161,-34.845275]]}},{"type":"Feature","properties":{"tier":"arterial"},"geometry":{"type":"LineString","coordinates":[[138.494002,-34.918463],[138.494033,-34.918547],[138.494065,-34.918631],[138.494115,-34.918812]]}},{"type":"Feature","properties":{"tier":"arterial"},"geometry":{"type":"LineString","coordinates":[[138.494052,-34.918777],[138.494026,-34.918634],[138.494014,-34.918548],[138.494002,-34.918463]]}},{"type":"Feature","properties":{"tier":"high"},"geometry":{"type":"LineString","coordinates":[[138.499948,-34.782296],[138.50002,-34.782375]]}},{"type":"Feature","properties":{"tier":"high"},"geometry":{"type":"LineString","coordinates":[[138.479646,-34.568683],[138.480722,-34.569606],[138.48412,-34.57254],[138.484207,-34.572616],[138.484393,-34.572779],[138.485608,-34.57383],[138.486333,-34.574459],[138.487141,-34.575151],[138.488507,-34.576337],[138.489977,-34.577602],[138.490835,-34.578347],[138.492779,-34.580027],[138.494494,-34.581506],[138.494947,-34.581897],[138.496122,-34.582909]]}},{"type":"Feature","properties":{"tier":"high"},"geometry":{"type":"LineString","coordinates":[[138.475876,-34.56543],[138.477563,-34.566885],[138.479186,-34.568282],[138.47946,-34.568522],[138.479646,-34.568683]]}},{"type":"Feature","properties":{"tier":"arterial"},"geometry":{"type":"LineString","coordinates":[[138.494967,-34.851491],[138.494914,-34.850969]]}},{"type":"Feature","properties":{"tier":"arterial"},"geometry":{"type":"LineString","coordinates":[[138.493044,-34.840682],[138.492775,-34.840636],[138.492683,-34.840617],[138.492658,-34.840609]]}},{"type":"Feature","properties":{"tier":"arterial"},"geometry":{"type":"LineString","coordinates":[[138.499988,-34.93785],[138.50002,-34.937921]]}},{"type":"Feature","properties":{"tier":"high"},"geometry":{"type":"LineString","coordinates":[[138.444039,-34.537991],[138.444094,-34.538041],[138.444725,-34.538578],[138.44924,-34.542462],[138.451793,-34.544668],[138.452578,-34.545339],[138.453753,-34.546351],[138.454741,-34.5472],[138.454921,-34.547357],[138.455016,-34.547441],[138.455107,-34.547519],[138.455193,-34.547597]]}},{"type":"Feature","properties":{"tier":"high"},"geometry":{"type":"LineString","coordinates":[[138.444005,-34.53796],[138.444039,-34.537991]]}},{"type":"Feature","properties":{"tier":"high"},"geometry":{"type":"LineString","coordinates":[[138.441046,-34.535416],[138.441839,-34.536098],[138.44211,-34.536331],[138.442648,-34.536796],[138.443282,-34.537336],[138.443644,-34.537648],[138.444005,-34.53796]]}},{"type":"Feature","properties":{"tier":"high"},"geometry":{"type":"LineString","coordinates":[[138.439124,-34.533557],[138.439146,-34.533582],[138.439476,-34.533925],[138.439554,-34.534008],[138.439642,-34.534096],[138.439727,-34.534183],[138.439813,-34.534265],[138.439897,-34.534353],[138.43998,-34.534431],[138.440069,-34.534521],[138.440245,-34.534691],[138.440333,-34.534769],[138.44042,-34.534852],[138.440509,-34.534933],[138.440595,-34.535013],[138.440685,-34.535096],[138.440773,-34.535178],[138.440865,-34.535256],[138.440957,-34.535338],[138.441046,-34.535416]]}},{"type":"Feature","properties":{"tier":"regional"},"geometry":{"type":"LineString","coordinates":[[138.439124,-34.533557],[138.438925,-34.533689]]}},{"type":"Feature","properties":{"tier":"high"},"geometry":{"type":"LineString","coordinates":[[138.435002,-34.529559],[138.4351,-34.529644]]}},{"type":"Feature","properties":{"tier":"high"},"geometry":{"type":"LineString","coordinates":[[138.4351,-34.529644],[138.435203,-34.529736],[138.435641,-34.530121],[138.436424,-34.530837],[138.437859,-34.53223],[138.439065,-34.533493]]}},{"type":"Feature","properties":{"tier":"high"},"geometry":{"type":"LineString","coordinates":[[138.439065,-34.533493],[138.439124,-34.533557]]}},{"type":"Feature","properties":{"tier":"high"},"geometry":{"type":"LineString","coordinates":[[138.460098,-34.551824],[138.460186,-34.551904]]}},{"type":"Feature","properties":{"tier":"high"},"geometry":{"type":"LineString","coordinates":[[138.457391,-34.549495],[138.458023,-34.550038],[138.458383,-34.550351],[138.459377,-34.551203],[138.460098,-34.551824]]}},{"type":"Feature","properties":{"tier":"high"},"geometry":{"type":"LineString","coordinates":[[138.465776,-34.556724],[138.465958,-34.556883]]}},{"type":"Feature","properties":{"tier":"high"},"geometry":{"type":"LineString","coordinates":[[138.460186,-34.551904],[138.460276,-34.551979],[138.461087,-34.552682],[138.463619,-34.554861],[138.464785,-34.555876],[138.465776,-34.556724]]}},{"type":"Feature","properties":{"tier":"high"},"geometry":{"type":"LineString","coordinates":[[138.472175,-34.562242],[138.472271,-34.562326],[138.473354,-34.563259],[138.474844,-34.564543],[138.475876,-34.56543]]}},{"type":"Feature","properties":{"tier":"high"},"geometry":{"type":"LineString","coordinates":[[138.472011,-34.562101],[138.472175,-34.562242]]}},{"type":"Feature","properties":{"tier":"high"},"geometry":{"type":"LineString","coordinates":[[138.422704,-34.519561],[138.422993,-34.519793],[138.424693,-34.521174],[138.425168,-34.521554],[138.42792,-34.523785],[138.428768,-34.524475],[138.429616,-34.52516],[138.430849,-34.526157],[138.431899,-34.527005],[138.433127,-34.528001],[138.434353,-34.529006],[138.435002,-34.529559]]}},{"type":"Feature","properties":{"tier":"arterial"},"geometry":{"type":"LineString","coordinates":[[138.491427,-34.905021],[138.491453,-34.905025],[138.491476,-34.905029],[138.491496,-34.90504],[138.491518,-34.905063],[138.491525,-34.905086]]}},{"type":"Feature","properties":{"tier":"regional"},"geometry":{"type":"LineString","coordinates":[[138.49995,-34.825242],[138.50002,-34.825234]]}},{"type":"Feature","properties":{"tier":"arterial"},"geometry":{"type":"LineString","coordinates":[[138.498567,-34.839644],[138.498636,-34.839612],[138.498847,-34.839524],[138.499017,-34.839478],[138.499395,-34.839414],[138.50002,-34.839328]]}},{"type":"Feature","properties":{"tier":"arterial"},"geometry":{"type":"LineString","coordinates":[[138.498319,-34.839759],[138.498567,-34.839644]]}},{"type":"Feature","properties":{"tier":"arterial"},"geometry":{"type":"LineString","coordinates":[[138.490397,-34.900135],[138.490355,-34.90011],[138.490344,-34.900057],[138.490304,-34.899741],[138.490249,-34.899134],[138.490227,-34.898899],[138.490188,-34.898658],[138.490168,-34.898575],[138.490135,-34.898432],[138.490073,-34.898239],[138.490006,-34.898049],[138.489931,-34.897865],[138.489793,-34.897585],[138.489727,-34.897459],[138.489625,-34.897279]]}},{"type":"Feature","properties":{"tier":"arterial"},"geometry":{"type":"LineString","coordinates":[[138.489149,-34.89455],[138.488878,-34.894543],[138.488792,-34.894515]]}},{"type":"Feature","properties":{"tier":"arterial"},"geometry":{"type":"LineString","coordinates":[[138.50002,-34.839434],[138.499379,-34.83952],[138.499104,-34.839564],[138.498868,-34.839625],[138.498723,-34.839675],[138.498323,-34.839871]]}},{"type":"Feature","properties":{"tier":"regional"},"geometry":{"type":"LineString","coordinates":[[138.49205,-34.859513],[138.491973,-34.859552],[138.491726,-34.859676],[138.491475,-34.859802],[138.490846,-34.860116],[138.490394,-34.860343],[138.490009,-34.860537],[138.489726,-34.860681],[138.489454,-34.860819],[138.488966,-34.861077],[138.488552,-34.861275],[138.488199,-34.861471],[138.488039,-34.861574],[138.487877,-34.861681],[138.487749,-34.861781],[138.487723,-34.861801],[138.487584,-34.861913],[138.487455,-34.862023],[138.487327,-34.862139],[138.487082,-34.86239],[138.486802,-34.862765],[138.486745,-34.862847],[138.486689,-34.862926],[138.485802,-34.864276],[138.485287,-34.865044],[138.484769,-34.865813],[138.48445,-34.866292],[138.484223,-34.866713],[138.484109,-34.866924],[138.48386,-34.867661],[138.48371,-34.86828],[138.483669,-34.868797],[138.483659,-34.869274],[138.483656,-34.869561],[138.483653,-34.869948],[138.483639,-34.870937],[138.483648,-34.871309]]}},{"type":"Feature","properties":{"tier":"regional"},"geometry":{"type":"LineString","coordinates":[[138.49205,-34.859513],[138.49204,-34.859493],[138.492038,-34.859472],[138.492045,-34.859451],[138.49206,-34.859434],[138.49208,-34.85942],[138.492105,-34.859413],[138.492132,-34.859413],[138.492157,-34.85942],[138.492178,-34.859434],[138.492187,-34.859445]]}},{"type":"Feature","properties":{"tier":"regional"},"geometry":{"type":"LineString","coordinates":[[138.484442,-34.850946],[138.484466,-34.850887]]}},{"type":"Feature","properties":{"tier":"arterial"},"geometry":{"type":"LineString","coordinates":[[138.479766,-34.850378],[138.480735,-34.850483],[138.481224,-34.850535],[138.483762,-34.85082]]}},{"type":"Feature","properties":{"tier":"regional"},"geometry":{"type":"LineString","coordinates":[[138.483648,-34.871309],[138.483658,-34.871424]]}},{"type":"Feature","properties":{"tier":"arterial"},"geometry":{"type":"LineString","coordinates":[[138.484319,-34.871255],[138.48451,-34.871259],[138.484879,-34.871266],[138.485454,-34.871339]]}},{"type":"Feature","properties":{"tier":"high"},"geometry":{"type":"LineString","coordinates":[[138.461642,-34.553587],[138.460059,-34.552219],[138.459916,-34.552094]]}},{"type":"Feature","properties":{"tier":"arterial"},"geometry":{"type":"LineString","coordinates":[[138.494254,-34.877466],[138.49406,-34.877399]]}},{"type":"Feature","properties":{"tier":"arterial"},"geometry":{"type":"LineString","coordinates":[[138.482248,-34.871652],[138.482107,-34.871639]]}},{"type":"Feature","properties":{"tier":"arterial"},"geometry":{"type":"LineString","coordinates":[[138.481711,-34.844432],[138.481683,-34.844402],[138.481656,-34.844349]]}},{"type":"Feature","properties":{"tier":"arterial"},"geometry":{"type":"LineString","coordinates":[[138.482072,-34.844282],[138.482074,-34.844324],[138.482057,-34.844381],[138.48199,-34.844449]]}},{"type":"Feature","properties":{"tier":"arterial"},"geometry":{"type":"LineString","coordinates":[[138.482018,-34.844192],[138.482055,-34.844237],[138.482072,-34.844282]]}},{"type":"Feature","properties":{"tier":"arterial"},"geometry":{"type":"LineString","coordinates":[[138.493507,-34.818989],[138.493435,-34.819133],[138.49308,-34.819841]]}},{"type":"Feature","properties":{"tier":"arterial"},"geometry":{"type":"LineString","coordinates":[[138.49001,-34.825641],[138.489725,-34.826173]]}},{"type":"Feature","properties":{"tier":"arterial"},"geometry":{"type":"LineString","coordinates":[[138.491469,-34.846067],[138.491559,-34.846083],[138.492113,-34.846187]]}},{"type":"Feature","properties":{"tier":"arterial"},"geometry":{"type":"LineString","coordinates":[[138.491424,-34.846156],[138.491332,-34.846141]]}},{"type":"Feature","properties":{"tier":"arterial"},"geometry":{"type":"LineString","coordinates":[[138.491378,-34.84605],[138.491469,-34.846067]]}},{"type":"Feature","properties":{"tier":"arterial"},"geometry":{"type":"LineString","coordinates":[[138.491948,-34.846267],[138.491798,-34.846235],[138.491528,-34.846178],[138.491424,-34.846156]]}},{"type":"Feature","properties":{"tier":"arterial"},"geometry":{"type":"LineString","coordinates":[[138.495002,-34.812145],[138.495097,-34.812146]]}},{"type":"Feature","properties":{"tier":"arterial"},"geometry":{"type":"LineString","coordinates":[[138.494484,-34.812137],[138.495002,-34.812145]]}},{"type":"Feature","properties":{"tier":"arterial"},"geometry":{"type":"LineString","coordinates":[[138.489625,-34.897279],[138.489188,-34.896447],[138.489089,-34.896251],[138.489013,-34.896073],[138.488949,-34.895879],[138.488897,-34.895676],[138.488857,-34.895506],[138.488718,-34.894754]]}},{"type":"Feature","properties":{"tier":"arterial"},"geometry":{"type":"LineString","coordinates":[[138.488718,-34.894754],[138.488694,-34.894655]]}},{"type":"Feature","properties":{"tier":"arterial"},"geometry":{"type":"LineString","coordinates":[[138.489121,-34.89445],[138.489562,-34.894437],[138.489767,-34.894429]]}},{"type":"Feature","properties":{"tier":"arterial"},"geometry":{"type":"LineString","coordinates":[[138.488167,-34.892128],[138.488236,-34.892314],[138.488357,-34.892654],[138.488466,-34.892997],[138.488537,-34.893249],[138.488603,-34.893512],[138.488689,-34.893941]]}},{"type":"Feature","properties":{"tier":"arterial"},"geometry":{"type":"LineString","coordinates":[[138.488887,-34.895038],[138.488935,-34.895304],[138.489013,-34.895669],[138.489129,-34.896046],[138.489246,-34.8963],[138.489594,-34.896977],[138.489733,-34.89723]]}},{"type":"Feature","properties":{"tier":"arterial"},"geometry":{"type":"LineString","coordinates":[[138.486827,-34.84522],[138.486933,-34.845237],[138.487161,-34.845275]]}},{"type":"Feature","properties":{"tier":"arterial"},"geometry":{"type":"LineString","coordinates":[[138.487137,-34.845337],[138.486903,-34.845303],[138.486857,-34.845297],[138.486798,-34.845288]]}},{"type":"Feature","properties":{"tier":"regional"},"geometry":{"type":"LineString","coordinates":[[138.486662,-34.84562],[138.486771,-34.845355],[138.486781,-34.84533],[138.486798,-34.845288],[138.486827,-34.84522],[138.486851,-34.845161],[138.486864,-34.845129],[138.486954,-34.844911]]}},{"type":"Feature","properties":{"tier":"arterial"},"geometry":{"type":"LineString","coordinates":[[138.48955,-34.845704],[138.489688,-34.845731],[138.490968,-34.845973]]}},{"type":"Feature","properties":{"tier":"arterial"},"geometry":{"type":"LineString","coordinates":[[138.48621,-34.845169],[138.485873,-34.845106]]}},{"type":"Feature","properties":{"tier":"regional"},"geometry":{"type":"LineString","coordinates":[[138.484466,-34.850887],[138.484488,-34.850834],[138.484496,-34.850816],[138.484551,-34.850684],[138.484816,-34.850048],[138.48503,-34.849534],[138.485104,-34.849356],[138.485194,-34.849142],[138.48539,-34.848671],[138.485464,-34.848494],[138.485616,-34.848128],[138.485827,-34.847622],[138.485924,-34.84739],[138.485946,-34.847337],[138.486098,-34.846973],[138.486295,-34.846501],[138.486662,-34.84562]]}},{"type":"Feature","properties":{"tier":"arterial"},"geometry":{"type":"LineString","coordinates":[[138.481988,-34.871131],[138.482108,-34.87135]]}},{"type":"Feature","properties":{"tier":"arterial"},"geometry":{"type":"LineString","coordinates":[[138.482434,-34.871545],[138.483648,-34.871309]]}},{"type":"Feature","properties":{"tier":"arterial"},"geometry":{"type":"LineString","coordinates":[[138.487261,-34.830856],[138.487135,-34.831098]]}},{"type":"Feature","properties":{"tier":"arterial"},"geometry":{"type":"LineString","coordinates":[[138.487375,-34.830634],[138.487261,-34.830856]]}},{"type":"Feature","properties":{"tier":"arterial"},"geometry":{"type":"LineString","coordinates":[[138.487101,-34.831165],[138.486983,-34.831392]]}},{"type":"Feature","properties":{"tier":"arterial"},"geometry":{"type":"LineString","coordinates":[[138.489126,-34.827334],[138.488687,-34.828152],[138.48856,-34.828403],[138.488298,-34.82891],[138.48825,-34.828995],[138.487804,-34.829819],[138.487375,-34.830634]]}},{"type":"Feature","properties":{"tier":"arterial"},"geometry":{"type":"LineString","coordinates":[[138.483414,-34.780882],[138.484315,-34.781287]]}},{"type":"Feature","properties":{"tier":"arterial"},"geometry":{"type":"LineString","coordinates":[[138.499956,-34.937991],[138.499912,-34.937833]]}},{"type":"Feature","properties":{"tier":"arterial"},"geometry":{"type":"LineString","coordinates":[[138.484466,-34.850887],[138.485567,-34.851003],[138.485906,-34.851038],[138.486067,-34.851055],[138.486095,-34.851057],[138.486788,-34.851121],[138.486958,-34.851137],[138.487503,-34.851188],[138.487799,-34.851217],[138.488006,-34.851238],[138.488542,-34.851291]]}},{"type":"Feature","properties":{"tier":"regional"},"geometry":{"type":"LineString","coordinates":[[138.489113,-34.851344],[138.489085,-34.851405]]}},{"type":"Feature","properties":{"tier":"arterial"},"geometry":{"type":"LineString","coordinates":[[138.492713,-34.851792],[138.491904,-34.851689],[138.490792,-34.851571],[138.490699,-34.851561],[138.490263,-34.851516],[138.489658,-34.851458],[138.489504,-34.851444],[138.489085,-34.851405]]}},{"type":"Feature","properties":{"tier":"arterial"},"geometry":{"type":"LineString","coordinates":[[138.488542,-34.851291],[138.489113,-34.851344]]}},{"type":"Feature","properties":{"tier":"arterial"},"geometry":{"type":"LineString","coordinates":[[138.479623,-34.85037],[138.479766,-34.850378]]}},{"type":"Feature","properties":{"tier":"arterial"},"geometry":{"type":"LineString","coordinates":[[138.492248,-34.821402],[138.492193,-34.821506],[138.491781,-34.822344],[138.491725,-34.822449],[138.491338,-34.823166],[138.490882,-34.823987],[138.490438,-34.824829],[138.490387,-34.824926],[138.490361,-34.824976],[138.49001,-34.825641]]}},{"type":"Feature","properties":{"tier":"regional"},"geometry":{"type":"LineString","coordinates":[[138.48647,-34.825303],[138.486569,-34.825341],[138.486601,-34.825353],[138.486958,-34.82549],[138.487171,-34.825572],[138.489282,-34.826381]]}},{"type":"Feature","properties":{"tier":"arterial"},"geometry":{"type":"LineString","coordinates":[[138.489426,-34.826753],[138.489126,-34.827334]]}},{"type":"Feature","properties":{"tier":"arterial"},"geometry":{"type":"LineString","coordinates":[[138.478343,-34.85705],[138.478334,-34.856793],[138.478355,-34.856584],[138.478367,-34.856507],[138.478447,-34.855998],[138.478495,-34.855592],[138.478524,-34.855337],[138.478574,-34.854896],[138.478691,-34.8538],[138.478692,-34.853787],[138.478709,-34.85363],[138.478759,-34.853147],[138.478776,-34.852963],[138.478804,-34.852677],[138.478855,-34.852176],[138.478911,-34.851675],[138.478966,-34.851419],[138.479034,-34.851204],[138.479083,-34.851089],[138.479115,-34.851013],[138.479231,-34.850699],[138.47933,-34.850489]]}},{"type":"Feature","properties":{"tier":"regional"},"geometry":{"type":"LineString","coordinates":[[138.477089,-34.850126],[138.477128,-34.85015],[138.477208,-34.850166],[138.477954,-34.850241],[138.478521,-34.850299]]}},{"type":"Feature","properties":{"tier":"arterial"},"geometry":{"type":"LineString","coordinates":[[138.479347,-34.850709],[138.4793,-34.850821],[138.479204,-34.851049],[138.479191,-34.851081],[138.479135,-34.851223]]}},{"type":"Feature","properties":{"tier":"arterial"},"geometry":{"type":"LineString","coordinates":[[138.482162,-34.843474],[138.482012,-34.843853]]}},{"type":"Feature","properties":{"tier":"arterial"},"geometry":{"type":"LineString","coordinates":[[138.481648,-34.844771],[138.481579,-34.844952]]}},{"type":"Feature","properties":{"tier":"arterial"},"geometry":{"type":"LineString","coordinates":[[138.482949,-34.844553],[138.482615,-34.844491],[138.482238,-34.844451]]}},{"type":"Feature","properties":{"tier":"arterial"},"geometry":{"type":"LineString","coordinates":[[138.483745,-34.844701],[138.483198,-34.8446]]}},{"type":"Feature","properties":{"tier":"arterial"},"geometry":{"type":"LineString","coordinates":[[138.491361,-34.90509],[138.491366,-34.90506],[138.491391,-34.905035],[138.491427,-34.905021]]}},{"type":"Feature","properties":{"tier":"arterial"},"geometry":{"type":"LineString","coordinates":[[138.491525,-34.905086],[138.491519,-34.905116],[138.491509,-34.905137],[138.491486,-34.905153],[138.491454,-34.905161]]}},{"type":"Feature","properties":{"tier":"arterial"},"geometry":{"type":"LineString","coordinates":[[138.491333,-34.908445],[138.49119,-34.907873],[138.49112,-34.907684],[138.491097,-34.907621]]}},{"type":"Feature","properties":{"tier":"arterial"},"geometry":{"type":"LineString","coordinates":[[138.492166,-34.907437],[138.492241,-34.907435],[138.492466,-34.907426],[138.492571,-34.907422],[138.492802,-34.907414]]}},{"type":"Feature","properties":{"tier":"arterial"},"geometry":{"type":"LineString","coordinates":[[138.497663,-34.925566],[138.497473,-34.925575],[138.497422,-34.925589],[138.497395,-34.925601],[138.497331,-34.925626]]}},{"type":"Feature","properties":{"tier":"arterial"},"geometry":{"type":"LineString","coordinates":[[138.49086,-34.840127],[138.49092,-34.840136],[138.491027,-34.840154],[138.491101,-34.84017]]}},{"type":"Feature","properties":{"tier":"arterial"},"geometry":{"type":"LineString","coordinates":[[138.4998,-34.852312],[138.499989,-34.852327]]}},{"type":"Feature","properties":{"tier":"high"},"geometry":{"type":"LineString","coordinates":[[138.459916,-34.552094],[138.459778,-34.551975],[138.456775,-34.549376],[138.455218,-34.548028]]}},{"type":"Feature","properties":{"tier":"high"},"geometry":{"type":"LineString","coordinates":[[138.471876,-34.562459],[138.471814,-34.562405],[138.465855,-34.557231],[138.465735,-34.557127],[138.461642,-34.553587]]}},{"type":"Feature","properties":{"tier":"high"},"geometry":{"type":"LineString","coordinates":[[138.455451,-34.547819],[138.455501,-34.54786],[138.455589,-34.54794],[138.455763,-34.548092],[138.455859,-34.54817],[138.456222,-34.548482],[138.456936,-34.549105],[138.457022,-34.54918],[138.457123,-34.549265],[138.457391,-34.549495]]}},{"type":"Feature","properties":{"tier":"high"},"geometry":{"type":"LineString","coordinates":[[138.50002,-34.586742],[138.495934,-34.583222]]}},{"type":"Feature","properties":{"tier":"arterial"},"geometry":{"type":"LineString","coordinates":[[138.496225,-34.840327],[138.495794,-34.840397],[138.495471,-34.840473],[138.495412,-34.840487],[138.494803,-34.840678],[138.494618,-34.840718]]}},{"type":"Feature","properties":{"tier":"arterial"},"geometry":{"type":"LineString","coordinates":[[138.494582,-34.840591],[138.494766,-34.840551],[138.495036,-34.840482],[138.495296,-34.84041],[138.495451,-34.840374],[138.495516,-34.840359],[138.495924,-34.840274],[138.496306,-34.840215]]}},{"type":"Feature","properties":{"tier":"regional"},"geometry":{"type":"LineString","coordinates":[[138.497989,-34.838284],[138.497869,-34.837705],[138.497665,-34.836803],[138.497454,-34.835801],[138.497351,-34.835324],[138.497282,-34.834975],[138.497126,-34.834234],[138.497029,-34.833781]]}},{"type":"Feature","properties":{"tier":"arterial"},"geometry":{"type":"LineString","coordinates":[[138.494442,-34.812548],[138.494379,-34.812961],[138.494341,-34.813211],[138.494276,-34.81364]]}},{"type":"Feature","properties":{"tier":"arterial"},"geometry":{"type":"LineString","coordinates":[[138.494484,-34.812137],[138.494476,-34.81224],[138.494469,-34.812357],[138.494442,-34.812548]]}},{"type":"Feature","properties":{"tier":"arterial"},"geometry":{"type":"LineString","coordinates":[[138.488749,-34.894253],[138.488792,-34.894515]]}},{"type":"Feature","properties":{"tier":"arterial"},"geometry":{"type":"LineString","coordinates":[[138.48862,-34.89422],[138.488488,-34.893544]]}},{"type":"Feature","properties":{"tier":"arterial"},"geometry":{"type":"LineString","coordinates":[[138.488846,-34.894794],[138.488887,-34.895038]]}},{"type":"Feature","properties":{"tier":"arterial"},"geometry":{"type":"LineString","coordinates":[[138.488689,-34.893941],[138.48874,-34.894202],[138.488749,-34.894253]]}},{"type":"Feature","properties":{"tier":"arterial"},"geometry":{"type":"LineString","coordinates":[[138.489568,-34.894539],[138.489149,-34.89455]]}},{"type":"Feature","properties":{"tier":"arterial"},"geometry":{"type":"LineString","coordinates":[[138.492399,-34.840542],[138.491607,-34.84036]]}},{"type":"Feature","properties":{"tier":"high"},"geometry":{"type":"LineString","coordinates":[[138.498454,-34.781407],[138.49816,-34.781252],[138.497841,-34.7811],[138.494768,-34.779637]]}},{"type":"Feature","properties":{"tier":"high"},"geometry":{"type":"LineString","coordinates":[[138.499842,-34.782402],[138.499198,-34.781892],[138.498829,-34.781631],[138.498454,-34.781407]]}},{"type":"Feature","properties":{"tier":"arterial"},"geometry":{"type":"LineString","coordinates":[[138.491101,-34.84017],[138.491393,-34.840218]]}},{"type":"Feature","properties":{"tier":"high"},"geometry":{"type":"LineString","coordinates":[[138.49973,-34.823307],[138.499761,-34.823544],[138.499806,-34.823791],[138.50002,-34.824709]]}},{"type":"Feature","properties":{"tier":"high"},"geometry":{"type":"LineString","coordinates":[[138.50002,-34.825651],[138.499979,-34.82545],[138.49995,-34.825242]]}},{"type":"Feature","properties":{"tier":"arterial"},"geometry":{"type":"LineString","coordinates":[[138.497649,-34.846027],[138.496098,-34.846564],[138.495918,-34.846621]]}},{"type":"Feature","properties":{"tier":"arterial"},"geometry":{"type":"LineString","coordinates":[[138.495878,-34.846547],[138.496064,-34.846482],[138.497607,-34.845924]]}},{"type":"Feature","properties":{"tier":"arterial"},"geometry":{"type":"LineString","coordinates":[[138.492816,-34.841792],[138.492812,-34.841773],[138.492699,-34.841355]]}},{"type":"Feature","properties":{"tier":"arterial"},"geometry":{"type":"LineString","coordinates":[[138.492927,-34.840532],[138.493197,-34.840577],[138.493382,-34.840609],[138.493479,-34.840625],[138.493538,-34.840634],[138.49368,-34.840643],[138.493824,-34.840651],[138.494154,-34.840651]]}},{"type":"Feature","properties":{"tier":"high"},"geometry":{"type":"LineString","coordinates":[[138.439492,-34.534247],[138.438952,-34.533719],[138.438925,-34.533689]]}},{"type":"Feature","properties":{"tier":"high"},"geometry":{"type":"LineString","coordinates":[[138.439492,-34.534247],[138.439369,-34.534193],[138.43924,-34.534082],[138.439144,-34.534016],[138.439022,-34.533952],[138.438784,-34.533845],[138.438563,-34.533656]]}},{"type":"Feature","properties":{"tier":"high"},"geometry":{"type":"LineString","coordinates":[[138.454976,-34.547816],[138.451542,-34.544866],[138.443863,-34.53827],[138.443802,-34.538213]]}},{"type":"Feature","properties":{"tier":"high"},"geometry":{"type":"LineString","coordinates":[[138.438925,-34.533689],[138.438779,-34.533518],[138.438189,-34.532956],[138.43758,-34.532407],[138.436098,-34.531141],[138.434773,-34.530041],[138.434704,-34.529981]]}},{"type":"Feature","properties":{"tier":"high"},"geometry":{"type":"LineString","coordinates":[[138.434704,-34.529981],[138.434612,-34.529902],[138.434301,-34.529635],[138.428862,-34.524985],[138.422876,-34.520065],[138.42247,-34.519729]]}},{"type":"Feature","properties":{"tier":"high"},"geometry":{"type":"LineString","coordinates":[[138.443802,-34.538213],[138.443758,-34.53818],[138.440685,-34.535479],[138.439492,-34.534247]]}},{"type":"Feature","properties":{"tier":"high"},"geometry":{"type":"LineString","coordinates":[[138.434704,-34.529981],[138.4351,-34.529644]]}},{"type":"Feature","properties":{"tier":"regional"},"geometry":{"type":"LineString","coordinates":[[138.438563,-34.533656],[138.43822,-34.533267],[138.438043,-34.533089],[138.437713,-34.532782],[138.437446,-34.532545],[138.43673,-34.531956]]}},{"type":"Feature","properties":{"tier":"regional"},"geometry":{"type":"LineString","coordinates":[[138.493873,-34.877576],[138.493726,-34.877905],[138.493615,-34.87817]]}},{"type":"Feature","properties":{"tier":"arterial"},"geometry":{"type":"LineString","coordinates":[[138.494827,-34.877665],[138.494254,-34.877466]]}},{"type":"Feature","properties":{"tier":"arterial"},"geometry":{"type":"LineString","coordinates":[[138.494052,-34.918777],[138.494115,-34.918812]]}},{"type":"Feature","properties":{"tier":"arterial"},"geometry":{"type":"LineString","coordinates":[[138.494138,-34.919129],[138.494119,-34.919049],[138.494068,-34.91887],[138.494052,-34.918777]]}},{"type":"Feature","properties":{"tier":"high"},"geometry":{"type":"LineString","coordinates":[[138.412383,-34.510993],[138.41257,-34.510851]]}},{"type":"Feature","properties":{"tier":"high"},"geometry":{"type":"LineString","coordinates":[[138.451793,-34.544668],[138.451542,-34.544866]]}},{"type":"Feature","properties":{"tier":"high"},"geometry":{"type":"LineString","coordinates":[[138.457022,-34.54918],[138.456775,-34.549376]]}},{"type":"Feature","properties":{"tier":"regional"},"geometry":{"type":"LineString","coordinates":[[138.49349,-34.879799],[138.493481,-34.879761]]}},{"type":"Feature","properties":{"tier":"regional"},"geometry":{"type":"LineString","coordinates":[[138.493414,-34.878804],[138.493385,-34.878644],[138.493391,-34.878582],[138.493485,-34.87829],[138.493539,-34.878156]]}},{"type":"Feature","properties":{"tier":"regional"},"geometry":{"type":"LineString","coordinates":[[138.493497,-34.879833],[138.49349,-34.879799]]}},{"type":"Feature","properties":{"tier":"regional"},"geometry":{"type":"LineString","coordinates":[[138.4938,-34.881005],[138.493752,-34.881092],[138.493741,-34.881258],[138.493733,-34.881856],[138.493732,-34.881955],[138.493681,-34.882003],[138.493618,-34.882015]]}},{"type":"Feature","properties":{"tier":"regional"},"geometry":{"type":"LineString","coordinates":[[138.493568,-34.879761],[138.493574,-34.87979]]}},{"type":"Feature","properties":{"tier":"regional"},"geometry":{"type":"LineString","coordinates":[[138.493574,-34.87979],[138.493581,-34.879815]]}},{"type":"Feature","properties":{"tier":"high"},"geometry":{"type":"LineString","coordinates":[[138.42247,-34.519729],[138.42029,-34.517927],[138.417602,-34.515721],[138.415945,-34.51437],[138.414517,-34.513106],[138.413552,-34.512215],[138.413075,-34.511739],[138.412383,-34.510993],[138.410403,-34.508917],[138.408038,-34.50642],[138.401929,-34.49998]]}},{"type":"Feature","properties":{"tier":"high"},"geometry":{"type":"LineString","coordinates":[[138.402264,-34.49998],[138.402506,-34.500236],[138.403641,-34.501422],[138.404361,-34.502183],[138.405165,-34.503036],[138.40589,-34.503797],[138.40661,-34.504554],[138.407583,-34.505574],[138.408305,-34.506335],[138.409186,-34.507266],[138.410306,-34.508458],[138.410628,-34.5088],[138.41257,-34.510851],[138.412601,-34.510884],[138.412687,-34.510976],[138.413272,-34.511595],[138.413702,-34.512028],[138.414686,-34.512977]]}},{"type":"Feature","properties":{"tier":"high"},"geometry":{"type":"LineString","coordinates":[[138.414517,-34.513106],[138.414686,-34.512977]]}},{"type":"Feature","properties":{"tier":"high"},"geometry":{"type":"LineString","coordinates":[[138.414686,-34.512977],[138.415707,-34.513874],[138.416289,-34.514356],[138.417845,-34.515616],[138.419491,-34.516954],[138.420492,-34.517761],[138.421571,-34.518638],[138.422704,-34.519561]]}},{"type":"Feature","properties":{"tier":"high"},"geometry":{"type":"LineString","coordinates":[[138.42247,-34.519729],[138.422704,-34.519561]]}},{"type":"Feature","properties":{"tier":"regional"},"geometry":{"type":"LineString","coordinates":[[138.491468,-34.845853],[138.491519,-34.845815]]}},{"type":"Feature","properties":{"tier":"arterial"},"geometry":{"type":"LineString","coordinates":[[138.491218,-34.84612],[138.491021,-34.846081],[138.490863,-34.846051]]}},{"type":"Feature","properties":{"tier":"regional"},"geometry":{"type":"LineString","coordinates":[[138.491306,-34.846408],[138.491261,-34.846432]]}},{"type":"Feature","properties":{"tier":"regional"},"geometry":{"type":"LineString","coordinates":[[138.491245,-34.846402],[138.491293,-34.846251],[138.491312,-34.846196],[138.491332,-34.846141]]}},{"type":"Feature","properties":{"tier":"arterial"},"geometry":{"type":"LineString","coordinates":[[138.492113,-34.846187],[138.492264,-34.846223]]}},{"type":"Feature","properties":{"tier":"arterial"},"geometry":{"type":"LineString","coordinates":[[138.492264,-34.846223],[138.492572,-34.846304],[138.492806,-34.846371],[138.492918,-34.846405],[138.49328,-34.846519],[138.493645,-34.846629],[138.493772,-34.846656],[138.494034,-34.846711]]}},{"type":"Feature","properties":{"tier":"arterial"},"geometry":{"type":"LineString","coordinates":[[138.480379,-34.838176],[138.480461,-34.838192],[138.480557,-34.838208]]}},{"type":"Feature","properties":{"tier":"regional"},"geometry":{"type":"LineString","coordinates":[[138.480379,-34.838176],[138.480325,-34.83829]]}},{"type":"Feature","properties":{"tier":"arterial"},"geometry":{"type":"LineString","coordinates":[[138.480325,-34.83829],[138.480262,-34.83841]]}},{"type":"Feature","properties":{"tier":"regional"},"geometry":{"type":"LineString","coordinates":[[138.480248,-34.838212],[138.480316,-34.83805]]}},{"type":"Feature","properties":{"tier":"regional"},"geometry":{"type":"LineString","coordinates":[[138.481425,-34.835475],[138.481444,-34.835489],[138.481456,-34.835507],[138.481461,-34.835527],[138.481459,-34.835547],[138.481448,-34.835567],[138.481431,-34.835582],[138.481409,-34.835592],[138.481384,-34.835597],[138.481359,-34.835594],[138.481336,-34.835586],[138.481317,-34.835572],[138.481305,-34.835554],[138.4813,-34.835534],[138.481302,-34.835513],[138.481313,-34.835494],[138.48133,-34.835479],[138.481352,-34.835468],[138.481377,-34.835464],[138.481403,-34.835467],[138.481425,-34.835475]]}},{"type":"Feature","properties":{"tier":"regional"},"geometry":{"type":"LineString","coordinates":[[138.482427,-34.83303],[138.482407,-34.833012],[138.482395,-34.832989],[138.482394,-34.832965],[138.482402,-34.832942],[138.48242,-34.832922],[138.482445,-34.832909],[138.482474,-34.832904],[138.482503,-34.832906],[138.482528,-34.832916],[138.482547,-34.832932],[138.482559,-34.832951],[138.482564,-34.832973],[138.48256,-34.832995],[138.482548,-34.833014],[138.482529,-34.83303],[138.482506,-34.83304],[138.48248,-34.833044],[138.482453,-34.833041],[138.482427,-34.83303]]}},{"type":"Feature","properties":{"tier":"regional"},"geometry":{"type":"LineString","coordinates":[[138.486012,-34.826065],[138.486027,-34.826082],[138.486034,-34.826102],[138.486034,-34.826122],[138.486026,-34.826142],[138.486011,-34.826158],[138.485991,-34.82617],[138.485967,-34.826176],[138.485942,-34.826176],[138.485918,-34.82617],[138.485896,-34.826156],[138.485881,-34.826137],[138.485875,-34.826114],[138.485878,-34.826091],[138.485891,-34.826071],[138.485912,-34.826056],[138.485937,-34.826047],[138.485965,-34.826046],[138.485992,-34.826053],[138.486012,-34.826065]]}},{"type":"Feature","properties":{"tier":"high"},"geometry":{"type":"LineString","coordinates":[[138.482819,-34.779699],[138.483156,-34.779221],[138.483454,-34.778794],[138.483528,-34.778688],[138.484557,-34.777211],[138.484681,-34.777059],[138.484806,-34.776919],[138.484819,-34.776908],[138.484958,-34.776782],[138.48513,-34.776647],[138.485288,-34.776541],[138.485463,-34.776443],[138.485658,-34.776354],[138.485811,-34.776294]]}},{"type":"Feature","properties":{"tier":"arterial"},"geometry":{"type":"LineString","coordinates":[[138.492658,-34.840609],[138.492654,-34.84064],[138.492647,-34.840865],[138.492669,-34.840912]]}},{"type":"Feature","properties":{"tier":"arterial"},"geometry":{"type":"LineString","coordinates":[[138.492658,-34.840609],[138.492607,-34.840597]]}},{"type":"Feature","properties":{"tier":"arterial"},"geometry":{"type":"LineString","coordinates":[[138.492607,-34.840597],[138.492653,-34.840478]]}},{"type":"Feature","properties":{"tier":"arterial"},"geometry":{"type":"LineString","coordinates":[[138.491077,-34.840237],[138.490844,-34.840194],[138.490749,-34.840175],[138.490354,-34.840098],[138.490226,-34.840078]]}},{"type":"Feature","properties":{"tier":"arterial"},"geometry":{"type":"LineString","coordinates":[[138.490246,-34.840013],[138.49037,-34.840036],[138.49086,-34.840127]]}},{"type":"Feature","properties":{"tier":"arterial"},"geometry":{"type":"LineString","coordinates":[[138.490226,-34.840078],[138.490054,-34.840046],[138.489572,-34.839963],[138.489199,-34.839889]]}},{"type":"Feature","properties":{"tier":"arterial"},"geometry":{"type":"LineString","coordinates":[[138.489074,-34.839794],[138.488916,-34.83984]]}},{"type":"Feature","properties":{"tier":"arterial"},"geometry":{"type":"LineString","coordinates":[[138.488916,-34.83984],[138.488862,-34.839831]]}},{"type":"Feature","properties":{"tier":"arterial"},"geometry":{"type":"LineString","coordinates":[[138.489074,-34.839794],[138.489221,-34.839829],[138.48959,-34.839889],[138.489791,-34.839922],[138.490073,-34.839973],[138.490246,-34.840013]]}},{"type":"Feature","properties":{"tier":"regional"},"geometry":{"type":"LineString","coordinates":[[138.489074,-34.839794],[138.489062,-34.839703],[138.489073,-34.839666],[138.489087,-34.839614],[138.48909,-34.839556],[138.489062,-34.839436],[138.489084,-34.839341]]}},{"type":"Feature","properties":{"tier":"arterial"},"geometry":{"type":"LineString","coordinates":[[138.489199,-34.839889],[138.489024,-34.839859],[138.488916,-34.83984]]}},{"type":"Feature","properties":{"tier":"arterial"},"geometry":{"type":"LineString","coordinates":[[138.488719,-34.839731],[138.48888,-34.839763],[138.489074,-34.839794]]}},{"type":"Feature","properties":{"tier":"regional"},"geometry":{"type":"LineString","coordinates":[[138.488686,-34.839862],[138.4887,-34.839803],[138.488719,-34.839731]]}},{"type":"Feature","properties":{"tier":"arterial"},"geometry":{"type":"LineString","coordinates":[[138.488862,-34.839831],[138.4887,-34.839803],[138.488078,-34.839698],[138.487342,-34.839552],[138.487184,-34.839521]]}},{"type":"Feature","properties":{"tier":"arterial"},"geometry":{"type":"LineString","coordinates":[[138.488078,-34.839698],[138.488098,-34.839622]]}},{"type":"Feature","properties":{"tier":"arterial"},"geometry":{"type":"LineString","coordinates":[[138.487194,-34.839453],[138.487363,-34.839487],[138.487418,-34.839498],[138.488098,-34.839622],[138.488315,-34.839661],[138.488719,-34.839731]]}},{"type":"Feature","properties":{"tier":"arterial"},"geometry":{"type":"LineString","coordinates":[[138.487184,-34.839521],[138.487004,-34.839489],[138.486484,-34.839397],[138.485936,-34.839295]]}},{"type":"Feature","properties":{"tier":"arterial"},"geometry":{"type":"LineString","coordinates":[[138.487194,-34.839453],[138.487184,-34.839521]]}},{"type":"Feature","properties":{"tier":"arterial"},"geometry":{"type":"LineString","coordinates":[[138.486501,-34.839326],[138.486484,-34.839397]]}},{"type":"Feature","properties":{"tier":"arterial"},"geometry":{"type":"LineString","coordinates":[[138.485936,-34.839295],[138.485813,-34.839272],[138.485274,-34.839181]]}},{"type":"Feature","properties":{"tier":"arterial"},"geometry":{"type":"LineString","coordinates":[[138.485954,-34.839223],[138.486501,-34.839326],[138.487025,-34.839422],[138.487194,-34.839453]]}},{"type":"Feature","properties":{"tier":"arterial"},"geometry":{"type":"LineString","coordinates":[[138.485274,-34.839181],[138.48513,-34.839157],[138.484966,-34.83913],[138.484663,-34.83907],[138.484249,-34.839002],[138.484117,-34.83898],[138.484088,-34.838976],[138.484004,-34.838959]]}},{"type":"Feature","properties":{"tier":"arterial"},"geometry":{"type":"LineString","coordinates":[[138.485293,-34.839109],[138.485832,-34.839202],[138.485954,-34.839223]]}},{"type":"Feature","properties":{"tier":"regional"},"geometry":{"type":"LineString","coordinates":[[138.493759,-34.877632],[138.493862,-34.877398]]}},{"type":"Feature","properties":{"tier":"arterial"},"geometry":{"type":"LineString","coordinates":[[138.493615,-34.877221],[138.493414,-34.877115],[138.493182,-34.877007]]}},{"type":"Feature","properties":{"tier":"arterial"},"geometry":{"type":"LineString","coordinates":[[138.479623,-34.85037],[138.479627,-34.850401],[138.479613,-34.850453],[138.479591,-34.850484]]}},{"type":"Feature","properties":{"tier":"arterial"},"geometry":{"type":"LineString","coordinates":[[138.479319,-34.850319],[138.479347,-34.850293],[138.479382,-34.850274],[138.47941,-34.850265]]}},{"type":"Feature","properties":{"tier":"regional"},"geometry":{"type":"LineString","coordinates":[[138.493481,-34.879761],[138.493402,-34.87931],[138.493396,-34.87913],[138.493401,-34.879087],[138.493414,-34.878974]]}},{"type":"Feature","properties":{"tier":"regional"},"geometry":{"type":"LineString","coordinates":[[138.493533,-34.878804],[138.493565,-34.878826],[138.493584,-34.878852],[138.493593,-34.878881],[138.49359,-34.878911],[138.493576,-34.878939],[138.493552,-34.878963],[138.493521,-34.878979],[138.493485,-34.878986],[138.493448,-34.878985],[138.493414,-34.878974],[138.493382,-34.878952],[138.493361,-34.878922],[138.493353,-34.878893]]}},{"type":"Feature","properties":{"tier":"regional"},"geometry":{"type":"LineString","coordinates":[[138.493615,-34.87817],[138.493561,-34.8783],[138.493534,-34.878389],[138.493474,-34.878585],[138.493533,-34.878804]]}},{"type":"Feature","properties":{"tier":"arterial"},"geometry":{"type":"LineString","coordinates":[[138.494034,-34.846711],[138.494181,-34.846733],[138.494375,-34.846751],[138.494485,-34.846759]]}},{"type":"Feature","properties":{"tier":"arterial"},"geometry":{"type":"LineString","coordinates":[[138.494491,-34.846838],[138.494205,-34.846814],[138.49405,-34.846792]]}},{"type":"Feature","properties":{"tier":"high"},"geometry":{"type":"LineString","coordinates":[[138.490035,-34.777234],[138.491577,-34.777961]]}},{"type":"Feature","properties":{"tier":"high"},"geometry":{"type":"LineString","coordinates":[[138.489675,-34.777207],[138.489,-34.776889],[138.488359,-34.776593]]}},{"type":"Feature","properties":{"tier":"high"},"geometry":{"type":"LineString","coordinates":[[138.489957,-34.777343],[138.489675,-34.777207]]}},{"type":"Feature","properties":{"tier":"high"},"geometry":{"type":"LineString","coordinates":[[138.488438,-34.776474],[138.490035,-34.777234]]}},{"type":"Feature","properties":{"tier":"high"},"geometry":{"type":"LineString","coordinates":[[138.488359,-34.776593],[138.488157,-34.776513],[138.488123,-34.776499],[138.487852,-34.776383],[138.487621,-34.776319],[138.48746,-34.776283],[138.487289,-34.776257],[138.487094,-34.776237],[138.486855,-34.776232],[138.486567,-34.776253],[138.486304,-34.776297],[138.486067,-34.776356],[138.485879,-34.776412]]}},{"type":"Feature","properties":{"tier":"regional"},"geometry":{"type":"LineString","coordinates":[[138.49829,-34.839464],[138.498319,-34.839595],[138.498343,-34.839705],[138.498319,-34.839759]]}},{"type":"Feature","properties":{"tier":"arterial"},"geometry":{"type":"LineString","coordinates":[[138.480783,-34.838254],[138.481132,-34.838321],[138.481486,-34.838382]]}},{"type":"Feature","properties":{"tier":"arterial"},"geometry":{"type":"LineString","coordinates":[[138.487135,-34.831098],[138.487101,-34.831165]]}},{"type":"Feature","properties":{"tier":"regional"},"geometry":{"type":"LineString","coordinates":[[138.487337,-34.83128],[138.487392,-34.831416],[138.487477,-34.831893]]}},{"type":"Feature","properties":{"tier":"arterial"},"geometry":{"type":"LineString","coordinates":[[138.490789,-34.902426],[138.490813,-34.90253],[138.490914,-34.902952],[138.491018,-34.903391],[138.491306,-34.904547],[138.491416,-34.904967],[138.491427,-34.905021]]}},{"type":"Feature","properties":{"tier":"regional"},"geometry":{"type":"LineString","coordinates":[[138.490789,-34.902426],[138.490721,-34.902429],[138.490681,-34.902431],[138.490568,-34.902436],[138.490533,-34.902437],[138.490471,-34.90244],[138.490183,-34.902458],[138.490112,-34.902462]]}},{"type":"Feature","properties":{"tier":"arterial"},"geometry":{"type":"LineString","coordinates":[[138.496149,-34.92543],[138.496182,-34.925444],[138.496208,-34.925465],[138.496226,-34.925491]]}},{"type":"Feature","properties":{"tier":"arterial"},"geometry":{"type":"LineString","coordinates":[[138.495981,-34.925513],[138.495992,-34.925483],[138.496013,-34.925458],[138.496041,-34.925439],[138.496075,-34.925427],[138.496112,-34.925424],[138.496149,-34.92543]]}},{"type":"Feature","properties":{"tier":"arterial"},"geometry":{"type":"LineString","coordinates":[[138.496024,-34.925607],[138.496002,-34.925586],[138.495988,-34.925563],[138.495981,-34.925538],[138.495981,-34.925513]]}},{"type":"Feature","properties":{"tier":"arterial"},"geometry":{"type":"LineString","coordinates":[[138.496111,-34.925632],[138.496081,-34.92563],[138.496053,-34.925622]]}},{"type":"Feature","properties":{"tier":"arterial"},"geometry":{"type":"LineString","coordinates":[[138.496194,-34.925603],[138.496164,-34.92562],[138.496139,-34.925628],[138.496111,-34.925632]]}},{"type":"Feature","properties":{"tier":"arterial"},"geometry":{"type":"LineString","coordinates":[[138.496226,-34.925491],[138.496233,-34.925521],[138.49623,-34.925551],[138.496217,-34.925579],[138.496194,-34.925603]]}},{"type":"Feature","properties":{"tier":"arterial"},"geometry":{"type":"LineString","coordinates":[[138.49969,-34.925474],[138.498856,-34.925507],[138.498421,-34.925531],[138.49821,-34.92554]]}},{"type":"Feature","properties":{"tier":"arterial"},"geometry":{"type":"LineString","coordinates":[[138.479548,-34.850281],[138.479583,-34.850305],[138.479609,-34.850336],[138.479623,-34.85037]]}},{"type":"Feature","properties":{"tier":"arterial"},"geometry":{"type":"LineString","coordinates":[[138.47941,-34.850265],[138.479446,-34.85026],[138.479493,-34.850263],[138.479548,-34.850281]]}},{"type":"Feature","properties":{"tier":"arterial"},"geometry":{"type":"LineString","coordinates":[[138.47933,-34.850489],[138.479315,-34.850473],[138.479301,-34.850451],[138.479292,-34.850428]]}},{"type":"Feature","properties":{"tier":"arterial"},"geometry":{"type":"LineString","coordinates":[[138.47947,-34.850537],[138.479405,-34.85053],[138.479363,-34.850513],[138.47933,-34.850489]]}},{"type":"Feature","properties":{"tier":"arterial"},"geometry":{"type":"LineString","coordinates":[[138.479591,-34.850484],[138.479543,-34.850518],[138.479506,-34.850531],[138.47947,-34.850537]]}},{"type":"Feature","properties":{"tier":"arterial"},"geometry":{"type":"LineString","coordinates":[[138.488792,-34.894515],[138.488846,-34.894794]]}},{"type":"Feature","properties":{"tier":"arterial"},"geometry":{"type":"LineString","coordinates":[[138.488694,-34.894655],[138.488652,-34.894386],[138.48862,-34.89422]]}},{"type":"Feature","properties":{"tier":"arterial"},"geometry":{"type":"LineString","coordinates":[[138.494983,-34.851698],[138.494967,-34.851491]]}},{"type":"Feature","properties":{"tier":"regional"},"geometry":{"type":"LineString","coordinates":[[138.497658,-34.92552],[138.497663,-34.925566]]}},{"type":"Feature","properties":{"tier":"arterial"},"geometry":{"type":"LineString","coordinates":[[138.497658,-34.92552],[138.497976,-34.925506],[138.498165,-34.925501],[138.49822,-34.925499]]}},{"type":"Feature","properties":{"tier":"arterial"},"geometry":{"type":"LineString","coordinates":[[138.497157,-34.925621],[138.497148,-34.925605],[138.497143,-34.925588],[138.497143,-34.925571],[138.497147,-34.925553],[138.497155,-34.925537],[138.49717,-34.925519],[138.497191,-34.925505],[138.497215,-34.925496],[138.497242,-34.925492],[138.49728,-34.925497],[138.497314,-34.925513],[138.497338,-34.925538]]}},{"type":"Feature","properties":{"tier":"arterial"},"geometry":{"type":"LineString","coordinates":[[138.497824,-34.907211],[138.496947,-34.907254],[138.496612,-34.907221]]}},{"type":"Feature","properties":{"tier":"arterial"},"geometry":{"type":"LineString","coordinates":[[138.49796,-34.907208],[138.497824,-34.907211]]}},{"type":"Feature","properties":{"tier":"arterial"},"geometry":{"type":"LineString","coordinates":[[138.49796,-34.907208],[138.497896,-34.907125]]}},{"type":"Feature","properties":{"tier":"arterial"},"geometry":{"type":"LineString","coordinates":[[138.497896,-34.907125],[138.498054,-34.90712]]}},{"type":"Feature","properties":{"tier":"arterial"},"geometry":{"type":"LineString","coordinates":[[138.498054,-34.90712],[138.498374,-34.907107],[138.498931,-34.90708]]}},{"type":"Feature","properties":{"tier":"arterial"},"geometry":{"type":"LineString","coordinates":[[138.489857,-34.897459],[138.489904,-34.897542],[138.490082,-34.897911],[138.490188,-34.898205],[138.490277,-34.89857],[138.49034,-34.898879]]}},{"type":"Feature","properties":{"tier":"arterial"},"geometry":{"type":"LineString","coordinates":[[138.489797,-34.874256],[138.489754,-34.874154],[138.489585,-34.874],[138.489532,-34.873945],[138.489552,-34.873904],[138.489588,-34.873903]]}},{"type":"Feature","properties":{"tier":"arterial"},"geometry":{"type":"LineString","coordinates":[[138.483648,-34.871309],[138.484319,-34.871255]]}},{"type":"Feature","properties":{"tier":"arterial"},"geometry":{"type":"LineString","coordinates":[[138.482613,-34.871585],[138.482523,-34.871652],[138.482382,-34.871743],[138.48232,-34.871809]]}},{"type":"Feature","properties":{"tier":"regional"},"geometry":{"type":"LineString","coordinates":[[138.493914,-34.819371],[138.494106,-34.820262],[138.494119,-34.820323],[138.494132,-34.82037],[138.494154,-34.820447],[138.494179,-34.820535],[138.494198,-34.820604],[138.494235,-34.820737]]}},{"type":"Feature","properties":{"tier":"regional"},"geometry":{"type":"LineString","coordinates":[[138.493705,-34.819079],[138.493779,-34.819135],[138.493835,-34.819199],[138.493871,-34.819261],[138.493914,-34.819371]]}},{"type":"Feature","properties":{"tier":"arterial"},"geometry":{"type":"LineString","coordinates":[[138.493563,-34.818764],[138.493507,-34.818989]]}},{"type":"Feature","properties":{"tier":"arterial"},"geometry":{"type":"LineString","coordinates":[[138.489511,-34.82652],[138.489503,-34.826509],[138.4895,-34.826498]]}},{"type":"Feature","properties":{"tier":"arterial"},"geometry":{"type":"LineString","coordinates":[[138.4895,-34.826498],[138.489497,-34.826486],[138.489505,-34.82646],[138.489532,-34.826428],[138.489544,-34.826421]]}},{"type":"Feature","properties":{"tier":"arterial"},"geometry":{"type":"LineString","coordinates":[[138.489597,-34.826544],[138.489576,-34.826546],[138.489542,-34.826541],[138.489517,-34.826529],[138.489511,-34.82652]]}},{"type":"Feature","properties":{"tier":"arterial"},"geometry":{"type":"LineString","coordinates":[[138.489675,-34.826404],[138.489688,-34.826412]]}},{"type":"Feature","properties":{"tier":"arterial"},"geometry":{"type":"LineString","coordinates":[[138.489591,-34.826399],[138.48962,-34.826394],[138.489665,-34.826398],[138.489675,-34.826404]]}},{"type":"Feature","properties":{"tier":"arterial"},"geometry":{"type":"LineString","coordinates":[[138.489544,-34.826421],[138.489579,-34.826402],[138.489591,-34.826399]]}},{"type":"Feature","properties":{"tier":"arterial"},"geometry":{"type":"LineString","coordinates":[[138.48953,-34.826639],[138.489476,-34.826699],[138.489426,-34.826753]]}},{"type":"Feature","properties":{"tier":"arterial"},"geometry":{"type":"LineString","coordinates":[[138.489684,-34.826486],[138.489673,-34.826505],[138.489643,-34.826528],[138.489613,-34.826542],[138.489597,-34.826544]]}},{"type":"Feature","properties":{"tier":"arterial"},"geometry":{"type":"LineString","coordinates":[[138.489474,-34.826618],[138.489511,-34.82652]]}},{"type":"Feature","properties":{"tier":"arterial"},"geometry":{"type":"LineString","coordinates":[[138.494839,-34.850139],[138.49481,-34.849891]]}},{"type":"Feature","properties":{"tier":"arterial"},"geometry":{"type":"LineString","coordinates":[[138.49481,-34.849891],[138.494725,-34.849093],[138.494711,-34.848932],[138.494688,-34.848673],[138.494646,-34.848147],[138.494551,-34.847305],[138.494508,-34.84693]]}},{"type":"Feature","properties":{"tier":"arterial"},"geometry":{"type":"LineString","coordinates":[[138.492163,-34.846331],[138.491948,-34.846267]]}},{"type":"Feature","properties":{"tier":"arterial"},"geometry":{"type":"LineString","coordinates":[[138.490968,-34.845973],[138.491243,-34.846025],[138.491378,-34.84605]]}},{"type":"Feature","properties":{"tier":"arterial"},"geometry":{"type":"LineString","coordinates":[[138.487695,-34.845361],[138.48886,-34.845576],[138.489061,-34.845613],[138.489306,-34.845659]]}},{"type":"Feature","properties":{"tier":"arterial"},"geometry":{"type":"LineString","coordinates":[[138.490863,-34.846051],[138.490423,-34.845964],[138.489664,-34.845811],[138.489516,-34.84578],[138.489275,-34.845731]]}},{"type":"Feature","properties":{"tier":"arterial"},"geometry":{"type":"LineString","coordinates":[[138.489275,-34.845731],[138.489035,-34.845683]]}},{"type":"Feature","properties":{"tier":"arterial"},"geometry":{"type":"LineString","coordinates":[[138.489306,-34.845659],[138.48955,-34.845704]]}},{"type":"Feature","properties":{"tier":"arterial"},"geometry":{"type":"LineString","coordinates":[[138.487161,-34.845275],[138.487567,-34.84534],[138.487695,-34.845361]]}},{"type":"Feature","properties":{"tier":"arterial"},"geometry":{"type":"LineString","coordinates":[[138.489035,-34.845683],[138.488843,-34.845642],[138.488134,-34.845512]]}},{"type":"Feature","properties":{"tier":"arterial"},"geometry":{"type":"LineString","coordinates":[[138.488134,-34.845512],[138.487673,-34.845429]]}},{"type":"Feature","properties":{"tier":"arterial"},"geometry":{"type":"LineString","coordinates":[[138.48736,-34.845371],[138.487137,-34.845337]]}},{"type":"Feature","properties":{"tier":"arterial"},"geometry":{"type":"LineString","coordinates":[[138.486348,-34.84513],[138.486716,-34.845199],[138.486743,-34.845204],[138.486827,-34.84522]]}},{"type":"Feature","properties":{"tier":"arterial"},"geometry":{"type":"LineString","coordinates":[[138.486518,-34.845233],[138.486384,-34.845205],[138.48621,-34.845169]]}},{"type":"Feature","properties":{"tier":"arterial"},"geometry":{"type":"LineString","coordinates":[[138.485873,-34.845106],[138.485514,-34.845035],[138.485378,-34.84501]]}},{"type":"Feature","properties":{"tier":"arterial"},"geometry":{"type":"LineString","coordinates":[[138.485378,-34.84501],[138.485061,-34.844954]]}},{"type":"Feature","properties":{"tier":"arterial"},"geometry":{"type":"LineString","coordinates":[[138.485061,-34.844954],[138.484829,-34.844911],[138.484605,-34.84487]]}},{"type":"Feature","properties":{"tier":"arterial"},"geometry":{"type":"LineString","coordinates":[[138.484605,-34.84487],[138.484243,-34.844798]]}},{"type":"Feature","properties":{"tier":"arterial"},"geometry":{"type":"LineString","coordinates":[[138.48338,-34.84458],[138.484257,-34.844747],[138.484398,-34.844772],[138.485074,-34.844905],[138.485526,-34.844985],[138.485887,-34.84505],[138.486348,-34.84513]]}},{"type":"Feature","properties":{"tier":"arterial"},"geometry":{"type":"LineString","coordinates":[[138.483212,-34.844548],[138.48338,-34.84458]]}},{"type":"Feature","properties":{"tier":"arterial"},"geometry":{"type":"LineString","coordinates":[[138.484243,-34.844798],[138.483745,-34.844701]]}},{"type":"Feature","properties":{"tier":"arterial"},"geometry":{"type":"LineString","coordinates":[[138.482906,-34.844492],[138.482956,-34.844501],[138.483212,-34.844548]]}},{"type":"Feature","properties":{"tier":"arterial"},"geometry":{"type":"LineString","coordinates":[[138.50002,-34.845417],[138.499819,-34.845454]]}},{"type":"Feature","properties":{"tier":"arterial"},"geometry":{"type":"LineString","coordinates":[[138.499814,-34.845358],[138.50002,-34.845318]]}},{"type":"Feature","properties":{"tier":"arterial"},"geometry":{"type":"LineString","coordinates":[[138.4993,-34.845454],[138.499814,-34.845358]]}},{"type":"Feature","properties":{"tier":"arterial"},"geometry":{"type":"LineString","coordinates":[[138.486798,-34.845288],[138.486716,-34.845272],[138.486518,-34.845233]]}},{"type":"Feature","properties":{"tier":"arterial"},"geometry":{"type":"LineString","coordinates":[[138.487436,-34.782669],[138.487635,-34.782753]]}},{"type":"Feature","properties":{"tier":"arterial"},"geometry":{"type":"LineString","coordinates":[[138.487635,-34.782753],[138.488429,-34.783107],[138.488692,-34.783234],[138.48892,-34.783364],[138.489178,-34.783545],[138.489426,-34.78381]]}},{"type":"Feature","properties":{"tier":"regional"},"geometry":{"type":"LineString","coordinates":[[138.495281,-34.860588],[138.495606,-34.860522],[138.495897,-34.860448]]}},{"type":"Feature","properties":{"tier":"arterial"},"geometry":{"type":"LineString","coordinates":[[138.490379,-34.874595],[138.490911,-34.875058],[138.491238,-34.875326],[138.491368,-34.875439]]}},{"type":"Feature","properties":{"tier":"arterial"},"geometry":{"type":"LineString","coordinates":[[138.490266,-34.874667],[138.48992,-34.874364],[138.489797,-34.874256],[138.488887,-34.873462]]}},{"type":"Feature","properties":{"tier":"arterial"},"geometry":{"type":"LineString","coordinates":[[138.488807,-34.8734],[138.488927,-34.873339]]}},{"type":"Feature","properties":{"tier":"arterial"},"geometry":{"type":"LineString","coordinates":[[138.488927,-34.873339],[138.489588,-34.873903],[138.490025,-34.874276],[138.490379,-34.874595]]}},{"type":"Feature","properties":{"tier":"arterial"},"geometry":{"type":"LineString","coordinates":[[138.488807,-34.8734],[138.488098,-34.872776],[138.487832,-34.872541],[138.487592,-34.872354],[138.487354,-34.872195],[138.487061,-34.872017],[138.486726,-34.871851],[138.486525,-34.871764],[138.486231,-34.871659]]}},{"type":"Feature","properties":{"tier":"arterial"},"geometry":{"type":"LineString","coordinates":[[138.488887,-34.873462],[138.488807,-34.8734]]}},{"type":"Feature","properties":{"tier":"arterial"},"geometry":{"type":"LineString","coordinates":[[138.492203,-34.876371],[138.492081,-34.876266]]}},{"type":"Feature","properties":{"tier":"arterial"},"geometry":{"type":"LineString","coordinates":[[138.492081,-34.876266],[138.491725,-34.87596]]}},{"type":"Feature","properties":{"tier":"arterial"},"geometry":{"type":"LineString","coordinates":[[138.492922,-34.894324],[138.493246,-34.894304],[138.493571,-34.894274],[138.493671,-34.894249],[138.494063,-34.894152],[138.494364,-34.89403],[138.494533,-34.893942],[138.495154,-34.893536]]}},{"type":"Feature","properties":{"tier":"arterial"},"geometry":{"type":"LineString","coordinates":[[138.478439,-34.857033],[138.478343,-34.85705]]}},{"type":"Feature","properties":{"tier":"regional"},"geometry":{"type":"LineString","coordinates":[[138.489157,-34.839712],[138.489181,-34.839724],[138.489221,-34.839829]]}},{"type":"Feature","properties":{"tier":"arterial"},"geometry":{"type":"LineString","coordinates":[[138.491436,-34.812325],[138.491352,-34.812375],[138.491279,-34.812424],[138.491204,-34.812474]]}},{"type":"Feature","properties":{"tier":"arterial"},"geometry":{"type":"LineString","coordinates":[[138.491228,-34.812194],[138.49129,-34.812244],[138.491358,-34.812286],[138.491436,-34.812325]]}},{"type":"Feature","properties":{"tier":"regional"},"geometry":{"type":"LineString","coordinates":[[138.496543,-34.910158],[138.496553,-34.910292],[138.49656,-34.910407]]}},{"type":"Feature","properties":{"tier":"regional"},"geometry":{"type":"LineString","coordinates":[[138.493539,-34.878156],[138.493645,-34.87789],[138.493759,-34.877632]]}},{"type":"Feature","properties":{"tier":"regional"},"geometry":{"type":"LineString","coordinates":[[138.493353,-34.878893],[138.493361,-34.878855],[138.493382,-34.878826],[138.493414,-34.878804],[138.493453,-34.878792],[138.493494,-34.878792],[138.493533,-34.878804]]}},{"type":"Feature","properties":{"tier":"arterial"},"geometry":{"type":"LineString","coordinates":[[138.482248,-34.871652],[138.482273,-34.871718],[138.48232,-34.871809]]}},{"type":"Feature","properties":{"tier":"arterial"},"geometry":{"type":"LineString","coordinates":[[138.482613,-34.871585],[138.482529,-34.871598],[138.482362,-34.871631],[138.482326,-34.871639],[138.482248,-34.871652]]}},{"type":"Feature","properties":{"tier":"arterial"},"geometry":{"type":"LineString","coordinates":[[138.492049,-34.907365],[138.492102,-34.907367],[138.492154,-34.9074],[138.492166,-34.907437]]}},{"type":"Feature","properties":{"tier":"arterial"},"geometry":{"type":"LineString","coordinates":[[138.483658,-34.871424],[138.482613,-34.871585]]}},{"type":"Feature","properties":{"tier":"regional"},"geometry":{"type":"LineString","coordinates":[[138.492187,-34.859445],[138.492193,-34.859452],[138.4922,-34.859474],[138.492197,-34.859496],[138.492186,-34.859516],[138.492167,-34.859532],[138.492144,-34.859542],[138.492117,-34.859545],[138.49209,-34.859541],[138.492067,-34.85953],[138.49205,-34.859513]]}},{"type":"Feature","properties":{"tier":"regional"},"geometry":{"type":"LineString","coordinates":[[138.49687,-34.83352],[138.496859,-34.833496],[138.496857,-34.833466],[138.49686,-34.833454]]}},{"type":"Feature","properties":{"tier":"regional"},"geometry":{"type":"LineString","coordinates":[[138.496927,-34.833557],[138.496908,-34.83355],[138.496881,-34.833532],[138.49687,-34.83352]]}},{"type":"Feature","properties":{"tier":"regional"},"geometry":{"type":"LineString","coordinates":[[138.497004,-34.833553],[138.496981,-34.83356],[138.496945,-34.833561],[138.496927,-34.833557]]}},{"type":"Feature","properties":{"tier":"regional"},"geometry":{"type":"LineString","coordinates":[[138.49706,-34.833496],[138.497043,-34.833527],[138.497017,-34.833547],[138.497004,-34.833553]]}},{"type":"Feature","properties":{"tier":"regional"},"geometry":{"type":"LineString","coordinates":[[138.497054,-34.833442],[138.497062,-34.833466],[138.49706,-34.833496]]}},{"type":"Feature","properties":{"tier":"regional"},"geometry":{"type":"LineString","coordinates":[[138.497002,-34.833399],[138.497043,-34.833427],[138.497054,-34.833442]]}},{"type":"Feature","properties":{"tier":"regional"},"geometry":{"type":"LineString","coordinates":[[138.496925,-34.833397],[138.496954,-34.833392],[138.496981,-34.833394],[138.497002,-34.833399]]}},{"type":"Feature","properties":{"tier":"regional"},"geometry":{"type":"LineString","coordinates":[[138.496137,-34.82977],[138.496124,-34.829767],[138.496096,-34.829752],[138.496085,-34.829741]]}},{"type":"Feature","properties":{"tier":"regional"},"geometry":{"type":"LineString","coordinates":[[138.496215,-34.829761],[138.49619,-34.82977],[138.496156,-34.829774],[138.496137,-34.82977]]}},{"type":"Feature","properties":{"tier":"regional"},"geometry":{"type":"LineString","coordinates":[[138.496257,-34.829709],[138.496239,-34.829742],[138.496215,-34.829761]]}},{"type":"Feature","properties":{"tier":"regional"},"geometry":{"type":"LineString","coordinates":[[138.496231,-34.829641],[138.496242,-34.82965],[138.496258,-34.829682],[138.496257,-34.829709]]}},{"type":"Feature","properties":{"tier":"regional"},"geometry":{"type":"LineString","coordinates":[[138.496174,-34.829616],[138.496218,-34.82963],[138.496231,-34.829641]]}},{"type":"Feature","properties":{"tier":"regional"},"geometry":{"type":"LineString","coordinates":[[138.496099,-34.829636],[138.496115,-34.829625],[138.496141,-34.829617],[138.496174,-34.829616]]}},{"type":"Feature","properties":{"tier":"regional"},"geometry":{"type":"LineString","coordinates":[[138.496069,-34.829678],[138.496074,-34.829661],[138.496089,-34.829642],[138.496099,-34.829636]]}},{"type":"Feature","properties":{"tier":"regional"},"geometry":{"type":"LineString","coordinates":[[138.495413,-34.825869],[138.49542,-34.825876],[138.49543,-34.82591],[138.495425,-34.825935]]}},{"type":"Feature","properties":{"tier":"regional"},"geometry":{"type":"LineString","coordinates":[[138.495365,-34.825842],[138.495376,-34.825843],[138.495404,-34.825859],[138.495413,-34.825869]]}},{"type":"Feature","properties":{"tier":"regional"},"geometry":{"type":"LineString","coordinates":[[138.495294,-34.825852],[138.495312,-34.825842],[138.495342,-34.825838],[138.495365,-34.825842]]}},{"type":"Feature","properties":{"tier":"regional"},"geometry":{"type":"LineString","coordinates":[[138.495258,-34.825898],[138.495262,-34.825881],[138.495281,-34.825859],[138.495294,-34.825852]]}},{"type":"Feature","properties":{"tier":"regional"},"geometry":{"type":"LineString","coordinates":[[138.495272,-34.825951],[138.495261,-34.825936],[138.495255,-34.82591],[138.495258,-34.825898]]}},{"type":"Feature","properties":{"tier":"regional"},"geometry":{"type":"LineString","coordinates":[[138.495312,-34.825978],[138.49528,-34.825961],[138.495272,-34.825951]]}},{"type":"Feature","properties":{"tier":"regional"},"geometry":{"type":"LineString","coordinates":[[138.495425,-34.825935],[138.495405,-34.825961],[138.495395,-34.825966]]}},{"type":"Feature","properties":{"tier":"arterial"},"geometry":{"type":"LineString","coordinates":[[138.478439,-34.857033],[138.478569,-34.857773],[138.478598,-34.857912],[138.478678,-34.858301],[138.478693,-34.858372],[138.478715,-34.858481],[138.478817,-34.858979],[138.47892,-34.859563],[138.479007,-34.860057],[138.479058,-34.860406],[138.479065,-34.860454],[138.479135,-34.860932],[138.479222,-34.861443],[138.479308,-34.861945],[138.479352,-34.862227],[138.479627,-34.863865],[138.479646,-34.863978],[138.479655,-34.864041],[138.479818,-34.864857],[138.479992,-34.865788],[138.480078,-34.866307],[138.480249,-34.866939],[138.480919,-34.868556],[138.481194,-34.869314],[138.481988,-34.871131]]}},{"type":"Feature","properties":{"tier":"arterial"},"geometry":{"type":"LineString","coordinates":[[138.483762,-34.85082],[138.484044,-34.850847],[138.484466,-34.850887]]}},{"type":"Feature","properties":{"tier":"arterial"},"geometry":{"type":"LineString","coordinates":[[138.481894,-34.844483],[138.481822,-34.844482],[138.481747,-34.844456],[138.481711,-34.844432]]}},{"type":"Feature","properties":{"tier":"arterial"},"geometry":{"type":"LineString","coordinates":[[138.48199,-34.844449],[138.481948,-34.84447],[138.481894,-34.844483]]}},{"type":"Feature","properties":{"tier":"arterial"},"geometry":{"type":"LineString","coordinates":[[138.483758,-34.850877],[138.483676,-34.850868],[138.480879,-34.85057],[138.480147,-34.850495]]}},{"type":"Feature","properties":{"tier":"arterial"},"geometry":{"type":"LineString","coordinates":[[138.49308,-34.819841],[138.493054,-34.819891],[138.493001,-34.819994],[138.492634,-34.820654],[138.49242,-34.821074]]}},{"type":"Feature","properties":{"tier":"arterial"},"geometry":{"type":"LineString","coordinates":[[138.481842,-34.844138],[138.481911,-34.844141],[138.481969,-34.844161],[138.482018,-34.844192]]}},{"type":"Feature","properties":{"tier":"arterial"},"geometry":{"type":"LineString","coordinates":[[138.481695,-34.870788],[138.481074,-34.869346],[138.480754,-34.868606],[138.480081,-34.866981],[138.479903,-34.866341],[138.479819,-34.865854],[138.479637,-34.864852],[138.479478,-34.863911],[138.479377,-34.863313],[138.47916,-34.861936],[138.478997,-34.860929],[138.478917,-34.860436],[138.478681,-34.858977],[138.478577,-34.858386],[138.478544,-34.858197],[138.478343,-34.85705]]}},{"type":"Feature","properties":{"tier":"regional"},"geometry":{"type":"LineString","coordinates":[[138.482278,-34.833457],[138.482432,-34.833091],[138.482453,-34.833041]]}},{"type":"Feature","properties":{"tier":"regional"},"geometry":{"type":"LineString","coordinates":[[138.481013,-34.83642],[138.481182,-34.836008],[138.481337,-34.835646],[138.481359,-34.835594]]}},{"type":"Feature","properties":{"tier":"regional"},"geometry":{"type":"LineString","coordinates":[[138.480982,-34.836531],[138.481013,-34.83642]]}},{"type":"Feature","properties":{"tier":"regional"},"geometry":{"type":"LineString","coordinates":[[138.49369,-34.881001],[138.49366,-34.880982],[138.493639,-34.880956],[138.493628,-34.880926],[138.493628,-34.880906],[138.493643,-34.880865],[138.493667,-34.880841],[138.493702,-34.880822],[138.493743,-34.880815],[138.493785,-34.880819],[138.493822,-34.880835],[138.493851,-34.88086],[138.493867,-34.880892],[138.493869,-34.880926],[138.493857,-34.880959],[138.493832,-34.880987],[138.4938,-34.881005],[138.493764,-34.881013],[138.493726,-34.881012],[138.49369,-34.881001]]}},{"type":"Feature","properties":{"tier":"regional"},"geometry":{"type":"LineString","coordinates":[[138.493581,-34.879815],[138.493644,-34.880091],[138.493687,-34.880416],[138.493728,-34.880663],[138.493763,-34.880759],[138.493822,-34.880835]]}},{"type":"Feature","properties":{"tier":"regional"},"geometry":{"type":"LineString","coordinates":[[138.493618,-34.882015],[138.493637,-34.881953],[138.493636,-34.881856],[138.493661,-34.881209],[138.493684,-34.881083],[138.49369,-34.881001]]}},{"type":"Feature","properties":{"tier":"arterial"},"geometry":{"type":"LineString","coordinates":[[138.494382,-34.846528],[138.494313,-34.846369],[138.494065,-34.845871],[138.493931,-34.845588],[138.493836,-34.845322],[138.493702,-34.844845],[138.493195,-34.843046],[138.493053,-34.84252],[138.492971,-34.842229],[138.492949,-34.84215],[138.492887,-34.841932]]}},{"type":"Feature","properties":{"tier":"regional"},"geometry":{"type":"LineString","coordinates":[[138.496879,-34.913702],[138.496959,-34.913707],[138.497089,-34.913715]]}},{"type":"Feature","properties":{"tier":"regional"},"geometry":{"type":"LineString","coordinates":[[138.496732,-34.913649],[138.496742,-34.913587],[138.496764,-34.913447]]}},{"type":"Feature","properties":{"tier":"regional"},"geometry":{"type":"LineString","coordinates":[[138.496823,-34.913807],[138.496813,-34.913868],[138.496793,-34.913986]]}},{"type":"Feature","properties":{"tier":"regional"},"geometry":{"type":"LineString","coordinates":[[138.496685,-34.913766],[138.496595,-34.913759],[138.496486,-34.91375]]}},{"type":"Feature","properties":{"tier":"regional"},"geometry":{"type":"LineString","coordinates":[[138.496764,-34.913447],[138.496794,-34.913585],[138.496806,-34.913644]]}},{"type":"Feature","properties":{"tier":"regional"},"geometry":{"type":"LineString","coordinates":[[138.496736,-34.913809],[138.496702,-34.91379],[138.496685,-34.913766]]}},{"type":"Feature","properties":{"tier":"regional"},"geometry":{"type":"LineString","coordinates":[[138.496732,-34.913649],[138.496772,-34.913641],[138.496806,-34.913644]]}},{"type":"Feature","properties":{"tier":"regional"},"geometry":{"type":"LineString","coordinates":[[138.496739,-34.913165],[138.496764,-34.913447]]}},{"type":"Feature","properties":{"tier":"regional"},"geometry":{"type":"LineString","coordinates":[[138.497089,-34.913715],[138.496961,-34.913742],[138.496876,-34.913761]]}},{"type":"Feature","properties":{"tier":"regional"},"geometry":{"type":"LineString","coordinates":[[138.496876,-34.913761],[138.49687,-34.913774],[138.49684,-34.9138],[138.496823,-34.913807]]}},{"type":"Feature","properties":{"tier":"regional"},"geometry":{"type":"LineString","coordinates":[[138.496823,-34.913807],[138.496814,-34.913811],[138.496779,-34.913816],[138.496748,-34.913811]]}},{"type":"Feature","properties":{"tier":"regional"},"geometry":{"type":"LineString","coordinates":[[138.496879,-34.913702],[138.496885,-34.913724],[138.496884,-34.913741],[138.496876,-34.913761]]}},{"type":"Feature","properties":{"tier":"regional"},"geometry":{"type":"LineString","coordinates":[[138.496793,-34.913986],[138.496763,-34.91387],[138.496748,-34.913811]]}},{"type":"Feature","properties":{"tier":"regional"},"geometry":{"type":"LineString","coordinates":[[138.496748,-34.913811],[138.496736,-34.913809]]}},{"type":"Feature","properties":{"tier":"regional"},"geometry":{"type":"LineString","coordinates":[[138.496685,-34.913766],[138.496676,-34.913755],[138.496671,-34.913734],[138.496675,-34.913715]]}},{"type":"Feature","properties":{"tier":"regional"},"geometry":{"type":"LineString","coordinates":[[138.496486,-34.91375],[138.496593,-34.91373],[138.496675,-34.913715]]}},{"type":"Feature","properties":{"tier":"regional"},"geometry":{"type":"LineString","coordinates":[[138.496675,-34.913715],[138.496679,-34.913695],[138.496704,-34.913665],[138.496732,-34.913649]]}},{"type":"Feature","properties":{"tier":"regional"},"geometry":{"type":"LineString","coordinates":[[138.499718,-34.913837],[138.499689,-34.913747],[138.49967,-34.913686]]}},{"type":"Feature","properties":{"tier":"regional"},"geometry":{"type":"LineString","coordinates":[[138.499629,-34.913514],[138.499621,-34.913445],[138.499605,-34.913306]]}},{"type":"Feature","properties":{"tier":"regional"},"geometry":{"type":"LineString","coordinates":[[138.499537,-34.913607],[138.499461,-34.91361],[138.499325,-34.913616]]}},{"type":"Feature","properties":{"tier":"regional"},"geometry":{"type":"LineString","coordinates":[[138.499749,-34.913589],[138.499798,-34.913587],[138.499949,-34.913581]]}},{"type":"Feature","properties":{"tier":"regional"},"geometry":{"type":"LineString","coordinates":[[138.49699,-34.916604],[138.496992,-34.916641],[138.496995,-34.916681]]}},{"type":"Feature","properties":{"tier":"regional"},"geometry":{"type":"LineString","coordinates":[[138.496967,-34.916285],[138.496973,-34.91638],[138.496976,-34.91643]]}},{"type":"Feature","properties":{"tier":"regional"},"geometry":{"type":"LineString","coordinates":[[138.494334,-34.821243],[138.494522,-34.8221],[138.494714,-34.823011]]}},{"type":"Feature","properties":{"tier":"arterial"},"geometry":{"type":"LineString","coordinates":[[138.49242,-34.821074],[138.492334,-34.821238]]}},{"type":"Feature","properties":{"tier":"arterial"},"geometry":{"type":"LineString","coordinates":[[138.492334,-34.821238],[138.492248,-34.821402]]}},{"type":"Feature","properties":{"tier":"regional"},"geometry":{"type":"LineString","coordinates":[[138.491274,-34.876867],[138.491438,-34.876802],[138.491821,-34.876612]]}},{"type":"Feature","properties":{"tier":"regional"},"geometry":{"type":"LineString","coordinates":[[138.489287,-34.880912],[138.48927,-34.880788],[138.489264,-34.880591],[138.489276,-34.880041],[138.48928,-34.87974],[138.489283,-34.879476],[138.489269,-34.878967],[138.489269,-34.878956],[138.489296,-34.878681],[138.489349,-34.878464],[138.489418,-34.878291],[138.48953,-34.878108],[138.489547,-34.87808],[138.489595,-34.878006],[138.489688,-34.877878],[138.489849,-34.877689],[138.490138,-34.877436],[138.490454,-34.877226],[138.49086,-34.877038],[138.491215,-34.876891],[138.491274,-34.876867]]}},{"type":"Feature","properties":{"tier":"regional"},"geometry":{"type":"LineString","coordinates":[[138.49654,-34.811955],[138.496625,-34.812052],[138.496707,-34.812109],[138.496812,-34.812165]]}},{"type":"Feature","properties":{"tier":"arterial"},"geometry":{"type":"LineString","coordinates":[[138.491332,-34.846141],[138.491218,-34.84612]]}},{"type":"Feature","properties":{"tier":"arterial"},"geometry":{"type":"LineString","coordinates":[[138.482238,-34.844451],[138.48215,-34.844442],[138.48199,-34.844449]]}},{"type":"Feature","properties":{"tier":"arterial"},"geometry":{"type":"LineString","coordinates":[[138.483198,-34.8446],[138.482949,-34.844553]]}},{"type":"Feature","properties":{"tier":"arterial"},"geometry":{"type":"LineString","coordinates":[[138.482072,-34.844282],[138.482179,-34.844323],[138.482225,-34.844341]]}},{"type":"Feature","properties":{"tier":"arterial"},"geometry":{"type":"LineString","coordinates":[[138.47947,-34.850537],[138.479397,-34.850623],[138.479347,-34.850709]]}},{"type":"Feature","properties":{"tier":"arterial"},"geometry":{"type":"LineString","coordinates":[[138.499819,-34.845454],[138.499814,-34.845358]]}},{"type":"Feature","properties":{"tier":"arterial"},"geometry":{"type":"LineString","coordinates":[[138.494914,-34.850969],[138.494893,-34.85072]]}},{"type":"Feature","properties":{"tier":"arterial"},"geometry":{"type":"LineString","coordinates":[[138.493795,-34.851902],[138.493221,-34.851848],[138.493212,-34.851847],[138.493041,-34.85183]]}},{"type":"Feature","properties":{"tier":"arterial"},"geometry":{"type":"LineString","coordinates":[[138.493056,-34.851729],[138.493811,-34.851796]]}},{"type":"Feature","properties":{"tier":"arterial"},"geometry":{"type":"LineString","coordinates":[[138.496576,-34.852153],[138.495107,-34.85203],[138.495083,-34.852028],[138.494996,-34.852017]]}},{"type":"Feature","properties":{"tier":"regional"},"geometry":{"type":"LineString","coordinates":[[138.496344,-34.907235],[138.496349,-34.907308],[138.496353,-34.907368],[138.496372,-34.907643]]}},{"type":"Feature","properties":{"tier":"arterial"},"geometry":{"type":"LineString","coordinates":[[138.499449,-34.925447],[138.499815,-34.925406],[138.50002,-34.925396]]}},{"type":"Feature","properties":{"tier":"arterial"},"geometry":{"type":"LineString","coordinates":[[138.50002,-34.925461],[138.49969,-34.925474]]}},{"type":"Feature","properties":{"tier":"arterial"},"geometry":{"type":"LineString","coordinates":[[138.484248,-34.83826],[138.484213,-34.838416]]}},{"type":"Feature","properties":{"tier":"arterial"},"geometry":{"type":"LineString","coordinates":[[138.484118,-34.838485],[138.484168,-34.838367],[138.484248,-34.83826]]}},{"type":"Feature","properties":{"tier":"regional"},"geometry":{"type":"LineString","coordinates":[[138.492437,-34.859318],[138.492264,-34.859406],[138.492187,-34.859445]]}},{"type":"Feature","properties":{"tier":"arterial"},"geometry":{"type":"LineString","coordinates":[[138.489733,-34.89723],[138.489821,-34.897396],[138.489857,-34.897459]]}},{"type":"Feature","properties":{"tier":"regional"},"geometry":{"type":"LineString","coordinates":[[138.498967,-34.907429],[138.498949,-34.907253],[138.498945,-34.907215],[138.49894,-34.907163]]}},{"type":"Feature","properties":{"tier":"regional"},"geometry":{"type":"LineString","coordinates":[[138.483971,-34.829486],[138.483984,-34.829462],[138.484016,-34.829415]]}},{"type":"Feature","properties":{"tier":"regional"},"geometry":{"type":"LineString","coordinates":[[138.484093,-34.829295],[138.484123,-34.829231],[138.484135,-34.829209]]}},{"type":"Feature","properties":{"tier":"regional"},"geometry":{"type":"LineString","coordinates":[[138.485857,-34.826281],[138.485884,-34.826217],[138.485918,-34.82617]]}},{"type":"Feature","properties":{"tier":"regional"},"geometry":{"type":"LineString","coordinates":[[138.485992,-34.826053],[138.486021,-34.826],[138.486039,-34.825968]]}},{"type":"Feature","properties":{"tier":"arterial"},"geometry":{"type":"LineString","coordinates":[[138.484847,-34.836742],[138.484728,-34.837053],[138.484523,-34.837569],[138.484465,-34.837712],[138.484401,-34.837874],[138.484308,-34.838106],[138.484248,-34.83826]]}},{"type":"Feature","properties":{"tier":"arterial"},"geometry":{"type":"LineString","coordinates":[[138.484213,-34.838416],[138.484087,-34.83874],[138.484077,-34.838767],[138.484069,-34.838788],[138.484033,-34.838889]]}},{"type":"Feature","properties":{"tier":"arterial"},"geometry":{"type":"LineString","coordinates":[[138.483956,-34.838877],[138.484033,-34.838889]]}},{"type":"Feature","properties":{"tier":"arterial"},"geometry":{"type":"LineString","coordinates":[[138.483956,-34.838877],[138.483997,-34.838776],[138.484005,-34.838756],[138.484118,-34.838485]]}},{"type":"Feature","properties":{"tier":"arterial"},"geometry":{"type":"LineString","coordinates":[[138.491836,-34.797718],[138.491913,-34.798451],[138.491915,-34.798475],[138.4919,-34.800117],[138.491894,-34.800794],[138.491881,-34.80104],[138.491857,-34.80139],[138.491786,-34.802348]]}},{"type":"Feature","properties":{"tier":"arterial"},"geometry":{"type":"LineString","coordinates":[[138.491786,-34.802348],[138.491569,-34.804306],[138.491492,-34.805181]]}},{"type":"Feature","properties":{"tier":"arterial"},"geometry":{"type":"LineString","coordinates":[[138.496807,-34.840247],[138.496491,-34.840284],[138.496225,-34.840327]]}},{"type":"Feature","properties":{"tier":"arterial"},"geometry":{"type":"LineString","coordinates":[[138.496306,-34.840215],[138.49679,-34.840146]]}}]}
