{"type":"FeatureCollection","features":[{"type":"Feature","properties":{"tier":"regional"},"geometry":{"type":"LineString","coordinates":[[138.50002,-35.116921],[138.499352,-35.116957],[138.499201,-35.116965],[138.498348,-35.117012],[138.497406,-35.117063],[138.496129,-35.117131],[138.494997,-35.117191]]}},{"type":"Feature","properties":{"tier":"regional"},"geometry":{"type":"LineString","coordinates":[[138.494604,-35.117211],[138.494172,-35.117234],[138.493616,-35.117263],[138.492322,-35.117331]]}},{"type":"Feature","properties":{"tier":"regional"},"geometry":{"type":"LineString","coordinates":[[138.494997,-35.117191],[138.494604,-35.117211]]}},{"type":"Feature","properties":{"tier":"arterial"},"geometry":{"type":"LineString","coordinates":[[138.499126,-35.10653],[138.499075,-35.106605],[138.498735,-35.107101]]}},{"type":"Feature","properties":{"tier":"arterial"},"geometry":{"type":"LineString","coordinates":[[138.485363,-35.130586],[138.485335,-35.130545],[138.48532,-35.13051],[138.485312,-35.130473],[138.485312,-35.130427],[138.485319,-35.130395],[138.485338,-35.130357],[138.48536,-35.130316]]}},{"type":"Feature","properties":{"tier":"arterial"},"geometry":{"type":"LineString","coordinates":[[138.485846,-35.130316],[138.485996,-35.130359],[138.486159,-35.13036],[138.486231,-35.130357],[138.486379,-35.130351],[138.486765,-35.130327],[138.487105,-35.130296],[138.487416,-35.130239]]}},{"type":"Feature","properties":{"tier":"regional"},"geometry":{"type":"LineString","coordinates":[[138.485363,-35.130586],[138.485218,-35.13055],[138.485111,-35.130546],[138.48465,-35.130551],[138.484282,-35.130572],[138.483706,-35.130604],[138.48354,-35.130608],[138.483525,-35.130608],[138.48312,-35.130605],[138.48276,-35.130576]]}},{"type":"Feature","properties":{"tier":"regional"},"geometry":{"type":"LineString","coordinates":[[138.48276,-35.130576],[138.483232,-35.130506],[138.483529,-35.130491],[138.483694,-35.130482],[138.48422,-35.13046],[138.484675,-35.130438],[138.485047,-35.130402],[138.485107,-35.130393],[138.485136,-35.130388],[138.485229,-35.130366],[138.48536,-35.130316]]}},{"type":"Feature","properties":{"tier":"regional"},"geometry":{"type":"LineString","coordinates":[[138.48276,-35.130576],[138.482407,-35.13059],[138.482301,-35.130598],[138.482025,-35.130617],[138.481957,-35.130622]]}},{"type":"Feature","properties":{"tier":"regional"},"geometry":{"type":"LineString","coordinates":[[138.481753,-35.130623],[138.481487,-35.13064],[138.481215,-35.130656],[138.478875,-35.130785],[138.477415,-35.130865],[138.4771,-35.130882],[138.476959,-35.13089],[138.476617,-35.130909],[138.476423,-35.130919],[138.476296,-35.130926],[138.476213,-35.130931],[138.476042,-35.13094],[138.475882,-35.130949],[138.475686,-35.13096],[138.475395,-35.130976],[138.475265,-35.130983],[138.475075,-35.130993],[138.474303,-35.131036],[138.474224,-35.13104],[138.473213,-35.131095],[138.473038,-35.131105],[138.472332,-35.131144],[138.472215,-35.13115],[138.471573,-35.131185],[138.471172,-35.131207],[138.470579,-35.13124],[138.470295,-35.131256]]}},{"type":"Feature","properties":{"tier":"regional"},"geometry":{"type":"LineString","coordinates":[[138.469656,-35.13457],[138.469634,-35.134513],[138.469637,-35.134465],[138.469639,-35.134457],[138.469651,-35.134416],[138.469721,-35.134274],[138.469859,-35.133805],[138.469882,-35.133694]]}},{"type":"Feature","properties":{"tier":"regional"},"geometry":{"type":"LineString","coordinates":[[138.470508,-35.139469],[138.470446,-35.139402],[138.470433,-35.139388],[138.470356,-35.139162],[138.470008,-35.138152],[138.469796,-35.137582],[138.469693,-35.137305],[138.469493,-35.13675],[138.469473,-35.136692],[138.46948,-35.136625]]}},{"type":"Feature","properties":{"tier":"regional"},"geometry":{"type":"LineString","coordinates":[[138.46948,-35.136625],[138.469515,-35.136576],[138.46961,-35.136539],[138.470445,-35.136326],[138.470472,-35.136319],[138.47057,-35.13627],[138.470643,-35.136199],[138.470698,-35.13611],[138.470769,-35.135833],[138.470788,-35.135758],[138.470892,-35.135369],[138.470917,-35.135235],[138.470898,-35.135116],[138.470863,-35.135011],[138.470816,-35.134946],[138.470765,-35.134901],[138.47065,-35.134844]]}},{"type":"Feature","properties":{"tier":"arterial"},"geometry":{"type":"LineString","coordinates":[[138.485791,-35.130633],[138.485786,-35.130669],[138.485776,-35.130732],[138.485767,-35.130838],[138.485767,-35.130861],[138.485767,-35.130939],[138.485778,-35.131132],[138.485793,-35.13145],[138.485827,-35.131984],[138.48584,-35.132195],[138.485951,-35.133643],[138.485994,-35.134207]]}},{"type":"Feature","properties":{"tier":"arterial"},"geometry":{"type":"LineString","coordinates":[[138.497758,-35.138078],[138.498127,-35.138061],[138.498754,-35.138031],[138.498906,-35.138024]]}},{"type":"Feature","properties":{"tier":"arterial"},"geometry":{"type":"LineString","coordinates":[[138.489948,-35.138483],[138.489583,-35.138503],[138.489068,-35.138529],[138.488683,-35.13855],[138.488409,-35.138564],[138.488371,-35.138566],[138.488224,-35.138574]]}},{"type":"Feature","properties":{"tier":"regional"},"geometry":{"type":"LineString","coordinates":[[138.479418,-35.138995],[138.479432,-35.138978],[138.479451,-35.138963],[138.479474,-35.138953],[138.479499,-35.138948],[138.479525,-35.138949],[138.47955,-35.138955],[138.479572,-35.138966],[138.47959,-35.138981]]}},{"type":"Feature","properties":{"tier":"arterial"},"geometry":{"type":"LineString","coordinates":[[138.486291,-35.138721],[138.48617,-35.138728]]}},{"type":"Feature","properties":{"tier":"regional"},"geometry":{"type":"LineString","coordinates":[[138.471981,-35.139375],[138.472259,-35.139361],[138.472815,-35.139332]]}},{"type":"Feature","properties":{"tier":"regional"},"geometry":{"type":"LineString","coordinates":[[138.470577,-35.139571],[138.470552,-35.139569],[138.47053,-35.13956],[138.470511,-35.139546],[138.470499,-35.139528],[138.470494,-35.139508],[138.470497,-35.139488],[138.470508,-35.139469],[138.470527,-35.139453],[138.470551,-35.139443],[138.470578,-35.13944],[138.470605,-35.139445],[138.470628,-35.139457],[138.470645,-35.139474],[138.470654,-35.139496],[138.470653,-35.139518],[138.470643,-35.139539],[138.470626,-35.139556],[138.470602,-35.139567],[138.470577,-35.139571]]}},{"type":"Feature","properties":{"tier":"regional"},"geometry":{"type":"LineString","coordinates":[[138.491779,-35.143747],[138.491744,-35.143709],[138.491724,-35.143665],[138.491721,-35.143618],[138.491736,-35.143572],[138.491768,-35.143533],[138.491798,-35.143511],[138.491833,-35.143494],[138.491895,-35.143482],[138.491957,-35.143488],[138.492014,-35.14351]]}},{"type":"Feature","properties":{"tier":"arterial"},"geometry":{"type":"LineString","coordinates":[[138.486734,-35.142903],[138.486767,-35.142926],[138.486785,-35.142945],[138.486796,-35.142967],[138.48681,-35.143028],[138.486792,-35.143082]]}},{"type":"Feature","properties":{"tier":"regional"},"geometry":{"type":"LineString","coordinates":[[138.486885,-35.14293],[138.487226,-35.142938],[138.4874,-35.142939]]}},{"type":"Feature","properties":{"tier":"regional"},"geometry":{"type":"LineString","coordinates":[[138.487867,-35.143049],[138.487607,-35.143043],[138.487487,-35.143049],[138.487232,-35.143061],[138.487139,-35.143066],[138.486792,-35.143082]]}},{"type":"Feature","properties":{"tier":"arterial"},"geometry":{"type":"LineString","coordinates":[[138.486729,-35.143137],[138.486695,-35.143229],[138.486677,-35.143343],[138.486681,-35.143462],[138.486692,-35.143735],[138.486699,-35.143926],[138.486733,-35.144486],[138.486752,-35.144802],[138.486754,-35.144912],[138.486786,-35.145246],[138.486795,-35.145386],[138.486799,-35.145484],[138.486782,-35.145574],[138.486758,-35.145655],[138.486708,-35.145751],[138.486589,-35.145885]]}},{"type":"Feature","properties":{"tier":"arterial"},"geometry":{"type":"LineString","coordinates":[[138.486533,-35.145841],[138.486558,-35.145819],[138.486611,-35.145759],[138.486664,-35.145683],[138.486699,-35.145606],[138.486728,-35.145515],[138.486734,-35.145417],[138.486719,-35.145206],[138.486666,-35.144489],[138.486652,-35.144305],[138.486618,-35.143928],[138.486612,-35.143746],[138.486577,-35.143259],[138.486571,-35.143233],[138.486549,-35.143129]]}},{"type":"Feature","properties":{"tier":"regional"},"geometry":{"type":"LineString","coordinates":[[138.470602,-35.139567],[138.470591,-35.139653],[138.470569,-35.139818],[138.470552,-35.139893],[138.470418,-35.14026],[138.47011,-35.141064],[138.470043,-35.141168],[138.469658,-35.141521],[138.469094,-35.142009],[138.46827,-35.14269],[138.467961,-35.142937],[138.467869,-35.143042],[138.467814,-35.143141],[138.467747,-35.143269],[138.467415,-35.143907],[138.467344,-35.144049],[138.467239,-35.14427],[138.467209,-35.144366],[138.467204,-35.144382],[138.467181,-35.144492],[138.467166,-35.144608],[138.467178,-35.144718],[138.46722,-35.144931],[138.467255,-35.1451],[138.467318,-35.145248],[138.467403,-35.145398],[138.467432,-35.145475],[138.467438,-35.145505],[138.467454,-35.145581],[138.467464,-35.145685],[138.467455,-35.145904],[138.467447,-35.146072],[138.467445,-35.146102],[138.467442,-35.146157],[138.467415,-35.14633],[138.467406,-35.14636],[138.467369,-35.146473],[138.467269,-35.146786],[138.467245,-35.146883],[138.46723,-35.146991],[138.467228,-35.147043],[138.467317,-35.147709],[138.467349,-35.147795],[138.467391,-35.147865],[138.467871,-35.148425],[138.46828,-35.148914],[138.468317,-35.148957],[138.468368,-35.148985],[138.46842,-35.14899]]}},{"type":"Feature","properties":{"tier":"regional"},"geometry":{"type":"LineString","coordinates":[[138.486961,-35.149146],[138.486783,-35.146901],[138.486761,-35.146364],[138.486757,-35.14625]]}},{"type":"Feature","properties":{"tier":"regional"},"geometry":{"type":"LineString","coordinates":[[138.470589,-35.148979],[138.470761,-35.149099],[138.470835,-35.149151],[138.470886,-35.149198],[138.470948,-35.149251]]}},{"type":"Feature","properties":{"tier":"arterial"},"geometry":{"type":"LineString","coordinates":[[138.47247,-35.150802],[138.472497,-35.150821],[138.472521,-35.15085],[138.472533,-35.150887],[138.472527,-35.150928],[138.472511,-35.150957],[138.472474,-35.150988]]}},{"type":"Feature","properties":{"tier":"arterial"},"geometry":{"type":"LineString","coordinates":[[138.472925,-35.149032],[138.472949,-35.148988],[138.473,-35.148946],[138.473013,-35.148941]]}},{"type":"Feature","properties":{"tier":"arterial"},"geometry":{"type":"LineString","coordinates":[[138.473121,-35.149222],[138.47306,-35.149263],[138.473016,-35.149295],[138.472975,-35.149328],[138.472962,-35.149339],[138.472903,-35.149409],[138.472807,-35.149596],[138.472694,-35.149834],[138.472632,-35.150005]]}},{"type":"Feature","properties":{"tier":"arterial"},"geometry":{"type":"LineString","coordinates":[[138.472474,-35.150988],[138.472472,-35.151036],[138.472466,-35.151053],[138.472456,-35.151077],[138.472452,-35.15109],[138.472435,-35.151152],[138.472449,-35.151249],[138.472483,-35.151376],[138.472492,-35.15141],[138.47249,-35.151491]]}},{"type":"Feature","properties":{"tier":"arterial"},"geometry":{"type":"LineString","coordinates":[[138.47249,-35.151491],[138.472567,-35.151628],[138.473054,-35.152329]]}},{"type":"Feature","properties":{"tier":"arterial"},"geometry":{"type":"LineString","coordinates":[[138.474408,-35.153913],[138.474673,-35.154185],[138.474804,-35.154345]]}},{"type":"Feature","properties":{"tier":"regional"},"geometry":{"type":"LineString","coordinates":[[138.481626,-35.149428],[138.481657,-35.149447],[138.48168,-35.149474],[138.481691,-35.149507],[138.481688,-35.149541],[138.481671,-35.149572],[138.481643,-35.149596],[138.481607,-35.149611],[138.481567,-35.149616],[138.481528,-35.149609],[138.481493,-35.149593],[138.481467,-35.149568],[138.481452,-35.149537],[138.48145,-35.149504],[138.481462,-35.149473],[138.481485,-35.149446],[138.481516,-35.149428],[138.481552,-35.149419],[138.48159,-35.149419],[138.481626,-35.149428]]}},{"type":"Feature","properties":{"tier":"regional"},"geometry":{"type":"LineString","coordinates":[[138.481643,-35.149596],[138.482209,-35.150039],[138.483386,-35.150991],[138.483627,-35.151186],[138.48491,-35.152195],[138.485121,-35.152307]]}},{"type":"Feature","properties":{"tier":"regional"},"geometry":{"type":"LineString","coordinates":[[138.485187,-35.15225],[138.485219,-35.152243],[138.485252,-35.152244],[138.485289,-35.152255],[138.485321,-35.152275],[138.485342,-35.152303],[138.48535,-35.152334],[138.485346,-35.152367],[138.48533,-35.152394],[138.485303,-35.152417],[138.48527,-35.152431],[138.485233,-35.152436],[138.485196,-35.152431],[138.485162,-35.152417],[138.485136,-35.152395],[138.485119,-35.152367],[138.485114,-35.152337],[138.485121,-35.152307],[138.485137,-35.152283],[138.485159,-35.152263],[138.485187,-35.15225]]}},{"type":"Feature","properties":{"tier":"regional"},"geometry":{"type":"LineString","coordinates":[[138.485346,-35.152367],[138.485829,-35.152374],[138.485976,-35.152375],[138.486713,-35.152403],[138.487258,-35.152453],[138.48788,-35.152513],[138.488369,-35.152593],[138.488808,-35.152713],[138.489167,-35.152832],[138.489776,-35.153112],[138.49024,-35.153314],[138.49117,-35.153592],[138.492714,-35.154022],[138.494461,-35.154462],[138.494734,-35.154588],[138.494903,-35.154738],[138.495426,-35.155423],[138.495627,-35.155647],[138.495799,-35.155783],[138.496002,-35.155888],[138.496234,-35.155978],[138.498162,-35.156596],[138.498467,-35.156753],[138.498714,-35.156922],[138.498959,-35.157173],[138.499175,-35.15743],[138.50002,-35.158438]]}},{"type":"Feature","properties":{"tier":"regional"},"geometry":{"type":"LineString","coordinates":[[138.49179,-35.144124],[138.491819,-35.143931],[138.491817,-35.143769]]}},{"type":"Feature","properties":{"tier":"regional"},"geometry":{"type":"LineString","coordinates":[[138.49126,-35.148367],[138.491266,-35.148397],[138.49126,-35.148424],[138.491244,-35.148449],[138.491221,-35.148468],[138.491192,-35.148481],[138.491159,-35.148486],[138.491127,-35.148483],[138.491098,-35.148474],[138.491073,-35.148458],[138.491055,-35.148436],[138.491045,-35.148412],[138.491044,-35.148381],[138.491055,-35.148353],[138.491078,-35.148329],[138.491109,-35.148312],[138.491145,-35.148304],[138.491182,-35.148307],[138.491216,-35.148319],[138.491243,-35.14834],[138.49126,-35.148367]]}},{"type":"Feature","properties":{"tier":"regional"},"geometry":{"type":"LineString","coordinates":[[138.492849,-35.148119],[138.492893,-35.148128],[138.492932,-35.148148],[138.49296,-35.148178],[138.492974,-35.148213],[138.492972,-35.14825],[138.492955,-35.148285],[138.492925,-35.148313],[138.492885,-35.148331],[138.492842,-35.148337],[138.492799,-35.148331],[138.49276,-35.148315],[138.49273,-35.148289],[138.492712,-35.148256],[138.492708,-35.148223],[138.492716,-35.14819],[138.492736,-35.148161],[138.492766,-35.148138],[138.492804,-35.148123],[138.492849,-35.148119]]}},{"type":"Feature","properties":{"tier":"regional"},"geometry":{"type":"LineString","coordinates":[[138.492712,-35.148256],[138.492511,-35.148294],[138.492206,-35.148333],[138.491921,-35.14835],[138.491606,-35.14837],[138.491266,-35.148397]]}},{"type":"Feature","properties":{"tier":"regional"},"geometry":{"type":"LineString","coordinates":[[138.492804,-35.148123],[138.492766,-35.147989],[138.492698,-35.147827]]}},{"type":"Feature","properties":{"tier":"regional"},"geometry":{"type":"LineString","coordinates":[[138.492885,-35.148331],[138.492932,-35.148517],[138.492973,-35.148786],[138.492995,-35.149028],[138.493034,-35.149451],[138.493048,-35.149602],[138.493053,-35.149654],[138.493134,-35.149977],[138.493281,-35.150328],[138.493388,-35.150539],[138.493577,-35.150792],[138.493582,-35.150798],[138.493753,-35.150984],[138.493988,-35.151198],[138.494302,-35.151422],[138.494664,-35.151631],[138.495052,-35.151778],[138.495367,-35.151883],[138.495518,-35.151909],[138.495737,-35.151946],[138.495798,-35.151956],[138.496292,-35.151998],[138.496781,-35.151956],[138.497264,-35.151866],[138.497548,-35.151784],[138.497604,-35.151767],[138.497944,-35.151628],[138.498118,-35.151536],[138.498281,-35.15145],[138.498641,-35.151189],[138.49896,-35.150897],[138.499325,-35.150602],[138.499608,-35.150445],[138.499831,-35.150366],[138.50002,-35.150314]]}},{"type":"Feature","properties":{"tier":"regional"},"geometry":{"type":"LineString","coordinates":[[138.49829,-35.180825],[138.498324,-35.180674],[138.498334,-35.180576],[138.498336,-35.180454],[138.498303,-35.180313],[138.498258,-35.180206],[138.498206,-35.180118],[138.498146,-35.180042],[138.498069,-35.179967],[138.497991,-35.179908],[138.497905,-35.179864],[138.497821,-35.179825],[138.497695,-35.179784],[138.497631,-35.179771],[138.497534,-35.179752],[138.497374,-35.179735],[138.497216,-35.179736],[138.497068,-35.179752]]}},{"type":"Feature","properties":{"tier":"regional"},"geometry":{"type":"LineString","coordinates":[[138.498117,-35.181362],[138.49829,-35.180825]]}},{"type":"Feature","properties":{"tier":"high"},"geometry":{"type":"LineString","coordinates":[[138.499186,-35.175287],[138.49849,-35.176406]]}},{"type":"Feature","properties":{"tier":"regional"},"geometry":{"type":"LineString","coordinates":[[138.489489,-35.18027],[138.489558,-35.18028],[138.48961,-35.180318],[138.489627,-35.180352],[138.489629,-35.180389],[138.489615,-35.180425],[138.489586,-35.180455],[138.489545,-35.180475],[138.489498,-35.180481],[138.489443,-35.18047],[138.489399,-35.18044],[138.489379,-35.180411],[138.489372,-35.180377],[138.489378,-35.180343],[138.489397,-35.180313],[138.489437,-35.180283],[138.489489,-35.18027]]}},{"type":"Feature","properties":{"tier":"regional"},"geometry":{"type":"LineString","coordinates":[[138.474947,-35.155147],[138.474884,-35.155175],[138.474839,-35.155195],[138.474748,-35.155295],[138.474678,-35.155476],[138.474649,-35.155636],[138.474412,-35.157087],[138.474296,-35.157616],[138.474175,-35.158072],[138.474057,-35.158389],[138.473967,-35.158618],[138.473876,-35.158803],[138.473719,-35.159053],[138.473487,-35.159324],[138.473472,-35.159342],[138.472785,-35.160108],[138.472412,-35.160579],[138.472232,-35.160813],[138.472075,-35.161021],[138.471989,-35.161159],[138.471922,-35.161298],[138.471885,-35.161414],[138.471855,-35.161537],[138.471838,-35.161682],[138.471841,-35.161866],[138.471874,-35.162027],[138.471935,-35.162129],[138.472024,-35.162215],[138.472065,-35.162246],[138.472166,-35.162306]]}},{"type":"Feature","properties":{"tier":"regional"},"geometry":{"type":"LineString","coordinates":[[138.471089,-35.165549],[138.471164,-35.165453]]}},{"type":"Feature","properties":{"tier":"regional"},"geometry":{"type":"LineString","coordinates":[[138.470962,-35.165644],[138.470847,-35.165657],[138.470774,-35.165666],[138.470273,-35.165694],[138.469844,-35.165716],[138.469773,-35.16572],[138.469532,-35.165733],[138.469447,-35.165746],[138.469388,-35.165774],[138.469341,-35.165817],[138.469314,-35.165863],[138.469303,-35.165927],[138.469309,-35.165987],[138.469327,-35.166154],[138.469312,-35.166236],[138.469252,-35.166316],[138.468916,-35.166609],[138.468802,-35.166713],[138.468678,-35.166818],[138.468641,-35.166849],[138.468402,-35.167062],[138.46819,-35.167226],[138.468161,-35.167248],[138.467819,-35.167448],[138.467455,-35.167668],[138.467326,-35.167787],[138.467256,-35.167908],[138.467196,-35.168168],[138.467146,-35.169026],[138.467107,-35.169605],[138.467102,-35.169678]]}},{"type":"Feature","properties":{"tier":"regional"},"geometry":{"type":"LineString","coordinates":[[138.467093,-35.169831],[138.467089,-35.169866],[138.467071,-35.170096],[138.467066,-35.170631],[138.467075,-35.171394],[138.467063,-35.171443],[138.467055,-35.171472],[138.467021,-35.17156],[138.466914,-35.171775],[138.466838,-35.171933],[138.466768,-35.1721],[138.466756,-35.172302],[138.466765,-35.172637],[138.466765,-35.172651]]}},{"type":"Feature","properties":{"tier":"regional"},"geometry":{"type":"LineString","coordinates":[[138.466916,-35.172776],[138.466903,-35.172821],[138.46687,-35.172858],[138.466824,-35.172883],[138.466773,-35.172891],[138.466753,-35.172891],[138.466703,-35.172879],[138.466676,-35.172865],[138.466644,-35.172835],[138.466623,-35.172789],[138.466623,-35.172751],[138.466638,-35.172715],[138.466666,-35.172684],[138.466705,-35.172662],[138.466765,-35.172651],[138.466786,-35.172651],[138.466836,-35.172664],[138.466879,-35.172691],[138.466907,-35.17273],[138.466916,-35.172776]]}},{"type":"Feature","properties":{"tier":"regional"},"geometry":{"type":"LineString","coordinates":[[138.466753,-35.172891],[138.46676,-35.172926],[138.466787,-35.17307],[138.466803,-35.17318],[138.46675,-35.173624],[138.466716,-35.173881],[138.466709,-35.174003],[138.466749,-35.174178],[138.466847,-35.174383],[138.467167,-35.175097],[138.467237,-35.17527],[138.467271,-35.175423],[138.467225,-35.176051],[138.467211,-35.176338],[138.467203,-35.176503],[138.467226,-35.176944],[138.467222,-35.177161],[138.467215,-35.177275],[138.467154,-35.177639]]}},{"type":"Feature","properties":{"tier":"regional"},"geometry":{"type":"LineString","coordinates":[[138.46826,-35.18128],[138.468288,-35.181286],[138.468313,-35.181299],[138.468332,-35.181317],[138.468343,-35.181339],[138.468346,-35.181363],[138.468339,-35.181389],[138.468322,-35.181411],[138.468297,-35.181427],[138.468267,-35.181436],[138.468235,-35.181437],[138.468206,-35.18143],[138.468182,-35.181416],[138.468163,-35.181396],[138.468153,-35.181373],[138.468153,-35.181348],[138.468161,-35.181325],[138.468178,-35.181304],[138.468201,-35.181289],[138.46823,-35.181281],[138.46826,-35.18128]]}},{"type":"Feature","properties":{"tier":"regional"},"geometry":{"type":"LineString","coordinates":[[138.467138,-35.177804],[138.46715,-35.177874],[138.467174,-35.178012],[138.467213,-35.178133],[138.467264,-35.178239],[138.467763,-35.179308],[138.467798,-35.179392],[138.467833,-35.179476],[138.467957,-35.179744],[138.46805,-35.179942],[138.468097,-35.180063],[138.468137,-35.180187],[138.468194,-35.180411],[138.468233,-35.180658],[138.468253,-35.18096],[138.468264,-35.181089],[138.468261,-35.181206],[138.46826,-35.18128]]}},{"type":"Feature","properties":{"tier":"regional"},"geometry":{"type":"LineString","coordinates":[[138.468235,-35.181437],[138.468227,-35.181496],[138.468211,-35.181621],[138.468181,-35.18171],[138.467852,-35.182627],[138.467702,-35.183041],[138.467601,-35.183329],[138.467503,-35.183644],[138.467455,-35.183903],[138.467404,-35.184197],[138.46739,-35.184455],[138.467409,-35.18467],[138.467412,-35.184708]]}},{"type":"Feature","properties":{"tier":"regional"},"geometry":{"type":"LineString","coordinates":[[138.467463,-35.184876],[138.467507,-35.185029],[138.467557,-35.18511],[138.46846,-35.18656],[138.468569,-35.186799],[138.468633,-35.187005],[138.468681,-35.187156],[138.468729,-35.18733],[138.46895,-35.188278],[138.469188,-35.188854],[138.469395,-35.18934],[138.469653,-35.190136],[138.469784,-35.190638],[138.469803,-35.190703]]}},{"type":"Feature","properties":{"tier":"regional"},"geometry":{"type":"LineString","coordinates":[[138.470172,-35.19385],[138.470177,-35.193908],[138.470193,-35.194084],[138.470335,-35.194899],[138.470349,-35.194981],[138.470506,-35.195883],[138.47054,-35.196075],[138.470558,-35.196176],[138.470588,-35.196382],[138.470625,-35.196583],[138.470683,-35.196847],[138.470751,-35.196972],[138.470823,-35.197104],[138.470851,-35.197214],[138.470877,-35.197329],[138.4709,-35.19753],[138.470917,-35.197726],[138.470921,-35.197734],[138.470932,-35.197758],[138.470955,-35.197783],[138.470978,-35.197797],[138.471006,-35.197809],[138.471031,-35.197815]]}},{"type":"Feature","properties":{"tier":"regional"},"geometry":{"type":"LineString","coordinates":[[138.471031,-35.197815],[138.471324,-35.197803],[138.47158,-35.197791],[138.471689,-35.197787],[138.471984,-35.197774],[138.472083,-35.197769],[138.472156,-35.197765],[138.472232,-35.197762],[138.472873,-35.197732],[138.472894,-35.197737],[138.473043,-35.197768]]}},{"type":"Feature","properties":{"tier":"regional"},"geometry":{"type":"LineString","coordinates":[[138.473235,-35.197869],[138.473299,-35.19791],[138.473466,-35.19802],[138.474174,-35.198522],[138.474795,-35.198962],[138.475591,-35.199562],[138.475762,-35.199725]]}},{"type":"Feature","properties":{"tier":"high"},"geometry":{"type":"LineString","coordinates":[[138.4951,-35.18136],[138.495016,-35.181433],[138.4949,-35.181592],[138.494617,-35.181982],[138.494318,-35.182404],[138.494115,-35.182677],[138.494074,-35.182732],[138.494021,-35.182804]]}},{"type":"Feature","properties":{"tier":"high"},"geometry":{"type":"LineString","coordinates":[[138.498348,-35.189892],[138.498299,-35.189798],[138.498126,-35.189625],[138.497705,-35.189405],[138.497312,-35.189205],[138.497042,-35.189041],[138.496862,-35.188932],[138.496661,-35.188797],[138.496483,-35.188661],[138.496341,-35.188525],[138.496176,-35.188369],[138.496072,-35.188246],[138.495932,-35.188094],[138.495794,-35.187916],[138.49567,-35.187716],[138.495572,-35.187529],[138.495395,-35.187143],[138.495319,-35.186878],[138.49519,-35.186374],[138.495068,-35.185752]]}},{"type":"Feature","properties":{"tier":"high"},"geometry":{"type":"LineString","coordinates":[[138.4951,-35.18136],[138.495029,-35.181571],[138.494956,-35.18173],[138.49487,-35.181927],[138.494819,-35.182088],[138.494785,-35.182203],[138.494753,-35.182336],[138.494721,-35.182485],[138.4947,-35.182598],[138.494687,-35.182707],[138.49467,-35.182868],[138.494664,-35.182992],[138.494665,-35.183156],[138.4947,-35.183448],[138.494743,-35.183697],[138.494769,-35.183863],[138.495061,-35.185235],[138.495174,-35.185765]]}},{"type":"Feature","properties":{"tier":"high"},"geometry":{"type":"LineString","coordinates":[[138.494665,-35.183156],[138.494623,-35.1833],[138.494612,-35.183324],[138.494604,-35.183337],[138.49459,-35.18335],[138.494575,-35.183359],[138.494559,-35.183365],[138.494536,-35.183368],[138.494516,-35.183368],[138.494488,-35.183364],[138.49445,-35.183355],[138.494397,-35.183337]]}},{"type":"Feature","properties":{"tier":"regional"},"geometry":{"type":"LineString","coordinates":[[138.495352,-35.190464],[138.496333,-35.190407],[138.49654,-35.190394],[138.49676,-35.190353]]}},{"type":"Feature","properties":{"tier":"arterial"},"geometry":{"type":"LineString","coordinates":[[138.48163,-35.192326],[138.481559,-35.192279],[138.481512,-35.192215],[138.481492,-35.192143]]}},{"type":"Feature","properties":{"tier":"regional"},"geometry":{"type":"LineString","coordinates":[[138.493916,-35.190639],[138.493845,-35.190627],[138.493776,-35.190604],[138.493655,-35.190604],[138.493456,-35.1906],[138.493331,-35.190603],[138.493277,-35.190601]]}},{"type":"Feature","properties":{"tier":"arterial"},"geometry":{"type":"LineString","coordinates":[[138.480488,-35.192533],[138.481338,-35.192236],[138.481411,-35.1922],[138.481492,-35.192143]]}},{"type":"Feature","properties":{"tier":"arterial"},"geometry":{"type":"LineString","coordinates":[[138.479603,-35.192939],[138.479224,-35.193066]]}},{"type":"Feature","properties":{"tier":"regional"},"geometry":{"type":"LineString","coordinates":[[138.481988,-35.192261],[138.482048,-35.192422],[138.482067,-35.192491],[138.482121,-35.192573],[138.482234,-35.192747],[138.482468,-35.193122],[138.482795,-35.193627],[138.483132,-35.194185],[138.483591,-35.194897],[138.483825,-35.195259],[138.484535,-35.196363],[138.484563,-35.196407]]}},{"type":"Feature","properties":{"tier":"regional"},"geometry":{"type":"LineString","coordinates":[[138.484449,-35.196446],[138.484424,-35.19641],[138.48411,-35.19596],[138.48372,-35.195299],[138.483476,-35.194949],[138.483381,-35.194812],[138.483028,-35.194219],[138.482368,-35.193172],[138.482148,-35.192816],[138.482007,-35.192626],[138.48194,-35.192537],[138.481881,-35.19247],[138.481762,-35.192355]]}},{"type":"Feature","properties":{"tier":"regional"},"geometry":{"type":"LineString","coordinates":[[138.482368,-35.193172],[138.482468,-35.193122]]}},{"type":"Feature","properties":{"tier":"regional"},"geometry":{"type":"LineString","coordinates":[[138.484693,-35.196443],[138.484734,-35.196484],[138.484756,-35.196533],[138.484758,-35.19656],[138.484746,-35.196612],[138.484723,-35.196646],[138.484677,-35.196683],[138.484592,-35.196708],[138.484528,-35.196705],[138.48445,-35.196671],[138.48441,-35.19663],[138.48439,-35.196581],[138.484392,-35.196528],[138.484415,-35.19648],[138.484449,-35.196446],[138.484504,-35.196418],[138.484563,-35.196407],[138.484627,-35.196414],[138.484693,-35.196443]]}},{"type":"Feature","properties":{"tier":"regional"},"geometry":{"type":"LineString","coordinates":[[138.484723,-35.196646],[138.484754,-35.196704],[138.484999,-35.197168],[138.485205,-35.197461],[138.485449,-35.197867],[138.485918,-35.198596],[138.485984,-35.198679]]}},{"type":"Feature","properties":{"tier":"regional"},"geometry":{"type":"LineString","coordinates":[[138.487426,-35.201239],[138.487415,-35.201167],[138.48741,-35.201155],[138.487387,-35.201104],[138.487149,-35.200734],[138.487125,-35.200696],[138.486894,-35.200349],[138.486712,-35.200076],[138.486632,-35.199948],[138.486479,-35.199686],[138.486351,-35.199467],[138.4863,-35.199381],[138.485963,-35.198865],[138.485933,-35.198818]]}},{"type":"Feature","properties":{"tier":"regional"},"geometry":{"type":"LineString","coordinates":[[138.487661,-35.201281],[138.487684,-35.201326],[138.487688,-35.201374],[138.487673,-35.201416]]}},{"type":"Feature","properties":{"tier":"regional"},"geometry":{"type":"LineString","coordinates":[[138.487377,-35.201438],[138.487271,-35.201404],[138.487195,-35.20138]]}},{"type":"Feature","properties":{"tier":"regional"},"geometry":{"type":"LineString","coordinates":[[138.487195,-35.20138],[138.487265,-35.201351],[138.487354,-35.201314]]}},{"type":"Feature","properties":{"tier":"regional"},"geometry":{"type":"LineString","coordinates":[[138.478877,-35.201765],[138.479141,-35.201777],[138.479355,-35.20178],[138.479559,-35.201782],[138.47977,-35.201779]]}},{"type":"Feature","properties":{"tier":"regional"},"geometry":{"type":"LineString","coordinates":[[138.483056,-35.201538],[138.483149,-35.201558],[138.483218,-35.201561],[138.483772,-35.201538],[138.484254,-35.201515]]}},{"type":"Feature","properties":{"tier":"regional"},"geometry":{"type":"LineString","coordinates":[[138.480729,-35.198091],[138.480773,-35.198098],[138.480798,-35.198108],[138.480831,-35.198133],[138.480851,-35.198166],[138.480857,-35.198194],[138.480851,-35.19823],[138.480825,-35.198266],[138.48079,-35.198289],[138.480733,-35.198303],[138.480688,-35.198298],[138.480647,-35.19828],[138.480617,-35.198252],[138.480599,-35.198206],[138.480603,-35.198169],[138.48062,-35.198139],[138.48065,-35.198112],[138.480671,-35.198104],[138.480691,-35.198096],[138.480729,-35.198091]]}},{"type":"Feature","properties":{"tier":"regional"},"geometry":{"type":"LineString","coordinates":[[138.480647,-35.19828],[138.480463,-35.198313]]}},{"type":"Feature","properties":{"tier":"regional"},"geometry":{"type":"LineString","coordinates":[[138.480463,-35.198313],[138.480599,-35.198206]]}},{"type":"Feature","properties":{"tier":"regional"},"geometry":{"type":"LineString","coordinates":[[138.480798,-35.198108],[138.481023,-35.198085]]}},{"type":"Feature","properties":{"tier":"regional"},"geometry":{"type":"LineString","coordinates":[[138.481023,-35.198085],[138.480857,-35.198194]]}},{"type":"Feature","properties":{"tier":"regional"},"geometry":{"type":"LineString","coordinates":[[138.481023,-35.198085],[138.481451,-35.197894],[138.481901,-35.197705]]}},{"type":"Feature","properties":{"tier":"regional"},"geometry":{"type":"LineString","coordinates":[[138.482046,-35.197535],[138.482101,-35.197495],[138.482174,-35.197485],[138.482242,-35.19751],[138.482289,-35.197584],[138.482283,-35.197623],[138.48226,-35.197659],[138.482216,-35.197688],[138.482161,-35.197699],[138.482072,-35.197673],[138.482026,-35.197594],[138.482046,-35.197535]]}},{"type":"Feature","properties":{"tier":"regional"},"geometry":{"type":"LineString","coordinates":[[138.482072,-35.197673],[138.481901,-35.197705]]}},{"type":"Feature","properties":{"tier":"regional"},"geometry":{"type":"LineString","coordinates":[[138.482242,-35.19751],[138.48246,-35.197465]]}},{"type":"Feature","properties":{"tier":"regional"},"geometry":{"type":"LineString","coordinates":[[138.481901,-35.197705],[138.482026,-35.197594]]}},{"type":"Feature","properties":{"tier":"regional"},"geometry":{"type":"LineString","coordinates":[[138.48246,-35.197465],[138.482289,-35.197584]]}},{"type":"Feature","properties":{"tier":"regional"},"geometry":{"type":"LineString","coordinates":[[138.48246,-35.197465],[138.483349,-35.197085],[138.483377,-35.197073],[138.484251,-35.196701]]}},{"type":"Feature","properties":{"tier":"regional"},"geometry":{"type":"LineString","coordinates":[[138.48445,-35.196671],[138.484308,-35.196693],[138.484251,-35.196701]]}},{"type":"Feature","properties":{"tier":"regional"},"geometry":{"type":"LineString","coordinates":[[138.484251,-35.196701],[138.484291,-35.196667],[138.48439,-35.196581]]}},{"type":"Feature","properties":{"tier":"regional"},"geometry":{"type":"LineString","coordinates":[[138.484693,-35.196443],[138.484795,-35.196435],[138.484923,-35.196425]]}},{"type":"Feature","properties":{"tier":"regional"},"geometry":{"type":"LineString","coordinates":[[138.484923,-35.196425],[138.484837,-35.196495],[138.484758,-35.19656]]}},{"type":"Feature","properties":{"tier":"regional"},"geometry":{"type":"LineString","coordinates":[[138.484923,-35.196425],[138.485002,-35.19639],[138.48541,-35.196208],[138.486243,-35.195862],[138.486533,-35.195773],[138.486894,-35.195614],[138.487115,-35.19552],[138.487569,-35.195328]]}},{"type":"Feature","properties":{"tier":"regional"},"geometry":{"type":"LineString","coordinates":[[138.487569,-35.195328],[138.487652,-35.195242]]}},{"type":"Feature","properties":{"tier":"regional"},"geometry":{"type":"LineString","coordinates":[[138.47319,-35.197736],[138.473318,-35.197626],[138.473554,-35.197422],[138.473978,-35.197057],[138.474743,-35.196324],[138.475564,-35.195557],[138.476345,-35.194824],[138.476958,-35.194233],[138.477133,-35.194065],[138.477152,-35.194043],[138.47723,-35.193957],[138.477366,-35.193806]]}},{"type":"Feature","properties":{"tier":"regional"},"geometry":{"type":"LineString","coordinates":[[138.470272,-35.19378],[138.470352,-35.193794],[138.470379,-35.193799],[138.470461,-35.193818],[138.470618,-35.193882],[138.470718,-35.193886],[138.471963,-35.193843],[138.472642,-35.193799],[138.474212,-35.193723],[138.47431,-35.193719],[138.474769,-35.193701],[138.475453,-35.193675],[138.47609,-35.19365],[138.476912,-35.193616],[138.477007,-35.193613]]}},{"type":"Feature","properties":{"tier":"regional"},"geometry":{"type":"LineString","coordinates":[[138.477007,-35.193613],[138.477126,-35.193633],[138.477215,-35.19368],[138.477293,-35.193742],[138.477366,-35.193806]]}},{"type":"Feature","properties":{"tier":"regional"},"geometry":{"type":"LineString","coordinates":[[138.487606,-35.201478],[138.487615,-35.201659],[138.487629,-35.201932],[138.487635,-35.202044],[138.487714,-35.202711],[138.48772,-35.202836],[138.487764,-35.203703],[138.487769,-35.203777],[138.487778,-35.203906]]}},{"type":"Feature","properties":{"tier":"regional"},"geometry":{"type":"LineString","coordinates":[[138.487618,-35.203928],[138.487631,-35.203782],[138.487637,-35.203713],[138.487595,-35.20284],[138.487589,-35.202718],[138.487511,-35.202055],[138.487498,-35.201936],[138.487468,-35.201666],[138.487449,-35.201486]]}},{"type":"Feature","properties":{"tier":"regional"},"geometry":{"type":"LineString","coordinates":[[138.487859,-35.203953],[138.487883,-35.203989],[138.487893,-35.204029],[138.487889,-35.204069],[138.487871,-35.204107],[138.48784,-35.204139],[138.487799,-35.204162],[138.487731,-35.204176],[138.487661,-35.204167],[138.487606,-35.204138],[138.487568,-35.204094],[138.487553,-35.204041],[138.48756,-35.203999],[138.487582,-35.20396],[138.487618,-35.203928],[138.487667,-35.203906],[138.487723,-35.203898],[138.487778,-35.203906],[138.487823,-35.203924],[138.487859,-35.203953]]}},{"type":"Feature","properties":{"tier":"regional"},"geometry":{"type":"LineString","coordinates":[[138.487799,-35.204162],[138.487805,-35.204237],[138.487891,-35.205196],[138.487904,-35.205345],[138.487942,-35.206013],[138.487962,-35.206285],[138.487996,-35.206761],[138.488037,-35.207481],[138.488041,-35.207556],[138.488049,-35.207624],[138.488053,-35.207645],[138.488057,-35.207666],[138.488078,-35.207729]]}},{"type":"Feature","properties":{"tier":"regional"},"geometry":{"type":"LineString","coordinates":[[138.487922,-35.207726],[138.487938,-35.207676],[138.487941,-35.207651],[138.487944,-35.207619],[138.487945,-35.207572],[138.487883,-35.206775],[138.487875,-35.206701],[138.487842,-35.206291],[138.48782,-35.20602],[138.487772,-35.205352],[138.487758,-35.2052],[138.487669,-35.204244],[138.487661,-35.204167]]}},{"type":"Feature","properties":{"tier":"regional"},"geometry":{"type":"LineString","coordinates":[[138.488138,-35.207796],[138.488147,-35.207818],[138.488151,-35.207837],[138.488151,-35.207866],[138.488142,-35.207896],[138.488129,-35.207914],[138.488112,-35.207929],[138.488087,-35.207942],[138.488047,-35.207948],[138.488014,-35.207949],[138.48798,-35.207942],[138.487955,-35.207932],[138.487931,-35.207916],[138.487908,-35.207895],[138.48789,-35.207869],[138.487877,-35.207839],[138.487872,-35.207812],[138.487874,-35.207778],[138.487891,-35.207748],[138.487922,-35.207726],[138.487949,-35.207716],[138.48799,-35.207706],[138.488028,-35.207708],[138.488053,-35.207716],[138.488078,-35.207729],[138.488095,-35.207743],[138.488114,-35.20776],[138.488126,-35.207776],[138.488138,-35.207796]]}},{"type":"Feature","properties":{"tier":"regional"},"geometry":{"type":"LineString","coordinates":[[138.485604,-35.209879],[138.485695,-35.209891],[138.485749,-35.209898],[138.485802,-35.209905],[138.486051,-35.209893],[138.486287,-35.209859],[138.486504,-35.209805],[138.486831,-35.209684],[138.486981,-35.209613],[138.48712,-35.209535],[138.487146,-35.209515],[138.48731,-35.209391],[138.487447,-35.209277],[138.487667,-35.209037],[138.487827,-35.20882],[138.487861,-35.20872],[138.487884,-35.208643],[138.487897,-35.208587],[138.487957,-35.208342],[138.487977,-35.208224],[138.487985,-35.208125],[138.487982,-35.208011],[138.48798,-35.207942]]}},{"type":"Feature","properties":{"tier":"regional"},"geometry":{"type":"LineString","coordinates":[[138.488087,-35.207942],[138.488088,-35.208007],[138.488088,-35.208115],[138.48809,-35.20821],[138.488088,-35.208283],[138.488077,-35.208365],[138.488036,-35.208557],[138.488016,-35.208612],[138.487965,-35.208747],[138.48792,-35.208853],[138.487835,-35.208976],[138.48772,-35.20914],[138.487536,-35.209335],[138.487391,-35.209464],[138.487245,-35.209573],[138.487217,-35.20959],[138.487075,-35.209679],[138.486966,-35.209739],[138.486792,-35.209813],[138.486513,-35.209902],[138.4864,-35.209933],[138.486164,-35.209987],[138.485874,-35.21],[138.48576,-35.210006],[138.48569,-35.210011],[138.485672,-35.210013],[138.485587,-35.210023]]}},{"type":"Feature","properties":{"tier":"regional"},"geometry":{"type":"LineString","coordinates":[[138.481539,-35.192006],[138.48149,-35.191797],[138.48137,-35.191486],[138.481295,-35.191196]]}},{"type":"Feature","properties":{"tier":"regional"},"geometry":{"type":"LineString","coordinates":[[138.481392,-35.191187],[138.481467,-35.191413],[138.481516,-35.191559],[138.481553,-35.191652],[138.481624,-35.191753],[138.48174,-35.19191]]}},{"type":"Feature","properties":{"tier":"regional"},"geometry":{"type":"LineString","coordinates":[[138.480575,-35.188567],[138.480531,-35.188553],[138.480494,-35.188528],[138.480469,-35.188496]]}},{"type":"Feature","properties":{"tier":"regional"},"geometry":{"type":"LineString","coordinates":[[138.480527,-35.18834],[138.48046,-35.188079],[138.480434,-35.187985],[138.480289,-35.187467]]}},{"type":"Feature","properties":{"tier":"regional"},"geometry":{"type":"LineString","coordinates":[[138.480262,-35.187005],[138.480302,-35.187181],[138.480512,-35.187967],[138.480538,-35.188068],[138.480609,-35.188322]]}},{"type":"Feature","properties":{"tier":"arterial"},"geometry":{"type":"LineString","coordinates":[[138.350484,-35.45758],[138.350591,-35.457752],[138.350685,-35.457873],[138.351755,-35.459036],[138.352809,-35.460196],[138.35303,-35.460436],[138.353617,-35.461086],[138.35477,-35.462323],[138.355801,-35.46349],[138.356052,-35.463768],[138.356149,-35.463909],[138.356224,-35.464088],[138.356271,-35.464252]]}},{"type":"Feature","properties":{"tier":"high"},"geometry":{"type":"LineString","coordinates":[[138.490223,-35.189704],[138.490248,-35.190426]]}},{"type":"Feature","properties":{"tier":"high"},"geometry":{"type":"LineString","coordinates":[[138.492813,-35.223735],[138.492942,-35.225455]]}},{"type":"Feature","properties":{"tier":"regional"},"geometry":{"type":"LineString","coordinates":[[138.418192,-35.399438],[138.418429,-35.399355],[138.41898,-35.399102],[138.419929,-35.398668],[138.420163,-35.398617],[138.420621,-35.398592],[138.420846,-35.398549],[138.42102,-35.398471],[138.421569,-35.398182],[138.421888,-35.398044],[138.422167,-35.397914],[138.422281,-35.397794],[138.422357,-35.397675],[138.422372,-35.397366],[138.422295,-35.397026],[138.422299,-35.39694],[138.422321,-35.396721],[138.422427,-35.396453],[138.422581,-35.396221],[138.422882,-35.395977],[138.423601,-35.395465],[138.423712,-35.395294],[138.423852,-35.39503],[138.423914,-35.394743],[138.423907,-35.394037],[138.423883,-35.39366],[138.423886,-35.393146],[138.423917,-35.392918],[138.424048,-35.392592],[138.424245,-35.392309],[138.424436,-35.392113],[138.424631,-35.391958],[138.425285,-35.391548],[138.42551,-35.391391],[138.425686,-35.391232],[138.425902,-35.390983],[138.426332,-35.390429],[138.427602,-35.388847],[138.428098,-35.388349],[138.428684,-35.38786],[138.429931,-35.387277],[138.431501,-35.386784],[138.431985,-35.386614],[138.432394,-35.386377],[138.433087,-35.385778],[138.434749,-35.384287],[138.436322,-35.382759],[138.436804,-35.382351],[138.437967,-35.381669],[138.438565,-35.381297],[138.438989,-35.380948],[138.439464,-35.380421],[138.440537,-35.379211],[138.441524,-35.378196],[138.442459,-35.377622],[138.443507,-35.377398],[138.444777,-35.377363],[138.446502,-35.377342],[138.448536,-35.377069],[138.449618,-35.376824],[138.450545,-35.37646],[138.451094,-35.376131],[138.451789,-35.375894],[138.452364,-35.375831],[138.4536,-35.375894],[138.454682,-35.375901],[138.455197,-35.375817],[138.456166,-35.376041],[138.456759,-35.376356],[138.4573,-35.376894],[138.457883,-35.3773],[138.458776,-35.377545],[138.460269,-35.377503],[138.461694,-35.377426],[138.463162,-35.377083],[138.465271,-35.376441],[138.465637,-35.37634]]}},{"type":"Feature","properties":{"tier":"arterial"},"geometry":{"type":"LineString","coordinates":[[138.477578,-35.27782],[138.477139,-35.27778],[138.476911,-35.277768]]}},{"type":"Feature","properties":{"tier":"high"},"geometry":{"type":"LineString","coordinates":[[138.350147,-35.457545],[138.349421,-35.457431],[138.349163,-35.45739],[138.349041,-35.457371],[138.34864,-35.457308],[138.348496,-35.457286],[138.348113,-35.457225],[138.347823,-35.45718],[138.346317,-35.456943]]}},{"type":"Feature","properties":{"tier":"high"},"geometry":{"type":"LineString","coordinates":[[138.448524,-35.352069],[138.448277,-35.352338],[138.448018,-35.352871],[138.447741,-35.353336],[138.447591,-35.353676],[138.447533,-35.35408],[138.447586,-35.354627],[138.447725,-35.355113],[138.447896,-35.355444],[138.448226,-35.355824],[138.448659,-35.35617],[138.449239,-35.356514],[138.449828,-35.356807],[138.450264,-35.357038],[138.451793,-35.358228],[138.452249,-35.358574],[138.453144,-35.359705],[138.453314,-35.359976],[138.45343,-35.360238],[138.453563,-35.360445],[138.453626,-35.360678],[138.453666,-35.361009],[138.453591,-35.36167],[138.453612,-35.361897],[138.453791,-35.362369],[138.454205,-35.362848],[138.455085,-35.363311],[138.455595,-35.363662],[138.455855,-35.363987],[138.455994,-35.36427],[138.456073,-35.365291],[138.456164,-35.365609]]}},{"type":"Feature","properties":{"tier":"arterial"},"geometry":{"type":"LineString","coordinates":[[138.50002,-35.22166],[138.495227,-35.221904],[138.492769,-35.222041]]}},{"type":"Feature","properties":{"tier":"regional"},"geometry":{"type":"LineString","coordinates":[[138.407706,-35.409285],[138.407198,-35.409006],[138.406878,-35.408869],[138.406599,-35.408785],[138.406227,-35.408703],[138.405209,-35.408562],[138.40363,-35.408353],[138.402788,-35.408311],[138.401697,-35.408381],[138.400631,-35.408648],[138.400027,-35.408873],[138.39951,-35.409157],[138.398608,-35.409808],[138.397879,-35.410395],[138.397149,-35.410668],[138.396334,-35.410836],[138.395441,-35.410836],[138.394471,-35.410752],[138.393613,-35.410689],[138.392875,-35.410766],[138.391253,-35.411214],[138.388943,-35.411999],[138.38715,-35.412823],[138.38412,-35.414243],[138.382994,-35.414757]]}},{"type":"Feature","properties":{"tier":"regional"},"geometry":{"type":"LineString","coordinates":[[138.419585,-35.399765],[138.419715,-35.399797],[138.419874,-35.399861],[138.420014,-35.39995],[138.420109,-35.400045],[138.420164,-35.400126],[138.420198,-35.400194],[138.420229,-35.400267],[138.420255,-35.400354],[138.420271,-35.400452],[138.420271,-35.400541],[138.42026,-35.40062],[138.420243,-35.400692],[138.420212,-35.400771],[138.420165,-35.400861],[138.420095,-35.400975],[138.419901,-35.401258],[138.419786,-35.401415]]}},{"type":"Feature","properties":{"tier":"regional"},"geometry":{"type":"LineString","coordinates":[[138.419786,-35.401415],[138.419572,-35.401696],[138.419417,-35.401888],[138.41901,-35.402301]]}},{"type":"Feature","properties":{"tier":"arterial"},"geometry":{"type":"LineString","coordinates":[[138.47407,-35.267823],[138.474015,-35.267808],[138.472546,-35.26788],[138.472103,-35.267893],[138.471958,-35.267898],[138.471029,-35.267929],[138.470952,-35.267932],[138.470716,-35.267945],[138.470691,-35.267948],[138.470596,-35.267962],[138.470508,-35.267993]]}},{"type":"Feature","properties":{"tier":"regional"},"geometry":{"type":"LineString","coordinates":[[138.479931,-35.223251],[138.480148,-35.225565],[138.48027,-35.227026],[138.48037,-35.22822],[138.480433,-35.229042],[138.480552,-35.230597],[138.480618,-35.231456],[138.480685,-35.232324]]}},{"type":"Feature","properties":{"tier":"arterial"},"geometry":{"type":"LineString","coordinates":[[138.457106,-35.268551],[138.455741,-35.268607],[138.45394,-35.268718],[138.45347,-35.268735],[138.453339,-35.26873],[138.453174,-35.268707],[138.453101,-35.268682],[138.452991,-35.26864],[138.452868,-35.268573],[138.452494,-35.268246],[138.452441,-35.268192]]}},{"type":"Feature","properties":{"tier":"arterial"},"geometry":{"type":"LineString","coordinates":[[138.457456,-35.268708],[138.457391,-35.268691],[138.457342,-35.268651],[138.457332,-35.268624],[138.457322,-35.268597],[138.457331,-35.268552],[138.457361,-35.268513],[138.457406,-35.268487],[138.457461,-35.268476],[138.457505,-35.268481],[138.457545,-35.268497],[138.457577,-35.268522],[138.457598,-35.268554],[138.457606,-35.26859],[138.457595,-35.268637],[138.457576,-35.268659],[138.457563,-35.268676],[138.457514,-35.268701],[138.457456,-35.268708]]}},{"type":"Feature","properties":{"tier":"regional"},"geometry":{"type":"LineString","coordinates":[[138.483121,-35.267401],[138.483128,-35.267485],[138.483129,-35.267491],[138.483165,-35.267961],[138.483169,-35.268013],[138.483195,-35.26836],[138.483205,-35.26849],[138.483225,-35.268753],[138.48326,-35.269247],[138.483268,-35.269359],[138.483291,-35.269416],[138.483328,-35.26946]]}},{"type":"Feature","properties":{"tier":"high"},"geometry":{"type":"LineString","coordinates":[[138.50002,-35.17389],[138.499924,-35.174036],[138.49965,-35.174487],[138.499186,-35.175287]]}},{"type":"Feature","properties":{"tier":"high"},"geometry":{"type":"LineString","coordinates":[[138.490133,-35.190437],[138.49004,-35.18903],[138.490046,-35.188857],[138.490161,-35.188371],[138.490257,-35.187963]]}},{"type":"Feature","properties":{"tier":"high"},"geometry":{"type":"LineString","coordinates":[[138.499059,-35.175208],[138.499234,-35.174916],[138.499525,-35.17442],[138.50002,-35.173631]]}},{"type":"Feature","properties":{"tier":"high"},"geometry":{"type":"LineString","coordinates":[[138.498388,-35.176323],[138.499059,-35.175208]]}},{"type":"Feature","properties":{"tier":"high"},"geometry":{"type":"LineString","coordinates":[[138.496676,-35.179198],[138.496481,-35.179427],[138.496258,-35.179757],[138.496175,-35.179862]]}},{"type":"Feature","properties":{"tier":"high"},"geometry":{"type":"LineString","coordinates":[[138.494021,-35.182804],[138.493998,-35.18277],[138.493987,-35.182754],[138.49398,-35.182738],[138.493975,-35.182723],[138.493971,-35.182708],[138.49397,-35.182691],[138.49397,-35.182672],[138.493973,-35.182654],[138.493978,-35.182637],[138.493987,-35.182613]]}},{"type":"Feature","properties":{"tier":"high"},"geometry":{"type":"LineString","coordinates":[[138.495591,-35.180352],[138.495747,-35.180151],[138.495769,-35.180123],[138.495868,-35.179993]]}},{"type":"Feature","properties":{"tier":"arterial"},"geometry":{"type":"LineString","coordinates":[[138.485595,-35.191038],[138.486428,-35.190927],[138.486545,-35.190917],[138.486937,-35.190883],[138.487289,-35.190862],[138.487744,-35.190838],[138.488269,-35.190806],[138.488696,-35.19078]]}},{"type":"Feature","properties":{"tier":"high"},"geometry":{"type":"LineString","coordinates":[[138.491074,-35.207457],[138.491142,-35.207132]]}},{"type":"Feature","properties":{"tier":"high"},"geometry":{"type":"LineString","coordinates":[[138.490639,-35.210312],[138.490715,-35.209492],[138.490907,-35.208364],[138.491074,-35.207457]]}},{"type":"Feature","properties":{"tier":"arterial"},"geometry":{"type":"LineString","coordinates":[[138.480286,-35.222693],[138.480165,-35.22271],[138.480065,-35.222723]]}},{"type":"Feature","properties":{"tier":"high"},"geometry":{"type":"LineString","coordinates":[[138.472436,-35.285328],[138.472417,-35.285362],[138.472285,-35.285645],[138.472135,-35.286026],[138.471987,-35.286435],[138.471877,-35.286924],[138.471834,-35.287423],[138.471831,-35.287532],[138.471824,-35.287764],[138.472091,-35.291608],[138.472119,-35.29201]]}},{"type":"Feature","properties":{"tier":"high"},"geometry":{"type":"LineString","coordinates":[[138.50002,-35.190795],[138.499951,-35.190731],[138.499648,-35.1905]]}},{"type":"Feature","properties":{"tier":"regional"},"geometry":{"type":"LineString","coordinates":[[138.46889,-35.328742],[138.467086,-35.328832],[138.466477,-35.328862],[138.463426,-35.329015],[138.463099,-35.329024],[138.462963,-35.329028],[138.462779,-35.329027]]}},{"type":"Feature","properties":{"tier":"high"},"geometry":{"type":"LineString","coordinates":[[138.456187,-35.365692],[138.456215,-35.365789],[138.456588,-35.366276],[138.457272,-35.366726],[138.457644,-35.36699],[138.457962,-35.367262],[138.458295,-35.367668],[138.45878,-35.368377],[138.459571,-35.369531],[138.459873,-35.369966],[138.46022,-35.370458],[138.460407,-35.370698],[138.460743,-35.371036],[138.460937,-35.371196],[138.461589,-35.371687],[138.46211,-35.37214],[138.462445,-35.372446],[138.462714,-35.372756],[138.464518,-35.375431],[138.464633,-35.375579],[138.464774,-35.375735],[138.465326,-35.376122],[138.465637,-35.37634],[138.466332,-35.376827],[138.466657,-35.377044],[138.466892,-35.377264],[138.467149,-35.377607],[138.467356,-35.377992],[138.468918,-35.381478],[138.469515,-35.38284]]}},{"type":"Feature","properties":{"tier":"arterial"},"geometry":{"type":"LineString","coordinates":[[138.463994,-35.489856],[138.464752,-35.489713],[138.465295,-35.489787],[138.465861,-35.489922],[138.466669,-35.490026],[138.466998,-35.490008],[138.467464,-35.489959],[138.467936,-35.489983],[138.468379,-35.490031],[138.468846,-35.49017],[138.469207,-35.490303],[138.469635,-35.49053],[138.470045,-35.490799],[138.470342,-35.491105],[138.470636,-35.491335],[138.470828,-35.491448]]}},{"type":"Feature","properties":{"tier":"regional"},"geometry":{"type":"LineString","coordinates":[[138.488854,-35.129643],[138.488938,-35.129725]]}},{"type":"Feature","properties":{"tier":"arterial"},"geometry":{"type":"LineString","coordinates":[[138.356271,-35.464252],[138.356288,-35.464336],[138.356315,-35.464543],[138.356313,-35.464823],[138.356118,-35.466365],[138.356083,-35.466721],[138.356087,-35.46706]]}},{"type":"Feature","properties":{"tier":"arterial"},"geometry":{"type":"LineString","coordinates":[[138.491581,-35.113602],[138.491564,-35.113389],[138.491564,-35.113354],[138.491559,-35.113319],[138.491551,-35.113289],[138.491536,-35.113257],[138.491518,-35.113234],[138.491493,-35.113212],[138.491461,-35.113191],[138.491428,-35.113176],[138.491389,-35.113162],[138.491354,-35.113154],[138.491287,-35.113143]]}},{"type":"Feature","properties":{"tier":"regional"},"geometry":{"type":"LineString","coordinates":[[138.49855,-35.13442],[138.49842,-35.134402],[138.498232,-35.134377]]}},{"type":"Feature","properties":{"tier":"regional"},"geometry":{"type":"LineString","coordinates":[[138.499182,-35.134324],[138.499011,-35.134364],[138.498976,-35.134374],[138.498861,-35.134407]]}},{"type":"Feature","properties":{"tier":"regional"},"geometry":{"type":"LineString","coordinates":[[138.498232,-35.134377],[138.498416,-35.134316],[138.498544,-35.134275]]}},{"type":"Feature","properties":{"tier":"regional"},"geometry":{"type":"LineString","coordinates":[[138.498826,-35.134239],[138.498922,-35.13427],[138.498978,-35.134282],[138.499028,-35.134292],[138.499182,-35.134324]]}},{"type":"Feature","properties":{"tier":"regional"},"geometry":{"type":"LineString","coordinates":[[138.498626,-35.134211],[138.498678,-35.134198],[138.498732,-35.134199],[138.498783,-35.134213],[138.498826,-35.134239],[138.498859,-35.134276],[138.498876,-35.134319],[138.498877,-35.134364],[138.498861,-35.134407],[138.498829,-35.134444],[138.498787,-35.13447],[138.498739,-35.134485],[138.498687,-35.134488],[138.498636,-35.134478],[138.498591,-35.134457],[138.49855,-35.13442],[138.498527,-35.134373],[138.498525,-35.134323],[138.498544,-35.134275],[138.498581,-35.134235],[138.498626,-35.134211]]}},{"type":"Feature","properties":{"tier":"arterial"},"geometry":{"type":"LineString","coordinates":[[138.253661,-35.49982],[138.253662,-35.499922],[138.253642,-35.499993],[138.25362,-35.50002]]}},{"type":"Feature","properties":{"tier":"arterial"},"geometry":{"type":"LineString","coordinates":[[138.50002,-35.087195],[138.49994,-35.087241],[138.499575,-35.087452],[138.499221,-35.087677],[138.498871,-35.08792],[138.498595,-35.088119],[138.498318,-35.088346],[138.498097,-35.088541],[138.497872,-35.088752],[138.497506,-35.089174]]}},{"type":"Feature","properties":{"tier":"arterial"},"geometry":{"type":"LineString","coordinates":[[138.499996,-35.103889],[138.5,-35.104109],[138.499939,-35.104523],[138.49988,-35.104769],[138.49981,-35.105032],[138.499647,-35.105492],[138.499597,-35.105625]]}},{"type":"Feature","properties":{"tier":"arterial"},"geometry":{"type":"LineString","coordinates":[[138.499682,-35.101332],[138.499722,-35.101615],[138.49975,-35.101813],[138.499757,-35.101836],[138.49976,-35.101856],[138.499759,-35.101888],[138.499751,-35.101916],[138.499745,-35.101931],[138.499735,-35.101955],[138.499724,-35.101974],[138.499711,-35.101991],[138.499701,-35.102002]]}},{"type":"Feature","properties":{"tier":"arterial"},"geometry":{"type":"LineString","coordinates":[[138.499703,-35.10201],[138.499739,-35.102034],[138.499758,-35.102049],[138.499778,-35.102068],[138.499802,-35.102096],[138.499831,-35.102132],[138.499857,-35.10217],[138.499889,-35.102223],[138.499913,-35.102267],[138.499944,-35.102336],[138.499964,-35.102392],[138.499986,-35.102461]]}},{"type":"Feature","properties":{"tier":"arterial"},"geometry":{"type":"LineString","coordinates":[[138.499859,-35.103121],[138.499856,-35.102917],[138.499832,-35.102727]]}},{"type":"Feature","properties":{"tier":"arterial"},"geometry":{"type":"LineString","coordinates":[[138.50002,-35.106479],[138.4993,-35.10652],[138.49926,-35.106522],[138.499126,-35.10653]]}},{"type":"Feature","properties":{"tier":"arterial"},"geometry":{"type":"LineString","coordinates":[[138.494626,-35.110157],[138.494772,-35.11014],[138.494856,-35.110102],[138.494946,-35.110086],[138.495013,-35.11009]]}},{"type":"Feature","properties":{"tier":"arterial"},"geometry":{"type":"LineString","coordinates":[[138.495013,-35.11009],[138.495011,-35.110048],[138.495049,-35.109988],[138.495152,-35.109898],[138.495326,-35.109706]]}},{"type":"Feature","properties":{"tier":"arterial"},"geometry":{"type":"LineString","coordinates":[[138.492135,-35.11293],[138.492062,-35.11294],[138.491945,-35.113059],[138.49193,-35.113068],[138.491915,-35.113075],[138.491894,-35.11308],[138.491847,-35.113083]]}},{"type":"Feature","properties":{"tier":"arterial"},"geometry":{"type":"LineString","coordinates":[[138.488637,-35.120524],[138.488708,-35.120497],[138.488747,-35.120481],[138.488804,-35.120461],[138.488869,-35.120463]]}},{"type":"Feature","properties":{"tier":"arterial"},"geometry":{"type":"LineString","coordinates":[[138.491009,-35.115459],[138.491177,-35.114778],[138.491331,-35.114264]]}},{"type":"Feature","properties":{"tier":"arterial"},"geometry":{"type":"LineString","coordinates":[[138.486534,-35.142922],[138.48654,-35.142839],[138.48654,-35.142829],[138.486538,-35.142736],[138.486527,-35.14256],[138.486481,-35.142013],[138.486421,-35.141298],[138.486405,-35.141073],[138.486385,-35.14065],[138.486371,-35.140397],[138.486331,-35.140007],[138.486303,-35.139744],[138.48628,-35.139611]]}},{"type":"Feature","properties":{"tier":"regional"},"geometry":{"type":"LineString","coordinates":[[138.50002,-35.144599],[138.499939,-35.144617],[138.499638,-35.144672],[138.499611,-35.144677],[138.49954,-35.144692],[138.499477,-35.144705],[138.499387,-35.144714],[138.499223,-35.144737],[138.498811,-35.144772],[138.498401,-35.144781],[138.497998,-35.144779],[138.497508,-35.144738],[138.497235,-35.144703],[138.49697,-35.144664],[138.496773,-35.144628]]}},{"type":"Feature","properties":{"tier":"arterial"},"geometry":{"type":"LineString","coordinates":[[138.486322,-35.139084],[138.486343,-35.139429],[138.48636,-35.139594],[138.486372,-35.139712],[138.486373,-35.139725],[138.48646,-35.140816],[138.486493,-35.141252],[138.486497,-35.141297],[138.486543,-35.141892],[138.486558,-35.142089],[138.486578,-35.142365]]}},{"type":"Feature","properties":{"tier":"arterial"},"geometry":{"type":"LineString","coordinates":[[138.485908,-35.135002],[138.48586,-35.134307],[138.485853,-35.134213],[138.48585,-35.134175],[138.485702,-35.132011],[138.485679,-35.131668]]}},{"type":"Feature","properties":{"tier":"arterial"},"geometry":{"type":"LineString","coordinates":[[138.485464,-35.12843],[138.485487,-35.128019],[138.485565,-35.127419],[138.48562,-35.127144],[138.485681,-35.126866],[138.485751,-35.126617],[138.485872,-35.12626],[138.485895,-35.126179],[138.486015,-35.125873],[138.486124,-35.125625]]}},{"type":"Feature","properties":{"tier":"arterial"},"geometry":{"type":"LineString","coordinates":[[138.487213,-35.12362],[138.48709,-35.123886]]}},{"type":"Feature","properties":{"tier":"arterial"},"geometry":{"type":"LineString","coordinates":[[138.474992,-35.155021],[138.47503,-35.154994],[138.475075,-35.154976],[138.475125,-35.154968],[138.475175,-35.154971],[138.475223,-35.154984]]}},{"type":"Feature","properties":{"tier":"arterial"},"geometry":{"type":"LineString","coordinates":[[138.475271,-35.155239],[138.475214,-35.155364],[138.475199,-35.155395],[138.475146,-35.155505],[138.475098,-35.155623],[138.475058,-35.155738],[138.475029,-35.155845],[138.474993,-35.156008],[138.474958,-35.156161],[138.474938,-35.156276],[138.474924,-35.156406],[138.474912,-35.156537],[138.47491,-35.156562],[138.4749,-35.15667],[138.474898,-35.156838],[138.474909,-35.15708],[138.474962,-35.157951],[138.474994,-35.158228],[138.475024,-35.158575],[138.475068,-35.15906],[138.475081,-35.15911],[138.475083,-35.159118],[138.475112,-35.159198]]}},{"type":"Feature","properties":{"tier":"arterial"},"geometry":{"type":"LineString","coordinates":[[138.477008,-35.183911],[138.477095,-35.185032],[138.477133,-35.18548]]}},{"type":"Feature","properties":{"tier":"arterial"},"geometry":{"type":"LineString","coordinates":[[138.477702,-35.19333],[138.477584,-35.191873]]}},{"type":"Feature","properties":{"tier":"arterial"},"geometry":{"type":"LineString","coordinates":[[138.479756,-35.220291],[138.479693,-35.219546],[138.479686,-35.219457],[138.47966,-35.219128],[138.479635,-35.218822],[138.479632,-35.218784],[138.479556,-35.217793],[138.479527,-35.217455],[138.479412,-35.216089],[138.4794,-35.21578]]}},{"type":"Feature","properties":{"tier":"arterial"},"geometry":{"type":"LineString","coordinates":[[138.477432,-35.189044],[138.477438,-35.189134]]}},{"type":"Feature","properties":{"tier":"arterial"},"geometry":{"type":"LineString","coordinates":[[138.477543,-35.191366],[138.477642,-35.191365]]}},{"type":"Feature","properties":{"tier":"arterial"},"geometry":{"type":"LineString","coordinates":[[138.479756,-35.220291],[138.479827,-35.220871],[138.479846,-35.221493],[138.479849,-35.221824],[138.479883,-35.222294],[138.479894,-35.222442]]}},{"type":"Feature","properties":{"tier":"regional"},"geometry":{"type":"LineString","coordinates":[[138.483084,-35.266993],[138.483077,-35.266832],[138.483074,-35.266761],[138.483073,-35.266741],[138.483068,-35.266658],[138.483058,-35.266459],[138.483048,-35.266285]]}},{"type":"Feature","properties":{"tier":"arterial"},"geometry":{"type":"LineString","coordinates":[[138.446229,-35.294743],[138.446408,-35.296448],[138.446411,-35.296541],[138.44646,-35.297053],[138.446545,-35.297732],[138.446647,-35.298383],[138.446698,-35.298589],[138.446881,-35.299833],[138.446922,-35.30011],[138.447171,-35.301598],[138.447386,-35.303015],[138.447415,-35.303174],[138.447511,-35.303288],[138.447677,-35.303326],[138.448014,-35.303314],[138.448262,-35.303323],[138.448398,-35.303394],[138.448499,-35.303567],[138.448895,-35.305129],[138.448932,-35.305275],[138.4492,-35.306324],[138.449208,-35.306353],[138.44949,-35.307462],[138.449699,-35.30839],[138.44971,-35.308536],[138.449716,-35.308607]]}},{"type":"Feature","properties":{"tier":"regional"},"geometry":{"type":"LineString","coordinates":[[138.4606,-35.310425],[138.460677,-35.31143],[138.460724,-35.312052],[138.460746,-35.312338],[138.460795,-35.31298],[138.460814,-35.31323],[138.460831,-35.313453],[138.461019,-35.315914],[138.461113,-35.317154],[138.461123,-35.317277],[138.461224,-35.318607],[138.461474,-35.322506],[138.461491,-35.322782]]}},{"type":"Feature","properties":{"tier":"regional"},"geometry":{"type":"LineString","coordinates":[[138.462071,-35.331122],[138.462079,-35.33123],[138.462088,-35.331356],[138.462307,-35.334303],[138.462321,-35.334502],[138.462398,-35.335535],[138.462402,-35.335593],[138.462495,-35.336849],[138.462515,-35.337224],[138.462611,-35.338506]]}},{"type":"Feature","properties":{"tier":"regional"},"geometry":{"type":"LineString","coordinates":[[138.455031,-35.329204],[138.45453,-35.329284],[138.454093,-35.329344],[138.45363,-35.329409],[138.452348,-35.329484],[138.451617,-35.329532],[138.451053,-35.329569],[138.450819,-35.329569],[138.450582,-35.329547]]}},{"type":"Feature","properties":{"tier":"arterial"},"geometry":{"type":"LineString","coordinates":[[138.493609,-35.138292],[138.492893,-35.138329]]}},{"type":"Feature","properties":{"tier":"arterial"},"geometry":{"type":"LineString","coordinates":[[138.459882,-35.27876],[138.459922,-35.278861],[138.459973,-35.27894],[138.460002,-35.278973]]}},{"type":"Feature","properties":{"tier":"arterial"},"geometry":{"type":"LineString","coordinates":[[138.470011,-35.263843],[138.469492,-35.26355],[138.468964,-35.263256],[138.468514,-35.262995],[138.468364,-35.262912],[138.467443,-35.262372],[138.466752,-35.261987],[138.465856,-35.261476],[138.465333,-35.26118],[138.46441,-35.260662],[138.464233,-35.260559],[138.464126,-35.260498],[138.464011,-35.260441],[138.463883,-35.260391],[138.463731,-35.260337],[138.463585,-35.260293]]}},{"type":"Feature","properties":{"tier":"high"},"geometry":{"type":"LineString","coordinates":[[138.298608,-35.470574],[138.298003,-35.470859],[138.29725,-35.471151],[138.296582,-35.471414]]}},{"type":"Feature","properties":{"tier":"high"},"geometry":{"type":"LineString","coordinates":[[138.298862,-35.470447],[138.298608,-35.470574]]}},{"type":"Feature","properties":{"tier":"high"},"geometry":{"type":"LineString","coordinates":[[138.317111,-35.448446],[138.31692,-35.448597],[138.316798,-35.448693],[138.316453,-35.448961],[138.315977,-35.44939],[138.315539,-35.449807],[138.315252,-35.450112],[138.314947,-35.450456],[138.313988,-35.451632],[138.312951,-35.452866]]}},{"type":"Feature","properties":{"tier":"high"},"geometry":{"type":"LineString","coordinates":[[138.317431,-35.448193],[138.317111,-35.448446]]}},{"type":"Feature","properties":{"tier":"regional"},"geometry":{"type":"LineString","coordinates":[[138.385835,-35.37333],[138.38548,-35.373402],[138.385313,-35.373435]]}},{"type":"Feature","properties":{"tier":"regional"},"geometry":{"type":"LineString","coordinates":[[138.383642,-35.37503],[138.382862,-35.375758],[138.382666,-35.375905],[138.382537,-35.375979],[138.38225,-35.376134],[138.381934,-35.376296],[138.381625,-35.37644],[138.381408,-35.37653],[138.380829,-35.37674],[138.38,-35.377032],[138.3796,-35.377173],[138.379498,-35.377221],[138.379447,-35.377269],[138.378702,-35.378105],[138.378605,-35.378227],[138.378549,-35.37833],[138.378511,-35.378428],[138.378447,-35.379052],[138.378452,-35.3792],[138.378468,-35.379358],[138.378546,-35.37985],[138.378755,-35.381094],[138.378887,-35.382065],[138.378887,-35.382205],[138.37878,-35.382966],[138.378616,-35.384175],[138.378514,-35.385074],[138.378474,-35.385177],[138.378313,-35.385452],[138.378023,-35.38596],[138.377865,-35.386192],[138.377457,-35.386736],[138.377087,-35.387197],[138.377028,-35.387289],[138.376706,-35.387961],[138.376631,-35.388144],[138.376572,-35.388367],[138.376567,-35.389224],[138.37661,-35.389524],[138.376666,-35.389795],[138.376736,-35.390009],[138.376918,-35.390436],[138.377457,-35.391722],[138.37775,-35.392397],[138.377959,-35.393018],[138.378278,-35.394116],[138.378329,-35.394306],[138.378388,-35.394453],[138.378458,-35.394606],[138.378873,-35.395393],[138.378962,-35.395585],[138.379008,-35.395716],[138.379136,-35.396197],[138.379418,-35.397284],[138.379469,-35.397407],[138.379533,-35.397514],[138.380062,-35.398224],[138.38018,-35.398399],[138.380268,-35.398567],[138.380617,-35.399425],[138.380713,-35.399693],[138.380783,-35.400015],[138.380987,-35.401167],[138.381011,-35.401355],[138.381019,-35.40153],[138.381051,-35.402459],[138.381059,-35.403734],[138.381097,-35.404993],[138.38107,-35.405559],[138.381022,-35.406278],[138.380901,-35.407568],[138.380866,-35.407927],[138.380869,-35.408152],[138.380907,-35.409064],[138.380933,-35.410406],[138.380907,-35.410624],[138.380877,-35.410767],[138.380831,-35.410917],[138.380791,-35.411029],[138.380705,-35.411156],[138.380426,-35.411525],[138.380327,-35.411674],[138.380233,-35.411807],[138.380164,-35.41196],[138.379882,-35.412907],[138.379823,-35.41321],[138.379823,-35.413372],[138.379861,-35.413499],[138.379941,-35.413624],[138.380145,-35.413864],[138.380821,-35.414533],[138.381008,-35.414675],[138.381961,-35.415229]]}},{"type":"Feature","properties":{"tier":"regional"},"geometry":{"type":"LineString","coordinates":[[138.491045,-35.148412],[138.490641,-35.148488],[138.490335,-35.148594],[138.489991,-35.148752],[138.48978,-35.148869],[138.489486,-35.148974],[138.489257,-35.149017],[138.48915,-35.149037],[138.487422,-35.149127],[138.486961,-35.149146],[138.486289,-35.149178],[138.485908,-35.149194],[138.484879,-35.149251],[138.483501,-35.149317],[138.482417,-35.149372],[138.481776,-35.1494],[138.481657,-35.149447]]}},{"type":"Feature","properties":{"tier":"regional"},"geometry":{"type":"LineString","coordinates":[[138.491779,-35.143747],[138.491697,-35.143711],[138.491598,-35.143698],[138.491512,-35.143692],[138.491432,-35.143686],[138.49132,-35.143676]]}},{"type":"Feature","properties":{"tier":"regional"},"geometry":{"type":"LineString","coordinates":[[138.486515,-35.180477],[138.486301,-35.180495],[138.486126,-35.180513],[138.485812,-35.180541]]}},{"type":"Feature","properties":{"tier":"regional"},"geometry":{"type":"LineString","coordinates":[[138.487023,-35.180455],[138.486777,-35.180464],[138.486515,-35.180477]]}},{"type":"Feature","properties":{"tier":"arterial"},"geometry":{"type":"LineString","coordinates":[[138.497403,-35.089129],[138.497756,-35.088728],[138.497994,-35.088499],[138.498229,-35.088292],[138.498541,-35.08803],[138.49882,-35.08783],[138.49919,-35.087577],[138.499552,-35.087355],[138.49989,-35.087164],[138.50002,-35.087096]]}},{"type":"Feature","properties":{"tier":"arterial"},"geometry":{"type":"LineString","coordinates":[[138.497199,-35.089403],[138.497403,-35.089129]]}},{"type":"Feature","properties":{"tier":"arterial"},"geometry":{"type":"LineString","coordinates":[[138.497994,-35.098597],[138.49881,-35.099748],[138.499031,-35.100067],[138.499149,-35.100249],[138.499247,-35.100412]]}},{"type":"Feature","properties":{"tier":"arterial"},"geometry":{"type":"LineString","coordinates":[[138.497506,-35.089174],[138.497294,-35.089448]]}},{"type":"Feature","properties":{"tier":"high"},"geometry":{"type":"LineString","coordinates":[[138.490587,-35.211875],[138.490639,-35.210312]]}},{"type":"Feature","properties":{"tier":"arterial"},"geometry":{"type":"LineString","coordinates":[[138.50002,-35.388885],[138.497811,-35.387473],[138.496065,-35.386218],[138.495554,-35.385796],[138.494726,-35.384884],[138.494123,-35.384225],[138.493519,-35.383718],[138.492633,-35.383108],[138.486101,-35.379003],[138.48533,-35.378482],[138.482661,-35.376856]]}},{"type":"Feature","properties":{"tier":"regional"},"geometry":{"type":"LineString","coordinates":[[138.49961,-35.145242],[138.499535,-35.145164],[138.499488,-35.145018],[138.49943,-35.14491],[138.499385,-35.144845],[138.499344,-35.144802],[138.499308,-35.144774],[138.499223,-35.144737]]}},{"type":"Feature","properties":{"tier":"regional"},"geometry":{"type":"LineString","coordinates":[[138.496504,-35.144572],[138.496235,-35.1445],[138.495834,-35.144385],[138.49556,-35.144302],[138.494809,-35.144091],[138.494333,-35.143981],[138.49388,-35.143893],[138.493424,-35.143818],[138.492793,-35.143747],[138.492438,-35.143724],[138.492245,-35.143721],[138.49222,-35.14372],[138.492049,-35.143734]]}},{"type":"Feature","properties":{"tier":"regional"},"geometry":{"type":"LineString","coordinates":[[138.496773,-35.144628],[138.496504,-35.144572]]}},{"type":"Feature","properties":{"tier":"regional"},"geometry":{"type":"LineString","coordinates":[[138.496537,-35.14444],[138.496808,-35.144501]]}},{"type":"Feature","properties":{"tier":"regional"},"geometry":{"type":"LineString","coordinates":[[138.496808,-35.144501],[138.496954,-35.144527],[138.497221,-35.144576],[138.497548,-35.144621],[138.497909,-35.144651],[138.498273,-35.144664],[138.498783,-35.144654],[138.49914,-35.144621],[138.499286,-35.144607],[138.499334,-35.144601],[138.499369,-35.144598],[138.499442,-35.144593],[138.499514,-35.144579],[138.499588,-35.144564],[138.499736,-35.144539],[138.499849,-35.144521],[138.50002,-35.144484]]}},{"type":"Feature","properties":{"tier":"regional"},"geometry":{"type":"LineString","coordinates":[[138.492082,-35.14358],[138.492224,-35.143602],[138.492255,-35.143604],[138.492724,-35.143633],[138.493227,-35.143681],[138.493718,-35.143751],[138.494266,-35.143848],[138.494737,-35.143957],[138.495072,-35.144039],[138.495627,-35.144183],[138.496318,-35.144386],[138.496537,-35.14444]]}},{"type":"Feature","properties":{"tier":"regional"},"geometry":{"type":"LineString","coordinates":[[138.48786,-35.142945],[138.488246,-35.142961],[138.48861,-35.143012],[138.488986,-35.143079],[138.489337,-35.14316],[138.490089,-35.143346],[138.490404,-35.14342],[138.490551,-35.143454],[138.490704,-35.14348],[138.490905,-35.143515]]}},{"type":"Feature","properties":{"tier":"regional"},"geometry":{"type":"LineString","coordinates":[[138.490823,-35.143613],[138.490669,-35.143585],[138.490554,-35.143564],[138.490288,-35.143506],[138.489608,-35.143343],[138.48921,-35.143247],[138.488834,-35.143163],[138.488383,-35.143097],[138.488154,-35.143068],[138.488071,-35.143058],[138.487944,-35.143052],[138.487867,-35.143049]]}},{"type":"Feature","properties":{"tier":"regional"},"geometry":{"type":"LineString","coordinates":[[138.49132,-35.143676],[138.490823,-35.143613]]}},{"type":"Feature","properties":{"tier":"regional"},"geometry":{"type":"LineString","coordinates":[[138.490905,-35.143515],[138.491323,-35.143569]]}},{"type":"Feature","properties":{"tier":"regional"},"geometry":{"type":"LineString","coordinates":[[138.491323,-35.143569],[138.491521,-35.143583],[138.491663,-35.143566],[138.491768,-35.143533]]}},{"type":"Feature","properties":{"tier":"regional"},"geometry":{"type":"LineString","coordinates":[[138.496607,-35.179789],[138.496804,-35.179765],[138.496902,-35.179772]]}},{"type":"Feature","properties":{"tier":"arterial"},"geometry":{"type":"LineString","coordinates":[[138.477736,-35.193552],[138.477852,-35.193505]]}},{"type":"Feature","properties":{"tier":"regional"},"geometry":{"type":"LineString","coordinates":[[138.47959,-35.138981],[138.479639,-35.138986],[138.479956,-35.138972],[138.480083,-35.138967],[138.480383,-35.138953]]}},{"type":"Feature","properties":{"tier":"arterial"},"geometry":{"type":"LineString","coordinates":[[138.254516,-35.50002],[138.25449,-35.500007],[138.254301,-35.499935],[138.254071,-35.499873],[138.253661,-35.49982],[138.253154,-35.499765],[138.252015,-35.499614],[138.251705,-35.499564],[138.251572,-35.499562],[138.251436,-35.49959],[138.251302,-35.499644],[138.251182,-35.499735],[138.251072,-35.499885],[138.250958,-35.50002]]}},{"type":"Feature","properties":{"tier":"regional"},"geometry":{"type":"LineString","coordinates":[[138.471137,-35.165655],[138.471123,-35.165672],[138.471104,-35.165685],[138.471082,-35.165694],[138.471052,-35.165698],[138.471023,-35.165694],[138.470996,-35.165683],[138.470975,-35.165666],[138.470962,-35.165644],[138.470958,-35.165619],[138.470963,-35.165594],[138.470978,-35.165573],[138.471001,-35.165556],[138.471028,-35.165546],[138.471059,-35.165543],[138.471089,-35.165549],[138.471116,-35.165563],[138.471136,-35.165584],[138.471146,-35.16561],[138.471145,-35.165636],[138.471137,-35.165655]]}},{"type":"Feature","properties":{"tier":"regional"},"geometry":{"type":"LineString","coordinates":[[138.467188,-35.169796],[138.46717,-35.169813],[138.467147,-35.169825],[138.46712,-35.169831],[138.467093,-35.169831],[138.467064,-35.169822],[138.46704,-35.169807],[138.467023,-35.169787],[138.467015,-35.169763],[138.467017,-35.169738],[138.467028,-35.169715],[138.467047,-35.169696],[138.467073,-35.169683],[138.467102,-35.169678],[138.467133,-35.16968],[138.46716,-35.16969],[138.467183,-35.169707],[138.467197,-35.169728],[138.467203,-35.169753],[138.4672,-35.169775],[138.467188,-35.169796]]}},{"type":"Feature","properties":{"tier":"regional"},"geometry":{"type":"LineString","coordinates":[[138.467527,-35.184824],[138.467512,-35.184846],[138.46749,-35.184864],[138.467463,-35.184876],[138.467427,-35.184881],[138.467392,-35.184877],[138.467361,-35.184862],[138.467337,-35.184841],[138.467323,-35.184814],[138.467321,-35.184785],[138.467331,-35.184757],[138.467351,-35.184733],[138.467379,-35.184716],[138.467412,-35.184708],[138.467443,-35.184708],[138.467473,-35.184716],[138.467499,-35.18473],[138.467518,-35.184749],[138.46753,-35.184773],[138.467534,-35.184798],[138.467527,-35.184824]]}},{"type":"Feature","properties":{"tier":"regional"},"geometry":{"type":"LineString","coordinates":[[138.467255,-35.177697],[138.467259,-35.177726],[138.467256,-35.177742],[138.467242,-35.177768],[138.467226,-35.177784],[138.467193,-35.1778],[138.467158,-35.177805],[138.467138,-35.177804],[138.467105,-35.177794],[138.46708,-35.177777],[138.467062,-35.177752],[138.467056,-35.177731],[138.467058,-35.177703],[138.46707,-35.177679],[138.467097,-35.177655],[138.467129,-35.177642],[138.467154,-35.177639],[138.467189,-35.177643],[138.467219,-35.177656],[138.467243,-35.177677],[138.467255,-35.177697]]}},{"type":"Feature","properties":{"tier":"regional"},"geometry":{"type":"LineString","coordinates":[[138.473252,-35.197809],[138.47325,-35.19784],[138.473235,-35.197869],[138.473212,-35.197891],[138.473181,-35.197906],[138.473146,-35.197912],[138.47311,-35.19791],[138.473077,-35.197898],[138.47305,-35.197878],[138.473032,-35.197853],[138.473025,-35.197824],[138.473028,-35.197795],[138.473043,-35.197768],[138.473065,-35.197748],[138.473094,-35.197733],[138.473126,-35.197727],[138.473159,-35.197727],[138.47319,-35.197736],[138.473221,-35.197754],[138.473242,-35.19778],[138.473252,-35.197809]]}},{"type":"Feature","properties":{"tier":"regional"},"geometry":{"type":"LineString","coordinates":[[138.470257,-35.19372],[138.47027,-35.193744],[138.470272,-35.19378],[138.470267,-35.193795],[138.470252,-35.193817],[138.47023,-35.193834],[138.470202,-35.193846],[138.470172,-35.19385],[138.470139,-35.193846],[138.470109,-35.193834],[138.470086,-35.193815],[138.470071,-35.19379],[138.470067,-35.193764],[138.470073,-35.193737],[138.470089,-35.193713],[138.470113,-35.193695],[138.470144,-35.193684],[138.470177,-35.193681],[138.470208,-35.193687],[138.470236,-35.1937],[138.470257,-35.19372]]}},{"type":"Feature","properties":{"tier":"high"},"geometry":{"type":"LineString","coordinates":[[138.490248,-35.190426],[138.490405,-35.19056],[138.490457,-35.190601],[138.49051,-35.190621],[138.490582,-35.190639]]}},{"type":"Feature","properties":{"tier":"arterial"},"geometry":{"type":"LineString","coordinates":[[138.478877,-35.201765],[138.478618,-35.201853],[138.478572,-35.20187],[138.478535,-35.201892],[138.47851,-35.201917],[138.478466,-35.201983]]}},{"type":"Feature","properties":{"tier":"regional"},"geometry":{"type":"LineString","coordinates":[[138.47977,-35.201779],[138.480515,-35.201734],[138.480797,-35.201718],[138.481502,-35.201677]]}},{"type":"Feature","properties":{"tier":"high"},"geometry":{"type":"LineString","coordinates":[[138.489855,-35.190698],[138.489947,-35.190635],[138.490035,-35.19057],[138.490133,-35.190437]]}},{"type":"Feature","properties":{"tier":"regional"},"geometry":{"type":"LineString","coordinates":[[138.4833,-35.204757],[138.483297,-35.204826],[138.483297,-35.204868],[138.483297,-35.204922],[138.48339,-35.206045],[138.483501,-35.207494],[138.483511,-35.207604],[138.483544,-35.207702]]}},{"type":"Feature","properties":{"tier":"regional"},"geometry":{"type":"LineString","coordinates":[[138.484392,-35.20153],[138.485378,-35.201473]]}},{"type":"Feature","properties":{"tier":"regional"},"geometry":{"type":"LineString","coordinates":[[138.48306,-35.201667],[138.483046,-35.201679],[138.483013,-35.201694],[138.482977,-35.2017],[138.482939,-35.201697],[138.482906,-35.201684],[138.482878,-35.201663],[138.482857,-35.201627],[138.482856,-35.201586],[138.482875,-35.201549],[138.482899,-35.201529],[138.482929,-35.201515],[138.482962,-35.201509],[138.482996,-35.20151],[138.483028,-35.201521],[138.483056,-35.201538],[138.483077,-35.201563],[138.483088,-35.201593],[138.483086,-35.201624],[138.483072,-35.201653],[138.48306,-35.201667]]}},{"type":"Feature","properties":{"tier":"regional"},"geometry":{"type":"LineString","coordinates":[[138.486164,-35.201431],[138.486059,-35.201451],[138.485999,-35.201463],[138.485862,-35.201476],[138.485711,-35.201486],[138.485685,-35.201486],[138.485522,-35.201486],[138.485378,-35.201473]]}},{"type":"Feature","properties":{"tier":"regional"},"geometry":{"type":"LineString","coordinates":[[138.483551,-35.207918],[138.483552,-35.208],[138.483554,-35.208084],[138.483557,-35.208126],[138.48357,-35.208307],[138.483596,-35.208443],[138.483632,-35.208547],[138.483669,-35.208653],[138.48374,-35.208816],[138.483825,-35.208946],[138.483921,-35.20908],[138.484088,-35.209278],[138.484216,-35.209381],[138.484391,-35.209521],[138.484546,-35.209598],[138.484739,-35.209694],[138.484888,-35.209754],[138.485047,-35.209812],[138.485184,-35.209841],[138.48523,-35.209845],[138.485267,-35.209848],[138.485341,-35.209845]]}},{"type":"Feature","properties":{"tier":"regional"},"geometry":{"type":"LineString","coordinates":[[138.486164,-35.201431],[138.487195,-35.20138]]}},{"type":"Feature","properties":{"tier":"regional"},"geometry":{"type":"LineString","coordinates":[[138.483136,-35.204544],[138.483144,-35.204467],[138.48314,-35.204416],[138.483084,-35.203584],[138.483049,-35.203165],[138.483032,-35.202945],[138.482975,-35.202294],[138.482947,-35.201844],[138.482943,-35.201762],[138.482906,-35.201684]]}},{"type":"Feature","properties":{"tier":"regional"},"geometry":{"type":"LineString","coordinates":[[138.483341,-35.204728],[138.483322,-35.204744],[138.4833,-35.204757],[138.483249,-35.204774],[138.483195,-35.204774],[138.483143,-35.20476],[138.483103,-35.204732],[138.483076,-35.204696],[138.483065,-35.204654],[138.483073,-35.204611],[138.483097,-35.204573],[138.483136,-35.204544],[138.483174,-35.20453],[138.483216,-35.204524],[138.483258,-35.204528],[138.483297,-35.204541],[138.483327,-35.20456],[138.48335,-35.204583],[138.483369,-35.204619],[138.483373,-35.204657],[138.483364,-35.204694],[138.483341,-35.204728]]}},{"type":"Feature","properties":{"tier":"regional"},"geometry":{"type":"LineString","coordinates":[[138.483046,-35.201679],[138.483039,-35.201756],[138.483051,-35.201822],[138.483102,-35.202286],[138.483139,-35.202942],[138.483158,-35.20316],[138.483194,-35.203584],[138.483254,-35.204355],[138.483267,-35.204411],[138.483274,-35.20444],[138.483297,-35.204541]]}},{"type":"Feature","properties":{"tier":"high"},"geometry":{"type":"LineString","coordinates":[[138.490196,-35.191035],[138.490075,-35.190928],[138.490037,-35.19087],[138.490002,-35.19082],[138.489948,-35.190785]]}},{"type":"Feature","properties":{"tier":"regional"},"geometry":{"type":"LineString","coordinates":[[138.481732,-35.201643],[138.482176,-35.201618],[138.482342,-35.201611],[138.482744,-35.201582],[138.482793,-35.201578],[138.482875,-35.201549]]}},{"type":"Feature","properties":{"tier":"regional"},"geometry":{"type":"LineString","coordinates":[[138.485544,-35.210055],[138.48549,-35.210072],[138.485432,-35.210074],[138.485377,-35.210058],[138.485333,-35.210028],[138.485303,-35.209987],[138.485293,-35.209937],[138.485306,-35.209887],[138.485341,-35.209845],[138.485378,-35.209823],[138.485422,-35.209809],[138.485468,-35.209806],[138.485523,-35.209817],[138.48557,-35.209842],[138.485604,-35.209879],[138.485622,-35.209927],[138.485616,-35.209978],[138.485587,-35.210023],[138.485544,-35.210055]]}},{"type":"Feature","properties":{"tier":"regional"},"geometry":{"type":"LineString","coordinates":[[138.485378,-35.201473],[138.485604,-35.201438],[138.485703,-35.201428],[138.485736,-35.201425],[138.48599,-35.201418],[138.486057,-35.201423],[138.486164,-35.201431]]}},{"type":"Feature","properties":{"tier":"arterial"},"geometry":{"type":"LineString","coordinates":[[138.478416,-35.201288],[138.478525,-35.201539],[138.478579,-35.201658],[138.478603,-35.201701],[138.478651,-35.201728],[138.478697,-35.201754]]}},{"type":"Feature","properties":{"tier":"regional"},"geometry":{"type":"LineString","coordinates":[[138.484249,-35.201567],[138.48378,-35.201586],[138.483311,-35.201608],[138.483196,-35.201616],[138.483072,-35.201653]]}},{"type":"Feature","properties":{"tier":"regional"},"geometry":{"type":"LineString","coordinates":[[138.482878,-35.201663],[138.482845,-35.201655],[138.482797,-35.201641],[138.482749,-35.201643],[138.482182,-35.20167],[138.481773,-35.201698]]}},{"type":"Feature","properties":{"tier":"high"},"geometry":{"type":"LineString","coordinates":[[138.490631,-35.190735],[138.490507,-35.190811],[138.490451,-35.190845],[138.490412,-35.190861],[138.490393,-35.190869],[138.490316,-35.190926]]}},{"type":"Feature","properties":{"tier":"regional"},"geometry":{"type":"LineString","coordinates":[[138.485303,-35.209987],[138.485238,-35.209967],[138.4852,-35.209955],[138.485111,-35.209926],[138.484959,-35.209884],[138.484803,-35.209829],[138.484624,-35.209751],[138.484492,-35.209683],[138.484328,-35.209598],[138.484219,-35.209521],[138.484124,-35.209441],[138.484029,-35.209355],[138.483907,-35.209249],[138.483816,-35.209155],[138.483726,-35.209009],[138.483641,-35.208885],[138.483578,-35.208763],[138.483523,-35.20864],[138.483482,-35.208495],[138.483448,-35.20835],[138.483435,-35.208185],[138.483429,-35.20813],[138.483405,-35.207934]]}},{"type":"Feature","properties":{"tier":"regional"},"geometry":{"type":"LineString","coordinates":[[138.483576,-35.207905],[138.483551,-35.207918],[138.483527,-35.20793],[138.483463,-35.207943],[138.483405,-35.207934],[138.48335,-35.207905],[138.48332,-35.207864],[138.483304,-35.207812],[138.483313,-35.207767],[138.48335,-35.20772],[138.483381,-35.207701],[138.483463,-35.207682],[138.483529,-35.207694],[138.483544,-35.207702],[138.483576,-35.20772],[138.483607,-35.207754],[138.483623,-35.207802],[138.483623,-35.207812],[138.483613,-35.207857],[138.483576,-35.207905]]}},{"type":"Feature","properties":{"tier":"regional"},"geometry":{"type":"LineString","coordinates":[[138.483381,-35.207701],[138.483389,-35.20761],[138.483382,-35.207518],[138.483381,-35.207498],[138.483272,-35.206048],[138.483221,-35.205437],[138.483185,-35.205031],[138.483172,-35.204905],[138.483166,-35.204874],[138.483143,-35.20476]]}},{"type":"Feature","properties":{"tier":"arterial"},"geometry":{"type":"LineString","coordinates":[[138.479303,-35.214698],[138.479296,-35.214598],[138.479255,-35.214011],[138.479226,-35.213586],[138.479114,-35.212248],[138.479034,-35.211341],[138.478996,-35.210825],[138.478942,-35.210092],[138.478934,-35.209976],[138.478921,-35.20981],[138.478805,-35.208192],[138.478788,-35.207963],[138.478681,-35.206533],[138.478637,-35.205923],[138.478557,-35.204774],[138.478531,-35.204369]]}},{"type":"Feature","properties":{"tier":"arterial"},"geometry":{"type":"LineString","coordinates":[[138.478324,-35.200372],[138.478356,-35.200644],[138.478416,-35.201288],[138.478449,-35.201649],[138.478451,-35.201673],[138.478458,-35.201743],[138.478461,-35.201816],[138.478466,-35.201983]]}},{"type":"Feature","properties":{"tier":"arterial"},"geometry":{"type":"LineString","coordinates":[[138.478511,-35.203634],[138.478525,-35.203829],[138.47854,-35.204051]]}},{"type":"Feature","properties":{"tier":"arterial"},"geometry":{"type":"LineString","coordinates":[[138.479831,-35.222651],[138.479806,-35.222336],[138.479776,-35.221868],[138.479756,-35.221509],[138.479742,-35.220949],[138.479747,-35.220692],[138.479756,-35.220291]]}},{"type":"Feature","properties":{"tier":"arterial"},"geometry":{"type":"LineString","coordinates":[[138.478353,-35.20175],[138.478346,-35.201655],[138.478264,-35.200642],[138.47822,-35.200119],[138.478154,-35.199328],[138.478121,-35.198942],[138.478077,-35.198373],[138.478002,-35.197438],[138.477993,-35.197332],[138.477928,-35.196528],[138.477962,-35.196432]]}},{"type":"Feature","properties":{"tier":"arterial"},"geometry":{"type":"LineString","coordinates":[[138.478483,-35.203221],[138.478511,-35.203634]]}},{"type":"Feature","properties":{"tier":"arterial"},"geometry":{"type":"LineString","coordinates":[[138.477962,-35.196432],[138.477938,-35.196062]]}},{"type":"Feature","properties":{"tier":"arterial"},"geometry":{"type":"LineString","coordinates":[[138.47501,-35.159338],[138.474982,-35.159323],[138.474962,-35.159301],[138.474951,-35.159261],[138.474952,-35.159251],[138.47496,-35.159228],[138.474976,-35.159209],[138.474998,-35.159194]]}},{"type":"Feature","properties":{"tier":"high"},"geometry":{"type":"LineString","coordinates":[[138.494251,-35.183124],[138.494156,-35.183075],[138.494114,-35.183056],[138.494082,-35.183043],[138.494048,-35.183035],[138.494005,-35.183029],[138.493963,-35.183028],[138.493931,-35.18303],[138.493899,-35.183034],[138.493853,-35.183039]]}},{"type":"Feature","properties":{"tier":"regional"},"geometry":{"type":"LineString","coordinates":[[138.392545,-35.372725],[138.392309,-35.37274],[138.392059,-35.372762],[138.391799,-35.372792],[138.391579,-35.372827],[138.391407,-35.372867],[138.391209,-35.372921],[138.390981,-35.372996],[138.390718,-35.373083],[138.390458,-35.373156],[138.390278,-35.373197],[138.390058,-35.37323],[138.389774,-35.373252],[138.389326,-35.373267],[138.389017,-35.373269],[138.388132,-35.373309],[138.387674,-35.373337],[138.387526,-35.37335],[138.387422,-35.37336]]}},{"type":"Feature","properties":{"tier":"regional"},"geometry":{"type":"LineString","coordinates":[[138.50002,-35.182614],[138.49993,-35.182622],[138.498866,-35.182641],[138.498536,-35.182641],[138.498476,-35.182634],[138.498328,-35.182605],[138.49826,-35.182585],[138.498203,-35.182554],[138.498149,-35.182516],[138.498083,-35.182464],[138.49803,-35.182415],[138.497996,-35.182369],[138.497976,-35.182343],[138.497946,-35.182273],[138.497926,-35.182209],[138.497911,-35.182087],[138.497927,-35.181947],[138.49809,-35.181443],[138.498117,-35.181362]]}},{"type":"Feature","properties":{"tier":"arterial"},"geometry":{"type":"LineString","coordinates":[[138.461986,-35.260098],[138.461953,-35.260111],[138.46192,-35.260132],[138.461885,-35.26016],[138.461845,-35.260198],[138.461627,-35.26051],[138.461553,-35.260633],[138.461345,-35.260948],[138.461187,-35.261202],[138.46086,-35.26173],[138.460439,-35.262457],[138.460372,-35.262574],[138.460312,-35.262657],[138.460259,-35.262724],[138.460192,-35.262798],[138.460091,-35.262894],[138.459832,-35.263133],[138.459799,-35.263166],[138.459761,-35.263201],[138.459286,-35.26364],[138.459189,-35.263728],[138.459139,-35.263767],[138.459089,-35.263808]]}},{"type":"Feature","properties":{"tier":"arterial"},"geometry":{"type":"LineString","coordinates":[[138.46592,-35.278663],[138.466082,-35.278655],[138.4663,-35.278641],[138.466751,-35.278617],[138.467513,-35.278583],[138.467542,-35.278581],[138.468201,-35.278551],[138.468568,-35.278535],[138.468703,-35.278528],[138.470051,-35.278467],[138.470327,-35.278455],[138.470799,-35.278379],[138.471002,-35.278347]]}},{"type":"Feature","properties":{"tier":"arterial"},"geometry":{"type":"LineString","coordinates":[[138.458347,-35.2787],[138.458435,-35.278714],[138.45856,-35.278746],[138.458678,-35.278775],[138.459212,-35.278901],[138.459235,-35.278906],[138.459446,-35.278945],[138.459632,-35.27897],[138.459756,-35.278976],[138.459881,-35.278979],[138.460002,-35.278973],[138.460632,-35.27894],[138.461026,-35.278919],[138.461681,-35.278885]]}},{"type":"Feature","properties":{"tier":"arterial"},"geometry":{"type":"LineString","coordinates":[[138.471008,-35.27847],[138.470834,-35.278471],[138.470808,-35.278474],[138.470677,-35.278492],[138.470375,-35.27851],[138.470054,-35.278525],[138.468204,-35.278609],[138.467819,-35.278626],[138.467005,-35.278668],[138.466085,-35.278716],[138.465924,-35.278723],[138.465386,-35.278749],[138.463651,-35.278833],[138.462788,-35.27887],[138.462657,-35.278875],[138.462491,-35.278887],[138.461685,-35.278942]]}},{"type":"Feature","properties":{"tier":"arterial"},"geometry":{"type":"LineString","coordinates":[[138.463585,-35.260293],[138.46338,-35.260254],[138.463255,-35.260225],[138.463148,-35.260198],[138.46304,-35.260179],[138.462844,-35.260142],[138.462643,-35.260111],[138.462507,-35.260095],[138.462409,-35.260088],[138.462277,-35.260077],[138.462176,-35.260074],[138.462097,-35.260077],[138.462037,-35.260085],[138.461986,-35.260098]]}},{"type":"Feature","properties":{"tier":"arterial"},"geometry":{"type":"LineString","coordinates":[[138.458078,-35.27887],[138.458015,-35.27887],[138.457849,-35.27884],[138.45782,-35.278835],[138.457649,-35.278812],[138.457001,-35.278709],[138.456729,-35.278674],[138.456609,-35.278663],[138.456516,-35.278662],[138.456394,-35.278662],[138.456178,-35.278669],[138.456132,-35.278671],[138.455944,-35.278682],[138.455809,-35.278692]]}},{"type":"Feature","properties":{"tier":"arterial"},"geometry":{"type":"LineString","coordinates":[[138.455811,-35.278637],[138.456022,-35.278625],[138.456311,-35.278609],[138.456671,-35.278608],[138.456918,-35.278628],[138.457117,-35.27866],[138.457178,-35.27867],[138.457382,-35.278695],[138.457566,-35.27872],[138.457669,-35.278728],[138.457863,-35.278736],[138.457899,-35.278737],[138.458065,-35.278727]]}},{"type":"Feature","properties":{"tier":"arterial"},"geometry":{"type":"LineString","coordinates":[[138.458316,-35.278902],[138.458283,-35.278917],[138.458217,-35.278928],[138.458147,-35.278916],[138.458098,-35.278888]]}},{"type":"Feature","properties":{"tier":"arterial"},"geometry":{"type":"LineString","coordinates":[[138.446067,-35.279135],[138.444996,-35.279188],[138.444866,-35.279194],[138.444006,-35.279238],[138.443816,-35.279248],[138.443715,-35.279266],[138.443647,-35.279285],[138.443564,-35.279308]]}},{"type":"Feature","properties":{"tier":"arterial"},"geometry":{"type":"LineString","coordinates":[[138.459632,-35.27897],[138.459751,-35.278932],[138.459818,-35.278894],[138.459834,-35.27886],[138.459882,-35.27876]]}},{"type":"Feature","properties":{"tier":"high"},"geometry":{"type":"LineString","coordinates":[[138.473694,-35.313412],[138.474016,-35.317966],[138.474013,-35.318237],[138.474083,-35.319204],[138.474167,-35.320023],[138.47424,-35.320641],[138.474394,-35.321923],[138.474489,-35.323202],[138.474563,-35.324059],[138.47465,-35.3249]]}},{"type":"Feature","properties":{"tier":"arterial"},"geometry":{"type":"LineString","coordinates":[[138.486086,-35.137611],[138.486084,-35.13757],[138.486049,-35.136954]]}},{"type":"Feature","properties":{"tier":"arterial"},"geometry":{"type":"LineString","coordinates":[[138.485656,-35.131429],[138.485629,-35.131086],[138.485589,-35.130867],[138.485495,-35.130672]]}},{"type":"Feature","properties":{"tier":"regional"},"geometry":{"type":"LineString","coordinates":[[138.485984,-35.198679],[138.486037,-35.198764]]}},{"type":"Feature","properties":{"tier":"regional"},"geometry":{"type":"LineString","coordinates":[[138.485933,-35.198818],[138.485877,-35.198726]]}},{"type":"Feature","properties":{"tier":"regional"},"geometry":{"type":"LineString","coordinates":[[138.485877,-35.198726],[138.485811,-35.19864],[138.485358,-35.197913],[138.485106,-35.197503],[138.484916,-35.197206],[138.484623,-35.196756],[138.484592,-35.196708]]}},{"type":"Feature","properties":{"tier":"regional"},"geometry":{"type":"LineString","coordinates":[[138.486037,-35.198764],[138.486072,-35.198822],[138.486398,-35.199343],[138.486449,-35.199424],[138.486586,-35.199644],[138.486998,-35.200305],[138.48719,-35.200613],[138.487239,-35.200695],[138.487448,-35.201041],[138.487496,-35.20113],[138.48751,-35.201156],[138.487564,-35.201223]]}},{"type":"Feature","properties":{"tier":"regional"},"geometry":{"type":"LineString","coordinates":[[138.469831,-35.190833],[138.469975,-35.191474],[138.470085,-35.192162],[138.470153,-35.192588],[138.470185,-35.193095],[138.470177,-35.193634],[138.470177,-35.193681]]}},{"type":"Feature","properties":{"tier":"regional"},"geometry":{"type":"LineString","coordinates":[[138.46974,-35.190779],[138.469741,-35.190754],[138.469753,-35.190731],[138.469775,-35.190713],[138.469803,-35.190703],[138.469832,-35.190703],[138.469858,-35.19071],[138.46988,-35.190725],[138.469895,-35.190745],[138.4699,-35.190774],[138.469889,-35.190801],[138.469864,-35.190823],[138.469831,-35.190833],[138.4698,-35.190832],[138.469772,-35.190821],[138.469751,-35.190803],[138.46974,-35.190779]]}},{"type":"Feature","properties":{"tier":"regional"},"geometry":{"type":"LineString","coordinates":[[138.480838,-35.234466],[138.481345,-35.24125]]}},{"type":"Feature","properties":{"tier":"high"},"geometry":{"type":"LineString","coordinates":[[138.352794,-35.457265],[138.352935,-35.457292],[138.353124,-35.457322],[138.353236,-35.457326],[138.353348,-35.457324],[138.353508,-35.457312],[138.353657,-35.457298],[138.353824,-35.457265],[138.353935,-35.457237],[138.35403,-35.457203],[138.354114,-35.45716],[138.354203,-35.457095],[138.354288,-35.457008],[138.354354,-35.456886],[138.354423,-35.456751],[138.354594,-35.456348],[138.35473,-35.456073],[138.354804,-35.455948],[138.354904,-35.455821],[138.35503,-35.455737],[138.355158,-35.455674],[138.355278,-35.455635],[138.355405,-35.455614],[138.355528,-35.455604],[138.355662,-35.455617],[138.356023,-35.45568],[138.356195,-35.455734],[138.356308,-35.455788],[138.356403,-35.455841]]}},{"type":"Feature","properties":{"tier":"high"},"geometry":{"type":"LineString","coordinates":[[138.343276,-35.457709],[138.343171,-35.457718],[138.343097,-35.457715],[138.343013,-35.457708],[138.342927,-35.457693],[138.342838,-35.457667],[138.342814,-35.45766],[138.342702,-35.457617],[138.342645,-35.457594],[138.342193,-35.457416],[138.340499,-35.456749],[138.340095,-35.456608],[138.338892,-35.456188],[138.338519,-35.456048],[138.337946,-35.455833],[138.33692,-35.455449],[138.336408,-35.455257],[138.335534,-35.454894],[138.335367,-35.454832],[138.332746,-35.453813],[138.328592,-35.452219],[138.327763,-35.451901],[138.326905,-35.451571],[138.324738,-35.450752],[138.323547,-35.45029],[138.322606,-35.449925],[138.321836,-35.449626],[138.321657,-35.449526],[138.321142,-35.448884],[138.320951,-35.448639],[138.320859,-35.448551],[138.320772,-35.448467],[138.320614,-35.448353],[138.320445,-35.44827],[138.320294,-35.448205],[138.320073,-35.448136],[138.319837,-35.448074],[138.319026,-35.447871],[138.318596,-35.447763],[138.318503,-35.447742],[138.318431,-35.447713]]}},{"type":"Feature","properties":{"tier":"high"},"geometry":{"type":"LineString","coordinates":[[138.472508,-35.329637],[138.471282,-35.331001],[138.47101,-35.331357],[138.470739,-35.331771],[138.47054,-35.332179],[138.470372,-35.332611],[138.469872,-35.333962],[138.469826,-35.334086],[138.469603,-35.334546],[138.46927,-35.335039],[138.469004,-35.335347],[138.468719,-35.335632],[138.468359,-35.335943],[138.46813,-35.33614],[138.46503,-35.33816],[138.463647,-35.33899],[138.46299,-35.33962],[138.462027,-35.340591],[138.460971,-35.341655]]}},{"type":"Feature","properties":{"tier":"regional"},"geometry":{"type":"LineString","coordinates":[[138.50002,-35.189535],[138.499996,-35.189521],[138.499921,-35.189492],[138.499838,-35.189471],[138.499798,-35.189467],[138.499746,-35.189463],[138.499659,-35.189462],[138.499579,-35.189471],[138.499501,-35.189488],[138.499417,-35.189512],[138.499318,-35.189547]]}},{"type":"Feature","properties":{"tier":"regional"},"geometry":{"type":"LineString","coordinates":[[138.481345,-35.24125],[138.481426,-35.242457]]}},{"type":"Feature","properties":{"tier":"regional"},"geometry":{"type":"LineString","coordinates":[[138.483048,-35.266285],[138.483038,-35.266101],[138.483021,-35.265803],[138.48301,-35.265639],[138.483,-35.265482],[138.482965,-35.264949],[138.482945,-35.264651],[138.4829,-35.263963]]}},{"type":"Feature","properties":{"tier":"regional"},"geometry":{"type":"LineString","coordinates":[[138.469945,-35.133466],[138.470115,-35.132846],[138.470129,-35.132795],[138.470186,-35.132593],[138.470219,-35.131966],[138.470228,-35.131619],[138.470222,-35.131403],[138.470227,-35.131375],[138.470237,-35.131311],[138.470295,-35.131256]]}},{"type":"Feature","properties":{"tier":"regional"},"geometry":{"type":"LineString","coordinates":[[138.469945,-35.133466],[138.469963,-35.133593],[138.469882,-35.133694]]}},{"type":"Feature","properties":{"tier":"regional"},"geometry":{"type":"LineString","coordinates":[[138.469882,-35.133694],[138.469853,-35.133564],[138.469945,-35.133466]]}},{"type":"Feature","properties":{"tier":"high"},"geometry":{"type":"LineString","coordinates":[[138.496676,-35.179198],[138.496661,-35.179385],[138.496535,-35.179565],[138.496515,-35.179596],[138.496505,-35.179618],[138.496501,-35.179643],[138.496503,-35.179663],[138.496509,-35.179682],[138.496516,-35.1797],[138.496521,-35.17971],[138.496534,-35.179728],[138.496551,-35.179752],[138.496607,-35.179789]]}},{"type":"Feature","properties":{"tier":"high"},"geometry":{"type":"LineString","coordinates":[[138.495245,-35.180016],[138.495378,-35.179957],[138.495551,-35.17992],[138.495596,-35.179909],[138.495652,-35.179891],[138.495711,-35.179867],[138.495772,-35.179837],[138.495784,-35.17983],[138.495803,-35.179819],[138.495839,-35.179794],[138.495858,-35.17978],[138.495876,-35.179766],[138.495901,-35.179745],[138.495937,-35.17971],[138.496077,-35.179665]]}},{"type":"Feature","properties":{"tier":"regional"},"geometry":{"type":"LineString","coordinates":[[138.495245,-35.180016],[138.495366,-35.180008],[138.495627,-35.179967],[138.495708,-35.179955],[138.495746,-35.17995],[138.495922,-35.179909]]}},{"type":"Feature","properties":{"tier":"high"},"geometry":{"type":"LineString","coordinates":[[138.495591,-35.180352],[138.495554,-35.18024],[138.495561,-35.180206],[138.495559,-35.180188],[138.495554,-35.180172],[138.495547,-35.180157],[138.495522,-35.180129],[138.495504,-35.180116],[138.495422,-35.180069]]}},{"type":"Feature","properties":{"tier":"arterial"},"geometry":{"type":"LineString","coordinates":[[138.495617,-35.109695],[138.495474,-35.109872],[138.495363,-35.109969],[138.495314,-35.110016],[138.495288,-35.110056],[138.495272,-35.1101],[138.495261,-35.110144],[138.495253,-35.110183],[138.495255,-35.110224],[138.495264,-35.11026],[138.495277,-35.110311]]}},{"type":"Feature","properties":{"tier":"arterial"},"geometry":{"type":"LineString","coordinates":[[138.49523,-35.110349],[138.495107,-35.110306],[138.495025,-35.110294],[138.494963,-35.110296],[138.494898,-35.110306],[138.494866,-35.110317],[138.49484,-35.110326],[138.494748,-35.110362],[138.494567,-35.110407]]}},{"type":"Feature","properties":{"tier":"arterial"},"geometry":{"type":"LineString","coordinates":[[138.490272,-35.117838],[138.490245,-35.117717],[138.490251,-35.117643],[138.49025,-35.117584],[138.490233,-35.117544],[138.490207,-35.117508],[138.49017,-35.117475],[138.490127,-35.117449],[138.490081,-35.117427],[138.490036,-35.117408],[138.489946,-35.117377]]}},{"type":"Feature","properties":{"tier":"arterial"},"geometry":{"type":"LineString","coordinates":[[138.485672,-35.125549],[138.485779,-35.125538],[138.485816,-35.125531],[138.485867,-35.125518],[138.485929,-35.125497],[138.485984,-35.125471],[138.486035,-35.125441],[138.486079,-35.125408],[138.486112,-35.125379],[138.486148,-35.12534],[138.486175,-35.125305],[138.486313,-35.125072],[138.486406,-35.124996]]}},{"type":"Feature","properties":{"tier":"arterial"},"geometry":{"type":"LineString","coordinates":[[138.489908,-35.117294],[138.490169,-35.117211],[138.490215,-35.117199],[138.49027,-35.11718],[138.490308,-35.117164],[138.49035,-35.117141],[138.490378,-35.117123],[138.49041,-35.117099],[138.490416,-35.117093],[138.49044,-35.117072],[138.490476,-35.117033],[138.4905,-35.117],[138.490523,-35.11696],[138.490545,-35.116909],[138.490614,-35.116759],[138.490703,-35.116646]]}},{"type":"Feature","properties":{"tier":"arterial"},"geometry":{"type":"LineString","coordinates":[[138.491095,-35.117378],[138.49095,-35.117411],[138.490909,-35.117419],[138.490878,-35.117427],[138.490836,-35.117441],[138.490799,-35.117456],[138.490763,-35.117475],[138.490723,-35.117499],[138.490691,-35.117523],[138.490662,-35.117549],[138.49063,-35.117584],[138.490604,-35.117619],[138.490581,-35.117661],[138.490498,-35.117682]]}},{"type":"Feature","properties":{"tier":"arterial"},"geometry":{"type":"LineString","coordinates":[[138.50002,-35.106533],[138.499795,-35.10656],[138.499711,-35.106569],[138.499654,-35.106574],[138.499604,-35.106581],[138.499564,-35.106588],[138.499516,-35.106598],[138.499463,-35.106612],[138.499412,-35.106628],[138.499365,-35.106645],[138.499318,-35.106665],[138.499282,-35.106681],[138.499252,-35.106697],[138.499217,-35.106716],[138.499181,-35.106737],[138.49914,-35.106764],[138.499107,-35.106788],[138.499081,-35.106809],[138.499061,-35.106826],[138.499038,-35.106847],[138.499008,-35.106876],[138.498978,-35.106908],[138.498951,-35.106941],[138.498929,-35.106968],[138.498735,-35.107101]]}},{"type":"Feature","properties":{"tier":"arterial"},"geometry":{"type":"LineString","coordinates":[[138.48907,-35.120549],[138.488936,-35.120571],[138.488852,-35.120609],[138.4888,-35.12065],[138.488717,-35.120676]]}},{"type":"Feature","properties":{"tier":"arterial"},"geometry":{"type":"LineString","coordinates":[[138.489024,-35.12023],[138.489011,-35.120331],[138.488993,-35.120398],[138.488991,-35.120474],[138.488991,-35.120518]]}},{"type":"Feature","properties":{"tier":"arterial"},"geometry":{"type":"LineString","coordinates":[[138.491406,-35.112982],[138.49147,-35.112977],[138.491517,-35.112972],[138.491585,-35.112958],[138.491668,-35.112934],[138.491733,-35.112909],[138.4918,-35.112874],[138.491873,-35.112826],[138.491924,-35.112783],[138.492182,-35.112541]]}},{"type":"Feature","properties":{"tier":"arterial"},"geometry":{"type":"LineString","coordinates":[[138.499292,-35.101993],[138.499434,-35.101942],[138.499474,-35.101923],[138.4995,-35.101904],[138.499525,-35.10188],[138.499546,-35.101853],[138.49956,-35.101825],[138.499569,-35.101794],[138.499572,-35.101762],[138.499562,-35.101709],[138.499542,-35.101589],[138.499524,-35.101399]]}},{"type":"Feature","properties":{"tier":"arterial"},"geometry":{"type":"LineString","coordinates":[[138.497869,-35.106484],[138.498136,-35.106419],[138.498341,-35.106391],[138.498374,-35.106389],[138.498445,-35.106381],[138.49851,-35.10637],[138.498573,-35.106355],[138.498633,-35.106338],[138.498693,-35.106317],[138.49875,-35.106294],[138.498797,-35.106271],[138.498839,-35.106249],[138.498886,-35.106221],[138.498923,-35.106196],[138.498956,-35.106172],[138.498981,-35.106153],[138.499016,-35.106122],[138.499054,-35.106087],[138.499083,-35.106055],[138.499111,-35.106022],[138.499138,-35.105987],[138.499162,-35.105952],[138.499182,-35.105919],[138.499199,-35.105887],[138.499217,-35.10585],[138.499316,-35.105673],[138.499451,-35.105498]]}},{"type":"Feature","properties":{"tier":"arterial"},"geometry":{"type":"LineString","coordinates":[[138.499832,-35.102727],[138.499706,-35.102404],[138.499679,-35.102325],[138.499635,-35.102255],[138.499606,-35.102221],[138.499579,-35.102192],[138.499531,-35.102157],[138.499474,-35.102124],[138.499359,-35.10207]]}},{"type":"Feature","properties":{"tier":"arterial"},"geometry":{"type":"LineString","coordinates":[[138.485872,-35.12626],[138.485907,-35.126007],[138.485932,-35.12588],[138.485937,-35.125822],[138.485929,-35.125768],[138.485911,-35.125716],[138.485889,-35.125684],[138.48586,-35.125652],[138.485822,-35.125622],[138.485672,-35.125549]]}},{"type":"Feature","properties":{"tier":"arterial"},"geometry":{"type":"LineString","coordinates":[[138.486361,-35.125447],[138.486292,-35.125496],[138.486253,-35.125552],[138.486223,-35.125589],[138.486191,-35.125608],[138.486124,-35.125625]]}},{"type":"Feature","properties":{"tier":"arterial"},"geometry":{"type":"LineString","coordinates":[[138.49082,-35.116737],[138.490831,-35.116981],[138.490829,-35.117007],[138.49083,-35.117025],[138.490833,-35.117052],[138.490842,-35.117083],[138.490854,-35.117108],[138.490872,-35.117139],[138.490894,-35.117165],[138.49092,-35.117188],[138.490944,-35.117206],[138.490981,-35.117227],[138.491015,-35.117241],[138.491165,-35.117283]]}},{"type":"Feature","properties":{"tier":"regional"},"geometry":{"type":"LineString","coordinates":[[138.491095,-35.117378],[138.490732,-35.117369],[138.490691,-35.117368],[138.490614,-35.117366]]}},{"type":"Feature","properties":{"tier":"arterial"},"geometry":{"type":"LineString","coordinates":[[138.498494,-35.107152],[138.498576,-35.106915],[138.498605,-35.106866],[138.498614,-35.106833],[138.498615,-35.106814],[138.498612,-35.106786],[138.498603,-35.106756],[138.498591,-35.106732],[138.498572,-35.106708],[138.498551,-35.106688],[138.498516,-35.106665],[138.498487,-35.106652],[138.498459,-35.106644],[138.498423,-35.106638],[138.498397,-35.106637],[138.498329,-35.106633],[138.498087,-35.106625],[138.497796,-35.106577]]}},{"type":"Feature","properties":{"tier":"arterial"},"geometry":{"type":"LineString","coordinates":[[138.499597,-35.105625],[138.499545,-35.105958],[138.499537,-35.105989],[138.499532,-35.106032],[138.499533,-35.106051],[138.499538,-35.106085],[138.499549,-35.106122],[138.499563,-35.106152],[138.499582,-35.106183],[138.499608,-35.106213],[138.499625,-35.106229],[138.499638,-35.106241],[138.499661,-35.106258],[138.499687,-35.106274],[138.499718,-35.10629],[138.499755,-35.106305],[138.499789,-35.106314],[138.499824,-35.106321],[138.499862,-35.106325],[138.50002,-35.106338]]}},{"type":"Feature","properties":{"tier":"arterial"},"geometry":{"type":"LineString","coordinates":[[138.479226,-35.213586],[138.479307,-35.213587]]}},{"type":"Feature","properties":{"tier":"regional"},"geometry":{"type":"LineString","coordinates":[[138.485476,-35.138763],[138.485319,-35.13877],[138.485175,-35.138776],[138.484788,-35.138793],[138.484586,-35.138804],[138.484184,-35.138825],[138.483822,-35.138844],[138.483658,-35.138852],[138.483373,-35.138866],[138.483308,-35.138869],[138.483245,-35.138872],[138.48312,-35.138878],[138.482752,-35.138896],[138.48248,-35.138909],[138.48215,-35.138925],[138.481895,-35.138938],[138.481838,-35.13894],[138.481716,-35.138947],[138.481544,-35.138955],[138.480957,-35.138985],[138.480793,-35.138993]]}},{"type":"Feature","properties":{"tier":"arterial"},"geometry":{"type":"LineString","coordinates":[[138.486164,-35.138646],[138.486286,-35.138637]]}},{"type":"Feature","properties":{"tier":"arterial"},"geometry":{"type":"LineString","coordinates":[[138.486267,-35.138362],[138.486378,-35.138534],[138.486439,-35.138589],[138.486526,-35.13862]]}},{"type":"Feature","properties":{"tier":"arterial"},"geometry":{"type":"LineString","coordinates":[[138.487197,-35.138627],[138.486977,-35.138673],[138.486592,-35.13871]]}},{"type":"Feature","properties":{"tier":"arterial"},"geometry":{"type":"LineString","coordinates":[[138.486286,-35.138637],[138.486345,-35.138633],[138.486526,-35.13862]]}},{"type":"Feature","properties":{"tier":"arterial"},"geometry":{"type":"LineString","coordinates":[[138.477439,-35.190185],[138.477514,-35.190182]]}},{"type":"Feature","properties":{"tier":"arterial"},"geometry":{"type":"LineString","coordinates":[[138.474998,-35.159194],[138.475001,-35.159175],[138.475002,-35.159131],[138.475002,-35.159113],[138.475001,-35.159032],[138.474931,-35.158192],[138.474861,-35.157253],[138.474847,-35.156868],[138.474854,-35.156608],[138.474865,-35.156457],[138.474879,-35.156332],[138.474899,-35.156197],[138.474938,-35.156022],[138.475002,-35.155763],[138.475039,-35.155635],[138.475083,-35.155474],[138.475091,-35.155411],[138.475089,-35.155386],[138.475087,-35.155368],[138.47508,-35.155323],[138.475061,-35.155271]]}},{"type":"Feature","properties":{"tier":"arterial"},"geometry":{"type":"LineString","coordinates":[[138.47511,-35.159329],[138.475104,-35.159409],[138.475101,-35.159474],[138.475112,-35.159594],[138.475163,-35.160245],[138.475168,-35.160352],[138.47523,-35.160983],[138.475252,-35.161413],[138.47527,-35.161594],[138.475295,-35.161859],[138.475298,-35.161888],[138.475364,-35.162822],[138.475409,-35.163407],[138.475437,-35.163709],[138.475494,-35.164469],[138.475523,-35.16486],[138.475571,-35.165402],[138.475606,-35.165846],[138.475636,-35.166275],[138.475678,-35.166687],[138.475716,-35.166989],[138.475785,-35.167226],[138.475865,-35.167497],[138.475871,-35.167519],[138.475901,-35.167609]]}},{"type":"Feature","properties":{"tier":"arterial"},"geometry":{"type":"LineString","coordinates":[[138.476922,-35.187166],[138.477008,-35.187107],[138.477133,-35.187065],[138.477143,-35.187061],[138.477167,-35.187043],[138.477188,-35.187023],[138.477209,-35.186999]]}},{"type":"Feature","properties":{"tier":"arterial"},"geometry":{"type":"LineString","coordinates":[[138.477544,-35.18714],[138.477456,-35.18723],[138.477393,-35.187252],[138.477372,-35.187263],[138.477353,-35.187277],[138.477326,-35.187332]]}},{"type":"Feature","properties":{"tier":"arterial"},"geometry":{"type":"LineString","coordinates":[[138.477162,-35.180879],[138.477055,-35.180946],[138.476944,-35.181005],[138.476863,-35.181088]]}},{"type":"Feature","properties":{"tier":"arterial"},"geometry":{"type":"LineString","coordinates":[[138.476404,-35.180902],[138.476505,-35.180837],[138.476617,-35.180787],[138.476708,-35.180724]]}},{"type":"Feature","properties":{"tier":"arterial"},"geometry":{"type":"LineString","coordinates":[[138.478934,-35.209976],[138.479008,-35.209973]]}},{"type":"Feature","properties":{"tier":"arterial"},"geometry":{"type":"LineString","coordinates":[[138.486592,-35.13871],[138.486529,-35.138738],[138.486397,-35.138809],[138.486344,-35.138853],[138.486306,-35.138927]]}},{"type":"Feature","properties":{"tier":"arterial"},"geometry":{"type":"LineString","coordinates":[[138.485863,-35.138668],[138.486048,-35.138569],[138.486149,-35.138454]]}},{"type":"Feature","properties":{"tier":"arterial"},"geometry":{"type":"LineString","coordinates":[[138.486193,-35.139022],[138.486056,-35.138814],[138.486017,-35.138783],[138.48593,-35.138741]]}},{"type":"Feature","properties":{"tier":"regional"},"geometry":{"type":"LineString","coordinates":[[138.478121,-35.198942],[138.478201,-35.198938],[138.47834,-35.198932],[138.4785,-35.198924],[138.478591,-35.198919],[138.478823,-35.198905],[138.478991,-35.198895],[138.479105,-35.198874],[138.47924,-35.198841],[138.47963,-35.198673],[138.480463,-35.198313]]}},{"type":"Feature","properties":{"tier":"arterial"},"geometry":{"type":"LineString","coordinates":[[138.479178,-35.212247],[138.479114,-35.212248]]}},{"type":"Feature","properties":{"tier":"arterial"},"geometry":{"type":"LineString","coordinates":[[138.486578,-35.142365],[138.486651,-35.142561],[138.486663,-35.142639],[138.486696,-35.142718],[138.486748,-35.142803],[138.486767,-35.142833],[138.486816,-35.142884],[138.486885,-35.14293]]}},{"type":"Feature","properties":{"tier":"arterial"},"geometry":{"type":"LineString","coordinates":[[138.472313,-35.15081],[138.472364,-35.150741],[138.472387,-35.150692],[138.472412,-35.150648],[138.47242,-35.150603],[138.472452,-35.150433],[138.472486,-35.150281],[138.47252,-35.15014],[138.472568,-35.149996]]}},{"type":"Feature","properties":{"tier":"arterial"},"geometry":{"type":"LineString","coordinates":[[138.478996,-35.210825],[138.479072,-35.210822]]}},{"type":"Feature","properties":{"tier":"arterial"},"geometry":{"type":"LineString","coordinates":[[138.478637,-35.205923],[138.478713,-35.205918]]}},{"type":"Feature","properties":{"tier":"regional"},"geometry":{"type":"LineString","coordinates":[[138.468681,-35.187156],[138.468851,-35.18715],[138.469581,-35.187122],[138.470445,-35.187073],[138.471094,-35.187043],[138.471174,-35.187047],[138.471346,-35.187053],[138.471658,-35.187072],[138.471732,-35.187085],[138.471779,-35.187091],[138.471821,-35.187096],[138.471916,-35.187124],[138.472585,-35.187297],[138.472742,-35.187327],[138.472826,-35.187346],[138.47286,-35.187348],[138.472916,-35.187351],[138.473007,-35.187345],[138.473433,-35.187327],[138.473811,-35.187305],[138.475305,-35.187228],[138.476163,-35.187193],[138.476214,-35.187191]]}},{"type":"Feature","properties":{"tier":"regional"},"geometry":{"type":"LineString","coordinates":[[138.477246,-35.18749],[138.477181,-35.187396],[138.477098,-35.187254],[138.477092,-35.187247],[138.477081,-35.187234],[138.477058,-35.187213],[138.477039,-35.187196],[138.476983,-35.187164]]}},{"type":"Feature","properties":{"tier":"regional"},"geometry":{"type":"LineString","coordinates":[[138.477286,-35.186904],[138.477395,-35.187033],[138.477402,-35.187044],[138.477415,-35.187064],[138.477429,-35.187083],[138.477447,-35.187099],[138.477478,-35.187123],[138.477516,-35.187141]]}},{"type":"Feature","properties":{"tier":"arterial"},"geometry":{"type":"LineString","coordinates":[[138.476398,-35.175883],[138.476456,-35.175954],[138.476488,-35.176019],[138.476504,-35.176043],[138.476515,-35.176055],[138.47654,-35.176072]]}},{"type":"Feature","properties":{"tier":"arterial"},"geometry":{"type":"LineString","coordinates":[[138.47665,-35.176138],[138.476525,-35.176187],[138.476498,-35.176201],[138.476473,-35.176221],[138.476452,-35.176248],[138.476436,-35.176273],[138.476421,-35.176305]]}},{"type":"Feature","properties":{"tier":"regional"},"geometry":{"type":"LineString","coordinates":[[138.478893,-35.176716],[138.477702,-35.17678],[138.477622,-35.176783],[138.477598,-35.176783],[138.477564,-35.176783],[138.477508,-35.176778],[138.477456,-35.176764],[138.477417,-35.176739],[138.477402,-35.176722]]}},{"type":"Feature","properties":{"tier":"regional"},"geometry":{"type":"LineString","coordinates":[[138.476333,-35.176115],[138.476404,-35.176077]]}},{"type":"Feature","properties":{"tier":"arterial"},"geometry":{"type":"LineString","coordinates":[[138.485976,-35.14608],[138.486063,-35.146051],[138.486166,-35.146034],[138.486263,-35.146002],[138.486342,-35.145967],[138.486434,-35.145918],[138.486533,-35.145841]]}},{"type":"Feature","properties":{"tier":"arterial"},"geometry":{"type":"LineString","coordinates":[[138.473054,-35.152329],[138.473295,-35.152669]]}},{"type":"Feature","properties":{"tier":"regional"},"geometry":{"type":"LineString","coordinates":[[138.471997,-35.150781],[138.472071,-35.150809],[138.47212,-35.150825],[138.472176,-35.150833],[138.472191,-35.150833],[138.472232,-35.150833],[138.472299,-35.150819]]}},{"type":"Feature","properties":{"tier":"arterial"},"geometry":{"type":"LineString","coordinates":[[138.47249,-35.151491],[138.472445,-35.151418],[138.472411,-35.151332],[138.472394,-35.151225],[138.472371,-35.15111],[138.472363,-35.151091],[138.472344,-35.151043],[138.472296,-35.150971]]}},{"type":"Feature","properties":{"tier":"arterial"},"geometry":{"type":"LineString","coordinates":[[138.474924,-35.154517],[138.474964,-35.154534],[138.475008,-35.154577],[138.475048,-35.154671],[138.475116,-35.154832],[138.475169,-35.154917],[138.475198,-35.154954],[138.475223,-35.154984]]}},{"type":"Feature","properties":{"tier":"regional"},"geometry":{"type":"LineString","coordinates":[[138.47228,-35.150953],[138.472252,-35.150957],[138.472199,-35.150934],[138.472181,-35.150926],[138.472142,-35.150907],[138.472104,-35.15089],[138.472055,-35.150863],[138.47202,-35.150843],[138.471997,-35.150781]]}},{"type":"Feature","properties":{"tier":"arterial"},"geometry":{"type":"LineString","coordinates":[[138.474992,-35.155021],[138.474997,-35.154969],[138.475014,-35.15486],[138.475016,-35.154794],[138.474999,-35.154718],[138.474987,-35.154683],[138.474971,-35.154636],[138.474936,-35.15457],[138.474924,-35.154517]]}},{"type":"Feature","properties":{"tier":"regional"},"geometry":{"type":"LineString","coordinates":[[138.476721,-35.180892],[138.476848,-35.180888]]}},{"type":"Feature","properties":{"tier":"regional"},"geometry":{"type":"LineString","coordinates":[[138.468346,-35.181363],[138.468451,-35.181357],[138.469402,-35.181305],[138.471501,-35.181189],[138.472523,-35.181133],[138.473481,-35.18108],[138.474066,-35.181048],[138.475552,-35.180966],[138.475645,-35.180961]]}},{"type":"Feature","properties":{"tier":"arterial"},"geometry":{"type":"LineString","coordinates":[[138.476824,-35.180581],[138.47691,-35.180677],[138.476959,-35.180773],[138.477037,-35.180881]]}},{"type":"Feature","properties":{"tier":"arterial"},"geometry":{"type":"LineString","coordinates":[[138.478788,-35.207963],[138.478862,-35.20796]]}},{"type":"Feature","properties":{"tier":"regional"},"geometry":{"type":"LineString","coordinates":[[138.476097,-35.147174],[138.47615,-35.147189],[138.47616,-35.147191],[138.476229,-35.147205],[138.47762,-35.147495],[138.477986,-35.147572],[138.478545,-35.147714],[138.478957,-35.147834],[138.479,-35.14785],[138.47941,-35.147976],[138.479738,-35.148147],[138.480132,-35.148375],[138.480487,-35.148614],[138.480902,-35.148932],[138.481001,-35.149012],[138.481205,-35.149176],[138.481261,-35.149221],[138.481485,-35.149446]]}},{"type":"Feature","properties":{"tier":"arterial"},"geometry":{"type":"LineString","coordinates":[[138.477017,-35.179392],[138.476981,-35.17943],[138.476956,-35.179458],[138.476949,-35.179465],[138.476923,-35.179484],[138.476867,-35.179499],[138.4768,-35.179515],[138.476752,-35.179535],[138.476713,-35.179574]]}},{"type":"Feature","properties":{"tier":"arterial"},"geometry":{"type":"LineString","coordinates":[[138.476825,-35.182221],[138.476943,-35.182218]]}},{"type":"Feature","properties":{"tier":"arterial"},"geometry":{"type":"LineString","coordinates":[[138.477837,-35.193241],[138.477921,-35.193298],[138.477951,-35.193314],[138.477957,-35.193324],[138.477993,-35.193367],[138.478031,-35.193385]]}},{"type":"Feature","properties":{"tier":"arterial"},"geometry":{"type":"LineString","coordinates":[[138.479894,-35.222442],[138.479953,-35.222591],[138.480003,-35.222667],[138.480029,-35.222696],[138.480065,-35.222723]]}},{"type":"Feature","properties":{"tier":"arterial"},"geometry":{"type":"LineString","coordinates":[[138.479154,-35.211926],[138.479223,-35.212098],[138.479238,-35.212184],[138.479261,-35.212213],[138.479305,-35.212242]]}},{"type":"Feature","properties":{"tier":"arterial"},"geometry":{"type":"LineString","coordinates":[[138.477366,-35.189048],[138.477432,-35.189044]]}},{"type":"Feature","properties":{"tier":"regional"},"geometry":{"type":"LineString","coordinates":[[138.480286,-35.222693],[138.480117,-35.222773],[138.48,-35.22284],[138.47996,-35.222873],[138.479933,-35.222901],[138.479902,-35.222944]]}},{"type":"Feature","properties":{"tier":"arterial"},"geometry":{"type":"LineString","coordinates":[[138.478206,-35.193405],[138.478081,-35.193505],[138.477967,-35.193594],[138.477927,-35.193625],[138.477915,-35.193642],[138.477871,-35.1937]]}},{"type":"Feature","properties":{"tier":"arterial"},"geometry":{"type":"LineString","coordinates":[[138.479555,-35.222919],[138.479679,-35.222801],[138.479759,-35.222733],[138.479802,-35.222696],[138.479818,-35.222676],[138.479831,-35.222651]]}},{"type":"Feature","properties":{"tier":"arterial"},"geometry":{"type":"LineString","coordinates":[[138.477757,-35.193842],[138.477683,-35.193782],[138.477649,-35.193762],[138.477612,-35.193748],[138.477585,-35.193742],[138.477541,-35.193738],[138.477432,-35.193754]]}},{"type":"Feature","properties":{"tier":"arterial"},"geometry":{"type":"LineString","coordinates":[[138.478375,-35.202005],[138.478298,-35.201874],[138.47828,-35.201849],[138.478263,-35.201832],[138.478243,-35.201814],[138.478204,-35.20178],[138.478171,-35.201753]]}},{"type":"Feature","properties":{"tier":"arterial"},"geometry":{"type":"LineString","coordinates":[[138.477432,-35.193754],[138.477543,-35.193572],[138.477619,-35.193488],[138.477658,-35.193443],[138.477674,-35.193416],[138.477685,-35.193387],[138.477702,-35.19333]]}},{"type":"Feature","properties":{"tier":"regional"},"geometry":{"type":"LineString","coordinates":[[138.479931,-35.223251],[138.479848,-35.22314],[138.479832,-35.223009],[138.479825,-35.222977],[138.479808,-35.222947],[138.479786,-35.222922],[138.479762,-35.222906],[138.479721,-35.222889],[138.47965,-35.222874]]}},{"type":"Feature","properties":{"tier":"high"},"geometry":{"type":"LineString","coordinates":[[138.459393,-35.396342],[138.459084,-35.396697]]}},{"type":"Feature","properties":{"tier":"high"},"geometry":{"type":"LineString","coordinates":[[138.466787,-35.387666],[138.466683,-35.387769]]}},{"type":"Feature","properties":{"tier":"high"},"geometry":{"type":"LineString","coordinates":[[138.466683,-35.387769],[138.466586,-35.387867],[138.466479,-35.387975],[138.466364,-35.388113],[138.466244,-35.388259],[138.466131,-35.388402],[138.465696,-35.388947],[138.46565,-35.389004],[138.465484,-35.389201],[138.465271,-35.389449],[138.465045,-35.389721],[138.464497,-35.390361],[138.464364,-35.390498],[138.464342,-35.390532],[138.463869,-35.391064],[138.463443,-35.391556],[138.462903,-35.392171],[138.462423,-35.392702],[138.462283,-35.392866],[138.462223,-35.392938],[138.462131,-35.393054],[138.461987,-35.393225],[138.461939,-35.393282],[138.461199,-35.394164],[138.46111,-35.394275],[138.460706,-35.394778],[138.460483,-35.395056],[138.460048,-35.395576],[138.459909,-35.395742],[138.459794,-35.395876],[138.459673,-35.396017],[138.45966,-35.396033]]}},{"type":"Feature","properties":{"tier":"high"},"geometry":{"type":"LineString","coordinates":[[138.459084,-35.396697],[138.45877,-35.397048],[138.458239,-35.397653],[138.457186,-35.398812]]}},{"type":"Feature","properties":{"tier":"high"},"geometry":{"type":"LineString","coordinates":[[138.468741,-35.386092],[138.46884,-35.385974],[138.469179,-35.385694],[138.469288,-35.3856],[138.469401,-35.385492]]}},{"type":"Feature","properties":{"tier":"arterial"},"geometry":{"type":"LineString","coordinates":[[138.470127,-35.385205],[138.470011,-35.385311],[138.469308,-35.385695]]}},{"type":"Feature","properties":{"tier":"high"},"geometry":{"type":"LineString","coordinates":[[138.470326,-35.384741],[138.47055,-35.384985]]}},{"type":"Feature","properties":{"tier":"high"},"geometry":{"type":"LineString","coordinates":[[138.470326,-35.384741],[138.469937,-35.384601],[138.469844,-35.384565]]}},{"type":"Feature","properties":{"tier":"high"},"geometry":{"type":"LineString","coordinates":[[138.469973,-35.384274],[138.470081,-35.384445],[138.470128,-35.38451],[138.470177,-35.384577],[138.470326,-35.384741]]}},{"type":"Feature","properties":{"tier":"high"},"geometry":{"type":"LineString","coordinates":[[138.430694,-35.414851],[138.430532,-35.415018],[138.430336,-35.415191],[138.430119,-35.415349],[138.429914,-35.415474],[138.429749,-35.415557],[138.429546,-35.415649],[138.429363,-35.415725],[138.429315,-35.415739],[138.429129,-35.415795],[138.428855,-35.41586],[138.428469,-35.415934],[138.427794,-35.416068]]}},{"type":"Feature","properties":{"tier":"high"},"geometry":{"type":"LineString","coordinates":[[138.350484,-35.45758],[138.350556,-35.457565],[138.350719,-35.457506],[138.351131,-35.457365],[138.351263,-35.457324],[138.351408,-35.457289],[138.351636,-35.457244],[138.351756,-35.457225],[138.351909,-35.45721],[138.35207,-35.457197],[138.352228,-35.457189],[138.352362,-35.457193],[138.352536,-35.457214],[138.352704,-35.457248],[138.352794,-35.457265]]}},{"type":"Feature","properties":{"tier":"high"},"geometry":{"type":"LineString","coordinates":[[138.427752,-35.41604],[138.428132,-35.415955],[138.428834,-35.415801],[138.429075,-35.415743],[138.429219,-35.415706],[138.429286,-35.415684],[138.429426,-35.415634],[138.429586,-35.415569],[138.429772,-35.415481],[138.429935,-35.415396],[138.43007,-35.415311],[138.430211,-35.415211],[138.43034,-35.415117],[138.430452,-35.415024],[138.430683,-35.414806]]}},{"type":"Feature","properties":{"tier":"high"},"geometry":{"type":"LineString","coordinates":[[138.303978,-35.464476],[138.302946,-35.465728],[138.301472,-35.467651],[138.300789,-35.46853],[138.300327,-35.469141],[138.300187,-35.46932],[138.300054,-35.469481],[138.299941,-35.469613],[138.299789,-35.469768],[138.299672,-35.469873],[138.299562,-35.469966],[138.299328,-35.470145],[138.299028,-35.470345],[138.298862,-35.470447]]}},{"type":"Feature","properties":{"tier":"high"},"geometry":{"type":"LineString","coordinates":[[138.292162,-35.473188],[138.291278,-35.473583],[138.290057,-35.474113],[138.288064,-35.475024],[138.287473,-35.475288],[138.287196,-35.4754],[138.286891,-35.475502],[138.28659,-35.475567],[138.286356,-35.475597],[138.28614,-35.475611],[138.285948,-35.475618],[138.285737,-35.475615],[138.285477,-35.475589],[138.285164,-35.47556],[138.284872,-35.475529],[138.284523,-35.475519],[138.284129,-35.475529],[138.283807,-35.475563],[138.28343,-35.475614],[138.283166,-35.475655],[138.282985,-35.475698],[138.282801,-35.475763],[138.282717,-35.475796],[138.282607,-35.475842],[138.282457,-35.475909],[138.282153,-35.476047],[138.281883,-35.476176],[138.281656,-35.476295],[138.281482,-35.476394],[138.28134,-35.476488],[138.281141,-35.476622],[138.280945,-35.476788],[138.280777,-35.476946],[138.280517,-35.477198],[138.280036,-35.477658],[138.279287,-35.478391],[138.27889,-35.478771],[138.278733,-35.478922],[138.278606,-35.479024],[138.278435,-35.47913],[138.278227,-35.479243],[138.277508,-35.479546],[138.277125,-35.479711],[138.27666,-35.479911],[138.276508,-35.479987],[138.276323,-35.480089],[138.275992,-35.480302],[138.275819,-35.480448],[138.275748,-35.480535],[138.275698,-35.480624],[138.275626,-35.480776],[138.275564,-35.480906],[138.275518,-35.481011],[138.275451,-35.481197],[138.275417,-35.481338],[138.275406,-35.48143],[138.2754,-35.481505],[138.275397,-35.481578],[138.275401,-35.481684],[138.275415,-35.48176],[138.275434,-35.481826],[138.275465,-35.481907],[138.275509,-35.481995],[138.275562,-35.482079],[138.275631,-35.482166],[138.275719,-35.482258],[138.275801,-35.482329],[138.276014,-35.48248],[138.276296,-35.482638],[138.276914,-35.483024]]}},{"type":"Feature","properties":{"tier":"high"},"geometry":{"type":"LineString","coordinates":[[138.382188,-35.435676],[138.382176,-35.435687],[138.382064,-35.435784],[138.381912,-35.435905],[138.38149,-35.436215],[138.381079,-35.4365],[138.380825,-35.436673],[138.380346,-35.437001],[138.379767,-35.437398],[138.379378,-35.437689],[138.378583,-35.438203],[138.377982,-35.438562],[138.376026,-35.439669],[138.374097,-35.440717],[138.373923,-35.44082],[138.373369,-35.441113],[138.37273,-35.441471],[138.372089,-35.441816],[138.371129,-35.442348],[138.370669,-35.44262],[138.370445,-35.442773],[138.37019,-35.442951],[138.369738,-35.443285],[138.368998,-35.443831],[138.367489,-35.444922],[138.367138,-35.445188],[138.366761,-35.445495],[138.366204,-35.44598],[138.365936,-35.446233],[138.365751,-35.446432],[138.365372,-35.44691],[138.364953,-35.447433],[138.364485,-35.448066],[138.36425,-35.448343],[138.364066,-35.448496],[138.363767,-35.448695],[138.36338,-35.448906],[138.362581,-35.449333],[138.362258,-35.449519],[138.361864,-35.449773],[138.36173,-35.449877],[138.361638,-35.449971],[138.361549,-35.450093],[138.361544,-35.450104],[138.361471,-35.45024],[138.361385,-35.450458],[138.361244,-35.450858],[138.361201,-35.451007],[138.36118,-35.451129],[138.361181,-35.451232],[138.361206,-35.451352],[138.361255,-35.451462],[138.361353,-35.451629],[138.361456,-35.451741],[138.361613,-35.451912],[138.361713,-35.45201],[138.361794,-35.452107],[138.361864,-35.452217],[138.361913,-35.452318],[138.361968,-35.452462],[138.362052,-35.452693],[138.36211,-35.452903],[138.362148,-35.453045],[138.362159,-35.453131],[138.362172,-35.453274],[138.362209,-35.453699],[138.362221,-35.453829],[138.362243,-35.453983],[138.362277,-35.454145],[138.362323,-35.454318],[138.362359,-35.454458],[138.362375,-35.454546],[138.362382,-35.454609],[138.362379,-35.454697],[138.362374,-35.454746],[138.362354,-35.454817],[138.362319,-35.454885],[138.362281,-35.454936],[138.362256,-35.454962],[138.362224,-35.45499],[138.362181,-35.455022],[138.362126,-35.455053],[138.362066,-35.455079],[138.361961,-35.455107],[138.361903,-35.455114],[138.361556,-35.455134],[138.361338,-35.455147],[138.361203,-35.455164],[138.361083,-35.455191],[138.360965,-35.455231],[138.360827,-35.45529],[138.360689,-35.45536],[138.360327,-35.455572],[138.360016,-35.45575],[138.359854,-35.455831],[138.359644,-35.455917],[138.359392,-35.455999],[138.359128,-35.456071],[138.35885,-35.456123],[138.358553,-35.456172],[138.358142,-35.456232],[138.358022,-35.456255],[138.357553,-35.456343],[138.357407,-35.456368],[138.357315,-35.456372],[138.35716,-35.456361],[138.357054,-35.456339],[138.356971,-35.456314],[138.356906,-35.456288],[138.356826,-35.456247],[138.356758,-35.456203],[138.35671,-35.456167],[138.356636,-35.456096],[138.356544,-35.455985],[138.356467,-35.455904],[138.356403,-35.455841]]}},{"type":"Feature","properties":{"tier":"arterial"},"geometry":{"type":"LineString","coordinates":[[138.50002,-35.359818],[138.499939,-35.359878],[138.499635,-35.360148],[138.499364,-35.360464],[138.499113,-35.360886],[138.498869,-35.361261],[138.498649,-35.361566],[138.498507,-35.361707],[138.498354,-35.361829],[138.498144,-35.361962],[138.497618,-35.362251],[138.497307,-35.36245],[138.497117,-35.36261],[138.496942,-35.362804],[138.496763,-35.363088],[138.49656,-35.36365],[138.49647,-35.363865],[138.496314,-35.364102],[138.496044,-35.364374],[138.49446,-35.365505],[138.492987,-35.366712],[138.491523,-35.367804],[138.490031,-35.369107],[138.489024,-35.369847],[138.486642,-35.371561],[138.485305,-35.372769],[138.484611,-35.373481],[138.484126,-35.374013],[138.483908,-35.374414],[138.483429,-35.375523],[138.483293,-35.375811],[138.483211,-35.375976],[138.483051,-35.376266]]}},{"type":"Feature","properties":{"tier":"arterial"},"geometry":{"type":"LineString","coordinates":[[138.478588,-35.204365],[138.478628,-35.20473],[138.478639,-35.204934],[138.478681,-35.205507],[138.478713,-35.205918],[138.478758,-35.20657],[138.478862,-35.20796],[138.479008,-35.209973],[138.479016,-35.210089],[138.479022,-35.210171],[138.479032,-35.210308],[138.479072,-35.210822],[138.479154,-35.211926],[138.479178,-35.212247]]}},{"type":"Feature","properties":{"tier":"regional"},"geometry":{"type":"LineString","coordinates":[[138.494713,-35.133644],[138.495269,-35.133778]]}},{"type":"Feature","properties":{"tier":"regional"},"geometry":{"type":"LineString","coordinates":[[138.495269,-35.133778],[138.495338,-35.133794],[138.495659,-35.133872],[138.497447,-35.134298],[138.497723,-35.134362],[138.497991,-35.134377],[138.498232,-35.134377]]}},{"type":"Feature","properties":{"tier":"regional"},"geometry":{"type":"LineString","coordinates":[[138.50002,-35.134279],[138.499736,-35.134294],[138.499182,-35.134324]]}},{"type":"Feature","properties":{"tier":"regional"},"geometry":{"type":"LineString","coordinates":[[138.49179,-35.144124],[138.491735,-35.14431],[138.49165,-35.144573],[138.491546,-35.144894],[138.491374,-35.145447],[138.491295,-35.145704],[138.491191,-35.146128],[138.491141,-35.146425],[138.491103,-35.146755],[138.491091,-35.146921],[138.491088,-35.146988],[138.491084,-35.147053],[138.491087,-35.147456],[138.491089,-35.147503],[138.491111,-35.147896],[138.491145,-35.148304]]}},{"type":"Feature","properties":{"tier":"regional"},"geometry":{"type":"LineString","coordinates":[[138.487683,-35.180465],[138.487355,-35.180459],[138.487244,-35.180458]]}},{"type":"Feature","properties":{"tier":"regional"},"geometry":{"type":"LineString","coordinates":[[138.485812,-35.180541],[138.485625,-35.180552],[138.485174,-35.180555],[138.484845,-35.180557],[138.484225,-35.180561]]}},{"type":"Feature","properties":{"tier":"regional"},"geometry":{"type":"LineString","coordinates":[[138.481998,-35.176488],[138.483034,-35.176428],[138.483428,-35.17641],[138.483629,-35.1764],[138.484623,-35.176354],[138.484859,-35.176336]]}},{"type":"Feature","properties":{"tier":"regional"},"geometry":{"type":"LineString","coordinates":[[138.484869,-35.176397],[138.484626,-35.176405],[138.483634,-35.17646],[138.483441,-35.176471],[138.483034,-35.176493],[138.482208,-35.176539],[138.481975,-35.176552]]}},{"type":"Feature","properties":{"tier":"regional"},"geometry":{"type":"LineString","coordinates":[[138.479512,-35.176619],[138.480059,-35.17659],[138.480203,-35.176582],[138.480547,-35.176563],[138.481353,-35.176522]]}},{"type":"Feature","properties":{"tier":"regional"},"geometry":{"type":"LineString","coordinates":[[138.481357,-35.176583],[138.480509,-35.176627],[138.480209,-35.176642],[138.480064,-35.17665],[138.479655,-35.176671]]}},{"type":"Feature","properties":{"tier":"regional"},"geometry":{"type":"LineString","coordinates":[[138.481212,-35.183948],[138.48123,-35.183864],[138.481301,-35.18355],[138.481332,-35.183411],[138.481452,-35.182874],[138.481529,-35.182524],[138.481561,-35.18238],[138.481688,-35.181824],[138.481889,-35.180922],[138.481892,-35.180913],[138.481899,-35.180894],[138.4819,-35.180819],[138.481898,-35.180757]]}},{"type":"Feature","properties":{"tier":"regional"},"geometry":{"type":"LineString","coordinates":[[138.481142,-35.186581],[138.481146,-35.186677],[138.481148,-35.18672],[138.48115,-35.186763],[138.481144,-35.186807],[138.481124,-35.186856],[138.481096,-35.186894],[138.481073,-35.186915],[138.481029,-35.186944],[138.480958,-35.186969],[138.480899,-35.186977],[138.480516,-35.186994],[138.480262,-35.187005]]}},{"type":"Feature","properties":{"tier":"regional"},"geometry":{"type":"LineString","coordinates":[[138.480205,-35.186947],[138.480514,-35.186932],[138.48065,-35.186924],[138.480854,-35.186912],[138.480902,-35.186905],[138.480963,-35.186884],[138.481004,-35.186857],[138.48102,-35.186844],[138.48105,-35.186805],[138.481068,-35.186763],[138.481074,-35.186721],[138.481069,-35.18668],[138.481029,-35.186354],[138.480993,-35.185912]]}},{"type":"Feature","properties":{"tier":"regional"},"geometry":{"type":"LineString","coordinates":[[138.481767,-35.178472],[138.481776,-35.178367],[138.481776,-35.178357],[138.481774,-35.178306],[138.481771,-35.178248]]}},{"type":"Feature","properties":{"tier":"regional"},"geometry":{"type":"LineString","coordinates":[[138.482565,-35.172898],[138.482591,-35.172808],[138.482606,-35.172753],[138.482638,-35.172593],[138.48267,-35.172465],[138.482676,-35.172392],[138.482676,-35.172301],[138.482664,-35.172081],[138.482658,-35.17198]]}},{"type":"Feature","properties":{"tier":"regional"},"geometry":{"type":"LineString","coordinates":[[138.482087,-35.174632],[138.482128,-35.174538],[138.482131,-35.174529],[138.482152,-35.174451]]}},{"type":"Feature","properties":{"tier":"regional"},"geometry":{"type":"LineString","coordinates":[[138.481909,-35.178818],[138.481927,-35.179035],[138.481979,-35.17969],[138.481991,-35.179837],[138.482008,-35.179997],[138.482014,-35.180128],[138.482028,-35.180297]]}},{"type":"Feature","properties":{"tier":"regional"},"geometry":{"type":"LineString","coordinates":[[138.482593,-35.173097],[138.482556,-35.173179],[138.482549,-35.173199],[138.482536,-35.173239],[138.482526,-35.173268]]}},{"type":"Feature","properties":{"tier":"regional"},"geometry":{"type":"LineString","coordinates":[[138.481635,-35.176442],[138.48168,-35.176352],[138.481683,-35.176344],[138.481697,-35.176295],[138.481706,-35.176257]]}},{"type":"Feature","properties":{"tier":"regional"},"geometry":{"type":"LineString","coordinates":[[138.481936,-35.180297],[138.481903,-35.179955],[138.481894,-35.179842],[138.481883,-35.179696],[138.481816,-35.17882]]}},{"type":"Feature","properties":{"tier":"regional"},"geometry":{"type":"LineString","coordinates":[[138.481767,-35.176617],[138.481757,-35.176677],[138.481752,-35.176725],[138.481751,-35.176746],[138.481752,-35.176804]]}},{"type":"Feature","properties":{"tier":"regional"},"geometry":{"type":"LineString","coordinates":[[138.482203,-35.174812],[138.482159,-35.174867],[138.482134,-35.174915],[138.482131,-35.174927],[138.482116,-35.174984]]}},{"type":"Feature","properties":{"tier":"regional"},"geometry":{"type":"LineString","coordinates":[[138.482059,-35.180755],[138.482009,-35.180886],[138.482,-35.180929],[138.481802,-35.18181],[138.481671,-35.182397],[138.48164,-35.18254],[138.481438,-35.183423],[138.481405,-35.183566],[138.481337,-35.183863],[138.481317,-35.183956]]}},{"type":"Feature","properties":{"tier":"regional"},"geometry":{"type":"LineString","coordinates":[[138.480163,-35.187014],[138.479769,-35.187034],[138.479663,-35.187037],[138.479461,-35.187032]]}},{"type":"Feature","properties":{"tier":"regional"},"geometry":{"type":"LineString","coordinates":[[138.479461,-35.187032],[138.479736,-35.186975],[138.479767,-35.186971],[138.479865,-35.18696],[138.480105,-35.186952],[138.480205,-35.186947]]}},{"type":"Feature","properties":{"tier":"regional"},"geometry":{"type":"LineString","coordinates":[[138.482091,-35.180555],[138.482155,-35.180569],[138.482352,-35.18059],[138.482401,-35.180589],[138.482656,-35.180585],[138.482873,-35.180573],[138.48338,-35.180545],[138.483797,-35.180528],[138.483897,-35.180527],[138.483955,-35.180558]]}},{"type":"Feature","properties":{"tier":"regional"},"geometry":{"type":"LineString","coordinates":[[138.483955,-35.180558],[138.48389,-35.180577],[138.483793,-35.18058],[138.483399,-35.180598],[138.48292,-35.180635],[138.482804,-35.180644],[138.482527,-35.180666],[138.482403,-35.180676]]}},{"type":"Feature","properties":{"tier":"regional"},"geometry":{"type":"LineString","coordinates":[[138.481165,-35.185021],[138.481136,-35.185056],[138.481082,-35.185083],[138.481054,-35.185085]]}},{"type":"Feature","properties":{"tier":"regional"},"geometry":{"type":"LineString","coordinates":[[138.481869,-35.180739],[138.481829,-35.180689],[138.481819,-35.180647],[138.481834,-35.18059],[138.481863,-35.180555],[138.48187,-35.18055]]}},{"type":"Feature","properties":{"tier":"regional"},"geometry":{"type":"LineString","coordinates":[[138.481929,-35.178631],[138.481887,-35.178652],[138.481844,-35.178658],[138.481792,-35.178649],[138.481773,-35.178639]]}},{"type":"Feature","properties":{"tier":"regional"},"geometry":{"type":"LineString","coordinates":[[138.481767,-35.176617],[138.481736,-35.176633],[138.481692,-35.176639],[138.48164,-35.17663],[138.481621,-35.17662]]}},{"type":"Feature","properties":{"tier":"regional"},"geometry":{"type":"LineString","coordinates":[[138.482218,-35.174656],[138.482245,-35.17469],[138.482255,-35.17473],[138.482247,-35.174767],[138.482218,-35.174804],[138.482213,-35.174807],[138.482203,-35.174812]]}},{"type":"Feature","properties":{"tier":"regional"},"geometry":{"type":"LineString","coordinates":[[138.482658,-35.17198],[138.482646,-35.171982],[138.482594,-35.171973],[138.482575,-35.171962],[138.482556,-35.171951],[138.482541,-35.171935]]}},{"type":"Feature","properties":{"tier":"regional"},"geometry":{"type":"LineString","coordinates":[[138.479264,-35.176703],[138.479243,-35.176727],[138.479214,-35.176744]]}},{"type":"Feature","properties":{"tier":"regional"},"geometry":{"type":"LineString","coordinates":[[138.482459,-35.172925],[138.482492,-35.172906],[138.482505,-35.172902],[138.482527,-35.172896],[138.48255,-35.172895],[138.482565,-35.172898]]}},{"type":"Feature","properties":{"tier":"regional"},"geometry":{"type":"LineString","coordinates":[[138.477402,-35.176722],[138.477388,-35.176706],[138.477364,-35.176667],[138.477331,-35.176595],[138.477304,-35.176545],[138.477266,-35.176489],[138.477208,-35.176425],[138.47716,-35.176378],[138.477135,-35.176353],[138.477058,-35.17629],[138.477008,-35.176248],[138.476938,-35.176208],[138.476899,-35.176191],[138.476843,-35.176172],[138.47678,-35.176152],[138.476732,-35.176143],[138.476661,-35.176137]]}},{"type":"Feature","properties":{"tier":"regional"},"geometry":{"type":"LineString","coordinates":[[138.479459,-35.176681],[138.479442,-35.176682],[138.47939,-35.176685],[138.479372,-35.176687],[138.479264,-35.176703]]}},{"type":"Feature","properties":{"tier":"regional"},"geometry":{"type":"LineString","coordinates":[[138.476661,-35.176137],[138.47665,-35.176138],[138.476449,-35.176142],[138.476408,-35.176143]]}},{"type":"Feature","properties":{"tier":"regional"},"geometry":{"type":"LineString","coordinates":[[138.481837,-35.172214],[138.481878,-35.172177],[138.482024,-35.172035],[138.482086,-35.171986],[138.482151,-35.171946],[138.482229,-35.171911],[138.482302,-35.171885]]}},{"type":"Feature","properties":{"tier":"regional"},"geometry":{"type":"LineString","coordinates":[[138.482541,-35.171935],[138.482434,-35.171922],[138.48239,-35.171921],[138.482347,-35.171928],[138.482302,-35.171941]]}},{"type":"Feature","properties":{"tier":"regional"},"geometry":{"type":"LineString","coordinates":[[138.481709,-35.172368],[138.481755,-35.172327]]}},{"type":"Feature","properties":{"tier":"regional"},"geometry":{"type":"LineString","coordinates":[[138.482429,-35.173027],[138.482352,-35.172998],[138.482241,-35.17296]]}},{"type":"Feature","properties":{"tier":"regional"},"geometry":{"type":"LineString","coordinates":[[138.478935,-35.180808],[138.479132,-35.1808],[138.479499,-35.18078]]}},{"type":"Feature","properties":{"tier":"regional"},"geometry":{"type":"LineString","coordinates":[[138.479499,-35.18078],[138.479767,-35.180764]]}},{"type":"Feature","properties":{"tier":"arterial"},"geometry":{"type":"LineString","coordinates":[[138.476094,-35.171424],[138.476121,-35.171454],[138.476133,-35.171489],[138.47613,-35.171526],[138.476112,-35.17156]]}},{"type":"Feature","properties":{"tier":"regional"},"geometry":{"type":"LineString","coordinates":[[138.477501,-35.171555],[138.47708,-35.171477],[138.477035,-35.171474],[138.476986,-35.171475],[138.476842,-35.171483],[138.476673,-35.17149],[138.476449,-35.171501]]}},{"type":"Feature","properties":{"tier":"regional"},"geometry":{"type":"LineString","coordinates":[[138.479671,-35.171875],[138.479753,-35.171901],[138.479791,-35.171911],[138.479821,-35.171919],[138.479874,-35.171929]]}},{"type":"Feature","properties":{"tier":"regional"},"geometry":{"type":"LineString","coordinates":[[138.479285,-35.171877],[138.478727,-35.171776],[138.478042,-35.171651]]}},{"type":"Feature","properties":{"tier":"regional"},"geometry":{"type":"LineString","coordinates":[[138.478053,-35.171598],[138.478095,-35.171606],[138.47874,-35.171723],[138.479321,-35.171826]]}},{"type":"Feature","properties":{"tier":"regional"},"geometry":{"type":"LineString","coordinates":[[138.477724,-35.171518],[138.477735,-35.171511],[138.477777,-35.171503],[138.477809,-35.171507],[138.47784,-35.171523],[138.477859,-35.171546]]}},{"type":"Feature","properties":{"tier":"regional"},"geometry":{"type":"LineString","coordinates":[[138.479653,-35.171957],[138.479623,-35.171973],[138.479608,-35.171976],[138.479589,-35.171979],[138.479552,-35.171973],[138.479524,-35.171957],[138.47951,-35.17194],[138.479506,-35.171926]]}},{"type":"Feature","properties":{"tier":"regional"},"geometry":{"type":"LineString","coordinates":[[138.479214,-35.176744],[138.479185,-35.176751],[138.479172,-35.176751],[138.479143,-35.176748],[138.4791,-35.176727],[138.479092,-35.176716],[138.479077,-35.176698],[138.479071,-35.176669],[138.479077,-35.17664],[138.47909,-35.176624],[138.4791,-35.17661],[138.479111,-35.176602],[138.479132,-35.176593],[138.479172,-35.176586],[138.479217,-35.176594],[138.479244,-35.17661],[138.479252,-35.176617],[138.479256,-35.176625],[138.47927,-35.176647],[138.479273,-35.176669],[138.479264,-35.176703]]}},{"type":"Feature","properties":{"tier":"regional"},"geometry":{"type":"LineString","coordinates":[[138.490648,-35.11727],[138.490732,-35.11727],[138.491165,-35.117283],[138.491396,-35.117288],[138.492322,-35.117331]]}},{"type":"Feature","properties":{"tier":"regional"},"geometry":{"type":"LineString","coordinates":[[138.489137,-35.1804],[138.488747,-35.18042],[138.488199,-35.180448]]}},{"type":"Feature","properties":{"tier":"regional"},"geometry":{"type":"LineString","coordinates":[[138.48961,-35.180318],[138.489696,-35.180338],[138.489814,-35.180354],[138.489936,-35.180356]]}},{"type":"Feature","properties":{"tier":"regional"},"geometry":{"type":"LineString","coordinates":[[138.489399,-35.18044],[138.48932,-35.180414],[138.489289,-35.180411],[138.489137,-35.1804]]}},{"type":"Feature","properties":{"tier":"regional"},"geometry":{"type":"LineString","coordinates":[[138.485092,-35.176255],[138.485136,-35.176251],[138.485159,-35.176254],[138.485208,-35.176273],[138.485236,-35.176298],[138.485256,-35.176346],[138.485246,-35.176394],[138.485216,-35.17643],[138.485176,-35.176451],[138.485113,-35.176457],[138.485069,-35.176445],[138.48505,-35.176434],[138.485021,-35.176407],[138.485005,-35.176371],[138.485011,-35.176318],[138.485042,-35.176279],[138.485067,-35.176264],[138.485092,-35.176255]]}},{"type":"Feature","properties":{"tier":"arterial"},"geometry":{"type":"LineString","coordinates":[[138.475776,-35.16763],[138.475786,-35.167534],[138.475778,-35.167508],[138.475699,-35.167235],[138.475687,-35.167191],[138.47562,-35.166943],[138.475588,-35.166692],[138.475568,-35.166279],[138.475538,-35.16583],[138.475497,-35.165405],[138.475478,-35.16518],[138.475428,-35.164473],[138.475375,-35.163716],[138.475342,-35.16341],[138.475302,-35.162802],[138.475221,-35.16186],[138.475198,-35.161601],[138.475182,-35.161417],[138.475154,-35.160987],[138.475096,-35.160354],[138.475084,-35.160161],[138.475033,-35.159475],[138.47501,-35.159338]]}},{"type":"Feature","properties":{"tier":"arterial"},"geometry":{"type":"LineString","coordinates":[[138.476824,-35.180581],[138.476838,-35.180768],[138.476841,-35.180807],[138.476842,-35.180816],[138.476848,-35.180888]]}},{"type":"Feature","properties":{"tier":"arterial"},"geometry":{"type":"LineString","coordinates":[[138.475999,-35.171785],[138.475984,-35.171714],[138.475981,-35.171699],[138.475939,-35.17159]]}},{"type":"Feature","properties":{"tier":"arterial"},"geometry":{"type":"LineString","coordinates":[[138.476019,-35.171222],[138.476025,-35.171298],[138.476029,-35.171311],[138.476056,-35.171404]]}},{"type":"Feature","properties":{"tier":"regional"},"geometry":{"type":"LineString","coordinates":[[138.482555,-35.171794],[138.482573,-35.171723],[138.48258,-35.171657],[138.482577,-35.171641],[138.482573,-35.17162],[138.482552,-35.171417],[138.482528,-35.171363],[138.482469,-35.17124],[138.482362,-35.171036],[138.482107,-35.170564],[138.482074,-35.170507],[138.481942,-35.170281]]}},{"type":"Feature","properties":{"tier":"regional"},"geometry":{"type":"LineString","coordinates":[[138.482036,-35.170249],[138.482155,-35.170462],[138.482194,-35.170531],[138.482448,-35.170985],[138.482469,-35.171022],[138.48252,-35.171114],[138.48255,-35.171167],[138.482597,-35.17126],[138.482636,-35.171348],[138.482658,-35.17145],[138.482666,-35.171594],[138.48267,-35.171621],[138.482674,-35.171646],[138.482686,-35.171734],[138.482705,-35.171785]]}},{"type":"Feature","properties":{"tier":"regional"},"geometry":{"type":"LineString","coordinates":[[138.482526,-35.173268],[138.482474,-35.173511],[138.482428,-35.17373],[138.482308,-35.17419],[138.482274,-35.174321],[138.482257,-35.174388],[138.482237,-35.174464]]}},{"type":"Feature","properties":{"tier":"regional"},"geometry":{"type":"LineString","coordinates":[[138.482152,-35.174451],[138.482322,-35.173716],[138.482438,-35.173259]]}},{"type":"Feature","properties":{"tier":"regional"},"geometry":{"type":"LineString","coordinates":[[138.482302,-35.171885],[138.482322,-35.17188],[138.482358,-35.171869],[138.482535,-35.17183]]}},{"type":"Feature","properties":{"tier":"regional"},"geometry":{"type":"LineString","coordinates":[[138.482237,-35.174464],[138.482224,-35.174531],[138.482218,-35.174582],[138.482218,-35.174656]]}},{"type":"Feature","properties":{"tier":"regional"},"geometry":{"type":"LineString","coordinates":[[138.482438,-35.173259],[138.482445,-35.173222],[138.482449,-35.173195],[138.482457,-35.173145],[138.482459,-35.173073]]}},{"type":"Feature","properties":{"tier":"regional"},"geometry":{"type":"LineString","coordinates":[[138.482302,-35.171941],[138.482233,-35.171969],[138.482162,-35.172002],[138.48211,-35.172036],[138.482055,-35.172082]]}},{"type":"Feature","properties":{"tier":"regional"},"geometry":{"type":"LineString","coordinates":[[138.481755,-35.172327],[138.481773,-35.17234],[138.481802,-35.172366],[138.481834,-35.1724],[138.481865,-35.172442],[138.481894,-35.172495],[138.481944,-35.172609],[138.481957,-35.17264],[138.48198,-35.172683],[138.482004,-35.172719],[138.482024,-35.172744],[138.48203,-35.17275],[138.482055,-35.172777],[138.48209,-35.172808],[138.482116,-35.172829],[138.482154,-35.172854],[138.482216,-35.172886]]}},{"type":"Feature","properties":{"tier":"regional"},"geometry":{"type":"LineString","coordinates":[[138.47987,-35.171986],[138.479825,-35.171976],[138.479785,-35.171969],[138.479777,-35.171967],[138.479724,-35.171962],[138.479653,-35.171957]]}},{"type":"Feature","properties":{"tier":"regional"},"geometry":{"type":"LineString","coordinates":[[138.482667,-35.172959],[138.482777,-35.173003],[138.482804,-35.173007],[138.482861,-35.173015]]}},{"type":"Feature","properties":{"tier":"regional"},"geometry":{"type":"LineString","coordinates":[[138.482885,-35.173079],[138.482799,-35.173065],[138.482768,-35.17306],[138.482709,-35.173063],[138.482639,-35.173073]]}},{"type":"Feature","properties":{"tier":"regional"},"geometry":{"type":"LineString","coordinates":[[138.482861,-35.173015],[138.483131,-35.173061],[138.483194,-35.173089],[138.483302,-35.173177],[138.483492,-35.173349],[138.483604,-35.173451],[138.483854,-35.173682],[138.484898,-35.174647],[138.484933,-35.174679],[138.484986,-35.174756],[138.485006,-35.174847],[138.48506,-35.175441],[138.485071,-35.175561],[138.485109,-35.176114]]}},{"type":"Feature","properties":{"tier":"regional"},"geometry":{"type":"LineString","coordinates":[[138.485036,-35.176147],[138.484992,-35.175565],[138.484983,-35.175446],[138.484939,-35.17484],[138.484922,-35.174781],[138.484856,-35.174696],[138.484848,-35.174689],[138.483735,-35.173656]]}},{"type":"Feature","properties":{"tier":"regional"},"geometry":{"type":"LineString","coordinates":[[138.481706,-35.176257],[138.481811,-35.175822],[138.482019,-35.174979]]}},{"type":"Feature","properties":{"tier":"regional"},"geometry":{"type":"LineString","coordinates":[[138.482116,-35.174984],[138.481923,-35.175832],[138.481807,-35.176274]]}},{"type":"Feature","properties":{"tier":"regional"},"geometry":{"type":"LineString","coordinates":[[138.481807,-35.176274],[138.481788,-35.176347],[138.481782,-35.176381],[138.481782,-35.176462]]}},{"type":"Feature","properties":{"tier":"regional"},"geometry":{"type":"LineString","coordinates":[[138.48166,-35.176799],[138.481657,-35.176766],[138.481653,-35.176739],[138.481647,-35.176693],[138.481621,-35.17662]]}},{"type":"Feature","properties":{"tier":"regional"},"geometry":{"type":"LineString","coordinates":[[138.481771,-35.178248],[138.481743,-35.177853],[138.481704,-35.177365],[138.481694,-35.177233],[138.48166,-35.176799]]}},{"type":"Feature","properties":{"tier":"regional"},"geometry":{"type":"LineString","coordinates":[[138.482019,-35.174979],[138.482029,-35.174936],[138.482031,-35.174923],[138.482037,-35.17487],[138.482037,-35.174804]]}},{"type":"Feature","properties":{"tier":"arterial"},"geometry":{"type":"LineString","coordinates":[[138.456439,-35.308255],[138.456311,-35.308262],[138.455995,-35.308277],[138.45546,-35.308304],[138.453561,-35.308399],[138.451739,-35.30849]]}},{"type":"Feature","properties":{"tier":"high"},"geometry":{"type":"LineString","coordinates":[[138.476703,-35.277653],[138.476969,-35.277604],[138.477189,-35.27757],[138.477315,-35.27753]]}},{"type":"Feature","properties":{"tier":"regional"},"geometry":{"type":"LineString","coordinates":[[138.482241,-35.17296],[138.48221,-35.172948],[138.482154,-35.172922],[138.482108,-35.172896],[138.482072,-35.172871],[138.482042,-35.172848],[138.482026,-35.172834],[138.481996,-35.172806],[138.481968,-35.172776],[138.48194,-35.17274],[138.481917,-35.172708],[138.481895,-35.172665]]}},{"type":"Feature","properties":{"tier":"regional"},"geometry":{"type":"LineString","coordinates":[[138.482216,-35.172886],[138.482279,-35.172911],[138.482346,-35.172924],[138.482459,-35.172925]]}},{"type":"Feature","properties":{"tier":"arterial"},"geometry":{"type":"LineString","coordinates":[[138.356087,-35.46706],[138.356116,-35.46721]]}},{"type":"Feature","properties":{"tier":"arterial"},"geometry":{"type":"LineString","coordinates":[[138.35715,-35.469856],[138.357204,-35.470876],[138.357388,-35.471396],[138.357674,-35.471849],[138.358236,-35.472513],[138.358346,-35.472643],[138.359269,-35.473589],[138.359916,-35.474133],[138.361102,-35.475037],[138.36185,-35.476326],[138.362218,-35.476764],[138.363242,-35.477563],[138.364345,-35.478121],[138.365577,-35.478546],[138.365883,-35.478592],[138.365985,-35.478596],[138.366144,-35.478594],[138.366328,-35.478574],[138.366549,-35.478544],[138.366756,-35.478516],[138.366974,-35.478487],[138.36721,-35.478456],[138.367473,-35.478431],[138.36764,-35.478426],[138.367791,-35.478426],[138.368237,-35.47846],[138.370172,-35.478858],[138.371469,-35.479397],[138.37337,-35.480598],[138.375833,-35.482109],[138.376175,-35.482433],[138.376996,-35.483689],[138.37812,-35.485344],[138.378324,-35.485725],[138.378661,-35.488107],[138.378787,-35.488521],[138.37909,-35.488951],[138.380298,-35.490033],[138.381762,-35.491303],[138.382885,-35.492174],[138.383136,-35.492332],[138.383376,-35.492424],[138.384028,-35.492612],[138.385,-35.492844],[138.385695,-35.492946],[138.386984,-35.492816],[138.388244,-35.4926],[138.388899,-35.492535],[138.390119,-35.49273],[138.390799,-35.492778],[138.390965,-35.492826],[138.391132,-35.492883],[138.392462,-35.493796],[138.392939,-35.494197],[138.393178,-35.4946],[138.393251,-35.494943],[138.393063,-35.495503],[138.3931,-35.495791],[138.393228,-35.496071],[138.393557,-35.496332],[138.394362,-35.496904],[138.394967,-35.497372],[138.395328,-35.497945],[138.395752,-35.498391],[138.397133,-35.498682],[138.402012,-35.499663],[138.402874,-35.50002]]}},{"type":"Feature","properties":{"tier":"arterial"},"geometry":{"type":"LineString","coordinates":[[138.423617,-35.50002],[138.42422,-35.499445],[138.424874,-35.498564],[138.425408,-35.498275],[138.425946,-35.498091],[138.426523,-35.497945],[138.426565,-35.497934],[138.427452,-35.497793],[138.428909,-35.497562],[138.429955,-35.497445],[138.430678,-35.497363],[138.431275,-35.497493],[138.431782,-35.497624],[138.432393,-35.497867],[138.433155,-35.498261],[138.434227,-35.498901],[138.434752,-35.499159],[138.435295,-35.499323],[138.436667,-35.499521],[138.437258,-35.499456],[138.437767,-35.499162],[138.43866,-35.498482],[138.438841,-35.498325],[138.439684,-35.497776],[138.440631,-35.497252],[138.441196,-35.496995]]}},{"type":"Feature","properties":{"tier":"regional"},"geometry":{"type":"LineString","coordinates":[[138.308715,-35.445672],[138.308764,-35.445675],[138.308799,-35.445681],[138.308965,-35.445739],[138.309013,-35.445756],[138.309064,-35.445774],[138.309123,-35.445795],[138.309354,-35.445871],[138.309745,-35.445953],[138.309896,-35.445971],[138.309998,-35.445974],[138.310113,-35.445967],[138.310268,-35.445946],[138.310383,-35.44593],[138.310601,-35.445881],[138.310824,-35.445818],[138.310949,-35.445791],[138.311634,-35.445647],[138.312288,-35.445509],[138.31316,-35.445322],[138.313191,-35.445315],[138.313875,-35.445168],[138.31457,-35.445023],[138.314914,-35.444954],[138.315835,-35.444767],[138.315964,-35.44475],[138.316092,-35.444741]]}},{"type":"Feature","properties":{"tier":"regional"},"geometry":{"type":"LineString","coordinates":[[138.472192,-35.162288],[138.472224,-35.162278],[138.472258,-35.162278],[138.47229,-35.162288],[138.472316,-35.162306],[138.472332,-35.16233],[138.472337,-35.162357],[138.47233,-35.162384],[138.472313,-35.162407],[138.472272,-35.162429],[138.472223,-35.162432],[138.472179,-35.162415],[138.472151,-35.162382],[138.472147,-35.162343],[138.472166,-35.162306],[138.472192,-35.162288]]}},{"type":"Feature","properties":{"tier":"arterial"},"geometry":{"type":"LineString","coordinates":[[138.487429,-35.130344],[138.487416,-35.130239]]}},{"type":"Feature","properties":{"tier":"arterial"},"geometry":{"type":"LineString","coordinates":[[138.456073,-35.494446],[138.45622,-35.494409],[138.456841,-35.494227],[138.457273,-35.494019],[138.45768,-35.493783],[138.458226,-35.493428],[138.459713,-35.492402],[138.460427,-35.49203],[138.460747,-35.491878],[138.460816,-35.491846],[138.460862,-35.491824],[138.461275,-35.491627],[138.461883,-35.49137],[138.462515,-35.49085],[138.463213,-35.490202],[138.463994,-35.489856]]}},{"type":"Feature","properties":{"tier":"arterial"},"geometry":{"type":"LineString","coordinates":[[138.473877,-35.492138],[138.480608,-35.492889]]}},{"type":"Feature","properties":{"tier":"arterial"},"geometry":{"type":"LineString","coordinates":[[138.487299,-35.190974],[138.486791,-35.191005],[138.486566,-35.191025],[138.486537,-35.191028],[138.485603,-35.191146],[138.485484,-35.191161],[138.485081,-35.191233],[138.484551,-35.19134]]}},{"type":"Feature","properties":{"tier":"regional"},"geometry":{"type":"LineString","coordinates":[[138.477413,-35.201441],[138.477514,-35.201506],[138.477721,-35.201629],[138.477869,-35.201702],[138.478044,-35.201739],[138.478154,-35.201753],[138.478171,-35.201753]]}},{"type":"Feature","properties":{"tier":"regional"},"geometry":{"type":"LineString","coordinates":[[138.472476,-35.16358],[138.472417,-35.162825],[138.472398,-35.162564],[138.47237,-35.16249],[138.472313,-35.162407]]}},{"type":"Feature","properties":{"tier":"regional"},"geometry":{"type":"LineString","coordinates":[[138.475762,-35.199725],[138.475831,-35.199819],[138.476013,-35.200064],[138.476275,-35.200407],[138.476438,-35.200615],[138.476644,-35.200862],[138.476964,-35.201159],[138.477173,-35.201293],[138.477318,-35.201378],[138.477413,-35.201441]]}},{"type":"Feature","properties":{"tier":"regional"},"geometry":{"type":"LineString","coordinates":[[138.471164,-35.165453],[138.471295,-35.165319],[138.472038,-35.164651],[138.472191,-35.164494],[138.472346,-35.164346],[138.472466,-35.16414],[138.472503,-35.163969],[138.472492,-35.163809],[138.472483,-35.163684],[138.472476,-35.16358]]}},{"type":"Feature","properties":{"tier":"regional"},"geometry":{"type":"LineString","coordinates":[[138.330286,-35.4244],[138.330248,-35.424416],[138.330116,-35.424463],[138.329907,-35.424543],[138.329694,-35.42463],[138.329477,-35.42474],[138.329175,-35.424901],[138.329065,-35.424965],[138.328957,-35.425052],[138.328793,-35.425201],[138.328506,-35.425471],[138.328306,-35.425654],[138.327874,-35.426055],[138.327662,-35.426271],[138.327596,-35.426341],[138.327473,-35.426527],[138.327418,-35.426642],[138.32735,-35.426776],[138.327294,-35.426891],[138.327231,-35.427017],[138.327177,-35.427128],[138.327122,-35.427242],[138.327046,-35.427402],[138.326923,-35.427641],[138.326809,-35.427861],[138.326754,-35.427971],[138.326701,-35.428075],[138.326551,-35.428373],[138.326391,-35.428687],[138.326207,-35.429053],[138.326051,-35.429365],[138.325864,-35.429757],[138.325764,-35.429964],[138.325713,-35.430072],[138.325622,-35.43025],[138.325455,-35.430569],[138.325271,-35.430924],[138.325105,-35.431246],[138.325057,-35.431325],[138.325015,-35.431401],[138.324962,-35.431472],[138.324869,-35.431586],[138.324695,-35.431807],[138.324623,-35.43189]]}},{"type":"Feature","properties":{"tier":"regional"},"geometry":{"type":"LineString","coordinates":[[138.336841,-35.426151],[138.336722,-35.426159],[138.336667,-35.426164],[138.336565,-35.426161],[138.336453,-35.426165],[138.336266,-35.426166],[138.336097,-35.426147],[138.33595,-35.426119],[138.33573,-35.426076],[138.335536,-35.426028],[138.335368,-35.425983],[138.335179,-35.42593],[138.334556,-35.425733],[138.334285,-35.425684],[138.333827,-35.425649],[138.333529,-35.425613],[138.333308,-35.425581],[138.333179,-35.425557],[138.333015,-35.425513],[138.332851,-35.425466],[138.332714,-35.425417],[138.332573,-35.425366],[138.332374,-35.425268]]}},{"type":"Feature","properties":{"tier":"regional"},"geometry":{"type":"LineString","coordinates":[[138.461744,-35.326534],[138.461875,-35.328427],[138.461862,-35.32847],[138.461835,-35.328509],[138.461775,-35.328578],[138.461707,-35.328655],[138.461688,-35.328725],[138.461686,-35.328754],[138.461678,-35.328853],[138.461674,-35.328911]]}},{"type":"Feature","properties":{"tier":"regional"},"geometry":{"type":"LineString","coordinates":[[138.48699,-35.178684],[138.48703,-35.178663],[138.487084,-35.178624],[138.487193,-35.178551],[138.48722,-35.178514],[138.48723,-35.178474],[138.487222,-35.178444],[138.487204,-35.178413],[138.487179,-35.17839],[138.487148,-35.178361],[138.487002,-35.178231],[138.486807,-35.178053],[138.486606,-35.177869],[138.486256,-35.177545],[138.48592,-35.177236],[138.485848,-35.177168],[138.485554,-35.176904],[138.485252,-35.176618]]}},{"type":"Feature","properties":{"tier":"regional"},"geometry":{"type":"LineString","coordinates":[[138.485314,-35.176587],[138.485386,-35.176655],[138.485608,-35.176861]]}},{"type":"Feature","properties":{"tier":"regional"},"geometry":{"type":"LineString","coordinates":[[138.485903,-35.177127],[138.486308,-35.177507],[138.486738,-35.177903],[138.486862,-35.178012],[138.487064,-35.178191],[138.487237,-35.178349],[138.487295,-35.178401],[138.487321,-35.178435],[138.487328,-35.178485],[138.487307,-35.178525],[138.487258,-35.178573],[138.487236,-35.178592],[138.487141,-35.178663],[138.487106,-35.178689],[138.487025,-35.178733]]}},{"type":"Feature","properties":{"tier":"arterial"},"geometry":{"type":"LineString","coordinates":[[138.476085,-35.171583],[138.476072,-35.171706],[138.476062,-35.171796]]}},{"type":"Feature","properties":{"tier":"arterial"},"geometry":{"type":"LineString","coordinates":[[138.475926,-35.171419],[138.475935,-35.17132],[138.475936,-35.171309],[138.475948,-35.171166]]}},{"type":"Feature","properties":{"tier":"regional"},"geometry":{"type":"LineString","coordinates":[[138.476436,-35.171437],[138.476613,-35.171427],[138.476839,-35.171417],[138.476985,-35.171413],[138.477046,-35.171416],[138.477096,-35.171425],[138.477513,-35.171498]]}},{"type":"Feature","properties":{"tier":"high"},"geometry":{"type":"LineString","coordinates":[[138.490752,-35.211856],[138.490715,-35.212496],[138.490775,-35.213161],[138.490837,-35.213744],[138.490995,-35.214299],[138.491297,-35.215222],[138.491661,-35.216325],[138.49185,-35.216707],[138.492085,-35.217266],[138.492255,-35.217796],[138.492335,-35.218225],[138.492414,-35.218786],[138.49248,-35.219685],[138.492556,-35.220879],[138.492641,-35.221823]]}},{"type":"Feature","properties":{"tier":"regional"},"geometry":{"type":"LineString","coordinates":[[138.324524,-35.431982],[138.324471,-35.432028],[138.324379,-35.432126],[138.324293,-35.432204],[138.32357,-35.432731],[138.323443,-35.432822],[138.323127,-35.433043],[138.322725,-35.43334],[138.322568,-35.433457],[138.322257,-35.433698],[138.321953,-35.43394],[138.321706,-35.434164],[138.321578,-35.4343],[138.321478,-35.434429],[138.321392,-35.434557],[138.321202,-35.434904],[138.321041,-35.435196],[138.320856,-35.435531],[138.320666,-35.435876],[138.320473,-35.436234],[138.32035,-35.436464],[138.316444,-35.443561],[138.31625,-35.443927],[138.316086,-35.444288],[138.316069,-35.444414],[138.316072,-35.444559],[138.316092,-35.444741]]}},{"type":"Feature","properties":{"tier":"regional"},"geometry":{"type":"LineString","coordinates":[[138.324623,-35.43189],[138.324524,-35.431982]]}},{"type":"Feature","properties":{"tier":"regional"},"geometry":{"type":"LineString","coordinates":[[138.489137,-35.1804],[138.489198,-35.180377],[138.489284,-35.18035],[138.489397,-35.180313]]}},{"type":"Feature","properties":{"tier":"regional"},"geometry":{"type":"LineString","coordinates":[[138.489936,-35.180356],[138.489796,-35.180369],[138.489698,-35.180396],[138.489615,-35.180425]]}},{"type":"Feature","properties":{"tier":"arterial"},"geometry":{"type":"LineString","coordinates":[[138.499347,-35.100934],[138.499145,-35.100536],[138.498908,-35.100112],[138.498719,-35.099819],[138.498376,-35.099337],[138.498058,-35.098891],[138.497434,-35.09802],[138.497238,-35.097715],[138.497062,-35.097421],[138.496761,-35.096832],[138.496616,-35.096525],[138.496485,-35.096204],[138.496353,-35.095822],[138.496241,-35.095439],[138.496155,-35.095104],[138.496089,-35.094793],[138.496024,-35.094326],[138.495985,-35.093871],[138.495973,-35.093328],[138.49601,-35.092851],[138.496044,-35.092492],[138.496107,-35.092116],[138.496245,-35.09152],[138.496339,-35.091201],[138.496441,-35.090913],[138.496572,-35.090572],[138.496673,-35.090341],[138.496801,-35.090074],[138.496933,-35.089825],[138.497199,-35.089403]]}},{"type":"Feature","properties":{"tier":"arterial"},"geometry":{"type":"LineString","coordinates":[[138.488259,-35.121417],[138.487953,-35.121994],[138.487721,-35.122521],[138.487598,-35.122788],[138.487515,-35.122972],[138.487213,-35.12362]]}},{"type":"Feature","properties":{"tier":"arterial"},"geometry":{"type":"LineString","coordinates":[[138.498157,-35.127463],[138.498696,-35.127434],[138.499717,-35.127378],[138.50002,-35.127364]]}},{"type":"Feature","properties":{"tier":"arterial"},"geometry":{"type":"LineString","coordinates":[[138.498229,-35.127578],[138.49812,-35.127582]]}},{"type":"Feature","properties":{"tier":"regional"},"geometry":{"type":"LineString","coordinates":[[138.491939,-35.143786],[138.491871,-35.14394],[138.49179,-35.144124]]}},{"type":"Feature","properties":{"tier":"regional"},"geometry":{"type":"LineString","coordinates":[[138.382994,-35.414757],[138.381961,-35.415229],[138.381662,-35.41535],[138.381523,-35.4154],[138.381387,-35.415446],[138.381256,-35.415488],[138.381089,-35.415536],[138.380936,-35.415574],[138.380788,-35.415606],[138.38058,-35.415652],[138.38033,-35.415701],[138.379627,-35.415831],[138.379219,-35.415888],[138.378643,-35.415947],[138.378102,-35.415974],[138.377596,-35.415977],[138.377402,-35.415973],[138.37722,-35.415967],[138.376859,-35.415946],[138.376562,-35.415921],[138.376309,-35.415889],[138.376154,-35.415859],[138.376036,-35.415835],[138.375937,-35.41581],[138.375817,-35.415779],[138.37565,-35.415725],[138.375532,-35.415681],[138.375319,-35.415597],[138.375137,-35.415511],[138.374997,-35.415435],[138.374806,-35.415328],[138.374602,-35.415207],[138.374227,-35.414988],[138.373952,-35.414829],[138.373844,-35.414774],[138.3731,-35.414346],[138.37291,-35.414235],[138.372743,-35.414125],[138.372615,-35.414035],[138.372518,-35.413964],[138.372423,-35.413892],[138.372328,-35.413816],[138.372234,-35.413738],[138.372125,-35.41364],[138.372056,-35.413573],[138.371972,-35.413486],[138.371892,-35.413399],[138.371814,-35.413307],[138.371735,-35.41321],[138.371615,-35.413061],[138.371486,-35.41291],[138.37137,-35.412789],[138.371232,-35.412658],[138.371109,-35.412552],[138.370956,-35.41243],[138.370726,-35.412262],[138.370524,-35.412124],[138.370382,-35.412032],[138.370291,-35.411975],[138.370181,-35.411907],[138.370041,-35.411835],[138.369892,-35.411757],[138.369763,-35.411699],[138.369642,-35.411649],[138.369519,-35.411603],[138.369394,-35.41156],[138.369212,-35.411506],[138.369007,-35.411463],[138.368725,-35.411416],[138.368496,-35.411392],[138.368332,-35.411385],[138.368025,-35.41139],[138.367876,-35.411399],[138.367736,-35.411413],[138.367603,-35.41143],[138.367456,-35.411456],[138.367197,-35.41152],[138.366892,-35.411612],[138.366558,-35.411746],[138.365759,-35.41208],[138.365242,-35.412292],[138.364663,-35.412531],[138.3639,-35.412848],[138.363519,-35.413006],[138.363228,-35.413125],[138.362855,-35.41327],[138.362737,-35.413311],[138.362629,-35.413341],[138.362557,-35.413359],[138.36249,-35.413374],[138.362426,-35.413388],[138.36236,-35.413402],[138.362294,-35.413416],[138.362204,-35.41343],[138.362112,-35.413445],[138.362006,-35.413459],[138.361912,-35.413467],[138.361833,-35.413472],[138.361758,-35.413476],[138.361687,-35.413479],[138.361608,-35.413481],[138.361499,-35.41348],[138.361421,-35.413479],[138.36134,-35.41348],[138.361261,-35.413482],[138.361168,-35.413486],[138.36103,-35.413494],[138.360922,-35.413505],[138.36077,-35.413525],[138.360659,-35.413546],[138.360526,-35.413571],[138.360438,-35.413592],[138.360313,-35.413626],[138.359994,-35.413726],[138.359891,-35.413755],[138.359742,-35.413796],[138.359596,-35.413829],[138.359465,-35.413856],[138.359367,-35.413868],[138.359281,-35.413875],[138.359126,-35.413885],[138.358854,-35.413882],[138.358718,-35.413874],[138.358639,-35.413866],[138.35853,-35.413854],[138.358453,-35.41384],[138.358337,-35.413818],[138.358203,-35.413784],[138.358089,-35.413753],[138.358004,-35.413727],[138.357877,-35.413685],[138.357744,-35.41363],[138.357435,-35.413491],[138.357166,-35.41337],[138.357044,-35.413327],[138.356908,-35.413287],[138.356776,-35.413258],[138.356718,-35.41325],[138.356658,-35.413242],[138.356548,-35.413228],[138.356385,-35.413216],[138.35623,-35.413216],[138.356055,-35.41323],[138.355911,-35.413249],[138.355736,-35.413288],[138.355581,-35.413332],[138.355426,-35.41339],[138.355262,-35.413462],[138.355143,-35.41353],[138.355108,-35.413552],[138.355036,-35.413596],[138.354886,-35.413712],[138.354728,-35.413868],[138.354643,-35.413977],[138.354571,-35.414074],[138.354465,-35.414246],[138.354335,-35.414457],[138.354126,-35.414798],[138.35394,-35.415097],[138.353767,-35.415386],[138.35356,-35.415727],[138.353376,-35.416027],[138.353216,-35.416294],[138.352973,-35.416688],[138.352784,-35.417004],[138.352554,-35.417381],[138.352341,-35.41773],[138.352217,-35.417935],[138.352002,-35.418289],[138.351776,-35.418644],[138.351622,-35.418858],[138.351457,-35.419042],[138.351256,-35.419232],[138.351054,-35.419385],[138.350515,-35.419758],[138.350301,-35.419909],[138.350173,-35.420011],[138.350098,-35.420086],[138.350031,-35.420158],[138.349946,-35.420263],[138.349884,-35.42035],[138.349712,-35.42066],[138.349539,-35.420986],[138.349287,-35.42146],[138.349094,-35.421864],[138.349033,-35.421999],[138.348941,-35.422225],[138.348791,-35.422593],[138.348695,-35.422829],[138.348268,-35.423903],[138.348216,-35.424019],[138.348132,-35.42417],[138.348054,-35.424279],[138.348001,-35.424349],[138.347931,-35.424433],[138.347822,-35.424532],[138.347749,-35.424596],[138.347651,-35.424669],[138.347558,-35.424727],[138.347469,-35.424778],[138.347282,-35.424862],[138.347124,-35.424918],[138.346557,-35.425087],[138.346029,-35.425243],[138.345119,-35.425503],[138.344187,-35.425743],[138.34382,-35.425806],[138.343482,-35.425847],[138.342666,-35.425899],[138.341886,-35.425939],[138.341592,-35.425955],[138.341232,-35.425963],[138.340996,-35.425951],[138.340431,-35.425899],[138.340173,-35.425881],[138.3397,-35.425866],[138.3391,-35.425874],[138.338817,-35.42589],[138.338605,-35.425906],[138.338378,-35.42593],[138.337864,-35.426004],[138.337208,-35.4261],[138.336841,-35.426151]]}},{"type":"Feature","properties":{"tier":"regional"},"geometry":{"type":"LineString","coordinates":[[138.41901,-35.402301],[138.418678,-35.402558],[138.418347,-35.402783],[138.418078,-35.402926],[138.417777,-35.40306],[138.417199,-35.403246],[138.416436,-35.403504],[138.416104,-35.403605],[138.415792,-35.403676],[138.415477,-35.403709],[138.415235,-35.403712],[138.414981,-35.403692],[138.414667,-35.403637],[138.414297,-35.403524],[138.413988,-35.403424],[138.413604,-35.403271],[138.412835,-35.402951],[138.412683,-35.402888],[138.412285,-35.40272],[138.411925,-35.402615],[138.411668,-35.402595],[138.41147,-35.402617],[138.411244,-35.402689],[138.41111,-35.40277],[138.410965,-35.402892],[138.410732,-35.403161],[138.409463,-35.405222],[138.408979,-35.405985],[138.408754,-35.406765],[138.408298,-35.408258],[138.408123,-35.408797],[138.408087,-35.408886],[138.407991,-35.409043],[138.407869,-35.409179],[138.407706,-35.409285]]}},{"type":"Feature","properties":{"tier":"regional"},"geometry":{"type":"LineString","coordinates":[[138.418192,-35.399438],[138.417634,-35.399536],[138.417348,-35.39959],[138.4171,-35.399628],[138.416873,-35.39969],[138.416679,-35.399794],[138.416603,-35.399876],[138.416569,-35.39995],[138.416572,-35.400027],[138.416579,-35.400124],[138.416637,-35.400202],[138.416732,-35.400252],[138.416844,-35.400283],[138.416967,-35.400286],[138.417356,-35.400231],[138.417599,-35.400189],[138.417775,-35.400129],[138.418112,-35.399944],[138.418255,-35.39989],[138.418408,-35.399853],[138.418667,-35.399826],[138.418937,-35.399806],[138.419124,-35.399787],[138.419276,-35.399747],[138.41939,-35.399735],[138.419506,-35.399739],[138.419585,-35.399765]]}},{"type":"Feature","properties":{"tier":"regional"},"geometry":{"type":"LineString","coordinates":[[138.49914,-35.144621],[138.499272,-35.144558],[138.499321,-35.144518],[138.499341,-35.14449],[138.499387,-35.144366]]}},{"type":"Feature","properties":{"tier":"regional"},"geometry":{"type":"LineString","coordinates":[[138.499476,-35.144216],[138.499522,-35.144287],[138.499567,-35.144361],[138.49962,-35.14444],[138.499649,-35.144478],[138.499681,-35.144511],[138.499736,-35.144539]]}},{"type":"Feature","properties":{"tier":"arterial"},"geometry":{"type":"LineString","coordinates":[[138.49812,-35.127582],[138.49807,-35.127584],[138.497685,-35.127601],[138.4969,-35.127639],[138.49591,-35.127685],[138.494618,-35.127747]]}},{"type":"Feature","properties":{"tier":"regional"},"geometry":{"type":"LineString","coordinates":[[138.50002,-35.144616],[138.499869,-35.144663],[138.49972,-35.144726],[138.499667,-35.144769],[138.499616,-35.144809],[138.499593,-35.144882]]}},{"type":"Feature","properties":{"tier":"arterial"},"geometry":{"type":"LineString","coordinates":[[138.486361,-35.125447],[138.486224,-35.125766],[138.486114,-35.126038],[138.486001,-35.126335],[138.485928,-35.126555],[138.485864,-35.126783],[138.485829,-35.126899],[138.485776,-35.127125],[138.485725,-35.127412],[138.485678,-35.127691],[138.485661,-35.127919],[138.485642,-35.128166],[138.485622,-35.128428]]}},{"type":"Feature","properties":{"tier":"arterial"},"geometry":{"type":"LineString","coordinates":[[138.486925,-35.123885],[138.487057,-35.123604]]}},{"type":"Feature","properties":{"tier":"regional"},"geometry":{"type":"LineString","coordinates":[[138.491595,-35.18028],[138.491389,-35.180289],[138.490676,-35.180322],[138.490503,-35.18033],[138.490105,-35.180348],[138.489936,-35.180356]]}},{"type":"Feature","properties":{"tier":"regional"},"geometry":{"type":"LineString","coordinates":[[138.494081,-35.18024],[138.494074,-35.180282],[138.494051,-35.18032],[138.494015,-35.180351],[138.493969,-35.180372],[138.493918,-35.18038],[138.493867,-35.180375],[138.49382,-35.180358],[138.493782,-35.18033],[138.493756,-35.180295],[138.493743,-35.180254],[138.493746,-35.180213],[138.493761,-35.180179],[138.493786,-35.180149],[138.49382,-35.180126],[138.493859,-35.18011],[138.493903,-35.180103],[138.493946,-35.180106],[138.493988,-35.180118],[138.494025,-35.180138],[138.494053,-35.180165],[138.494073,-35.180198],[138.494081,-35.18024]]}},{"type":"Feature","properties":{"tier":"regional"},"geometry":{"type":"LineString","coordinates":[[138.493905,-35.190514],[138.493932,-35.190491],[138.493967,-35.190477],[138.494005,-35.190473],[138.494041,-35.190482],[138.494071,-35.190496],[138.494098,-35.190521]]}},{"type":"Feature","properties":{"tier":"regional"},"geometry":{"type":"LineString","coordinates":[[138.491265,-35.190603],[138.491848,-35.190571],[138.492113,-35.190574],[138.492304,-35.190572],[138.492513,-35.19057],[138.49276,-35.190565]]}},{"type":"Feature","properties":{"tier":"arterial"},"geometry":{"type":"LineString","coordinates":[[138.490291,-35.19076],[138.490188,-35.190767]]}},{"type":"Feature","properties":{"tier":"high"},"geometry":{"type":"LineString","coordinates":[[138.490291,-35.19076],[138.490303,-35.190809],[138.490316,-35.190926]]}},{"type":"Feature","properties":{"tier":"high"},"geometry":{"type":"LineString","coordinates":[[138.490279,-35.190663],[138.490291,-35.19076]]}},{"type":"Feature","properties":{"tier":"regional"},"geometry":{"type":"LineString","coordinates":[[138.490167,-35.190675],[138.490279,-35.190663]]}},{"type":"Feature","properties":{"tier":"arterial"},"geometry":{"type":"LineString","coordinates":[[138.45081,-35.493513],[138.451375,-35.493497],[138.451865,-35.493526],[138.453483,-35.493795],[138.454247,-35.494046],[138.454899,-35.494345]]}},{"type":"Feature","properties":{"tier":"regional"},"geometry":{"type":"LineString","coordinates":[[138.4874,-35.142939],[138.48754,-35.14292],[138.487622,-35.142905],[138.487699,-35.142865],[138.487756,-35.142807],[138.48779,-35.142699],[138.487799,-35.142671]]}},{"type":"Feature","properties":{"tier":"regional"},"geometry":{"type":"LineString","coordinates":[[138.487876,-35.142661],[138.487887,-35.142695],[138.4879,-35.142736],[138.48793,-35.142792],[138.487961,-35.142835],[138.48801,-35.142875],[138.48807,-35.142914],[138.488152,-35.142942],[138.488246,-35.142961]]}},{"type":"Feature","properties":{"tier":"regional"},"geometry":{"type":"LineString","coordinates":[[138.49961,-35.145242],[138.499589,-35.145167],[138.499502,-35.144799],[138.499492,-35.144759],[138.499477,-35.144705],[138.499449,-35.144621],[138.499442,-35.144593]]}},{"type":"Feature","properties":{"tier":"regional"},"geometry":{"type":"LineString","coordinates":[[138.479421,-35.139071],[138.478902,-35.139097],[138.478621,-35.139111],[138.47855,-35.139115],[138.478485,-35.139118],[138.47769,-35.139158]]}},{"type":"Feature","properties":{"tier":"arterial"},"geometry":{"type":"LineString","coordinates":[[138.493609,-35.138292],[138.493785,-35.138283]]}},{"type":"Feature","properties":{"tier":"high"},"geometry":{"type":"LineString","coordinates":[[138.477923,-35.277609],[138.477833,-35.277737],[138.477768,-35.27784]]}},{"type":"Feature","properties":{"tier":"arterial"},"geometry":{"type":"LineString","coordinates":[[138.475618,-35.277777],[138.475396,-35.277819],[138.474612,-35.27804],[138.473995,-35.278199],[138.473341,-35.278316],[138.47208,-35.278378],[138.471475,-35.278393]]}},{"type":"Feature","properties":{"tier":"regional"},"geometry":{"type":"LineString","coordinates":[[138.493988,-35.180118],[138.494155,-35.180112],[138.494293,-35.180106],[138.494594,-35.180078],[138.494732,-35.180065]]}},{"type":"Feature","properties":{"tier":"regional"},"geometry":{"type":"LineString","coordinates":[[138.470364,-35.134774],[138.46983,-35.134651],[138.46974,-35.134625],[138.469682,-35.134595],[138.469656,-35.13457]]}},{"type":"Feature","properties":{"tier":"high"},"geometry":{"type":"LineString","coordinates":[[138.454247,-35.349328],[138.454164,-35.349394],[138.453946,-35.349539],[138.453478,-35.349802],[138.452898,-35.350029],[138.451741,-35.350343],[138.450615,-35.350701],[138.450167,-35.350938],[138.449858,-35.3511],[138.449081,-35.351528],[138.44869,-35.351889],[138.448524,-35.352069]]}},{"type":"Feature","properties":{"tier":"arterial"},"geometry":{"type":"LineString","coordinates":[[138.485948,-35.135494],[138.485927,-35.135239],[138.485908,-35.135002]]}},{"type":"Feature","properties":{"tier":"arterial"},"geometry":{"type":"LineString","coordinates":[[138.486003,-35.136142],[138.485948,-35.135494]]}},{"type":"Feature","properties":{"tier":"high"},"geometry":{"type":"LineString","coordinates":[[138.499024,-35.189948],[138.499126,-35.190058],[138.49922,-35.190129],[138.499416,-35.190236],[138.499577,-35.190338],[138.49975,-35.190462],[138.499906,-35.190586],[138.50002,-35.190688]]}},{"type":"Feature","properties":{"tier":"arterial"},"geometry":{"type":"LineString","coordinates":[[138.476303,-35.175671],[138.476267,-35.175242],[138.476201,-35.174423],[138.47615,-35.173816],[138.476041,-35.172399],[138.475999,-35.171785]]}},{"type":"Feature","properties":{"tier":"arterial"},"geometry":{"type":"LineString","coordinates":[[138.476333,-35.176115],[138.47633,-35.176076],[138.476303,-35.175671]]}},{"type":"Feature","properties":{"tier":"regional"},"geometry":{"type":"LineString","coordinates":[[138.476408,-35.176143],[138.476333,-35.176115]]}},{"type":"Feature","properties":{"tier":"arterial"},"geometry":{"type":"LineString","coordinates":[[138.476398,-35.175883],[138.476404,-35.176077]]}},{"type":"Feature","properties":{"tier":"arterial"},"geometry":{"type":"LineString","coordinates":[[138.476267,-35.174421],[138.476351,-35.175457]]}},{"type":"Feature","properties":{"tier":"high"},"geometry":{"type":"LineString","coordinates":[[138.49404,-35.182536],[138.494147,-35.18238],[138.494305,-35.182148]]}},{"type":"Feature","properties":{"tier":"high"},"geometry":{"type":"LineString","coordinates":[[138.492602,-35.184576],[138.492815,-35.18428]]}},{"type":"Feature","properties":{"tier":"high"},"geometry":{"type":"LineString","coordinates":[[138.492943,-35.184311],[138.492708,-35.184638]]}},{"type":"Feature","properties":{"tier":"high"},"geometry":{"type":"LineString","coordinates":[[138.494021,-35.182804],[138.493946,-35.182913],[138.493853,-35.183039]]}},{"type":"Feature","properties":{"tier":"arterial"},"geometry":{"type":"LineString","coordinates":[[138.477277,-35.187941],[138.477257,-35.187685],[138.477252,-35.187563],[138.477246,-35.18749]]}},{"type":"Feature","properties":{"tier":"arterial"},"geometry":{"type":"LineString","coordinates":[[138.477357,-35.188927],[138.477309,-35.188352]]}},{"type":"Feature","properties":{"tier":"arterial"},"geometry":{"type":"LineString","coordinates":[[138.477391,-35.188347],[138.477418,-35.188747],[138.477432,-35.189044]]}},{"type":"Feature","properties":{"tier":"arterial"},"geometry":{"type":"LineString","coordinates":[[138.477286,-35.186904],[138.477302,-35.187046],[138.477304,-35.187068],[138.477311,-35.187151]]}},{"type":"Feature","properties":{"tier":"arterial"},"geometry":{"type":"LineString","coordinates":[[138.477069,-35.18557],[138.477025,-35.185122],[138.477022,-35.185096]]}},{"type":"Feature","properties":{"tier":"arterial"},"geometry":{"type":"LineString","coordinates":[[138.477108,-35.185965],[138.477069,-35.18557]]}},{"type":"Feature","properties":{"tier":"arterial"},"geometry":{"type":"LineString","coordinates":[[138.477133,-35.18548],[138.477203,-35.186033]]}},{"type":"Feature","properties":{"tier":"arterial"},"geometry":{"type":"LineString","coordinates":[[138.477966,-35.195901],[138.477938,-35.196062]]}},{"type":"Feature","properties":{"tier":"arterial"},"geometry":{"type":"LineString","coordinates":[[138.477938,-35.196062],[138.477876,-35.195453]]}},{"type":"Feature","properties":{"tier":"arterial"},"geometry":{"type":"LineString","coordinates":[[138.478483,-35.203221],[138.478456,-35.203108]]}},{"type":"Feature","properties":{"tier":"arterial"},"geometry":{"type":"LineString","coordinates":[[138.478492,-35.202442],[138.478483,-35.203221]]}},{"type":"Feature","properties":{"tier":"arterial"},"geometry":{"type":"LineString","coordinates":[[138.47854,-35.204051],[138.478588,-35.204365]]}},{"type":"Feature","properties":{"tier":"arterial"},"geometry":{"type":"LineString","coordinates":[[138.478531,-35.204369],[138.47854,-35.204051]]}},{"type":"Feature","properties":{"tier":"arterial"},"geometry":{"type":"LineString","coordinates":[[138.479352,-35.214886],[138.479303,-35.214698]]}},{"type":"Feature","properties":{"tier":"arterial"},"geometry":{"type":"LineString","coordinates":[[138.479366,-35.214697],[138.479352,-35.214886]]}},{"type":"Feature","properties":{"tier":"regional"},"geometry":{"type":"LineString","coordinates":[[138.481502,-35.201677],[138.481732,-35.201643]]}},{"type":"Feature","properties":{"tier":"regional"},"geometry":{"type":"LineString","coordinates":[[138.481773,-35.201698],[138.481502,-35.201677]]}},{"type":"Feature","properties":{"tier":"regional"},"geometry":{"type":"LineString","coordinates":[[138.484392,-35.20153],[138.484249,-35.201567]]}},{"type":"Feature","properties":{"tier":"regional"},"geometry":{"type":"LineString","coordinates":[[138.484254,-35.201515],[138.484392,-35.20153]]}},{"type":"Feature","properties":{"tier":"arterial"},"geometry":{"type":"LineString","coordinates":[[138.476233,-35.14686],[138.47629,-35.146728],[138.476324,-35.146683],[138.476374,-35.146629]]}},{"type":"Feature","properties":{"tier":"arterial"},"geometry":{"type":"LineString","coordinates":[[138.493785,-35.138283],[138.494177,-35.138262]]}},{"type":"Feature","properties":{"tier":"arterial"},"geometry":{"type":"LineString","coordinates":[[138.491581,-35.113602],[138.491651,-35.113453],[138.49172,-35.113311],[138.491847,-35.113083]]}},{"type":"Feature","properties":{"tier":"arterial"},"geometry":{"type":"LineString","coordinates":[[138.496656,-35.108793],[138.496787,-35.108703],[138.497407,-35.10824],[138.497872,-35.107842],[138.498038,-35.107679],[138.4982,-35.107515],[138.49836,-35.107338],[138.498494,-35.107152]]}},{"type":"Feature","properties":{"tier":"regional"},"geometry":{"type":"LineString","coordinates":[[138.481753,-35.130623],[138.481756,-35.130608],[138.481762,-35.130593],[138.481772,-35.130579],[138.481784,-35.130567],[138.481799,-35.130557],[138.481817,-35.13055],[138.481835,-35.130545],[138.481854,-35.130543],[138.481874,-35.130545],[138.481892,-35.130549],[138.48191,-35.130556],[138.481925,-35.130566],[138.481938,-35.130578],[138.481948,-35.130592],[138.481954,-35.130606],[138.481957,-35.130622],[138.481956,-35.130638],[138.481952,-35.130654],[138.481944,-35.130668],[138.481933,-35.130681],[138.481919,-35.130692],[138.481903,-35.130701],[138.481885,-35.130707],[138.481866,-35.13071],[138.481846,-35.13071],[138.481827,-35.130707],[138.481809,-35.130701],[138.481793,-35.130693],[138.481778,-35.130682],[138.481767,-35.130669],[138.481759,-35.130655],[138.481754,-35.130639],[138.481753,-35.130623]]}},{"type":"Feature","properties":{"tier":"high"},"geometry":{"type":"LineString","coordinates":[[138.430793,-35.414701],[138.430694,-35.414851]]}},{"type":"Feature","properties":{"tier":"high"},"geometry":{"type":"LineString","coordinates":[[138.430683,-35.414806],[138.430793,-35.414701]]}},{"type":"Feature","properties":{"tier":"high"},"geometry":{"type":"LineString","coordinates":[[138.4275,-35.416128],[138.427752,-35.41604]]}},{"type":"Feature","properties":{"tier":"high"},"geometry":{"type":"LineString","coordinates":[[138.427794,-35.416068],[138.4275,-35.416128]]}},{"type":"Feature","properties":{"tier":"regional"},"geometry":{"type":"LineString","coordinates":[[138.48647,-35.178747],[138.486337,-35.178753],[138.485989,-35.178774],[138.485902,-35.178756]]}},{"type":"Feature","properties":{"tier":"regional"},"geometry":{"type":"LineString","coordinates":[[138.332374,-35.425268],[138.33219,-35.425161],[138.33178,-35.424909],[138.331625,-35.424817],[138.331444,-35.424727],[138.33131,-35.424667],[138.331174,-35.424614],[138.331006,-35.424551],[138.330826,-35.424493],[138.330655,-35.424445],[138.330575,-35.424425],[138.330513,-35.42441],[138.330453,-35.424402],[138.330388,-35.424399],[138.330286,-35.4244]]}},{"type":"Feature","properties":{"tier":"regional"},"geometry":{"type":"LineString","coordinates":[[138.316092,-35.444741],[138.316168,-35.444943],[138.31628,-35.445126],[138.316428,-35.445292],[138.316643,-35.445465],[138.316814,-35.445595],[138.317139,-35.445825],[138.317261,-35.445935],[138.317329,-35.445997],[138.317527,-35.446307],[138.317585,-35.446402],[138.317834,-35.446785],[138.317991,-35.447026],[138.317998,-35.447038],[138.318252,-35.447452],[138.318307,-35.447542],[138.318352,-35.447638],[138.318431,-35.447713]]}},{"type":"Feature","properties":{"tier":"regional"},"geometry":{"type":"LineString","coordinates":[[138.49276,-35.190565],[138.493103,-35.190544],[138.493281,-35.190541],[138.493337,-35.190543],[138.493449,-35.190548],[138.493731,-35.190553],[138.493797,-35.190543],[138.493852,-35.19053],[138.493905,-35.190514]]}},{"type":"Feature","properties":{"tier":"regional"},"geometry":{"type":"LineString","coordinates":[[138.495352,-35.190464],[138.494754,-35.190505]]}},{"type":"Feature","properties":{"tier":"arterial"},"geometry":{"type":"LineString","coordinates":[[138.446195,-35.289326],[138.446134,-35.289386],[138.446077,-35.289413],[138.445984,-35.289424],[138.445823,-35.289424],[138.445637,-35.289445],[138.445558,-35.28946],[138.445464,-35.289498],[138.445393,-35.289532],[138.445335,-35.28959],[138.445279,-35.28966],[138.445237,-35.289744],[138.445212,-35.289852],[138.44519,-35.289937],[138.445188,-35.290038],[138.44526,-35.290473],[138.445463,-35.291573],[138.445764,-35.293315],[138.445862,-35.293813],[138.445908,-35.293981],[138.44596,-35.294116],[138.446122,-35.294464],[138.446197,-35.294641],[138.446229,-35.294743]]}},{"type":"Feature","properties":{"tier":"high"},"geometry":{"type":"LineString","coordinates":[[138.318431,-35.447713],[138.31823,-35.447776],[138.318187,-35.447789],[138.318041,-35.447834],[138.317834,-35.447927],[138.317551,-35.448105],[138.317431,-35.448193]]}},{"type":"Feature","properties":{"tier":"high"},"geometry":{"type":"LineString","coordinates":[[138.309129,-35.45784],[138.309087,-35.457899]]}},{"type":"Feature","properties":{"tier":"arterial"},"geometry":{"type":"LineString","coordinates":[[138.356116,-35.46721],[138.356317,-35.467746],[138.356543,-35.46821],[138.357053,-35.46928],[138.357116,-35.46947],[138.357155,-35.469698],[138.35715,-35.469856]]}},{"type":"Feature","properties":{"tier":"regional"},"geometry":{"type":"LineString","coordinates":[[138.477311,-35.187151],[138.477363,-35.187149],[138.47742,-35.187146],[138.477516,-35.187141]]}},{"type":"Feature","properties":{"tier":"arterial"},"geometry":{"type":"LineString","coordinates":[[138.3786,-35.50002],[138.378594,-35.499974],[138.378454,-35.49906],[138.37838,-35.498558],[138.378276,-35.497887],[138.378277,-35.497736],[138.378288,-35.497561],[138.378345,-35.497267],[138.378459,-35.49685],[138.378531,-35.496662],[138.378647,-35.496478],[138.378831,-35.496256],[138.379256,-35.495826],[138.380145,-35.494922],[138.381642,-35.493405],[138.3823,-35.492752],[138.382885,-35.492174]]}},{"type":"Feature","properties":{"tier":"high"},"geometry":{"type":"LineString","coordinates":[[138.480131,-35.274505],[138.480071,-35.27459]]}},{"type":"Feature","properties":{"tier":"high"},"geometry":{"type":"LineString","coordinates":[[138.478147,-35.277308],[138.477923,-35.277609]]}},{"type":"Feature","properties":{"tier":"high"},"geometry":{"type":"LineString","coordinates":[[138.479218,-35.275648],[138.47959,-35.275111]]}},{"type":"Feature","properties":{"tier":"arterial"},"geometry":{"type":"LineString","coordinates":[[138.457194,-35.264815],[138.456647,-35.265023],[138.456536,-35.26507],[138.456413,-35.265126],[138.456294,-35.26518],[138.456178,-35.265241],[138.456051,-35.265309],[138.45592,-35.265383],[138.455788,-35.265459],[138.455688,-35.265519],[138.45561,-35.265569],[138.455494,-35.265652],[138.455235,-35.265851],[138.455126,-35.265946],[138.454548,-35.266449],[138.454444,-35.266539],[138.454336,-35.266632],[138.454026,-35.266911],[138.453745,-35.26716],[138.453387,-35.267472],[138.452831,-35.267957],[138.45271,-35.268065],[138.452494,-35.268246],[138.452347,-35.268355],[138.452172,-35.268477],[138.452151,-35.268492],[138.451818,-35.268729],[138.451615,-35.268874],[138.451369,-35.269054],[138.451266,-35.26913],[138.451189,-35.269185],[138.451114,-35.269237],[138.451054,-35.269273],[138.450984,-35.269311],[138.450897,-35.269356],[138.450824,-35.269389],[138.450763,-35.269413],[138.450695,-35.26944],[138.450598,-35.269475],[138.450504,-35.269506],[138.450416,-35.269533],[138.450293,-35.269571],[138.450198,-35.269599],[138.450076,-35.269625],[138.449971,-35.269647],[138.449704,-35.269709],[138.449447,-35.269763],[138.449119,-35.26983],[138.448843,-35.269888],[138.448644,-35.269932],[138.448536,-35.269953],[138.447681,-35.270136],[138.447337,-35.27021],[138.447177,-35.270248],[138.447036,-35.270278],[138.446958,-35.2703],[138.446883,-35.270322],[138.446787,-35.270354],[138.446716,-35.270381],[138.446643,-35.270414],[138.446559,-35.270452],[138.446488,-35.270489],[138.446413,-35.270534],[138.446283,-35.27062],[138.446195,-35.270683],[138.446097,-35.270767],[138.446025,-35.270836],[138.445966,-35.270898],[138.445898,-35.270978],[138.445834,-35.27106],[138.44578,-35.271145],[138.445721,-35.271244],[138.445678,-35.271321],[138.445648,-35.271383],[138.445493,-35.271679],[138.445312,-35.27204],[138.445249,-35.272164],[138.445144,-35.272365],[138.445132,-35.272387],[138.445069,-35.272523],[138.44422,-35.27415],[138.444084,-35.274434],[138.444061,-35.274502],[138.444057,-35.274518],[138.444036,-35.274607],[138.443974,-35.274882],[138.443858,-35.275356],[138.44385,-35.275405],[138.44383,-35.275532],[138.443681,-35.276126],[138.443656,-35.276247],[138.443636,-35.276337],[138.443622,-35.276392],[138.443604,-35.276445],[138.443586,-35.276474],[138.443553,-35.276524],[138.443512,-35.276576],[138.443453,-35.276643],[138.443319,-35.276795],[138.443219,-35.276906],[138.443102,-35.27703],[138.443068,-35.277083],[138.443049,-35.277123],[138.443032,-35.277165],[138.443007,-35.277235],[138.442984,-35.277312],[138.44298,-35.277368],[138.442973,-35.277434],[138.442983,-35.277547],[138.442993,-35.27764],[138.443014,-35.277795],[138.443042,-35.277894],[138.443079,-35.278014],[138.44312,-35.278122],[138.443246,-35.278436],[138.443256,-35.278457],[138.443316,-35.278586],[138.443487,-35.278978],[138.443577,-35.279161],[138.443647,-35.279285],[138.443804,-35.280034],[138.443853,-35.280213],[138.44391,-35.280454],[138.443954,-35.280636],[138.443974,-35.280745],[138.443986,-35.280828],[138.443988,-35.280932],[138.443983,-35.281231],[138.443969,-35.281321],[138.443954,-35.281431],[138.443946,-35.281483],[138.443928,-35.281602],[138.443899,-35.281691],[138.443814,-35.281972],[138.443771,-35.282092],[138.443537,-35.282845],[138.4435,-35.28296],[138.443467,-35.283093],[138.443443,-35.283206],[138.443423,-35.283367],[138.443419,-35.283466],[138.443414,-35.283543],[138.443413,-35.283603],[138.443413,-35.283663],[138.44342,-35.283725],[138.443433,-35.283778],[138.443484,-35.283928],[138.443631,-35.28434],[138.443654,-35.284406],[138.443848,-35.284947],[138.444062,-35.28556],[138.444094,-35.285638],[138.444127,-35.285701],[138.44417,-35.285763],[138.444227,-35.28583],[138.444336,-35.285923],[138.444413,-35.285998],[138.444497,-35.286072],[138.444557,-35.286144],[138.44462,-35.286222],[138.444704,-35.286347],[138.444761,-35.286452]]}},{"type":"Feature","properties":{"tier":"arterial"},"geometry":{"type":"LineString","coordinates":[[138.444716,-35.286463],[138.444698,-35.286424],[138.444672,-35.286378],[138.444641,-35.286323],[138.444611,-35.286278],[138.444585,-35.28624],[138.444547,-35.286194],[138.4445,-35.28614],[138.444451,-35.286085],[138.444292,-35.285938],[138.4442,-35.285852],[138.444144,-35.285791],[138.444104,-35.285735],[138.444072,-35.285689],[138.444049,-35.285639],[138.444022,-35.28558],[138.443918,-35.285279],[138.443804,-35.284959],[138.443606,-35.284404],[138.443587,-35.28435],[138.443421,-35.28388],[138.4434,-35.283814],[138.443386,-35.283759],[138.44338,-35.283709],[138.443374,-35.283657],[138.443374,-35.2836],[138.443375,-35.283477],[138.443384,-35.283369],[138.443389,-35.283277],[138.443395,-35.28323],[138.44341,-35.283132],[138.443431,-35.283046],[138.443445,-35.282996],[138.443458,-35.282946],[138.443481,-35.282881],[138.44353,-35.282724],[138.443698,-35.282188],[138.443746,-35.282037],[138.443842,-35.281729],[138.44386,-35.281672],[138.443879,-35.281602],[138.4439,-35.281501],[138.443902,-35.28148],[138.443909,-35.281421],[138.443936,-35.281235],[138.443949,-35.281036],[138.44395,-35.280943],[138.443943,-35.280861],[138.443933,-35.280775],[138.443924,-35.280713],[138.443913,-35.280657],[138.443901,-35.280596],[138.443868,-35.280473],[138.443736,-35.279916],[138.443696,-35.279747],[138.443668,-35.279646],[138.443643,-35.279553],[138.443618,-35.279469],[138.443579,-35.27935],[138.443564,-35.279308],[138.443547,-35.279262],[138.443517,-35.27918],[138.443511,-35.279167],[138.443496,-35.279115],[138.443471,-35.27906],[138.44335,-35.278764],[138.44328,-35.278609],[138.443219,-35.278467],[138.443185,-35.278388],[138.44309,-35.27817],[138.443054,-35.278077],[138.443038,-35.278034],[138.443014,-35.277961],[138.442994,-35.277898],[138.442981,-35.277838],[138.442969,-35.277777],[138.442956,-35.277696],[138.442944,-35.277616],[138.442935,-35.277533],[138.442932,-35.277486],[138.442934,-35.27745],[138.442934,-35.277437],[138.442935,-35.277404],[138.442939,-35.277351],[138.442945,-35.277298],[138.442963,-35.277243],[138.442974,-35.277205],[138.442992,-35.277161],[138.443005,-35.277129],[138.443022,-35.277093],[138.443036,-35.277066],[138.443057,-35.277036],[138.443081,-35.277003],[138.443111,-35.276968],[138.44316,-35.276914],[138.443402,-35.276647],[138.443459,-35.276575],[138.443491,-35.276537],[138.443514,-35.276499],[138.443541,-35.276461],[138.443563,-35.276424],[138.443574,-35.276395],[138.443586,-35.276361],[138.443598,-35.276322],[138.443616,-35.276252],[138.443626,-35.27619],[138.443638,-35.276131],[138.44373,-35.275711],[138.443774,-35.275524],[138.443804,-35.275398],[138.443974,-35.274682],[138.443991,-35.274598],[138.444011,-35.274523],[138.444014,-35.274512],[138.444019,-35.274483],[138.444045,-35.274422],[138.444074,-35.274352],[138.444102,-35.274296],[138.444153,-35.274195],[138.444425,-35.273672],[138.444925,-35.272693],[138.445021,-35.272506],[138.4451,-35.272352],[138.445125,-35.272303],[138.445269,-35.272023],[138.445334,-35.271897],[138.445443,-35.271686],[138.445668,-35.271254],[138.445731,-35.271148],[138.445769,-35.271084],[138.445809,-35.27103],[138.445845,-35.270981],[138.445883,-35.270929],[138.445927,-35.270881],[138.445961,-35.270845],[138.445996,-35.270809],[138.446024,-35.270782],[138.446073,-35.270736],[138.446115,-35.270698],[138.446168,-35.270656],[138.44622,-35.270619],[138.446251,-35.270597],[138.446291,-35.270569],[138.446346,-35.270531],[138.446389,-35.270502],[138.44645,-35.270468],[138.446509,-35.270435],[138.44656,-35.270408],[138.44661,-35.270387],[138.446663,-35.270364],[138.446741,-35.270333],[138.446806,-35.27031],[138.446875,-35.270288],[138.446947,-35.270267],[138.44702,-35.270247],[138.447113,-35.270225],[138.447225,-35.270199],[138.447418,-35.270158],[138.447749,-35.270087],[138.448283,-35.269972],[138.448528,-35.26992],[138.449817,-35.269644],[138.450047,-35.269593],[138.450066,-35.269589],[138.450164,-35.269568],[138.450278,-35.269538],[138.450405,-35.269499],[138.450488,-35.269473],[138.450548,-35.269454],[138.450592,-35.269438],[138.450665,-35.269413],[138.450719,-35.26939],[138.450769,-35.26937],[138.450819,-35.269349],[138.450866,-35.269329],[138.450923,-35.269299],[138.450988,-35.269265],[138.451059,-35.269226],[138.451133,-35.269179],[138.451196,-35.269135],[138.451265,-35.269083],[138.45134,-35.26903],[138.451587,-35.268842],[138.451722,-35.268748],[138.451816,-35.268678],[138.451882,-35.268628],[138.451962,-35.268565],[138.452016,-35.268519],[138.452083,-35.26846],[138.452101,-35.268447],[138.452128,-35.268426],[138.452253,-35.268338],[138.452441,-35.268192],[138.452532,-35.268122],[138.452605,-35.268061],[138.452653,-35.268024],[138.452703,-35.267991],[138.452779,-35.267931],[138.452839,-35.267885],[138.452889,-35.267849],[138.452945,-35.267805],[138.452995,-35.267761],[138.453057,-35.267709],[138.453701,-35.267136],[138.453989,-35.266885],[138.454258,-35.266651],[138.454411,-35.266517],[138.454437,-35.266494],[138.454517,-35.266424],[138.455059,-35.265949],[138.455094,-35.265918],[138.455161,-35.265859],[138.455201,-35.265825],[138.45524,-35.265794],[138.455327,-35.265727],[138.455391,-35.265676],[138.455463,-35.265627],[138.455524,-35.265585],[138.455576,-35.265549],[138.455643,-35.265502],[138.455745,-35.26544],[138.455825,-35.265395],[138.455954,-35.265321],[138.456044,-35.265272],[138.456167,-35.265206],[138.456235,-35.265167],[138.456305,-35.265134],[138.456408,-35.265085],[138.456488,-35.265049],[138.45657,-35.265014],[138.456747,-35.264945],[138.457177,-35.264779]]}},{"type":"Feature","properties":{"tier":"arterial"},"geometry":{"type":"LineString","coordinates":[[138.452128,-35.268426],[138.452192,-35.268394],[138.452267,-35.26835],[138.452355,-35.268292],[138.452379,-35.268279],[138.452395,-35.26827],[138.452419,-35.268259],[138.452436,-35.268252],[138.452454,-35.268248],[138.45247,-35.268246],[138.452483,-35.268246],[138.452494,-35.268246]]}},{"type":"Feature","properties":{"tier":"arterial"},"geometry":{"type":"LineString","coordinates":[[138.447722,-35.279018],[138.447975,-35.278999],[138.448125,-35.278992],[138.448161,-35.278991],[138.448722,-35.278965],[138.44889,-35.278957],[138.449246,-35.278941],[138.450033,-35.278905],[138.451534,-35.278832],[138.452057,-35.278806],[138.452476,-35.278783],[138.452918,-35.278764],[138.45385,-35.278723],[138.454667,-35.278683],[138.454926,-35.278671],[138.455329,-35.27865],[138.45547,-35.278646],[138.455811,-35.278637]]}},{"type":"Feature","properties":{"tier":"arterial"},"geometry":{"type":"LineString","coordinates":[[138.455809,-35.278692],[138.45529,-35.278712],[138.454694,-35.278741],[138.453417,-35.278801],[138.453302,-35.278808],[138.452926,-35.278829],[138.45249,-35.278851],[138.452326,-35.278856],[138.451763,-35.278879],[138.451257,-35.278902],[138.450494,-35.278937],[138.450421,-35.278941],[138.45004,-35.278959],[138.449975,-35.278959],[138.449605,-35.27898],[138.448914,-35.279012],[138.448645,-35.279025],[138.44845,-35.279038],[138.44809,-35.279053]]}},{"type":"Feature","properties":{"tier":"arterial"},"geometry":{"type":"LineString","coordinates":[[138.443668,-35.279646],[138.443657,-35.279533],[138.44364,-35.279464],[138.443624,-35.279413],[138.443612,-35.279376],[138.443609,-35.279351],[138.443615,-35.279332],[138.443623,-35.279317],[138.443634,-35.279301],[138.443647,-35.279285]]}},{"type":"Feature","properties":{"tier":"arterial"},"geometry":{"type":"LineString","coordinates":[[138.447722,-35.279018],[138.447809,-35.279017],[138.447876,-35.279016],[138.447949,-35.279021],[138.448006,-35.279027],[138.448055,-35.279038],[138.44809,-35.279053]]}},{"type":"Feature","properties":{"tier":"arterial"},"geometry":{"type":"LineString","coordinates":[[138.449246,-35.278941],[138.44937,-35.278943],[138.449427,-35.278944],[138.449481,-35.278949],[138.449531,-35.278956],[138.449583,-35.278966],[138.449605,-35.27898]]}},{"type":"Feature","properties":{"tier":"arterial"},"geometry":{"type":"LineString","coordinates":[[138.450421,-35.278941],[138.450332,-35.278932],[138.45026,-35.278932],[138.45016,-35.27893],[138.45011,-35.278927],[138.450084,-35.278924],[138.450057,-35.278918],[138.450033,-35.278905]]}},{"type":"Feature","properties":{"tier":"arterial"},"geometry":{"type":"LineString","coordinates":[[138.451534,-35.278832],[138.451621,-35.27884],[138.451662,-35.278844],[138.451693,-35.27885],[138.451729,-35.278859],[138.451763,-35.278879]]}},{"type":"Feature","properties":{"tier":"arterial"},"geometry":{"type":"LineString","coordinates":[[138.452057,-35.278806],[138.452095,-35.278812],[138.452148,-35.278819],[138.452194,-35.278825],[138.452239,-35.278832],[138.452283,-35.27884],[138.452326,-35.278856]]}},{"type":"Feature","properties":{"tier":"arterial"},"geometry":{"type":"LineString","coordinates":[[138.453302,-35.278808],[138.453172,-35.278802],[138.453122,-35.278801],[138.453067,-35.278799],[138.453012,-35.27879],[138.452971,-35.278782],[138.452918,-35.278764]]}},{"type":"Feature","properties":{"tier":"arterial"},"geometry":{"type":"LineString","coordinates":[[138.454926,-35.278671],[138.454977,-35.278677],[138.45503,-35.278677],[138.455091,-35.278678],[138.455145,-35.278682],[138.455193,-35.278687],[138.455225,-35.278693],[138.455256,-35.278699],[138.45529,-35.278712]]}},{"type":"Feature","properties":{"tier":"arterial"},"geometry":{"type":"LineString","coordinates":[[138.479273,-35.267492],[138.482438,-35.267345],[138.482937,-35.267322],[138.482983,-35.26732],[138.483012,-35.267319]]}},{"type":"Feature","properties":{"tier":"high"},"geometry":{"type":"LineString","coordinates":[[138.467519,-35.387056],[138.46731,-35.38721],[138.467113,-35.387375],[138.466787,-35.387666]]}},{"type":"Feature","properties":{"tier":"high"},"geometry":{"type":"LineString","coordinates":[[138.45966,-35.396033],[138.459528,-35.396188],[138.459393,-35.396342]]}},{"type":"Feature","properties":{"tier":"high"},"geometry":{"type":"LineString","coordinates":[[138.457186,-35.398812],[138.457031,-35.398982],[138.456391,-35.399677],[138.4562,-35.399883],[138.455939,-35.400165],[138.45578,-35.400337],[138.455606,-35.400523],[138.45546,-35.40066],[138.455306,-35.400811],[138.455112,-35.400969],[138.454896,-35.401126],[138.45469,-35.40127],[138.45445,-35.401417],[138.454243,-35.401543],[138.454059,-35.401645],[138.453789,-35.401778],[138.450929,-35.403126],[138.450602,-35.403276],[138.45013,-35.403481],[138.449512,-35.403745],[138.448957,-35.403981],[138.448585,-35.404139],[138.448306,-35.404243],[138.448095,-35.404311],[138.447876,-35.404375],[138.447656,-35.404426],[138.447425,-35.404467],[138.447233,-35.404497],[138.447068,-35.404511],[138.446724,-35.404534],[138.446317,-35.404563],[138.446039,-35.404591],[138.445864,-35.404618],[138.445658,-35.404662],[138.445455,-35.404715],[138.44527,-35.404772],[138.445122,-35.404827],[138.444966,-35.404893],[138.444827,-35.404957],[138.444708,-35.405017],[138.444574,-35.405091],[138.444465,-35.405158],[138.444382,-35.405212],[138.444299,-35.405269],[138.444212,-35.405333],[138.444129,-35.405399],[138.444065,-35.405453],[138.443995,-35.405515],[138.44392,-35.405586],[138.443841,-35.405665],[138.443761,-35.405752],[138.443696,-35.405829],[138.443634,-35.405906],[138.443503,-35.406092],[138.443094,-35.406725],[138.442946,-35.406954],[138.442818,-35.407131],[138.442711,-35.407273],[138.442607,-35.407395],[138.442478,-35.40753],[138.442378,-35.407624],[138.442247,-35.407734],[138.442134,-35.407834],[138.441969,-35.40796],[138.441653,-35.408178],[138.4404,-35.409058],[138.439316,-35.409801],[138.438358,-35.410459],[138.437956,-35.410734],[138.437597,-35.41098],[138.437423,-35.411099],[138.437248,-35.411225],[138.436961,-35.411422],[138.436576,-35.411688],[138.436352,-35.411839],[138.436134,-35.411981],[138.435962,-35.412076],[138.435879,-35.412129],[138.435649,-35.412248],[138.435508,-35.412313],[138.435305,-35.412393],[138.435103,-35.412465],[138.434902,-35.412533],[138.433176,-35.413045],[138.432858,-35.413143],[138.432651,-35.413207],[138.432524,-35.413252],[138.432384,-35.413304],[138.432243,-35.413357],[138.432094,-35.413427],[138.432001,-35.413477],[138.43191,-35.413531],[138.431824,-35.413586],[138.431771,-35.413622],[138.431693,-35.413679],[138.431618,-35.413738],[138.431564,-35.413783],[138.431515,-35.413827],[138.43144,-35.413898],[138.431386,-35.413954],[138.431343,-35.414001],[138.431199,-35.414176],[138.430793,-35.414701]]}},{"type":"Feature","properties":{"tier":"arterial"},"geometry":{"type":"LineString","coordinates":[[138.495617,-35.109695],[138.495013,-35.11009]]}},{"type":"Feature","properties":{"tier":"arterial"},"geometry":{"type":"LineString","coordinates":[[138.495013,-35.11009],[138.494782,-35.11025],[138.494671,-35.110327],[138.494567,-35.110407]]}},{"type":"Feature","properties":{"tier":"regional"},"geometry":{"type":"LineString","coordinates":[[138.500003,-35.146194],[138.499942,-35.146098],[138.499813,-35.145819],[138.49976,-35.145657],[138.499737,-35.145587],[138.499704,-35.145494],[138.499674,-35.145414],[138.49961,-35.145242]]}},{"type":"Feature","properties":{"tier":"arterial"},"geometry":{"type":"LineString","coordinates":[[138.48323,-35.267296],[138.483333,-35.267324],[138.483341,-35.267326],[138.483507,-35.267349],[138.483746,-35.267381],[138.484118,-35.267432],[138.484232,-35.267447],[138.484607,-35.267498],[138.484763,-35.267519],[138.484819,-35.267528]]}},{"type":"Feature","properties":{"tier":"regional"},"geometry":{"type":"LineString","coordinates":[[138.492642,-35.180234],[138.49298,-35.180186],[138.493216,-35.180176],[138.493399,-35.180182],[138.493514,-35.180195],[138.493577,-35.180191],[138.493637,-35.180185],[138.493678,-35.18018],[138.493786,-35.180149]]}},{"type":"Feature","properties":{"tier":"arterial"},"geometry":{"type":"LineString","coordinates":[[138.475939,-35.17159],[138.475907,-35.171566],[138.475886,-35.171536],[138.475878,-35.171501]]}},{"type":"Feature","properties":{"tier":"arterial"},"geometry":{"type":"LineString","coordinates":[[138.486697,-35.142893],[138.486734,-35.142903]]}},{"type":"Feature","properties":{"tier":"arterial"},"geometry":{"type":"LineString","coordinates":[[138.486578,-35.142365],[138.486581,-35.142396],[138.486603,-35.142612],[138.486645,-35.142749],[138.486668,-35.142813],[138.486697,-35.142893]]}},{"type":"Feature","properties":{"tier":"arterial"},"geometry":{"type":"LineString","coordinates":[[138.479202,-35.212481],[138.479307,-35.213587]]}},{"type":"Feature","properties":{"tier":"arterial"},"geometry":{"type":"LineString","coordinates":[[138.479307,-35.213587],[138.479341,-35.213996],[138.479356,-35.214171],[138.479366,-35.214697]]}},{"type":"Feature","properties":{"tier":"high"},"geometry":{"type":"LineString","coordinates":[[138.492942,-35.225455],[138.493477,-35.232521],[138.493888,-35.238002],[138.494132,-35.241272],[138.494286,-35.243153],[138.494382,-35.244404],[138.494389,-35.244498],[138.494551,-35.24661],[138.494652,-35.247969],[138.494844,-35.250548],[138.494902,-35.251385],[138.494935,-35.251856],[138.494925,-35.252469],[138.49484,-35.253018],[138.494776,-35.253482],[138.494566,-35.253993],[138.494344,-35.254509],[138.494101,-35.25495],[138.493996,-35.255159],[138.492837,-35.256845],[138.491403,-35.258936],[138.489497,-35.261648],[138.488857,-35.262665],[138.487622,-35.26429],[138.486135,-35.266631],[138.48561,-35.267458],[138.48511,-35.268101],[138.484185,-35.26923],[138.483217,-35.270242],[138.482734,-35.270807],[138.482057,-35.271612],[138.48145,-35.272458],[138.481102,-35.272975],[138.480849,-35.27339]]}},{"type":"Feature","properties":{"tier":"regional"},"geometry":{"type":"LineString","coordinates":[[138.491393,-35.117372],[138.491095,-35.117378]]}},{"type":"Feature","properties":{"tier":"regional"},"geometry":{"type":"LineString","coordinates":[[138.492322,-35.117331],[138.491393,-35.117372]]}},{"type":"Feature","properties":{"tier":"arterial"},"geometry":{"type":"LineString","coordinates":[[138.474559,-35.382833],[138.471135,-35.384678],[138.47055,-35.384985],[138.470127,-35.385205]]}},{"type":"Feature","properties":{"tier":"arterial"},"geometry":{"type":"LineString","coordinates":[[138.499597,-35.105625],[138.499562,-35.105721],[138.499446,-35.105975],[138.499258,-35.106309],[138.499237,-35.106346],[138.499195,-35.106422]]}},{"type":"Feature","properties":{"tier":"arterial"},"geometry":{"type":"LineString","coordinates":[[138.498494,-35.107152],[138.498727,-35.106837],[138.498859,-35.106643],[138.498877,-35.106616],[138.498931,-35.106537]]}},{"type":"Feature","properties":{"tier":"arterial"},"geometry":{"type":"LineString","coordinates":[[138.492698,-35.111859],[138.492887,-35.111651],[138.493192,-35.111321],[138.493541,-35.11099]]}},{"type":"Feature","properties":{"tier":"high"},"geometry":{"type":"LineString","coordinates":[[138.480111,-35.274303],[138.48026,-35.274038]]}},{"type":"Feature","properties":{"tier":"regional"},"geometry":{"type":"LineString","coordinates":[[138.490631,-35.190735],[138.490398,-35.190751],[138.490364,-35.190753],[138.490291,-35.19076]]}},{"type":"Feature","properties":{"tier":"arterial"},"geometry":{"type":"LineString","coordinates":[[138.499247,-35.100412],[138.499434,-35.100768],[138.499604,-35.101118],[138.49965,-35.101241],[138.499682,-35.101332]]}},{"type":"Feature","properties":{"tier":"arterial"},"geometry":{"type":"LineString","coordinates":[[138.489855,-35.190698],[138.490059,-35.190685],[138.490091,-35.190681],[138.490167,-35.190675]]}},{"type":"Feature","properties":{"tier":"arterial"},"geometry":{"type":"LineString","coordinates":[[138.488696,-35.19078],[138.489275,-35.190739]]}},{"type":"Feature","properties":{"tier":"arterial"},"geometry":{"type":"LineString","coordinates":[[138.499832,-35.102727],[138.499768,-35.102316],[138.499742,-35.102188],[138.499703,-35.10201]]}},{"type":"Feature","properties":{"tier":"arterial"},"geometry":{"type":"LineString","coordinates":[[138.489811,-35.118754],[138.490049,-35.118328]]}},{"type":"Feature","properties":{"tier":"arterial"},"geometry":{"type":"LineString","coordinates":[[138.488637,-35.120524],[138.488663,-35.120486],[138.488871,-35.12019],[138.489011,-35.119991],[138.489261,-35.11964],[138.489541,-35.119212],[138.489811,-35.118754]]}},{"type":"Feature","properties":{"tier":"regional"},"geometry":{"type":"LineString","coordinates":[[138.476922,-35.187166],[138.476983,-35.187164],[138.477128,-35.18716],[138.477159,-35.187159],[138.477173,-35.187158],[138.477221,-35.187156]]}},{"type":"Feature","properties":{"tier":"regional"},"geometry":{"type":"LineString","coordinates":[[138.476214,-35.187191],[138.476482,-35.187181],[138.476702,-35.187174]]}},{"type":"Feature","properties":{"tier":"arterial"},"geometry":{"type":"LineString","coordinates":[[138.491082,-35.11584],[138.49082,-35.116737]]}},{"type":"Feature","properties":{"tier":"arterial"},"geometry":{"type":"LineString","coordinates":[[138.491821,-35.113498],[138.491697,-35.113787],[138.491475,-35.11433],[138.491332,-35.114824],[138.491287,-35.11501]]}},{"type":"Feature","properties":{"tier":"arterial"},"geometry":{"type":"LineString","coordinates":[[138.477876,-35.195453],[138.477829,-35.194829],[138.477804,-35.194279],[138.477762,-35.193908],[138.477757,-35.193842]]}},{"type":"Feature","properties":{"tier":"high"},"geometry":{"type":"LineString","coordinates":[[138.490248,-35.190426],[138.490268,-35.190594],[138.49027,-35.190621],[138.490279,-35.190663]]}},{"type":"Feature","properties":{"tier":"arterial"},"geometry":{"type":"LineString","coordinates":[[138.496443,-35.138144],[138.496825,-35.138124],[138.496846,-35.138123],[138.496967,-35.138116]]}},{"type":"Feature","properties":{"tier":"arterial"},"geometry":{"type":"LineString","coordinates":[[138.486092,-35.135489],[138.486139,-35.136139],[138.486153,-35.136336]]}},{"type":"Feature","properties":{"tier":"regional"},"geometry":{"type":"LineString","coordinates":[[138.485863,-35.138668],[138.486051,-35.138655],[138.486072,-35.138653],[138.486164,-35.138646]]}},{"type":"Feature","properties":{"tier":"arterial"},"geometry":{"type":"LineString","coordinates":[[138.48617,-35.138728],[138.486164,-35.138646]]}},{"type":"Feature","properties":{"tier":"arterial"},"geometry":{"type":"LineString","coordinates":[[138.486193,-35.139022],[138.486178,-35.138826],[138.486175,-35.138791],[138.48617,-35.138728]]}},{"type":"Feature","properties":{"tier":"arterial"},"geometry":{"type":"LineString","coordinates":[[138.48622,-35.13922],[138.486197,-35.13908],[138.486193,-35.139022]]}},{"type":"Feature","properties":{"tier":"arterial"},"geometry":{"type":"LineString","coordinates":[[138.486164,-35.138646],[138.486158,-35.13858],[138.486149,-35.138454]]}},{"type":"Feature","properties":{"tier":"arterial"},"geometry":{"type":"LineString","coordinates":[[138.490748,-35.138442],[138.489948,-35.138483]]}},{"type":"Feature","properties":{"tier":"arterial"},"geometry":{"type":"LineString","coordinates":[[138.492893,-35.138329],[138.492733,-35.138338],[138.491955,-35.138379],[138.491855,-35.138384],[138.491764,-35.138388],[138.491195,-35.138418],[138.490748,-35.138442]]}},{"type":"Feature","properties":{"tier":"arterial"},"geometry":{"type":"LineString","coordinates":[[138.477757,-35.193842],[138.477747,-35.193698],[138.477742,-35.193654],[138.477736,-35.193552]]}},{"type":"Feature","properties":{"tier":"arterial"},"geometry":{"type":"LineString","coordinates":[[138.478206,-35.193405],[138.478004,-35.193484],[138.477952,-35.193501],[138.47792,-35.193504],[138.477852,-35.193505]]}},{"type":"Feature","properties":{"tier":"arterial"},"geometry":{"type":"LineString","coordinates":[[138.498931,-35.106537],[138.498986,-35.106436]]}},{"type":"Feature","properties":{"tier":"high"},"geometry":{"type":"LineString","coordinates":[[138.496175,-35.179862],[138.496119,-35.179945]]}},{"type":"Feature","properties":{"tier":"high"},"geometry":{"type":"LineString","coordinates":[[138.497982,-35.177265],[138.497737,-35.177658],[138.497455,-35.17808]]}},{"type":"Feature","properties":{"tier":"arterial"},"geometry":{"type":"LineString","coordinates":[[138.48544,-35.130251],[138.485534,-35.130217],[138.48559,-35.130211],[138.485635,-35.130212],[138.485716,-35.130229],[138.485801,-35.130274]]}},{"type":"Feature","properties":{"tier":"arterial"},"geometry":{"type":"LineString","coordinates":[[138.48536,-35.130316],[138.485389,-35.130287],[138.48544,-35.130251]]}},{"type":"Feature","properties":{"tier":"arterial"},"geometry":{"type":"LineString","coordinates":[[138.485846,-35.130316],[138.485891,-35.130405],[138.485892,-35.130488],[138.485856,-35.13057]]}},{"type":"Feature","properties":{"tier":"arterial"},"geometry":{"type":"LineString","coordinates":[[138.485801,-35.130274],[138.485846,-35.130316]]}},{"type":"Feature","properties":{"tier":"arterial"},"geometry":{"type":"LineString","coordinates":[[138.485495,-35.130672],[138.48545,-35.130654],[138.485408,-35.130628],[138.485363,-35.130586]]}},{"type":"Feature","properties":{"tier":"arterial"},"geometry":{"type":"LineString","coordinates":[[138.485791,-35.130633],[138.485672,-35.130682],[138.485609,-35.130689],[138.485548,-35.130685],[138.485495,-35.130672]]}},{"type":"Feature","properties":{"tier":"arterial"},"geometry":{"type":"LineString","coordinates":[[138.485856,-35.13057],[138.485791,-35.130633]]}},{"type":"Feature","properties":{"tier":"regional"},"geometry":{"type":"LineString","coordinates":[[138.491939,-35.143786],[138.491876,-35.143786],[138.491817,-35.143769]]}},{"type":"Feature","properties":{"tier":"regional"},"geometry":{"type":"LineString","coordinates":[[138.492049,-35.143734],[138.492,-35.143768],[138.491939,-35.143786]]}},{"type":"Feature","properties":{"tier":"regional"},"geometry":{"type":"LineString","coordinates":[[138.491817,-35.143769],[138.491779,-35.143747]]}},{"type":"Feature","properties":{"tier":"regional"},"geometry":{"type":"LineString","coordinates":[[138.492082,-35.14358],[138.492093,-35.14362],[138.492091,-35.143661],[138.492076,-35.1437],[138.492049,-35.143734]]}},{"type":"Feature","properties":{"tier":"regional"},"geometry":{"type":"LineString","coordinates":[[138.492014,-35.14351],[138.492054,-35.143541],[138.492082,-35.14358]]}},{"type":"Feature","properties":{"tier":"arterial"},"geometry":{"type":"LineString","coordinates":[[138.496892,-35.12753],[138.498157,-35.127463]]}},{"type":"Feature","properties":{"tier":"arterial"},"geometry":{"type":"LineString","coordinates":[[138.490648,-35.11727],[138.490614,-35.117366]]}},{"type":"Feature","properties":{"tier":"arterial"},"geometry":{"type":"LineString","coordinates":[[138.49082,-35.116737],[138.490678,-35.117177],[138.490668,-35.117209],[138.490648,-35.11727]]}},{"type":"Feature","properties":{"tier":"arterial"},"geometry":{"type":"LineString","coordinates":[[138.490272,-35.117838],[138.490311,-35.117767],[138.49043,-35.117454],[138.490443,-35.117419],[138.490466,-35.11736]]}},{"type":"Feature","properties":{"tier":"arterial"},"geometry":{"type":"LineString","coordinates":[[138.481909,-35.191943],[138.481982,-35.191996],[138.482026,-35.192067],[138.482038,-35.192146]]}},{"type":"Feature","properties":{"tier":"arterial"},"geometry":{"type":"LineString","coordinates":[[138.481492,-35.192143],[138.481502,-35.192071],[138.481539,-35.192006]]}},{"type":"Feature","properties":{"tier":"arterial"},"geometry":{"type":"LineString","coordinates":[[138.482038,-35.192146],[138.482023,-35.192207],[138.481988,-35.192261]]}},{"type":"Feature","properties":{"tier":"arterial"},"geometry":{"type":"LineString","coordinates":[[138.477221,-35.187156],[138.477215,-35.187077],[138.477209,-35.186999]]}},{"type":"Feature","properties":{"tier":"regional"},"geometry":{"type":"LineString","coordinates":[[138.477963,-35.187119],[138.478245,-35.187105],[138.478536,-35.187086],[138.479386,-35.187037]]}},{"type":"Feature","properties":{"tier":"regional"},"geometry":{"type":"LineString","coordinates":[[138.476404,-35.180902],[138.476587,-35.1809],[138.476624,-35.180898],[138.476721,-35.180892]]}},{"type":"Feature","properties":{"tier":"arterial"},"geometry":{"type":"LineString","coordinates":[[138.477022,-35.185096],[138.476988,-35.184671],[138.476944,-35.184076],[138.476933,-35.183916],[138.4769,-35.183353],[138.476856,-35.182715]]}},{"type":"Feature","properties":{"tier":"arterial"},"geometry":{"type":"LineString","coordinates":[[138.476637,-35.179824],[138.476594,-35.179348],[138.476576,-35.17915],[138.476528,-35.178596],[138.476467,-35.177831],[138.476425,-35.177279],[138.47642,-35.177211],[138.476375,-35.176677],[138.476368,-35.176587]]}},{"type":"Feature","properties":{"tier":"high"},"geometry":{"type":"LineString","coordinates":[[138.491142,-35.207132],[138.491361,-35.205243],[138.491385,-35.204907],[138.49134,-35.204327],[138.491308,-35.203968],[138.491252,-35.20342],[138.491198,-35.202784],[138.491089,-35.201207],[138.490999,-35.199981],[138.490903,-35.19881],[138.490807,-35.197647],[138.49074,-35.196825],[138.490694,-35.196272],[138.490667,-35.195737],[138.490595,-35.19476],[138.490578,-35.194555],[138.490272,-35.192072]]}},{"type":"Feature","properties":{"tier":"high"},"geometry":{"type":"LineString","coordinates":[[138.474704,-35.325469],[138.474707,-35.325867],[138.474681,-35.326192],[138.474634,-35.326528],[138.47457,-35.326829],[138.474488,-35.327102],[138.474383,-35.327353],[138.474254,-35.327639],[138.474089,-35.327931],[138.47385,-35.328254],[138.473589,-35.328583]]}},{"type":"Feature","properties":{"tier":"arterial"},"geometry":{"type":"LineString","coordinates":[[138.482661,-35.376856],[138.482159,-35.377425],[138.480929,-35.378496],[138.47952,-35.37953],[138.478647,-35.380163],[138.478042,-35.380729],[138.47682,-35.38159],[138.474559,-35.382833]]}},{"type":"Feature","properties":{"tier":"arterial"},"geometry":{"type":"LineString","coordinates":[[138.490394,-35.222167],[138.487697,-35.22231],[138.486135,-35.222387],[138.482207,-35.222582],[138.481819,-35.2226],[138.480463,-35.222673],[138.480286,-35.222693]]}},{"type":"Feature","properties":{"tier":"regional"},"geometry":{"type":"LineString","coordinates":[[138.479902,-35.222944],[138.479931,-35.223251]]}},{"type":"Feature","properties":{"tier":"regional"},"geometry":{"type":"LineString","coordinates":[[138.47989,-35.222816],[138.479902,-35.222944]]}},{"type":"Feature","properties":{"tier":"regional"},"geometry":{"type":"LineString","coordinates":[[138.477162,-35.180879],[138.47741,-35.18087],[138.47745,-35.180868],[138.477697,-35.18086],[138.477835,-35.180854]]}},{"type":"Feature","properties":{"tier":"arterial"},"geometry":{"type":"LineString","coordinates":[[138.476408,-35.176143],[138.476421,-35.176305]]}},{"type":"Feature","properties":{"tier":"high"},"geometry":{"type":"LineString","coordinates":[[138.279177,-35.49508],[138.27908,-35.49553],[138.278897,-35.496304],[138.278749,-35.49683],[138.278369,-35.498164],[138.2781,-35.499026],[138.278043,-35.499181],[138.277951,-35.499386],[138.277795,-35.499679],[138.277678,-35.499883],[138.277606,-35.50002]]}},{"type":"Feature","properties":{"tier":"arterial"},"geometry":{"type":"LineString","coordinates":[[138.476721,-35.180892],[138.476717,-35.180832],[138.476716,-35.180823],[138.476708,-35.180724]]}},{"type":"Feature","properties":{"tier":"arterial"},"geometry":{"type":"LineString","coordinates":[[138.47693,-35.181995],[138.476943,-35.182218],[138.476968,-35.182692],[138.476993,-35.183465]]}},{"type":"Feature","properties":{"tier":"high"},"geometry":{"type":"LineString","coordinates":[[138.490316,-35.190926],[138.490383,-35.191719],[138.490499,-35.192728]]}},{"type":"Feature","properties":{"tier":"regional"},"geometry":{"type":"LineString","coordinates":[[138.48617,-35.138728],[138.486078,-35.138733],[138.48593,-35.138741]]}},{"type":"Feature","properties":{"tier":"arterial"},"geometry":{"type":"LineString","coordinates":[[138.486267,-35.138362],[138.486279,-35.138539],[138.486281,-35.138569],[138.486286,-35.138637]]}},{"type":"Feature","properties":{"tier":"arterial"},"geometry":{"type":"LineString","coordinates":[[138.486149,-35.138454],[138.486133,-35.138259],[138.486128,-35.138187],[138.486098,-35.137805],[138.486086,-35.137611]]}},{"type":"Feature","properties":{"tier":"arterial"},"geometry":{"type":"LineString","coordinates":[[138.486286,-35.138637],[138.486291,-35.138721]]}},{"type":"Feature","properties":{"tier":"regional"},"geometry":{"type":"LineString","coordinates":[[138.477432,-35.193754],[138.477537,-35.193672],[138.477615,-35.193626],[138.477642,-35.193605],[138.477736,-35.193552]]}},{"type":"Feature","properties":{"tier":"arterial"},"geometry":{"type":"LineString","coordinates":[[138.477852,-35.193505],[138.477915,-35.193442],[138.477948,-35.193417],[138.478031,-35.193385]]}},{"type":"Feature","properties":{"tier":"arterial"},"geometry":{"type":"LineString","coordinates":[[138.477837,-35.193241],[138.477845,-35.193355],[138.477846,-35.193391],[138.477852,-35.193505]]}},{"type":"Feature","properties":{"tier":"arterial"},"geometry":{"type":"LineString","coordinates":[[138.478466,-35.201983],[138.478481,-35.202142],[138.478492,-35.202442]]}},{"type":"Feature","properties":{"tier":"arterial"},"geometry":{"type":"LineString","coordinates":[[138.478375,-35.202005],[138.478361,-35.201836],[138.478359,-35.20181],[138.478353,-35.20175]]}},{"type":"Feature","properties":{"tier":"regional"},"geometry":{"type":"LineString","coordinates":[[138.478171,-35.201753],[138.478266,-35.201755],[138.478294,-35.201753],[138.478353,-35.20175],[138.478458,-35.201743]]}},{"type":"Feature","properties":{"tier":"regional"},"geometry":{"type":"LineString","coordinates":[[138.4874,-35.142939],[138.48786,-35.142945]]}},{"type":"Feature","properties":{"tier":"regional"},"geometry":{"type":"LineString","coordinates":[[138.486734,-35.142903],[138.486788,-35.142918],[138.486832,-35.142927],[138.486885,-35.14293]]}},{"type":"Feature","properties":{"tier":"high"},"geometry":{"type":"LineString","coordinates":[[138.47959,-35.275111],[138.480111,-35.274303]]}},{"type":"Feature","properties":{"tier":"high"},"geometry":{"type":"LineString","coordinates":[[138.480849,-35.27339],[138.480446,-35.27402],[138.480234,-35.274377]]}},{"type":"Feature","properties":{"tier":"regional"},"geometry":{"type":"LineString","coordinates":[[138.496175,-35.179862],[138.49632,-35.179834],[138.496361,-35.179827],[138.496607,-35.179789]]}},{"type":"Feature","properties":{"tier":"high"},"geometry":{"type":"LineString","coordinates":[[138.494305,-35.182148],[138.494623,-35.181702],[138.494912,-35.181298]]}},{"type":"Feature","properties":{"tier":"high"},"geometry":{"type":"LineString","coordinates":[[138.496802,-35.178641],[138.49716,-35.178159],[138.497567,-35.177581],[138.497932,-35.17704]]}},{"type":"Feature","properties":{"tier":"arterial"},"geometry":{"type":"LineString","coordinates":[[138.479894,-35.222442],[138.479909,-35.222627],[138.479922,-35.222757]]}},{"type":"Feature","properties":{"tier":"arterial"},"geometry":{"type":"LineString","coordinates":[[138.479857,-35.222779],[138.479837,-35.222729],[138.479831,-35.222651]]}},{"type":"Feature","properties":{"tier":"arterial"},"geometry":{"type":"LineString","coordinates":[[138.478456,-35.203108],[138.478409,-35.202451],[138.478375,-35.202005]]}},{"type":"Feature","properties":{"tier":"regional"},"geometry":{"type":"LineString","coordinates":[[138.478458,-35.201743],[138.478492,-35.201743],[138.478526,-35.201745],[138.478697,-35.201754]]}},{"type":"Feature","properties":{"tier":"arterial"},"geometry":{"type":"LineString","coordinates":[[138.478201,-35.198938],[138.478301,-35.200103],[138.478324,-35.200372]]}},{"type":"Feature","properties":{"tier":"arterial"},"geometry":{"type":"LineString","coordinates":[[138.477962,-35.196432],[138.478008,-35.196541],[138.478071,-35.197329],[138.478155,-35.198369],[138.478201,-35.198938]]}},{"type":"Feature","properties":{"tier":"high"},"geometry":{"type":"LineString","coordinates":[[138.47462,-35.282269],[138.472976,-35.284495],[138.472436,-35.285328]]}},{"type":"Feature","properties":{"tier":"arterial"},"geometry":{"type":"LineString","coordinates":[[138.476085,-35.171583],[138.476051,-35.171598],[138.476013,-35.171605],[138.475975,-35.171602],[138.475939,-35.17159]]}},{"type":"Feature","properties":{"tier":"arterial"},"geometry":{"type":"LineString","coordinates":[[138.476112,-35.17156],[138.476085,-35.171583]]}},{"type":"Feature","properties":{"tier":"high"},"geometry":{"type":"LineString","coordinates":[[138.49849,-35.176406],[138.498153,-35.176986],[138.497982,-35.177265]]}},{"type":"Feature","properties":{"tier":"high"},"geometry":{"type":"LineString","coordinates":[[138.492815,-35.18428],[138.493819,-35.182852],[138.493833,-35.182831],[138.493987,-35.182613]]}},{"type":"Feature","properties":{"tier":"arterial"},"geometry":{"type":"LineString","coordinates":[[138.477543,-35.191366],[138.477494,-35.190819]]}},{"type":"Feature","properties":{"tier":"arterial"},"geometry":{"type":"LineString","coordinates":[[138.477972,-35.195443],[138.477966,-35.195901]]}},{"type":"Feature","properties":{"tier":"arterial"},"geometry":{"type":"LineString","coordinates":[[138.477871,-35.1937],[138.477928,-35.194221],[138.477957,-35.194817],[138.477972,-35.195443]]}},{"type":"Feature","properties":{"tier":"arterial"},"geometry":{"type":"LineString","coordinates":[[138.477642,-35.191365],[138.47765,-35.191506],[138.477679,-35.191924],[138.477781,-35.192607]]}},{"type":"Feature","properties":{"tier":"arterial"},"geometry":{"type":"LineString","coordinates":[[138.479282,-35.192955],[138.479739,-35.192795],[138.480127,-35.19266],[138.480282,-35.192606],[138.480488,-35.192533]]}},{"type":"Feature","properties":{"tier":"arterial"},"geometry":{"type":"LineString","coordinates":[[138.48163,-35.192326],[138.481519,-35.192343],[138.481422,-35.192349],[138.481332,-35.192364],[138.481079,-35.192445],[138.480541,-35.19263],[138.479994,-35.192809]]}},{"type":"Feature","properties":{"tier":"arterial"},"geometry":{"type":"LineString","coordinates":[[138.477736,-35.193552],[138.477721,-35.193461],[138.477704,-35.19335],[138.477702,-35.19333]]}},{"type":"Feature","properties":{"tier":"arterial"},"geometry":{"type":"LineString","coordinates":[[138.478031,-35.193385],[138.479282,-35.192955]]}},{"type":"Feature","properties":{"tier":"regional"},"geometry":{"type":"LineString","coordinates":[[138.477366,-35.193806],[138.477432,-35.193754]]}},{"type":"Feature","properties":{"tier":"arterial"},"geometry":{"type":"LineString","coordinates":[[138.479178,-35.212247],[138.479202,-35.212481]]}},{"type":"Feature","properties":{"tier":"arterial"},"geometry":{"type":"LineString","coordinates":[[138.498986,-35.106436],[138.49904,-35.106343],[138.499105,-35.106232],[138.499236,-35.106019],[138.499314,-35.105858],[138.499451,-35.105498]]}},{"type":"Feature","properties":{"tier":"arterial"},"geometry":{"type":"LineString","coordinates":[[138.499451,-35.105498],[138.499527,-35.105296],[138.499603,-35.105079],[138.499651,-35.10491],[138.49969,-35.104761]]}},{"type":"Feature","properties":{"tier":"arterial"},"geometry":{"type":"LineString","coordinates":[[138.49969,-35.104761],[138.49976,-35.104475],[138.499824,-35.10405],[138.499867,-35.103608],[138.499859,-35.103121]]}},{"type":"Feature","properties":{"tier":"arterial"},"geometry":{"type":"LineString","coordinates":[[138.494626,-35.110157],[138.494933,-35.109955],[138.495326,-35.109706]]}},{"type":"Feature","properties":{"tier":"arterial"},"geometry":{"type":"LineString","coordinates":[[138.497985,-35.107947],[138.497439,-35.108426],[138.496862,-35.108854]]}},{"type":"Feature","properties":{"tier":"arterial"},"geometry":{"type":"LineString","coordinates":[[138.498986,-35.106436],[138.499195,-35.106422]]}},{"type":"Feature","properties":{"tier":"arterial"},"geometry":{"type":"LineString","coordinates":[[138.499682,-35.101332],[138.499781,-35.101619],[138.49986,-35.101882],[138.499888,-35.101974],[138.499913,-35.102081],[138.499986,-35.102461],[138.500004,-35.102583],[138.500019,-35.10273],[138.499991,-35.103658],[138.499996,-35.103889]]}},{"type":"Feature","properties":{"tier":"high"},"geometry":{"type":"LineString","coordinates":[[138.495402,-35.180624],[138.495559,-35.180559],[138.495602,-35.180543],[138.495631,-35.180548],[138.495649,-35.180565],[138.495659,-35.18059]]}},{"type":"Feature","properties":{"tier":"regional"},"geometry":{"type":"LineString","coordinates":[[138.495868,-35.179993],[138.495694,-35.180025],[138.495422,-35.180069]]}},{"type":"Feature","properties":{"tier":"regional"},"geometry":{"type":"LineString","coordinates":[[138.496902,-35.179772],[138.496813,-35.179801],[138.496313,-35.179907],[138.496259,-35.179916],[138.496119,-35.179945]]}},{"type":"Feature","properties":{"tier":"regional"},"geometry":{"type":"LineString","coordinates":[[138.495004,-35.180114],[138.494645,-35.180134],[138.494401,-35.180166],[138.494317,-35.180182],[138.494199,-35.180217],[138.494158,-35.18023],[138.494074,-35.180282]]}},{"type":"Feature","properties":{"tier":"regional"},"geometry":{"type":"LineString","coordinates":[[138.496902,-35.179772],[138.496979,-35.179763]]}},{"type":"Feature","properties":{"tier":"high"},"geometry":{"type":"LineString","coordinates":[[138.496077,-35.179665],[138.496802,-35.178641]]}},{"type":"Feature","properties":{"tier":"high"},"geometry":{"type":"LineString","coordinates":[[138.497455,-35.17808],[138.497303,-35.178308]]}},{"type":"Feature","properties":{"tier":"high"},"geometry":{"type":"LineString","coordinates":[[138.494912,-35.181298],[138.495213,-35.180884]]}},{"type":"Feature","properties":{"tier":"high"},"geometry":{"type":"LineString","coordinates":[[138.495402,-35.180624],[138.495591,-35.180352]]}},{"type":"Feature","properties":{"tier":"high"},"geometry":{"type":"LineString","coordinates":[[138.495659,-35.18059],[138.495368,-35.180982]]}},{"type":"Feature","properties":{"tier":"regional"},"geometry":{"type":"LineString","coordinates":[[138.491711,-35.190668],[138.490631,-35.190735]]}},{"type":"Feature","properties":{"tier":"high"},"geometry":{"type":"LineString","coordinates":[[138.490196,-35.191035],[138.490193,-35.190844],[138.490192,-35.190819],[138.490188,-35.190767]]}},{"type":"Feature","properties":{"tier":"high"},"geometry":{"type":"LineString","coordinates":[[138.490272,-35.192072],[138.490196,-35.191035]]}},{"type":"Feature","properties":{"tier":"arterial"},"geometry":{"type":"LineString","coordinates":[[138.489948,-35.190785],[138.489581,-35.190814]]}},{"type":"Feature","properties":{"tier":"regional"},"geometry":{"type":"LineString","coordinates":[[138.490582,-35.190639],[138.491265,-35.190603]]}},{"type":"Feature","properties":{"tier":"regional"},"geometry":{"type":"LineString","coordinates":[[138.490279,-35.190663],[138.490354,-35.190656],[138.490582,-35.190639]]}},{"type":"Feature","properties":{"tier":"high"},"geometry":{"type":"LineString","coordinates":[[138.491198,-35.186661],[138.490562,-35.187634],[138.490387,-35.188027],[138.490273,-35.188405],[138.490226,-35.189021]]}},{"type":"Feature","properties":{"tier":"high"},"geometry":{"type":"LineString","coordinates":[[138.492069,-35.185487],[138.491719,-35.185959]]}},{"type":"Feature","properties":{"tier":"high"},"geometry":{"type":"LineString","coordinates":[[138.490226,-35.189021],[138.490203,-35.189277],[138.490223,-35.189704]]}},{"type":"Feature","properties":{"tier":"regional"},"geometry":{"type":"LineString","coordinates":[[138.492116,-35.190656],[138.491914,-35.190661],[138.491711,-35.190668]]}},{"type":"Feature","properties":{"tier":"regional"},"geometry":{"type":"LineString","coordinates":[[138.492765,-35.190626],[138.492116,-35.190656]]}},{"type":"Feature","properties":{"tier":"regional"},"geometry":{"type":"LineString","coordinates":[[138.493277,-35.190601],[138.493024,-35.190606]]}},{"type":"Feature","properties":{"tier":"high"},"geometry":{"type":"LineString","coordinates":[[138.477813,-35.277589],[138.478039,-35.277274],[138.478298,-35.276914]]}},{"type":"Feature","properties":{"tier":"high"},"geometry":{"type":"LineString","coordinates":[[138.478396,-35.276959],[138.478147,-35.277308]]}},{"type":"Feature","properties":{"tier":"high"},"geometry":{"type":"LineString","coordinates":[[138.479891,-35.274844],[138.479329,-35.275685],[138.479065,-35.276051],[138.4786,-35.276687],[138.478396,-35.276959]]}},{"type":"Feature","properties":{"tier":"high"},"geometry":{"type":"LineString","coordinates":[[138.480995,-35.272913],[138.481348,-35.27239],[138.481953,-35.271531],[138.482601,-35.270755],[138.483058,-35.270237],[138.483722,-35.269561],[138.484568,-35.268547],[138.485196,-35.267717],[138.485794,-35.266872],[138.487703,-35.263937],[138.48865,-35.262656],[138.493377,-35.255792],[138.493702,-35.255322],[138.493904,-35.255021],[138.49411,-35.254601],[138.494244,-35.254249],[138.494517,-35.253442],[138.494587,-35.25312],[138.494703,-35.25205],[138.494712,-35.251704],[138.4947,-35.251376],[138.494658,-35.250705],[138.494509,-35.248694],[138.494472,-35.248211],[138.494438,-35.247756],[138.494294,-35.245676],[138.494207,-35.244411],[138.494084,-35.242632],[138.493931,-35.241191],[138.493827,-35.240023],[138.493507,-35.235705],[138.493291,-35.23253],[138.493018,-35.229127],[138.492923,-35.228156],[138.492866,-35.227449],[138.492829,-35.226991],[138.492777,-35.225959],[138.492744,-35.22529],[138.492499,-35.222336]]}},{"type":"Feature","properties":{"tier":"arterial"},"geometry":{"type":"LineString","coordinates":[[138.473166,-35.148933],[138.47326,-35.148901],[138.473444,-35.148847]]}},{"type":"Feature","properties":{"tier":"arterial"},"geometry":{"type":"LineString","coordinates":[[138.472568,-35.149996],[138.472644,-35.149797],[138.472735,-35.149606],[138.472804,-35.149467],[138.472898,-35.149298],[138.472915,-35.149268],[138.472936,-35.149221],[138.472946,-35.149152]]}},{"type":"Feature","properties":{"tier":"arterial"},"geometry":{"type":"LineString","coordinates":[[138.472632,-35.150005],[138.472566,-35.150186],[138.472507,-35.150472],[138.472478,-35.150672],[138.47247,-35.15071],[138.472475,-35.150749],[138.47247,-35.150802]]}},{"type":"Feature","properties":{"tier":"high"},"geometry":{"type":"LineString","coordinates":[[138.460971,-35.341655],[138.45773,-35.34492],[138.45665,-35.34624],[138.454974,-35.34847],[138.454767,-35.348737],[138.454585,-35.348999],[138.454545,-35.349042]]}},{"type":"Feature","properties":{"tier":"high"},"geometry":{"type":"LineString","coordinates":[[138.473271,-35.307431],[138.473335,-35.308335]]}},{"type":"Feature","properties":{"tier":"high"},"geometry":{"type":"LineString","coordinates":[[138.472519,-35.297702],[138.472712,-35.300275],[138.47306,-35.304736],[138.473271,-35.307431]]}},{"type":"Feature","properties":{"tier":"arterial"},"geometry":{"type":"LineString","coordinates":[[138.497294,-35.089448],[138.497032,-35.089867],[138.496781,-35.090363],[138.49668,-35.0906],[138.496577,-35.09086],[138.496462,-35.09118],[138.496356,-35.091504],[138.496216,-35.092125],[138.496153,-35.092491],[138.49611,-35.092861],[138.496088,-35.093326],[138.496093,-35.09381],[138.496132,-35.094283],[138.496204,-35.094784],[138.496262,-35.095081],[138.496341,-35.095381],[138.496451,-35.095767],[138.496584,-35.096157],[138.496714,-35.096477],[138.496857,-35.096791],[138.497041,-35.097145],[138.497144,-35.097343],[138.49732,-35.097649],[138.497994,-35.098597]]}},{"type":"Feature","properties":{"tier":"high"},"geometry":{"type":"LineString","coordinates":[[138.312951,-35.452866],[138.311686,-35.45451],[138.311122,-35.455243],[138.310695,-35.455779],[138.310336,-35.456248],[138.310137,-35.456488],[138.310082,-35.456561],[138.309277,-35.457636],[138.309129,-35.45784]]}},{"type":"Feature","properties":{"tier":"high"},"geometry":{"type":"LineString","coordinates":[[138.480412,-35.273782],[138.480711,-35.273316],[138.480995,-35.272913]]}},{"type":"Feature","properties":{"tier":"high"},"geometry":{"type":"LineString","coordinates":[[138.478298,-35.276914],[138.478499,-35.276641],[138.478754,-35.276299],[138.478963,-35.275997],[138.479218,-35.275648]]}},{"type":"Feature","properties":{"tier":"arterial"},"geometry":{"type":"LineString","coordinates":[[138.4794,-35.21578],[138.479352,-35.214886]]}},{"type":"Feature","properties":{"tier":"regional"},"geometry":{"type":"LineString","coordinates":[[138.480736,-35.233098],[138.480838,-35.234466]]}},{"type":"Feature","properties":{"tier":"high"},"geometry":{"type":"LineString","coordinates":[[138.296582,-35.471414],[138.294088,-35.472433],[138.292162,-35.473188]]}},{"type":"Feature","properties":{"tier":"high"},"geometry":{"type":"LineString","coordinates":[[138.477768,-35.27784],[138.477723,-35.277903],[138.477344,-35.278427],[138.4771,-35.27877],[138.476634,-35.279388],[138.476251,-35.279918],[138.47591,-35.280419],[138.4758,-35.28058],[138.474817,-35.282007],[138.47462,-35.282269]]}},{"type":"Feature","properties":{"tier":"high"},"geometry":{"type":"LineString","coordinates":[[138.492682,-35.222331],[138.492813,-35.223735]]}},{"type":"Feature","properties":{"tier":"regional"},"geometry":{"type":"LineString","coordinates":[[138.450582,-35.329547],[138.450427,-35.32955],[138.450281,-35.329572],[138.450143,-35.329622],[138.449994,-35.329677],[138.449838,-35.329729],[138.44972,-35.329754],[138.449554,-35.329757],[138.449353,-35.329721],[138.448908,-35.329601],[138.448712,-35.329572],[138.448538,-35.329563],[138.448455,-35.329563],[138.448408,-35.329563],[138.448341,-35.329571],[138.448282,-35.329591],[138.448233,-35.329625],[138.448207,-35.32965]]}},{"type":"Feature","properties":{"tier":"regional"},"geometry":{"type":"LineString","coordinates":[[138.462779,-35.329027],[138.462623,-35.329009],[138.462381,-35.328988],[138.462,-35.328941],[138.461868,-35.328928],[138.461674,-35.328911]]}},{"type":"Feature","properties":{"tier":"arterial"},"geometry":{"type":"LineString","coordinates":[[138.473271,-35.307431],[138.473015,-35.307449],[138.462903,-35.307935],[138.461704,-35.307994],[138.46042,-35.308056]]}},{"type":"Feature","properties":{"tier":"arterial"},"geometry":{"type":"LineString","coordinates":[[138.451739,-35.30849],[138.450816,-35.308547],[138.450313,-35.308577],[138.450233,-35.308582],[138.449716,-35.308607]]}},{"type":"Feature","properties":{"tier":"arterial"},"geometry":{"type":"LineString","coordinates":[[138.444761,-35.286452],[138.444782,-35.286508],[138.444788,-35.286549],[138.444799,-35.286607],[138.444812,-35.286696],[138.444793,-35.287129],[138.444788,-35.287199],[138.444789,-35.287247],[138.444807,-35.287296],[138.444842,-35.287358],[138.445061,-35.287611],[138.44512,-35.287695],[138.445143,-35.287726],[138.445669,-35.288406],[138.445751,-35.288512],[138.446212,-35.289096],[138.446262,-35.28918],[138.446273,-35.289203],[138.446279,-35.289222],[138.446272,-35.289249],[138.446264,-35.289272],[138.44625,-35.289289],[138.446232,-35.289311],[138.446195,-35.289326]]}},{"type":"Feature","properties":{"tier":"arterial"},"geometry":{"type":"LineString","coordinates":[[138.446195,-35.289326],[138.446206,-35.289262],[138.446213,-35.289239],[138.446207,-35.289188],[138.446193,-35.289147],[138.446163,-35.289101],[138.446124,-35.289049],[138.445717,-35.288532],[138.445631,-35.288425],[138.445096,-35.287748],[138.445071,-35.287717],[138.445013,-35.287641],[138.444888,-35.28748],[138.444861,-35.287444],[138.444802,-35.287368],[138.444774,-35.28733],[138.444763,-35.287309],[138.444752,-35.287284],[138.444749,-35.287263],[138.444746,-35.287235],[138.444745,-35.287193],[138.444748,-35.28713],[138.444755,-35.286993],[138.444764,-35.286853],[138.444766,-35.286742],[138.444762,-35.286691],[138.444756,-35.286634],[138.44475,-35.286586],[138.444738,-35.286533],[138.444724,-35.286481],[138.444716,-35.286463]]}},{"type":"Feature","properties":{"tier":"arterial"},"geometry":{"type":"LineString","coordinates":[[138.44809,-35.279053],[138.447551,-35.27908],[138.44734,-35.279087],[138.447054,-35.279108],[138.44693,-35.27911],[138.446881,-35.27911],[138.446828,-35.279111],[138.446714,-35.279101]]}},{"type":"Feature","properties":{"tier":"arterial"},"geometry":{"type":"LineString","coordinates":[[138.446714,-35.279101],[138.446184,-35.279129],[138.446067,-35.279135]]}},{"type":"Feature","properties":{"tier":"arterial"},"geometry":{"type":"LineString","coordinates":[[138.458347,-35.2787],[138.458369,-35.278728],[138.458387,-35.278785],[138.458372,-35.278846],[138.458343,-35.278882]]}},{"type":"Feature","properties":{"tier":"arterial"},"geometry":{"type":"LineString","coordinates":[[138.458328,-35.278684],[138.458347,-35.2787]]}},{"type":"Feature","properties":{"tier":"arterial"},"geometry":{"type":"LineString","coordinates":[[138.458118,-35.278679],[138.458145,-35.278663],[138.458212,-35.27865],[138.458269,-35.278657],[138.458328,-35.278684]]}},{"type":"Feature","properties":{"tier":"arterial"},"geometry":{"type":"LineString","coordinates":[[138.458065,-35.278727],[138.458096,-35.278691],[138.458118,-35.278679]]}},{"type":"Feature","properties":{"tier":"arterial"},"geometry":{"type":"LineString","coordinates":[[138.458078,-35.27887],[138.458062,-35.278847],[138.458047,-35.278784],[138.458065,-35.278727]]}},{"type":"Feature","properties":{"tier":"arterial"},"geometry":{"type":"LineString","coordinates":[[138.458098,-35.278888],[138.458078,-35.27887]]}},{"type":"Feature","properties":{"tier":"arterial"},"geometry":{"type":"LineString","coordinates":[[138.458343,-35.278882],[138.458316,-35.278902]]}},{"type":"Feature","properties":{"tier":"arterial"},"geometry":{"type":"LineString","coordinates":[[138.461795,-35.268383],[138.461297,-35.268411],[138.460658,-35.268446],[138.459942,-35.268485],[138.458532,-35.268563],[138.457793,-35.268603]]}},{"type":"Feature","properties":{"tier":"arterial"},"geometry":{"type":"LineString","coordinates":[[138.483121,-35.267401],[138.483096,-35.267398],[138.483054,-35.267382],[138.483028,-35.267359],[138.483017,-35.26734],[138.483012,-35.267319],[138.483014,-35.267292],[138.483026,-35.267266],[138.483042,-35.267249],[138.483073,-35.26723],[138.483111,-35.267222],[138.483149,-35.267224],[138.483193,-35.267243],[138.483217,-35.267267],[138.48323,-35.267296],[138.48323,-35.267325],[138.483217,-35.267355],[138.483196,-35.267377],[138.483164,-35.267394],[138.483121,-35.267401]]}},{"type":"Feature","properties":{"tier":"arterial"},"geometry":{"type":"LineString","coordinates":[[138.47649,-35.267628],[138.476486,-35.267599],[138.476482,-35.26757],[138.476468,-35.267539],[138.476452,-35.267523],[138.476396,-35.267487],[138.476325,-35.267444],[138.475945,-35.267242],[138.475857,-35.267196],[138.47452,-35.266402],[138.47075,-35.264258],[138.470011,-35.263843]]}},{"type":"Feature","properties":{"tier":"arterial"},"geometry":{"type":"LineString","coordinates":[[138.459089,-35.263808],[138.45904,-35.263858],[138.458941,-35.26392],[138.458733,-35.26404],[138.458446,-35.264204],[138.458342,-35.264263],[138.45778,-35.264565],[138.45756,-35.264667],[138.457436,-35.264722],[138.457295,-35.264776],[138.457194,-35.264815]]}},{"type":"Feature","properties":{"tier":"arterial"},"geometry":{"type":"LineString","coordinates":[[138.46256,-35.268343],[138.463286,-35.268305],[138.463568,-35.26829],[138.464308,-35.268255],[138.466487,-35.26815],[138.467801,-35.268075]]}},{"type":"Feature","properties":{"tier":"arterial"},"geometry":{"type":"LineString","coordinates":[[138.481762,-35.192355],[138.481694,-35.192348],[138.48163,-35.192326]]}},{"type":"Feature","properties":{"tier":"arterial"},"geometry":{"type":"LineString","coordinates":[[138.481988,-35.192261],[138.481889,-35.192331],[138.481762,-35.192355]]}},{"type":"Feature","properties":{"tier":"arterial"},"geometry":{"type":"LineString","coordinates":[[138.48174,-35.19191],[138.481828,-35.191915],[138.481909,-35.191943]]}},{"type":"Feature","properties":{"tier":"arterial"},"geometry":{"type":"LineString","coordinates":[[138.481539,-35.192006],[138.481627,-35.19194],[138.48174,-35.19191]]}},{"type":"Feature","properties":{"tier":"regional"},"geometry":{"type":"LineString","coordinates":[[138.481295,-35.191196],[138.481257,-35.191047],[138.481198,-35.190811]]}},{"type":"Feature","properties":{"tier":"regional"},"geometry":{"type":"LineString","coordinates":[[138.480527,-35.18834],[138.480567,-35.188326],[138.480609,-35.188322]]}},{"type":"Feature","properties":{"tier":"regional"},"geometry":{"type":"LineString","coordinates":[[138.480457,-35.188429],[138.48048,-35.188378],[138.480527,-35.18834]]}},{"type":"Feature","properties":{"tier":"regional"},"geometry":{"type":"LineString","coordinates":[[138.480469,-35.188496],[138.480457,-35.188463],[138.480457,-35.188429]]}},{"type":"Feature","properties":{"tier":"regional"},"geometry":{"type":"LineString","coordinates":[[138.480699,-35.188545],[138.48064,-35.188567],[138.480575,-35.188567]]}},{"type":"Feature","properties":{"tier":"regional"},"geometry":{"type":"LineString","coordinates":[[138.480756,-35.188472],[138.480736,-35.188513],[138.480699,-35.188545]]}},{"type":"Feature","properties":{"tier":"regional"},"geometry":{"type":"LineString","coordinates":[[138.480741,-35.188386],[138.480758,-35.188428],[138.480756,-35.188472]]}},{"type":"Feature","properties":{"tier":"regional"},"geometry":{"type":"LineString","coordinates":[[138.480609,-35.188322],[138.480686,-35.188339],[138.480741,-35.188386]]}},{"type":"Feature","properties":{"tier":"regional"},"geometry":{"type":"LineString","coordinates":[[138.480163,-35.187014],[138.480205,-35.186947]]}},{"type":"Feature","properties":{"tier":"regional"},"geometry":{"type":"LineString","coordinates":[[138.480262,-35.187005],[138.480163,-35.187014]]}},{"type":"Feature","properties":{"tier":"regional"},"geometry":{"type":"LineString","coordinates":[[138.477516,-35.187141],[138.477544,-35.18714]]}},{"type":"Feature","properties":{"tier":"regional"},"geometry":{"type":"LineString","coordinates":[[138.477221,-35.187156],[138.477311,-35.187151]]}},{"type":"Feature","properties":{"tier":"arterial"},"geometry":{"type":"LineString","coordinates":[[138.476056,-35.171404],[138.476094,-35.171424]]}},{"type":"Feature","properties":{"tier":"arterial"},"geometry":{"type":"LineString","coordinates":[[138.475926,-35.171419],[138.475966,-35.171401],[138.476011,-35.171396],[138.476056,-35.171404]]}},{"type":"Feature","properties":{"tier":"arterial"},"geometry":{"type":"LineString","coordinates":[[138.475878,-35.171501],[138.47589,-35.171455],[138.475926,-35.171419]]}},{"type":"Feature","properties":{"tier":"arterial"},"geometry":{"type":"LineString","coordinates":[[138.475112,-35.159198],[138.475133,-35.159216],[138.475146,-35.159239],[138.475151,-35.159264],[138.475146,-35.159289],[138.475132,-35.159311],[138.47511,-35.159329]]}},{"type":"Feature","properties":{"tier":"arterial"},"geometry":{"type":"LineString","coordinates":[[138.475223,-35.154984],[138.475271,-35.155012],[138.475315,-35.155069]]}},{"type":"Feature","properties":{"tier":"arterial"},"geometry":{"type":"LineString","coordinates":[[138.474947,-35.155147],[138.474944,-35.15513],[138.474949,-35.15509],[138.474965,-35.155053],[138.474992,-35.155021]]}},{"type":"Feature","properties":{"tier":"arterial"},"geometry":{"type":"LineString","coordinates":[[138.475061,-35.155271],[138.475012,-35.155246],[138.474974,-35.155211],[138.474947,-35.155147]]}},{"type":"Feature","properties":{"tier":"arterial"},"geometry":{"type":"LineString","coordinates":[[138.475271,-35.155239],[138.475225,-35.155266],[138.475172,-35.155281],[138.475116,-35.155283],[138.475061,-35.155271]]}},{"type":"Feature","properties":{"tier":"arterial"},"geometry":{"type":"LineString","coordinates":[[138.475315,-35.155069],[138.475328,-35.155099],[138.475328,-35.15515],[138.475309,-35.155198],[138.475271,-35.155239]]}},{"type":"Feature","properties":{"tier":"arterial"},"geometry":{"type":"LineString","coordinates":[[138.474998,-35.159194],[138.475026,-35.159184],[138.475056,-35.159182],[138.475085,-35.159186],[138.475112,-35.159198]]}},{"type":"Feature","properties":{"tier":"arterial"},"geometry":{"type":"LineString","coordinates":[[138.47511,-35.159329],[138.475079,-35.159342],[138.475044,-35.159345],[138.47501,-35.159338]]}},{"type":"Feature","properties":{"tier":"arterial"},"geometry":{"type":"LineString","coordinates":[[138.472299,-35.150819],[138.472313,-35.15081]]}},{"type":"Feature","properties":{"tier":"arterial"},"geometry":{"type":"LineString","coordinates":[[138.47228,-35.150953],[138.472271,-35.150938],[138.472262,-35.150907],[138.472264,-35.150872],[138.472272,-35.150853],[138.472299,-35.150819]]}},{"type":"Feature","properties":{"tier":"arterial"},"geometry":{"type":"LineString","coordinates":[[138.472296,-35.150971],[138.47228,-35.150953]]}},{"type":"Feature","properties":{"tier":"arterial"},"geometry":{"type":"LineString","coordinates":[[138.472474,-35.150988],[138.472449,-35.151001],[138.472385,-35.151007],[138.472345,-35.150999],[138.472296,-35.150971]]}},{"type":"Feature","properties":{"tier":"arterial"},"geometry":{"type":"LineString","coordinates":[[138.472313,-35.15081],[138.472336,-35.150797],[138.472375,-35.150786],[138.472398,-35.150785],[138.472431,-35.150788],[138.47247,-35.150802]]}},{"type":"Feature","properties":{"tier":"regional"},"geometry":{"type":"LineString","coordinates":[[138.46842,-35.14899],[138.469051,-35.148889],[138.469182,-35.148867],[138.469451,-35.148835],[138.469609,-35.148819],[138.469907,-35.14883]]}},{"type":"Feature","properties":{"tier":"regional"},"geometry":{"type":"LineString","coordinates":[[138.471955,-35.139446],[138.471712,-35.13945]]}},{"type":"Feature","properties":{"tier":"regional"},"geometry":{"type":"LineString","coordinates":[[138.470605,-35.139445],[138.470758,-35.139437],[138.471573,-35.139396],[138.471706,-35.139389]]}},{"type":"Feature","properties":{"tier":"regional"},"geometry":{"type":"LineString","coordinates":[[138.479421,-35.139071],[138.47941,-35.139047],[138.479409,-35.13902],[138.479418,-35.138995]]}},{"type":"Feature","properties":{"tier":"regional"},"geometry":{"type":"LineString","coordinates":[[138.47952,-35.139114],[138.47949,-35.139112],[138.479463,-35.139105],[138.479439,-35.13909],[138.479421,-35.139071]]}},{"type":"Feature","properties":{"tier":"regional"},"geometry":{"type":"LineString","coordinates":[[138.479597,-35.139073],[138.479582,-35.139088],[138.479564,-35.139101],[138.479543,-35.139109],[138.47952,-35.139114]]}},{"type":"Feature","properties":{"tier":"regional"},"geometry":{"type":"LineString","coordinates":[[138.47959,-35.138981],[138.479605,-35.139002],[138.479611,-35.139026],[138.479608,-35.139051],[138.479597,-35.139073]]}},{"type":"Feature","properties":{"tier":"arterial"},"geometry":{"type":"LineString","coordinates":[[138.446714,-35.279101],[138.446831,-35.279079],[138.446878,-35.279076],[138.447016,-35.279067],[138.447548,-35.279031],[138.447722,-35.279018]]}},{"type":"Feature","properties":{"tier":"arterial"},"geometry":{"type":"LineString","coordinates":[[138.461685,-35.278942],[138.461502,-35.278954],[138.461262,-35.278966],[138.460039,-35.279028],[138.459889,-35.279035],[138.459787,-35.279036],[138.459728,-35.279036],[138.459577,-35.279026],[138.459406,-35.279001],[138.459219,-35.278966],[138.458874,-35.278901],[138.458637,-35.278873],[138.458541,-35.278868],[138.458501,-35.278866],[138.458343,-35.278882]]}},{"type":"Feature","properties":{"tier":"arterial"},"geometry":{"type":"LineString","coordinates":[[138.467879,-35.268071],[138.469347,-35.267987],[138.470172,-35.26794],[138.470255,-35.267935]]}},{"type":"Feature","properties":{"tier":"arterial"},"geometry":{"type":"LineString","coordinates":[[138.457177,-35.264779],[138.457274,-35.264742],[138.457379,-35.264702],[138.45753,-35.26464],[138.457622,-35.264602],[138.457726,-35.26455],[138.458316,-35.264226],[138.458417,-35.26417],[138.458926,-35.263888],[138.459018,-35.263834],[138.459089,-35.263808]]}},{"type":"Feature","properties":{"tier":"regional"},"geometry":{"type":"LineString","coordinates":[[138.480699,-35.188545],[138.480725,-35.188641],[138.480821,-35.189005],[138.481066,-35.189925],[138.481173,-35.190326],[138.481206,-35.190447],[138.481287,-35.190775]]}},{"type":"Feature","properties":{"tier":"arterial"},"geometry":{"type":"LineString","coordinates":[[138.477311,-35.187151],[138.477317,-35.187221],[138.477326,-35.187332],[138.477359,-35.187715],[138.477371,-35.188038],[138.477391,-35.188347]]}},{"type":"Feature","properties":{"tier":"arterial"},"geometry":{"type":"LineString","coordinates":[[138.483415,-35.191527],[138.483479,-35.191508]]}},{"type":"Feature","properties":{"tier":"arterial"},"geometry":{"type":"LineString","coordinates":[[138.482736,-35.191865],[138.482552,-35.191928],[138.482223,-35.192045],[138.482038,-35.192146]]}},{"type":"Feature","properties":{"tier":"arterial"},"geometry":{"type":"LineString","coordinates":[[138.483479,-35.191508],[138.483532,-35.191491],[138.483617,-35.191466],[138.483685,-35.191448]]}},{"type":"Feature","properties":{"tier":"arterial"},"geometry":{"type":"LineString","coordinates":[[138.481909,-35.191943],[138.482145,-35.191927],[138.482277,-35.191904],[138.482684,-35.191765],[138.482784,-35.19173],[138.48314,-35.19161],[138.483274,-35.191568],[138.483415,-35.191527]]}},{"type":"Feature","properties":{"tier":"regional"},"geometry":{"type":"LineString","coordinates":[[138.473589,-35.328583],[138.473433,-35.328572],[138.471108,-35.328633],[138.470608,-35.328662],[138.470373,-35.328673],[138.46889,-35.328742]]}},{"type":"Feature","properties":{"tier":"regional"},"geometry":{"type":"LineString","coordinates":[[138.481054,-35.185085],[138.481045,-35.185264],[138.481094,-35.185906]]}},{"type":"Feature","properties":{"tier":"regional"},"geometry":{"type":"LineString","coordinates":[[138.481176,-35.184978],[138.481165,-35.185021]]}},{"type":"Feature","properties":{"tier":"regional"},"geometry":{"type":"LineString","coordinates":[[138.48111,-35.184886],[138.481136,-35.1849],[138.481157,-35.184922],[138.481176,-35.184978]]}},{"type":"Feature","properties":{"tier":"regional"},"geometry":{"type":"LineString","coordinates":[[138.48101,-35.184873],[138.48104,-35.184868],[138.481092,-35.184876],[138.48111,-35.184886]]}},{"type":"Feature","properties":{"tier":"regional"},"geometry":{"type":"LineString","coordinates":[[138.480918,-35.184934],[138.480945,-35.184901],[138.480989,-35.184877],[138.48101,-35.184873]]}},{"type":"Feature","properties":{"tier":"regional"},"geometry":{"type":"LineString","coordinates":[[138.480911,-35.184995],[138.480906,-35.184978],[138.480918,-35.184934]]}},{"type":"Feature","properties":{"tier":"regional"},"geometry":{"type":"LineString","coordinates":[[138.480975,-35.185074],[138.480946,-35.185056],[138.480922,-35.18503],[138.480911,-35.184995]]}},{"type":"Feature","properties":{"tier":"regional"},"geometry":{"type":"LineString","coordinates":[[138.481054,-35.185085],[138.48103,-35.185088],[138.480975,-35.185074]]}},{"type":"Feature","properties":{"tier":"high"},"geometry":{"type":"LineString","coordinates":[[138.47465,-35.3249],[138.474704,-35.325469]]}},{"type":"Feature","properties":{"tier":"arterial"},"geometry":{"type":"LineString","coordinates":[[138.484551,-35.19134],[138.484053,-35.191462],[138.483643,-35.191571],[138.483607,-35.191583],[138.483574,-35.191592],[138.483489,-35.191617]]}},{"type":"Feature","properties":{"tier":"regional"},"geometry":{"type":"LineString","coordinates":[[138.461491,-35.322782],[138.461534,-35.323458],[138.46156,-35.323852],[138.461642,-35.325135],[138.461678,-35.325625],[138.461744,-35.326534]]}},{"type":"Feature","properties":{"tier":"regional"},"geometry":{"type":"LineString","coordinates":[[138.461674,-35.328911],[138.461211,-35.328914],[138.45937,-35.328985]]}},{"type":"Feature","properties":{"tier":"regional"},"geometry":{"type":"LineString","coordinates":[[138.494098,-35.190521],[138.494192,-35.190523],[138.494357,-35.190512],[138.494518,-35.190487],[138.494748,-35.190446]]}},{"type":"Feature","properties":{"tier":"arterial"},"geometry":{"type":"LineString","coordinates":[[138.461681,-35.278885],[138.462472,-35.278835],[138.462828,-35.278813],[138.465383,-35.278689],[138.465487,-35.278684],[138.46592,-35.278663]]}},{"type":"Feature","properties":{"tier":"regional"},"geometry":{"type":"LineString","coordinates":[[138.494095,-35.190625],[138.494066,-35.19065]]}},{"type":"Feature","properties":{"tier":"regional"},"geometry":{"type":"LineString","coordinates":[[138.494098,-35.190521],[138.494104,-35.190528],[138.494113,-35.190547],[138.494116,-35.190578],[138.494106,-35.190609],[138.494095,-35.190625]]}},{"type":"Feature","properties":{"tier":"regional"},"geometry":{"type":"LineString","coordinates":[[138.493916,-35.190639],[138.493892,-35.190611],[138.493882,-35.190578],[138.493887,-35.190544],[138.493905,-35.190514]]}},{"type":"Feature","properties":{"tier":"regional"},"geometry":{"type":"LineString","coordinates":[[138.493935,-35.190652],[138.493916,-35.190639]]}},{"type":"Feature","properties":{"tier":"regional"},"geometry":{"type":"LineString","coordinates":[[138.494066,-35.19065],[138.494042,-35.190662],[138.494006,-35.190668],[138.493969,-35.190664],[138.493935,-35.190652]]}},{"type":"Feature","properties":{"tier":"regional"},"geometry":{"type":"LineString","coordinates":[[138.480205,-35.186947],[138.480262,-35.187005]]}},{"type":"Feature","properties":{"tier":"regional"},"geometry":{"type":"LineString","coordinates":[[138.482087,-35.174632],[138.482105,-35.174627],[138.482128,-35.174625],[138.482187,-35.174637],[138.482218,-35.174656]]}},{"type":"Feature","properties":{"tier":"regional"},"geometry":{"type":"LineString","coordinates":[[138.482022,-35.174675],[138.482037,-35.174656],[138.48207,-35.174636],[138.482087,-35.174632]]}},{"type":"Feature","properties":{"tier":"regional"},"geometry":{"type":"LineString","coordinates":[[138.482,-35.174738],[138.482,-35.17473],[138.482007,-35.174695],[138.482022,-35.174675]]}},{"type":"Feature","properties":{"tier":"regional"},"geometry":{"type":"LineString","coordinates":[[138.482037,-35.174804],[138.482015,-35.17478],[138.482,-35.174738]]}},{"type":"Feature","properties":{"tier":"regional"},"geometry":{"type":"LineString","coordinates":[[138.482203,-35.174812],[138.482171,-35.174828],[138.482128,-35.174834],[138.482076,-35.174825],[138.482057,-35.174815],[138.482037,-35.174804]]}},{"type":"Feature","properties":{"tier":"regional"},"geometry":{"type":"LineString","coordinates":[[138.482091,-35.180555],[138.482122,-35.180593],[138.482135,-35.180647],[138.482123,-35.180694],[138.482088,-35.180737]]}},{"type":"Feature","properties":{"tier":"regional"},"geometry":{"type":"LineString","coordinates":[[138.482066,-35.180538],[138.482091,-35.180555]]}},{"type":"Feature","properties":{"tier":"regional"},"geometry":{"type":"LineString","coordinates":[[138.481913,-35.180526],[138.481976,-35.180515],[138.482028,-35.180522],[138.482066,-35.180538]]}},{"type":"Feature","properties":{"tier":"regional"},"geometry":{"type":"LineString","coordinates":[[138.48187,-35.18055],[138.481913,-35.180526]]}},{"type":"Feature","properties":{"tier":"regional"},"geometry":{"type":"LineString","coordinates":[[138.481898,-35.180757],[138.481869,-35.180739]]}},{"type":"Feature","properties":{"tier":"regional"},"geometry":{"type":"LineString","coordinates":[[138.482059,-35.180755],[138.482034,-35.180765],[138.481976,-35.180774],[138.481915,-35.180764],[138.481898,-35.180757]]}},{"type":"Feature","properties":{"tier":"regional"},"geometry":{"type":"LineString","coordinates":[[138.482088,-35.180737],[138.482059,-35.180755]]}},{"type":"Feature","properties":{"tier":"regional"},"geometry":{"type":"LineString","coordinates":[[138.481934,-35.17848],[138.481962,-35.178514],[138.481971,-35.178554],[138.481963,-35.178591],[138.48195,-35.178607]]}},{"type":"Feature","properties":{"tier":"regional"},"geometry":{"type":"LineString","coordinates":[[138.481903,-35.178461],[138.481934,-35.17848]]}},{"type":"Feature","properties":{"tier":"regional"},"geometry":{"type":"LineString","coordinates":[[138.481767,-35.178472],[138.481786,-35.178461],[138.481821,-35.178451],[138.481844,-35.17845],[138.481903,-35.178461]]}},{"type":"Feature","properties":{"tier":"regional"},"geometry":{"type":"LineString","coordinates":[[138.481723,-35.178519],[138.481753,-35.17848],[138.481767,-35.178472]]}},{"type":"Feature","properties":{"tier":"regional"},"geometry":{"type":"LineString","coordinates":[[138.481732,-35.178604],[138.481716,-35.178562],[138.481716,-35.178554],[138.481723,-35.178519]]}},{"type":"Feature","properties":{"tier":"regional"},"geometry":{"type":"LineString","coordinates":[[138.481773,-35.178639],[138.481754,-35.178628],[138.481732,-35.178604]]}},{"type":"Feature","properties":{"tier":"regional"},"geometry":{"type":"LineString","coordinates":[[138.48195,-35.178607],[138.481934,-35.178628],[138.481929,-35.178631]]}},{"type":"Feature","properties":{"tier":"regional"},"geometry":{"type":"LineString","coordinates":[[138.48181,-35.176495],[138.481819,-35.176535],[138.481811,-35.176572]]}},{"type":"Feature","properties":{"tier":"regional"},"geometry":{"type":"LineString","coordinates":[[138.481782,-35.176462],[138.48181,-35.176495]]}},{"type":"Feature","properties":{"tier":"regional"},"geometry":{"type":"LineString","coordinates":[[138.481635,-35.176442],[138.481669,-35.176432],[138.481692,-35.176431],[138.481751,-35.176443],[138.481782,-35.176462]]}},{"type":"Feature","properties":{"tier":"regional"},"geometry":{"type":"LineString","coordinates":[[138.481572,-35.1765],[138.481601,-35.176461],[138.481635,-35.176442]]}},{"type":"Feature","properties":{"tier":"regional"},"geometry":{"type":"LineString","coordinates":[[138.48158,-35.176585],[138.481564,-35.176543],[138.481564,-35.176535],[138.481572,-35.1765]]}},{"type":"Feature","properties":{"tier":"regional"},"geometry":{"type":"LineString","coordinates":[[138.481621,-35.17662],[138.481602,-35.176609],[138.48158,-35.176585]]}},{"type":"Feature","properties":{"tier":"regional"},"geometry":{"type":"LineString","coordinates":[[138.481811,-35.176572],[138.481782,-35.176609],[138.481777,-35.176612],[138.481767,-35.176617]]}},{"type":"Feature","properties":{"tier":"regional"},"geometry":{"type":"LineString","coordinates":[[138.482667,-35.172959],[138.482677,-35.172999],[138.482668,-35.173036],[138.482639,-35.173073]]}},{"type":"Feature","properties":{"tier":"regional"},"geometry":{"type":"LineString","coordinates":[[138.482565,-35.172898],[138.482608,-35.172906],[138.48264,-35.172925],[138.482667,-35.172959]]}},{"type":"Feature","properties":{"tier":"regional"},"geometry":{"type":"LineString","coordinates":[[138.482429,-35.173027],[138.482422,-35.173007],[138.482421,-35.172999],[138.482429,-35.172964],[138.482459,-35.172925]]}},{"type":"Feature","properties":{"tier":"regional"},"geometry":{"type":"LineString","coordinates":[[138.482459,-35.173073],[138.482437,-35.173049],[138.482429,-35.173027]]}},{"type":"Feature","properties":{"tier":"regional"},"geometry":{"type":"LineString","coordinates":[[138.482593,-35.173097],[138.48255,-35.173103],[138.482497,-35.173094],[138.482479,-35.173084],[138.482459,-35.173073]]}},{"type":"Feature","properties":{"tier":"regional"},"geometry":{"type":"LineString","coordinates":[[138.482639,-35.173073],[138.482635,-35.173076],[138.482625,-35.173081],[138.482593,-35.173097]]}},{"type":"Feature","properties":{"tier":"regional"},"geometry":{"type":"LineString","coordinates":[[138.479533,-35.171849],[138.479547,-35.171841],[138.479575,-35.171835],[138.479589,-35.171832],[138.479621,-35.171837],[138.479652,-35.171853],[138.479671,-35.171875]]}},{"type":"Feature","properties":{"tier":"regional"},"geometry":{"type":"LineString","coordinates":[[138.479506,-35.171926],[138.479499,-35.171904],[138.479506,-35.171877],[138.479522,-35.171856],[138.479533,-35.171849]]}},{"type":"Feature","properties":{"tier":"regional"},"geometry":{"type":"LineString","coordinates":[[138.479671,-35.171875],[138.479679,-35.171904],[138.479674,-35.171929],[138.479653,-35.171957]]}},{"type":"Feature","properties":{"tier":"regional"},"geometry":{"type":"LineString","coordinates":[[138.477699,-35.171611],[138.477688,-35.171575],[138.477695,-35.171548],[138.477711,-35.171527],[138.477724,-35.171518]]}},{"type":"Feature","properties":{"tier":"regional"},"geometry":{"type":"LineString","coordinates":[[138.477788,-35.171648],[138.477777,-35.17165],[138.477741,-35.171643],[138.477713,-35.171627],[138.477699,-35.171611]]}},{"type":"Feature","properties":{"tier":"regional"},"geometry":{"type":"LineString","coordinates":[[138.477842,-35.171628],[138.477812,-35.171644],[138.477788,-35.171648]]}},{"type":"Feature","properties":{"tier":"regional"},"geometry":{"type":"LineString","coordinates":[[138.477859,-35.171546],[138.477867,-35.171575],[138.477863,-35.171599],[138.477842,-35.171628]]}},{"type":"Feature","properties":{"tier":"regional"},"geometry":{"type":"LineString","coordinates":[[138.479921,-35.171939],[138.480479,-35.172037],[138.48073,-35.172081],[138.480888,-35.17211],[138.481499,-35.172222],[138.481552,-35.172233],[138.481599,-35.172246],[138.481651,-35.172266],[138.481703,-35.172292],[138.48174,-35.172316],[138.481755,-35.172327]]}},{"type":"Feature","properties":{"tier":"regional"},"geometry":{"type":"LineString","coordinates":[[138.481709,-35.172368],[138.481699,-35.172361],[138.48167,-35.172342],[138.481624,-35.172319],[138.481576,-35.172301],[138.481536,-35.172289],[138.481333,-35.172246],[138.48087,-35.172162],[138.48047,-35.17209],[138.480248,-35.17205],[138.47987,-35.171986]]}},{"type":"Feature","properties":{"tier":"regional"},"geometry":{"type":"LineString","coordinates":[[138.482736,-35.171804],[138.482764,-35.171838],[138.482773,-35.171878],[138.482765,-35.171915],[138.482749,-35.171938]]}},{"type":"Feature","properties":{"tier":"regional"},"geometry":{"type":"LineString","coordinates":[[138.482705,-35.171785],[138.482736,-35.171804]]}},{"type":"Feature","properties":{"tier":"regional"},"geometry":{"type":"LineString","coordinates":[[138.482555,-35.171794],[138.482588,-35.171784],[138.482623,-35.171774],[138.482646,-35.171773],[138.482705,-35.171785]]}},{"type":"Feature","properties":{"tier":"regional"},"geometry":{"type":"LineString","coordinates":[[138.482535,-35.17183],[138.482555,-35.171794]]}},{"type":"Feature","properties":{"tier":"regional"},"geometry":{"type":"LineString","coordinates":[[138.482541,-35.171935],[138.482534,-35.171928],[138.482518,-35.171885],[138.482518,-35.171878],[138.482526,-35.171842],[138.482535,-35.17183]]}},{"type":"Feature","properties":{"tier":"regional"},"geometry":{"type":"LineString","coordinates":[[138.482749,-35.171938],[138.482731,-35.171955],[138.482721,-35.17196],[138.482689,-35.171975],[138.482658,-35.17198]]}},{"type":"Feature","properties":{"tier":"regional"},"geometry":{"type":"LineString","coordinates":[[138.480289,-35.187467],[138.480212,-35.187189],[138.480163,-35.187014]]}},{"type":"Feature","properties":{"tier":"arterial"},"geometry":{"type":"LineString","coordinates":[[138.479922,-35.222757],[138.479857,-35.222779]]}},{"type":"Feature","properties":{"tier":"arterial"},"geometry":{"type":"LineString","coordinates":[[138.47989,-35.222816],[138.479857,-35.222779]]}},{"type":"Feature","properties":{"tier":"arterial"},"geometry":{"type":"LineString","coordinates":[[138.479922,-35.222757],[138.47989,-35.222816]]}},{"type":"Feature","properties":{"tier":"arterial"},"geometry":{"type":"LineString","coordinates":[[138.477256,-35.186524],[138.477265,-35.186599],[138.477286,-35.186904]]}},{"type":"Feature","properties":{"tier":"high"},"geometry":{"type":"LineString","coordinates":[[138.472123,-35.292071],[138.472129,-35.292155],[138.472398,-35.29602],[138.472464,-35.296959],[138.472519,-35.297702]]}},{"type":"Feature","properties":{"tier":"high"},"geometry":{"type":"LineString","coordinates":[[138.472119,-35.29201],[138.472123,-35.292071]]}},{"type":"Feature","properties":{"tier":"high"},"geometry":{"type":"LineString","coordinates":[[138.473335,-35.308335],[138.47361,-35.31223],[138.47369,-35.313365]]}},{"type":"Feature","properties":{"tier":"high"},"geometry":{"type":"LineString","coordinates":[[138.47369,-35.313365],[138.473694,-35.313412]]}},{"type":"Feature","properties":{"tier":"regional"},"geometry":{"type":"LineString","coordinates":[[138.46042,-35.308056],[138.460424,-35.308119],[138.46059,-35.310292],[138.460597,-35.310378]]}},{"type":"Feature","properties":{"tier":"regional"},"geometry":{"type":"LineString","coordinates":[[138.460597,-35.310378],[138.4606,-35.310425]]}},{"type":"Feature","properties":{"tier":"regional"},"geometry":{"type":"LineString","coordinates":[[138.462,-35.328941],[138.461991,-35.329012],[138.461967,-35.329176],[138.461956,-35.329356],[138.462008,-35.330279],[138.462052,-35.33086],[138.462065,-35.331041]]}},{"type":"Feature","properties":{"tier":"regional"},"geometry":{"type":"LineString","coordinates":[[138.462065,-35.331041],[138.462071,-35.331122]]}},{"type":"Feature","properties":{"tier":"high"},"geometry":{"type":"LineString","coordinates":[[138.318596,-35.447763],[138.318403,-35.447768],[138.318187,-35.447789]]}},{"type":"Feature","properties":{"tier":"arterial"},"geometry":{"type":"LineString","coordinates":[[138.470521,-35.267888],[138.470687,-35.267881],[138.471024,-35.267868],[138.471641,-35.267843],[138.471955,-35.26783],[138.472102,-35.267824],[138.47254,-35.267801],[138.473916,-35.267748],[138.474053,-35.267722]]}},{"type":"Feature","properties":{"tier":"regional"},"geometry":{"type":"LineString","coordinates":[[138.385313,-35.373435],[138.384938,-35.373523],[138.384876,-35.37354],[138.384841,-35.37358],[138.384611,-35.374179],[138.384527,-35.374291],[138.384466,-35.374352],[138.384379,-35.374433],[138.384351,-35.374459],[138.384171,-35.374603],[138.383886,-35.374822],[138.383642,-35.37503]]}},{"type":"Feature","properties":{"tier":"regional"},"geometry":{"type":"LineString","coordinates":[[138.387422,-35.37336],[138.387328,-35.37337],[138.386974,-35.373407],[138.386656,-35.373447],[138.386641,-35.373449],[138.386491,-35.37346],[138.386416,-35.373455],[138.386349,-35.373444],[138.386295,-35.373429],[138.386223,-35.373396],[138.386172,-35.37337],[138.38611,-35.373337],[138.386013,-35.373311],[138.385954,-35.373309],[138.385926,-35.373314],[138.385835,-35.37333]]}},{"type":"Feature","properties":{"tier":"regional"},"geometry":{"type":"LineString","coordinates":[[138.462611,-35.338506],[138.462619,-35.338621],[138.462599,-35.338708],[138.462571,-35.338776],[138.462445,-35.338996],[138.462305,-35.339269],[138.462147,-35.33959],[138.462039,-35.33984],[138.461991,-35.340009],[138.461968,-35.340155],[138.461972,-35.340219],[138.461985,-35.340309],[138.462027,-35.340591]]}},{"type":"Feature","properties":{"tier":"high"},"geometry":{"type":"LineString","coordinates":[[138.494251,-35.183124],[138.494086,-35.182899],[138.494071,-35.182877],[138.494021,-35.182804]]}},{"type":"Feature","properties":{"tier":"high"},"geometry":{"type":"LineString","coordinates":[[138.493853,-35.183039],[138.493718,-35.183217],[138.493595,-35.183393],[138.493265,-35.183859]]}},{"type":"Feature","properties":{"tier":"arterial"},"geometry":{"type":"LineString","coordinates":[[138.487416,-35.130239],[138.487821,-35.130147],[138.488148,-35.130034],[138.488464,-35.129877],[138.488854,-35.129643]]}},{"type":"Feature","properties":{"tier":"arterial"},"geometry":{"type":"LineString","coordinates":[[138.487429,-35.130344],[138.48723,-35.130378],[138.487061,-35.130399],[138.486769,-35.130434],[138.486414,-35.130451],[138.486237,-35.130461],[138.486137,-35.130466],[138.48605,-35.130475],[138.485951,-35.130511],[138.485856,-35.13057]]}},{"type":"Feature","properties":{"tier":"arterial"},"geometry":{"type":"LineString","coordinates":[[138.488854,-35.129643],[138.489063,-35.129493],[138.489106,-35.129463],[138.489664,-35.129078],[138.490392,-35.12856],[138.490645,-35.1284],[138.491053,-35.128163],[138.491443,-35.128001],[138.491741,-35.127905],[138.492081,-35.127824],[138.492531,-35.127759],[138.492941,-35.127733],[138.493545,-35.127704],[138.494066,-35.127679],[138.49461,-35.127652]]}},{"type":"Feature","properties":{"tier":"regional"},"geometry":{"type":"LineString","coordinates":[[138.488938,-35.129725],[138.488983,-35.129768],[138.489372,-35.130136],[138.489693,-35.130432],[138.49077,-35.131502],[138.491015,-35.131745],[138.491188,-35.131913],[138.491644,-35.132353],[138.491882,-35.132578],[138.492264,-35.132844],[138.492273,-35.132849],[138.492621,-35.13304],[138.49312,-35.133256],[138.493427,-35.133336],[138.494713,-35.133644]]}},{"type":"Feature","properties":{"tier":"arterial"},"geometry":{"type":"LineString","coordinates":[[138.488938,-35.129725],[138.488741,-35.129855],[138.488428,-35.130024],[138.488105,-35.130164],[138.487741,-35.130279],[138.487429,-35.130344]]}},{"type":"Feature","properties":{"tier":"arterial"},"geometry":{"type":"LineString","coordinates":[[138.499195,-35.106422],[138.499126,-35.10653]]}},{"type":"Feature","properties":{"tier":"arterial"},"geometry":{"type":"LineString","coordinates":[[138.499195,-35.106422],[138.499303,-35.106416],[138.50002,-35.10638]]}},{"type":"Feature","properties":{"tier":"arterial"},"geometry":{"type":"LineString","coordinates":[[138.486534,-35.142922],[138.48657,-35.142902],[138.486617,-35.142888],[138.486697,-35.142893]]}},{"type":"Feature","properties":{"tier":"arterial"},"geometry":{"type":"LineString","coordinates":[[138.486501,-35.142958],[138.486534,-35.142922]]}},{"type":"Feature","properties":{"tier":"arterial"},"geometry":{"type":"LineString","coordinates":[[138.486501,-35.143084],[138.486483,-35.143032],[138.486483,-35.143003],[138.486501,-35.142958]]}},{"type":"Feature","properties":{"tier":"arterial"},"geometry":{"type":"LineString","coordinates":[[138.486549,-35.143129],[138.486524,-35.14311],[138.486501,-35.143084]]}},{"type":"Feature","properties":{"tier":"arterial"},"geometry":{"type":"LineString","coordinates":[[138.486729,-35.143137],[138.486657,-35.143155],[138.486603,-35.14315],[138.486549,-35.143129]]}},{"type":"Feature","properties":{"tier":"arterial"},"geometry":{"type":"LineString","coordinates":[[138.486792,-35.143082],[138.486775,-35.143104],[138.486729,-35.143137]]}},{"type":"Feature","properties":{"tier":"regional"},"geometry":{"type":"LineString","coordinates":[[138.490506,-35.117264],[138.490648,-35.11727]]}},{"type":"Feature","properties":{"tier":"regional"},"geometry":{"type":"LineString","coordinates":[[138.495922,-35.179909],[138.496175,-35.179862]]}},{"type":"Feature","properties":{"tier":"regional"},"geometry":{"type":"LineString","coordinates":[[138.496119,-35.179945],[138.495868,-35.179993]]}},{"type":"Feature","properties":{"tier":"regional"},"geometry":{"type":"LineString","coordinates":[[138.45937,-35.328985],[138.456365,-35.329114],[138.455567,-35.329149],[138.455306,-35.329171],[138.455212,-35.329182],[138.455031,-35.329204]]}},{"type":"Feature","properties":{"tier":"high"},"geometry":{"type":"LineString","coordinates":[[138.495922,-35.179909],[138.496077,-35.179665]]}},{"type":"Feature","properties":{"tier":"high"},"geometry":{"type":"LineString","coordinates":[[138.495868,-35.179993],[138.495922,-35.179909]]}},{"type":"Feature","properties":{"tier":"high"},"geometry":{"type":"LineString","coordinates":[[138.496119,-35.179945],[138.495993,-35.180118],[138.495855,-35.180314]]}},{"type":"Feature","properties":{"tier":"regional"},"geometry":{"type":"LineString","coordinates":[[138.496979,-35.179763],[138.497068,-35.179752]]}},{"type":"Feature","properties":{"tier":"regional"},"geometry":{"type":"LineString","coordinates":[[138.493756,-35.180295],[138.493634,-35.180261],[138.493617,-35.180256],[138.493507,-35.180236],[138.493313,-35.180225],[138.492978,-35.180241]]}},{"type":"Feature","properties":{"tier":"regional"},"geometry":{"type":"LineString","coordinates":[[138.492978,-35.180241],[138.492642,-35.180234]]}},{"type":"Feature","properties":{"tier":"regional"},"geometry":{"type":"LineString","coordinates":[[138.480274,-35.180739],[138.480346,-35.180736],[138.480464,-35.180731]]}},{"type":"Feature","properties":{"tier":"regional"},"geometry":{"type":"LineString","coordinates":[[138.476848,-35.180888],[138.476918,-35.180884],[138.476962,-35.180883],[138.477037,-35.180881]]}},{"type":"Feature","properties":{"tier":"arterial"},"geometry":{"type":"LineString","coordinates":[[138.476848,-35.180888],[138.47685,-35.180923],[138.476854,-35.180975],[138.476863,-35.181088]]}},{"type":"Feature","properties":{"tier":"regional"},"geometry":{"type":"LineString","coordinates":[[138.479206,-35.1674],[138.47882,-35.167468],[138.478365,-35.167515],[138.477704,-35.167515],[138.477659,-35.167517],[138.477411,-35.167548],[138.477007,-35.167636],[138.476921,-35.167658],[138.476641,-35.167711],[138.476543,-35.16773],[138.476172,-35.16776],[138.47603,-35.16778]]}},{"type":"Feature","properties":{"tier":"regional"},"geometry":{"type":"LineString","coordinates":[[138.476007,-35.167666],[138.476065,-35.167677],[138.476169,-35.16768],[138.476462,-35.167656],[138.476595,-35.167634],[138.476754,-35.167608],[138.476898,-35.167575],[138.477106,-35.167526],[138.47735,-35.167469],[138.477565,-35.167435],[138.477697,-35.167427],[138.478353,-35.167421],[138.478758,-35.167382],[138.479118,-35.167332],[138.479181,-35.167318]]}},{"type":"Feature","properties":{"tier":"arterial"},"geometry":{"type":"LineString","coordinates":[[138.477433,-35.190096],[138.4774,-35.189611],[138.477395,-35.189518]]}},{"type":"Feature","properties":{"tier":"arterial"},"geometry":{"type":"LineString","coordinates":[[138.477514,-35.190182],[138.47759,-35.190801],[138.477601,-35.190926]]}},{"type":"Feature","properties":{"tier":"arterial"},"geometry":{"type":"LineString","coordinates":[[138.477438,-35.189134],[138.47747,-35.189593],[138.477475,-35.189663]]}},{"type":"Feature","properties":{"tier":"arterial"},"geometry":{"type":"LineString","coordinates":[[138.485664,-35.129326],[138.485685,-35.129688],[138.485715,-35.129925],[138.485746,-35.130055],[138.485787,-35.130207],[138.485801,-35.130274]]}},{"type":"Feature","properties":{"tier":"arterial"},"geometry":{"type":"LineString","coordinates":[[138.48544,-35.130251],[138.485477,-35.130165],[138.485512,-35.130069],[138.485536,-35.129976],[138.485537,-35.129952],[138.485539,-35.129855],[138.485532,-35.12972],[138.485522,-35.12958],[138.485511,-35.129437],[138.485505,-35.129331],[138.485493,-35.129117],[138.485486,-35.128919],[138.485464,-35.12843]]}},{"type":"Feature","properties":{"tier":"arterial"},"geometry":{"type":"LineString","coordinates":[[138.477209,-35.186999],[138.477208,-35.18698],[138.477174,-35.186516],[138.477113,-35.186016],[138.477108,-35.185965]]}},{"type":"Feature","properties":{"tier":"regional"},"geometry":{"type":"LineString","coordinates":[[138.479386,-35.187037],[138.479461,-35.187032]]}},{"type":"Feature","properties":{"tier":"regional"},"geometry":{"type":"LineString","coordinates":[[138.480993,-35.185912],[138.480956,-35.185454],[138.480951,-35.185368],[138.480975,-35.185074]]}},{"type":"Feature","properties":{"tier":"regional"},"geometry":{"type":"LineString","coordinates":[[138.481094,-35.185906],[138.481117,-35.186196],[138.481133,-35.186412],[138.481142,-35.186581]]}},{"type":"Feature","properties":{"tier":"arterial"},"geometry":{"type":"LineString","coordinates":[[138.477852,-35.193505],[138.477859,-35.193599],[138.477871,-35.1937]]}},{"type":"Feature","properties":{"tier":"arterial"},"geometry":{"type":"LineString","coordinates":[[138.479603,-35.192939],[138.479509,-35.192923],[138.479377,-35.192962],[138.479282,-35.192955]]}},{"type":"Feature","properties":{"tier":"high"},"geometry":{"type":"LineString","coordinates":[[138.490167,-35.190675],[138.490158,-35.190626],[138.490133,-35.190437]]}},{"type":"Feature","properties":{"tier":"arterial"},"geometry":{"type":"LineString","coordinates":[[138.490188,-35.190767],[138.490099,-35.190774],[138.489948,-35.190785]]}},{"type":"Feature","properties":{"tier":"high"},"geometry":{"type":"LineString","coordinates":[[138.490188,-35.190767],[138.490167,-35.190675]]}},{"type":"Feature","properties":{"tier":"regional"},"geometry":{"type":"LineString","coordinates":[[138.494748,-35.190446],[138.495259,-35.190415],[138.496536,-35.190336],[138.49676,-35.190353]]}},{"type":"Feature","properties":{"tier":"regional"},"geometry":{"type":"LineString","coordinates":[[138.494754,-35.190505],[138.494363,-35.190571],[138.494205,-35.190589],[138.494145,-35.1906],[138.494095,-35.190625]]}},{"type":"Feature","properties":{"tier":"arterial"},"geometry":{"type":"LineString","coordinates":[[138.480065,-35.222723],[138.47997,-35.222744],[138.479922,-35.222757]]}},{"type":"Feature","properties":{"tier":"high"},"geometry":{"type":"LineString","coordinates":[[138.4275,-35.416128],[138.427325,-35.416169],[138.427024,-35.416221],[138.426904,-35.416233],[138.426389,-35.416325],[138.426152,-35.416354],[138.426006,-35.416357],[138.425814,-35.416351],[138.425626,-35.416336],[138.425346,-35.416305],[138.425263,-35.416301],[138.425168,-35.416297],[138.425073,-35.4163],[138.424999,-35.416307],[138.424928,-35.416319],[138.424863,-35.416333],[138.424817,-35.416346],[138.424761,-35.416364],[138.424705,-35.416385],[138.424634,-35.416417],[138.42458,-35.416446],[138.424493,-35.416502],[138.424442,-35.416541],[138.424353,-35.416618],[138.424209,-35.416745],[138.424018,-35.416937],[138.423923,-35.417046],[138.423841,-35.417147],[138.423761,-35.417243],[138.423674,-35.417328],[138.42354,-35.417433],[138.423271,-35.417624],[138.422729,-35.417949],[138.421967,-35.418428],[138.420984,-35.419031],[138.420749,-35.419168],[138.42048,-35.419311],[138.419459,-35.419836],[138.41915,-35.419983],[138.418957,-35.420061],[138.418742,-35.420144],[138.418566,-35.42022],[138.418016,-35.420459],[138.417738,-35.420592],[138.417597,-35.420665],[138.417457,-35.420742],[138.417295,-35.420827],[138.41712,-35.420904],[138.416981,-35.420957],[138.416847,-35.420995],[138.416727,-35.42102],[138.416604,-35.421035],[138.416413,-35.421064],[138.416312,-35.421078],[138.416233,-35.421097],[138.416125,-35.421135],[138.416071,-35.42116],[138.415983,-35.421211],[138.415926,-35.421254],[138.415863,-35.421312],[138.415811,-35.421371],[138.41578,-35.421416],[138.415621,-35.42163],[138.415408,-35.421912],[138.415272,-35.422071],[138.415213,-35.422125],[138.415175,-35.422155],[138.41511,-35.422199],[138.415027,-35.422245],[138.414969,-35.422272],[138.414869,-35.422309],[138.414753,-35.422338],[138.414663,-35.422353],[138.414583,-35.42236],[138.414511,-35.422361],[138.414427,-35.422358],[138.414356,-35.42235],[138.414252,-35.422331],[138.414193,-35.422315],[138.41412,-35.422294],[138.414042,-35.422266],[138.41396,-35.422253],[138.413906,-35.422251],[138.41383,-35.422255],[138.413758,-35.422267],[138.413685,-35.422288],[138.413624,-35.422314],[138.413564,-35.422349],[138.413511,-35.422401],[138.413426,-35.42249],[138.413323,-35.422597],[138.413237,-35.422696],[138.413229,-35.422703],[138.413152,-35.42276],[138.413066,-35.42281],[138.412981,-35.422848],[138.412888,-35.42288],[138.412806,-35.4229],[138.412706,-35.422915],[138.412591,-35.422921],[138.412481,-35.422916],[138.412346,-35.422901],[138.412094,-35.422866],[138.411766,-35.422809],[138.411601,-35.422788],[138.411425,-35.422775],[138.410995,-35.422753],[138.410324,-35.422716],[138.409963,-35.422689],[138.409755,-35.422662],[138.409578,-35.42263],[138.409353,-35.422583],[138.40865,-35.42243],[138.408336,-35.422349],[138.407797,-35.422204],[138.40737,-35.422078],[138.407174,-35.422031],[138.40682,-35.421949],[138.406571,-35.421901],[138.405915,-35.421795],[138.40496,-35.42164],[138.404498,-35.42157],[138.404298,-35.421547],[138.404088,-35.421546],[138.403852,-35.421558],[138.403581,-35.421588],[138.4031,-35.421646],[138.402219,-35.421773]]}},{"type":"Feature","properties":{"tier":"high"},"geometry":{"type":"LineString","coordinates":[[138.402219,-35.421773],[138.401906,-35.421821]]}},{"type":"Feature","properties":{"tier":"high"},"geometry":{"type":"LineString","coordinates":[[138.276914,-35.483024],[138.277628,-35.483358],[138.278381,-35.483612],[138.278499,-35.483663],[138.278613,-35.48373],[138.278714,-35.483818],[138.278799,-35.483922],[138.278853,-35.484039],[138.278883,-35.484165],[138.278889,-35.484292],[138.278874,-35.484417],[138.278676,-35.48515],[138.27861,-35.485517],[138.278568,-35.486172],[138.278461,-35.488172],[138.27846,-35.48832],[138.278471,-35.488501],[138.27849,-35.488652],[138.278529,-35.488823],[138.278582,-35.488995],[138.278638,-35.489148],[138.278731,-35.489356],[138.278809,-35.489486],[138.278913,-35.489643],[138.279129,-35.48996],[138.279705,-35.49077],[138.279776,-35.490877],[138.279834,-35.490985],[138.27986,-35.491047],[138.279884,-35.491112],[138.279907,-35.491178],[138.279927,-35.491256],[138.279936,-35.491369],[138.27992,-35.491516],[138.279887,-35.491673],[138.279631,-35.492915],[138.279349,-35.494285],[138.279218,-35.494892]]}},{"type":"Feature","properties":{"tier":"high"},"geometry":{"type":"LineString","coordinates":[[138.279218,-35.494892],[138.279177,-35.49508]]}},{"type":"Feature","properties":{"tier":"arterial"},"geometry":{"type":"LineString","coordinates":[[138.482978,-35.376399],[138.482904,-35.376533],[138.482661,-35.376856]]}},{"type":"Feature","properties":{"tier":"arterial"},"geometry":{"type":"LineString","coordinates":[[138.483051,-35.376266],[138.482978,-35.376399]]}},{"type":"Feature","properties":{"tier":"high"},"geometry":{"type":"LineString","coordinates":[[138.401906,-35.421821],[138.401356,-35.421904],[138.401148,-35.421943],[138.400963,-35.42199],[138.400799,-35.422045],[138.400628,-35.42211],[138.4003,-35.422235],[138.399915,-35.422385],[138.399508,-35.422569],[138.399319,-35.422669],[138.399147,-35.422775],[138.39898,-35.422908],[138.398836,-35.423049],[138.398708,-35.423183],[138.398617,-35.4233],[138.397768,-35.424464],[138.39686,-35.425652],[138.39632,-35.426391],[138.395922,-35.426916],[138.395338,-35.427586],[138.39493,-35.428036],[138.394797,-35.428164],[138.394691,-35.428246],[138.39454,-35.428348],[138.394329,-35.428459],[138.394015,-35.428606],[138.393263,-35.428913],[138.391924,-35.429455],[138.391587,-35.429611],[138.391302,-35.429752],[138.39103,-35.429901],[138.39078,-35.430042],[138.390429,-35.430228],[138.390231,-35.430334],[138.389927,-35.430484],[138.389725,-35.430563],[138.389456,-35.430662],[138.38881,-35.430888],[138.38818,-35.43112],[138.387051,-35.431599],[138.386554,-35.431816],[138.386429,-35.431871],[138.386019,-35.432056],[138.385884,-35.432127],[138.385776,-35.432203],[138.38567,-35.432299],[138.385179,-35.432763],[138.384786,-35.43313],[138.38438,-35.433513],[138.383706,-35.434137],[138.382478,-35.435392],[138.382245,-35.43562]]}},{"type":"Feature","properties":{"tier":"high"},"geometry":{"type":"LineString","coordinates":[[138.382245,-35.43562],[138.382188,-35.435676]]}},{"type":"Feature","properties":{"tier":"high"},"geometry":{"type":"LineString","coordinates":[[138.46957,-35.382965],[138.469749,-35.383395],[138.469877,-35.383721],[138.469902,-35.383919],[138.469925,-35.384114]]}},{"type":"Feature","properties":{"tier":"high"},"geometry":{"type":"LineString","coordinates":[[138.469515,-35.38284],[138.46957,-35.382965]]}},{"type":"Feature","properties":{"tier":"high"},"geometry":{"type":"LineString","coordinates":[[138.498523,-35.189678],[138.498567,-35.189662],[138.498614,-35.18965],[138.498662,-35.189645],[138.498711,-35.189645],[138.498759,-35.189651],[138.498806,-35.189662]]}},{"type":"Feature","properties":{"tier":"arterial"},"geometry":{"type":"LineString","coordinates":[[138.486291,-35.138721],[138.486296,-35.138783],[138.486306,-35.138927]]}},{"type":"Feature","properties":{"tier":"arterial"},"geometry":{"type":"LineString","coordinates":[[138.486526,-35.13862],[138.486687,-35.138612],[138.486833,-35.138604]]}},{"type":"Feature","properties":{"tier":"arterial"},"geometry":{"type":"LineString","coordinates":[[138.499701,-35.102002],[138.499685,-35.101938],[138.499585,-35.101582],[138.499524,-35.101399],[138.499432,-35.101129],[138.499347,-35.100934]]}},{"type":"Feature","properties":{"tier":"arterial"},"geometry":{"type":"LineString","coordinates":[[138.499703,-35.10201],[138.499701,-35.102002]]}},{"type":"Feature","properties":{"tier":"arterial"},"geometry":{"type":"LineString","coordinates":[[138.491847,-35.113083],[138.491862,-35.113102],[138.491867,-35.113118],[138.491869,-35.113129],[138.491873,-35.113166],[138.491871,-35.113202],[138.491864,-35.113228],[138.491806,-35.11338],[138.491821,-35.113498]]}},{"type":"Feature","properties":{"tier":"arterial"},"geometry":{"type":"LineString","coordinates":[[138.491847,-35.113083],[138.491949,-35.112904],[138.491981,-35.112851],[138.492051,-35.112738],[138.492182,-35.112541],[138.492359,-35.112288],[138.492526,-35.112066],[138.492698,-35.111859]]}},{"type":"Feature","properties":{"tier":"arterial"},"geometry":{"type":"LineString","coordinates":[[138.490466,-35.11736],[138.490506,-35.117264]]}},{"type":"Feature","properties":{"tier":"arterial"},"geometry":{"type":"LineString","coordinates":[[138.486124,-35.125625],[138.486313,-35.1252],[138.486406,-35.124996]]}},{"type":"Feature","properties":{"tier":"arterial"},"geometry":{"type":"LineString","coordinates":[[138.486191,-35.136946],[138.486209,-35.137302],[138.486224,-35.137601],[138.486232,-35.137873]]}},{"type":"Feature","properties":{"tier":"arterial"},"geometry":{"type":"LineString","coordinates":[[138.486049,-35.136954],[138.486016,-35.136368],[138.486006,-35.136199],[138.486003,-35.136142]]}},{"type":"Feature","properties":{"tier":"arterial"},"geometry":{"type":"LineString","coordinates":[[138.486175,-35.136686],[138.486191,-35.136946]]}},{"type":"Feature","properties":{"tier":"high"},"geometry":{"type":"LineString","coordinates":[[138.480234,-35.274377],[138.480131,-35.274505]]}},{"type":"Feature","properties":{"tier":"arterial"},"geometry":{"type":"LineString","coordinates":[[138.476911,-35.277768],[138.476833,-35.277766],[138.476135,-35.277766],[138.475972,-35.277711]]}},{"type":"Feature","properties":{"tier":"high"},"geometry":{"type":"LineString","coordinates":[[138.454486,-35.349107],[138.454461,-35.349134],[138.454326,-35.349262],[138.454247,-35.349328]]}},{"type":"Feature","properties":{"tier":"high"},"geometry":{"type":"LineString","coordinates":[[138.454545,-35.349042],[138.454486,-35.349107]]}},{"type":"Feature","properties":{"tier":"high"},"geometry":{"type":"LineString","coordinates":[[138.456164,-35.365609],[138.456187,-35.365692]]}},{"type":"Feature","properties":{"tier":"arterial"},"geometry":{"type":"LineString","coordinates":[[138.476491,-35.177275],[138.476529,-35.177729],[138.476583,-35.178414],[138.476621,-35.178883],[138.476654,-35.179157],[138.476679,-35.17934],[138.476688,-35.179404],[138.476713,-35.179574]]}},{"type":"Feature","properties":{"tier":"regional"},"geometry":{"type":"LineString","coordinates":[[138.476615,-35.17607],[138.476653,-35.176071],[138.476714,-35.176072],[138.476783,-35.176083],[138.476841,-35.176098],[138.476905,-35.176121],[138.476966,-35.176143],[138.477054,-35.176195],[138.477201,-35.176315],[138.477219,-35.176332],[138.4773,-35.176408],[138.477365,-35.176496],[138.477397,-35.17657],[138.477414,-35.176611],[138.477431,-35.176647],[138.477448,-35.17667],[138.47746,-35.176682],[138.477468,-35.17669],[138.4775,-35.176708],[138.477546,-35.176718],[138.477585,-35.176718],[138.477599,-35.176718],[138.477657,-35.176715],[138.478154,-35.176687],[138.478878,-35.176651]]}},{"type":"Feature","properties":{"tier":"regional"},"geometry":{"type":"LineString","coordinates":[[138.476404,-35.176077],[138.476451,-35.176075],[138.47654,-35.176072]]}},{"type":"Feature","properties":{"tier":"arterial"},"geometry":{"type":"LineString","coordinates":[[138.476404,-35.176077],[138.476408,-35.176143]]}},{"type":"Feature","properties":{"tier":"regional"},"geometry":{"type":"LineString","coordinates":[[138.47065,-35.134844],[138.470584,-35.134826],[138.470364,-35.134774]]}},{"type":"Feature","properties":{"tier":"arterial"},"geometry":{"type":"LineString","coordinates":[[138.46042,-35.308056],[138.460361,-35.308059],[138.457911,-35.308182],[138.457444,-35.308205],[138.457379,-35.308208],[138.456498,-35.308252]]}},{"type":"Feature","properties":{"tier":"arterial"},"geometry":{"type":"LineString","coordinates":[[138.456498,-35.308252],[138.456439,-35.308255]]}},{"type":"Feature","properties":{"tier":"regional"},"geometry":{"type":"LineString","coordinates":[[138.499514,-35.144579],[138.49954,-35.144692]]}},{"type":"Feature","properties":{"tier":"regional"},"geometry":{"type":"LineString","coordinates":[[138.49954,-35.144692],[138.499561,-35.144747],[138.499593,-35.144882],[138.499649,-35.14514],[138.49961,-35.145242]]}},{"type":"Feature","properties":{"tier":"arterial"},"geometry":{"type":"LineString","coordinates":[[138.473272,-35.149134],[138.473228,-35.149183],[138.473166,-35.149214],[138.473121,-35.149222],[138.473055,-35.149218],[138.472996,-35.149195],[138.472969,-35.149176],[138.472946,-35.149152]]}},{"type":"Feature","properties":{"tier":"arterial"},"geometry":{"type":"LineString","coordinates":[[138.472946,-35.149152],[138.472931,-35.149127],[138.47292,-35.149094],[138.472925,-35.149032]]}},{"type":"Feature","properties":{"tier":"arterial"},"geometry":{"type":"LineString","coordinates":[[138.473166,-35.148933],[138.473241,-35.14897],[138.473273,-35.14901],[138.473283,-35.14904],[138.473287,-35.149051],[138.473272,-35.149134]]}},{"type":"Feature","properties":{"tier":"arterial"},"geometry":{"type":"LineString","coordinates":[[138.473013,-35.148941],[138.473048,-35.148927],[138.473075,-35.148922],[138.473147,-35.148924],[138.473166,-35.148933]]}},{"type":"Feature","properties":{"tier":"high"},"geometry":{"type":"LineString","coordinates":[[138.309087,-35.457899],[138.308581,-35.458531],[138.308155,-35.459085],[138.307221,-35.460295],[138.307176,-35.460352],[138.307118,-35.460424],[138.305732,-35.462238],[138.304743,-35.463514],[138.304313,-35.464056],[138.303978,-35.464476]]}},{"type":"Feature","properties":{"tier":"arterial"},"geometry":{"type":"LineString","coordinates":[[138.486306,-35.138927],[138.486322,-35.139084]]}},{"type":"Feature","properties":{"tier":"arterial"},"geometry":{"type":"LineString","coordinates":[[138.486232,-35.137873],[138.486267,-35.138362]]}},{"type":"Feature","properties":{"tier":"arterial"},"geometry":{"type":"LineString","coordinates":[[138.486153,-35.136336],[138.486175,-35.136686]]}},{"type":"Feature","properties":{"tier":"arterial"},"geometry":{"type":"LineString","coordinates":[[138.48628,-35.139611],[138.486249,-35.13943],[138.48622,-35.13922]]}},{"type":"Feature","properties":{"tier":"regional"},"geometry":{"type":"LineString","coordinates":[[138.485389,-35.138691],[138.485442,-35.138689],[138.485675,-35.138677],[138.485863,-35.138668]]}},{"type":"Feature","properties":{"tier":"regional"},"geometry":{"type":"LineString","coordinates":[[138.48593,-35.138741],[138.485785,-35.138748],[138.485476,-35.138763]]}},{"type":"Feature","properties":{"tier":"arterial"},"geometry":{"type":"LineString","coordinates":[[138.499202,-35.138009],[138.5,-35.137969]]}},{"type":"Feature","properties":{"tier":"arterial"},"geometry":{"type":"LineString","coordinates":[[138.495658,-35.138185],[138.495852,-35.138175],[138.496254,-35.138154]]}},{"type":"Feature","properties":{"tier":"arterial"},"geometry":{"type":"LineString","coordinates":[[138.494177,-35.138262],[138.495658,-35.138185]]}},{"type":"Feature","properties":{"tier":"arterial"},"geometry":{"type":"LineString","coordinates":[[138.488224,-35.138574],[138.487744,-35.138599]]}},{"type":"Feature","properties":{"tier":"arterial"},"geometry":{"type":"LineString","coordinates":[[138.486833,-35.138604],[138.487197,-35.138627]]}},{"type":"Feature","properties":{"tier":"arterial"},"geometry":{"type":"LineString","coordinates":[[138.486047,-35.134994],[138.486067,-35.135212],[138.486092,-35.135489]]}},{"type":"Feature","properties":{"tier":"arterial"},"geometry":{"type":"LineString","coordinates":[[138.485994,-35.134207],[138.486,-35.134301],[138.486047,-35.134994]]}},{"type":"Feature","properties":{"tier":"arterial"},"geometry":{"type":"LineString","coordinates":[[138.485622,-35.128428],[138.485627,-35.128623],[138.485637,-35.12892],[138.485652,-35.129128],[138.485664,-35.129326]]}},{"type":"Feature","properties":{"tier":"arterial"},"geometry":{"type":"LineString","coordinates":[[138.486728,-35.124671],[138.486361,-35.125447]]}},{"type":"Feature","properties":{"tier":"arterial"},"geometry":{"type":"LineString","coordinates":[[138.48709,-35.123886],[138.486728,-35.124671]]}},{"type":"Feature","properties":{"tier":"arterial"},"geometry":{"type":"LineString","coordinates":[[138.488717,-35.120676],[138.488407,-35.121155],[138.488259,-35.121417]]}},{"type":"Feature","properties":{"tier":"arterial"},"geometry":{"type":"LineString","coordinates":[[138.489024,-35.12023],[138.488869,-35.120463],[138.488717,-35.120676]]}},{"type":"Feature","properties":{"tier":"arterial"},"geometry":{"type":"LineString","coordinates":[[138.489416,-35.119673],[138.489024,-35.12023]]}},{"type":"Feature","properties":{"tier":"arterial"},"geometry":{"type":"LineString","coordinates":[[138.489873,-35.118955],[138.489613,-35.119382],[138.489416,-35.119673]]}},{"type":"Feature","properties":{"tier":"arterial"},"geometry":{"type":"LineString","coordinates":[[138.490498,-35.117682],[138.490202,-35.118344],[138.490036,-35.118654],[138.489873,-35.118955]]}},{"type":"Feature","properties":{"tier":"arterial"},"geometry":{"type":"LineString","coordinates":[[138.490614,-35.117366],[138.490592,-35.117428],[138.490522,-35.117628],[138.490498,-35.117682]]}},{"type":"Feature","properties":{"tier":"arterial"},"geometry":{"type":"LineString","coordinates":[[138.491287,-35.11501],[138.491186,-35.115431],[138.491082,-35.11584]]}},{"type":"Feature","properties":{"tier":"arterial"},"geometry":{"type":"LineString","coordinates":[[138.492135,-35.11293],[138.491968,-35.113224],[138.491821,-35.113498]]}},{"type":"Feature","properties":{"tier":"arterial"},"geometry":{"type":"LineString","coordinates":[[138.49283,-35.111972],[138.492664,-35.112172],[138.492507,-35.112374],[138.492331,-35.112622],[138.492135,-35.11293]]}},{"type":"Feature","properties":{"tier":"arterial"},"geometry":{"type":"LineString","coordinates":[[138.493361,-35.111391],[138.493154,-35.111613],[138.49283,-35.111972]]}},{"type":"Feature","properties":{"tier":"arterial"},"geometry":{"type":"LineString","coordinates":[[138.494567,-35.110407],[138.494051,-35.110796],[138.493771,-35.11102],[138.493492,-35.111265],[138.493361,-35.111391]]}},{"type":"Feature","properties":{"tier":"arterial"},"geometry":{"type":"LineString","coordinates":[[138.496862,-35.108854],[138.495617,-35.109695]]}},{"type":"Feature","properties":{"tier":"arterial"},"geometry":{"type":"LineString","coordinates":[[138.498735,-35.107101],[138.497985,-35.107947]]}},{"type":"Feature","properties":{"tier":"arterial"},"geometry":{"type":"LineString","coordinates":[[138.495326,-35.109706],[138.496656,-35.108793]]}},{"type":"Feature","properties":{"tier":"arterial"},"geometry":{"type":"LineString","coordinates":[[138.493541,-35.11099],[138.493695,-35.110857],[138.493995,-35.110617],[138.494233,-35.110433],[138.494626,-35.110157]]}},{"type":"Feature","properties":{"tier":"arterial"},"geometry":{"type":"LineString","coordinates":[[138.491331,-35.114264],[138.491439,-35.113954],[138.491505,-35.113779],[138.491581,-35.113602]]}},{"type":"Feature","properties":{"tier":"arterial"},"geometry":{"type":"LineString","coordinates":[[138.490703,-35.116646],[138.490766,-35.116438],[138.490845,-35.116137],[138.491009,-35.115459]]}},{"type":"Feature","properties":{"tier":"arterial"},"geometry":{"type":"LineString","coordinates":[[138.490506,-35.117264],[138.490524,-35.117207],[138.490623,-35.116904],[138.490703,-35.116646]]}},{"type":"Feature","properties":{"tier":"arterial"},"geometry":{"type":"LineString","coordinates":[[138.490049,-35.118328],[138.490272,-35.117838]]}},{"type":"Feature","properties":{"tier":"arterial"},"geometry":{"type":"LineString","coordinates":[[138.487991,-35.121594],[138.488286,-35.121074],[138.488637,-35.120524]]}},{"type":"Feature","properties":{"tier":"arterial"},"geometry":{"type":"LineString","coordinates":[[138.487057,-35.123604],[138.487184,-35.123314],[138.48727,-35.123125],[138.487345,-35.122961],[138.487654,-35.122292],[138.487991,-35.121594]]}},{"type":"Feature","properties":{"tier":"arterial"},"geometry":{"type":"LineString","coordinates":[[138.48668,-35.124408],[138.486925,-35.123885]]}},{"type":"Feature","properties":{"tier":"arterial"},"geometry":{"type":"LineString","coordinates":[[138.486406,-35.124996],[138.486515,-35.124755],[138.48668,-35.124408]]}},{"type":"Feature","properties":{"tier":"arterial"},"geometry":{"type":"LineString","coordinates":[[138.485679,-35.131668],[138.485656,-35.131429]]}},{"type":"Feature","properties":{"tier":"regional"},"geometry":{"type":"LineString","coordinates":[[138.475645,-35.180961],[138.476025,-35.180931]]}},{"type":"Feature","properties":{"tier":"arterial"},"geometry":{"type":"LineString","coordinates":[[138.455013,-35.494394],[138.455523,-35.494489],[138.456073,-35.494446]]}},{"type":"Feature","properties":{"tier":"arterial"},"geometry":{"type":"LineString","coordinates":[[138.454899,-35.494345],[138.455013,-35.494394]]}},{"type":"Feature","properties":{"tier":"arterial"},"geometry":{"type":"LineString","coordinates":[[138.482789,-35.492598],[138.484094,-35.4924],[138.484804,-35.492102],[138.486453,-35.490642],[138.487,-35.49016],[138.488032,-35.489843],[138.489538,-35.489802],[138.496762,-35.489798],[138.497486,-35.490027],[138.497717,-35.490088],[138.498323,-35.490319],[138.50002,-35.491317]]}},{"type":"Feature","properties":{"tier":"arterial"},"geometry":{"type":"LineString","coordinates":[[138.480608,-35.492889],[138.481889,-35.492751],[138.482641,-35.492626]]}},{"type":"Feature","properties":{"tier":"arterial"},"geometry":{"type":"LineString","coordinates":[[138.482641,-35.492626],[138.482789,-35.492598]]}},{"type":"Feature","properties":{"tier":"regional"},"geometry":{"type":"LineString","coordinates":[[138.487377,-35.201438],[138.487351,-35.201394],[138.487346,-35.201345],[138.487354,-35.201314]]}},{"type":"Feature","properties":{"tier":"regional"},"geometry":{"type":"LineString","coordinates":[[138.487564,-35.201223],[138.487618,-35.201244],[138.487661,-35.201281]]}},{"type":"Feature","properties":{"tier":"regional"},"geometry":{"type":"LineString","coordinates":[[138.487426,-35.201239],[138.487481,-35.201221],[138.487564,-35.201223]]}},{"type":"Feature","properties":{"tier":"regional"},"geometry":{"type":"LineString","coordinates":[[138.487449,-35.201486],[138.487399,-35.201459],[138.487377,-35.201438]]}},{"type":"Feature","properties":{"tier":"regional"},"geometry":{"type":"LineString","coordinates":[[138.487606,-35.201478],[138.48755,-35.201495],[138.487491,-35.201496],[138.487449,-35.201486]]}},{"type":"Feature","properties":{"tier":"regional"},"geometry":{"type":"LineString","coordinates":[[138.487673,-35.201416],[138.48764,-35.201456],[138.487606,-35.201478]]}},{"type":"Feature","properties":{"tier":"regional"},"geometry":{"type":"LineString","coordinates":[[138.487354,-35.201314],[138.487382,-35.201271],[138.487426,-35.201239]]}},{"type":"Feature","properties":{"tier":"arterial"},"geometry":{"type":"LineString","coordinates":[[138.49461,-35.127652],[138.49591,-35.127583],[138.496892,-35.12753]]}},{"type":"Feature","properties":{"tier":"arterial"},"geometry":{"type":"LineString","coordinates":[[138.494618,-35.127747],[138.494385,-35.12776],[138.494072,-35.127777],[138.493554,-35.127804],[138.492498,-35.127869],[138.492033,-35.127942],[138.491679,-35.12802],[138.491345,-35.128147],[138.491048,-35.128298],[138.490738,-35.128471],[138.490455,-35.128659],[138.489246,-35.129512],[138.4892,-35.129544],[138.488938,-35.129725]]}},{"type":"Feature","properties":{"tier":"arterial"},"geometry":{"type":"LineString","coordinates":[[138.50002,-35.127486],[138.499726,-35.127501],[138.498706,-35.127554],[138.498627,-35.127558],[138.498229,-35.127578]]}},{"type":"Feature","properties":{"tier":"arterial"},"geometry":{"type":"LineString","coordinates":[[138.44809,-35.279053],[138.448125,-35.278992]]}},{"type":"Feature","properties":{"tier":"arterial"},"geometry":{"type":"LineString","coordinates":[[138.474277,-35.267705],[138.474445,-35.267696],[138.475755,-35.267631],[138.476336,-35.267603],[138.476412,-35.267599],[138.47649,-35.267628]]}},{"type":"Feature","properties":{"tier":"arterial"},"geometry":{"type":"LineString","coordinates":[[138.47649,-35.267628],[138.476434,-35.267665],[138.476339,-35.267669],[138.47576,-35.267693],[138.475747,-35.267694],[138.474452,-35.267772],[138.474359,-35.267778],[138.474286,-35.267803]]}},{"type":"Feature","properties":{"tier":"arterial"},"geometry":{"type":"LineString","coordinates":[[138.474102,-35.267848],[138.47407,-35.267823],[138.47405,-35.267792],[138.474044,-35.267757],[138.474053,-35.267722],[138.474074,-35.267694],[138.474103,-35.267673],[138.474139,-35.267661],[138.474178,-35.267658],[138.474217,-35.267665],[138.474251,-35.267681],[138.474277,-35.267705],[138.474294,-35.267736],[138.474297,-35.26777],[138.474286,-35.267803],[138.474262,-35.267832],[138.474227,-35.267853],[138.474219,-35.267855],[138.474185,-35.267863],[138.474142,-35.267861],[138.474102,-35.267848]]}},{"type":"Feature","properties":{"tier":"regional"},"geometry":{"type":"LineString","coordinates":[[138.499318,-35.189547],[138.499122,-35.189695],[138.499084,-35.189739],[138.499011,-35.18984]]}},{"type":"Feature","properties":{"tier":"regional"},"geometry":{"type":"LineString","coordinates":[[138.498806,-35.189662],[138.498983,-35.189651],[138.499054,-35.189636],[138.499318,-35.189547]]}},{"type":"Feature","properties":{"tier":"regional"},"geometry":{"type":"LineString","coordinates":[[138.498129,-35.190253],[138.498223,-35.190192],[138.498266,-35.190164],[138.498328,-35.190103],[138.498376,-35.190035]]}},{"type":"Feature","properties":{"tier":"regional"},"geometry":{"type":"LineString","coordinates":[[138.498561,-35.19018],[138.498481,-35.190199],[138.498377,-35.190224],[138.498248,-35.190239],[138.498129,-35.190253]]}},{"type":"Feature","properties":{"tier":"high"},"geometry":{"type":"LineString","coordinates":[[138.487733,-35.264353],[138.487595,-35.264598],[138.487179,-35.265223],[138.48649,-35.266521],[138.485571,-35.267819]]}},{"type":"Feature","properties":{"tier":"high"},"geometry":{"type":"LineString","coordinates":[[138.491188,-35.200826],[138.49121,-35.201164],[138.491222,-35.201319],[138.491353,-35.202979],[138.491495,-35.204789],[138.491484,-35.205495]]}},{"type":"Feature","properties":{"tier":"high"},"geometry":{"type":"LineString","coordinates":[[138.491287,-35.207148],[138.491226,-35.207485]]}},{"type":"Feature","properties":{"tier":"high"},"geometry":{"type":"LineString","coordinates":[[138.491226,-35.207485],[138.49088,-35.209506],[138.490803,-35.210325]]}},{"type":"Feature","properties":{"tier":"high"},"geometry":{"type":"LineString","coordinates":[[138.490803,-35.210325],[138.490752,-35.211856]]}},{"type":"Feature","properties":{"tier":"high"},"geometry":{"type":"LineString","coordinates":[[138.492777,-35.225959],[138.492631,-35.225046],[138.492476,-35.224118],[138.491964,-35.222588]]}},{"type":"Feature","properties":{"tier":"high"},"geometry":{"type":"LineString","coordinates":[[138.491924,-35.221981],[138.491924,-35.221747],[138.491924,-35.221481],[138.492074,-35.21962],[138.492161,-35.21848]]}},{"type":"Feature","properties":{"tier":"arterial"},"geometry":{"type":"LineString","coordinates":[[138.457106,-35.268551],[138.457136,-35.268526],[138.457267,-35.268519],[138.457361,-35.268513]]}},{"type":"Feature","properties":{"tier":"arterial"},"geometry":{"type":"LineString","coordinates":[[138.457332,-35.268624],[138.457268,-35.268597],[138.457206,-35.26857],[138.457138,-35.268567],[138.457106,-35.268551]]}},{"type":"Feature","properties":{"tier":"arterial"},"geometry":{"type":"LineString","coordinates":[[138.457598,-35.268554],[138.457677,-35.268574],[138.457793,-35.268603]]}},{"type":"Feature","properties":{"tier":"arterial"},"geometry":{"type":"LineString","coordinates":[[138.457793,-35.268603],[138.457679,-35.268633],[138.457576,-35.268659]]}},{"type":"Feature","properties":{"tier":"arterial"},"geometry":{"type":"LineString","coordinates":[[138.461795,-35.268383],[138.461868,-35.268347],[138.462177,-35.268332],[138.462477,-35.268318],[138.46256,-35.268343]]}},{"type":"Feature","properties":{"tier":"arterial"},"geometry":{"type":"LineString","coordinates":[[138.46256,-35.268343],[138.462486,-35.268375],[138.462182,-35.268391],[138.461877,-35.268406],[138.461795,-35.268383]]}},{"type":"Feature","properties":{"tier":"arterial"},"geometry":{"type":"LineString","coordinates":[[138.470498,-35.267857],[138.470521,-35.267888],[138.470531,-35.267923],[138.470527,-35.26796],[138.470508,-35.267993],[138.470478,-35.26802],[138.470439,-35.268037],[138.470395,-35.268044],[138.470348,-35.268038],[138.470307,-35.26802],[138.470275,-35.267992],[138.470257,-35.267956],[138.470255,-35.267935],[138.470254,-35.267918],[138.470267,-35.267881],[138.470294,-35.26785],[138.470333,-35.267828],[138.470378,-35.267817],[138.470422,-35.267819],[138.470464,-35.267833],[138.470498,-35.267857]]}},{"type":"Feature","properties":{"tier":"arterial"},"geometry":{"type":"LineString","coordinates":[[138.47649,-35.267628],[138.476512,-35.267627],[138.477137,-35.267596],[138.477205,-35.267593],[138.477401,-35.267583],[138.478195,-35.267543]]}},{"type":"Feature","properties":{"tier":"arterial"},"geometry":{"type":"LineString","coordinates":[[138.478195,-35.267543],[138.478243,-35.267507],[138.478369,-35.267502],[138.478593,-35.267493],[138.478877,-35.267482],[138.479194,-35.267469],[138.479273,-35.267492]]}},{"type":"Feature","properties":{"tier":"arterial"},"geometry":{"type":"LineString","coordinates":[[138.479273,-35.267492],[138.479206,-35.267531],[138.478881,-35.267545],[138.478596,-35.267558],[138.478374,-35.267567],[138.478243,-35.267573],[138.478195,-35.267543]]}},{"type":"Feature","properties":{"tier":"regional"},"geometry":{"type":"LineString","coordinates":[[138.483073,-35.26723],[138.483065,-35.267129],[138.483057,-35.267029],[138.483084,-35.266993]]}},{"type":"Feature","properties":{"tier":"regional"},"geometry":{"type":"LineString","coordinates":[[138.483084,-35.266993],[138.483118,-35.267024],[138.483134,-35.267124],[138.483149,-35.267224]]}},{"type":"Feature","properties":{"tier":"arterial"},"geometry":{"type":"LineString","coordinates":[[138.48545,-35.267808],[138.485091,-35.267665]]}},{"type":"Feature","properties":{"tier":"arterial"},"geometry":{"type":"LineString","coordinates":[[138.485135,-35.26761],[138.48549,-35.267751]]}},{"type":"Feature","properties":{"tier":"arterial"},"geometry":{"type":"LineString","coordinates":[[138.485091,-35.267665],[138.485036,-35.267646]]}},{"type":"Feature","properties":{"tier":"regional"},"geometry":{"type":"LineString","coordinates":[[138.483566,-35.269659],[138.483328,-35.269504],[138.483328,-35.26946]]}},{"type":"Feature","properties":{"tier":"regional"},"geometry":{"type":"LineString","coordinates":[[138.483328,-35.26946],[138.483375,-35.269449],[138.483642,-35.269562]]}},{"type":"Feature","properties":{"tier":"high"},"geometry":{"type":"LineString","coordinates":[[138.483058,-35.270237],[138.483566,-35.269659],[138.483642,-35.269562],[138.484349,-35.268653],[138.484988,-35.267714],[138.485036,-35.267646]]}},{"type":"Feature","properties":{"tier":"arterial"},"geometry":{"type":"LineString","coordinates":[[138.485571,-35.267819],[138.48545,-35.267808]]}},{"type":"Feature","properties":{"tier":"arterial"},"geometry":{"type":"LineString","coordinates":[[138.48549,-35.267751],[138.485571,-35.267819]]}},{"type":"Feature","properties":{"tier":"high"},"geometry":{"type":"LineString","coordinates":[[138.49202,-35.216694],[138.492095,-35.216901],[138.492288,-35.21751],[138.492378,-35.217932],[138.492435,-35.218302],[138.492478,-35.218657],[138.492769,-35.222041],[138.492911,-35.223569],[138.492813,-35.223735]]}},{"type":"Feature","properties":{"tier":"arterial"},"geometry":{"type":"LineString","coordinates":[[138.491938,-35.222197],[138.491875,-35.2222],[138.491542,-35.222214]]}},{"type":"Feature","properties":{"tier":"arterial"},"geometry":{"type":"LineString","coordinates":[[138.490394,-35.222167],[138.490562,-35.222055],[138.491568,-35.222001]]}},{"type":"Feature","properties":{"tier":"arterial"},"geometry":{"type":"LineString","coordinates":[[138.49214,-35.222077],[138.492769,-35.222041]]}},{"type":"Feature","properties":{"tier":"high"},"geometry":{"type":"LineString","coordinates":[[138.491964,-35.222588],[138.491851,-35.222323],[138.491798,-35.222252],[138.491542,-35.222214]]}},{"type":"Feature","properties":{"tier":"high"},"geometry":{"type":"LineString","coordinates":[[138.491568,-35.222001],[138.491805,-35.221922],[138.491832,-35.221896],[138.491924,-35.221747]]}},{"type":"Feature","properties":{"tier":"arterial"},"geometry":{"type":"LineString","coordinates":[[138.49214,-35.222077],[138.491938,-35.222197]]}},{"type":"Feature","properties":{"tier":"arterial"},"geometry":{"type":"LineString","coordinates":[[138.491924,-35.221981],[138.49214,-35.222077]]}},{"type":"Feature","properties":{"tier":"high"},"geometry":{"type":"LineString","coordinates":[[138.492451,-35.22183],[138.492161,-35.21848],[138.492093,-35.218102],[138.491983,-35.217686],[138.491631,-35.216822],[138.491551,-35.216652],[138.490981,-35.215008],[138.490746,-35.214368],[138.490599,-35.213804],[138.490528,-35.21316],[138.490516,-35.212423],[138.490587,-35.211875]]}},{"type":"Feature","properties":{"tier":"high"},"geometry":{"type":"LineString","coordinates":[[138.492499,-35.222336],[138.492451,-35.22183]]}},{"type":"Feature","properties":{"tier":"high"},"geometry":{"type":"LineString","coordinates":[[138.492641,-35.221823],[138.492682,-35.222331]]}},{"type":"Feature","properties":{"tier":"high"},"geometry":{"type":"LineString","coordinates":[[138.491938,-35.222197],[138.491924,-35.221981]]}},{"type":"Feature","properties":{"tier":"arterial"},"geometry":{"type":"LineString","coordinates":[[138.491568,-35.222001],[138.491874,-35.221984],[138.491924,-35.221981]]}},{"type":"Feature","properties":{"tier":"arterial"},"geometry":{"type":"LineString","coordinates":[[138.491542,-35.222214],[138.490569,-35.222257],[138.490394,-35.222167]]}},{"type":"Feature","properties":{"tier":"high"},"geometry":{"type":"LineString","coordinates":[[138.491964,-35.222588],[138.491938,-35.222197]]}},{"type":"Feature","properties":{"tier":"arterial"},"geometry":{"type":"LineString","coordinates":[[138.467801,-35.268075],[138.467879,-35.268071]]}},{"type":"Feature","properties":{"tier":"arterial"},"geometry":{"type":"LineString","coordinates":[[138.487744,-35.138599],[138.487588,-35.138607],[138.487495,-35.138612],[138.487197,-35.138627]]}},{"type":"Feature","properties":{"tier":"arterial"},"geometry":{"type":"LineString","coordinates":[[138.486592,-35.13871],[138.486385,-35.138716],[138.48635,-35.138718],[138.486291,-35.138721]]}},{"type":"Feature","properties":{"tier":"regional"},"geometry":{"type":"LineString","coordinates":[[138.480383,-35.138953],[138.480952,-35.138925],[138.481541,-35.138896],[138.481711,-35.138888],[138.48189,-35.138879],[138.482157,-35.138866],[138.482476,-35.13885],[138.48324,-35.13881],[138.483354,-35.138805],[138.483653,-35.138788],[138.484784,-35.138725],[138.484837,-35.138722],[138.485168,-35.138703],[138.485313,-35.138695],[138.485389,-35.138691]]}},{"type":"Feature","properties":{"tier":"regional"},"geometry":{"type":"LineString","coordinates":[[138.480793,-35.138993],[138.480413,-35.139013],[138.480389,-35.139014],[138.480086,-35.139031],[138.479961,-35.139038],[138.479771,-35.139048],[138.4797,-35.139055],[138.479597,-35.139073]]}},{"type":"Feature","properties":{"tier":"regional"},"geometry":{"type":"LineString","coordinates":[[138.47769,-35.139158],[138.47707,-35.13919],[138.476856,-35.1392],[138.476299,-35.139228]]}},{"type":"Feature","properties":{"tier":"regional"},"geometry":{"type":"LineString","coordinates":[[138.477682,-35.139084],[138.478418,-35.139046],[138.478479,-35.139043],[138.478895,-35.139022],[138.479418,-35.138995]]}},{"type":"Feature","properties":{"tier":"regional"},"geometry":{"type":"LineString","coordinates":[[138.4757,-35.139185],[138.476093,-35.139165],[138.476293,-35.139155],[138.47685,-35.139127],[138.477065,-35.139116],[138.477682,-35.139084]]}},{"type":"Feature","properties":{"tier":"regional"},"geometry":{"type":"LineString","coordinates":[[138.475705,-35.139253],[138.475578,-35.139257],[138.475457,-35.139261],[138.475082,-35.139278]]}},{"type":"Feature","properties":{"tier":"regional"},"geometry":{"type":"LineString","coordinates":[[138.476299,-35.139228],[138.4761,-35.139238],[138.475969,-35.139245],[138.475705,-35.139253]]}},{"type":"Feature","properties":{"tier":"regional"},"geometry":{"type":"LineString","coordinates":[[138.47529,-35.139206],[138.475453,-35.139198],[138.4757,-35.139185]]}},{"type":"Feature","properties":{"tier":"regional"},"geometry":{"type":"LineString","coordinates":[[138.475082,-35.139278],[138.4746,-35.139285],[138.474572,-35.139285]]}},{"type":"Feature","properties":{"tier":"regional"},"geometry":{"type":"LineString","coordinates":[[138.474572,-35.139285],[138.474315,-35.1393],[138.474281,-35.139303],[138.474184,-35.139312]]}},{"type":"Feature","properties":{"tier":"regional"},"geometry":{"type":"LineString","coordinates":[[138.474569,-35.139243],[138.475076,-35.139217]]}},{"type":"Feature","properties":{"tier":"regional"},"geometry":{"type":"LineString","coordinates":[[138.475076,-35.139217],[138.47529,-35.139206]]}},{"type":"Feature","properties":{"tier":"regional"},"geometry":{"type":"LineString","coordinates":[[138.473316,-35.139307],[138.473336,-35.139372]]}},{"type":"Feature","properties":{"tier":"regional"},"geometry":{"type":"LineString","coordinates":[[138.471712,-35.13945],[138.471579,-35.139452],[138.470762,-35.139493],[138.470643,-35.139539]]}},{"type":"Feature","properties":{"tier":"regional"},"geometry":{"type":"LineString","coordinates":[[138.471706,-35.139389],[138.471981,-35.139375]]}},{"type":"Feature","properties":{"tier":"regional"},"geometry":{"type":"LineString","coordinates":[[138.472962,-35.139396],[138.47282,-35.139403]]}},{"type":"Feature","properties":{"tier":"regional"},"geometry":{"type":"LineString","coordinates":[[138.47282,-35.139403],[138.472264,-35.139431],[138.471955,-35.139446]]}},{"type":"Feature","properties":{"tier":"regional"},"geometry":{"type":"LineString","coordinates":[[138.472815,-35.139332],[138.472955,-35.139325]]}},{"type":"Feature","properties":{"tier":"regional"},"geometry":{"type":"LineString","coordinates":[[138.472955,-35.139325],[138.473316,-35.139307],[138.474017,-35.139271],[138.474056,-35.139269],[138.474182,-35.139263]]}},{"type":"Feature","properties":{"tier":"regional"},"geometry":{"type":"LineString","coordinates":[[138.474182,-35.139263],[138.474284,-35.139257],[138.474569,-35.139243]]}},{"type":"Feature","properties":{"tier":"regional"},"geometry":{"type":"LineString","coordinates":[[138.474184,-35.139312],[138.474065,-35.139326],[138.473336,-35.139372],[138.472962,-35.139396]]}},{"type":"Feature","properties":{"tier":"regional"},"geometry":{"type":"LineString","coordinates":[[138.48647,-35.178747],[138.48662,-35.178721],[138.486888,-35.178705],[138.486966,-35.178692],[138.48699,-35.178684]]}},{"type":"Feature","properties":{"tier":"regional"},"geometry":{"type":"LineString","coordinates":[[138.487025,-35.178733],[138.486949,-35.17874],[138.486634,-35.178758],[138.48647,-35.178747]]}},{"type":"Feature","properties":{"tier":"regional"},"geometry":{"type":"LineString","coordinates":[[138.478697,-35.201754],[138.478877,-35.201765]]}},{"type":"Feature","properties":{"tier":"high"},"geometry":{"type":"LineString","coordinates":[[138.468741,-35.386092],[138.467519,-35.387056]]}},{"type":"Feature","properties":{"tier":"high"},"geometry":{"type":"LineString","coordinates":[[138.469925,-35.384114],[138.469973,-35.384274],[138.469937,-35.384601],[138.469902,-35.384756],[138.46982,-35.384993],[138.469711,-35.385195],[138.469545,-35.385426]]}},{"type":"Feature","properties":{"tier":"arterial"},"geometry":{"type":"LineString","coordinates":[[138.469401,-35.385492],[138.469545,-35.385426]]}},{"type":"Feature","properties":{"tier":"high"},"geometry":{"type":"LineString","coordinates":[[138.469401,-35.385492],[138.469637,-35.385136],[138.469737,-35.384914],[138.469803,-35.384725],[138.469844,-35.384565],[138.469882,-35.384271],[138.469925,-35.384114]]}},{"type":"Feature","properties":{"tier":"arterial"},"geometry":{"type":"LineString","coordinates":[[138.469545,-35.385426],[138.469949,-35.385241],[138.470127,-35.385205]]}},{"type":"Feature","properties":{"tier":"high"},"geometry":{"type":"LineString","coordinates":[[138.469545,-35.385426],[138.469308,-35.385695]]}},{"type":"Feature","properties":{"tier":"high"},"geometry":{"type":"LineString","coordinates":[[138.469308,-35.385695],[138.468919,-35.386007],[138.468741,-35.386092]]}},{"type":"Feature","properties":{"tier":"high"},"geometry":{"type":"LineString","coordinates":[[138.465271,-35.376441],[138.465328,-35.376334],[138.465337,-35.376293],[138.465339,-35.376237],[138.465326,-35.376122]]}},{"type":"Feature","properties":{"tier":"arterial"},"geometry":{"type":"LineString","coordinates":[[138.441329,-35.496935],[138.442411,-35.496442],[138.442755,-35.496286],[138.443636,-35.495927],[138.444777,-35.495332],[138.445943,-35.494768],[138.446339,-35.494744],[138.446587,-35.494729],[138.447445,-35.494645],[138.449263,-35.493923],[138.449949,-35.493678],[138.45081,-35.493513]]}},{"type":"Feature","properties":{"tier":"arterial"},"geometry":{"type":"LineString","coordinates":[[138.441196,-35.496995],[138.441329,-35.496935]]}},{"type":"Feature","properties":{"tier":"arterial"},"geometry":{"type":"LineString","coordinates":[[138.470981,-35.491542],[138.471207,-35.491633],[138.472362,-35.491845],[138.473083,-35.49199],[138.473877,-35.492138]]}},{"type":"Feature","properties":{"tier":"arterial"},"geometry":{"type":"LineString","coordinates":[[138.470828,-35.491448],[138.470981,-35.491542]]}},{"type":"Feature","properties":{"tier":"high"},"geometry":{"type":"LineString","coordinates":[[138.490995,-35.214299],[138.491465,-35.215385],[138.49202,-35.216694]]}},{"type":"Feature","properties":{"tier":"high"},"geometry":{"type":"LineString","coordinates":[[138.488857,-35.262665],[138.487815,-35.264208],[138.487733,-35.264353]]}},{"type":"Feature","properties":{"tier":"high"},"geometry":{"type":"LineString","coordinates":[[138.485571,-35.267819],[138.485497,-35.267905],[138.48501,-35.268549],[138.48414,-35.26944],[138.483359,-35.270187],[138.483217,-35.270242]]}},{"type":"Feature","properties":{"tier":"high"},"geometry":{"type":"LineString","coordinates":[[138.494652,-35.247969],[138.494644,-35.248514],[138.494609,-35.248623],[138.494559,-35.248683],[138.494509,-35.248694],[138.494376,-35.248726],[138.494282,-35.248698],[138.494207,-35.248639],[138.494188,-35.248551],[138.494226,-35.248479],[138.494357,-35.248404],[138.494424,-35.248339],[138.494472,-35.248211]]}},{"type":"Feature","properties":{"tier":"regional"},"geometry":{"type":"LineString","coordinates":[[138.481317,-35.183956],[138.481227,-35.184358],[138.48114,-35.184748],[138.48111,-35.184886]]}},{"type":"Feature","properties":{"tier":"regional"},"geometry":{"type":"LineString","coordinates":[[138.48101,-35.184873],[138.48104,-35.184734],[138.481125,-35.184345],[138.481212,-35.183948]]}},{"type":"Feature","properties":{"tier":"regional"},"geometry":{"type":"LineString","coordinates":[[138.484225,-35.180561],[138.483955,-35.180558]]}},{"type":"Feature","properties":{"tier":"regional"},"geometry":{"type":"LineString","coordinates":[[138.488199,-35.180448],[138.487928,-35.18046]]}},{"type":"Feature","properties":{"tier":"regional"},"geometry":{"type":"LineString","coordinates":[[138.487928,-35.18046],[138.487788,-35.180466]]}},{"type":"Feature","properties":{"tier":"regional"},"geometry":{"type":"LineString","coordinates":[[138.491939,-35.180264],[138.491595,-35.18028]]}},{"type":"Feature","properties":{"tier":"regional"},"geometry":{"type":"LineString","coordinates":[[138.492642,-35.180234],[138.492525,-35.18024]]}},{"type":"Feature","properties":{"tier":"regional"},"geometry":{"type":"LineString","coordinates":[[138.495422,-35.180069],[138.495004,-35.180114]]}},{"type":"Feature","properties":{"tier":"high"},"geometry":{"type":"LineString","coordinates":[[138.350484,-35.45758],[138.350398,-35.457583],[138.350147,-35.457545]]}},{"type":"Feature","properties":{"tier":"high"},"geometry":{"type":"LineString","coordinates":[[138.346317,-35.456943],[138.346015,-35.456929],[138.345835,-35.456942],[138.343922,-35.457522],[138.343583,-35.45762],[138.343276,-35.457709]]}},{"type":"Feature","properties":{"tier":"high"},"geometry":{"type":"LineString","coordinates":[[138.484819,-35.267528],[138.484955,-35.267502],[138.485058,-35.267472],[138.485158,-35.267422],[138.485234,-35.267371]]}},{"type":"Feature","properties":{"tier":"high"},"geometry":{"type":"LineString","coordinates":[[138.485036,-35.267646],[138.485078,-35.26759]]}},{"type":"Feature","properties":{"tier":"arterial"},"geometry":{"type":"LineString","coordinates":[[138.485036,-35.267646],[138.484943,-35.267614],[138.484875,-35.267598],[138.484809,-35.267587],[138.484573,-35.267554],[138.484222,-35.267505],[138.484033,-35.267479],[138.483737,-35.267438],[138.483319,-35.267381],[138.483196,-35.267377]]}},{"type":"Feature","properties":{"tier":"arterial"},"geometry":{"type":"LineString","coordinates":[[138.485078,-35.26759],[138.485135,-35.26761]]}},{"type":"Feature","properties":{"tier":"high"},"geometry":{"type":"LineString","coordinates":[[138.485078,-35.26759],[138.485234,-35.267371],[138.485373,-35.267181],[138.485938,-35.266456],[138.4872,-35.264585],[138.487703,-35.263937]]}},{"type":"Feature","properties":{"tier":"arterial"},"geometry":{"type":"LineString","coordinates":[[138.484819,-35.267528],[138.484905,-35.267543],[138.484984,-35.267561],[138.485078,-35.26759]]}},{"type":"Feature","properties":{"tier":"high"},"geometry":{"type":"LineString","coordinates":[[138.497932,-35.17704],[138.498238,-35.176558],[138.498388,-35.176323]]}},{"type":"Feature","properties":{"tier":"high"},"geometry":{"type":"LineString","coordinates":[[138.497303,-35.178308],[138.496676,-35.179198]]}},{"type":"Feature","properties":{"tier":"regional"},"geometry":{"type":"LineString","coordinates":[[138.470306,-35.148829],[138.470379,-35.148854],[138.470589,-35.148979]]}},{"type":"Feature","properties":{"tier":"regional"},"geometry":{"type":"LineString","coordinates":[[138.470948,-35.149251],[138.471001,-35.149317],[138.47114,-35.1495]]}},{"type":"Feature","properties":{"tier":"regional"},"geometry":{"type":"LineString","coordinates":[[138.47114,-35.1495],[138.47125,-35.149637],[138.471338,-35.149757]]}},{"type":"Feature","properties":{"tier":"regional"},"geometry":{"type":"LineString","coordinates":[[138.471338,-35.149757],[138.471405,-35.149864],[138.471634,-35.150222]]}},{"type":"Feature","properties":{"tier":"regional"},"geometry":{"type":"LineString","coordinates":[[138.471634,-35.150222],[138.471795,-35.150475],[138.471947,-35.150713],[138.471997,-35.150781]]}},{"type":"Feature","properties":{"tier":"regional"},"geometry":{"type":"LineString","coordinates":[[138.469907,-35.14883],[138.470163,-35.148872],[138.470231,-35.148864],[138.470281,-35.148844],[138.470306,-35.148829]]}},{"type":"Feature","properties":{"tier":"regional"},"geometry":{"type":"LineString","coordinates":[[138.486757,-35.14625],[138.486753,-35.146184],[138.48675,-35.146141],[138.48672,-35.146039],[138.486624,-35.145927],[138.486589,-35.145885]]}},{"type":"Feature","properties":{"tier":"regional"},"geometry":{"type":"LineString","coordinates":[[138.486589,-35.145885],[138.486533,-35.145841]]}},{"type":"Feature","properties":{"tier":"arterial"},"geometry":{"type":"LineString","coordinates":[[138.485343,-35.146103],[138.485706,-35.146087],[138.485976,-35.14608]]}},{"type":"Feature","properties":{"tier":"arterial"},"geometry":{"type":"LineString","coordinates":[[138.484751,-35.146134],[138.484917,-35.146124],[138.485343,-35.146103]]}},{"type":"Feature","properties":{"tier":"arterial"},"geometry":{"type":"LineString","coordinates":[[138.484312,-35.146161],[138.484751,-35.146134]]}},{"type":"Feature","properties":{"tier":"arterial"},"geometry":{"type":"LineString","coordinates":[[138.481614,-35.146295],[138.483277,-35.14621],[138.484312,-35.146161]]}},{"type":"Feature","properties":{"tier":"arterial"},"geometry":{"type":"LineString","coordinates":[[138.481175,-35.146315],[138.481614,-35.146295]]}},{"type":"Feature","properties":{"tier":"arterial"},"geometry":{"type":"LineString","coordinates":[[138.480738,-35.146337],[138.481175,-35.146315]]}},{"type":"Feature","properties":{"tier":"arterial"},"geometry":{"type":"LineString","coordinates":[[138.479645,-35.14639],[138.479783,-35.146383],[138.479915,-35.146376],[138.480738,-35.146337]]}},{"type":"Feature","properties":{"tier":"arterial"},"geometry":{"type":"LineString","coordinates":[[138.479256,-35.146411],[138.47944,-35.146399],[138.479645,-35.14639]]}},{"type":"Feature","properties":{"tier":"arterial"},"geometry":{"type":"LineString","coordinates":[[138.476956,-35.146519],[138.478926,-35.146427],[138.479256,-35.146411]]}},{"type":"Feature","properties":{"tier":"arterial"},"geometry":{"type":"LineString","coordinates":[[138.476374,-35.146629],[138.476425,-35.146602],[138.476505,-35.146562],[138.47658,-35.146539],[138.476655,-35.146533],[138.476956,-35.146519]]}},{"type":"Feature","properties":{"tier":"arterial"},"geometry":{"type":"LineString","coordinates":[[138.476097,-35.147174],[138.476233,-35.14686]]}},{"type":"Feature","properties":{"tier":"arterial"},"geometry":{"type":"LineString","coordinates":[[138.475874,-35.147472],[138.475928,-35.147423],[138.475987,-35.147365],[138.476097,-35.147174]]}},{"type":"Feature","properties":{"tier":"arterial"},"geometry":{"type":"LineString","coordinates":[[138.474576,-35.148396],[138.474772,-35.148316],[138.474862,-35.148266],[138.474958,-35.148203],[138.47499,-35.148183],[138.475874,-35.147472]]}},{"type":"Feature","properties":{"tier":"arterial"},"geometry":{"type":"LineString","coordinates":[[138.486589,-35.145885],[138.486468,-35.145979],[138.486398,-35.146012],[138.486307,-35.146044],[138.486172,-35.146079],[138.486079,-35.14609],[138.485976,-35.14608]]}},{"type":"Feature","properties":{"tier":"arterial"},"geometry":{"type":"LineString","coordinates":[[138.473444,-35.148847],[138.474576,-35.148396]]}},{"type":"Feature","properties":{"tier":"arterial"},"geometry":{"type":"LineString","coordinates":[[138.473444,-35.148847],[138.473308,-35.14901],[138.473283,-35.14904]]}},{"type":"Feature","properties":{"tier":"arterial"},"geometry":{"type":"LineString","coordinates":[[138.474804,-35.154345],[138.474889,-35.154464],[138.474924,-35.154517]]}},{"type":"Feature","properties":{"tier":"arterial"},"geometry":{"type":"LineString","coordinates":[[138.473937,-35.153434],[138.474357,-35.153861],[138.474408,-35.153913]]}},{"type":"Feature","properties":{"tier":"arterial"},"geometry":{"type":"LineString","coordinates":[[138.473593,-35.153051],[138.473937,-35.153434]]}},{"type":"Feature","properties":{"tier":"arterial"},"geometry":{"type":"LineString","coordinates":[[138.473295,-35.152669],[138.473449,-35.152869],[138.473574,-35.15303],[138.473593,-35.153051]]}},{"type":"Feature","properties":{"tier":"high"},"geometry":{"type":"LineString","coordinates":[[138.491402,-35.206557],[138.491287,-35.207148]]}},{"type":"Feature","properties":{"tier":"regional"},"geometry":{"type":"LineString","coordinates":[[138.485608,-35.176861],[138.485903,-35.177127]]}},{"type":"Feature","properties":{"tier":"regional"},"geometry":{"type":"LineString","coordinates":[[138.482622,-35.170978],[138.482568,-35.171032],[138.48256,-35.17104],[138.482545,-35.171068],[138.48252,-35.171114]]}},{"type":"Feature","properties":{"tier":"regional"},"geometry":{"type":"LineString","coordinates":[[138.481975,-35.176552],[138.481938,-35.176554],[138.481811,-35.176572]]}},{"type":"Feature","properties":{"tier":"regional"},"geometry":{"type":"LineString","coordinates":[[138.48181,-35.176495],[138.481872,-35.176499],[138.481923,-35.176494],[138.481998,-35.176488]]}},{"type":"Feature","properties":{"tier":"regional"},"geometry":{"type":"LineString","coordinates":[[138.484859,-35.176336],[138.484922,-35.176332],[138.484933,-35.176331],[138.485011,-35.176318]]}},{"type":"Feature","properties":{"tier":"regional"},"geometry":{"type":"LineString","coordinates":[[138.485021,-35.176407],[138.484928,-35.176398],[138.484869,-35.176397]]}},{"type":"Feature","properties":{"tier":"regional"},"geometry":{"type":"LineString","coordinates":[[138.485252,-35.176618],[138.485219,-35.176587],[138.485069,-35.176445]]}},{"type":"Feature","properties":{"tier":"regional"},"geometry":{"type":"LineString","coordinates":[[138.485216,-35.17643],[138.485256,-35.176531],[138.485273,-35.176548],[138.485314,-35.176587]]}},{"type":"Feature","properties":{"tier":"regional"},"geometry":{"type":"LineString","coordinates":[[138.485042,-35.176279],[138.485041,-35.176212],[138.485039,-35.176185],[138.485036,-35.176147]]}},{"type":"Feature","properties":{"tier":"regional"},"geometry":{"type":"LineString","coordinates":[[138.485109,-35.176114],[138.485112,-35.176162],[138.485119,-35.176181],[138.485128,-35.176205],[138.485159,-35.176254]]}},{"type":"Feature","properties":{"tier":"regional"},"geometry":{"type":"LineString","coordinates":[[138.481864,-35.178245],[138.481871,-35.178352],[138.481879,-35.178392],[138.481903,-35.178461]]}},{"type":"Feature","properties":{"tier":"regional"},"geometry":{"type":"LineString","coordinates":[[138.481353,-35.176522],[138.481394,-35.176519],[138.481462,-35.176512],[138.481572,-35.1765]]}},{"type":"Feature","properties":{"tier":"regional"},"geometry":{"type":"LineString","coordinates":[[138.48158,-35.176585],[138.481515,-35.176581],[138.481444,-35.176579],[138.481401,-35.176581],[138.481357,-35.176583]]}},{"type":"Feature","properties":{"tier":"regional"},"geometry":{"type":"LineString","coordinates":[[138.479256,-35.176625],[138.479383,-35.176626],[138.479391,-35.176626],[138.479512,-35.176619]]}},{"type":"Feature","properties":{"tier":"regional"},"geometry":{"type":"LineString","coordinates":[[138.479655,-35.176671],[138.479459,-35.176681]]}},{"type":"Feature","properties":{"tier":"regional"},"geometry":{"type":"LineString","coordinates":[[138.479092,-35.176716],[138.479001,-35.176712],[138.478921,-35.176715],[138.478893,-35.176716]]}},{"type":"Feature","properties":{"tier":"regional"},"geometry":{"type":"LineString","coordinates":[[138.478878,-35.176651],[138.478918,-35.176649],[138.478995,-35.176641],[138.47909,-35.176624]]}},{"type":"Feature","properties":{"tier":"regional"},"geometry":{"type":"LineString","coordinates":[[138.47654,-35.176072],[138.476615,-35.17607]]}},{"type":"Feature","properties":{"tier":"regional"},"geometry":{"type":"LineString","coordinates":[[138.481929,-35.178631],[138.481911,-35.178726],[138.481906,-35.178779],[138.481909,-35.178818]]}},{"type":"Feature","properties":{"tier":"regional"},"geometry":{"type":"LineString","coordinates":[[138.481816,-35.17882],[138.481813,-35.178785],[138.48181,-35.178751],[138.481794,-35.178694],[138.481773,-35.178639]]}},{"type":"Feature","properties":{"tier":"regional"},"geometry":{"type":"LineString","coordinates":[[138.482028,-35.180297],[138.482033,-35.180354],[138.482042,-35.180419],[138.482066,-35.180538]]}},{"type":"Feature","properties":{"tier":"regional"},"geometry":{"type":"LineString","coordinates":[[138.481913,-35.180526],[138.481937,-35.180399],[138.481939,-35.180357],[138.48194,-35.180338],[138.481936,-35.180297]]}},{"type":"Feature","properties":{"tier":"regional"},"geometry":{"type":"LineString","coordinates":[[138.476094,-35.171424],[138.476172,-35.171427],[138.476232,-35.171434],[138.476272,-35.171438],[138.476343,-35.171443],[138.476436,-35.171437]]}},{"type":"Feature","properties":{"tier":"regional"},"geometry":{"type":"LineString","coordinates":[[138.476449,-35.171501],[138.476297,-35.171509],[138.47624,-35.171519],[138.476179,-35.171539],[138.476112,-35.17156]]}},{"type":"Feature","properties":{"tier":"regional"},"geometry":{"type":"LineString","coordinates":[[138.477513,-35.171498],[138.477555,-35.171506],[138.477565,-35.171507],[138.477631,-35.171516],[138.477724,-35.171518]]}},{"type":"Feature","properties":{"tier":"regional"},"geometry":{"type":"LineString","coordinates":[[138.477699,-35.171611],[138.477661,-35.171592],[138.477614,-35.171578],[138.477563,-35.171566],[138.477543,-35.171563],[138.477501,-35.171555]]}},{"type":"Feature","properties":{"tier":"regional"},"geometry":{"type":"LineString","coordinates":[[138.477859,-35.171546],[138.477938,-35.171572],[138.477969,-35.171579],[138.478018,-35.171591],[138.478053,-35.171598]]}},{"type":"Feature","properties":{"tier":"regional"},"geometry":{"type":"LineString","coordinates":[[138.478042,-35.171651],[138.478013,-35.171646],[138.477959,-35.17164],[138.477842,-35.171628]]}},{"type":"Feature","properties":{"tier":"regional"},"geometry":{"type":"LineString","coordinates":[[138.479321,-35.171826],[138.479337,-35.171829],[138.479402,-35.17184],[138.479464,-35.171846],[138.479533,-35.171849]]}},{"type":"Feature","properties":{"tier":"regional"},"geometry":{"type":"LineString","coordinates":[[138.479506,-35.171926],[138.479428,-35.171906],[138.479333,-35.171887],[138.479285,-35.171877]]}},{"type":"Feature","properties":{"tier":"regional"},"geometry":{"type":"LineString","coordinates":[[138.479874,-35.171929],[138.479921,-35.171939]]}},{"type":"Feature","properties":{"tier":"regional"},"geometry":{"type":"LineString","coordinates":[[138.481755,-35.172327],[138.48177,-35.172275],[138.481816,-35.172233],[138.481837,-35.172214]]}},{"type":"Feature","properties":{"tier":"arterial"},"geometry":{"type":"LineString","coordinates":[[138.477366,-35.189048],[138.477357,-35.188927]]}},{"type":"Feature","properties":{"tier":"regional"},"geometry":{"type":"LineString","coordinates":[[138.487244,-35.180458],[138.487023,-35.180455]]}},{"type":"Feature","properties":{"tier":"regional"},"geometry":{"type":"LineString","coordinates":[[138.487788,-35.180466],[138.487757,-35.180467],[138.487683,-35.180465]]}},{"type":"Feature","properties":{"tier":"arterial"},"geometry":{"type":"LineString","coordinates":[[138.496967,-35.138116],[138.497123,-35.138109],[138.497282,-35.138101]]}},{"type":"Feature","properties":{"tier":"arterial"},"geometry":{"type":"LineString","coordinates":[[138.497282,-35.138101],[138.497758,-35.138078]]}},{"type":"Feature","properties":{"tier":"arterial"},"geometry":{"type":"LineString","coordinates":[[138.479837,-35.277432],[138.479764,-35.277534],[138.479547,-35.277668],[138.479273,-35.277779],[138.47896,-35.277854],[138.478799,-35.277871],[138.478739,-35.277877],[138.478539,-35.27788],[138.478149,-35.277861]]}},{"type":"Feature","properties":{"tier":"regional"},"geometry":{"type":"LineString","coordinates":[[138.482055,-35.172082],[138.481993,-35.172141],[138.481865,-35.172265],[138.481807,-35.17232],[138.481755,-35.172327]]}},{"type":"Feature","properties":{"tier":"regional"},"geometry":{"type":"LineString","coordinates":[[138.481895,-35.172665],[138.481847,-35.172552],[138.481834,-35.172519],[138.481812,-35.172478],[138.481786,-35.172441],[138.481757,-35.172409],[138.481728,-35.172383],[138.481709,-35.172368]]}},{"type":"Feature","properties":{"tier":"arterial"},"geometry":{"type":"LineString","coordinates":[[138.475932,-35.16787],[138.475892,-35.167878],[138.475852,-35.167879],[138.475812,-35.167872]]}},{"type":"Feature","properties":{"tier":"arterial"},"geometry":{"type":"LineString","coordinates":[[138.475776,-35.16763],[138.475815,-35.167614],[138.475858,-35.167607],[138.475901,-35.167609]]}},{"type":"Feature","properties":{"tier":"arterial"},"geometry":{"type":"LineString","coordinates":[[138.475812,-35.167872],[138.475757,-35.167845],[138.475718,-35.167802],[138.475702,-35.167751],[138.475709,-35.167704],[138.475734,-35.167662],[138.475776,-35.16763]]}},{"type":"Feature","properties":{"tier":"arterial"},"geometry":{"type":"LineString","coordinates":[[138.475901,-35.167609],[138.475961,-35.167629],[138.476007,-35.167666],[138.476028,-35.167701],[138.476036,-35.16774],[138.47603,-35.16778],[138.476009,-35.167817],[138.475975,-35.167848],[138.475932,-35.16787]]}},{"type":"Feature","properties":{"tier":"arterial"},"geometry":{"type":"LineString","coordinates":[[138.475948,-35.171166],[138.475874,-35.170415],[138.475807,-35.169486],[138.475789,-35.169298],[138.475755,-35.168756],[138.47576,-35.168506],[138.475789,-35.168325],[138.475799,-35.16826],[138.475833,-35.168047],[138.475828,-35.167969],[138.475812,-35.167872]]}},{"type":"Feature","properties":{"tier":"arterial"},"geometry":{"type":"LineString","coordinates":[[138.475932,-35.16787],[138.475914,-35.167953],[138.475892,-35.168105],[138.47586,-35.16833],[138.475836,-35.168503],[138.475829,-35.168724],[138.475872,-35.169294],[138.475886,-35.169489],[138.475967,-35.170419],[138.476019,-35.171222]]}},{"type":"Feature","properties":{"tier":"regional"},"geometry":{"type":"LineString","coordinates":[[138.483553,-35.173487],[138.483447,-35.173389],[138.483324,-35.173275],[138.483276,-35.173231],[138.483212,-35.173173],[138.483161,-35.173143],[138.483103,-35.173122],[138.482885,-35.173079]]}},{"type":"Feature","properties":{"tier":"regional"},"geometry":{"type":"LineString","coordinates":[[138.483735,-35.173656],[138.483553,-35.173487]]}},{"type":"Feature","properties":{"tier":"regional"},"geometry":{"type":"LineString","coordinates":[[138.476025,-35.180931],[138.476404,-35.180902]]}},{"type":"Feature","properties":{"tier":"regional"},"geometry":{"type":"LineString","coordinates":[[138.477835,-35.180854],[138.478319,-35.180833],[138.47862,-35.180821],[138.478935,-35.180808]]}},{"type":"Feature","properties":{"tier":"regional"},"geometry":{"type":"LineString","coordinates":[[138.479767,-35.180764],[138.480035,-35.180748]]}},{"type":"Feature","properties":{"tier":"regional"},"geometry":{"type":"LineString","coordinates":[[138.480035,-35.180748],[138.480274,-35.180739]]}},{"type":"Feature","properties":{"tier":"regional"},"geometry":{"type":"LineString","coordinates":[[138.480464,-35.180731],[138.480997,-35.180696],[138.48114,-35.18069]]}},{"type":"Feature","properties":{"tier":"regional"},"geometry":{"type":"LineString","coordinates":[[138.477037,-35.180881],[138.477162,-35.180879]]}},{"type":"Feature","properties":{"tier":"regional"},"geometry":{"type":"LineString","coordinates":[[138.48114,-35.18069],[138.481223,-35.180651],[138.481383,-35.180643],[138.481577,-35.180633]]}},{"type":"Feature","properties":{"tier":"regional"},"geometry":{"type":"LineString","coordinates":[[138.476702,-35.187174],[138.476922,-35.187166]]}},{"type":"Feature","properties":{"tier":"regional"},"geometry":{"type":"LineString","coordinates":[[138.477544,-35.18714],[138.477963,-35.187119]]}},{"type":"Feature","properties":{"tier":"regional"},"geometry":{"type":"LineString","coordinates":[[138.481869,-35.180739],[138.481813,-35.180731],[138.481703,-35.180725],[138.481578,-35.180716],[138.481508,-35.180717],[138.481243,-35.180725],[138.48114,-35.18069]]}},{"type":"Feature","properties":{"tier":"regional"},"geometry":{"type":"LineString","coordinates":[[138.481577,-35.180633],[138.481765,-35.180582],[138.48187,-35.18055]]}},{"type":"Feature","properties":{"tier":"regional"},"geometry":{"type":"LineString","coordinates":[[138.482403,-35.180676],[138.482312,-35.180683],[138.482172,-35.180708],[138.482088,-35.180737]]}},{"type":"Feature","properties":{"tier":"arterial"},"geometry":{"type":"LineString","coordinates":[[138.477494,-35.190819],[138.477439,-35.190185]]}},{"type":"Feature","properties":{"tier":"arterial"},"geometry":{"type":"LineString","coordinates":[[138.477439,-35.190185],[138.477433,-35.190096]]}},{"type":"Feature","properties":{"tier":"arterial"},"geometry":{"type":"LineString","coordinates":[[138.477781,-35.192607],[138.477812,-35.192885],[138.477832,-35.193097],[138.477837,-35.193241]]}},{"type":"Feature","properties":{"tier":"arterial"},"geometry":{"type":"LineString","coordinates":[[138.477584,-35.191873],[138.477543,-35.191366]]}},{"type":"Feature","properties":{"tier":"arterial"},"geometry":{"type":"LineString","coordinates":[[138.477601,-35.190926],[138.477642,-35.191365]]}},{"type":"Feature","properties":{"tier":"arterial"},"geometry":{"type":"LineString","coordinates":[[138.477395,-35.189518],[138.477366,-35.189048]]}},{"type":"Feature","properties":{"tier":"arterial"},"geometry":{"type":"LineString","coordinates":[[138.477475,-35.189663],[138.477514,-35.190182]]}},{"type":"Feature","properties":{"tier":"arterial"},"geometry":{"type":"LineString","coordinates":[[138.477309,-35.188352],[138.477277,-35.187941]]}},{"type":"Feature","properties":{"tier":"arterial"},"geometry":{"type":"LineString","coordinates":[[138.477246,-35.18749],[138.477229,-35.187264],[138.477226,-35.187219],[138.477221,-35.187156]]}},{"type":"Feature","properties":{"tier":"arterial"},"geometry":{"type":"LineString","coordinates":[[138.477203,-35.186033],[138.477256,-35.186524]]}},{"type":"Feature","properties":{"tier":"arterial"},"geometry":{"type":"LineString","coordinates":[[138.476856,-35.182715],[138.476833,-35.18232],[138.476825,-35.182221],[138.476803,-35.181973]]}},{"type":"Feature","properties":{"tier":"arterial"},"geometry":{"type":"LineString","coordinates":[[138.476993,-35.183465],[138.477008,-35.183911]]}},{"type":"Feature","properties":{"tier":"arterial"},"geometry":{"type":"LineString","coordinates":[[138.476863,-35.181088],[138.476876,-35.181261],[138.47693,-35.181995]]}},{"type":"Feature","properties":{"tier":"arterial"},"geometry":{"type":"LineString","coordinates":[[138.476803,-35.181973],[138.476782,-35.181743],[138.476763,-35.181429]]}},{"type":"Feature","properties":{"tier":"arterial"},"geometry":{"type":"LineString","coordinates":[[138.476763,-35.181429],[138.476741,-35.181148],[138.476733,-35.181043],[138.476729,-35.180992],[138.476724,-35.180933],[138.476721,-35.180892]]}},{"type":"Feature","properties":{"tier":"arterial"},"geometry":{"type":"LineString","coordinates":[[138.476368,-35.176587],[138.476334,-35.176132],[138.476333,-35.176115]]}},{"type":"Feature","properties":{"tier":"arterial"},"geometry":{"type":"LineString","coordinates":[[138.476708,-35.180724],[138.476693,-35.180532],[138.476637,-35.179824]]}},{"type":"Feature","properties":{"tier":"arterial"},"geometry":{"type":"LineString","coordinates":[[138.476767,-35.179917],[138.476805,-35.180356],[138.476824,-35.180581]]}},{"type":"Feature","properties":{"tier":"arterial"},"geometry":{"type":"LineString","coordinates":[[138.476713,-35.179574],[138.476751,-35.179822],[138.476767,-35.179917]]}},{"type":"Feature","properties":{"tier":"arterial"},"geometry":{"type":"LineString","coordinates":[[138.476465,-35.176874],[138.476479,-35.177084],[138.476491,-35.177275]]}},{"type":"Feature","properties":{"tier":"arterial"},"geometry":{"type":"LineString","coordinates":[[138.476421,-35.176305],[138.476441,-35.176573],[138.476449,-35.176672],[138.476465,-35.176874]]}},{"type":"Feature","properties":{"tier":"arterial"},"geometry":{"type":"LineString","coordinates":[[138.476351,-35.175457],[138.476398,-35.175883]]}},{"type":"Feature","properties":{"tier":"arterial"},"geometry":{"type":"LineString","coordinates":[[138.476224,-35.173791],[138.476267,-35.174421]]}},{"type":"Feature","properties":{"tier":"arterial"},"geometry":{"type":"LineString","coordinates":[[138.476062,-35.171796],[138.476111,-35.17241],[138.476224,-35.173791]]}},{"type":"Feature","properties":{"tier":"regional"},"geometry":{"type":"LineString","coordinates":[[138.481752,-35.176804],[138.481785,-35.177231],[138.481795,-35.177361],[138.481864,-35.178245]]}},{"type":"Feature","properties":{"tier":"high"},"geometry":{"type":"LineString","coordinates":[[138.495419,-35.186852],[138.495479,-35.187104],[138.495556,-35.18732],[138.495707,-35.187599],[138.49581,-35.187778],[138.495969,-35.188013],[138.496107,-35.188182],[138.496319,-35.188396],[138.496692,-35.188713],[138.496962,-35.188914],[138.497255,-35.189079],[138.497629,-35.189281]]}},{"type":"Feature","properties":{"tier":"high"},"geometry":{"type":"LineString","coordinates":[[138.495174,-35.185765],[138.495302,-35.186367],[138.49541,-35.186812],[138.495419,-35.186852]]}},{"type":"Feature","properties":{"tier":"high"},"geometry":{"type":"LineString","coordinates":[[138.494992,-35.185373],[138.494804,-35.18434],[138.494728,-35.184053],[138.494686,-35.183905],[138.494627,-35.183742],[138.494587,-35.18365],[138.494527,-35.183536]]}},{"type":"Feature","properties":{"tier":"high"},"geometry":{"type":"LineString","coordinates":[[138.495068,-35.185752],[138.494992,-35.185373]]}},{"type":"Feature","properties":{"tier":"high"},"geometry":{"type":"LineString","coordinates":[[138.499011,-35.18984],[138.499024,-35.189893],[138.499024,-35.189948]]}},{"type":"Feature","properties":{"tier":"high"},"geometry":{"type":"LineString","coordinates":[[138.498806,-35.189662],[138.498874,-35.189691],[138.498933,-35.189731],[138.49898,-35.189782],[138.499011,-35.18984]]}},{"type":"Feature","properties":{"tier":"high"},"geometry":{"type":"LineString","coordinates":[[138.498376,-35.190035],[138.498356,-35.189989],[138.498347,-35.189941],[138.498348,-35.189892]]}},{"type":"Feature","properties":{"tier":"high"},"geometry":{"type":"LineString","coordinates":[[138.498561,-35.19018],[138.498502,-35.190156],[138.498451,-35.190122],[138.498408,-35.190082],[138.498376,-35.190035]]}},{"type":"Feature","properties":{"tier":"high"},"geometry":{"type":"LineString","coordinates":[[138.498854,-35.190163],[138.498799,-35.190184],[138.49874,-35.190196],[138.498679,-35.1902],[138.498619,-35.190194],[138.498561,-35.19018]]}},{"type":"Feature","properties":{"tier":"high"},"geometry":{"type":"LineString","coordinates":[[138.499024,-35.189948],[138.499007,-35.190013],[138.498972,-35.190072],[138.498919,-35.190124],[138.498854,-35.190163]]}},{"type":"Feature","properties":{"tier":"high"},"geometry":{"type":"LineString","coordinates":[[138.498348,-35.189892],[138.498361,-35.18984],[138.498387,-35.18979],[138.498423,-35.189746],[138.498469,-35.189708],[138.498523,-35.189678]]}},{"type":"Feature","properties":{"tier":"regional"},"geometry":{"type":"LineString","coordinates":[[138.493024,-35.190606],[138.492765,-35.190626]]}},{"type":"Feature","properties":{"tier":"regional"},"geometry":{"type":"LineString","coordinates":[[138.49676,-35.190353],[138.497512,-35.190306]]}},{"type":"Feature","properties":{"tier":"regional"},"geometry":{"type":"LineString","coordinates":[[138.497512,-35.190306],[138.498066,-35.190269],[138.498129,-35.190253]]}},{"type":"Feature","properties":{"tier":"arterial"},"geometry":{"type":"LineString","coordinates":[[138.489275,-35.190739],[138.489855,-35.190698]]}},{"type":"Feature","properties":{"tier":"high"},"geometry":{"type":"LineString","coordinates":[[138.493987,-35.182613],[138.49404,-35.182536]]}},{"type":"Feature","properties":{"tier":"high"},"geometry":{"type":"LineString","coordinates":[[138.491139,-35.200079],[138.491188,-35.200826]]}},{"type":"Feature","properties":{"tier":"high"},"geometry":{"type":"LineString","coordinates":[[138.491599,-35.201143],[138.491448,-35.201196],[138.491334,-35.201246],[138.491289,-35.201265],[138.491222,-35.201319]]}},{"type":"Feature","properties":{"tier":"high"},"geometry":{"type":"LineString","coordinates":[[138.491188,-35.200826],[138.491271,-35.20092],[138.491342,-35.201039],[138.491373,-35.201089],[138.491501,-35.201149]]}},{"type":"Feature","properties":{"tier":"high"},"geometry":{"type":"LineString","coordinates":[[138.490867,-35.196502],[138.490881,-35.19682],[138.490893,-35.19698],[138.491139,-35.200079]]}},{"type":"Feature","properties":{"tier":"high"},"geometry":{"type":"LineString","coordinates":[[138.491484,-35.205495],[138.491402,-35.206557]]}},{"type":"Feature","properties":{"tier":"high"},"geometry":{"type":"LineString","coordinates":[[138.490804,-35.195704],[138.490867,-35.196502]]}},{"type":"Feature","properties":{"tier":"high"},"geometry":{"type":"LineString","coordinates":[[138.490499,-35.192728],[138.490703,-35.194462],[138.490804,-35.195704]]}},{"type":"Feature","properties":{"tier":"high"},"geometry":{"type":"LineString","coordinates":[[138.490257,-35.187963],[138.49047,-35.187523],[138.490786,-35.18706]]}},{"type":"Feature","properties":{"tier":"high"},"geometry":{"type":"LineString","coordinates":[[138.490786,-35.18706],[138.49112,-35.186631]]}},{"type":"Feature","properties":{"tier":"high"},"geometry":{"type":"LineString","coordinates":[[138.49112,-35.186631],[138.491568,-35.185999],[138.491896,-35.185547],[138.492602,-35.184576]]}},{"type":"Feature","properties":{"tier":"high"},"geometry":{"type":"LineString","coordinates":[[138.493265,-35.183859],[138.492943,-35.184311]]}},{"type":"Feature","properties":{"tier":"high"},"geometry":{"type":"LineString","coordinates":[[138.491719,-35.185959],[138.491198,-35.186661]]}},{"type":"Feature","properties":{"tier":"high"},"geometry":{"type":"LineString","coordinates":[[138.492708,-35.184638],[138.492069,-35.185487]]}},{"type":"Feature","properties":{"tier":"high"},"geometry":{"type":"LineString","coordinates":[[138.494527,-35.183536],[138.494474,-35.183448],[138.494397,-35.183337],[138.494251,-35.183124]]}},{"type":"Feature","properties":{"tier":"high"},"geometry":{"type":"LineString","coordinates":[[138.495368,-35.180982],[138.4951,-35.18136]]}},{"type":"Feature","properties":{"tier":"high"},"geometry":{"type":"LineString","coordinates":[[138.495855,-35.180314],[138.495659,-35.18059]]}},{"type":"Feature","properties":{"tier":"high"},"geometry":{"type":"LineString","coordinates":[[138.495213,-35.180884],[138.495402,-35.180624]]}},{"type":"Feature","properties":{"tier":"regional"},"geometry":{"type":"LineString","coordinates":[[138.494732,-35.180065],[138.494866,-35.180052],[138.495245,-35.180016]]}},{"type":"Feature","properties":{"tier":"high"},"geometry":{"type":"LineString","coordinates":[[138.497629,-35.189281],[138.497974,-35.189454],[138.498341,-35.18965],[138.498437,-35.189667],[138.498523,-35.189678]]}},{"type":"Feature","properties":{"tier":"high"},"geometry":{"type":"LineString","coordinates":[[138.499648,-35.1905],[138.499375,-35.19032],[138.499157,-35.190208],[138.499087,-35.190181],[138.499013,-35.190162],[138.498854,-35.190163]]}},{"type":"Feature","properties":{"tier":"arterial"},"geometry":{"type":"LineString","coordinates":[[138.479224,-35.193066],[138.478206,-35.193405]]}},{"type":"Feature","properties":{"tier":"arterial"},"geometry":{"type":"LineString","coordinates":[[138.479994,-35.192809],[138.479603,-35.192939]]}},{"type":"Feature","properties":{"tier":"arterial"},"geometry":{"type":"LineString","coordinates":[[138.488155,-35.190927],[138.487299,-35.190974]]}},{"type":"Feature","properties":{"tier":"arterial"},"geometry":{"type":"LineString","coordinates":[[138.489581,-35.190814],[138.488634,-35.190895],[138.488277,-35.190922],[138.488155,-35.190927]]}},{"type":"Feature","properties":{"tier":"arterial"},"geometry":{"type":"LineString","coordinates":[[138.484793,-35.191177],[138.485595,-35.191038]]}},{"type":"Feature","properties":{"tier":"arterial"},"geometry":{"type":"LineString","coordinates":[[138.483685,-35.191448],[138.484271,-35.191297],[138.484793,-35.191177]]}},{"type":"Feature","properties":{"tier":"arterial"},"geometry":{"type":"LineString","coordinates":[[138.483489,-35.191617],[138.483177,-35.191715],[138.482736,-35.191865]]}},{"type":"Feature","properties":{"tier":"regional"},"geometry":{"type":"LineString","coordinates":[[138.481198,-35.190811],[138.481163,-35.190673],[138.481103,-35.190458]]}},{"type":"Feature","properties":{"tier":"regional"},"geometry":{"type":"LineString","coordinates":[[138.481287,-35.190775],[138.481346,-35.191033],[138.481392,-35.191187]]}},{"type":"Feature","properties":{"tier":"regional"},"geometry":{"type":"LineString","coordinates":[[138.481103,-35.190458],[138.48107,-35.190342],[138.480959,-35.189944],[138.480704,-35.189026],[138.480602,-35.188663],[138.480575,-35.188567]]}},{"type":"Feature","properties":{"tier":"regional"},"geometry":{"type":"LineString","coordinates":[[138.492525,-35.18024],[138.491939,-35.180264]]}},{"type":"Feature","properties":{"tier":"regional"},"geometry":{"type":"LineString","coordinates":[[138.480685,-35.232324],[138.480736,-35.233098]]}},{"type":"Feature","properties":{"tier":"regional"},"geometry":{"type":"LineString","coordinates":[[138.4829,-35.263963],[138.482428,-35.256815],[138.482239,-35.254179],[138.481711,-35.246312],[138.481495,-35.243696],[138.481426,-35.242457]]}},{"type":"Feature","properties":{"tier":"arterial"},"geometry":{"type":"LineString","coordinates":[[138.477684,-35.277831],[138.477578,-35.27782]]}},{"type":"Feature","properties":{"tier":"high"},"geometry":{"type":"LineString","coordinates":[[138.473589,-35.328583],[138.473407,-35.328805],[138.472651,-35.32956],[138.472508,-35.329637]]}},{"type":"Feature","properties":{"tier":"arterial"},"geometry":{"type":"LineString","coordinates":[[138.477899,-35.277744],[138.478225,-35.277756],[138.478539,-35.277768],[138.478604,-35.277763],[138.47874,-35.27776],[138.478931,-35.277738],[138.479212,-35.277664],[138.479479,-35.277563],[138.479695,-35.277454],[138.479837,-35.277432]]}},{"type":"Feature","properties":{"tier":"arterial"},"geometry":{"type":"LineString","coordinates":[[138.479837,-35.277432],[138.480183,-35.277171],[138.480843,-35.276663],[138.481755,-35.275964],[138.482313,-35.275656],[138.483474,-35.275386],[138.483735,-35.275338]]}},{"type":"Feature","properties":{"tier":"arterial"},"geometry":{"type":"LineString","coordinates":[[138.477606,-35.277719],[138.477791,-35.277733]]}},{"type":"Feature","properties":{"tier":"arterial"},"geometry":{"type":"LineString","coordinates":[[138.476918,-35.27767],[138.477202,-35.27769],[138.477606,-35.277719]]}},{"type":"Feature","properties":{"tier":"arterial"},"geometry":{"type":"LineString","coordinates":[[138.475972,-35.277711],[138.476136,-35.277642],[138.476408,-35.277637],[138.476703,-35.277653]]}},{"type":"Feature","properties":{"tier":"high"},"geometry":{"type":"LineString","coordinates":[[138.473115,-35.308346],[138.473015,-35.307449],[138.472838,-35.305013],[138.472799,-35.304578]]}},{"type":"Feature","properties":{"tier":"high"},"geometry":{"type":"LineString","coordinates":[[138.473492,-35.313345],[138.473487,-35.31329]]}},{"type":"Feature","properties":{"tier":"high"},"geometry":{"type":"LineString","coordinates":[[138.472508,-35.329637],[138.472525,-35.329523],[138.473302,-35.328748],[138.473433,-35.328572],[138.473463,-35.328534],[138.473737,-35.328197],[138.473977,-35.327853],[138.474127,-35.32759],[138.47423,-35.327318],[138.474342,-35.327066],[138.474414,-35.326802],[138.47448,-35.326504],[138.474534,-35.326183],[138.474547,-35.325861],[138.474533,-35.325461]]}},{"type":"Feature","properties":{"tier":"high"},"geometry":{"type":"LineString","coordinates":[[138.474533,-35.325461],[138.474496,-35.324895],[138.474442,-35.324065],[138.474362,-35.323211],[138.474255,-35.321932],[138.474113,-35.320645],[138.474037,-35.32003],[138.473937,-35.319212],[138.473858,-35.318237],[138.473834,-35.317976],[138.473492,-35.313345]]}},{"type":"Feature","properties":{"tier":"high"},"geometry":{"type":"LineString","coordinates":[[138.473487,-35.31329],[138.47339,-35.31224],[138.473115,-35.308346]]}},{"type":"Feature","properties":{"tier":"high"},"geometry":{"type":"LineString","coordinates":[[138.474441,-35.282162],[138.474653,-35.281898],[138.475247,-35.281159],[138.475762,-35.280417],[138.476132,-35.279911],[138.476545,-35.279357],[138.476982,-35.278729],[138.477219,-35.278396],[138.477813,-35.277589]]}},{"type":"Feature","properties":{"tier":"high"},"geometry":{"type":"LineString","coordinates":[[138.472799,-35.304578],[138.472727,-35.303477],[138.472669,-35.302769],[138.472594,-35.301806],[138.472412,-35.300006],[138.472334,-35.299052],[138.472192,-35.297708],[138.472146,-35.296975],[138.472092,-35.296007],[138.472026,-35.294814],[138.471994,-35.294092],[138.471965,-35.293441],[138.471926,-35.292618],[138.471909,-35.29229],[138.471883,-35.2918],[138.471835,-35.291022],[138.471752,-35.289965],[138.471707,-35.289089],[138.471642,-35.288242],[138.471607,-35.287476],[138.47167,-35.286885],[138.471719,-35.286649],[138.471757,-35.286458],[138.471894,-35.285985],[138.472221,-35.285224],[138.472787,-35.284375],[138.473176,-35.28385],[138.473611,-35.283281],[138.474441,-35.282162]]}},{"type":"Feature","properties":{"tier":"arterial"},"geometry":{"type":"LineString","coordinates":[[138.477833,-35.277846],[138.477789,-35.277842],[138.477684,-35.277831]]}},{"type":"Feature","properties":{"tier":"arterial"},"geometry":{"type":"LineString","coordinates":[[138.475972,-35.277711],[138.475618,-35.277777]]}},{"type":"Feature","properties":{"tier":"high"},"geometry":{"type":"LineString","coordinates":[[138.478519,-35.277349],[138.478467,-35.277568],[138.478474,-35.277615],[138.47849,-35.277662],[138.478531,-35.277714],[138.478604,-35.277763]]}},{"type":"Feature","properties":{"tier":"high"},"geometry":{"type":"LineString","coordinates":[[138.478539,-35.27788],[138.478342,-35.277969],[138.478222,-35.277995],[138.478157,-35.278011],[138.478033,-35.27805]]}},{"type":"Feature","properties":{"tier":"high"},"geometry":{"type":"LineString","coordinates":[[138.476886,-35.278124],[138.476889,-35.278019],[138.476891,-35.277911],[138.476878,-35.277841],[138.476833,-35.277766]]}},{"type":"Feature","properties":{"tier":"arterial"},"geometry":{"type":"LineString","coordinates":[[138.479372,-35.219476],[138.479492,-35.219425],[138.479595,-35.219356],[138.479623,-35.219305],[138.47966,-35.219128]]}},{"type":"Feature","properties":{"tier":"high"},"geometry":{"type":"LineString","coordinates":[[138.48005,-35.274267],[138.48026,-35.274038]]}},{"type":"Feature","properties":{"tier":"high"},"geometry":{"type":"LineString","coordinates":[[138.475762,-35.280417],[138.475789,-35.280147],[138.475985,-35.27978],[138.47617,-35.27941],[138.476521,-35.278713],[138.476886,-35.278124],[138.477139,-35.27778],[138.477202,-35.27769],[138.477315,-35.27753]]}},{"type":"Feature","properties":{"tier":"high"},"geometry":{"type":"LineString","coordinates":[[138.48026,-35.274038],[138.480412,-35.273782]]}},{"type":"Feature","properties":{"tier":"high"},"geometry":{"type":"LineString","coordinates":[[138.480071,-35.27459],[138.479984,-35.27495],[138.479619,-35.275569],[138.479313,-35.276151],[138.479042,-35.276585],[138.478865,-35.276863],[138.478519,-35.277349],[138.478225,-35.277756]]}},{"type":"Feature","properties":{"tier":"high"},"geometry":{"type":"LineString","coordinates":[[138.477315,-35.27753],[138.47745,-35.277357],[138.477822,-35.276815],[138.477876,-35.276723],[138.478154,-35.276351],[138.47842,-35.276035],[138.478825,-35.275659],[138.47908,-35.275376],[138.479354,-35.275081],[138.479635,-35.274774],[138.479968,-35.27436],[138.48005,-35.274267]]}},{"type":"Feature","properties":{"tier":"arterial"},"geometry":{"type":"LineString","coordinates":[[138.477791,-35.277733],[138.477899,-35.277744]]}},{"type":"Feature","properties":{"tier":"high"},"geometry":{"type":"LineString","coordinates":[[138.480071,-35.27459],[138.479891,-35.274844]]}},{"type":"Feature","properties":{"tier":"arterial"},"geometry":{"type":"LineString","coordinates":[[138.478149,-35.277861],[138.477833,-35.277846]]}},{"type":"Feature","properties":{"tier":"high"},"geometry":{"type":"LineString","coordinates":[[138.478149,-35.277861],[138.478033,-35.27805],[138.477352,-35.278948],[138.477001,-35.279342],[138.476628,-35.279716],[138.47606,-35.280373],[138.4758,-35.28058]]}},{"type":"Feature","properties":{"tier":"high"},"geometry":{"type":"LineString","coordinates":[[138.478225,-35.277756],[138.478149,-35.277861]]}},{"type":"Feature","properties":{"tier":"arterial"},"geometry":{"type":"LineString","coordinates":[[138.50002,-35.274514],[138.496512,-35.274693],[138.495314,-35.274753],[138.49485,-35.274774],[138.494783,-35.274778],[138.493558,-35.274843],[138.49095,-35.274978],[138.487632,-35.275143],[138.485436,-35.275261],[138.483823,-35.275335],[138.483735,-35.275338]]}},{"type":"Feature","properties":{"tier":"arterial"},"geometry":{"type":"LineString","coordinates":[[138.476703,-35.277653],[138.476918,-35.27767]]}},{"type":"Feature","properties":{"tier":"arterial"},"geometry":{"type":"LineString","coordinates":[[138.470983,-35.278377],[138.471002,-35.278347],[138.471028,-35.278327],[138.471042,-35.278321],[138.47106,-35.278314],[138.471095,-35.278309],[138.471131,-35.278314],[138.471163,-35.278327],[138.471189,-35.278347],[138.471207,-35.278376],[138.471213,-35.278408],[138.471205,-35.27844],[138.471195,-35.278454],[138.471185,-35.278468],[138.471154,-35.278489],[138.471117,-35.2785],[138.471077,-35.2785],[138.47104,-35.27849],[138.471008,-35.27847],[138.470986,-35.278442],[138.470978,-35.27841],[138.470983,-35.278377]]}},{"type":"Feature","properties":{"tier":"arterial"},"geometry":{"type":"LineString","coordinates":[[138.471189,-35.278347],[138.471301,-35.278365],[138.471475,-35.278393]]}},{"type":"Feature","properties":{"tier":"arterial"},"geometry":{"type":"LineString","coordinates":[[138.471475,-35.278393],[138.471303,-35.27843],[138.471195,-35.278454]]}},{"type":"Feature","properties":{"tier":"arterial"},"geometry":{"type":"LineString","coordinates":[[138.496254,-35.138154],[138.496443,-35.138144]]}},{"type":"Feature","properties":{"tier":"arterial"},"geometry":{"type":"LineString","coordinates":[[138.498906,-35.138024],[138.499049,-35.138017],[138.499059,-35.138016],[138.499202,-35.138009]]}}]}
