{"type":"FeatureCollection","features":[{"type":"Feature","properties":{"tier":"arterial"},"geometry":{"type":"LineString","coordinates":[[138.70435,-34.827099],[138.705063,-34.827069],[138.705148,-34.827065],[138.705258,-34.82706],[138.705283,-34.827059],[138.705439,-34.827045],[138.705593,-34.827031],[138.705838,-34.82699],[138.705966,-34.82696]]}},{"type":"Feature","properties":{"tier":"arterial"},"geometry":{"type":"LineString","coordinates":[[138.731239,-34.821686],[138.731398,-34.821729],[138.731475,-34.821751],[138.731571,-34.821777],[138.732137,-34.821895],[138.73251,-34.821939],[138.732976,-34.821941],[138.733147,-34.821955],[138.733373,-34.821973],[138.733782,-34.822034],[138.734475,-34.822178],[138.734778,-34.822255],[138.735528,-34.82248],[138.735962,-34.822618],[138.736915,-34.822961],[138.736993,-34.823058]]}},{"type":"Feature","properties":{"tier":"arterial"},"geometry":{"type":"LineString","coordinates":[[138.702425,-34.843096],[138.702851,-34.843069],[138.703497,-34.843028]]}},{"type":"Feature","properties":{"tier":"arterial"},"geometry":{"type":"LineString","coordinates":[[138.736993,-34.823058],[138.737519,-34.8233],[138.737643,-34.823354],[138.737779,-34.823419],[138.737933,-34.823457],[138.738078,-34.823487],[138.738226,-34.823509],[138.738435,-34.823523]]}},{"type":"Feature","properties":{"tier":"arterial"},"geometry":{"type":"LineString","coordinates":[[138.694952,-34.817421],[138.695,-34.817564],[138.695116,-34.817906],[138.695153,-34.818331],[138.69516,-34.818439]]}},{"type":"Feature","properties":{"tier":"arterial"},"geometry":{"type":"LineString","coordinates":[[138.718366,-34.816076],[138.718335,-34.816089],[138.718302,-34.816096],[138.718267,-34.816096],[138.718234,-34.816088]]}},{"type":"Feature","properties":{"tier":"regional"},"geometry":{"type":"LineString","coordinates":[[138.731239,-34.821686],[138.731134,-34.821753],[138.730986,-34.821847],[138.730681,-34.822042],[138.730671,-34.822049],[138.730493,-34.822162]]}},{"type":"Feature","properties":{"tier":"regional"},"geometry":{"type":"LineString","coordinates":[[138.730142,-34.822386],[138.73023,-34.822286],[138.730275,-34.822169]]}},{"type":"Feature","properties":{"tier":"arterial"},"geometry":{"type":"LineString","coordinates":[[138.722925,-34.840058],[138.723133,-34.840097],[138.723337,-34.840129],[138.723569,-34.840146]]}},{"type":"Feature","properties":{"tier":"arterial"},"geometry":{"type":"LineString","coordinates":[[138.74703,-34.840683],[138.746871,-34.840443],[138.746519,-34.839795],[138.746438,-34.839611],[138.746396,-34.839437],[138.746371,-34.839113],[138.746342,-34.838733],[138.746288,-34.838417],[138.746152,-34.837305],[138.746168,-34.837012],[138.746252,-34.836757],[138.746741,-34.835886],[138.746883,-34.835684],[138.747065,-34.83552],[138.747743,-34.835121],[138.747974,-34.83496],[138.748133,-34.834794],[138.748454,-34.834262],[138.748629,-34.833883],[138.74928,-34.83192],[138.749627,-34.830967],[138.749776,-34.830557],[138.75002,-34.829802]]}},{"type":"Feature","properties":{"tier":"arterial"},"geometry":{"type":"LineString","coordinates":[[138.725059,-34.820711],[138.725222,-34.820717],[138.725446,-34.820725],[138.725473,-34.820726],[138.725557,-34.820729],[138.725642,-34.820732],[138.725741,-34.820737],[138.726151,-34.820758],[138.726593,-34.820774],[138.726829,-34.82078],[138.726883,-34.820781],[138.728134,-34.820815],[138.728532,-34.820837],[138.728735,-34.820864],[138.728979,-34.820926],[138.730177,-34.821372]]}},{"type":"Feature","properties":{"tier":"arterial"},"geometry":{"type":"LineString","coordinates":[[138.720261,-34.820863],[138.720713,-34.82084],[138.721179,-34.820816],[138.721386,-34.820805],[138.721798,-34.820785]]}},{"type":"Feature","properties":{"tier":"arterial"},"geometry":{"type":"LineString","coordinates":[[138.724089,-34.820731],[138.721931,-34.82085]]}},{"type":"Feature","properties":{"tier":"arterial"},"geometry":{"type":"LineString","coordinates":[[138.709468,-34.82421],[138.71005,-34.823667],[138.71091,-34.822863],[138.711399,-34.822428],[138.711647,-34.822238],[138.711887,-34.822081],[138.712243,-34.821852],[138.712343,-34.821804],[138.712655,-34.821649],[138.713073,-34.821493],[138.71309,-34.821487],[138.713642,-34.821335],[138.713751,-34.821305],[138.714006,-34.821234]]}},{"type":"Feature","properties":{"tier":"arterial"},"geometry":{"type":"LineString","coordinates":[[138.695019,-34.8331],[138.694951,-34.833106],[138.694559,-34.833137]]}},{"type":"Feature","properties":{"tier":"arterial"},"geometry":{"type":"LineString","coordinates":[[138.693092,-34.833157],[138.693221,-34.833147],[138.693559,-34.83312],[138.693649,-34.833113]]}},{"type":"Feature","properties":{"tier":"arterial"},"geometry":{"type":"LineString","coordinates":[[138.692874,-34.83326],[138.692757,-34.833267],[138.691901,-34.833314],[138.691458,-34.833338],[138.690992,-34.833364],[138.690205,-34.833407],[138.689854,-34.833426],[138.689802,-34.833429],[138.688808,-34.833484]]}},{"type":"Feature","properties":{"tier":"arterial"},"geometry":{"type":"LineString","coordinates":[[138.693074,-34.833279],[138.693036,-34.833302],[138.692997,-34.833311],[138.692957,-34.833309],[138.69292,-34.833298]]}},{"type":"Feature","properties":{"tier":"arterial"},"geometry":{"type":"LineString","coordinates":[[138.69429,-34.83316],[138.693828,-34.833196],[138.693638,-34.833204]]}},{"type":"Feature","properties":{"tier":"arterial"},"geometry":{"type":"LineString","coordinates":[[138.708845,-34.8409],[138.709066,-34.840805],[138.709331,-34.84072],[138.709571,-34.840661],[138.709791,-34.840623],[138.710151,-34.840577],[138.71053,-34.840539],[138.711139,-34.840486],[138.711395,-34.840469],[138.713444,-34.840288],[138.713712,-34.84026],[138.713843,-34.840247],[138.714647,-34.840165],[138.715772,-34.840048],[138.716423,-34.839981],[138.717056,-34.839915],[138.717686,-34.839852],[138.718045,-34.839819],[138.718437,-34.839783],[138.718547,-34.839773],[138.719144,-34.839711],[138.719704,-34.839643]]}},{"type":"Feature","properties":{"tier":"arterial"},"geometry":{"type":"LineString","coordinates":[[138.708845,-34.8409],[138.708741,-34.840977],[138.708629,-34.841045],[138.708381,-34.841218],[138.707972,-34.841514]]}},{"type":"Feature","properties":{"tier":"arterial"},"geometry":{"type":"LineString","coordinates":[[138.69396,-34.843589],[138.693965,-34.843685]]}},{"type":"Feature","properties":{"tier":"arterial"},"geometry":{"type":"LineString","coordinates":[[138.693989,-34.844172],[138.69381,-34.843839],[138.693789,-34.843807],[138.693758,-34.843762],[138.693691,-34.843704]]}},{"type":"Feature","properties":{"tier":"regional"},"geometry":{"type":"LineString","coordinates":[[138.693616,-34.867268],[138.693603,-34.867226],[138.69362,-34.867184],[138.693661,-34.867157],[138.693714,-34.867152],[138.693761,-34.867172],[138.693789,-34.867209]]}},{"type":"Feature","properties":{"tier":"arterial"},"geometry":{"type":"LineString","coordinates":[[138.748686,-34.840601],[138.748842,-34.840594],[138.749027,-34.840592],[138.749212,-34.840598],[138.74937,-34.840603],[138.749482,-34.840613],[138.749567,-34.840619],[138.749648,-34.840616],[138.749734,-34.840607],[138.749817,-34.840583],[138.749895,-34.840538],[138.74996,-34.840494],[138.75001,-34.840446],[138.75002,-34.840433]]}},{"type":"Feature","properties":{"tier":"arterial"},"geometry":{"type":"LineString","coordinates":[[138.74703,-34.840683],[138.747141,-34.840672],[138.747721,-34.840642],[138.748686,-34.840601]]}},{"type":"Feature","properties":{"tier":"arterial"},"geometry":{"type":"LineString","coordinates":[[138.696001,-34.843559],[138.695081,-34.843615],[138.694113,-34.843675]]}},{"type":"Feature","properties":{"tier":"regional"},"geometry":{"type":"LineString","coordinates":[[138.687675,-34.817599],[138.687669,-34.817542],[138.687627,-34.817159],[138.687546,-34.816831],[138.68748,-34.816718]]}},{"type":"Feature","properties":{"tier":"arterial"},"geometry":{"type":"LineString","coordinates":[[138.700239,-34.852869],[138.700499,-34.85282],[138.700984,-34.852729],[138.701489,-34.852653],[138.702046,-34.852587]]}},{"type":"Feature","properties":{"tier":"arterial"},"geometry":{"type":"LineString","coordinates":[[138.715028,-34.849542],[138.714691,-34.849774],[138.714367,-34.849968],[138.713745,-34.850274],[138.713456,-34.850414],[138.713155,-34.850572],[138.712947,-34.850675],[138.712792,-34.850751],[138.712738,-34.850782],[138.711554,-34.851446],[138.711175,-34.851631],[138.71094,-34.851732],[138.710651,-34.851855],[138.710125,-34.852048],[138.709582,-34.852231],[138.709077,-34.852372],[138.708564,-34.852496],[138.708173,-34.852565]]}},{"type":"Feature","properties":{"tier":"arterial"},"geometry":{"type":"LineString","coordinates":[[138.687642,-34.817747],[138.687612,-34.817734],[138.68759,-34.817714],[138.687579,-34.81769],[138.687579,-34.817661],[138.68759,-34.817636],[138.687615,-34.817614],[138.687644,-34.817602],[138.687675,-34.817599],[138.687696,-34.817602],[138.687725,-34.817613],[138.687748,-34.817634],[138.68776,-34.817656],[138.68776,-34.81767],[138.68776,-34.817694],[138.687747,-34.817718],[138.687716,-34.817741],[138.687686,-34.81775],[138.687642,-34.817747]]}},{"type":"Feature","properties":{"tier":"arterial"},"geometry":{"type":"LineString","coordinates":[[138.694477,-34.827813],[138.694139,-34.827852],[138.694012,-34.827875],[138.693976,-34.827882],[138.693874,-34.827902]]}},{"type":"Feature","properties":{"tier":"arterial"},"geometry":{"type":"LineString","coordinates":[[138.705951,-34.842791],[138.705744,-34.842867],[138.705717,-34.842875],[138.705416,-34.842957],[138.705251,-34.842989],[138.705221,-34.842995],[138.705018,-34.843024],[138.704749,-34.843047],[138.704508,-34.843063],[138.70403,-34.843091]]}},{"type":"Feature","properties":{"tier":"arterial"},"geometry":{"type":"LineString","coordinates":[[138.731482,-34.840308],[138.731432,-34.840256],[138.731374,-34.84019],[138.731228,-34.840044],[138.731113,-34.839865],[138.730923,-34.839484],[138.730736,-34.839236],[138.730691,-34.839153],[138.730668,-34.839094],[138.730669,-34.838906],[138.730726,-34.838572],[138.730723,-34.838448],[138.730706,-34.838374],[138.730696,-34.838347],[138.73066,-34.838266],[138.73063,-34.838222],[138.730585,-34.838173],[138.730512,-34.838111],[138.730364,-34.838019],[138.730301,-34.837974],[138.730252,-34.837924],[138.729981,-34.837556],[138.729864,-34.837454],[138.729735,-34.837381],[138.729587,-34.837336],[138.729053,-34.837234],[138.728894,-34.837216],[138.728656,-34.837199],[138.728121,-34.837183],[138.727577,-34.837103],[138.727409,-34.837103],[138.727268,-34.837131],[138.727114,-34.837182],[138.726986,-34.837225],[138.72687,-34.837278],[138.726673,-34.837366],[138.726613,-34.837402],[138.726556,-34.83744],[138.725836,-34.838058],[138.725778,-34.838113],[138.725554,-34.838341],[138.725487,-34.838423],[138.725429,-34.838513],[138.725363,-34.838628],[138.725315,-34.838767],[138.725266,-34.83896],[138.72526,-34.839014]]}},{"type":"Feature","properties":{"tier":"arterial"},"geometry":{"type":"LineString","coordinates":[[138.707055,-34.832723],[138.707143,-34.834034],[138.707152,-34.834176],[138.707179,-34.834519],[138.707256,-34.835409],[138.707353,-34.836534],[138.707385,-34.836899],[138.707394,-34.837]]}},{"type":"Feature","properties":{"tier":"arterial"},"geometry":{"type":"LineString","coordinates":[[138.715464,-34.849186],[138.715732,-34.848953],[138.715989,-34.848691],[138.716186,-34.848448],[138.716331,-34.848222],[138.716484,-34.847963],[138.716603,-34.847709],[138.71675,-34.84732],[138.716845,-34.846953],[138.716973,-34.846504],[138.71704,-34.846319],[138.7171,-34.846136],[138.717243,-34.845728],[138.717529,-34.845111],[138.717676,-34.844771],[138.717815,-34.844448],[138.718081,-34.844064],[138.718229,-34.843898],[138.718381,-34.843729],[138.718394,-34.843717],[138.718613,-34.843535],[138.718777,-34.843402],[138.718869,-34.843336],[138.71893,-34.843292],[138.719413,-34.843003],[138.719718,-34.842837],[138.719949,-34.842672],[138.71998,-34.842647],[138.720109,-34.84254],[138.720199,-34.84245],[138.720255,-34.842364],[138.720342,-34.842182],[138.720403,-34.842038],[138.720423,-34.841926],[138.720424,-34.841581],[138.720404,-34.841156],[138.720428,-34.840956],[138.72046,-34.840788],[138.720516,-34.840615],[138.720566,-34.840418],[138.720573,-34.840346],[138.720562,-34.840243],[138.720535,-34.84012]]}},{"type":"Feature","properties":{"tier":"regional"},"geometry":{"type":"LineString","coordinates":[[138.722925,-34.840058],[138.722986,-34.839878],[138.723037,-34.839728],[138.723294,-34.838925],[138.723528,-34.838292],[138.72362,-34.838028],[138.723809,-34.837485],[138.723832,-34.83742],[138.723975,-34.837113],[138.724067,-34.836984],[138.724161,-34.836892],[138.724281,-34.836774],[138.724808,-34.836366],[138.725032,-34.836214],[138.725131,-34.836107],[138.725193,-34.83601],[138.72523,-34.835953],[138.725305,-34.835773],[138.72534,-34.83569],[138.725398,-34.835441],[138.725494,-34.835028],[138.725732,-34.834004],[138.725831,-34.83362],[138.725899,-34.833355],[138.725963,-34.832997],[138.72603,-34.832703],[138.726058,-34.83258],[138.726134,-34.832246],[138.726142,-34.832213],[138.726211,-34.831755],[138.726405,-34.830302],[138.726508,-34.82936],[138.726516,-34.829291],[138.726555,-34.829031],[138.726631,-34.828523],[138.726679,-34.828199],[138.726688,-34.828132],[138.726701,-34.828024],[138.726713,-34.827935],[138.726736,-34.827753],[138.726818,-34.827109],[138.72682,-34.826748],[138.726822,-34.826371],[138.726822,-34.8263],[138.7268,-34.825747],[138.726814,-34.825605],[138.726857,-34.825457],[138.72688,-34.825405],[138.726917,-34.825323],[138.726968,-34.825251],[138.727094,-34.825074],[138.727103,-34.825061],[138.72734,-34.82483],[138.727452,-34.824721],[138.727687,-34.824467],[138.727716,-34.824436],[138.728289,-34.823817],[138.728381,-34.823717],[138.728898,-34.823212],[138.728973,-34.82316],[138.729491,-34.822803],[138.729827,-34.822587],[138.730142,-34.822386]]}},{"type":"Feature","properties":{"tier":"arterial"},"geometry":{"type":"LineString","coordinates":[[138.75002,-34.825101],[138.749939,-34.825147],[138.748647,-34.826044],[138.748352,-34.826169],[138.74822,-34.826203],[138.748082,-34.826218],[138.747585,-34.826181],[138.74597,-34.825806],[138.745209,-34.825685],[138.744966,-34.825612],[138.744656,-34.82549],[138.743857,-34.825128],[138.743697,-34.824999],[138.743432,-34.824698],[138.743185,-34.824539],[138.743038,-34.824482],[138.742793,-34.824416],[138.742359,-34.82435],[138.741462,-34.824295],[138.740728,-34.824295],[138.740381,-34.824253],[138.740227,-34.824203],[138.739222,-34.823714],[138.739011,-34.823647],[138.738696,-34.823557],[138.738435,-34.823523]]}},{"type":"Feature","properties":{"tier":"arterial"},"geometry":{"type":"LineString","coordinates":[[138.731482,-34.840308],[138.73153,-34.840422],[138.731538,-34.840537],[138.731524,-34.840633],[138.731499,-34.840732],[138.731412,-34.840916],[138.731199,-34.841313],[138.731174,-34.841421],[138.731175,-34.841532],[138.731202,-34.841666],[138.73128,-34.841978],[138.731303,-34.842254],[138.731291,-34.842542],[138.73127,-34.842831],[138.731292,-34.842949],[138.731321,-34.843009],[138.731354,-34.843054],[138.731408,-34.843091],[138.731518,-34.843139],[138.7316,-34.84316],[138.731763,-34.843168],[138.731873,-34.843157],[138.731953,-34.843138],[138.732037,-34.843109],[138.732159,-34.843053],[138.732412,-34.842878],[138.732573,-34.842796],[138.732673,-34.842762],[138.73275,-34.842749],[138.732826,-34.842749],[138.73311,-34.842826],[138.733232,-34.84285],[138.733379,-34.842841],[138.733498,-34.842814],[138.733715,-34.842748],[138.733949,-34.842651],[138.734046,-34.8426],[138.734223,-34.842478],[138.734545,-34.842176],[138.734642,-34.842101],[138.73478,-34.842016],[138.735167,-34.841843],[138.735942,-34.841422],[138.736603,-34.841105],[138.73727,-34.840763],[138.738161,-34.840297],[138.738267,-34.84025],[138.738378,-34.840208],[138.738475,-34.840183],[138.73857,-34.840163],[138.738679,-34.840144],[138.73936,-34.840077],[138.739706,-34.840099],[138.739886,-34.840131],[138.740109,-34.8402],[138.74029,-34.840293],[138.74047,-34.8404],[138.74053,-34.840439],[138.740739,-34.840601],[138.740941,-34.840781],[138.74102,-34.840846],[138.741115,-34.840914],[138.741192,-34.840962],[138.741266,-34.840998],[138.741416,-34.841034],[138.741554,-34.841046],[138.741904,-34.841054],[138.742079,-34.841068],[138.742227,-34.841095],[138.742437,-34.841182],[138.742524,-34.841213],[138.742603,-34.84123],[138.742675,-34.841234],[138.742794,-34.841223],[138.742965,-34.841186],[138.74314,-34.841157],[138.743302,-34.841137],[138.743469,-34.841127],[138.743897,-34.841123],[138.744022,-34.841137],[138.74416,-34.841175],[138.744317,-34.841226],[138.744439,-34.841258],[138.744565,-34.841288],[138.744701,-34.841295],[138.744837,-34.841299],[138.744923,-34.841289],[138.745008,-34.841275],[138.745204,-34.841191],[138.74532,-34.841143],[138.745397,-34.841125],[138.745536,-34.841129],[138.745684,-34.841133],[138.745764,-34.841126],[138.745837,-34.841115],[138.746345,-34.84086],[138.746825,-34.84072],[138.74703,-34.840683]]}},{"type":"Feature","properties":{"tier":"high"},"geometry":{"type":"LineString","coordinates":[[138.691599,-34.828822],[138.691577,-34.828836],[138.691559,-34.828846],[138.691456,-34.828915],[138.691438,-34.828925],[138.691272,-34.829034],[138.691074,-34.829179],[138.690882,-34.829329],[138.690695,-34.829488],[138.69063,-34.829553]]}},{"type":"Feature","properties":{"tier":"arterial"},"geometry":{"type":"LineString","coordinates":[[138.705773,-34.868844],[138.706513,-34.86861]]}},{"type":"Feature","properties":{"tier":"arterial"},"geometry":{"type":"LineString","coordinates":[[138.694502,-34.854905],[138.694464,-34.854323],[138.694453,-34.854228],[138.694368,-34.853494],[138.694312,-34.853179],[138.694259,-34.852875],[138.694198,-34.852189],[138.694173,-34.851594],[138.694167,-34.851444],[138.694116,-34.850292],[138.694005,-34.848763],[138.694017,-34.847792],[138.694042,-34.847578],[138.694136,-34.846801],[138.694133,-34.845968],[138.694022,-34.84462],[138.693989,-34.844172]]}},{"type":"Feature","properties":{"tier":"arterial"},"geometry":{"type":"LineString","coordinates":[[138.693965,-34.843685],[138.693844,-34.843693],[138.693691,-34.843704]]}},{"type":"Feature","properties":{"tier":"arterial"},"geometry":{"type":"LineString","coordinates":[[138.692436,-34.817139],[138.691669,-34.817324],[138.691648,-34.817329],[138.691336,-34.817395],[138.691036,-34.817437],[138.690162,-34.817501],[138.688463,-34.817625],[138.688461,-34.817625],[138.687883,-34.817662],[138.68776,-34.81767]]}},{"type":"Feature","properties":{"tier":"arterial"},"geometry":{"type":"LineString","coordinates":[[138.700427,-34.843302],[138.700209,-34.843315],[138.699989,-34.843328],[138.699707,-34.843344],[138.699488,-34.843357],[138.698487,-34.843417]]}},{"type":"Feature","properties":{"tier":"arterial"},"geometry":{"type":"LineString","coordinates":[[138.690809,-34.843897],[138.690349,-34.843928],[138.689929,-34.84395],[138.689041,-34.843995],[138.689002,-34.843997],[138.688909,-34.844003]]}},{"type":"Feature","properties":{"tier":"arterial"},"geometry":{"type":"LineString","coordinates":[[138.693989,-34.844172],[138.69397,-34.843772],[138.693968,-34.843746],[138.693965,-34.843685]]}},{"type":"Feature","properties":{"tier":"arterial"},"geometry":{"type":"LineString","coordinates":[[138.716966,-34.83185],[138.717098,-34.831846],[138.717735,-34.831815],[138.717925,-34.831806],[138.718333,-34.831786],[138.719556,-34.831727]]}},{"type":"Feature","properties":{"tier":"arterial"},"geometry":{"type":"LineString","coordinates":[[138.707409,-34.83237],[138.707471,-34.832362],[138.707582,-34.832356],[138.708682,-34.832296],[138.709971,-34.832226],[138.713474,-34.832037],[138.713732,-34.832023],[138.71437,-34.831989],[138.715876,-34.831908],[138.716293,-34.831886],[138.716966,-34.83185]]}},{"type":"Feature","properties":{"tier":"arterial"},"geometry":{"type":"LineString","coordinates":[[138.718675,-34.820603],[138.718694,-34.82085],[138.718696,-34.820878],[138.7187,-34.82094]]}},{"type":"Feature","properties":{"tier":"high"},"geometry":{"type":"LineString","coordinates":[[138.688313,-34.831342],[138.688427,-34.831316],[138.68852,-34.831288],[138.688611,-34.831256],[138.68872,-34.831216],[138.688811,-34.831175],[138.688931,-34.831118],[138.689127,-34.831003],[138.689308,-34.830873],[138.689446,-34.830738],[138.68953,-34.830645],[138.689595,-34.830574],[138.68968,-34.830466],[138.689706,-34.830437],[138.689755,-34.830375]]}},{"type":"Feature","properties":{"tier":"arterial"},"geometry":{"type":"LineString","coordinates":[[138.688051,-34.832381],[138.688081,-34.832784],[138.688096,-34.832994],[138.688105,-34.833063],[138.68812,-34.833125],[138.688141,-34.833197],[138.688148,-34.833219],[138.688167,-34.833266],[138.688185,-34.83331]]}},{"type":"Feature","properties":{"tier":"arterial"},"geometry":{"type":"LineString","coordinates":[[138.688212,-34.833596],[138.688194,-34.833651],[138.688188,-34.833674],[138.688176,-34.833721]]}},{"type":"Feature","properties":{"tier":"arterial"},"geometry":{"type":"LineString","coordinates":[[138.688176,-34.833721],[138.688194,-34.833982],[138.688266,-34.835044]]}},{"type":"Feature","properties":{"tier":"arterial"},"geometry":{"type":"LineString","coordinates":[[138.68804,-34.833733],[138.68803,-34.833703],[138.688018,-34.833677],[138.688004,-34.833651],[138.68797,-34.833608]]}},{"type":"Feature","properties":{"tier":"arterial"},"geometry":{"type":"LineString","coordinates":[[138.687984,-34.832894],[138.687976,-34.832805],[138.687974,-34.832782],[138.687965,-34.832674],[138.687949,-34.832488],[138.687944,-34.832437],[138.687939,-34.832386],[138.687929,-34.832295],[138.687926,-34.832253],[138.687898,-34.83193],[138.687883,-34.831746]]}},{"type":"Feature","properties":{"tier":"arterial"},"geometry":{"type":"LineString","coordinates":[[138.68861,-34.833383],[138.688779,-34.833374],[138.689719,-34.833324],[138.689868,-34.833316],[138.690195,-34.833299],[138.690982,-34.833257],[138.691892,-34.833208],[138.692731,-34.833164],[138.692874,-34.833157]]}},{"type":"Feature","properties":{"tier":"arterial"},"geometry":{"type":"LineString","coordinates":[[138.688204,-34.83332],[138.688407,-34.833365],[138.68861,-34.833383]]}},{"type":"Feature","properties":{"tier":"arterial"},"geometry":{"type":"LineString","coordinates":[[138.688454,-34.833526],[138.688386,-34.833548],[138.688333,-34.833561],[138.688232,-34.833581]]}},{"type":"Feature","properties":{"tier":"arterial"},"geometry":{"type":"LineString","coordinates":[[138.688204,-34.83332],[138.688229,-34.833338],[138.68825,-34.833358],[138.688267,-34.833381],[138.68828,-34.833406],[138.688288,-34.833432],[138.688291,-34.833459],[138.688289,-34.833486],[138.688282,-34.833512],[138.68827,-34.833537],[138.688253,-34.83356],[138.688232,-34.833581]]}},{"type":"Feature","properties":{"tier":"arterial"},"geometry":{"type":"LineString","coordinates":[[138.707766,-34.825974],[138.707565,-34.826056],[138.707522,-34.826063],[138.707473,-34.826056]]}},{"type":"Feature","properties":{"tier":"high"},"geometry":{"type":"LineString","coordinates":[[138.693181,-34.82794],[138.693501,-34.827768],[138.69357,-34.82772],[138.693597,-34.827687],[138.693621,-34.827649],[138.693651,-34.827577],[138.693665,-34.827516],[138.693688,-34.827367]]}},{"type":"Feature","properties":{"tier":"arterial"},"geometry":{"type":"LineString","coordinates":[[138.693732,-34.827793],[138.693724,-34.827726],[138.693723,-34.827712],[138.69371,-34.827595],[138.693688,-34.827367]]}},{"type":"Feature","properties":{"tier":"arterial"},"geometry":{"type":"LineString","coordinates":[[138.6938,-34.827157],[138.693802,-34.827178],[138.693805,-34.827224],[138.693812,-34.82729],[138.693849,-34.827661],[138.693853,-34.827694],[138.69386,-34.827766]]}},{"type":"Feature","properties":{"tier":"arterial"},"geometry":{"type":"LineString","coordinates":[[138.7182,-34.820972],[138.718438,-34.820901],[138.718494,-34.820874],[138.718535,-34.820853],[138.718568,-34.820828],[138.718604,-34.820793],[138.718641,-34.820745],[138.718675,-34.820603]]}},{"type":"Feature","properties":{"tier":"arterial"},"geometry":{"type":"LineString","coordinates":[[138.692558,-34.828175],[138.692473,-34.828122],[138.692429,-34.828083],[138.692384,-34.828041],[138.692343,-34.828014],[138.692264,-34.827972],[138.692197,-34.827948],[138.692136,-34.82793],[138.692089,-34.827919],[138.692011,-34.827907],[138.691948,-34.827905]]}},{"type":"Feature","properties":{"tier":"arterial"},"geometry":{"type":"LineString","coordinates":[[138.691807,-34.827888],[138.691916,-34.827866],[138.692104,-34.82786],[138.692208,-34.827875],[138.692301,-34.827905],[138.692363,-34.827937],[138.692429,-34.827986],[138.692532,-34.828053],[138.692566,-34.828066],[138.692618,-34.828083],[138.692674,-34.828094],[138.692735,-34.8281]]}},{"type":"Feature","properties":{"tier":"arterial"},"geometry":{"type":"LineString","coordinates":[[138.714155,-34.821328],[138.713845,-34.821389],[138.713774,-34.821405],[138.713606,-34.821443],[138.713287,-34.821537],[138.713027,-34.821627],[138.712794,-34.821716],[138.712516,-34.821846],[138.71226,-34.821981],[138.712049,-34.822106],[138.71187,-34.822225],[138.711612,-34.822418],[138.711312,-34.822668],[138.711016,-34.822947],[138.710761,-34.823186],[138.710314,-34.823606]]}},{"type":"Feature","properties":{"tier":"arterial"},"geometry":{"type":"LineString","coordinates":[[138.706282,-34.827004],[138.706196,-34.827033],[138.706075,-34.827069],[138.705938,-34.8271],[138.70578,-34.827129],[138.705614,-34.827157],[138.705468,-34.827176],[138.705307,-34.827191],[138.705288,-34.827191],[138.705018,-34.827206]]}},{"type":"Feature","properties":{"tier":"arterial"},"geometry":{"type":"LineString","coordinates":[[138.706532,-34.827213],[138.706506,-34.827119],[138.706483,-34.827035],[138.706477,-34.826999],[138.706466,-34.82693]]}},{"type":"Feature","properties":{"tier":"arterial"},"geometry":{"type":"LineString","coordinates":[[138.707473,-34.826056],[138.707486,-34.82611],[138.707484,-34.826147],[138.707466,-34.826248]]}},{"type":"Feature","properties":{"tier":"arterial"},"geometry":{"type":"LineString","coordinates":[[138.706532,-34.827213],[138.706502,-34.827169],[138.706472,-34.827128],[138.706431,-34.827072],[138.706392,-34.827045],[138.706351,-34.827026],[138.706282,-34.827004]]}},{"type":"Feature","properties":{"tier":"high"},"geometry":{"type":"LineString","coordinates":[[138.687941,-34.831187],[138.688068,-34.831283],[138.688124,-34.83131],[138.688313,-34.831342]]}},{"type":"Feature","properties":{"tier":"arterial"},"geometry":{"type":"LineString","coordinates":[[138.718675,-34.820603],[138.718809,-34.820733],[138.718854,-34.820775],[138.718888,-34.820809],[138.718951,-34.820856],[138.718996,-34.820883],[138.719066,-34.820918]]}},{"type":"Feature","properties":{"tier":"arterial"},"geometry":{"type":"LineString","coordinates":[[138.693812,-34.82729],[138.693933,-34.827548],[138.693962,-34.82759],[138.693993,-34.827619],[138.694045,-34.827649],[138.694099,-34.827673],[138.694183,-34.827706]]}},{"type":"Feature","properties":{"tier":"arterial"},"geometry":{"type":"LineString","coordinates":[[138.71873,-34.821332],[138.718645,-34.821199],[138.718611,-34.821155],[138.718578,-34.821127],[138.718548,-34.821109],[138.718518,-34.821097],[138.718431,-34.821053]]}},{"type":"Feature","properties":{"tier":"high"},"geometry":{"type":"LineString","coordinates":[[138.687883,-34.831746],[138.687769,-34.831634],[138.687637,-34.831555]]}},{"type":"Feature","properties":{"tier":"high"},"geometry":{"type":"LineString","coordinates":[[138.68748,-34.831435],[138.687689,-34.831368],[138.687738,-34.83133],[138.687836,-34.831182]]}},{"type":"Feature","properties":{"tier":"high"},"geometry":{"type":"LineString","coordinates":[[138.688292,-34.831467],[138.688167,-34.831551],[138.688145,-34.831569],[138.688117,-34.831594],[138.688089,-34.831622],[138.68807,-34.831647],[138.688049,-34.831679],[138.688029,-34.831716],[138.688,-34.831781]]}},{"type":"Feature","properties":{"tier":"arterial"},"geometry":{"type":"LineString","coordinates":[[138.706713,-34.828466],[138.706726,-34.828656],[138.706729,-34.828703],[138.706731,-34.828734],[138.70674,-34.828849],[138.706759,-34.829088],[138.706768,-34.829202],[138.706778,-34.829321],[138.706786,-34.829428],[138.706801,-34.829612],[138.706806,-34.829682],[138.706824,-34.829911],[138.706829,-34.829977],[138.706845,-34.830179],[138.706869,-34.83048],[138.706877,-34.830582],[138.706887,-34.830706],[138.706907,-34.830948],[138.70694,-34.83136],[138.706973,-34.831773],[138.706987,-34.831946]]}},{"type":"Feature","properties":{"tier":"arterial"},"geometry":{"type":"LineString","coordinates":[[138.705966,-34.82696],[138.706183,-34.826945],[138.706321,-34.826904],[138.706366,-34.826904],[138.706466,-34.82693]]}},{"type":"Feature","properties":{"tier":"high"},"geometry":{"type":"LineString","coordinates":[[138.691599,-34.828822],[138.691546,-34.82869]]}},{"type":"Feature","properties":{"tier":"high"},"geometry":{"type":"LineString","coordinates":[[138.689845,-34.830477],[138.689755,-34.830375]]}},{"type":"Feature","properties":{"tier":"arterial"},"geometry":{"type":"LineString","coordinates":[[138.688179,-34.858274],[138.688647,-34.858212],[138.688711,-34.858204],[138.688825,-34.858187],[138.688931,-34.858169],[138.689048,-34.858146],[138.689151,-34.858123],[138.689254,-34.858098],[138.689369,-34.858066],[138.68946,-34.858038],[138.689538,-34.858013],[138.689584,-34.857998],[138.689654,-34.857973],[138.689723,-34.857947],[138.689794,-34.857918],[138.689891,-34.857877],[138.68996,-34.857846],[138.690055,-34.8578],[138.69013,-34.857762],[138.690219,-34.857715],[138.690306,-34.857665],[138.690379,-34.857621],[138.690463,-34.857567],[138.690528,-34.857528]]}},{"type":"Feature","properties":{"tier":"arterial"},"geometry":{"type":"LineString","coordinates":[[138.690214,-34.857819],[138.690178,-34.857837],[138.690097,-34.857875],[138.690016,-34.857912],[138.689939,-34.857946],[138.689861,-34.857978],[138.689787,-34.858007],[138.689721,-34.858032],[138.689644,-34.85806],[138.689569,-34.858085],[138.689456,-34.858122],[138.689335,-34.858157],[138.689229,-34.858186],[138.68912,-34.858213],[138.689041,-34.858231],[138.688953,-34.858249],[138.688849,-34.858269],[138.688753,-34.858285],[138.688666,-34.858299],[138.688577,-34.858311],[138.688486,-34.858322],[138.688198,-34.858359],[138.688036,-34.858381],[138.687928,-34.858399],[138.687843,-34.858417],[138.687715,-34.85845],[138.687597,-34.858487],[138.687497,-34.858524],[138.68748,-34.858531]]}},{"type":"Feature","properties":{"tier":"arterial"},"geometry":{"type":"LineString","coordinates":[[138.694579,-34.855762],[138.694567,-34.855666]]}},{"type":"Feature","properties":{"tier":"arterial"},"geometry":{"type":"LineString","coordinates":[[138.694071,-34.8557],[138.694303,-34.855633],[138.69437,-34.855604],[138.6944,-34.855587],[138.694412,-34.855579],[138.694443,-34.85555],[138.69447,-34.855514],[138.694494,-34.855477],[138.694543,-34.855382]]}},{"type":"Feature","properties":{"tier":"arterial"},"geometry":{"type":"LineString","coordinates":[[138.720145,-34.839695],[138.720016,-34.839669],[138.719982,-34.839662],[138.719704,-34.839643]]}},{"type":"Feature","properties":{"tier":"arterial"},"geometry":{"type":"LineString","coordinates":[[138.720154,-34.839575],[138.720187,-34.839429],[138.720213,-34.839245]]}},{"type":"Feature","properties":{"tier":"arterial"},"geometry":{"type":"LineString","coordinates":[[138.720535,-34.84012],[138.720514,-34.840067],[138.720476,-34.839998],[138.720415,-34.839901]]}},{"type":"Feature","properties":{"tier":"arterial"},"geometry":{"type":"LineString","coordinates":[[138.720415,-34.839901],[138.72031,-34.839801],[138.720278,-34.839777],[138.720222,-34.839739]]}},{"type":"Feature","properties":{"tier":"arterial"},"geometry":{"type":"LineString","coordinates":[[138.720345,-34.839575],[138.720745,-34.839672]]}},{"type":"Feature","properties":{"tier":"arterial"},"geometry":{"type":"LineString","coordinates":[[138.713182,-34.850776],[138.713064,-34.850784],[138.712887,-34.850773],[138.712862,-34.850772],[138.712827,-34.850772],[138.712738,-34.850782]]}},{"type":"Feature","properties":{"tier":"arterial"},"geometry":{"type":"LineString","coordinates":[[138.720745,-34.839672],[138.720463,-34.839656],[138.720366,-34.839675]]}},{"type":"Feature","properties":{"tier":"arterial"},"geometry":{"type":"LineString","coordinates":[[138.720358,-34.839689],[138.720369,-34.83975],[138.720378,-34.839787],[138.720391,-34.839823],[138.720415,-34.839901]]}},{"type":"Feature","properties":{"tier":"arterial"},"geometry":{"type":"LineString","coordinates":[[138.720745,-34.839672],[138.721081,-34.839731],[138.722925,-34.840058]]}},{"type":"Feature","properties":{"tier":"arterial"},"geometry":{"type":"LineString","coordinates":[[138.694543,-34.855382],[138.694642,-34.855514],[138.694675,-34.855541],[138.694721,-34.855568],[138.694732,-34.855573],[138.694767,-34.855589],[138.694808,-34.855602],[138.694868,-34.855616]]}},{"type":"Feature","properties":{"tier":"arterial"},"geometry":{"type":"LineString","coordinates":[[138.702404,-34.852344],[138.702456,-34.85242],[138.702472,-34.852439],[138.702487,-34.852453],[138.702515,-34.852475],[138.702547,-34.852494],[138.702579,-34.85251],[138.702608,-34.852521],[138.702652,-34.852537]]}},{"type":"Feature","properties":{"tier":"arterial"},"geometry":{"type":"LineString","coordinates":[[138.690337,-34.857255],[138.690646,-34.857362],[138.690687,-34.857368],[138.69073,-34.857369],[138.690765,-34.857369]]}},{"type":"Feature","properties":{"tier":"regional"},"geometry":{"type":"LineString","coordinates":[[138.689448,-34.857014],[138.689605,-34.857013],[138.689747,-34.857029],[138.689863,-34.857051],[138.689925,-34.857065],[138.689955,-34.857072],[138.690039,-34.857101]]}},{"type":"Feature","properties":{"tier":"regional"},"geometry":{"type":"LineString","coordinates":[[138.75002,-34.84123],[138.749891,-34.841259],[138.749753,-34.841289],[138.749504,-34.841254],[138.749198,-34.841076],[138.749062,-34.840872],[138.748963,-34.840821],[138.748874,-34.840746],[138.748796,-34.84069],[138.748686,-34.840601]]}},{"type":"Feature","properties":{"tier":"arterial"},"geometry":{"type":"LineString","coordinates":[[138.702384,-34.85255],[138.702392,-34.852636]]}},{"type":"Feature","properties":{"tier":"arterial"},"geometry":{"type":"LineString","coordinates":[[138.702384,-34.85255],[138.702349,-34.852502],[138.70233,-34.852346]]}},{"type":"Feature","properties":{"tier":"arterial"},"geometry":{"type":"LineString","coordinates":[[138.70233,-34.851953],[138.702382,-34.852062],[138.702404,-34.852344],[138.702413,-34.852471],[138.702412,-34.852498],[138.702384,-34.85255]]}},{"type":"Feature","properties":{"tier":"arterial"},"geometry":{"type":"LineString","coordinates":[[138.702046,-34.852587],[138.702179,-34.852534],[138.702199,-34.852521],[138.702216,-34.852508],[138.702237,-34.852492],[138.702248,-34.85248],[138.702278,-34.852442],[138.702298,-34.852401],[138.70233,-34.852346]]}},{"type":"Feature","properties":{"tier":"arterial"},"geometry":{"type":"LineString","coordinates":[[138.706306,-34.842894],[138.706151,-34.84286],[138.706064,-34.842818],[138.705951,-34.842791]]}},{"type":"Feature","properties":{"tier":"arterial"},"geometry":{"type":"LineString","coordinates":[[138.701622,-34.843439],[138.701531,-34.84335],[138.701504,-34.843324],[138.701474,-34.843298],[138.701444,-34.84328],[138.701395,-34.843259]]}},{"type":"Feature","properties":{"tier":"arterial"},"geometry":{"type":"LineString","coordinates":[[138.688893,-34.843374],[138.688953,-34.843569],[138.688978,-34.843642],[138.688991,-34.843682],[138.689028,-34.84377],[138.689044,-34.843799],[138.689063,-34.843828],[138.689083,-34.843843],[138.689177,-34.84389]]}},{"type":"Feature","properties":{"tier":"arterial"},"geometry":{"type":"LineString","coordinates":[[138.688311,-34.843934],[138.688596,-34.843869],[138.688661,-34.843848],[138.688733,-34.843812],[138.688756,-34.84379],[138.688771,-34.843764],[138.688786,-34.843732],[138.688797,-34.843697],[138.688809,-34.843656],[138.68884,-34.843519]]}},{"type":"Feature","properties":{"tier":"arterial"},"geometry":{"type":"LineString","coordinates":[[138.68884,-34.843519],[138.688821,-34.843289],[138.688803,-34.843061],[138.688798,-34.843004],[138.688796,-34.842963],[138.688744,-34.842349],[138.688723,-34.842048],[138.688716,-34.841965],[138.688696,-34.841743],[138.688692,-34.841688],[138.688683,-34.841594]]}},{"type":"Feature","properties":{"tier":"arterial"},"geometry":{"type":"LineString","coordinates":[[138.688289,-34.835532],[138.688294,-34.83564],[138.688297,-34.835692],[138.688325,-34.836123],[138.688345,-34.836393],[138.688357,-34.836551],[138.688397,-34.837074],[138.68842,-34.837373],[138.688448,-34.837756]]}},{"type":"Feature","properties":{"tier":"arterial"},"geometry":{"type":"LineString","coordinates":[[138.690809,-34.843897],[138.690866,-34.843856],[138.690908,-34.84383],[138.690976,-34.843789]]}},{"type":"Feature","properties":{"tier":"arterial"},"geometry":{"type":"LineString","coordinates":[[138.690504,-34.843823],[138.690714,-34.843852],[138.690747,-34.843865],[138.690809,-34.843897]]}},{"type":"Feature","properties":{"tier":"arterial"},"geometry":{"type":"LineString","coordinates":[[138.707972,-34.841514],[138.707919,-34.841446]]}},{"type":"Feature","properties":{"tier":"arterial"},"geometry":{"type":"LineString","coordinates":[[138.707894,-34.841305],[138.707928,-34.841313],[138.70798,-34.841324],[138.708023,-34.841328],[138.708097,-34.84133]]}},{"type":"Feature","properties":{"tier":"arterial"},"geometry":{"type":"LineString","coordinates":[[138.707919,-34.841446],[138.707877,-34.841429],[138.707853,-34.841392],[138.707847,-34.841379],[138.707834,-34.841352]]}},{"type":"Feature","properties":{"tier":"arterial"},"geometry":{"type":"LineString","coordinates":[[138.707844,-34.841186],[138.70788,-34.841252],[138.707894,-34.841305]]}},{"type":"Feature","properties":{"tier":"arterial"},"geometry":{"type":"LineString","coordinates":[[138.707313,-34.841841],[138.707363,-34.841769],[138.707622,-34.841592],[138.707716,-34.841527],[138.707775,-34.841481],[138.707797,-34.841456],[138.707812,-34.841427],[138.707819,-34.841402],[138.707822,-34.84139],[138.707834,-34.841352]]}},{"type":"Feature","properties":{"tier":"arterial"},"geometry":{"type":"LineString","coordinates":[[138.701622,-34.843439],[138.701611,-34.843325],[138.701609,-34.843298],[138.701605,-34.843243]]}},{"type":"Feature","properties":{"tier":"arterial"},"geometry":{"type":"LineString","coordinates":[[138.700427,-34.843302],[138.700236,-34.843271],[138.700111,-34.843271],[138.700087,-34.843263],[138.700071,-34.843253],[138.70007,-34.843227]]}},{"type":"Feature","properties":{"tier":"arterial"},"geometry":{"type":"LineString","coordinates":[[138.702276,-34.851371],[138.702221,-34.850765],[138.702187,-34.850402],[138.702181,-34.850321],[138.702143,-34.849854],[138.70211,-34.8494],[138.702075,-34.848932],[138.702076,-34.848872],[138.702015,-34.848134],[138.702003,-34.847987],[138.701999,-34.84794],[138.701979,-34.847693],[138.701972,-34.847614],[138.701872,-34.846514],[138.701853,-34.846303],[138.701848,-34.846256],[138.701829,-34.846043],[138.701818,-34.845918],[138.701804,-34.845767],[138.701794,-34.845649],[138.701788,-34.84558],[138.701755,-34.845176],[138.701742,-34.84502],[138.70173,-34.844872],[138.701686,-34.844303],[138.701658,-34.843988],[138.701656,-34.843969]]}},{"type":"Feature","properties":{"tier":"arterial"},"geometry":{"type":"LineString","coordinates":[[138.706925,-34.8323],[138.70696,-34.832281],[138.706995,-34.832274],[138.707037,-34.832277],[138.707075,-34.832292]]}},{"type":"Feature","properties":{"tier":"arterial"},"geometry":{"type":"LineString","coordinates":[[138.690904,-34.827932],[138.690648,-34.82796]]}},{"type":"Feature","properties":{"tier":"arterial"},"geometry":{"type":"LineString","coordinates":[[138.690904,-34.827932],[138.691582,-34.827899]]}},{"type":"Feature","properties":{"tier":"arterial"},"geometry":{"type":"LineString","coordinates":[[138.702798,-34.869825],[138.702613,-34.869939],[138.702425,-34.870033],[138.702231,-34.870137],[138.701907,-34.87031],[138.701729,-34.870405],[138.701499,-34.870529],[138.701434,-34.870564],[138.701324,-34.870633],[138.7011,-34.870772],[138.701046,-34.870811],[138.700962,-34.870871],[138.70085,-34.870962],[138.700593,-34.871186]]}},{"type":"Feature","properties":{"tier":"arterial"},"geometry":{"type":"LineString","coordinates":[[138.707777,-34.867687],[138.708061,-34.867089],[138.708212,-34.866797],[138.708376,-34.866468],[138.708983,-34.865249],[138.709043,-34.865133],[138.709064,-34.865103],[138.709094,-34.865058],[138.709162,-34.864991],[138.709229,-34.864942],[138.709332,-34.864889],[138.709459,-34.864846],[138.709604,-34.864815],[138.70978,-34.864783],[138.71058,-34.864651],[138.711215,-34.864542],[138.711356,-34.864517],[138.711856,-34.864437]]}},{"type":"Feature","properties":{"tier":"arterial"},"geometry":{"type":"LineString","coordinates":[[138.699802,-34.872169],[138.699682,-34.872159],[138.699627,-34.872156],[138.699584,-34.872162],[138.699538,-34.872173],[138.699398,-34.872221]]}},{"type":"Feature","properties":{"tier":"arterial"},"geometry":{"type":"LineString","coordinates":[[138.705773,-34.868844],[138.705688,-34.868872],[138.705467,-34.868943],[138.70538,-34.868971],[138.705089,-34.869066],[138.704839,-34.869149],[138.704473,-34.869278],[138.704171,-34.869379],[138.703876,-34.869464],[138.703422,-34.869609],[138.703364,-34.869628],[138.703202,-34.869682],[138.703025,-34.869741],[138.702842,-34.869809],[138.702798,-34.869825]]}},{"type":"Feature","properties":{"tier":"arterial"},"geometry":{"type":"LineString","coordinates":[[138.707017,-34.86842],[138.707124,-34.868359],[138.707254,-34.868279],[138.707382,-34.868184]]}},{"type":"Feature","properties":{"tier":"arterial"},"geometry":{"type":"LineString","coordinates":[[138.699631,-34.872018],[138.699586,-34.871976]]}},{"type":"Feature","properties":{"tier":"arterial"},"geometry":{"type":"LineString","coordinates":[[138.699872,-34.871812],[138.69979,-34.871943],[138.699781,-34.871976],[138.699778,-34.872003],[138.69978,-34.872028],[138.699782,-34.872054],[138.699786,-34.872074],[138.699802,-34.872169]]}},{"type":"Feature","properties":{"tier":"arterial"},"geometry":{"type":"LineString","coordinates":[[138.687612,-34.817734],[138.68748,-34.817741]]}},{"type":"Feature","properties":{"tier":"arterial"},"geometry":{"type":"LineString","coordinates":[[138.68748,-34.817668],[138.687579,-34.817661]]}},{"type":"Feature","properties":{"tier":"arterial"},"geometry":{"type":"LineString","coordinates":[[138.69426,-34.816378],[138.694204,-34.816268],[138.69393,-34.815726],[138.693778,-34.815299],[138.693734,-34.815135],[138.6937,-34.814912],[138.693697,-34.814605],[138.693764,-34.814233],[138.693879,-34.813901],[138.694088,-34.813557],[138.694834,-34.812542],[138.69485,-34.812521]]}},{"type":"Feature","properties":{"tier":"arterial"},"geometry":{"type":"LineString","coordinates":[[138.694952,-34.817421],[138.694986,-34.817409],[138.695156,-34.817346],[138.695406,-34.817261],[138.695663,-34.817191],[138.695848,-34.817159],[138.696049,-34.817136],[138.69682,-34.817095],[138.697236,-34.817067],[138.697419,-34.817041],[138.697629,-34.816995],[138.697738,-34.816961],[138.697873,-34.816913],[138.698048,-34.81685],[138.698205,-34.816772],[138.698374,-34.816672],[138.699066,-34.816251],[138.699265,-34.816155],[138.699414,-34.816091],[138.699632,-34.816015],[138.699822,-34.815964],[138.699919,-34.815937]]}},{"type":"Feature","properties":{"tier":"arterial"},"geometry":{"type":"LineString","coordinates":[[138.699919,-34.815937],[138.699923,-34.815912],[138.699937,-34.81589],[138.69996,-34.815872],[138.699988,-34.815862],[138.700015,-34.815859],[138.700042,-34.815863],[138.700066,-34.815874],[138.700085,-34.81589],[138.700098,-34.815909],[138.700103,-34.815935],[138.700098,-34.81596],[138.700082,-34.815983],[138.700058,-34.816],[138.700029,-34.816009],[138.699997,-34.816009],[138.699967,-34.816001],[138.699942,-34.815985],[138.699926,-34.815963],[138.699919,-34.815937]]}},{"type":"Feature","properties":{"tier":"arterial"},"geometry":{"type":"LineString","coordinates":[[138.687626,-34.829087],[138.687624,-34.828964],[138.687623,-34.828862],[138.687608,-34.828673],[138.687604,-34.828576],[138.687603,-34.828451],[138.68758,-34.828352],[138.687529,-34.82823],[138.68751,-34.828205],[138.68748,-34.828165]]}},{"type":"Feature","properties":{"tier":"arterial"},"geometry":{"type":"LineString","coordinates":[[138.718165,-34.816033],[138.718079,-34.816024],[138.718018,-34.816025],[138.717757,-34.816031],[138.717621,-34.816013]]}},{"type":"Feature","properties":{"tier":"arterial"},"geometry":{"type":"LineString","coordinates":[[138.718844,-34.815964],[138.718746,-34.815982],[138.71856,-34.816001],[138.718413,-34.816026]]}},{"type":"Feature","properties":{"tier":"arterial"},"geometry":{"type":"LineString","coordinates":[[138.718408,-34.815936],[138.718558,-34.815953],[138.718746,-34.815955],[138.718844,-34.815964]]}},{"type":"Feature","properties":{"tier":"arterial"},"geometry":{"type":"LineString","coordinates":[[138.717621,-34.816013],[138.717762,-34.815994],[138.718016,-34.81597],[138.71809,-34.815962],[138.718171,-34.81593]]}},{"type":"Feature","properties":{"tier":"arterial"},"geometry":{"type":"LineString","coordinates":[[138.705934,-34.816609],[138.705995,-34.816605],[138.706845,-34.816561],[138.707349,-34.816534],[138.707963,-34.816502],[138.708354,-34.816482],[138.7086,-34.816469],[138.70989,-34.816415],[138.710774,-34.816378],[138.710938,-34.816361],[138.711301,-34.81634],[138.71201,-34.8163],[138.712018,-34.816298],[138.712057,-34.816298],[138.714121,-34.816195],[138.716243,-34.81608]]}},{"type":"Feature","properties":{"tier":"arterial"},"geometry":{"type":"LineString","coordinates":[[138.724706,-34.815678],[138.72471,-34.815651],[138.724725,-34.815626],[138.724748,-34.815607],[138.724778,-34.815594],[138.724811,-34.81559],[138.724845,-34.815594],[138.724876,-34.815608],[138.724899,-34.815629],[138.724913,-34.815655],[138.724916,-34.815685],[138.724906,-34.815713],[138.724886,-34.815737],[138.724857,-34.815754],[138.724822,-34.815762],[138.724788,-34.81576],[138.724756,-34.815749],[138.72473,-34.815731],[138.724713,-34.815706],[138.724706,-34.815678]]}},{"type":"Feature","properties":{"tier":"arterial"},"geometry":{"type":"LineString","coordinates":[[138.724913,-34.815655],[138.725588,-34.815627],[138.725738,-34.81562],[138.72605,-34.815606],[138.726189,-34.815601],[138.7263,-34.815597],[138.727121,-34.815562],[138.72787,-34.81553],[138.728006,-34.815543],[138.728134,-34.81558],[138.72826,-34.815651],[138.728812,-34.816012],[138.729073,-34.816195],[138.729163,-34.816241],[138.729267,-34.816275],[138.729544,-34.816344],[138.729589,-34.816355],[138.730458,-34.816561]]}},{"type":"Feature","properties":{"tier":"arterial"},"geometry":{"type":"LineString","coordinates":[[138.72167,-34.815844],[138.722072,-34.815826],[138.722509,-34.815806],[138.723022,-34.815776],[138.723158,-34.815768],[138.723208,-34.815765],[138.723797,-34.815731],[138.723994,-34.81572],[138.724706,-34.815678]]}},{"type":"Feature","properties":{"tier":"arterial"},"geometry":{"type":"LineString","coordinates":[[138.719339,-34.828797],[138.719279,-34.828046],[138.719211,-34.827183],[138.71921,-34.827169],[138.719131,-34.826352],[138.719127,-34.826308],[138.718984,-34.824812]]}},{"type":"Feature","properties":{"tier":"arterial"},"geometry":{"type":"LineString","coordinates":[[138.720213,-34.839245],[138.720262,-34.839424],[138.720268,-34.839443],[138.720313,-34.839552]]}},{"type":"Feature","properties":{"tier":"arterial"},"geometry":{"type":"LineString","coordinates":[[138.693638,-34.833204],[138.693567,-34.833204],[138.693328,-34.833205],[138.693232,-34.833219],[138.693211,-34.833222],[138.693089,-34.833264]]}},{"type":"Feature","properties":{"tier":"arterial"},"geometry":{"type":"LineString","coordinates":[[138.694333,-34.833066],[138.694886,-34.833034]]}},{"type":"Feature","properties":{"tier":"arterial"},"geometry":{"type":"LineString","coordinates":[[138.700088,-34.83272],[138.7004,-34.83271],[138.70055,-34.832708],[138.701035,-34.832704],[138.70128,-34.832701],[138.701358,-34.832701],[138.701379,-34.832701],[138.701748,-34.83268],[138.701844,-34.832675],[138.702279,-34.832651],[138.70234,-34.832647],[138.702452,-34.832641],[138.702968,-34.832602],[138.703408,-34.832568],[138.703621,-34.832556],[138.705483,-34.832448],[138.706683,-34.832378],[138.706772,-34.832366],[138.706794,-34.832363],[138.706904,-34.832321]]}},{"type":"Feature","properties":{"tier":"arterial"},"geometry":{"type":"LineString","coordinates":[[138.693649,-34.833113],[138.694333,-34.833066]]}},{"type":"Feature","properties":{"tier":"arterial"},"geometry":{"type":"LineString","coordinates":[[138.688798,-34.843004],[138.688864,-34.843001]]}},{"type":"Feature","properties":{"tier":"arterial"},"geometry":{"type":"LineString","coordinates":[[138.688282,-34.836555],[138.688357,-34.836551]]}},{"type":"Feature","properties":{"tier":"arterial"},"geometry":{"type":"LineString","coordinates":[[138.71837,-34.816878],[138.718425,-34.817541],[138.718537,-34.818912],[138.718547,-34.819035],[138.718588,-34.819532],[138.718591,-34.81957],[138.718669,-34.820528]]}},{"type":"Feature","properties":{"tier":"arterial"},"geometry":{"type":"LineString","coordinates":[[138.718217,-34.815892],[138.718214,-34.815827],[138.718214,-34.815762],[138.718203,-34.815592],[138.718129,-34.814874],[138.718089,-34.814253],[138.718038,-34.813607],[138.717993,-34.813115],[138.717936,-34.81248]]}},{"type":"Feature","properties":{"tier":"arterial"},"geometry":{"type":"LineString","coordinates":[[138.718088,-34.81248],[138.718118,-34.81288],[138.718133,-34.813085],[138.718174,-34.813623],[138.718227,-34.81443],[138.718271,-34.815102],[138.718292,-34.815466],[138.718308,-34.815649],[138.71833,-34.815801],[138.718363,-34.815894]]}},{"type":"Feature","properties":{"tier":"arterial"},"geometry":{"type":"LineString","coordinates":[[138.718366,-34.816076],[138.71835,-34.816149],[138.718343,-34.816187],[138.718339,-34.816211],[138.718328,-34.816355]]}},{"type":"Feature","properties":{"tier":"arterial"},"geometry":{"type":"LineString","coordinates":[[138.718328,-34.816355],[138.718274,-34.816211],[138.718269,-34.816191],[138.718261,-34.816158],[138.718234,-34.816088]]}},{"type":"Feature","properties":{"tier":"arterial"},"geometry":{"type":"LineString","coordinates":[[138.688387,-34.838234],[138.688483,-34.838229]]}},{"type":"Feature","properties":{"tier":"arterial"},"geometry":{"type":"LineString","coordinates":[[138.68865,-34.841197],[138.688722,-34.841193]]}},{"type":"Feature","properties":{"tier":"arterial"},"geometry":{"type":"LineString","coordinates":[[138.688397,-34.837074],[138.688322,-34.837078]]}},{"type":"Feature","properties":{"tier":"arterial"},"geometry":{"type":"LineString","coordinates":[[138.688521,-34.838749],[138.68843,-34.838753]]}},{"type":"Feature","properties":{"tier":"arterial"},"geometry":{"type":"LineString","coordinates":[[138.688661,-34.84044],[138.688589,-34.840444]]}},{"type":"Feature","properties":{"tier":"arterial"},"geometry":{"type":"LineString","coordinates":[[138.68836,-34.837758],[138.688359,-34.837739],[138.688344,-34.837375],[138.688341,-34.837328],[138.688322,-34.837078],[138.688282,-34.836555],[138.68827,-34.836399],[138.688251,-34.836128],[138.688229,-34.835849],[138.688214,-34.835663],[138.688201,-34.835538]]}},{"type":"Feature","properties":{"tier":"arterial"},"geometry":{"type":"LineString","coordinates":[[138.688448,-34.837756],[138.68847,-34.838051]]}},{"type":"Feature","properties":{"tier":"arterial"},"geometry":{"type":"LineString","coordinates":[[138.68847,-34.838051],[138.688483,-34.838229],[138.688489,-34.838313],[138.688496,-34.838413],[138.688521,-34.838749],[138.688542,-34.839028],[138.688564,-34.839287],[138.688629,-34.84005],[138.688661,-34.84044],[138.688704,-34.840959],[138.688722,-34.841193],[138.688739,-34.841423]]}},{"type":"Feature","properties":{"tier":"arterial"},"geometry":{"type":"LineString","coordinates":[[138.688376,-34.838054],[138.688362,-34.837825],[138.68836,-34.837758]]}},{"type":"Feature","properties":{"tier":"regional"},"geometry":{"type":"LineString","coordinates":[[138.68748,-34.856735],[138.687607,-34.856772],[138.687957,-34.856837],[138.688128,-34.856858],[138.68841,-34.856887],[138.689128,-34.856963],[138.689448,-34.857014]]}},{"type":"Feature","properties":{"tier":"regional"},"geometry":{"type":"LineString","coordinates":[[138.75002,-34.815034],[138.750008,-34.815025],[138.749379,-34.814558],[138.749315,-34.814496],[138.749257,-34.814425],[138.749223,-34.814364],[138.749155,-34.814166],[138.749106,-34.813939],[138.749076,-34.813765],[138.749068,-34.813674],[138.74907,-34.813606],[138.74911,-34.813438],[138.749168,-34.813277],[138.749193,-34.813209],[138.749258,-34.813079],[138.749346,-34.812948],[138.749521,-34.812712],[138.74959,-34.812605],[138.749615,-34.812568],[138.749669,-34.81248]]}},{"type":"Feature","properties":{"tier":"regional"},"geometry":{"type":"LineString","coordinates":[[138.68748,-34.828068],[138.687522,-34.828108]]}},{"type":"Feature","properties":{"tier":"regional"},"geometry":{"type":"LineString","coordinates":[[138.700721,-34.865194],[138.700715,-34.865172],[138.700723,-34.865141],[138.700739,-34.865123],[138.700762,-34.865111],[138.700793,-34.865105],[138.70082,-34.865109],[138.700844,-34.86512],[138.700854,-34.865128],[138.700868,-34.865148],[138.70087,-34.865158]]}},{"type":"Feature","properties":{"tier":"regional"},"geometry":{"type":"LineString","coordinates":[[138.703096,-34.864471],[138.703774,-34.86427],[138.704643,-34.864013],[138.705153,-34.863861],[138.705393,-34.86379],[138.705506,-34.863757],[138.706969,-34.863323],[138.707041,-34.863298]]}},{"type":"Feature","properties":{"tier":"regional"},"geometry":{"type":"LineString","coordinates":[[138.70087,-34.865158],[138.70103,-34.865074],[138.70179,-34.864854],[138.702782,-34.864562],[138.702932,-34.864514]]}},{"type":"Feature","properties":{"tier":"regional"},"geometry":{"type":"LineString","coordinates":[[138.702932,-34.864514],[138.702928,-34.864489],[138.702934,-34.864465],[138.70295,-34.864444],[138.702979,-34.864427],[138.703009,-34.864421],[138.703038,-34.864424],[138.703065,-34.864435],[138.703086,-34.864453],[138.703096,-34.864471]]}},{"type":"Feature","properties":{"tier":"regional"},"geometry":{"type":"LineString","coordinates":[[138.693789,-34.867209],[138.693895,-34.867184],[138.694644,-34.86696],[138.694758,-34.866925],[138.694992,-34.866855],[138.695991,-34.866556],[138.696705,-34.866347],[138.697612,-34.866089],[138.697735,-34.866055],[138.698475,-34.865835],[138.699759,-34.865454],[138.700604,-34.8652],[138.700721,-34.865194]]}},{"type":"Feature","properties":{"tier":"regional"},"geometry":{"type":"LineString","coordinates":[[138.707207,-34.863267],[138.707274,-34.863249],[138.707368,-34.86322],[138.707695,-34.863119],[138.707789,-34.863088],[138.70885,-34.862741],[138.708868,-34.862735],[138.710127,-34.862349],[138.710225,-34.862319],[138.710277,-34.862303]]}},{"type":"Feature","properties":{"tier":"regional"},"geometry":{"type":"LineString","coordinates":[[138.693616,-34.867268],[138.692108,-34.867773],[138.691532,-34.867974],[138.691142,-34.868106],[138.691025,-34.868145]]}},{"type":"Feature","properties":{"tier":"regional"},"geometry":{"type":"LineString","coordinates":[[138.707041,-34.863298],[138.707034,-34.863274],[138.707038,-34.863249],[138.707051,-34.863227],[138.707082,-34.863206],[138.707111,-34.863199],[138.707141,-34.8632],[138.707168,-34.86321],[138.70719,-34.863227],[138.707204,-34.863249],[138.707207,-34.863267]]}},{"type":"Feature","properties":{"tier":"arterial"},"geometry":{"type":"LineString","coordinates":[[138.707409,-34.83237],[138.707314,-34.832392],[138.707261,-34.832404],[138.707096,-34.832437]]}},{"type":"Feature","properties":{"tier":"arterial"},"geometry":{"type":"LineString","coordinates":[[138.707105,-34.832316],[138.707277,-34.832352],[138.707312,-34.832357],[138.707409,-34.83237]]}},{"type":"Feature","properties":{"tier":"arterial"},"geometry":{"type":"LineString","coordinates":[[138.707055,-34.832723],[138.707009,-34.83258],[138.707006,-34.832571],[138.706971,-34.832465]]}},{"type":"Feature","properties":{"tier":"arterial"},"geometry":{"type":"LineString","coordinates":[[138.707063,-34.832459],[138.707064,-34.832568],[138.707063,-34.832577],[138.707055,-34.832723]]}},{"type":"Feature","properties":{"tier":"arterial"},"geometry":{"type":"LineString","coordinates":[[138.706925,-34.8323],[138.706959,-34.832185],[138.706965,-34.832129],[138.706987,-34.831946]]}},{"type":"Feature","properties":{"tier":"arterial"},"geometry":{"type":"LineString","coordinates":[[138.706987,-34.831946],[138.707031,-34.832127],[138.707044,-34.832177],[138.707075,-34.832292]]}},{"type":"Feature","properties":{"tier":"regional"},"geometry":{"type":"LineString","coordinates":[[138.724822,-34.815762],[138.724869,-34.816352],[138.724912,-34.816905],[138.724955,-34.817448],[138.725014,-34.818107],[138.725058,-34.818589],[138.725122,-34.819302],[138.725132,-34.819408],[138.725136,-34.819458],[138.725186,-34.820018],[138.725212,-34.820311],[138.725221,-34.820407],[138.725237,-34.820591],[138.725234,-34.820613],[138.725222,-34.820717]]}},{"type":"Feature","properties":{"tier":"arterial"},"geometry":{"type":"LineString","coordinates":[[138.730949,-34.816948],[138.73087,-34.816726]]}},{"type":"Feature","properties":{"tier":"arterial"},"geometry":{"type":"LineString","coordinates":[[138.694606,-34.822475],[138.694917,-34.821498],[138.695156,-34.820848],[138.695235,-34.820512],[138.695259,-34.820351],[138.695259,-34.820276]]}},{"type":"Feature","properties":{"tier":"arterial"},"geometry":{"type":"LineString","coordinates":[[138.694363,-34.816339],[138.69426,-34.816378]]}},{"type":"Feature","properties":{"tier":"arterial"},"geometry":{"type":"LineString","coordinates":[[138.69347,-34.81672],[138.693244,-34.816833],[138.69298,-34.816939],[138.692832,-34.816998],[138.692436,-34.817139]]}},{"type":"Feature","properties":{"tier":"arterial"},"geometry":{"type":"LineString","coordinates":[[138.687522,-34.828108],[138.687669,-34.828085],[138.687707,-34.828079],[138.687915,-34.828065]]}},{"type":"Feature","properties":{"tier":"arterial"},"geometry":{"type":"LineString","coordinates":[[138.687915,-34.828065],[138.688303,-34.82804],[138.688556,-34.82802],[138.688865,-34.827995],[138.689565,-34.827958]]}},{"type":"Feature","properties":{"tier":"arterial"},"geometry":{"type":"LineString","coordinates":[[138.695027,-34.821525],[138.694917,-34.821498]]}},{"type":"Feature","properties":{"tier":"high"},"geometry":{"type":"LineString","coordinates":[[138.692735,-34.8281],[138.692941,-34.828021],[138.693002,-34.828001]]}},{"type":"Feature","properties":{"tier":"regional"},"geometry":{"type":"LineString","coordinates":[[138.690528,-34.857528],[138.690349,-34.857371],[138.690249,-34.857304],[138.690185,-34.857265],[138.690105,-34.857222],[138.690016,-34.85718]]}},{"type":"Feature","properties":{"tier":"arterial"},"geometry":{"type":"LineString","coordinates":[[138.688755,-34.841591],[138.688776,-34.841895],[138.688835,-34.842564],[138.688864,-34.843001],[138.688869,-34.843078],[138.688878,-34.843198],[138.688893,-34.843374],[138.688905,-34.843518],[138.688921,-34.843713],[138.688928,-34.843824],[138.688931,-34.843847],[138.688936,-34.843902]]}},{"type":"Feature","properties":{"tier":"arterial"},"geometry":{"type":"LineString","coordinates":[[138.688668,-34.841434],[138.68865,-34.841197],[138.688632,-34.840954],[138.688631,-34.840943],[138.688602,-34.840598],[138.688589,-34.840444],[138.688555,-34.840047],[138.688522,-34.839651],[138.688518,-34.8396],[138.688484,-34.839325],[138.688475,-34.839243],[138.688464,-34.839145],[138.68843,-34.838753],[138.688401,-34.838417],[138.688391,-34.838309],[138.688387,-34.838234],[138.688376,-34.838054]]}},{"type":"Feature","properties":{"tier":"arterial"},"geometry":{"type":"LineString","coordinates":[[138.688683,-34.841594],[138.688681,-34.841572],[138.688668,-34.841434]]}},{"type":"Feature","properties":{"tier":"arterial"},"geometry":{"type":"LineString","coordinates":[[138.688739,-34.841423],[138.688747,-34.841509],[138.688752,-34.841568],[138.688755,-34.841591]]}},{"type":"Feature","properties":{"tier":"arterial"},"geometry":{"type":"LineString","coordinates":[[138.719704,-34.839643],[138.72001,-34.839609],[138.720138,-34.839595]]}},{"type":"Feature","properties":{"tier":"regional"},"geometry":{"type":"LineString","coordinates":[[138.711856,-34.864437],[138.711812,-34.864376],[138.711367,-34.863758],[138.710937,-34.863159],[138.710645,-34.86278],[138.710371,-34.862425],[138.710277,-34.862303]]}},{"type":"Feature","properties":{"tier":"arterial"},"geometry":{"type":"LineString","coordinates":[[138.698483,-34.84332],[138.698487,-34.843417]]}},{"type":"Feature","properties":{"tier":"arterial"},"geometry":{"type":"LineString","coordinates":[[138.693975,-34.824716],[138.69393,-34.824848],[138.693851,-34.825074],[138.693832,-34.825186],[138.693777,-34.825528],[138.693742,-34.825884],[138.693735,-34.825957],[138.693753,-34.826336],[138.693771,-34.826611],[138.693783,-34.826845],[138.6938,-34.827157]]}},{"type":"Feature","properties":{"tier":"arterial"},"geometry":{"type":"LineString","coordinates":[[138.693688,-34.827367],[138.693672,-34.827191],[138.693632,-34.826622],[138.693614,-34.825945],[138.693615,-34.82593],[138.693628,-34.825729],[138.693657,-34.825522],[138.693707,-34.825188],[138.693723,-34.825083],[138.693729,-34.825043],[138.693914,-34.824504]]}},{"type":"Feature","properties":{"tier":"high"},"geometry":{"type":"LineString","coordinates":[[138.693181,-34.82794],[138.69326,-34.827914],[138.693577,-34.827829],[138.693732,-34.827793]]}},{"type":"Feature","properties":{"tier":"arterial"},"geometry":{"type":"LineString","coordinates":[[138.726522,-34.860168],[138.72668,-34.860165],[138.726923,-34.860155],[138.727084,-34.860143],[138.727244,-34.860119],[138.72745,-34.860082],[138.727649,-34.860033],[138.727851,-34.859973],[138.728056,-34.859906],[138.728352,-34.859805],[138.728555,-34.859729],[138.728833,-34.859619],[138.729104,-34.859501],[138.729413,-34.859347],[138.729654,-34.859212],[138.729812,-34.859103],[138.72994,-34.858988],[138.730042,-34.858876],[138.730118,-34.858776],[138.730453,-34.858322],[138.730588,-34.85817],[138.730716,-34.858009],[138.730787,-34.857892],[138.730834,-34.857782],[138.730892,-34.857619],[138.730945,-34.857422],[138.731007,-34.857128],[138.731011,-34.857057],[138.731002,-34.856981],[138.73098,-34.856888],[138.730952,-34.856768],[138.730935,-34.856681],[138.730938,-34.856622],[138.730961,-34.856549],[138.730987,-34.856505],[138.731027,-34.856473],[138.731043,-34.856465]]}},{"type":"Feature","properties":{"tier":"regional"},"geometry":{"type":"LineString","coordinates":[[138.730401,-34.82222],[138.730335,-34.82221],[138.730275,-34.822169]]}},{"type":"Feature","properties":{"tier":"arterial"},"geometry":{"type":"LineString","coordinates":[[138.715756,-34.863822],[138.716133,-34.863747],[138.716245,-34.863727],[138.716326,-34.863715],[138.716401,-34.863709],[138.716558,-34.863696],[138.71672,-34.863695],[138.71681,-34.863692],[138.717336,-34.863658],[138.717532,-34.863644],[138.717647,-34.863627],[138.717723,-34.863615],[138.71802,-34.863565],[138.718301,-34.863514],[138.718515,-34.86349],[138.718778,-34.863473],[138.719367,-34.863439],[138.719569,-34.863425],[138.719638,-34.863416],[138.719784,-34.863396],[138.719986,-34.863358],[138.72029,-34.863305],[138.72042,-34.863272],[138.720531,-34.863231],[138.720664,-34.863155],[138.720781,-34.863055],[138.720909,-34.862911],[138.721004,-34.86278],[138.721054,-34.862702],[138.721084,-34.862655],[138.721181,-34.862473],[138.721218,-34.862341],[138.721229,-34.862295],[138.721261,-34.862156],[138.721295,-34.861934],[138.721302,-34.861798],[138.721299,-34.861682],[138.721284,-34.861536],[138.721249,-34.861421],[138.721204,-34.861308],[138.721015,-34.861011],[138.720934,-34.860851],[138.720876,-34.860694],[138.720821,-34.860513],[138.720789,-34.860345],[138.720766,-34.860159],[138.720769,-34.860025],[138.720801,-34.859913],[138.720843,-34.85984],[138.720892,-34.859782],[138.720957,-34.859741],[138.721033,-34.859708],[138.721116,-34.859692],[138.72119,-34.859682],[138.721252,-34.859683],[138.72151,-34.859689],[138.721561,-34.859687],[138.721649,-34.859684],[138.721771,-34.859675],[138.721888,-34.859658],[138.721984,-34.859637],[138.72206,-34.859616],[138.722382,-34.859533],[138.722497,-34.859504],[138.722581,-34.85949],[138.722652,-34.859484],[138.722774,-34.859485],[138.722862,-34.859495],[138.722952,-34.859511],[138.723161,-34.859562],[138.723386,-34.859618],[138.723709,-34.85968],[138.723981,-34.859733],[138.724156,-34.859782],[138.724703,-34.859929],[138.724918,-34.859988],[138.725081,-34.860017],[138.725276,-34.860043],[138.725897,-34.860118],[138.726202,-34.860158],[138.726351,-34.860167],[138.726522,-34.860168]]}},{"type":"Feature","properties":{"tier":"arterial"},"geometry":{"type":"LineString","coordinates":[[138.74122,-34.860607],[138.741235,-34.860731],[138.741265,-34.861024],[138.741301,-34.861277],[138.741321,-34.861359],[138.741337,-34.861417],[138.741355,-34.861456],[138.741386,-34.861533],[138.741443,-34.861634],[138.741506,-34.861742],[138.741584,-34.861864],[138.741649,-34.861946],[138.741762,-34.862057],[138.741802,-34.862089],[138.74186,-34.86213],[138.741913,-34.862163],[138.741978,-34.862198],[138.742053,-34.862233],[138.742144,-34.862267],[138.742211,-34.862287],[138.742268,-34.862301],[138.74231,-34.86231],[138.742409,-34.86232],[138.742526,-34.86232],[138.742629,-34.862313],[138.742769,-34.862289],[138.742887,-34.862271],[138.743,-34.862246],[138.743108,-34.862216],[138.74373,-34.862043],[138.743873,-34.862004],[138.743954,-34.861977],[138.744128,-34.861898],[138.744355,-34.861796],[138.744483,-34.861747],[138.744608,-34.861703],[138.745415,-34.861414],[138.746058,-34.861171],[138.74619,-34.861122],[138.746307,-34.861091],[138.746473,-34.86106],[138.746574,-34.861049],[138.746683,-34.861046],[138.746795,-34.861046],[138.746886,-34.86105],[138.746966,-34.861061],[138.747036,-34.861075],[138.747149,-34.861109],[138.74749,-34.86122],[138.747568,-34.861247],[138.747636,-34.861276],[138.747698,-34.861306],[138.747756,-34.861343],[138.747799,-34.861377],[138.747836,-34.861414],[138.747862,-34.86145],[138.747882,-34.861489],[138.747895,-34.86153],[138.747899,-34.861552],[138.747899,-34.861587],[138.747892,-34.861623],[138.747867,-34.861666],[138.747831,-34.861712],[138.747796,-34.861754],[138.747754,-34.86179],[138.747719,-34.861814],[138.747673,-34.86184],[138.747629,-34.861861],[138.747578,-34.861882],[138.747533,-34.861898],[138.747473,-34.861916],[138.74742,-34.861934],[138.747345,-34.861954],[138.747207,-34.861985],[138.746861,-34.862051],[138.746749,-34.86207],[138.746654,-34.862077],[138.746531,-34.862084],[138.746441,-34.862083],[138.746366,-34.862083],[138.746258,-34.862077],[138.746139,-34.862069],[138.746058,-34.862069],[138.745963,-34.86207],[138.745863,-34.862071],[138.745776,-34.862078],[138.745659,-34.862092],[138.745514,-34.86211],[138.745389,-34.862131],[138.745275,-34.862153],[138.745188,-34.862183],[138.745111,-34.86221],[138.745063,-34.862236],[138.744912,-34.862337],[138.744838,-34.862386],[138.744803,-34.862416],[138.744778,-34.862448],[138.744751,-34.86249],[138.74473,-34.862547],[138.744716,-34.862603],[138.744705,-34.862667],[138.744709,-34.862707],[138.744711,-34.862759],[138.744721,-34.862803],[138.744745,-34.862867],[138.744785,-34.862943],[138.744815,-34.862991],[138.744846,-34.863023],[138.744902,-34.863077],[138.744952,-34.863125],[138.745008,-34.86317],[138.745095,-34.863234],[138.745154,-34.863269],[138.745205,-34.863298],[138.745279,-34.863324],[138.745408,-34.863365],[138.745598,-34.863419],[138.74592,-34.863517],[138.746315,-34.863644],[138.746622,-34.863762],[138.746762,-34.86382],[138.746856,-34.86387],[138.747019,-34.863965],[138.747201,-34.86408],[138.747287,-34.864133],[138.747367,-34.86419],[138.747467,-34.864264],[138.747908,-34.864615],[138.748032,-34.864701],[138.748145,-34.864771],[138.74823,-34.864826],[138.748556,-34.865043],[138.74871,-34.865139],[138.748796,-34.865186],[138.748869,-34.86522],[138.748967,-34.865263],[138.749088,-34.865318],[138.749925,-34.865658],[138.75002,-34.865693]]}},{"type":"Feature","properties":{"tier":"arterial"},"geometry":{"type":"LineString","coordinates":[[138.695251,-34.820055],[138.695238,-34.819927],[138.695169,-34.819587],[138.69511,-34.819214],[138.695094,-34.819027]]}},{"type":"Feature","properties":{"tier":"arterial"},"geometry":{"type":"LineString","coordinates":[[138.695032,-34.81248],[138.694958,-34.812582]]}},{"type":"Feature","properties":{"tier":"arterial"},"geometry":{"type":"LineString","coordinates":[[138.695342,-34.820292],[138.695321,-34.820528],[138.695271,-34.820761],[138.695242,-34.820853],[138.695055,-34.821437],[138.695027,-34.821525],[138.695017,-34.821557],[138.694761,-34.822346],[138.694715,-34.822476]]}},{"type":"Feature","properties":{"tier":"arterial"},"geometry":{"type":"LineString","coordinates":[[138.725229,-34.839834],[138.72521,-34.839942],[138.725169,-34.840026],[138.725095,-34.840108],[138.724944,-34.840185],[138.724798,-34.840195]]}},{"type":"Feature","properties":{"tier":"arterial"},"geometry":{"type":"LineString","coordinates":[[138.688141,-34.834934],[138.68813,-34.834809],[138.688069,-34.834],[138.688052,-34.833832],[138.68804,-34.833733]]}},{"type":"Feature","properties":{"tier":"high"},"geometry":{"type":"LineString","coordinates":[[138.692558,-34.828175],[138.6927,-34.828113],[138.692735,-34.8281]]}},{"type":"Feature","properties":{"tier":"high"},"geometry":{"type":"LineString","coordinates":[[138.692922,-34.82818],[138.692766,-34.828195],[138.692704,-34.828198],[138.69266,-34.828195],[138.692614,-34.828187],[138.692558,-34.828175]]}},{"type":"Feature","properties":{"tier":"arterial"},"geometry":{"type":"LineString","coordinates":[[138.694363,-34.816339],[138.694683,-34.816896],[138.694727,-34.816972],[138.694824,-34.817165],[138.694917,-34.817352],[138.694952,-34.817421]]}},{"type":"Feature","properties":{"tier":"arterial"},"geometry":{"type":"LineString","coordinates":[[138.694817,-34.817476],[138.694952,-34.817421]]}},{"type":"Feature","properties":{"tier":"arterial"},"geometry":{"type":"LineString","coordinates":[[138.694817,-34.817476],[138.694772,-34.817391],[138.694649,-34.817166],[138.694636,-34.81714],[138.694314,-34.816493],[138.694311,-34.816486],[138.69426,-34.816378]]}},{"type":"Feature","properties":{"tier":"arterial"},"geometry":{"type":"LineString","coordinates":[[138.701755,-34.852696],[138.701527,-34.852729],[138.701216,-34.852765],[138.7009,-34.85282],[138.700641,-34.852871],[138.700523,-34.852895],[138.70034,-34.852932],[138.700052,-34.853003],[138.699861,-34.853051],[138.69963,-34.853113],[138.699363,-34.853196],[138.699027,-34.853308],[138.698816,-34.853395],[138.698781,-34.853411],[138.698615,-34.853484],[138.698473,-34.85355],[138.698273,-34.853656],[138.698233,-34.853677],[138.698037,-34.853788],[138.697862,-34.853891],[138.69779,-34.853933],[138.697498,-34.854126],[138.697283,-34.854293],[138.697107,-34.85443],[138.696326,-34.855044]]}},{"type":"Feature","properties":{"tier":"arterial"},"geometry":{"type":"LineString","coordinates":[[138.687522,-34.828108],[138.687559,-34.828152]]}},{"type":"Feature","properties":{"tier":"arterial"},"geometry":{"type":"LineString","coordinates":[[138.68748,-34.82811],[138.687522,-34.828108]]}},{"type":"Feature","properties":{"tier":"arterial"},"geometry":{"type":"LineString","coordinates":[[138.687559,-34.828152],[138.68748,-34.828161]]}},{"type":"Feature","properties":{"tier":"arterial"},"geometry":{"type":"LineString","coordinates":[[138.709583,-34.824285],[138.709129,-34.824699]]}},{"type":"Feature","properties":{"tier":"arterial"},"geometry":{"type":"LineString","coordinates":[[138.710314,-34.823606],[138.709868,-34.824024],[138.709583,-34.824285]]}},{"type":"Feature","properties":{"tier":"arterial"},"geometry":{"type":"LineString","coordinates":[[138.709018,-34.824631],[138.709468,-34.82421]]}},{"type":"Feature","properties":{"tier":"arterial"},"geometry":{"type":"LineString","coordinates":[[138.707495,-34.826037],[138.709018,-34.824631]]}},{"type":"Feature","properties":{"tier":"arterial"},"geometry":{"type":"LineString","coordinates":[[138.707466,-34.826248],[138.707251,-34.826439],[138.707178,-34.826496],[138.707008,-34.826628],[138.706812,-34.826756],[138.706724,-34.82681]]}},{"type":"Feature","properties":{"tier":"arterial"},"geometry":{"type":"LineString","coordinates":[[138.709129,-34.824699],[138.708225,-34.82555],[138.7078,-34.825942],[138.707766,-34.825974],[138.707466,-34.826248]]}},{"type":"Feature","properties":{"tier":"arterial"},"geometry":{"type":"LineString","coordinates":[[138.707473,-34.826056],[138.707495,-34.826037]]}},{"type":"Feature","properties":{"tier":"arterial"},"geometry":{"type":"LineString","coordinates":[[138.70659,-34.826718],[138.706995,-34.82646],[138.707258,-34.826251],[138.707446,-34.826081],[138.707473,-34.826056]]}},{"type":"Feature","properties":{"tier":"arterial"},"geometry":{"type":"LineString","coordinates":[[138.698422,-34.827453],[138.699542,-34.827388]]}},{"type":"Feature","properties":{"tier":"arterial"},"geometry":{"type":"LineString","coordinates":[[138.699548,-34.827521],[138.698433,-34.827582]]}},{"type":"Feature","properties":{"tier":"arterial"},"geometry":{"type":"LineString","coordinates":[[138.696449,-34.827561],[138.697362,-34.827511],[138.698422,-34.827453]]}},{"type":"Feature","properties":{"tier":"arterial"},"geometry":{"type":"LineString","coordinates":[[138.698433,-34.827582],[138.696466,-34.827706]]}},{"type":"Feature","properties":{"tier":"arterial"},"geometry":{"type":"LineString","coordinates":[[138.69545,-34.827617],[138.695528,-34.827613],[138.695908,-34.827591],[138.696449,-34.827561]]}},{"type":"Feature","properties":{"tier":"arterial"},"geometry":{"type":"LineString","coordinates":[[138.694183,-34.827706],[138.694657,-34.827659],[138.694733,-34.827656],[138.695199,-34.827631],[138.69545,-34.827617]]}},{"type":"Feature","properties":{"tier":"arterial"},"geometry":{"type":"LineString","coordinates":[[138.696466,-34.827706],[138.695465,-34.827755]]}},{"type":"Feature","properties":{"tier":"arterial"},"geometry":{"type":"LineString","coordinates":[[138.701999,-34.827381],[138.70083,-34.827452],[138.700717,-34.827462],[138.699548,-34.827521]]}},{"type":"Feature","properties":{"tier":"arterial"},"geometry":{"type":"LineString","coordinates":[[138.690504,-34.843823],[138.690788,-34.843804],[138.690976,-34.843789]]}},{"type":"Feature","properties":{"tier":"arterial"},"geometry":{"type":"LineString","coordinates":[[138.693691,-34.843704],[138.692406,-34.843779],[138.691569,-34.843835],[138.690809,-34.843897]]}},{"type":"Feature","properties":{"tier":"arterial"},"geometry":{"type":"LineString","coordinates":[[138.694071,-34.8557],[138.69449,-34.855671],[138.694567,-34.855666]]}},{"type":"Feature","properties":{"tier":"arterial"},"geometry":{"type":"LineString","coordinates":[[138.694038,-34.855702],[138.694071,-34.8557]]}},{"type":"Feature","properties":{"tier":"arterial"},"geometry":{"type":"LineString","coordinates":[[138.694151,-34.855794],[138.694043,-34.855799]]}},{"type":"Feature","properties":{"tier":"arterial"},"geometry":{"type":"LineString","coordinates":[[138.694579,-34.855762],[138.694333,-34.855784],[138.694151,-34.855794]]}},{"type":"Feature","properties":{"tier":"arterial"},"geometry":{"type":"LineString","coordinates":[[138.694922,-34.855715],[138.69483,-34.855733],[138.694739,-34.855748],[138.694706,-34.855752],[138.694676,-34.855756],[138.694579,-34.855762]]}},{"type":"Feature","properties":{"tier":"arterial"},"geometry":{"type":"LineString","coordinates":[[138.694567,-34.855666],[138.694665,-34.85565],[138.694868,-34.855616]]}},{"type":"Feature","properties":{"tier":"arterial"},"geometry":{"type":"LineString","coordinates":[[138.708132,-34.852479],[138.708391,-34.852443],[138.708699,-34.852372],[138.709046,-34.852291],[138.710086,-34.851973],[138.710612,-34.851777],[138.71089,-34.851655],[138.711127,-34.851551],[138.711496,-34.851376],[138.712715,-34.850678],[138.712881,-34.850592],[138.713269,-34.850389],[138.713483,-34.850293],[138.714012,-34.850071],[138.715028,-34.849542]]}},{"type":"Feature","properties":{"tier":"arterial"},"geometry":{"type":"LineString","coordinates":[[138.704808,-34.852477],[138.704995,-34.852484]]}},{"type":"Feature","properties":{"tier":"arterial"},"geometry":{"type":"LineString","coordinates":[[138.705428,-34.852593],[138.704804,-34.85256]]}},{"type":"Feature","properties":{"tier":"arterial"},"geometry":{"type":"LineString","coordinates":[[138.704804,-34.85256],[138.70453,-34.852558],[138.704274,-34.852565],[138.703669,-34.852577],[138.70251,-34.852631],[138.702477,-34.852632],[138.702392,-34.852636]]}},{"type":"Feature","properties":{"tier":"arterial"},"geometry":{"type":"LineString","coordinates":[[138.70525,-34.852497],[138.706169,-34.852567]]}},{"type":"Feature","properties":{"tier":"arterial"},"geometry":{"type":"LineString","coordinates":[[138.706175,-34.852651],[138.705428,-34.852593]]}},{"type":"Feature","properties":{"tier":"arterial"},"geometry":{"type":"LineString","coordinates":[[138.704995,-34.852484],[138.705136,-34.85249],[138.70525,-34.852497]]}},{"type":"Feature","properties":{"tier":"arterial"},"geometry":{"type":"LineString","coordinates":[[138.707641,-34.852546],[138.707709,-34.85254],[138.708132,-34.852479]]}},{"type":"Feature","properties":{"tier":"arterial"},"geometry":{"type":"LineString","coordinates":[[138.706169,-34.852567],[138.706245,-34.852573],[138.70693,-34.852587],[138.707458,-34.852563],[138.707641,-34.852546]]}},{"type":"Feature","properties":{"tier":"arterial"},"geometry":{"type":"LineString","coordinates":[[138.708173,-34.852565],[138.707775,-34.852621],[138.707656,-34.852632]]}},{"type":"Feature","properties":{"tier":"arterial"},"geometry":{"type":"LineString","coordinates":[[138.707656,-34.852632],[138.707524,-34.852643],[138.706928,-34.852674],[138.706276,-34.852658],[138.706175,-34.852651]]}},{"type":"Feature","properties":{"tier":"arterial"},"geometry":{"type":"LineString","coordinates":[[138.69396,-34.843589],[138.694989,-34.843524]]}},{"type":"Feature","properties":{"tier":"arterial"},"geometry":{"type":"LineString","coordinates":[[138.690976,-34.843789],[138.692408,-34.843671],[138.692593,-34.843662],[138.693137,-34.843634],[138.693802,-34.843598],[138.693833,-34.843596],[138.69396,-34.843589]]}},{"type":"Feature","properties":{"tier":"arterial"},"geometry":{"type":"LineString","coordinates":[[138.694113,-34.843675],[138.693965,-34.843685]]}},{"type":"Feature","properties":{"tier":"arterial"},"geometry":{"type":"LineString","coordinates":[[138.714546,-34.821279],[138.714452,-34.821288],[138.714155,-34.821328]]}},{"type":"Feature","properties":{"tier":"arterial"},"geometry":{"type":"LineString","coordinates":[[138.718708,-34.821036],[138.718609,-34.821042],[138.718431,-34.821053]]}},{"type":"Feature","properties":{"tier":"arterial"},"geometry":{"type":"LineString","coordinates":[[138.716053,-34.821101],[138.716501,-34.821074],[138.71764,-34.821005],[138.7182,-34.820972]]}},{"type":"Feature","properties":{"tier":"arterial"},"geometry":{"type":"LineString","coordinates":[[138.714006,-34.821234],[138.714534,-34.82116]]}},{"type":"Feature","properties":{"tier":"arterial"},"geometry":{"type":"LineString","coordinates":[[138.697125,-34.843494],[138.697117,-34.843402]]}},{"type":"Feature","properties":{"tier":"arterial"},"geometry":{"type":"LineString","coordinates":[[138.694989,-34.843524],[138.695989,-34.843466]]}},{"type":"Feature","properties":{"tier":"arterial"},"geometry":{"type":"LineString","coordinates":[[138.697125,-34.843494],[138.696576,-34.843525],[138.696001,-34.843559]]}},{"type":"Feature","properties":{"tier":"arterial"},"geometry":{"type":"LineString","coordinates":[[138.69781,-34.843452],[138.697125,-34.843494]]}},{"type":"Feature","properties":{"tier":"arterial"},"geometry":{"type":"LineString","coordinates":[[138.701595,-34.843141],[138.702425,-34.843096]]}},{"type":"Feature","properties":{"tier":"arterial"},"geometry":{"type":"LineString","coordinates":[[138.70007,-34.843227],[138.700859,-34.843187],[138.701481,-34.843148],[138.70151,-34.843146],[138.701595,-34.843141]]}},{"type":"Feature","properties":{"tier":"arterial"},"geometry":{"type":"LineString","coordinates":[[138.701605,-34.843243],[138.701595,-34.843141]]}},{"type":"Feature","properties":{"tier":"arterial"},"geometry":{"type":"LineString","coordinates":[[138.701859,-34.843224],[138.701774,-34.84323],[138.701605,-34.843243]]}},{"type":"Feature","properties":{"tier":"arterial"},"geometry":{"type":"LineString","coordinates":[[138.724083,-34.820668],[138.724493,-34.820675],[138.724638,-34.820684],[138.72495,-34.820704],[138.725059,-34.820711]]}},{"type":"Feature","properties":{"tier":"arterial"},"geometry":{"type":"LineString","coordinates":[[138.725059,-34.820711],[138.72461,-34.82072],[138.724473,-34.820723],[138.724089,-34.820731]]}},{"type":"Feature","properties":{"tier":"arterial"},"geometry":{"type":"LineString","coordinates":[[138.719875,-34.835529],[138.719802,-34.834642]]}},{"type":"Feature","properties":{"tier":"arterial"},"geometry":{"type":"LineString","coordinates":[[138.720213,-34.839245],[138.72008,-34.837597],[138.720024,-34.83715],[138.720006,-34.837006],[138.719988,-34.836785],[138.719923,-34.836094],[138.719918,-34.836047],[138.719911,-34.835968],[138.719875,-34.835529]]}},{"type":"Feature","properties":{"tier":"arterial"},"geometry":{"type":"LineString","coordinates":[[138.719734,-34.820887],[138.720244,-34.820864],[138.720261,-34.820863]]}},{"type":"Feature","properties":{"tier":"arterial"},"geometry":{"type":"LineString","coordinates":[[138.7187,-34.82094],[138.718785,-34.820935],[138.719066,-34.820918]]}},{"type":"Feature","properties":{"tier":"arterial"},"geometry":{"type":"LineString","coordinates":[[138.718984,-34.821019],[138.718827,-34.821029],[138.718796,-34.82103],[138.718708,-34.821036]]}},{"type":"Feature","properties":{"tier":"arterial"},"geometry":{"type":"LineString","coordinates":[[138.720266,-34.820943],[138.719741,-34.820971]]}},{"type":"Feature","properties":{"tier":"arterial"},"geometry":{"type":"LineString","coordinates":[[138.708097,-34.84133],[138.70833,-34.841174],[138.708577,-34.841022],[138.708718,-34.840949],[138.708765,-34.840931],[138.708845,-34.8409]]}},{"type":"Feature","properties":{"tier":"arterial"},"geometry":{"type":"LineString","coordinates":[[138.694043,-34.855799],[138.693988,-34.855801],[138.693905,-34.855807],[138.693796,-34.855819],[138.6937,-34.855831],[138.693603,-34.855847],[138.693535,-34.855859],[138.693451,-34.855876],[138.693366,-34.855896],[138.693275,-34.855919],[138.693162,-34.855952],[138.693078,-34.855979],[138.692994,-34.856008],[138.692922,-34.856035],[138.692835,-34.856071],[138.692757,-34.856105],[138.692668,-34.856148]]}},{"type":"Feature","properties":{"tier":"regional"},"geometry":{"type":"LineString","coordinates":[[138.690605,-34.857474],[138.690682,-34.857551]]}},{"type":"Feature","properties":{"tier":"arterial"},"geometry":{"type":"LineString","coordinates":[[138.692602,-34.856064],[138.692654,-34.856041],[138.692726,-34.856009],[138.69279,-34.855981],[138.692877,-34.855946],[138.692924,-34.855928],[138.693007,-34.855899],[138.693089,-34.855872],[138.693171,-34.855847],[138.693274,-34.855819],[138.69339,-34.855791],[138.693498,-34.855768],[138.693596,-34.855751],[138.693692,-34.855736],[138.693799,-34.855723],[138.693888,-34.855714],[138.693947,-34.855709],[138.693997,-34.855706],[138.694038,-34.855702]]}},{"type":"Feature","properties":{"tier":"arterial"},"geometry":{"type":"LineString","coordinates":[[138.690528,-34.857528],[138.690605,-34.857474]]}},{"type":"Feature","properties":{"tier":"arterial"},"geometry":{"type":"LineString","coordinates":[[138.68748,-34.858434],[138.687489,-34.858431],[138.68756,-34.858407],[138.687632,-34.858385],[138.68771,-34.858364],[138.687792,-34.858344],[138.687863,-34.858329],[138.687973,-34.85831],[138.688179,-34.858274]]}},{"type":"Feature","properties":{"tier":"arterial"},"geometry":{"type":"LineString","coordinates":[[138.690611,-34.857602],[138.690503,-34.857661],[138.69042,-34.85771],[138.690339,-34.857754],[138.690253,-34.857799],[138.690214,-34.857819]]}},{"type":"Feature","properties":{"tier":"arterial"},"geometry":{"type":"LineString","coordinates":[[138.690682,-34.857551],[138.690611,-34.857602]]}},{"type":"Feature","properties":{"tier":"regional"},"geometry":{"type":"LineString","coordinates":[[138.690039,-34.857101],[138.690076,-34.857114],[138.690337,-34.857255],[138.690518,-34.857403],[138.690605,-34.857474]]}},{"type":"Feature","properties":{"tier":"regional"},"geometry":{"type":"LineString","coordinates":[[138.690016,-34.85718],[138.689898,-34.857143],[138.689888,-34.85714],[138.689748,-34.857112],[138.689544,-34.85705],[138.689448,-34.857014]]}},{"type":"Feature","properties":{"tier":"arterial"},"geometry":{"type":"LineString","coordinates":[[138.690605,-34.857474],[138.690765,-34.857369],[138.691012,-34.857205],[138.691846,-34.856575],[138.691897,-34.856537],[138.691981,-34.856465],[138.69205,-34.856409],[138.692147,-34.856337],[138.69222,-34.856287],[138.692307,-34.856231],[138.692382,-34.856185],[138.692471,-34.856134],[138.692563,-34.856086],[138.692602,-34.856064]]}},{"type":"Feature","properties":{"tier":"arterial"},"geometry":{"type":"LineString","coordinates":[[138.692668,-34.856148],[138.692631,-34.856166],[138.692546,-34.85621],[138.692479,-34.856248],[138.692422,-34.856282],[138.692349,-34.856328],[138.692271,-34.85638],[138.692195,-34.856434],[138.69213,-34.856484],[138.692075,-34.856528],[138.692011,-34.856583],[138.691894,-34.856666],[138.691328,-34.857101],[138.691042,-34.857309],[138.690682,-34.857551]]}},{"type":"Feature","properties":{"tier":"arterial"},"geometry":{"type":"LineString","coordinates":[[138.706724,-34.82681],[138.706656,-34.826861],[138.706605,-34.826911],[138.706581,-34.826974],[138.706577,-34.827067]]}},{"type":"Feature","properties":{"tier":"arterial"},"geometry":{"type":"LineString","coordinates":[[138.69375,-34.827929],[138.693732,-34.827793]]}},{"type":"Feature","properties":{"tier":"arterial"},"geometry":{"type":"LineString","coordinates":[[138.693732,-34.827793],[138.69386,-34.827766]]}},{"type":"Feature","properties":{"tier":"arterial"},"geometry":{"type":"LineString","coordinates":[[138.695465,-34.827755],[138.695212,-34.82777],[138.694816,-34.827787],[138.694477,-34.827813]]}},{"type":"Feature","properties":{"tier":"high"},"geometry":{"type":"LineString","coordinates":[[138.69375,-34.827929],[138.693457,-34.828004]]}},{"type":"Feature","properties":{"tier":"arterial"},"geometry":{"type":"LineString","coordinates":[[138.719741,-34.820971],[138.718984,-34.821019]]}},{"type":"Feature","properties":{"tier":"arterial"},"geometry":{"type":"LineString","coordinates":[[138.719066,-34.820918],[138.719109,-34.820915],[138.719734,-34.820887]]}},{"type":"Feature","properties":{"tier":"arterial"},"geometry":{"type":"LineString","coordinates":[[138.715166,-34.821235],[138.714827,-34.821252],[138.714546,-34.821279]]}},{"type":"Feature","properties":{"tier":"arterial"},"geometry":{"type":"LineString","coordinates":[[138.715155,-34.821119],[138.715476,-34.821112],[138.716053,-34.821101]]}},{"type":"Feature","properties":{"tier":"arterial"},"geometry":{"type":"LineString","coordinates":[[138.714534,-34.82116],[138.715155,-34.821119]]}},{"type":"Feature","properties":{"tier":"arterial"},"geometry":{"type":"LineString","coordinates":[[138.715966,-34.821208],[138.715807,-34.82121],[138.715712,-34.821212],[138.715495,-34.82122],[138.715403,-34.821223],[138.715372,-34.821224],[138.715166,-34.821235]]}},{"type":"Feature","properties":{"tier":"arterial"},"geometry":{"type":"LineString","coordinates":[[138.702046,-34.852587],[138.702259,-34.852563],[138.702298,-34.852559],[138.702384,-34.85255]]}},{"type":"Feature","properties":{"tier":"arterial"},"geometry":{"type":"LineString","coordinates":[[138.706724,-34.82681],[138.706579,-34.826881],[138.706466,-34.82693]]}},{"type":"Feature","properties":{"tier":"arterial"},"geometry":{"type":"LineString","coordinates":[[138.705966,-34.82696],[138.706064,-34.826938],[138.70625,-34.82687],[138.706545,-34.826741],[138.70659,-34.826718]]}},{"type":"Feature","properties":{"tier":"arterial"},"geometry":{"type":"LineString","coordinates":[[138.706597,-34.82731],[138.706532,-34.827213]]}},{"type":"Feature","properties":{"tier":"arterial"},"geometry":{"type":"LineString","coordinates":[[138.701656,-34.843969],[138.701622,-34.843439]]}},{"type":"Feature","properties":{"tier":"arterial"},"geometry":{"type":"LineString","coordinates":[[138.687883,-34.831746],[138.687873,-34.831622],[138.687871,-34.831599],[138.687865,-34.831525]]}},{"type":"Feature","properties":{"tier":"arterial"},"geometry":{"type":"LineString","coordinates":[[138.687836,-34.831182],[138.687799,-34.830846],[138.687749,-34.830385]]}},{"type":"Feature","properties":{"tier":"arterial"},"geometry":{"type":"LineString","coordinates":[[138.687749,-34.830385],[138.687658,-34.829554],[138.687626,-34.829087]]}},{"type":"Feature","properties":{"tier":"arterial"},"geometry":{"type":"LineString","coordinates":[[138.688,-34.831781],[138.688027,-34.832055],[138.688041,-34.832247],[138.688051,-34.832381]]}},{"type":"Feature","properties":{"tier":"arterial"},"geometry":{"type":"LineString","coordinates":[[138.687941,-34.831187],[138.687952,-34.831297],[138.687955,-34.831327],[138.687961,-34.831389]]}},{"type":"Feature","properties":{"tier":"high"},"geometry":{"type":"LineString","coordinates":[[138.688292,-34.831467],[138.688109,-34.831492],[138.688051,-34.831499],[138.687973,-34.83151]]}},{"type":"Feature","properties":{"tier":"high"},"geometry":{"type":"LineString","coordinates":[[138.687637,-34.831555],[138.687543,-34.831566],[138.68748,-34.831573]]}},{"type":"Feature","properties":{"tier":"high"},"geometry":{"type":"LineString","coordinates":[[138.68748,-34.831453],[138.687752,-34.831417],[138.687755,-34.831416],[138.687781,-34.831413],[138.687855,-34.831403]]}},{"type":"Feature","properties":{"tier":"arterial"},"geometry":{"type":"LineString","coordinates":[[138.687559,-34.828152],[138.687584,-34.828203],[138.687618,-34.828271],[138.687646,-34.828363],[138.687672,-34.828548],[138.687682,-34.828669],[138.687732,-34.82955],[138.687797,-34.830049],[138.6878,-34.830073],[138.687821,-34.830237],[138.68784,-34.83038],[138.687889,-34.830714],[138.687894,-34.830746],[138.687934,-34.83112],[138.687941,-34.831187]]}},{"type":"Feature","properties":{"tier":"arterial"},"geometry":{"type":"LineString","coordinates":[[138.718669,-34.820528],[138.718673,-34.820574],[138.718675,-34.820603]]}},{"type":"Feature","properties":{"tier":"arterial"},"geometry":{"type":"LineString","coordinates":[[138.71873,-34.821332],[138.71874,-34.821554]]}},{"type":"Feature","properties":{"tier":"arterial"},"geometry":{"type":"LineString","coordinates":[[138.706849,-34.842148],[138.707313,-34.841841]]}},{"type":"Feature","properties":{"tier":"arterial"},"geometry":{"type":"LineString","coordinates":[[138.707693,-34.840071],[138.707725,-34.840311],[138.707834,-34.841114],[138.707844,-34.841186]]}},{"type":"Feature","properties":{"tier":"arterial"},"geometry":{"type":"LineString","coordinates":[[138.707313,-34.841841],[138.707652,-34.84162],[138.707919,-34.841446]]}},{"type":"Feature","properties":{"tier":"arterial"},"geometry":{"type":"LineString","coordinates":[[138.701605,-34.843243],[138.701537,-34.843248],[138.701395,-34.843259]]}},{"type":"Feature","properties":{"tier":"arterial"},"geometry":{"type":"LineString","coordinates":[[138.688871,-34.843905],[138.688866,-34.84385],[138.688863,-34.843802],[138.68884,-34.843519]]}},{"type":"Feature","properties":{"tier":"arterial"},"geometry":{"type":"LineString","coordinates":[[138.688311,-34.843934],[138.688782,-34.84391],[138.688871,-34.843905]]}},{"type":"Feature","properties":{"tier":"arterial"},"geometry":{"type":"LineString","coordinates":[[138.693874,-34.827902],[138.693803,-34.827915],[138.69375,-34.827929]]}},{"type":"Feature","properties":{"tier":"high"},"geometry":{"type":"LineString","coordinates":[[138.693457,-34.828004],[138.693368,-34.828025],[138.693146,-34.828096]]}},{"type":"Feature","properties":{"tier":"arterial"},"geometry":{"type":"LineString","coordinates":[[138.694567,-34.855666],[138.694565,-34.855629],[138.694562,-34.855607],[138.69456,-34.855583],[138.694543,-34.855382]]}},{"type":"Feature","properties":{"tier":"arterial"},"geometry":{"type":"LineString","coordinates":[[138.694997,-34.855699],[138.694922,-34.855715]]}},{"type":"Feature","properties":{"tier":"arterial"},"geometry":{"type":"LineString","coordinates":[[138.70233,-34.852346],[138.702305,-34.852071],[138.70233,-34.851953]]}},{"type":"Feature","properties":{"tier":"arterial"},"geometry":{"type":"LineString","coordinates":[[138.687922,-34.833575],[138.687844,-34.833548],[138.687784,-34.833538],[138.687651,-34.833536],[138.68748,-34.833544]]}},{"type":"Feature","properties":{"tier":"arterial"},"geometry":{"type":"LineString","coordinates":[[138.687931,-34.833339],[138.68797,-34.83328],[138.687986,-34.833244],[138.687993,-34.833194],[138.687997,-34.833146],[138.687999,-34.833112],[138.687997,-34.833054],[138.687984,-34.832894]]}},{"type":"Feature","properties":{"tier":"arterial"},"geometry":{"type":"LineString","coordinates":[[138.687485,-34.833441],[138.687571,-34.833436],[138.687633,-34.833433],[138.687688,-34.833423],[138.687768,-34.833403],[138.687902,-34.833368]]}},{"type":"Feature","properties":{"tier":"arterial"},"geometry":{"type":"LineString","coordinates":[[138.716243,-34.81608],[138.717593,-34.816015],[138.717621,-34.816013]]}},{"type":"Feature","properties":{"tier":"arterial"},"geometry":{"type":"LineString","coordinates":[[138.718844,-34.815964],[138.720299,-34.815907]]}},{"type":"Feature","properties":{"tier":"arterial"},"geometry":{"type":"LineString","coordinates":[[138.718328,-34.816355],[138.71835,-34.816625],[138.71837,-34.816878]]}},{"type":"Feature","properties":{"tier":"arterial"},"geometry":{"type":"LineString","coordinates":[[138.696326,-34.855044],[138.696225,-34.855123],[138.696159,-34.855173],[138.696107,-34.855211],[138.696026,-34.855266],[138.695954,-34.855312],[138.69587,-34.855362],[138.695796,-34.855403],[138.695711,-34.855446],[138.695622,-34.855488],[138.695535,-34.855527],[138.695478,-34.85555],[138.695406,-34.855578],[138.695317,-34.855609],[138.695214,-34.855641],[138.695129,-34.855666],[138.695038,-34.855689],[138.694997,-34.855699]]}},{"type":"Feature","properties":{"tier":"arterial"},"geometry":{"type":"LineString","coordinates":[[138.694543,-34.855382],[138.694502,-34.854905]]}},{"type":"Feature","properties":{"tier":"arterial"},"geometry":{"type":"LineString","coordinates":[[138.699542,-34.827388],[138.700715,-34.827318],[138.700821,-34.827312],[138.701496,-34.827271],[138.701986,-34.827242],[138.703006,-34.82718],[138.703422,-34.827155],[138.70435,-34.827099]]}},{"type":"Feature","properties":{"tier":"arterial"},"geometry":{"type":"LineString","coordinates":[[138.706577,-34.827067],[138.706582,-34.8271],[138.706593,-34.827181],[138.706597,-34.82731]]}},{"type":"Feature","properties":{"tier":"arterial"},"geometry":{"type":"LineString","coordinates":[[138.705018,-34.827206],[138.704807,-34.82722],[138.70436,-34.827248],[138.704317,-34.82725],[138.701999,-34.827381]]}},{"type":"Feature","properties":{"tier":"arterial"},"geometry":{"type":"LineString","coordinates":[[138.706466,-34.82693],[138.706355,-34.826978],[138.706282,-34.827004]]}},{"type":"Feature","properties":{"tier":"arterial"},"geometry":{"type":"LineString","coordinates":[[138.706597,-34.82731],[138.706637,-34.827502],[138.706663,-34.827752],[138.706668,-34.827832],[138.706695,-34.828218],[138.706713,-34.828466]]}},{"type":"Feature","properties":{"tier":"arterial"},"geometry":{"type":"LineString","coordinates":[[138.702652,-34.852537],[138.704808,-34.852477]]}},{"type":"Feature","properties":{"tier":"arterial"},"geometry":{"type":"LineString","coordinates":[[138.702392,-34.852636],[138.702304,-34.852644],[138.702294,-34.852645],[138.702072,-34.852665],[138.701755,-34.852696]]}},{"type":"Feature","properties":{"tier":"arterial"},"geometry":{"type":"LineString","coordinates":[[138.702304,-34.851677],[138.702276,-34.851371]]}},{"type":"Feature","properties":{"tier":"arterial"},"geometry":{"type":"LineString","coordinates":[[138.70233,-34.851953],[138.702304,-34.851677]]}},{"type":"Feature","properties":{"tier":"arterial"},"geometry":{"type":"LineString","coordinates":[[138.694868,-34.855616],[138.695234,-34.855538],[138.695438,-34.855468],[138.695651,-34.855371],[138.695885,-34.855239],[138.696202,-34.855016],[138.696572,-34.854727],[138.697063,-34.854344],[138.697371,-34.854116],[138.697634,-34.853939],[138.697808,-34.853834],[138.698213,-34.853581],[138.698796,-34.853315],[138.698974,-34.853234],[138.699478,-34.853071],[138.700027,-34.85292],[138.700239,-34.852869]]}},{"type":"Feature","properties":{"tier":"arterial"},"geometry":{"type":"LineString","coordinates":[[138.701395,-34.843259],[138.700427,-34.843302]]}},{"type":"Feature","properties":{"tier":"arterial"},"geometry":{"type":"LineString","coordinates":[[138.698483,-34.84332],[138.6993,-34.843272],[138.699787,-34.843244],[138.699917,-34.843236],[138.70007,-34.843227]]}},{"type":"Feature","properties":{"tier":"arterial"},"geometry":{"type":"LineString","coordinates":[[138.697117,-34.843402],[138.697157,-34.843399],[138.698119,-34.843342],[138.698415,-34.843324]]}},{"type":"Feature","properties":{"tier":"arterial"},"geometry":{"type":"LineString","coordinates":[[138.724798,-34.840195],[138.723982,-34.840163],[138.723569,-34.840146]]}},{"type":"Feature","properties":{"tier":"arterial"},"geometry":{"type":"LineString","coordinates":[[138.72526,-34.839014],[138.725242,-34.839166],[138.725229,-34.839834]]}},{"type":"Feature","properties":{"tier":"arterial"},"geometry":{"type":"LineString","coordinates":[[138.688185,-34.83331],[138.688194,-34.833315],[138.688204,-34.83332]]}},{"type":"Feature","properties":{"tier":"arterial"},"geometry":{"type":"LineString","coordinates":[[138.687931,-34.833339],[138.687954,-34.833322],[138.68798,-34.833309],[138.688008,-34.833298],[138.688037,-34.833291],[138.688067,-34.833288],[138.688098,-34.833288],[138.688128,-34.833292],[138.688157,-34.8333],[138.688185,-34.83331]]}},{"type":"Feature","properties":{"tier":"arterial"},"geometry":{"type":"LineString","coordinates":[[138.687902,-34.833368],[138.687931,-34.833339]]}},{"type":"Feature","properties":{"tier":"arterial"},"geometry":{"type":"LineString","coordinates":[[138.687922,-34.833575],[138.687899,-34.833549],[138.687883,-34.83352],[138.687873,-34.83349],[138.68787,-34.833458],[138.687873,-34.833427],[138.687884,-34.833397],[138.687902,-34.833368]]}},{"type":"Feature","properties":{"tier":"arterial"},"geometry":{"type":"LineString","coordinates":[[138.68797,-34.833608],[138.687952,-34.833598],[138.687936,-34.833587],[138.687922,-34.833575]]}},{"type":"Feature","properties":{"tier":"arterial"},"geometry":{"type":"LineString","coordinates":[[138.688212,-34.833596],[138.688176,-34.833615],[138.688135,-34.833628],[138.688093,-34.833633],[138.68805,-34.833632],[138.688009,-34.833623],[138.68797,-34.833608]]}},{"type":"Feature","properties":{"tier":"arterial"},"geometry":{"type":"LineString","coordinates":[[138.688232,-34.833581],[138.688222,-34.833588],[138.688212,-34.833596]]}},{"type":"Feature","properties":{"tier":"arterial"},"geometry":{"type":"LineString","coordinates":[[138.69303,-34.833113],[138.693066,-34.833131],[138.693092,-34.833157]]}},{"type":"Feature","properties":{"tier":"arterial"},"geometry":{"type":"LineString","coordinates":[[138.692933,-34.833113],[138.692981,-34.833105],[138.69303,-34.833113]]}},{"type":"Feature","properties":{"tier":"arterial"},"geometry":{"type":"LineString","coordinates":[[138.692874,-34.833157],[138.692896,-34.833133],[138.692933,-34.833113]]}},{"type":"Feature","properties":{"tier":"arterial"},"geometry":{"type":"LineString","coordinates":[[138.692874,-34.83326],[138.69286,-34.833233],[138.692857,-34.833211],[138.69286,-34.833185],[138.692874,-34.833157]]}},{"type":"Feature","properties":{"tier":"arterial"},"geometry":{"type":"LineString","coordinates":[[138.69292,-34.833298],[138.692898,-34.833285],[138.692874,-34.83326]]}},{"type":"Feature","properties":{"tier":"arterial"},"geometry":{"type":"LineString","coordinates":[[138.693089,-34.833264],[138.693081,-34.833272],[138.693074,-34.833279]]}},{"type":"Feature","properties":{"tier":"arterial"},"geometry":{"type":"LineString","coordinates":[[138.693108,-34.833207],[138.693101,-34.833243],[138.693089,-34.833264]]}},{"type":"Feature","properties":{"tier":"arterial"},"geometry":{"type":"LineString","coordinates":[[138.693092,-34.833157],[138.693102,-34.833176],[138.693108,-34.833207]]}},{"type":"Feature","properties":{"tier":"arterial"},"geometry":{"type":"LineString","coordinates":[[138.694559,-34.833137],[138.694352,-34.833155],[138.69429,-34.83316]]}},{"type":"Feature","properties":{"tier":"arterial"},"geometry":{"type":"LineString","coordinates":[[138.706904,-34.832424],[138.706781,-34.832429],[138.706644,-34.832435],[138.705486,-34.832498],[138.703625,-34.832598],[138.7034,-34.832611],[138.702135,-34.832704],[138.700543,-34.832775],[138.70027,-34.832783],[138.699963,-34.832791]]}},{"type":"Feature","properties":{"tier":"arterial"},"geometry":{"type":"LineString","coordinates":[[138.718171,-34.81593],[138.718191,-34.815909],[138.718217,-34.815892]]}},{"type":"Feature","properties":{"tier":"arterial"},"geometry":{"type":"LineString","coordinates":[[138.718165,-34.816033],[138.718155,-34.816008],[138.718153,-34.815981],[138.718158,-34.815955],[138.718171,-34.81593]]}},{"type":"Feature","properties":{"tier":"arterial"},"geometry":{"type":"LineString","coordinates":[[138.718234,-34.816088],[138.718206,-34.816074],[138.718183,-34.816056],[138.718165,-34.816033]]}},{"type":"Feature","properties":{"tier":"arterial"},"geometry":{"type":"LineString","coordinates":[[138.718413,-34.816026],[138.718366,-34.816076]]}},{"type":"Feature","properties":{"tier":"arterial"},"geometry":{"type":"LineString","coordinates":[[138.718408,-34.815936],[138.71842,-34.815965],[138.718422,-34.815996],[138.718413,-34.816026]]}},{"type":"Feature","properties":{"tier":"arterial"},"geometry":{"type":"LineString","coordinates":[[138.718363,-34.815894],[138.718408,-34.815936]]}},{"type":"Feature","properties":{"tier":"arterial"},"geometry":{"type":"LineString","coordinates":[[138.718217,-34.815892],[138.718264,-34.815877],[138.718316,-34.815878],[138.718363,-34.815894]]}},{"type":"Feature","properties":{"tier":"arterial"},"geometry":{"type":"LineString","coordinates":[[138.719802,-34.834642],[138.7198,-34.834617],[138.719732,-34.833758],[138.719725,-34.833677],[138.719637,-34.832567]]}},{"type":"Feature","properties":{"tier":"arterial"},"geometry":{"type":"LineString","coordinates":[[138.706971,-34.832465],[138.706951,-34.83246],[138.706904,-34.832424]]}},{"type":"Feature","properties":{"tier":"arterial"},"geometry":{"type":"LineString","coordinates":[[138.707063,-34.832459],[138.70699,-34.83247],[138.706971,-34.832465]]}},{"type":"Feature","properties":{"tier":"arterial"},"geometry":{"type":"LineString","coordinates":[[138.707096,-34.832437],[138.707063,-34.832459]]}},{"type":"Feature","properties":{"tier":"arterial"},"geometry":{"type":"LineString","coordinates":[[138.707105,-34.832316],[138.707122,-34.832347],[138.707117,-34.832408],[138.707096,-34.832437]]}},{"type":"Feature","properties":{"tier":"arterial"},"geometry":{"type":"LineString","coordinates":[[138.707075,-34.832292],[138.707105,-34.832316]]}},{"type":"Feature","properties":{"tier":"arterial"},"geometry":{"type":"LineString","coordinates":[[138.706904,-34.832321],[138.706925,-34.8323]]}},{"type":"Feature","properties":{"tier":"arterial"},"geometry":{"type":"LineString","coordinates":[[138.706904,-34.832424],[138.706895,-34.83241],[138.706887,-34.83236],[138.706904,-34.832321]]}},{"type":"Feature","properties":{"tier":"arterial"},"geometry":{"type":"LineString","coordinates":[[138.731043,-34.856465],[138.731054,-34.85646],[138.731093,-34.856452],[138.731123,-34.856451],[138.731155,-34.856453],[138.731184,-34.856465],[138.731218,-34.856478],[138.731248,-34.856497],[138.731267,-34.856515],[138.731295,-34.856551],[138.731416,-34.856778],[138.731593,-34.857119],[138.731648,-34.857236],[138.731758,-34.857503],[138.731936,-34.857843],[138.73212,-34.858169],[138.732159,-34.858257],[138.732176,-34.858316],[138.732193,-34.858406],[138.732202,-34.858455],[138.732204,-34.858522],[138.732203,-34.858685],[138.732206,-34.858714],[138.732218,-34.858767],[138.732238,-34.858825],[138.732256,-34.858862],[138.732421,-34.85908],[138.732451,-34.859114],[138.732504,-34.85916],[138.732553,-34.859197],[138.73261,-34.859225],[138.732681,-34.859266],[138.732891,-34.859358],[138.732964,-34.859383],[138.733046,-34.859407],[138.733139,-34.859428],[138.733231,-34.859441],[138.733349,-34.859451],[138.733653,-34.859465],[138.733866,-34.859474],[138.733972,-34.859471],[138.7341,-34.859458],[138.734329,-34.85943],[138.735072,-34.859327],[138.735198,-34.859313],[138.735319,-34.859303],[138.735515,-34.859297],[138.735669,-34.8593],[138.73583,-34.859304],[138.736093,-34.85933],[138.73633,-34.859366],[138.736589,-34.859417],[138.736637,-34.859425],[138.736747,-34.859449],[138.736846,-34.859477],[138.736933,-34.859506],[138.737062,-34.859559],[138.737159,-34.859607],[138.737225,-34.859645],[138.737328,-34.859713],[138.73741,-34.859775],[138.73746,-34.859818],[138.737517,-34.859873],[138.737588,-34.859949],[138.737639,-34.860013],[138.737798,-34.860239],[138.73787,-34.860328],[138.737973,-34.860445],[138.738034,-34.860507],[138.738103,-34.860567],[138.738188,-34.860632],[138.738286,-34.860699],[138.738387,-34.860757],[138.73848,-34.860805],[138.738594,-34.860852],[138.738731,-34.860891],[138.738915,-34.860932],[138.738976,-34.86094],[138.73906,-34.860944],[138.739119,-34.860942],[138.73919,-34.860935],[138.739292,-34.860916],[138.73934,-34.860902],[138.73938,-34.860889],[138.739444,-34.860863],[138.7395,-34.860834],[138.739568,-34.860792],[138.739621,-34.860752],[138.73975,-34.860649],[138.739833,-34.860571],[138.739876,-34.860517],[138.739891,-34.860497],[138.739918,-34.860454],[138.739987,-34.860354],[138.740032,-34.860265],[138.740077,-34.86017],[138.74016,-34.859957],[138.740203,-34.85985],[138.74026,-34.859755],[138.740348,-34.859652],[138.740426,-34.859583],[138.740493,-34.859535],[138.740568,-34.8595],[138.740629,-34.859484],[138.740683,-34.859481],[138.740733,-34.859489],[138.74077,-34.859501],[138.74084,-34.859535],[138.740887,-34.859581],[138.740937,-34.85965],[138.740962,-34.859712],[138.740995,-34.859808],[138.74108,-34.860107],[138.741137,-34.860268],[138.741188,-34.860418],[138.74121,-34.860518],[138.74122,-34.860607]]}},{"type":"Feature","properties":{"tier":"regional"},"geometry":{"type":"LineString","coordinates":[[138.690963,-34.868165],[138.690765,-34.868228],[138.690316,-34.868373],[138.690146,-34.868415],[138.689936,-34.868451],[138.689561,-34.868504],[138.688992,-34.868585],[138.688334,-34.868678],[138.68781,-34.868751],[138.68748,-34.868798]]}},{"type":"Feature","properties":{"tier":"regional"},"geometry":{"type":"LineString","coordinates":[[138.691025,-34.868145],[138.690963,-34.868165]]}},{"type":"Feature","properties":{"tier":"arterial"},"geometry":{"type":"LineString","coordinates":[[138.697595,-34.873665],[138.697698,-34.873579],[138.697909,-34.873404],[138.698505,-34.8729],[138.698788,-34.872659],[138.698957,-34.872514],[138.699392,-34.872148],[138.699586,-34.871976]]}},{"type":"Feature","properties":{"tier":"arterial"},"geometry":{"type":"LineString","coordinates":[[138.697526,-34.873722],[138.697595,-34.873665]]}},{"type":"Feature","properties":{"tier":"arterial"},"geometry":{"type":"LineString","coordinates":[[138.697576,-34.873761],[138.697448,-34.873869],[138.696899,-34.874316]]}},{"type":"Feature","properties":{"tier":"arterial"},"geometry":{"type":"LineString","coordinates":[[138.697644,-34.873703],[138.697576,-34.873761]]}},{"type":"Feature","properties":{"tier":"arterial"},"geometry":{"type":"LineString","coordinates":[[138.687961,-34.831389],[138.687973,-34.83151]]}},{"type":"Feature","properties":{"tier":"high"},"geometry":{"type":"LineString","coordinates":[[138.687961,-34.831389],[138.688042,-34.831378],[138.688313,-34.831342]]}},{"type":"Feature","properties":{"tier":"high"},"geometry":{"type":"LineString","coordinates":[[138.687855,-34.831403],[138.687961,-34.831389]]}},{"type":"Feature","properties":{"tier":"arterial"},"geometry":{"type":"LineString","coordinates":[[138.687855,-34.831403],[138.687849,-34.831337],[138.687836,-34.831182]]}},{"type":"Feature","properties":{"tier":"arterial"},"geometry":{"type":"LineString","coordinates":[[138.687865,-34.831525],[138.687855,-34.831403]]}},{"type":"Feature","properties":{"tier":"high"},"geometry":{"type":"LineString","coordinates":[[138.687865,-34.831525],[138.687794,-34.831534],[138.687637,-34.831555]]}},{"type":"Feature","properties":{"tier":"high"},"geometry":{"type":"LineString","coordinates":[[138.687973,-34.83151],[138.687865,-34.831525]]}},{"type":"Feature","properties":{"tier":"arterial"},"geometry":{"type":"LineString","coordinates":[[138.687973,-34.83151],[138.68798,-34.831583],[138.688,-34.831781]]}},{"type":"Feature","properties":{"tier":"arterial"},"geometry":{"type":"LineString","coordinates":[[138.687623,-34.828862],[138.687596,-34.82878],[138.687584,-34.828627],[138.687576,-34.828523],[138.68756,-34.82845],[138.687531,-34.828379],[138.687499,-34.828328],[138.68748,-34.828307]]}},{"type":"Feature","properties":{"tier":"arterial"},"geometry":{"type":"LineString","coordinates":[[138.691948,-34.827905],[138.691918,-34.827903],[138.691807,-34.827888]]}},{"type":"Feature","properties":{"tier":"arterial"},"geometry":{"type":"LineString","coordinates":[[138.691582,-34.827899],[138.691807,-34.827888]]}},{"type":"Feature","properties":{"tier":"arterial"},"geometry":{"type":"LineString","coordinates":[[138.69386,-34.827766],[138.693962,-34.827744],[138.694183,-34.827706]]}},{"type":"Feature","properties":{"tier":"arterial"},"geometry":{"type":"LineString","coordinates":[[138.69386,-34.827766],[138.693874,-34.827902]]}},{"type":"Feature","properties":{"tier":"arterial"},"geometry":{"type":"LineString","coordinates":[[138.694958,-34.812582],[138.69494,-34.812606],[138.694285,-34.813484],[138.694119,-34.813727],[138.693933,-34.814122],[138.69383,-34.814539],[138.693813,-34.814914],[138.693912,-34.815378],[138.6943,-34.816204],[138.694316,-34.816239],[138.694363,-34.816339]]}},{"type":"Feature","properties":{"tier":"arterial"},"geometry":{"type":"LineString","coordinates":[[138.69485,-34.812521],[138.694881,-34.81248]]}},{"type":"Feature","properties":{"tier":"arterial"},"geometry":{"type":"LineString","coordinates":[[138.718976,-34.824728],[138.718972,-34.824686],[138.718942,-34.824463],[138.71894,-34.824433],[138.718889,-34.823795],[138.718862,-34.823428]]}},{"type":"Feature","properties":{"tier":"arterial"},"geometry":{"type":"LineString","coordinates":[[138.718984,-34.824812],[138.718976,-34.824728]]}},{"type":"Feature","properties":{"tier":"regional"},"geometry":{"type":"LineString","coordinates":[[138.724811,-34.81559],[138.724803,-34.815468],[138.724776,-34.815201],[138.724766,-34.815083]]}},{"type":"Feature","properties":{"tier":"regional"},"geometry":{"type":"LineString","coordinates":[[138.724766,-34.815083],[138.72476,-34.815001]]}},{"type":"Feature","properties":{"tier":"regional"},"geometry":{"type":"LineString","coordinates":[[138.72476,-34.815001],[138.724697,-34.814251],[138.724555,-34.81248]]}},{"type":"Feature","properties":{"tier":"arterial"},"geometry":{"type":"LineString","coordinates":[[138.69426,-34.816378],[138.694197,-34.816403],[138.694171,-34.816413],[138.693823,-34.816547],[138.693801,-34.816556],[138.693712,-34.8166],[138.693559,-34.816676]]}},{"type":"Feature","properties":{"tier":"arterial"},"geometry":{"type":"LineString","coordinates":[[138.693559,-34.816676],[138.69347,-34.81672]]}},{"type":"Feature","properties":{"tier":"arterial"},"geometry":{"type":"LineString","coordinates":[[138.720299,-34.815907],[138.721519,-34.815849],[138.721552,-34.815848]]}},{"type":"Feature","properties":{"tier":"arterial"},"geometry":{"type":"LineString","coordinates":[[138.721552,-34.815848],[138.72167,-34.815844]]}},{"type":"Feature","properties":{"tier":"arterial"},"geometry":{"type":"LineString","coordinates":[[138.688197,-34.835495],[138.688178,-34.835321],[138.688164,-34.835193],[138.688141,-34.834934]]}},{"type":"Feature","properties":{"tier":"arterial"},"geometry":{"type":"LineString","coordinates":[[138.688201,-34.835538],[138.688197,-34.835495]]}},{"type":"Feature","properties":{"tier":"arterial"},"geometry":{"type":"LineString","coordinates":[[138.688266,-34.835044],[138.688272,-34.835145],[138.68828,-34.835326],[138.688286,-34.835451]]}},{"type":"Feature","properties":{"tier":"arterial"},"geometry":{"type":"LineString","coordinates":[[138.688286,-34.835451],[138.688289,-34.835532]]}},{"type":"Feature","properties":{"tier":"arterial"},"geometry":{"type":"LineString","coordinates":[[138.699963,-34.832791],[138.699727,-34.832797]]}},{"type":"Feature","properties":{"tier":"arterial"},"geometry":{"type":"LineString","coordinates":[[138.69544,-34.832995],[138.695719,-34.832977],[138.696475,-34.832933],[138.697283,-34.832878],[138.697561,-34.832859],[138.697814,-34.832842],[138.697979,-34.832832],[138.699727,-34.832732]]}},{"type":"Feature","properties":{"tier":"arterial"},"geometry":{"type":"LineString","coordinates":[[138.707401,-34.837083],[138.707406,-34.837149],[138.707479,-34.837989],[138.707487,-34.83808],[138.707574,-34.838944],[138.707693,-34.840071]]}},{"type":"Feature","properties":{"tier":"arterial"},"geometry":{"type":"LineString","coordinates":[[138.707394,-34.837],[138.707401,-34.837083]]}},{"type":"Feature","properties":{"tier":"high"},"geometry":{"type":"LineString","coordinates":[[138.689755,-34.830375],[138.690047,-34.829993],[138.690099,-34.829925],[138.690269,-34.829718],[138.69043,-34.829545],[138.690751,-34.82925],[138.690788,-34.829218],[138.690977,-34.829066],[138.691143,-34.828942],[138.691333,-34.828813],[138.691464,-34.828734],[138.691487,-34.828721],[138.691546,-34.82869]]}},{"type":"Feature","properties":{"tier":"high"},"geometry":{"type":"LineString","coordinates":[[138.689755,-34.830375],[138.689891,-34.830416]]}},{"type":"Feature","properties":{"tier":"high"},"geometry":{"type":"LineString","coordinates":[[138.689891,-34.830416],[138.689845,-34.830477]]}},{"type":"Feature","properties":{"tier":"high"},"geometry":{"type":"LineString","coordinates":[[138.689845,-34.830477],[138.689818,-34.830511],[138.689758,-34.830584]]}},{"type":"Feature","properties":{"tier":"high"},"geometry":{"type":"LineString","coordinates":[[138.689758,-34.830584],[138.689724,-34.830625],[138.689664,-34.830699],[138.689509,-34.830869],[138.689379,-34.830982],[138.689285,-34.83106],[138.68917,-34.831129],[138.689028,-34.831209],[138.688923,-34.831258],[138.688847,-34.831292],[138.6888,-34.831313],[138.68868,-34.831359],[138.688568,-34.831398],[138.688441,-34.831433],[138.688348,-34.831454],[138.688292,-34.831467]]}},{"type":"Feature","properties":{"tier":"high"},"geometry":{"type":"LineString","coordinates":[[138.69006,-34.830207],[138.689924,-34.830376],[138.689891,-34.830416]]}},{"type":"Feature","properties":{"tier":"arterial"},"geometry":{"type":"LineString","coordinates":[[138.68748,-34.833441],[138.687485,-34.833441]]}},{"type":"Feature","properties":{"tier":"arterial"},"geometry":{"type":"LineString","coordinates":[[138.730177,-34.821372],[138.730297,-34.821407],[138.730393,-34.821436],[138.730475,-34.82146],[138.7312,-34.821675],[138.731239,-34.821686]]}},{"type":"Feature","properties":{"tier":"arterial"},"geometry":{"type":"LineString","coordinates":[[138.715028,-34.849542],[138.71518,-34.849418],[138.715464,-34.849186]]}},{"type":"Feature","properties":{"tier":"arterial"},"geometry":{"type":"LineString","coordinates":[[138.707972,-34.841514],[138.707719,-34.841683],[138.707634,-34.84174],[138.706923,-34.842214]]}},{"type":"Feature","properties":{"tier":"arterial"},"geometry":{"type":"LineString","coordinates":[[138.706049,-34.842649],[138.706226,-34.842558],[138.706477,-34.842396],[138.706849,-34.842148]]}},{"type":"Feature","properties":{"tier":"high"},"geometry":{"type":"LineString","coordinates":[[138.691672,-34.828777],[138.691599,-34.828822]]}},{"type":"Feature","properties":{"tier":"high"},"geometry":{"type":"LineString","coordinates":[[138.693146,-34.828096],[138.692922,-34.82818],[138.692743,-34.828248],[138.692699,-34.828267],[138.692412,-34.828394],[138.692116,-34.828538],[138.691852,-34.828677],[138.691709,-34.828753],[138.691672,-34.828777]]}},{"type":"Feature","properties":{"tier":"high"},"geometry":{"type":"LineString","coordinates":[[138.691546,-34.82869],[138.691672,-34.828777]]}},{"type":"Feature","properties":{"tier":"arterial"},"geometry":{"type":"LineString","coordinates":[[138.700098,-34.815909],[138.700359,-34.815872],[138.700717,-34.815863],[138.701066,-34.815886],[138.701264,-34.815917],[138.701438,-34.815953],[138.701822,-34.816046],[138.701966,-34.816079],[138.70254,-34.816236],[138.703249,-34.816413],[138.703456,-34.816466],[138.703645,-34.816504],[138.703815,-34.816533],[138.70416,-34.816564],[138.704236,-34.816569],[138.704649,-34.816592],[138.705246,-34.816624],[138.70528,-34.816624]]}},{"type":"Feature","properties":{"tier":"arterial"},"geometry":{"type":"LineString","coordinates":[[138.70528,-34.816624],[138.705649,-34.81662],[138.705934,-34.816609]]}},{"type":"Feature","properties":{"tier":"regional"},"geometry":{"type":"LineString","coordinates":[[138.690611,-34.857602],[138.690528,-34.857528]]}},{"type":"Feature","properties":{"tier":"arterial"},"geometry":{"type":"LineString","coordinates":[[138.720313,-34.839552],[138.72033,-34.839563],[138.720345,-34.839575],[138.72036,-34.839593],[138.720369,-34.839613],[138.720373,-34.839634],[138.720372,-34.839655],[138.720366,-34.839675],[138.720358,-34.839689],[138.72034,-34.83971],[138.720315,-34.839726],[138.720285,-34.839737],[138.720254,-34.839742],[138.720222,-34.839739],[138.720192,-34.83973],[138.720166,-34.839715],[138.720145,-34.839695],[138.720132,-34.839671],[138.720126,-34.839646],[138.720128,-34.83962],[138.720138,-34.839595],[138.720154,-34.839575],[138.720175,-34.839559],[138.7202,-34.839547],[138.720228,-34.83954],[138.720257,-34.839538],[138.720286,-34.839543],[138.720313,-34.839552]]}},{"type":"Feature","properties":{"tier":"regional"},"geometry":{"type":"LineString","coordinates":[[138.730275,-34.822169],[138.730151,-34.821455],[138.730159,-34.821429],[138.730177,-34.821372]]}},{"type":"Feature","properties":{"tier":"regional"},"geometry":{"type":"LineString","coordinates":[[138.730401,-34.82222],[138.730142,-34.822386]]}},{"type":"Feature","properties":{"tier":"regional"},"geometry":{"type":"LineString","coordinates":[[138.730493,-34.822162],[138.730401,-34.82222]]}},{"type":"Feature","properties":{"tier":"arterial"},"geometry":{"type":"LineString","coordinates":[[138.695259,-34.820276],[138.695258,-34.820201],[138.695251,-34.820055]]}},{"type":"Feature","properties":{"tier":"arterial"},"geometry":{"type":"LineString","coordinates":[[138.695329,-34.820052],[138.695342,-34.820292]]}},{"type":"Feature","properties":{"tier":"arterial"},"geometry":{"type":"LineString","coordinates":[[138.695197,-34.819029],[138.69521,-34.819234],[138.695233,-34.819407],[138.695259,-34.819602],[138.695329,-34.820052]]}},{"type":"Feature","properties":{"tier":"arterial"},"geometry":{"type":"LineString","coordinates":[[138.69516,-34.818439],[138.695171,-34.818621],[138.695175,-34.818686],[138.695197,-34.819029]]}},{"type":"Feature","properties":{"tier":"arterial"},"geometry":{"type":"LineString","coordinates":[[138.695041,-34.818439],[138.695027,-34.818282],[138.694979,-34.817869],[138.69489,-34.817617],[138.694882,-34.817601],[138.694817,-34.817476]]}},{"type":"Feature","properties":{"tier":"arterial"},"geometry":{"type":"LineString","coordinates":[[138.695094,-34.819027],[138.695087,-34.81895],[138.695041,-34.818439]]}},{"type":"Feature","properties":{"tier":"arterial"},"geometry":{"type":"LineString","coordinates":[[138.68748,-34.843972],[138.687883,-34.843953],[138.688311,-34.843934]]}},{"type":"Feature","properties":{"tier":"arterial"},"geometry":{"type":"LineString","coordinates":[[138.688936,-34.843902],[138.689011,-34.843898],[138.689177,-34.84389]]}},{"type":"Feature","properties":{"tier":"arterial"},"geometry":{"type":"LineString","coordinates":[[138.689177,-34.84389],[138.690504,-34.843823]]}},{"type":"Feature","properties":{"tier":"arterial"},"geometry":{"type":"LineString","coordinates":[[138.688909,-34.844003],[138.68748,-34.844079]]}},{"type":"Feature","properties":{"tier":"arterial"},"geometry":{"type":"LineString","coordinates":[[138.695989,-34.843466],[138.696001,-34.843559]]}},{"type":"Feature","properties":{"tier":"arterial"},"geometry":{"type":"LineString","coordinates":[[138.695989,-34.843466],[138.69645,-34.84344],[138.697117,-34.843402]]}},{"type":"Feature","properties":{"tier":"arterial"},"geometry":{"type":"LineString","coordinates":[[138.6993,-34.843272],[138.699488,-34.843357]]}},{"type":"Feature","properties":{"tier":"arterial"},"geometry":{"type":"LineString","coordinates":[[138.699707,-34.843344],[138.699787,-34.843244]]}},{"type":"Feature","properties":{"tier":"arterial"},"geometry":{"type":"LineString","coordinates":[[138.703506,-34.843117],[138.702014,-34.843214],[138.701859,-34.843224]]}},{"type":"Feature","properties":{"tier":"arterial"},"geometry":{"type":"LineString","coordinates":[[138.703506,-34.843117],[138.703497,-34.843028]]}},{"type":"Feature","properties":{"tier":"arterial"},"geometry":{"type":"LineString","coordinates":[[138.703497,-34.843028],[138.704023,-34.842995]]}},{"type":"Feature","properties":{"tier":"arterial"},"geometry":{"type":"LineString","coordinates":[[138.704023,-34.842995],[138.70403,-34.843091]]}},{"type":"Feature","properties":{"tier":"arterial"},"geometry":{"type":"LineString","coordinates":[[138.704023,-34.842995],[138.7045,-34.842969],[138.704862,-34.842942],[138.705091,-34.842919],[138.705202,-34.842908],[138.705366,-34.842876],[138.705586,-34.842816],[138.705609,-34.842809],[138.705652,-34.842797],[138.705673,-34.842791],[138.705693,-34.842784],[138.705866,-34.842717],[138.706049,-34.842649]]}},{"type":"Feature","properties":{"tier":"arterial"},"geometry":{"type":"LineString","coordinates":[[138.70403,-34.843091],[138.703506,-34.843117]]}},{"type":"Feature","properties":{"tier":"arterial"},"geometry":{"type":"LineString","coordinates":[[138.70611,-34.842733],[138.705951,-34.842791]]}},{"type":"Feature","properties":{"tier":"arterial"},"geometry":{"type":"LineString","coordinates":[[138.70611,-34.842733],[138.706049,-34.842649]]}},{"type":"Feature","properties":{"tier":"arterial"},"geometry":{"type":"LineString","coordinates":[[138.706849,-34.842148],[138.706923,-34.842214]]}},{"type":"Feature","properties":{"tier":"arterial"},"geometry":{"type":"LineString","coordinates":[[138.706923,-34.842214],[138.706582,-34.842448],[138.706362,-34.84259],[138.70611,-34.842733]]}},{"type":"Feature","properties":{"tier":"arterial"},"geometry":{"type":"LineString","coordinates":[[138.707919,-34.841446],[138.708097,-34.84133]]}},{"type":"Feature","properties":{"tier":"arterial"},"geometry":{"type":"LineString","coordinates":[[138.707894,-34.841305],[138.707904,-34.841332],[138.707924,-34.841383],[138.707922,-34.841406],[138.707919,-34.841446]]}},{"type":"Feature","properties":{"tier":"arterial"},"geometry":{"type":"LineString","coordinates":[[138.707834,-34.841352],[138.707819,-34.841264],[138.707844,-34.841186]]}},{"type":"Feature","properties":{"tier":"high"},"geometry":{"type":"LineString","coordinates":[[138.691546,-34.82869],[138.691654,-34.828631]]}},{"type":"Feature","properties":{"tier":"high"},"geometry":{"type":"LineString","coordinates":[[138.691654,-34.828631],[138.691777,-34.828566],[138.691898,-34.828501],[138.692023,-34.828434],[138.692121,-34.828382],[138.692221,-34.828332],[138.692407,-34.82824],[138.692558,-34.828175]]}},{"type":"Feature","properties":{"tier":"high"},"geometry":{"type":"LineString","coordinates":[[138.69063,-34.829553],[138.690506,-34.829678],[138.690331,-34.82987],[138.69006,-34.830207]]}},{"type":"Feature","properties":{"tier":"arterial"},"geometry":{"type":"LineString","coordinates":[[138.699727,-34.832732],[138.700088,-34.83272]]}},{"type":"Feature","properties":{"tier":"arterial"},"geometry":{"type":"LineString","coordinates":[[138.699727,-34.832797],[138.699698,-34.832798],[138.699096,-34.832825],[138.697983,-34.832895],[138.697807,-34.832906],[138.696473,-34.833011],[138.696141,-34.833031],[138.695719,-34.833057],[138.695019,-34.8331]]}},{"type":"Feature","properties":{"tier":"arterial"},"geometry":{"type":"LineString","coordinates":[[138.694886,-34.833034],[138.694955,-34.833029],[138.69544,-34.832995]]}},{"type":"Feature","properties":{"tier":"arterial"},"geometry":{"type":"LineString","coordinates":[[138.706466,-34.82693],[138.706487,-34.826869],[138.706519,-34.826817],[138.70659,-34.826718]]}},{"type":"Feature","properties":{"tier":"arterial"},"geometry":{"type":"LineString","coordinates":[[138.706466,-34.82693],[138.70653,-34.826969],[138.706577,-34.827067]]}},{"type":"Feature","properties":{"tier":"arterial"},"geometry":{"type":"LineString","coordinates":[[138.730526,-34.81248],[138.730541,-34.812644],[138.730589,-34.813178],[138.730621,-34.813533],[138.730742,-34.814977],[138.73077,-34.815312],[138.730804,-34.81566],[138.730811,-34.815737],[138.730858,-34.816214],[138.73089,-34.816447]]}},{"type":"Feature","properties":{"tier":"arterial"},"geometry":{"type":"LineString","coordinates":[[138.730849,-34.8166],[138.730877,-34.816588],[138.730907,-34.816585],[138.730935,-34.816589],[138.73096,-34.8166]]}},{"type":"Feature","properties":{"tier":"arterial"},"geometry":{"type":"LineString","coordinates":[[138.730849,-34.8166],[138.73089,-34.816447]]}},{"type":"Feature","properties":{"tier":"arterial"},"geometry":{"type":"LineString","coordinates":[[138.730824,-34.816692],[138.730725,-34.816657],[138.730458,-34.816561]]}},{"type":"Feature","properties":{"tier":"arterial"},"geometry":{"type":"LineString","coordinates":[[138.730953,-34.81672],[138.730949,-34.816948]]}},{"type":"Feature","properties":{"tier":"arterial"},"geometry":{"type":"LineString","coordinates":[[138.73089,-34.816447],[138.73096,-34.8166]]}},{"type":"Feature","properties":{"tier":"arterial"},"geometry":{"type":"LineString","coordinates":[[138.730953,-34.81672],[138.730928,-34.816729],[138.7309,-34.816732],[138.73087,-34.816726],[138.730843,-34.816713],[138.730824,-34.816692],[138.730815,-34.816668],[138.730816,-34.816643],[138.730828,-34.816619]]}},{"type":"Feature","properties":{"tier":"arterial"},"geometry":{"type":"LineString","coordinates":[[138.730828,-34.816619],[138.730849,-34.8166]]}},{"type":"Feature","properties":{"tier":"arterial"},"geometry":{"type":"LineString","coordinates":[[138.73096,-34.8166],[138.730979,-34.816617],[138.73099,-34.816639],[138.730994,-34.816662],[138.730988,-34.816684],[138.730974,-34.816704],[138.730953,-34.81672]]}},{"type":"Feature","properties":{"tier":"arterial"},"geometry":{"type":"LineString","coordinates":[[138.730949,-34.816948],[138.731015,-34.817546],[138.731029,-34.817722],[138.731031,-34.81776],[138.73105,-34.818205],[138.731098,-34.818839],[138.731113,-34.819041],[138.73113,-34.819267],[138.73117,-34.819731],[138.731222,-34.820332],[138.731227,-34.820391],[138.731242,-34.820557],[138.731287,-34.820968],[138.731297,-34.821167],[138.731302,-34.821266],[138.731302,-34.821387],[138.731276,-34.821529],[138.731239,-34.821686]]}},{"type":"Feature","properties":{"tier":"arterial"},"geometry":{"type":"LineString","coordinates":[[138.730458,-34.816561],[138.730738,-34.816605],[138.730828,-34.816619]]}},{"type":"Feature","properties":{"tier":"arterial"},"geometry":{"type":"LineString","coordinates":[[138.7187,-34.82094],[138.718708,-34.821036]]}},{"type":"Feature","properties":{"tier":"arterial"},"geometry":{"type":"LineString","coordinates":[[138.718708,-34.821036],[138.718712,-34.821093],[138.718714,-34.821122],[138.71873,-34.821332]]}},{"type":"Feature","properties":{"tier":"arterial"},"geometry":{"type":"LineString","coordinates":[[138.718431,-34.821053],[138.717967,-34.821097],[138.717734,-34.821113],[138.717535,-34.821124],[138.717491,-34.821127],[138.716862,-34.821162],[138.716164,-34.8212],[138.715966,-34.821208]]}},{"type":"Feature","properties":{"tier":"arterial"},"geometry":{"type":"LineString","coordinates":[[138.7182,-34.820972],[138.718568,-34.820949],[138.7186,-34.820947],[138.7187,-34.82094]]}},{"type":"Feature","properties":{"tier":"arterial"},"geometry":{"type":"LineString","coordinates":[[138.702384,-34.85255],[138.702413,-34.852547],[138.702476,-34.852544],[138.702652,-34.852537]]}},{"type":"Feature","properties":{"tier":"arterial"},"geometry":{"type":"LineString","coordinates":[[138.699398,-34.872221],[138.699307,-34.872299],[138.698716,-34.872803],[138.698477,-34.873006],[138.697977,-34.873424],[138.697765,-34.873601],[138.697644,-34.873703]]}},{"type":"Feature","properties":{"tier":"arterial"},"geometry":{"type":"LineString","coordinates":[[138.699586,-34.871976],[138.699937,-34.871673],[138.700281,-34.871381]]}},{"type":"Feature","properties":{"tier":"arterial"},"geometry":{"type":"LineString","coordinates":[[138.699802,-34.872169],[138.699631,-34.872018]]}},{"type":"Feature","properties":{"tier":"arterial"},"geometry":{"type":"LineString","coordinates":[[138.700281,-34.871381],[138.700803,-34.870926],[138.700956,-34.870798],[138.701019,-34.870755],[138.701162,-34.870657],[138.701352,-34.870545],[138.701461,-34.870481],[138.701521,-34.870449],[138.701686,-34.870362],[138.702045,-34.870171],[138.702401,-34.869984],[138.702636,-34.869872],[138.702798,-34.869825]]}},{"type":"Feature","properties":{"tier":"arterial"},"geometry":{"type":"LineString","coordinates":[[138.700336,-34.871412],[138.700066,-34.871647],[138.699872,-34.871812]]}},{"type":"Feature","properties":{"tier":"arterial"},"geometry":{"type":"LineString","coordinates":[[138.690648,-34.82796],[138.690206,-34.827983],[138.689563,-34.828018]]}},{"type":"Feature","properties":{"tier":"arterial"},"geometry":{"type":"LineString","coordinates":[[138.689565,-34.827958],[138.690143,-34.827935],[138.690642,-34.827924],[138.690904,-34.827932]]}},{"type":"Feature","properties":{"tier":"arterial"},"geometry":{"type":"LineString","coordinates":[[138.689563,-34.828018],[138.688509,-34.828079],[138.688198,-34.828103],[138.687769,-34.828132],[138.687746,-34.828134],[138.687559,-34.828152]]}},{"type":"Feature","properties":{"tier":"arterial"},"geometry":{"type":"LineString","coordinates":[[138.695929,-34.87502],[138.696158,-34.874832],[138.696841,-34.874271]]}},{"type":"Feature","properties":{"tier":"arterial"},"geometry":{"type":"LineString","coordinates":[[138.696899,-34.874316],[138.696236,-34.87486],[138.69604,-34.87502]]}},{"type":"Feature","properties":{"tier":"arterial"},"geometry":{"type":"LineString","coordinates":[[138.696841,-34.874271],[138.697455,-34.873782],[138.697526,-34.873722]]}},{"type":"Feature","properties":{"tier":"arterial"},"geometry":{"type":"LineString","coordinates":[[138.716501,-34.821074],[138.716823,-34.821121],[138.716862,-34.821162]]}},{"type":"Feature","properties":{"tier":"arterial"},"geometry":{"type":"LineString","coordinates":[[138.721805,-34.820857],[138.72072,-34.820918],[138.720266,-34.820943]]}},{"type":"Feature","properties":{"tier":"arterial"},"geometry":{"type":"LineString","coordinates":[[138.721798,-34.820785],[138.72193,-34.820778]]}},{"type":"Feature","properties":{"tier":"arterial"},"geometry":{"type":"LineString","coordinates":[[138.72193,-34.820778],[138.722367,-34.820755],[138.722658,-34.820741],[138.723236,-34.820711],[138.724083,-34.820668]]}},{"type":"Feature","properties":{"tier":"arterial"},"geometry":{"type":"LineString","coordinates":[[138.721931,-34.82085],[138.721805,-34.820857]]}},{"type":"Feature","properties":{"tier":"arterial"},"geometry":{"type":"LineString","coordinates":[[138.688808,-34.833484],[138.688454,-34.833526]]}},{"type":"Feature","properties":{"tier":"arterial"},"geometry":{"type":"LineString","coordinates":[[138.699631,-34.872018],[138.699398,-34.872221]]}},{"type":"Feature","properties":{"tier":"arterial"},"geometry":{"type":"LineString","coordinates":[[138.70008,-34.874236],[138.700078,-34.874211],[138.700049,-34.873861],[138.700031,-34.87365],[138.699963,-34.872848],[138.699927,-34.87242],[138.699846,-34.872246],[138.699823,-34.872197],[138.699802,-34.872169]]}},{"type":"Feature","properties":{"tier":"arterial"},"geometry":{"type":"LineString","coordinates":[[138.701795,-34.852864],[138.701775,-34.852781],[138.701755,-34.852696]]}},{"type":"Feature","properties":{"tier":"arterial"},"geometry":{"type":"LineString","coordinates":[[138.699872,-34.871812],[138.699631,-34.872018]]}},{"type":"Feature","properties":{"tier":"regional"},"geometry":{"type":"LineString","coordinates":[[138.693789,-34.867209],[138.693789,-34.867245],[138.69377,-34.867278],[138.693734,-34.8673],[138.69369,-34.867306],[138.693647,-34.867294],[138.693616,-34.867268]]}},{"type":"Feature","properties":{"tier":"arterial"},"geometry":{"type":"LineString","coordinates":[[138.707382,-34.868184],[138.707398,-34.868166],[138.707595,-34.867944],[138.707777,-34.867687]]}},{"type":"Feature","properties":{"tier":"arterial"},"geometry":{"type":"LineString","coordinates":[[138.706513,-34.86861],[138.706661,-34.868563],[138.706873,-34.868483],[138.707017,-34.86842]]}},{"type":"Feature","properties":{"tier":"regional"},"geometry":{"type":"LineString","coordinates":[[138.70087,-34.865158],[138.700872,-34.86517],[138.700871,-34.865182],[138.700861,-34.865203],[138.70084,-34.865222],[138.700816,-34.865232],[138.700778,-34.865233],[138.700752,-34.865225],[138.700732,-34.86521],[138.700721,-34.865194]]}},{"type":"Feature","properties":{"tier":"regional"},"geometry":{"type":"LineString","coordinates":[[138.703096,-34.864471],[138.7031,-34.864495],[138.703094,-34.864519],[138.703078,-34.86454],[138.703041,-34.864559],[138.703012,-34.864563],[138.702982,-34.864558],[138.702957,-34.864545],[138.702946,-34.864535],[138.702932,-34.864514]]}},{"type":"Feature","properties":{"tier":"regional"},"geometry":{"type":"LineString","coordinates":[[138.707207,-34.863267],[138.707203,-34.863291],[138.707189,-34.863313],[138.707167,-34.863329],[138.707149,-34.863337],[138.707119,-34.86334],[138.70709,-34.863336],[138.707064,-34.863323],[138.707041,-34.863298]]}},{"type":"Feature","properties":{"tier":"arterial"},"geometry":{"type":"LineString","coordinates":[[138.711856,-34.864437],[138.71197,-34.864418],[138.713137,-34.864216],[138.713264,-34.864195],[138.713554,-34.864146],[138.714234,-34.864027],[138.714618,-34.863966],[138.714747,-34.86394],[138.715003,-34.863922],[138.715221,-34.863894],[138.715644,-34.863839],[138.715756,-34.863822]]}},{"type":"Feature","properties":{"tier":"arterial"},"geometry":{"type":"LineString","coordinates":[[138.700147,-34.87502],[138.700121,-34.874713],[138.700089,-34.874343]]}},{"type":"Feature","properties":{"tier":"arterial"},"geometry":{"type":"LineString","coordinates":[[138.700089,-34.874343],[138.70008,-34.874236]]}},{"type":"Feature","properties":{"tier":"arterial"},"geometry":{"type":"LineString","coordinates":[[138.700593,-34.871186],[138.700384,-34.871369],[138.700336,-34.871412]]}},{"type":"Feature","properties":{"tier":"arterial"},"geometry":{"type":"LineString","coordinates":[[138.698487,-34.843417],[138.69781,-34.843452]]}},{"type":"Feature","properties":{"tier":"arterial"},"geometry":{"type":"LineString","coordinates":[[138.698415,-34.843324],[138.698483,-34.84332]]}},{"type":"Feature","properties":{"tier":"arterial"},"geometry":{"type":"LineString","coordinates":[[138.718862,-34.823428],[138.718757,-34.821905],[138.718753,-34.821818],[138.71874,-34.821554]]}},{"type":"Feature","properties":{"tier":"arterial"},"geometry":{"type":"LineString","coordinates":[[138.693914,-34.824504],[138.694047,-34.824113],[138.694425,-34.823005],[138.694606,-34.822475]]}},{"type":"Feature","properties":{"tier":"arterial"},"geometry":{"type":"LineString","coordinates":[[138.694715,-34.822476],[138.694251,-34.823921],[138.694176,-34.824137],[138.69407,-34.824444],[138.693975,-34.824716]]}},{"type":"Feature","properties":{"tier":"arterial"},"geometry":{"type":"LineString","coordinates":[[138.719556,-34.831727],[138.719536,-34.83136],[138.719496,-34.830594],[138.719496,-34.830593],[138.719493,-34.830545],[138.719489,-34.830469],[138.719489,-34.830457],[138.719485,-34.83039],[138.719432,-34.829835],[138.719419,-34.82969],[138.719379,-34.829301],[138.719377,-34.829271],[138.719339,-34.828797]]}},{"type":"Feature","properties":{"tier":"arterial"},"geometry":{"type":"LineString","coordinates":[[138.719637,-34.832567],[138.71961,-34.832226],[138.719556,-34.831727]]}},{"type":"Feature","properties":{"tier":"high"},"geometry":{"type":"LineString","coordinates":[[138.693794,-34.828282],[138.693694,-34.828136],[138.693659,-34.8281],[138.693597,-34.828058],[138.693556,-34.828037],[138.693457,-34.828004]]}},{"type":"Feature","properties":{"tier":"arterial"},"geometry":{"type":"LineString","coordinates":[[138.688936,-34.843902],[138.688909,-34.844003]]}},{"type":"Feature","properties":{"tier":"arterial"},"geometry":{"type":"LineString","coordinates":[[138.688871,-34.843905],[138.688936,-34.843902]]}},{"type":"Feature","properties":{"tier":"arterial"},"geometry":{"type":"LineString","coordinates":[[138.688909,-34.844003],[138.688871,-34.843905]]}},{"type":"Feature","properties":{"tier":"high"},"geometry":{"type":"LineString","coordinates":[[138.693002,-34.828001],[138.693181,-34.82794]]}}]}
