{"type":"FeatureCollection","features":[{"type":"Feature","properties":{"tier":"high"},"geometry":{"type":"LineString","coordinates":[[138.590728,-34.966389],[138.590667,-34.966392],[138.590499,-34.966402],[138.590223,-34.966417]]}},{"type":"Feature","properties":{"tier":"high"},"geometry":{"type":"LineString","coordinates":[[138.572756,-34.96395],[138.57287,-34.964395],[138.572897,-34.964624],[138.572942,-34.964948],[138.57299,-34.965759],[138.573013,-34.96604],[138.573074,-34.966889]]}},{"type":"Feature","properties":{"tier":"regional"},"geometry":{"type":"LineString","coordinates":[[138.564778,-34.980077],[138.564778,-34.980044],[138.564791,-34.980014],[138.564816,-34.979989],[138.564869,-34.979968],[138.564909,-34.979968],[138.564946,-34.979979],[138.564977,-34.98],[138.564997,-34.980028],[138.565002,-34.980044]]}},{"type":"Feature","properties":{"tier":"regional"},"geometry":{"type":"LineString","coordinates":[[138.564778,-34.980077],[138.564501,-34.980089],[138.563197,-34.980161],[138.563055,-34.980183],[138.562733,-34.980253],[138.56248,-34.980311]]}},{"type":"Feature","properties":{"tier":"high"},"geometry":{"type":"LineString","coordinates":[[138.624365,-34.939776],[138.624167,-34.938401],[138.624093,-34.93748]]}},{"type":"Feature","properties":{"tier":"high"},"geometry":{"type":"LineString","coordinates":[[138.623577,-34.940179],[138.622669,-34.940223],[138.621954,-34.940259],[138.621686,-34.940272],[138.621463,-34.940283],[138.621412,-34.940286],[138.621125,-34.9403],[138.620721,-34.94032],[138.61978,-34.940366],[138.619738,-34.940368],[138.619186,-34.940396],[138.619043,-34.940403],[138.618774,-34.940416],[138.61849,-34.94043],[138.617658,-34.940471],[138.617265,-34.940491],[138.617022,-34.940503]]}},{"type":"Feature","properties":{"tier":"high"},"geometry":{"type":"LineString","coordinates":[[138.593081,-34.94154],[138.594335,-34.941479],[138.594804,-34.941452]]}},{"type":"Feature","properties":{"tier":"arterial"},"geometry":{"type":"LineString","coordinates":[[138.60692,-34.943309],[138.606982,-34.944095],[138.606994,-34.944292],[138.607016,-34.94459],[138.607087,-34.945521],[138.607103,-34.945746],[138.607135,-34.94617],[138.607155,-34.946433],[138.607182,-34.946784],[138.607198,-34.946999],[138.607199,-34.947011],[138.607203,-34.947068],[138.607206,-34.947102],[138.607206,-34.947114],[138.607208,-34.947135],[138.607237,-34.947521],[138.607256,-34.947773],[138.607295,-34.948288],[138.607303,-34.948388],[138.607331,-34.948769],[138.607345,-34.948954]]}},{"type":"Feature","properties":{"tier":"high"},"geometry":{"type":"LineString","coordinates":[[138.583025,-34.942215],[138.582756,-34.942222]]}},{"type":"Feature","properties":{"tier":"high"},"geometry":{"type":"LineString","coordinates":[[138.582844,-34.942118],[138.583121,-34.942107]]}},{"type":"Feature","properties":{"tier":"regional"},"geometry":{"type":"LineString","coordinates":[[138.562832,-34.948796],[138.562819,-34.948801],[138.562805,-34.948805]]}},{"type":"Feature","properties":{"tier":"arterial"},"geometry":{"type":"LineString","coordinates":[[138.582756,-34.942222],[138.582607,-34.942226]]}},{"type":"Feature","properties":{"tier":"arterial"},"geometry":{"type":"LineString","coordinates":[[138.593291,-34.998837],[138.593275,-34.999001],[138.593223,-34.999227],[138.593135,-34.999426],[138.592942,-34.999687]]}},{"type":"Feature","properties":{"tier":"arterial"},"geometry":{"type":"LineString","coordinates":[[138.577934,-34.941499],[138.577797,-34.940686]]}},{"type":"Feature","properties":{"tier":"high"},"geometry":{"type":"LineString","coordinates":[[138.572642,-34.963606],[138.572622,-34.963347],[138.572605,-34.963108],[138.57258,-34.962765]]}},{"type":"Feature","properties":{"tier":"high"},"geometry":{"type":"LineString","coordinates":[[138.571775,-34.950551],[138.571782,-34.950708],[138.571769,-34.950812]]}},{"type":"Feature","properties":{"tier":"high"},"geometry":{"type":"LineString","coordinates":[[138.57236,-34.958353],[138.572373,-34.958532]]}},{"type":"Feature","properties":{"tier":"high"},"geometry":{"type":"LineString","coordinates":[[138.571492,-34.954539],[138.571404,-34.953902],[138.571367,-34.953738]]}},{"type":"Feature","properties":{"tier":"high"},"geometry":{"type":"LineString","coordinates":[[138.571161,-34.942031],[138.571165,-34.942129]]}},{"type":"Feature","properties":{"tier":"high"},"geometry":{"type":"LineString","coordinates":[[138.571557,-34.94762],[138.571576,-34.947737],[138.571614,-34.948284],[138.571638,-34.948814],[138.571652,-34.949103],[138.57173,-34.949548],[138.57189,-34.950172],[138.571916,-34.950289],[138.571908,-34.950368],[138.571857,-34.950465],[138.571775,-34.950551]]}},{"type":"Feature","properties":{"tier":"high"},"geometry":{"type":"LineString","coordinates":[[138.57103,-34.942141],[138.571019,-34.942042]]}},{"type":"Feature","properties":{"tier":"regional"},"geometry":{"type":"LineString","coordinates":[[138.619585,-34.95414],[138.619296,-34.954156],[138.61846,-34.954202],[138.617461,-34.954257],[138.616703,-34.954299],[138.616603,-34.954304],[138.616509,-34.954309],[138.614706,-34.954406],[138.614679,-34.954407],[138.614567,-34.954413],[138.614497,-34.954417],[138.614453,-34.954419]]}},{"type":"Feature","properties":{"tier":"arterial"},"geometry":{"type":"LineString","coordinates":[[138.583815,-34.94102],[138.584705,-34.940013],[138.584907,-34.939784],[138.585511,-34.939099],[138.585862,-34.938698],[138.586617,-34.937829],[138.586912,-34.93748]]}},{"type":"Feature","properties":{"tier":"arterial"},"geometry":{"type":"LineString","coordinates":[[138.583412,-34.941779],[138.583187,-34.942032],[138.583168,-34.942054]]}},{"type":"Feature","properties":{"tier":"arterial"},"geometry":{"type":"LineString","coordinates":[[138.578737,-34.941659],[138.579269,-34.941638],[138.579333,-34.941635],[138.580391,-34.94158],[138.58043,-34.941578],[138.580703,-34.941574],[138.580962,-34.941567]]}},{"type":"Feature","properties":{"tier":"high"},"geometry":{"type":"LineString","coordinates":[[138.583121,-34.942107],[138.583279,-34.942101]]}},{"type":"Feature","properties":{"tier":"high"},"geometry":{"type":"LineString","coordinates":[[138.58863,-34.941951],[138.588451,-34.94196],[138.587424,-34.94201]]}},{"type":"Feature","properties":{"tier":"arterial"},"geometry":{"type":"LineString","coordinates":[[138.623188,-34.998796],[138.623259,-34.998754],[138.623401,-34.998669],[138.623443,-34.998644]]}},{"type":"Feature","properties":{"tier":"arterial"},"geometry":{"type":"LineString","coordinates":[[138.608724,-34.990072],[138.609019,-34.990034],[138.609419,-34.989972],[138.609812,-34.989923],[138.61003,-34.989904]]}},{"type":"Feature","properties":{"tier":"arterial"},"geometry":{"type":"LineString","coordinates":[[138.608426,-34.990099],[138.608594,-34.990084],[138.608724,-34.990072]]}},{"type":"Feature","properties":{"tier":"arterial"},"geometry":{"type":"LineString","coordinates":[[138.608622,-34.965489],[138.608626,-34.965539],[138.60863,-34.965592],[138.608641,-34.965744]]}},{"type":"Feature","properties":{"tier":"regional"},"geometry":{"type":"LineString","coordinates":[[138.612744,-34.940719],[138.612748,-34.940788],[138.612749,-34.940804],[138.612777,-34.941257]]}},{"type":"Feature","properties":{"tier":"regional"},"geometry":{"type":"LineString","coordinates":[[138.61411,-34.948016],[138.614094,-34.94793],[138.614043,-34.947654],[138.61403,-34.947584],[138.613972,-34.947503]]}},{"type":"Feature","properties":{"tier":"arterial"},"geometry":{"type":"LineString","coordinates":[[138.570361,-34.942169],[138.5698,-34.942178]]}},{"type":"Feature","properties":{"tier":"high"},"geometry":{"type":"LineString","coordinates":[[138.571165,-34.942129],[138.571177,-34.942233],[138.571228,-34.943038],[138.571233,-34.94311]]}},{"type":"Feature","properties":{"tier":"arterial"},"geometry":{"type":"LineString","coordinates":[[138.588131,-34.948631],[138.58801,-34.948638],[138.586959,-34.948692],[138.586847,-34.948698],[138.586766,-34.948702],[138.586719,-34.948704],[138.586392,-34.948721],[138.58586,-34.948748],[138.585715,-34.948756],[138.585631,-34.94876],[138.585578,-34.948763],[138.585557,-34.948764],[138.584994,-34.948793],[138.584443,-34.948821],[138.584431,-34.948822],[138.584377,-34.948825]]}},{"type":"Feature","properties":{"tier":"arterial"},"geometry":{"type":"LineString","coordinates":[[138.588878,-34.941758],[138.588872,-34.941677],[138.588854,-34.941468]]}},{"type":"Feature","properties":{"tier":"arterial"},"geometry":{"type":"LineString","coordinates":[[138.588989,-34.941752],[138.589008,-34.941932]]}},{"type":"Feature","properties":{"tier":"arterial"},"geometry":{"type":"LineString","coordinates":[[138.589008,-34.941932],[138.589016,-34.942009],[138.589033,-34.942165]]}},{"type":"Feature","properties":{"tier":"arterial"},"geometry":{"type":"LineString","coordinates":[[138.589055,-34.943293],[138.589024,-34.943177],[138.588978,-34.943003],[138.588937,-34.942478]]}},{"type":"Feature","properties":{"tier":"arterial"},"geometry":{"type":"LineString","coordinates":[[138.588893,-34.941938],[138.588878,-34.941758]]}},{"type":"Feature","properties":{"tier":"arterial"},"geometry":{"type":"LineString","coordinates":[[138.589055,-34.943293],[138.589084,-34.943739],[138.589156,-34.944846]]}},{"type":"Feature","properties":{"tier":"arterial"},"geometry":{"type":"LineString","coordinates":[[138.589434,-34.948583],[138.589477,-34.948655],[138.589495,-34.948701],[138.58951,-34.948781],[138.589524,-34.948938],[138.589537,-34.94917],[138.589556,-34.949552],[138.589559,-34.949591],[138.589566,-34.949676],[138.589569,-34.949718],[138.589572,-34.949752],[138.589574,-34.949787],[138.589583,-34.949905],[138.589598,-34.950237],[138.589597,-34.950254],[138.589591,-34.950357],[138.58958,-34.950468]]}},{"type":"Feature","properties":{"tier":"arterial"},"geometry":{"type":"LineString","coordinates":[[138.58958,-34.950468],[138.58955,-34.950366],[138.589522,-34.950237],[138.589495,-34.949924]]}},{"type":"Feature","properties":{"tier":"arterial"},"geometry":{"type":"LineString","coordinates":[[138.58958,-34.950468],[138.589583,-34.950498]]}},{"type":"Feature","properties":{"tier":"arterial"},"geometry":{"type":"LineString","coordinates":[[138.589914,-34.954955],[138.589931,-34.955204],[138.589934,-34.955237],[138.589943,-34.955367]]}},{"type":"Feature","properties":{"tier":"arterial"},"geometry":{"type":"LineString","coordinates":[[138.58984,-34.954164],[138.589844,-34.954214],[138.589883,-34.954632],[138.589912,-34.954939],[138.589914,-34.954955]]}},{"type":"Feature","properties":{"tier":"arterial"},"geometry":{"type":"LineString","coordinates":[[138.589973,-34.955767],[138.590019,-34.955847]]}},{"type":"Feature","properties":{"tier":"arterial"},"geometry":{"type":"LineString","coordinates":[[138.590284,-34.960717],[138.590138,-34.959848],[138.590118,-34.95973],[138.5901,-34.959635],[138.59007,-34.959372],[138.589979,-34.958117],[138.58992,-34.957417],[138.58992,-34.957261],[138.58993,-34.957103],[138.589944,-34.956987],[138.589965,-34.95685],[138.589982,-34.956735],[138.589989,-34.956595]]}},{"type":"Feature","properties":{"tier":"arterial"},"geometry":{"type":"LineString","coordinates":[[138.590394,-34.961276],[138.59043,-34.961752],[138.590457,-34.962135],[138.590464,-34.962241],[138.590468,-34.962297],[138.590471,-34.962337],[138.590478,-34.962441],[138.590482,-34.962495],[138.590484,-34.962521],[138.590501,-34.962766],[138.59055,-34.963469],[138.59059,-34.964049],[138.590614,-34.964389],[138.590634,-34.964667],[138.590637,-34.96471],[138.59064,-34.964748],[138.590648,-34.964873],[138.590664,-34.965105],[138.590694,-34.965398],[138.59072,-34.965758]]}},{"type":"Feature","properties":{"tier":"arterial"},"geometry":{"type":"LineString","coordinates":[[138.590808,-34.965992],[138.590831,-34.966203],[138.590831,-34.966204],[138.590835,-34.96624],[138.590842,-34.966298]]}},{"type":"Feature","properties":{"tier":"arterial"},"geometry":{"type":"LineString","coordinates":[[138.590728,-34.966389],[138.590723,-34.966304]]}},{"type":"Feature","properties":{"tier":"arterial"},"geometry":{"type":"LineString","coordinates":[[138.590851,-34.966382],[138.590855,-34.966418],[138.590867,-34.966522]]}},{"type":"Feature","properties":{"tier":"arterial"},"geometry":{"type":"LineString","coordinates":[[138.590856,-34.967505],[138.590796,-34.967394],[138.59077,-34.967104],[138.590759,-34.966878],[138.590742,-34.966684],[138.590738,-34.966644],[138.590736,-34.966591],[138.590732,-34.966491],[138.590732,-34.966488],[138.590729,-34.966427],[138.590728,-34.966389]]}},{"type":"Feature","properties":{"tier":"arterial"},"geometry":{"type":"LineString","coordinates":[[138.590956,-34.968664],[138.590974,-34.968925],[138.591008,-34.969384],[138.591018,-34.969493],[138.591021,-34.969543],[138.591023,-34.969595],[138.591043,-34.969991],[138.591118,-34.970986]]}},{"type":"Feature","properties":{"tier":"arterial"},"geometry":{"type":"LineString","coordinates":[[138.591469,-34.975637],[138.591557,-34.975965],[138.5916,-34.976284]]}},{"type":"Feature","properties":{"tier":"arterial"},"geometry":{"type":"LineString","coordinates":[[138.591905,-34.979984],[138.591964,-34.980745],[138.591969,-34.980798],[138.591987,-34.981041],[138.592023,-34.981505],[138.592059,-34.98196],[138.592079,-34.982226],[138.592136,-34.982956],[138.592141,-34.983023],[138.592187,-34.983652],[138.592249,-34.984461]]}},{"type":"Feature","properties":{"tier":"arterial"},"geometry":{"type":"LineString","coordinates":[[138.592593,-34.991079],[138.592567,-34.99064]]}},{"type":"Feature","properties":{"tier":"arterial"},"geometry":{"type":"LineString","coordinates":[[138.59157,-34.977252],[138.59156,-34.977141],[138.591452,-34.975967]]}},{"type":"Feature","properties":{"tier":"regional"},"geometry":{"type":"LineString","coordinates":[[138.591698,-34.97723],[138.591792,-34.977223],[138.591816,-34.977221],[138.592108,-34.977198],[138.592346,-34.977179],[138.592696,-34.977151]]}},{"type":"Feature","properties":{"tier":"arterial"},"geometry":{"type":"LineString","coordinates":[[138.592346,-34.985826],[138.592234,-34.985935]]}},{"type":"Feature","properties":{"tier":"arterial"},"geometry":{"type":"LineString","coordinates":[[138.592234,-34.985935],[138.592362,-34.986027]]}},{"type":"Feature","properties":{"tier":"arterial"},"geometry":{"type":"LineString","coordinates":[[138.592482,-34.987651],[138.592371,-34.98775]]}},{"type":"Feature","properties":{"tier":"arterial"},"geometry":{"type":"LineString","coordinates":[[138.592371,-34.98775],[138.592496,-34.987852]]}},{"type":"Feature","properties":{"tier":"arterial"},"geometry":{"type":"LineString","coordinates":[[138.592575,-34.988928],[138.592461,-34.98902]]}},{"type":"Feature","properties":{"tier":"arterial"},"geometry":{"type":"LineString","coordinates":[[138.592461,-34.98902],[138.592587,-34.989122]]}},{"type":"Feature","properties":{"tier":"arterial"},"geometry":{"type":"LineString","coordinates":[[138.592635,-34.989751],[138.592522,-34.989863]]}},{"type":"Feature","properties":{"tier":"arterial"},"geometry":{"type":"LineString","coordinates":[[138.592522,-34.989863],[138.592651,-34.989975]]}},{"type":"Feature","properties":{"tier":"arterial"},"geometry":{"type":"LineString","coordinates":[[138.592882,-34.995004],[138.592828,-34.994303],[138.592797,-34.993933],[138.592784,-34.993759],[138.592772,-34.993602],[138.592771,-34.993601],[138.592767,-34.993548],[138.592674,-34.992285]]}},{"type":"Feature","properties":{"tier":"high"},"geometry":{"type":"LineString","coordinates":[[138.563176,-34.958456],[138.5633,-34.958374]]}},{"type":"Feature","properties":{"tier":"high"},"geometry":{"type":"LineString","coordinates":[[138.573376,-34.951868],[138.574169,-34.951363],[138.574522,-34.951138],[138.575131,-34.950745],[138.575577,-34.950457]]}},{"type":"Feature","properties":{"tier":"high"},"geometry":{"type":"LineString","coordinates":[[138.570015,-34.954053],[138.570531,-34.953722],[138.57076,-34.953575]]}},{"type":"Feature","properties":{"tier":"high"},"geometry":{"type":"LineString","coordinates":[[138.563231,-34.958635],[138.56309,-34.958727],[138.56307,-34.95874]]}},{"type":"Feature","properties":{"tier":"regional"},"geometry":{"type":"LineString","coordinates":[[138.58103,-34.948997],[138.581035,-34.949059],[138.581036,-34.949066],[138.581145,-34.950468],[138.581149,-34.950515],[138.58117,-34.950806],[138.581272,-34.952193],[138.581362,-34.953421]]}},{"type":"Feature","properties":{"tier":"regional"},"geometry":{"type":"LineString","coordinates":[[138.58143,-34.95395],[138.581411,-34.953965],[138.581392,-34.953978],[138.581367,-34.953992],[138.58124,-34.954057],[138.580982,-34.954188],[138.580953,-34.954204],[138.580923,-34.954227],[138.580902,-34.954248],[138.580892,-34.95426],[138.580886,-34.954274],[138.580885,-34.954288],[138.580886,-34.95431]]}},{"type":"Feature","properties":{"tier":"arterial"},"geometry":{"type":"LineString","coordinates":[[138.581639,-34.941817],[138.581689,-34.941707]]}},{"type":"Feature","properties":{"tier":"high"},"geometry":{"type":"LineString","coordinates":[[138.592162,-34.941589],[138.592333,-34.94163],[138.592474,-34.941629],[138.592532,-34.941654],[138.59254,-34.941705],[138.592513,-34.941757]]}},{"type":"Feature","properties":{"tier":"arterial"},"geometry":{"type":"LineString","coordinates":[[138.594804,-34.941452],[138.594753,-34.94152],[138.594699,-34.94155],[138.594618,-34.941575],[138.594532,-34.94159],[138.594486,-34.941597],[138.594388,-34.941645]]}},{"type":"Feature","properties":{"tier":"high"},"geometry":{"type":"LineString","coordinates":[[138.599287,-34.941225],[138.599383,-34.941266],[138.599425,-34.941311],[138.599428,-34.941337],[138.599403,-34.941378]]}},{"type":"Feature","properties":{"tier":"high"},"geometry":{"type":"LineString","coordinates":[[138.600474,-34.94133],[138.600381,-34.941334],[138.600316,-34.941337],[138.600272,-34.941339],[138.600229,-34.941341],[138.599403,-34.941378]]}},{"type":"Feature","properties":{"tier":"high"},"geometry":{"type":"LineString","coordinates":[[138.602165,-34.941253],[138.60218,-34.941166],[138.602217,-34.94111],[138.602293,-34.941052]]}},{"type":"Feature","properties":{"tier":"high"},"geometry":{"type":"LineString","coordinates":[[138.605892,-34.941064],[138.6052,-34.941097],[138.603791,-34.941173],[138.60318,-34.941203],[138.602165,-34.941253]]}},{"type":"Feature","properties":{"tier":"regional"},"geometry":{"type":"LineString","coordinates":[[138.614517,-34.953395],[138.614561,-34.954297],[138.614562,-34.954321],[138.614567,-34.954413],[138.614572,-34.954479],[138.614574,-34.954507],[138.614644,-34.955395],[138.614752,-34.956457],[138.614812,-34.957279],[138.614814,-34.957306],[138.614819,-34.957392],[138.614825,-34.957463],[138.614827,-34.95749],[138.6149,-34.95846],[138.614937,-34.958951],[138.614977,-34.959477],[138.615041,-34.960324],[138.615047,-34.960415],[138.615118,-34.961358],[138.615187,-34.962278],[138.61526,-34.963239],[138.61533,-34.96417],[138.615334,-34.964229],[138.615373,-34.964747]]}},{"type":"Feature","properties":{"tier":"regional"},"geometry":{"type":"LineString","coordinates":[[138.61411,-34.948016],[138.614117,-34.948101],[138.614153,-34.948542],[138.614176,-34.948955],[138.614183,-34.949086],[138.614189,-34.949145],[138.614273,-34.950156],[138.614367,-34.951331],[138.614372,-34.951409],[138.61444,-34.95237],[138.614444,-34.952433],[138.614517,-34.953395]]}},{"type":"Feature","properties":{"tier":"high"},"geometry":{"type":"LineString","coordinates":[[138.590851,-34.966382],[138.590728,-34.966389]]}},{"type":"Feature","properties":{"tier":"high"},"geometry":{"type":"LineString","coordinates":[[138.608622,-34.965489],[138.608488,-34.965496],[138.60796,-34.96552]]}},{"type":"Feature","properties":{"tier":"high"},"geometry":{"type":"LineString","coordinates":[[138.595735,-34.966136],[138.594963,-34.966176],[138.594608,-34.966194],[138.593997,-34.966226],[138.593241,-34.966262],[138.593016,-34.966273],[138.592464,-34.966299]]}},{"type":"Feature","properties":{"tier":"high"},"geometry":{"type":"LineString","coordinates":[[138.58642,-34.966528],[138.587083,-34.966498],[138.587802,-34.966461],[138.588369,-34.966431],[138.588724,-34.966413],[138.589232,-34.966386]]}},{"type":"Feature","properties":{"tier":"high"},"geometry":{"type":"LineString","coordinates":[[138.597519,-34.965958],[138.598721,-34.965899],[138.598755,-34.965897],[138.598908,-34.965887]]}},{"type":"Feature","properties":{"tier":"high"},"geometry":{"type":"LineString","coordinates":[[138.608617,-34.965411],[138.608723,-34.965406],[138.608881,-34.965397]]}},{"type":"Feature","properties":{"tier":"arterial"},"geometry":{"type":"LineString","coordinates":[[138.598908,-34.965887],[138.598905,-34.965839],[138.598904,-34.965826],[138.598902,-34.965803],[138.598814,-34.96458]]}},{"type":"Feature","properties":{"tier":"high"},"geometry":{"type":"LineString","coordinates":[[138.593997,-34.966226],[138.593992,-34.966136]]}},{"type":"Feature","properties":{"tier":"high"},"geometry":{"type":"LineString","coordinates":[[138.590842,-34.966298],[138.590912,-34.966294],[138.591046,-34.966286],[138.591329,-34.966271],[138.591636,-34.966254],[138.592189,-34.966223],[138.592458,-34.966208]]}},{"type":"Feature","properties":{"tier":"high"},"geometry":{"type":"LineString","coordinates":[[138.590723,-34.966304],[138.590842,-34.966298]]}},{"type":"Feature","properties":{"tier":"high"},"geometry":{"type":"LineString","coordinates":[[138.583592,-34.966751],[138.583586,-34.966671]]}},{"type":"Feature","properties":{"tier":"high"},"geometry":{"type":"LineString","coordinates":[[138.585075,-34.966599],[138.58508,-34.966685]]}},{"type":"Feature","properties":{"tier":"high"},"geometry":{"type":"LineString","coordinates":[[138.589232,-34.966386],[138.589237,-34.96646]]}},{"type":"Feature","properties":{"tier":"regional"},"geometry":{"type":"LineString","coordinates":[[138.613083,-34.945285],[138.613103,-34.945668],[138.613117,-34.945927],[138.613166,-34.946264],[138.613175,-34.946328],[138.613183,-34.946395],[138.61319,-34.946461],[138.613234,-34.946923]]}},{"type":"Feature","properties":{"tier":"arterial"},"geometry":{"type":"LineString","coordinates":[[138.575757,-34.941863],[138.574617,-34.941924],[138.573892,-34.941958]]}},{"type":"Feature","properties":{"tier":"arterial"},"geometry":{"type":"LineString","coordinates":[[138.577166,-34.941736],[138.577725,-34.941703]]}},{"type":"Feature","properties":{"tier":"arterial"},"geometry":{"type":"LineString","coordinates":[[138.577966,-34.941688],[138.578151,-34.941682]]}},{"type":"Feature","properties":{"tier":"arterial"},"geometry":{"type":"LineString","coordinates":[[138.571161,-34.942031],[138.571256,-34.94203],[138.57137,-34.942027]]}},{"type":"Feature","properties":{"tier":"arterial"},"geometry":{"type":"LineString","coordinates":[[138.57229,-34.942043],[138.57206,-34.942087],[138.571309,-34.942118],[138.571275,-34.942119],[138.571165,-34.942129]]}},{"type":"Feature","properties":{"tier":"arterial"},"geometry":{"type":"LineString","coordinates":[[138.624977,-34.945936],[138.624942,-34.945552],[138.624913,-34.945041],[138.624903,-34.94486],[138.624817,-34.944027],[138.624811,-34.943931],[138.624799,-34.943757],[138.624771,-34.943358],[138.624769,-34.943323],[138.624763,-34.943247],[138.624722,-34.942746],[138.624702,-34.942463],[138.624681,-34.942159],[138.624624,-34.94158],[138.624583,-34.941059]]}},{"type":"Feature","properties":{"tier":"arterial"},"geometry":{"type":"LineString","coordinates":[[138.624621,-34.940416],[138.624697,-34.940929],[138.624749,-34.941575],[138.624802,-34.942254],[138.624838,-34.942736],[138.624861,-34.943042],[138.624869,-34.943144],[138.624877,-34.943246]]}},{"type":"Feature","properties":{"tier":"high"},"geometry":{"type":"LineString","coordinates":[[138.624492,-34.940511],[138.624408,-34.940405],[138.624317,-34.94031],[138.624258,-34.940259],[138.624132,-34.940203]]}},{"type":"Feature","properties":{"tier":"arterial"},"geometry":{"type":"LineString","coordinates":[[138.624708,-34.940089],[138.624952,-34.940091],[138.62502,-34.940088]]}},{"type":"Feature","properties":{"tier":"high"},"geometry":{"type":"LineString","coordinates":[[138.624562,-34.940083],[138.624586,-34.940218]]}},{"type":"Feature","properties":{"tier":"high"},"geometry":{"type":"LineString","coordinates":[[138.623807,-34.940038],[138.624206,-34.939964],[138.624258,-34.939936],[138.624332,-34.939877],[138.624365,-34.939776]]}},{"type":"Feature","properties":{"tier":"arterial"},"geometry":{"type":"LineString","coordinates":[[138.624924,-34.940228],[138.624813,-34.940264],[138.624728,-34.940303],[138.62467,-34.940357],[138.624621,-34.940416]]}},{"type":"Feature","properties":{"tier":"arterial"},"geometry":{"type":"LineString","coordinates":[[138.600474,-34.94133],[138.600535,-34.941151]]}},{"type":"Feature","properties":{"tier":"arterial"},"geometry":{"type":"LineString","coordinates":[[138.588948,-34.941371],[138.589031,-34.941539],[138.589094,-34.941622],[138.589107,-34.94163],[138.589169,-34.941669],[138.58938,-34.941728]]}},{"type":"Feature","properties":{"tier":"arterial"},"geometry":{"type":"LineString","coordinates":[[138.588927,-34.942353],[138.588841,-34.942255],[138.588817,-34.942156],[138.588772,-34.942081],[138.588744,-34.942056],[138.58871,-34.942022],[138.58863,-34.941951]]}},{"type":"Feature","properties":{"tier":"arterial"},"geometry":{"type":"LineString","coordinates":[[138.56561,-34.99323],[138.566543,-34.993176]]}},{"type":"Feature","properties":{"tier":"arterial"},"geometry":{"type":"LineString","coordinates":[[138.585763,-34.992246],[138.586713,-34.992197],[138.586894,-34.992188],[138.587222,-34.992172],[138.587332,-34.992166]]}},{"type":"Feature","properties":{"tier":"arterial"},"geometry":{"type":"LineString","coordinates":[[138.587591,-34.992283],[138.586906,-34.992317],[138.58657,-34.992334],[138.58577,-34.992375]]}},{"type":"Feature","properties":{"tier":"arterial"},"geometry":{"type":"LineString","coordinates":[[138.589676,-34.99205],[138.589554,-34.992173]]}},{"type":"Feature","properties":{"tier":"arterial"},"geometry":{"type":"LineString","coordinates":[[138.589004,-34.992204],[138.588909,-34.992088]]}},{"type":"Feature","properties":{"tier":"arterial"},"geometry":{"type":"LineString","coordinates":[[138.583693,-34.992479],[138.583582,-34.992484],[138.582929,-34.992516],[138.582063,-34.992556]]}},{"type":"Feature","properties":{"tier":"arterial"},"geometry":{"type":"LineString","coordinates":[[138.577632,-34.992741],[138.576884,-34.992773],[138.576342,-34.992795],[138.575916,-34.992813]]}},{"type":"Feature","properties":{"tier":"regional"},"geometry":{"type":"LineString","coordinates":[[138.582063,-34.992556],[138.582054,-34.992441]]}},{"type":"Feature","properties":{"tier":"arterial"},"geometry":{"type":"LineString","coordinates":[[138.57482,-34.99286],[138.574745,-34.992864],[138.574484,-34.992878]]}},{"type":"Feature","properties":{"tier":"arterial"},"geometry":{"type":"LineString","coordinates":[[138.56389,-34.993423],[138.563628,-34.993436],[138.562948,-34.993469],[138.562883,-34.993473],[138.562654,-34.993484],[138.56248,-34.993493]]}},{"type":"Feature","properties":{"tier":"high"},"geometry":{"type":"LineString","coordinates":[[138.570319,-34.954064],[138.569973,-34.954284],[138.569823,-34.95438],[138.569302,-34.954716],[138.569135,-34.954823],[138.568803,-34.955036],[138.568679,-34.955108],[138.568601,-34.955159],[138.568544,-34.955197],[138.568122,-34.955474],[138.567864,-34.955639],[138.567577,-34.955823],[138.567043,-34.956178],[138.566854,-34.956303],[138.566342,-34.956626],[138.566104,-34.956777],[138.566008,-34.956838],[138.565608,-34.957091]]}},{"type":"Feature","properties":{"tier":"high"},"geometry":{"type":"LineString","coordinates":[[138.588878,-34.941758],[138.588989,-34.941752]]}},{"type":"Feature","properties":{"tier":"high"},"geometry":{"type":"LineString","coordinates":[[138.57481,-34.992747],[138.574806,-34.992686],[138.574799,-34.992606]]}},{"type":"Feature","properties":{"tier":"high"},"geometry":{"type":"LineString","coordinates":[[138.57433,-34.985008],[138.57434,-34.985139],[138.574387,-34.98572],[138.574417,-34.986095],[138.574447,-34.986405]]}},{"type":"Feature","properties":{"tier":"high"},"geometry":{"type":"LineString","coordinates":[[138.573237,-34.970221],[138.573256,-34.970526],[138.573289,-34.971013],[138.573363,-34.9719],[138.573375,-34.972017],[138.573431,-34.972723]]}},{"type":"Feature","properties":{"tier":"high"},"geometry":{"type":"LineString","coordinates":[[138.574108,-34.981915],[138.574174,-34.982754],[138.574192,-34.983045],[138.574194,-34.98308],[138.574203,-34.98317]]}},{"type":"Feature","properties":{"tier":"high"},"geometry":{"type":"LineString","coordinates":[[138.573092,-34.970007],[138.572995,-34.969656],[138.572933,-34.969129],[138.572901,-34.968747],[138.572885,-34.968525],[138.572822,-34.96761]]}},{"type":"Feature","properties":{"tier":"high"},"geometry":{"type":"LineString","coordinates":[[138.572791,-34.967222],[138.57278,-34.967095],[138.572765,-34.966903]]}},{"type":"Feature","properties":{"tier":"high"},"geometry":{"type":"LineString","coordinates":[[138.572506,-34.960334],[138.572518,-34.960474],[138.572546,-34.960823],[138.572546,-34.960824],[138.572553,-34.960911]]}},{"type":"Feature","properties":{"tier":"high"},"geometry":{"type":"LineString","coordinates":[[138.573122,-34.967497],[138.573126,-34.967592],[138.573129,-34.967659],[138.573182,-34.968382],[138.573204,-34.968696],[138.573233,-34.96912],[138.573248,-34.969607],[138.573237,-34.970221]]}},{"type":"Feature","properties":{"tier":"arterial"},"geometry":{"type":"LineString","coordinates":[[138.600005,-34.942669],[138.600413,-34.941493],[138.600441,-34.941413],[138.600474,-34.94133]]}},{"type":"Feature","properties":{"tier":"regional"},"geometry":{"type":"LineString","coordinates":[[138.607811,-34.954862],[138.607707,-34.954868],[138.60768,-34.954869],[138.607322,-34.954886],[138.607179,-34.954893],[138.607051,-34.9549],[138.60675,-34.954914],[138.606622,-34.95492],[138.605762,-34.954962],[138.605461,-34.954977],[138.6046,-34.955019],[138.604515,-34.955023],[138.604347,-34.955031],[138.604321,-34.955033],[138.603498,-34.955073],[138.603288,-34.955083],[138.603056,-34.955094],[138.602865,-34.955103],[138.602384,-34.955127]]}},{"type":"Feature","properties":{"tier":"arterial"},"geometry":{"type":"LineString","coordinates":[[138.608216,-34.960149],[138.608163,-34.960152],[138.607675,-34.960175],[138.607377,-34.960189],[138.606709,-34.960221],[138.605175,-34.960293],[138.603684,-34.960364],[138.603612,-34.960368],[138.603092,-34.960392],[138.602259,-34.960432],[138.602166,-34.960436],[138.601451,-34.96047],[138.601367,-34.960474],[138.601273,-34.960479],[138.600377,-34.960521],[138.600368,-34.960522]]}},{"type":"Feature","properties":{"tier":"regional"},"geometry":{"type":"LineString","coordinates":[[138.609262,-34.974165],[138.609362,-34.974162],[138.609389,-34.97416],[138.609459,-34.974158],[138.609534,-34.974162],[138.60969,-34.974198],[138.609779,-34.974223],[138.609917,-34.974294],[138.609946,-34.974309],[138.610018,-34.97436],[138.610205,-34.9745],[138.610309,-34.974577],[138.61038,-34.974627],[138.610883,-34.974978],[138.611076,-34.975112],[138.611521,-34.975428],[138.611554,-34.975452],[138.61246,-34.976052],[138.61268,-34.976198],[138.612877,-34.976329],[138.613218,-34.976556],[138.613913,-34.977018],[138.613993,-34.977071]]}},{"type":"Feature","properties":{"tier":"arterial"},"geometry":{"type":"LineString","coordinates":[[138.61124,-34.992257],[138.611516,-34.992331],[138.611747,-34.992433],[138.611975,-34.99258],[138.612054,-34.992676],[138.612094,-34.992798],[138.61209,-34.992842],[138.612057,-34.992918],[138.612022,-34.992961],[138.611912,-34.99305],[138.611518,-34.993203],[138.611371,-34.993284],[138.610896,-34.993662],[138.610621,-34.993896],[138.610169,-34.994323],[138.609832,-34.994648],[138.609704,-34.994796],[138.609607,-34.995018],[138.609513,-34.995623],[138.609456,-34.995742],[138.609333,-34.995875],[138.608944,-34.996165],[138.608907,-34.9962],[138.608801,-34.996301],[138.60871,-34.996413],[138.6086,-34.996627],[138.608554,-34.99683],[138.608537,-34.996991],[138.608546,-34.997142],[138.608621,-34.997546],[138.608705,-34.997743],[138.608878,-34.997961],[138.609135,-34.998168],[138.610124,-34.998854],[138.610451,-34.999047],[138.611004,-34.999433],[138.61115,-34.999533],[138.611257,-34.999615],[138.611301,-34.999684],[138.611302,-34.999724]]}},{"type":"Feature","properties":{"tier":"arterial"},"geometry":{"type":"LineString","coordinates":[[138.615534,-35.00002],[138.61558,-34.999958],[138.615823,-34.999526],[138.615926,-34.99941],[138.616024,-34.99934],[138.616084,-34.999317],[138.616318,-34.999288],[138.6165,-34.999316],[138.617056,-34.999483],[138.617317,-34.999492],[138.61751,-34.999462],[138.617762,-34.999398],[138.617963,-34.999329],[138.618094,-34.999236],[138.61815,-34.999147],[138.61827,-34.99875],[138.618312,-34.998687],[138.618402,-34.998611],[138.618537,-34.998554],[138.618732,-34.998534],[138.618983,-34.998555],[138.619466,-34.998639],[138.619672,-34.99866],[138.619824,-34.998649],[138.620045,-34.998597],[138.62095,-34.998324],[138.621431,-34.998071],[138.621565,-34.998014],[138.621753,-34.997969],[138.621947,-34.997966],[138.622124,-34.998005],[138.622273,-34.998064]]}},{"type":"Feature","properties":{"tier":"arterial"},"geometry":{"type":"LineString","coordinates":[[138.622848,-34.998423],[138.622968,-34.998521]]}},{"type":"Feature","properties":{"tier":"regional"},"geometry":{"type":"LineString","coordinates":[[138.622273,-34.998064],[138.622331,-34.998008],[138.62236,-34.99798],[138.622387,-34.997959],[138.62243,-34.997942],[138.62249,-34.997932],[138.622721,-34.997925],[138.622781,-34.997923],[138.623123,-34.997914],[138.623842,-34.997898],[138.623921,-34.997898],[138.624021,-34.9979],[138.624135,-34.997903],[138.624251,-34.997921],[138.624332,-34.997962]]}},{"type":"Feature","properties":{"tier":"high"},"geometry":{"type":"LineString","coordinates":[[138.574943,-34.992978],[138.574961,-34.993264]]}},{"type":"Feature","properties":{"tier":"regional"},"geometry":{"type":"LineString","coordinates":[[138.599718,-34.974078],[138.599712,-34.974107],[138.599694,-34.974132],[138.599668,-34.974149],[138.599637,-34.974158],[138.599603,-34.974158],[138.599571,-34.974148],[138.599547,-34.974131],[138.599531,-34.97411],[138.599524,-34.974087],[138.599526,-34.974064],[138.599537,-34.974039],[138.599558,-34.974019],[138.599588,-34.974005],[138.599605,-34.974001],[138.599614,-34.974001],[138.59963,-34.974],[138.599665,-34.974009],[138.599695,-34.974028],[138.599713,-34.974054],[138.599718,-34.974078]]}},{"type":"Feature","properties":{"tier":"regional"},"geometry":{"type":"LineString","coordinates":[[138.599735,-34.976659],[138.599736,-34.976642],[138.599744,-34.976627],[138.599757,-34.976614],[138.599774,-34.976604],[138.599793,-34.976599],[138.599814,-34.976599]]}},{"type":"Feature","properties":{"tier":"regional"},"geometry":{"type":"LineString","coordinates":[[138.599872,-34.976644],[138.600026,-34.976636],[138.600422,-34.976615],[138.600996,-34.976585],[138.601156,-34.976577],[138.602208,-34.976523],[138.602392,-34.976513],[138.603888,-34.976435],[138.604171,-34.976421],[138.605226,-34.976366],[138.606121,-34.976319],[138.606433,-34.976303],[138.607195,-34.976251],[138.607232,-34.976249],[138.607349,-34.976243],[138.607445,-34.976239],[138.607555,-34.976234],[138.607587,-34.976232],[138.607611,-34.976231]]}},{"type":"Feature","properties":{"tier":"regional"},"geometry":{"type":"LineString","coordinates":[[138.622596,-34.970984],[138.622612,-34.970966],[138.622636,-34.970954],[138.622661,-34.970949],[138.62269,-34.970953],[138.622713,-34.970964],[138.622728,-34.970978],[138.622737,-34.970995],[138.622739,-34.971018],[138.622733,-34.971036],[138.622718,-34.971054],[138.622706,-34.971062],[138.622671,-34.971072],[138.622644,-34.97107],[138.62262,-34.971061],[138.622598,-34.97104],[138.622589,-34.971018],[138.622591,-34.970996],[138.622596,-34.970984]]}},{"type":"Feature","properties":{"tier":"arterial"},"geometry":{"type":"LineString","coordinates":[[138.618888,-34.983266],[138.618938,-34.983257],[138.61897,-34.983259],[138.619004,-34.983268],[138.619042,-34.983289]]}},{"type":"Feature","properties":{"tier":"arterial"},"geometry":{"type":"LineString","coordinates":[[138.575192,-34.992843],[138.5751,-34.992857],[138.575042,-34.992888],[138.574943,-34.992978]]}},{"type":"Feature","properties":{"tier":"arterial"},"geometry":{"type":"LineString","coordinates":[[138.574512,-34.992766],[138.574628,-34.992729],[138.574722,-34.992689],[138.574744,-34.992679],[138.574799,-34.992606]]}},{"type":"Feature","properties":{"tier":"regional"},"geometry":{"type":"LineString","coordinates":[[138.599807,-34.976712],[138.599802,-34.976805],[138.599781,-34.977187],[138.599746,-34.977452],[138.599732,-34.977551],[138.599727,-34.97759],[138.599702,-34.977706],[138.599669,-34.977819],[138.599631,-34.977911],[138.599586,-34.977996],[138.599546,-34.978064],[138.59952,-34.978108],[138.599491,-34.978149],[138.599455,-34.9782],[138.59936,-34.978318],[138.59927,-34.978408],[138.599185,-34.978487],[138.599141,-34.978525],[138.599076,-34.978582],[138.598958,-34.978676],[138.598729,-34.978843],[138.598691,-34.978874],[138.598664,-34.978904],[138.598643,-34.978937],[138.598623,-34.978976],[138.598616,-34.979013],[138.598618,-34.979063]]}},{"type":"Feature","properties":{"tier":"high"},"geometry":{"type":"LineString","coordinates":[[138.577576,-34.948546],[138.577493,-34.94864],[138.577317,-34.948845],[138.577272,-34.948899]]}},{"type":"Feature","properties":{"tier":"regional"},"geometry":{"type":"LineString","coordinates":[[138.563289,-34.949054],[138.563109,-34.948985],[138.563015,-34.948942]]}},{"type":"Feature","properties":{"tier":"regional"},"geometry":{"type":"LineString","coordinates":[[138.609781,-34.954659],[138.609719,-34.954662],[138.609376,-34.954678],[138.608586,-34.954716]]}},{"type":"Feature","properties":{"tier":"regional"},"geometry":{"type":"LineString","coordinates":[[138.612206,-34.95445],[138.612233,-34.954461],[138.612255,-34.95448],[138.61226,-34.954488]]}},{"type":"Feature","properties":{"tier":"regional"},"geometry":{"type":"LineString","coordinates":[[138.612479,-34.957538],[138.612469,-34.957553],[138.612458,-34.95756]]}},{"type":"Feature","properties":{"tier":"regional"},"geometry":{"type":"LineString","coordinates":[[138.612112,-34.957529],[138.610171,-34.957638],[138.608374,-34.957738],[138.608165,-34.957749],[138.608149,-34.95775],[138.608033,-34.957758]]}},{"type":"Feature","properties":{"tier":"high"},"geometry":{"type":"LineString","coordinates":[[138.578395,-34.967024],[138.578389,-34.966938]]}},{"type":"Feature","properties":{"tier":"regional"},"geometry":{"type":"LineString","coordinates":[[138.563569,-34.963342],[138.563539,-34.963148],[138.563532,-34.963103],[138.563527,-34.963059],[138.563525,-34.96302],[138.563526,-34.962916],[138.563522,-34.962872],[138.563515,-34.962775],[138.563512,-34.962717],[138.563502,-34.962599],[138.563524,-34.962486]]}},{"type":"Feature","properties":{"tier":"regional"},"geometry":{"type":"LineString","coordinates":[[138.563524,-34.962486],[138.563577,-34.962585],[138.56359,-34.962668]]}},{"type":"Feature","properties":{"tier":"arterial"},"geometry":{"type":"LineString","coordinates":[[138.583412,-34.941779],[138.583403,-34.94192],[138.583428,-34.941981],[138.583512,-34.942039],[138.583717,-34.942083]]}},{"type":"Feature","properties":{"tier":"high"},"geometry":{"type":"LineString","coordinates":[[138.563921,-34.967677],[138.564023,-34.967671],[138.564033,-34.96767],[138.564611,-34.967641],[138.565727,-34.967584]]}},{"type":"Feature","properties":{"tier":"high"},"geometry":{"type":"LineString","coordinates":[[138.573099,-34.967206],[138.573258,-34.967198],[138.57328,-34.967197],[138.57414,-34.967152],[138.574903,-34.967112]]}},{"type":"Feature","properties":{"tier":"arterial"},"geometry":{"type":"LineString","coordinates":[[138.574922,-34.992739],[138.57503,-34.992736],[138.575566,-34.992709]]}},{"type":"Feature","properties":{"tier":"arterial"},"geometry":{"type":"LineString","coordinates":[[138.588948,-34.941371],[138.588978,-34.941655],[138.58898,-34.941672],[138.588989,-34.941752]]}},{"type":"Feature","properties":{"tier":"high"},"geometry":{"type":"LineString","coordinates":[[138.571135,-34.941711],[138.571284,-34.94194],[138.57137,-34.942027]]}},{"type":"Feature","properties":{"tier":"high"},"geometry":{"type":"LineString","coordinates":[[138.57149,-34.952394],[138.571479,-34.952224],[138.57147,-34.952045],[138.571458,-34.951804],[138.571456,-34.951579]]}},{"type":"Feature","properties":{"tier":"high"},"geometry":{"type":"LineString","coordinates":[[138.571295,-34.952644],[138.571291,-34.952426],[138.571294,-34.952055],[138.571293,-34.951868],[138.571305,-34.951639],[138.571323,-34.951344],[138.57134,-34.951028]]}},{"type":"Feature","properties":{"tier":"high"},"geometry":{"type":"LineString","coordinates":[[138.571708,-34.953815],[138.571725,-34.954051],[138.571766,-34.954551],[138.571789,-34.954788],[138.57184,-34.955156]]}},{"type":"Feature","properties":{"tier":"regional"},"geometry":{"type":"LineString","coordinates":[[138.620228,-34.977212],[138.620319,-34.977285],[138.620384,-34.977368],[138.620399,-34.977463],[138.620438,-34.977945],[138.620445,-34.978031],[138.620514,-34.979045],[138.620535,-34.97913]]}},{"type":"Feature","properties":{"tier":"regional"},"geometry":{"type":"LineString","coordinates":[[138.620228,-34.977212],[138.620135,-34.977164],[138.620003,-34.977137],[138.619858,-34.977141],[138.619618,-34.977148],[138.618635,-34.977188],[138.618574,-34.977188],[138.618473,-34.977187],[138.61839,-34.977186],[138.618239,-34.977168],[138.618149,-34.977157],[138.617724,-34.97718],[138.616535,-34.977239],[138.616312,-34.97725],[138.61579,-34.977281],[138.615079,-34.977319],[138.614647,-34.977341],[138.614439,-34.977321],[138.614289,-34.977288]]}},{"type":"Feature","properties":{"tier":"arterial"},"geometry":{"type":"LineString","coordinates":[[138.58877,-34.939897],[138.588869,-34.941106]]}},{"type":"Feature","properties":{"tier":"regional"},"geometry":{"type":"LineString","coordinates":[[138.602174,-34.979563],[138.60313,-34.979514],[138.603336,-34.979506],[138.604035,-34.979465],[138.604116,-34.979461],[138.604617,-34.979433],[138.606356,-34.979351],[138.607514,-34.979294],[138.60762,-34.979289],[138.608598,-34.979238],[138.609487,-34.979193],[138.609632,-34.979185]]}},{"type":"Feature","properties":{"tier":"regional"},"geometry":{"type":"LineString","coordinates":[[138.609632,-34.979185],[138.609765,-34.979171],[138.609846,-34.979164]]}},{"type":"Feature","properties":{"tier":"high"},"geometry":{"type":"LineString","coordinates":[[138.62423,-34.93748],[138.624293,-34.938344],[138.624351,-34.938953]]}},{"type":"Feature","properties":{"tier":"high"},"geometry":{"type":"LineString","coordinates":[[138.571457,-34.953116],[138.571721,-34.952942],[138.571772,-34.952908]]}},{"type":"Feature","properties":{"tier":"high"},"geometry":{"type":"LineString","coordinates":[[138.571745,-34.953132],[138.571454,-34.953335]]}},{"type":"Feature","properties":{"tier":"arterial"},"geometry":{"type":"LineString","coordinates":[[138.573892,-34.941958],[138.573443,-34.941984],[138.57292,-34.942007]]}},{"type":"Feature","properties":{"tier":"high"},"geometry":{"type":"LineString","coordinates":[[138.582399,-34.942642],[138.582443,-34.942474],[138.582455,-34.942317],[138.582448,-34.942235],[138.582428,-34.942187]]}},{"type":"Feature","properties":{"tier":"regional"},"geometry":{"type":"LineString","coordinates":[[138.581362,-34.953421],[138.581398,-34.95356]]}},{"type":"Feature","properties":{"tier":"regional"},"geometry":{"type":"LineString","coordinates":[[138.581961,-34.953919],[138.58257,-34.953889],[138.58343,-34.953846],[138.583561,-34.95384],[138.584033,-34.953817],[138.584426,-34.953798],[138.584539,-34.953792],[138.585103,-34.953764],[138.58535,-34.953752]]}},{"type":"Feature","properties":{"tier":"regional"},"geometry":{"type":"LineString","coordinates":[[138.581961,-34.953919],[138.581826,-34.953938],[138.581718,-34.953949],[138.581649,-34.953955],[138.581606,-34.953955],[138.581536,-34.953955],[138.58146,-34.953952],[138.58143,-34.95395]]}},{"type":"Feature","properties":{"tier":"regional"},"geometry":{"type":"LineString","coordinates":[[138.581357,-34.953803],[138.581351,-34.953785],[138.581348,-34.95377],[138.581345,-34.953746],[138.581343,-34.953719],[138.581341,-34.953652]]}},{"type":"Feature","properties":{"tier":"high"},"geometry":{"type":"LineString","coordinates":[[138.573019,-34.969035],[138.572965,-34.968327],[138.572911,-34.96762],[138.572864,-34.966995],[138.572768,-34.965736],[138.572713,-34.965011]]}},{"type":"Feature","properties":{"tier":"high"},"geometry":{"type":"LineString","coordinates":[[138.572831,-34.965003],[138.5729,-34.965729],[138.572991,-34.966989],[138.573036,-34.967617],[138.573086,-34.968323],[138.573137,-34.969028]]}},{"type":"Feature","properties":{"tier":"regional"},"geometry":{"type":"LineString","coordinates":[[138.570189,-34.937992],[138.570304,-34.937769],[138.570484,-34.93748]]}},{"type":"Feature","properties":{"tier":"regional"},"geometry":{"type":"LineString","coordinates":[[138.618658,-34.971095],[138.61866,-34.971058]]}},{"type":"Feature","properties":{"tier":"regional"},"geometry":{"type":"LineString","coordinates":[[138.563289,-34.949054],[138.563338,-34.949077]]}},{"type":"Feature","properties":{"tier":"arterial"},"geometry":{"type":"LineString","coordinates":[[138.621253,-34.982282],[138.621395,-34.982164],[138.621567,-34.981999],[138.621696,-34.981817]]}},{"type":"Feature","properties":{"tier":"arterial"},"geometry":{"type":"LineString","coordinates":[[138.622192,-34.980677],[138.622454,-34.980182],[138.622614,-34.979945]]}},{"type":"Feature","properties":{"tier":"arterial"},"geometry":{"type":"LineString","coordinates":[[138.622276,-34.980702],[138.622112,-34.981079]]}},{"type":"Feature","properties":{"tier":"high"},"geometry":{"type":"LineString","coordinates":[[138.588354,-34.94179],[138.588581,-34.941736],[138.588678,-34.941705],[138.588759,-34.941659],[138.588802,-34.941615],[138.588854,-34.941468]]}},{"type":"Feature","properties":{"tier":"arterial"},"geometry":{"type":"LineString","coordinates":[[138.610407,-34.989939],[138.610295,-34.989962],[138.610124,-34.989975],[138.609855,-34.989996],[138.60972,-34.990014],[138.609452,-34.990048],[138.609045,-34.990105],[138.608921,-34.990125],[138.60871,-34.99015]]}},{"type":"Feature","properties":{"tier":"high"},"geometry":{"type":"LineString","coordinates":[[138.565738,-34.967693],[138.564699,-34.967742],[138.564042,-34.967787],[138.564007,-34.967788],[138.563975,-34.967789],[138.563926,-34.967791]]}},{"type":"Feature","properties":{"tier":"high"},"geometry":{"type":"LineString","coordinates":[[138.571905,-34.952312],[138.571904,-34.952683],[138.571904,-34.952713],[138.571902,-34.952822]]}},{"type":"Feature","properties":{"tier":"high"},"geometry":{"type":"LineString","coordinates":[[138.56248,-34.958912],[138.563003,-34.958573]]}},{"type":"Feature","properties":{"tier":"high"},"geometry":{"type":"LineString","coordinates":[[138.56307,-34.95874],[138.56248,-34.95912]]}},{"type":"Feature","properties":{"tier":"high"},"geometry":{"type":"LineString","coordinates":[[138.586984,-34.941877],[138.588354,-34.94179]]}},{"type":"Feature","properties":{"tier":"high"},"geometry":{"type":"LineString","coordinates":[[138.582666,-34.942328],[138.582756,-34.942222]]}},{"type":"Feature","properties":{"tier":"high"},"geometry":{"type":"LineString","coordinates":[[138.584291,-34.942163],[138.58354,-34.942202]]}},{"type":"Feature","properties":{"tier":"high"},"geometry":{"type":"LineString","coordinates":[[138.563003,-34.958573],[138.563031,-34.958553],[138.563176,-34.958456]]}},{"type":"Feature","properties":{"tier":"high"},"geometry":{"type":"LineString","coordinates":[[138.577081,-34.949106],[138.576988,-34.949216],[138.576772,-34.949472],[138.576671,-34.949592],[138.576615,-34.94966],[138.576419,-34.949895],[138.576259,-34.950087],[138.57598,-34.95035]]}},{"type":"Feature","properties":{"tier":"high"},"geometry":{"type":"LineString","coordinates":[[138.576855,-34.949148],[138.576902,-34.949091],[138.577101,-34.948854]]}},{"type":"Feature","properties":{"tier":"high"},"geometry":{"type":"LineString","coordinates":[[138.563356,-34.958554],[138.563324,-34.958574],[138.563231,-34.958635]]}},{"type":"Feature","properties":{"tier":"high"},"geometry":{"type":"LineString","coordinates":[[138.583025,-34.942215],[138.582894,-34.942363],[138.582685,-34.9426]]}},{"type":"Feature","properties":{"tier":"arterial"},"geometry":{"type":"LineString","coordinates":[[138.60744,-34.9502],[138.607447,-34.95028],[138.607458,-34.950431],[138.607464,-34.9505]]}},{"type":"Feature","properties":{"tier":"arterial"},"geometry":{"type":"LineString","coordinates":[[138.608551,-34.96451],[138.608558,-34.964645],[138.608597,-34.965106],[138.608596,-34.965137]]}},{"type":"Feature","properties":{"tier":"regional"},"geometry":{"type":"LineString","coordinates":[[138.574135,-34.999761],[138.574072,-34.999778],[138.571913,-34.999891]]}},{"type":"Feature","properties":{"tier":"high"},"geometry":{"type":"LineString","coordinates":[[138.575067,-34.994843],[138.5751,-34.995275],[138.575151,-34.99593],[138.575153,-34.995957],[138.575162,-34.996071]]}},{"type":"Feature","properties":{"tier":"regional"},"geometry":{"type":"LineString","coordinates":[[138.581761,-34.966854],[138.581765,-34.966905],[138.581766,-34.966923],[138.581792,-34.967242],[138.581846,-34.967924],[138.581934,-34.969007],[138.582022,-34.970082],[138.582103,-34.971116]]}},{"type":"Feature","properties":{"tier":"regional"},"geometry":{"type":"LineString","coordinates":[[138.58175,-34.966701],[138.581754,-34.96677]]}},{"type":"Feature","properties":{"tier":"regional"},"geometry":{"type":"LineString","coordinates":[[138.562736,-34.948548],[138.562747,-34.948607]]}},{"type":"Feature","properties":{"tier":"regional"},"geometry":{"type":"LineString","coordinates":[[138.56248,-34.945108],[138.562532,-34.945743],[138.562564,-34.946195]]}},{"type":"Feature","properties":{"tier":"regional"},"geometry":{"type":"LineString","coordinates":[[138.568902,-34.979824],[138.568746,-34.979827],[138.56873,-34.979827],[138.568283,-34.979838],[138.568053,-34.979851],[138.566294,-34.979953],[138.565681,-34.979989],[138.565512,-34.979999],[138.56525,-34.980014],[138.565002,-34.980044]]}},{"type":"Feature","properties":{"tier":"regional"},"geometry":{"type":"LineString","coordinates":[[138.574169,-34.978096],[138.574986,-34.978081],[138.576181,-34.978021],[138.577133,-34.977971],[138.577421,-34.977956],[138.57771,-34.977941],[138.577781,-34.977937],[138.578582,-34.977897],[138.579216,-34.977865],[138.580171,-34.977817],[138.580544,-34.977804],[138.580661,-34.9778],[138.582493,-34.977714],[138.582588,-34.97771],[138.582686,-34.977704],[138.583268,-34.977672]]}},{"type":"Feature","properties":{"tier":"regional"},"geometry":{"type":"LineString","coordinates":[[138.563896,-34.967337],[138.563872,-34.967044],[138.563851,-34.96678],[138.563822,-34.966385],[138.563768,-34.965648],[138.563705,-34.964822],[138.563598,-34.963416]]}},{"type":"Feature","properties":{"tier":"regional"},"geometry":{"type":"LineString","coordinates":[[138.567754,-34.941778],[138.567785,-34.941686],[138.567836,-34.941567],[138.567907,-34.941454],[138.568218,-34.940962],[138.568269,-34.94087],[138.569225,-34.939448],[138.569331,-34.939272],[138.569398,-34.939189],[138.570001,-34.938248],[138.570189,-34.937992]]}},{"type":"Feature","properties":{"tier":"arterial"},"geometry":{"type":"LineString","coordinates":[[138.57292,-34.942007],[138.57229,-34.942043]]}},{"type":"Feature","properties":{"tier":"arterial"},"geometry":{"type":"LineString","coordinates":[[138.568526,-34.942174],[138.5697,-34.942113]]}},{"type":"Feature","properties":{"tier":"arterial"},"geometry":{"type":"LineString","coordinates":[[138.567286,-34.942307],[138.566399,-34.94236]]}},{"type":"Feature","properties":{"tier":"arterial"},"geometry":{"type":"LineString","coordinates":[[138.565155,-34.942322],[138.565576,-34.94231],[138.565648,-34.942308]]}},{"type":"Feature","properties":{"tier":"arterial"},"geometry":{"type":"LineString","coordinates":[[138.609043,-34.990224],[138.608996,-34.99017],[138.608921,-34.990125]]}},{"type":"Feature","properties":{"tier":"arterial"},"geometry":{"type":"LineString","coordinates":[[138.60972,-34.990014],[138.60954,-34.990108],[138.609264,-34.990193],[138.609043,-34.990224],[138.608872,-34.990261],[138.608812,-34.990301],[138.608789,-34.990336]]}},{"type":"Feature","properties":{"tier":"arterial"},"geometry":{"type":"LineString","coordinates":[[138.623261,-34.979401],[138.623527,-34.979181]]}},{"type":"Feature","properties":{"tier":"regional"},"geometry":{"type":"LineString","coordinates":[[138.623327,-34.979051],[138.623443,-34.979049],[138.623536,-34.979061],[138.623567,-34.979074],[138.623624,-34.97911]]}},{"type":"Feature","properties":{"tier":"arterial"},"geometry":{"type":"LineString","coordinates":[[138.623597,-34.97924],[138.623527,-34.979181]]}},{"type":"Feature","properties":{"tier":"arterial"},"geometry":{"type":"LineString","coordinates":[[138.610239,-34.979066],[138.610154,-34.978955],[138.610054,-34.978721],[138.609941,-34.978486],[138.609845,-34.978318],[138.609571,-34.977994],[138.609525,-34.977912],[138.609496,-34.977841],[138.609476,-34.977769],[138.609464,-34.977608],[138.609449,-34.977406],[138.609476,-34.976939]]}},{"type":"Feature","properties":{"tier":"arterial"},"geometry":{"type":"LineString","coordinates":[[138.622968,-34.998521],[138.623083,-34.998584],[138.623221,-34.998658],[138.623322,-34.99867],[138.623382,-34.998652],[138.623482,-34.998621]]}},{"type":"Feature","properties":{"tier":"regional"},"geometry":{"type":"LineString","coordinates":[[138.571887,-34.946281],[138.571593,-34.946423],[138.571474,-34.946501]]}},{"type":"Feature","properties":{"tier":"high"},"geometry":{"type":"LineString","coordinates":[[138.571905,-34.952312],[138.57201,-34.952521],[138.572074,-34.952591],[138.572143,-34.95261],[138.572235,-34.952603]]}},{"type":"Feature","properties":{"tier":"high"},"geometry":{"type":"LineString","coordinates":[[138.571331,-34.95342],[138.571304,-34.953216]]}},{"type":"Feature","properties":{"tier":"high"},"geometry":{"type":"LineString","coordinates":[[138.571099,-34.943017],[138.571061,-34.942552],[138.571035,-34.942246],[138.57103,-34.942141]]}},{"type":"Feature","properties":{"tier":"high"},"geometry":{"type":"LineString","coordinates":[[138.571775,-34.950551],[138.571679,-34.950712],[138.571648,-34.950766],[138.571599,-34.950849]]}},{"type":"Feature","properties":{"tier":"high"},"geometry":{"type":"LineString","coordinates":[[138.571478,-34.949322],[138.571487,-34.949164],[138.571491,-34.948777]]}},{"type":"Feature","properties":{"tier":"high"},"geometry":{"type":"LineString","coordinates":[[138.571385,-34.950697],[138.571427,-34.950368],[138.571434,-34.950258]]}},{"type":"Feature","properties":{"tier":"high"},"geometry":{"type":"LineString","coordinates":[[138.572134,-34.956297],[138.572147,-34.956351],[138.572233,-34.956877],[138.57227,-34.957433],[138.57236,-34.958353]]}},{"type":"Feature","properties":{"tier":"high"},"geometry":{"type":"LineString","coordinates":[[138.572301,-34.952746],[138.572012,-34.95308],[138.571963,-34.953191],[138.571946,-34.95336],[138.571931,-34.954001]]}},{"type":"Feature","properties":{"tier":"high"},"geometry":{"type":"LineString","coordinates":[[138.571735,-34.95519],[138.571704,-34.955011],[138.571665,-34.954696],[138.57161,-34.954059],[138.571587,-34.953738],[138.571568,-34.953437],[138.571543,-34.953141]]}},{"type":"Feature","properties":{"tier":"high"},"geometry":{"type":"LineString","coordinates":[[138.571902,-34.952822],[138.571904,-34.953022]]}},{"type":"Feature","properties":{"tier":"high"},"geometry":{"type":"LineString","coordinates":[[138.589315,-34.941917],[138.589211,-34.941996],[138.589129,-34.942042],[138.589075,-34.942081],[138.589033,-34.942165]]}},{"type":"Feature","properties":{"tier":"arterial"},"geometry":{"type":"LineString","coordinates":[[138.608173,-34.965436],[138.60837,-34.965361],[138.608431,-34.965334],[138.608488,-34.965308],[138.608539,-34.965267],[138.608601,-34.965197]]}},{"type":"Feature","properties":{"tier":"high"},"geometry":{"type":"LineString","coordinates":[[138.608596,-34.965137],[138.608718,-34.965265],[138.608775,-34.965326],[138.608811,-34.96536],[138.608881,-34.965397]]}},{"type":"Feature","properties":{"tier":"arterial"},"geometry":{"type":"LineString","coordinates":[[138.609033,-34.965471],[138.608769,-34.965573],[138.608732,-34.965616],[138.608641,-34.965744]]}},{"type":"Feature","properties":{"tier":"high"},"geometry":{"type":"LineString","coordinates":[[138.585856,-34.942086],[138.585711,-34.942035],[138.585506,-34.942044],[138.585452,-34.942028],[138.585445,-34.941974]]}},{"type":"Feature","properties":{"tier":"high"},"geometry":{"type":"LineString","coordinates":[[138.586984,-34.941877],[138.587161,-34.941909],[138.587359,-34.941901],[138.587411,-34.941918],[138.587424,-34.94201]]}},{"type":"Feature","properties":{"tier":"arterial"},"geometry":{"type":"LineString","coordinates":[[138.62502,-34.946468],[138.625017,-34.946436],[138.625002,-34.946264]]}},{"type":"Feature","properties":{"tier":"arterial"},"geometry":{"type":"LineString","coordinates":[[138.625002,-34.946264],[138.624987,-34.946081],[138.624977,-34.945936]]}},{"type":"Feature","properties":{"tier":"high"},"geometry":{"type":"LineString","coordinates":[[138.6246,-34.946023],[138.6248,-34.946032],[138.624882,-34.946022],[138.624909,-34.946013],[138.62494,-34.945992],[138.624977,-34.945936]]}},{"type":"Feature","properties":{"tier":"arterial"},"geometry":{"type":"LineString","coordinates":[[138.614265,-34.93963],[138.615338,-34.940281],[138.615408,-34.940324],[138.615546,-34.940407]]}},{"type":"Feature","properties":{"tier":"high"},"geometry":{"type":"LineString","coordinates":[[138.625002,-34.946264],[138.62502,-34.946274]]}},{"type":"Feature","properties":{"tier":"high"},"geometry":{"type":"LineString","coordinates":[[138.616583,-34.941111],[138.616369,-34.941014],[138.616308,-34.940978],[138.615906,-34.940742],[138.61576,-34.940657],[138.615734,-34.94064],[138.615621,-34.94057]]}},{"type":"Feature","properties":{"tier":"high"},"geometry":{"type":"LineString","coordinates":[[138.616097,-34.940546],[138.616035,-34.940649],[138.616031,-34.940664],[138.616039,-34.940689],[138.616106,-34.940773]]}},{"type":"Feature","properties":{"tier":"high"},"geometry":{"type":"LineString","coordinates":[[138.6246,-34.946023],[138.624845,-34.946173],[138.624882,-34.946197],[138.625002,-34.946264]]}},{"type":"Feature","properties":{"tier":"high"},"geometry":{"type":"LineString","coordinates":[[138.615546,-34.940407],[138.61579,-34.940561]]}},{"type":"Feature","properties":{"tier":"high"},"geometry":{"type":"LineString","coordinates":[[138.613008,-34.965182],[138.613052,-34.965266]]}},{"type":"Feature","properties":{"tier":"high"},"geometry":{"type":"LineString","coordinates":[[138.58642,-34.966528],[138.586423,-34.966609]]}},{"type":"Feature","properties":{"tier":"high"},"geometry":{"type":"LineString","coordinates":[[138.617631,-34.965035],[138.617581,-34.965037],[138.617413,-34.965044],[138.615581,-34.965136],[138.615549,-34.965137],[138.615403,-34.965144]]}},{"type":"Feature","properties":{"tier":"high"},"geometry":{"type":"LineString","coordinates":[[138.590808,-34.965992],[138.590916,-34.966171],[138.590943,-34.966207],[138.590966,-34.966226],[138.59099,-34.966247],[138.591016,-34.966262],[138.591046,-34.966286]]}},{"type":"Feature","properties":{"tier":"high"},"geometry":{"type":"LineString","coordinates":[[138.590736,-34.966591],[138.590692,-34.966522],[138.590676,-34.966501],[138.59066,-34.966487],[138.590638,-34.966472],[138.590616,-34.966459],[138.590589,-34.966442],[138.590563,-34.966427],[138.590499,-34.966402]]}},{"type":"Feature","properties":{"tier":"high"},"geometry":{"type":"LineString","coordinates":[[138.595727,-34.966051],[138.595735,-34.966136]]}},{"type":"Feature","properties":{"tier":"regional"},"geometry":{"type":"LineString","coordinates":[[138.615403,-34.965144],[138.615397,-34.965061]]}},{"type":"Feature","properties":{"tier":"regional"},"geometry":{"type":"LineString","coordinates":[[138.615397,-34.965061],[138.615393,-34.965012],[138.61539,-34.964977],[138.615379,-34.964832],[138.615373,-34.964747]]}},{"type":"Feature","properties":{"tier":"arterial"},"geometry":{"type":"LineString","coordinates":[[138.590357,-34.966324],[138.590566,-34.966265],[138.590607,-34.966247],[138.590636,-34.966233],[138.590645,-34.966228],[138.590668,-34.966218],[138.590691,-34.966199],[138.590717,-34.966176]]}},{"type":"Feature","properties":{"tier":"arterial"},"geometry":{"type":"LineString","coordinates":[[138.591135,-34.966367],[138.591021,-34.966416],[138.590983,-34.966434],[138.590954,-34.966447],[138.590926,-34.966462],[138.590908,-34.966474],[138.590894,-34.966491],[138.590867,-34.966522]]}},{"type":"Feature","properties":{"tier":"high"},"geometry":{"type":"LineString","coordinates":[[138.592458,-34.966208],[138.592464,-34.966299]]}},{"type":"Feature","properties":{"tier":"high"},"geometry":{"type":"LineString","coordinates":[[138.580582,-34.966839],[138.580585,-34.966913]]}},{"type":"Feature","properties":{"tier":"high"},"geometry":{"type":"LineString","coordinates":[[138.57238,-34.967243],[138.572534,-34.967177],[138.572662,-34.967097],[138.572727,-34.967026],[138.572765,-34.966903]]}},{"type":"Feature","properties":{"tier":"high"},"geometry":{"type":"LineString","coordinates":[[138.573548,-34.967266],[138.573357,-34.967325],[138.573305,-34.967344],[138.573268,-34.967362],[138.573235,-34.967383],[138.573197,-34.967413],[138.573171,-34.967438],[138.573151,-34.967462],[138.573122,-34.967497]]}},{"type":"Feature","properties":{"tier":"regional"},"geometry":{"type":"LineString","coordinates":[[138.563921,-34.967677],[138.563915,-34.967585],[138.563913,-34.967556],[138.563896,-34.967337]]}},{"type":"Feature","properties":{"tier":"high"},"geometry":{"type":"LineString","coordinates":[[138.573074,-34.966889],[138.572765,-34.966903]]}},{"type":"Feature","properties":{"tier":"high"},"geometry":{"type":"LineString","coordinates":[[138.579638,-34.966961],[138.579543,-34.966885]]}},{"type":"Feature","properties":{"tier":"high"},"geometry":{"type":"LineString","coordinates":[[138.572822,-34.96761],[138.573126,-34.967592]]}},{"type":"Feature","properties":{"tier":"regional"},"geometry":{"type":"LineString","coordinates":[[138.563231,-34.958635],[138.563241,-34.958697],[138.563247,-34.95873],[138.563269,-34.959019],[138.563269,-34.959035],[138.563274,-34.959201],[138.563309,-34.959676],[138.563324,-34.960067],[138.563353,-34.960422],[138.563407,-34.961129],[138.563524,-34.962486]]}},{"type":"Feature","properties":{"tier":"regional"},"geometry":{"type":"LineString","coordinates":[[138.572594,-34.94625],[138.571887,-34.946281]]}},{"type":"Feature","properties":{"tier":"high"},"geometry":{"type":"LineString","coordinates":[[138.577272,-34.948899],[138.577297,-34.94905],[138.577306,-34.949077],[138.577341,-34.949105],[138.577391,-34.949128],[138.577495,-34.949166]]}},{"type":"Feature","properties":{"tier":"high"},"geometry":{"type":"LineString","coordinates":[[138.578135,-34.947891],[138.5781,-34.947845],[138.578086,-34.947795],[138.578069,-34.947719]]}},{"type":"Feature","properties":{"tier":"high"},"geometry":{"type":"LineString","coordinates":[[138.577081,-34.949106],[138.577054,-34.949058],[138.577052,-34.949021],[138.577055,-34.948981],[138.577086,-34.948923],[138.577146,-34.948814]]}},{"type":"Feature","properties":{"tier":"high"},"geometry":{"type":"LineString","coordinates":[[138.571367,-34.953738],[138.571298,-34.953674],[138.57127,-34.953653],[138.571247,-34.953635],[138.571223,-34.953621],[138.571194,-34.953613],[138.571166,-34.953608],[138.571135,-34.953605],[138.57105,-34.953615]]}},{"type":"Feature","properties":{"tier":"high"},"geometry":{"type":"LineString","coordinates":[[138.576693,-34.949348],[138.576895,-34.949189],[138.576931,-34.949171],[138.576958,-34.949159],[138.577081,-34.949106]]}},{"type":"Feature","properties":{"tier":"high"},"geometry":{"type":"LineString","coordinates":[[138.57788,-34.94794],[138.577965,-34.947896],[138.578022,-34.947882],[138.578057,-34.947877],[138.578135,-34.947891]]}},{"type":"Feature","properties":{"tier":"high"},"geometry":{"type":"LineString","coordinates":[[138.571543,-34.953141],[138.571516,-34.952767],[138.57149,-34.952394]]}},{"type":"Feature","properties":{"tier":"high"},"geometry":{"type":"LineString","coordinates":[[138.571654,-34.953048],[138.571679,-34.953474],[138.571708,-34.953815]]}},{"type":"Feature","properties":{"tier":"high"},"geometry":{"type":"LineString","coordinates":[[138.571296,-34.953007],[138.571295,-34.952988],[138.571293,-34.952716],[138.571295,-34.952644]]}},{"type":"Feature","properties":{"tier":"high"},"geometry":{"type":"LineString","coordinates":[[138.57076,-34.953575],[138.571008,-34.953328],[138.571153,-34.953198],[138.571209,-34.953149],[138.571226,-34.953126],[138.571256,-34.953092],[138.571275,-34.953061],[138.571296,-34.953007]]}},{"type":"Feature","properties":{"tier":"high"},"geometry":{"type":"LineString","coordinates":[[138.580442,-34.945207],[138.580294,-34.945123]]}},{"type":"Feature","properties":{"tier":"regional"},"geometry":{"type":"LineString","coordinates":[[138.570613,-34.93748],[138.570323,-34.937857]]}},{"type":"Feature","properties":{"tier":"high"},"geometry":{"type":"LineString","coordinates":[[138.570718,-34.937572],[138.570727,-34.937542],[138.57075,-34.93748]]}},{"type":"Feature","properties":{"tier":"high"},"geometry":{"type":"LineString","coordinates":[[138.570838,-34.93748],[138.570827,-34.937507]]}},{"type":"Feature","properties":{"tier":"high"},"geometry":{"type":"LineString","coordinates":[[138.570718,-34.937572],[138.570714,-34.937543],[138.570705,-34.93748]]}},{"type":"Feature","properties":{"tier":"high"},"geometry":{"type":"LineString","coordinates":[[138.571024,-34.940306],[138.571135,-34.941711]]}},{"type":"Feature","properties":{"tier":"high"},"geometry":{"type":"LineString","coordinates":[[138.570777,-34.938291],[138.570683,-34.93818],[138.570663,-34.937889],[138.57065,-34.93786],[138.570632,-34.937842],[138.570616,-34.937831],[138.570602,-34.937822],[138.570584,-34.937814],[138.570564,-34.937808],[138.570541,-34.937803],[138.570512,-34.937801],[138.570488,-34.937803],[138.570459,-34.937809],[138.570323,-34.937857]]}},{"type":"Feature","properties":{"tier":"regional"},"geometry":{"type":"LineString","coordinates":[[138.571051,-34.93748],[138.570977,-34.937542],[138.570946,-34.937572],[138.570839,-34.937685]]}},{"type":"Feature","properties":{"tier":"regional"},"geometry":{"type":"LineString","coordinates":[[138.574169,-34.978096],[138.574098,-34.978131],[138.573932,-34.978133],[138.573883,-34.978135],[138.573831,-34.978138]]}},{"type":"Feature","properties":{"tier":"high"},"geometry":{"type":"LineString","coordinates":[[138.572884,-34.961658],[138.572761,-34.961696],[138.572721,-34.961724],[138.572711,-34.961733],[138.572694,-34.961747],[138.572677,-34.961774],[138.572661,-34.961807],[138.572631,-34.9619]]}},{"type":"Feature","properties":{"tier":"high"},"geometry":{"type":"LineString","coordinates":[[138.571339,-34.946317],[138.571463,-34.946311]]}},{"type":"Feature","properties":{"tier":"high"},"geometry":{"type":"LineString","coordinates":[[138.583013,-34.9667],[138.58302,-34.966779]]}},{"type":"Feature","properties":{"tier":"regional"},"geometry":{"type":"LineString","coordinates":[[138.609553,-34.977603],[138.609604,-34.9776],[138.609635,-34.977598],[138.611744,-34.977464]]}},{"type":"Feature","properties":{"tier":"regional"},"geometry":{"type":"LineString","coordinates":[[138.611744,-34.977464],[138.611721,-34.977416],[138.611711,-34.977393],[138.611698,-34.977366],[138.611059,-34.976914],[138.610891,-34.976816],[138.610406,-34.976589],[138.61022,-34.976502],[138.610062,-34.976429],[138.61,-34.9764],[138.609687,-34.976415],[138.609581,-34.97642],[138.609546,-34.976422],[138.60944,-34.976426]]}},{"type":"Feature","properties":{"tier":"regional"},"geometry":{"type":"LineString","coordinates":[[138.614289,-34.977288],[138.614276,-34.977316],[138.61425,-34.97734],[138.614217,-34.977354],[138.614181,-34.977358],[138.614157,-34.977355],[138.614124,-34.977342],[138.614091,-34.977311]]}},{"type":"Feature","properties":{"tier":"arterial"},"geometry":{"type":"LineString","coordinates":[[138.621253,-34.982282],[138.620946,-34.982414],[138.62073,-34.982466],[138.620686,-34.982472],[138.620558,-34.982489],[138.6198,-34.982531]]}},{"type":"Feature","properties":{"tier":"arterial"},"geometry":{"type":"LineString","coordinates":[[138.616034,-34.983524],[138.615742,-34.983543],[138.614692,-34.983597],[138.614411,-34.983611],[138.61328,-34.983668],[138.613121,-34.983678],[138.61271,-34.983697]]}},{"type":"Feature","properties":{"tier":"arterial"},"geometry":{"type":"LineString","coordinates":[[138.610239,-34.979066],[138.610332,-34.979356],[138.610512,-34.979864],[138.610931,-34.980977],[138.611126,-34.981616],[138.611218,-34.982093],[138.611419,-34.983253]]}},{"type":"Feature","properties":{"tier":"arterial"},"geometry":{"type":"LineString","coordinates":[[138.609476,-34.976939],[138.60951,-34.977155],[138.609535,-34.977289],[138.609553,-34.977603],[138.609571,-34.977795],[138.609598,-34.977868],[138.609656,-34.977957],[138.609764,-34.978085],[138.609904,-34.978283],[138.609988,-34.97842],[138.610137,-34.978702],[138.610215,-34.978899],[138.610239,-34.979066]]}},{"type":"Feature","properties":{"tier":"arterial"},"geometry":{"type":"LineString","coordinates":[[138.609476,-34.976939],[138.609448,-34.976538],[138.609446,-34.976513],[138.60944,-34.976426],[138.609434,-34.976341],[138.60943,-34.976288],[138.609426,-34.976228],[138.60942,-34.976148]]}},{"type":"Feature","properties":{"tier":"arterial"},"geometry":{"type":"LineString","coordinates":[[138.611419,-34.983253],[138.611615,-34.983641],[138.611664,-34.983689],[138.611763,-34.983724],[138.611876,-34.983745]]}},{"type":"Feature","properties":{"tier":"regional"},"geometry":{"type":"LineString","coordinates":[[138.623327,-34.979051],[138.62281,-34.979082],[138.622624,-34.979093],[138.622116,-34.979118],[138.621831,-34.979133],[138.621706,-34.979139],[138.620621,-34.979184],[138.620555,-34.979163],[138.620535,-34.97913]]}},{"type":"Feature","properties":{"tier":"regional"},"geometry":{"type":"LineString","coordinates":[[138.618013,-34.971067],[138.618346,-34.971041]]}},{"type":"Feature","properties":{"tier":"regional"},"geometry":{"type":"LineString","coordinates":[[138.615447,-34.965821],[138.615419,-34.965357],[138.615409,-34.965225],[138.615407,-34.965199],[138.615403,-34.965144]]}},{"type":"Feature","properties":{"tier":"regional"},"geometry":{"type":"LineString","coordinates":[[138.622737,-34.970995],[138.624106,-34.970924],[138.62502,-34.970876]]}},{"type":"Feature","properties":{"tier":"regional"},"geometry":{"type":"LineString","coordinates":[[138.618869,-34.971093],[138.619036,-34.971115],[138.61915,-34.97113],[138.619347,-34.971153],[138.619546,-34.971148],[138.619669,-34.971142],[138.622174,-34.971019],[138.62237,-34.97101],[138.622589,-34.971018]]}},{"type":"Feature","properties":{"tier":"regional"},"geometry":{"type":"LineString","coordinates":[[138.612621,-34.977385],[138.612759,-34.977346],[138.612968,-34.977294],[138.613172,-34.977324],[138.613318,-34.977358],[138.613905,-34.977341],[138.613969,-34.97733],[138.614091,-34.977311]]}},{"type":"Feature","properties":{"tier":"regional"},"geometry":{"type":"LineString","coordinates":[[138.612494,-34.97742],[138.612621,-34.977385]]}},{"type":"Feature","properties":{"tier":"regional"},"geometry":{"type":"LineString","coordinates":[[138.599614,-34.974001],[138.599591,-34.97368],[138.599558,-34.973229],[138.59955,-34.973124],[138.599522,-34.972752],[138.599484,-34.972257],[138.599447,-34.971775],[138.599438,-34.971649],[138.599432,-34.971574],[138.599381,-34.970875],[138.599372,-34.97076],[138.599363,-34.970641],[138.599326,-34.970149],[138.599283,-34.969568],[138.599457,-34.968712],[138.599476,-34.968616],[138.599516,-34.968525]]}},{"type":"Feature","properties":{"tier":"regional"},"geometry":{"type":"LineString","coordinates":[[138.599637,-34.974158],[138.599696,-34.975002],[138.599757,-34.975877],[138.599802,-34.976448],[138.599814,-34.976599]]}},{"type":"Feature","properties":{"tier":"regional"},"geometry":{"type":"LineString","coordinates":[[138.599516,-34.968525],[138.59953,-34.968505],[138.599537,-34.968494],[138.599562,-34.968466],[138.599576,-34.968452],[138.599605,-34.968425],[138.599658,-34.968376],[138.599692,-34.968336],[138.59972,-34.968303],[138.599743,-34.968244],[138.599743,-34.968187],[138.599707,-34.967714],[138.599702,-34.967634],[138.599651,-34.966925]]}},{"type":"Feature","properties":{"tier":"arterial"},"geometry":{"type":"LineString","coordinates":[[138.61003,-34.989904],[138.610224,-34.989858],[138.610267,-34.98984],[138.610311,-34.98981],[138.610343,-34.989775],[138.610391,-34.989721]]}},{"type":"Feature","properties":{"tier":"arterial"},"geometry":{"type":"LineString","coordinates":[[138.592204,-34.99149],[138.592481,-34.991198],[138.592593,-34.991079]]}},{"type":"Feature","properties":{"tier":"arterial"},"geometry":{"type":"LineString","coordinates":[[138.60871,-34.99015],[138.608551,-34.990167],[138.608398,-34.990181]]}},{"type":"Feature","properties":{"tier":"arterial"},"geometry":{"type":"LineString","coordinates":[[138.606345,-34.990102],[138.606511,-34.990082],[138.606698,-34.99008]]}},{"type":"Feature","properties":{"tier":"arterial"},"geometry":{"type":"LineString","coordinates":[[138.608398,-34.990181],[138.608017,-34.990189],[138.607997,-34.99019],[138.607599,-34.990187]]}},{"type":"Feature","properties":{"tier":"arterial"},"geometry":{"type":"LineString","coordinates":[[138.587591,-34.992283],[138.587626,-34.992241],[138.587678,-34.992202],[138.587773,-34.992144]]}},{"type":"Feature","properties":{"tier":"arterial"},"geometry":{"type":"LineString","coordinates":[[138.587332,-34.992166],[138.587512,-34.992222],[138.587558,-34.992247],[138.587591,-34.992283]]}},{"type":"Feature","properties":{"tier":"arterial"},"geometry":{"type":"LineString","coordinates":[[138.610543,-34.9914],[138.61061,-34.991617],[138.610629,-34.991675]]}},{"type":"Feature","properties":{"tier":"arterial"},"geometry":{"type":"LineString","coordinates":[[138.61124,-34.992257],[138.610975,-34.9922],[138.610857,-34.99216],[138.610709,-34.992083],[138.61064,-34.992009],[138.610587,-34.991928],[138.610543,-34.9914]]}},{"type":"Feature","properties":{"tier":"arterial"},"geometry":{"type":"LineString","coordinates":[[138.610629,-34.991675],[138.610637,-34.991854],[138.61066,-34.991911],[138.6107,-34.991982],[138.610709,-34.992016],[138.610709,-34.992083]]}},{"type":"Feature","properties":{"tier":"regional"},"geometry":{"type":"LineString","coordinates":[[138.612777,-34.941257],[138.61281,-34.941628],[138.612873,-34.942515],[138.612881,-34.942614],[138.612941,-34.943347],[138.612977,-34.943871],[138.612995,-34.944126],[138.612997,-34.944144],[138.613,-34.944241],[138.613083,-34.945285]]}},{"type":"Feature","properties":{"tier":"regional"},"geometry":{"type":"LineString","coordinates":[[138.580886,-34.95431],[138.58093,-34.954971],[138.580938,-34.955089],[138.581006,-34.956057],[138.581009,-34.956098],[138.581072,-34.957008],[138.581086,-34.957199],[138.58111,-34.957547],[138.581141,-34.957987],[138.581149,-34.958067],[138.581223,-34.958822],[138.581232,-34.958908],[138.58132,-34.960168]]}},{"type":"Feature","properties":{"tier":"regional"},"geometry":{"type":"LineString","coordinates":[[138.581483,-34.953889],[138.581598,-34.953899],[138.581618,-34.9539]]}},{"type":"Feature","properties":{"tier":"regional"},"geometry":{"type":"LineString","coordinates":[[138.581483,-34.953889],[138.581476,-34.953902],[138.581469,-34.953912],[138.581462,-34.953921],[138.58145,-34.953933],[138.58143,-34.95395]]}},{"type":"Feature","properties":{"tier":"arterial"},"geometry":{"type":"LineString","coordinates":[[138.618751,-34.984562],[138.618839,-34.984543],[138.618909,-34.984522],[138.61897,-34.984492],[138.619079,-34.984416]]}},{"type":"Feature","properties":{"tier":"regional"},"geometry":{"type":"LineString","coordinates":[[138.597125,-34.990589],[138.597129,-34.990645],[138.597135,-34.990717],[138.597198,-34.991543],[138.597268,-34.992336],[138.597274,-34.992404]]}},{"type":"Feature","properties":{"tier":"arterial"},"geometry":{"type":"LineString","coordinates":[[138.607206,-34.99009],[138.607192,-34.990174]]}},{"type":"Feature","properties":{"tier":"regional"},"geometry":{"type":"LineString","coordinates":[[138.598618,-34.979063],[138.598622,-34.979127],[138.598653,-34.979574],[138.598655,-34.979606],[138.598664,-34.97974],[138.598735,-34.980681],[138.598796,-34.981473],[138.598824,-34.981837],[138.598833,-34.981963],[138.598839,-34.982051],[138.598883,-34.982627],[138.598889,-34.982703],[138.598905,-34.982904],[138.598909,-34.982943],[138.598898,-34.982986],[138.598877,-34.983023],[138.598852,-34.983058],[138.598816,-34.98309],[138.598783,-34.983121],[138.598769,-34.983136],[138.598747,-34.983158],[138.598717,-34.983201],[138.598697,-34.983251],[138.598688,-34.983298],[138.598689,-34.983335],[138.598715,-34.983691],[138.598768,-34.984419],[138.598776,-34.984515],[138.598828,-34.985172],[138.598847,-34.985409],[138.598856,-34.985531],[138.598857,-34.985541],[138.598863,-34.98559],[138.598879,-34.985617],[138.598912,-34.985644],[138.598951,-34.985662],[138.598988,-34.985681],[138.599028,-34.985711],[138.599063,-34.985745]]}},{"type":"Feature","properties":{"tier":"regional"},"geometry":{"type":"LineString","coordinates":[[138.599388,-34.989399],[138.599395,-34.989492],[138.599396,-34.98953],[138.599393,-34.989559],[138.599382,-34.989589],[138.59937,-34.989621],[138.599353,-34.989651],[138.599119,-34.989966],[138.598965,-34.990172],[138.59892,-34.990244],[138.598893,-34.990292],[138.598885,-34.99032],[138.598878,-34.990355],[138.598879,-34.990404],[138.598887,-34.990505]]}},{"type":"Feature","properties":{"tier":"high"},"geometry":{"type":"LineString","coordinates":[[138.612093,-34.940577],[138.612151,-34.940663],[138.612143,-34.940749]]}},{"type":"Feature","properties":{"tier":"regional"},"geometry":{"type":"LineString","coordinates":[[138.562882,-34.948754],[138.562912,-34.948808],[138.562944,-34.948844],[138.563009,-34.948886],[138.563139,-34.948948],[138.563289,-34.949054]]}},{"type":"Feature","properties":{"tier":"regional"},"geometry":{"type":"LineString","coordinates":[[138.563015,-34.948942],[138.562933,-34.948943],[138.562883,-34.948949],[138.562854,-34.948963],[138.562836,-34.948971],[138.562784,-34.949001],[138.562718,-34.949053]]}},{"type":"Feature","properties":{"tier":"high"},"geometry":{"type":"LineString","coordinates":[[138.563691,-34.958132],[138.563815,-34.958257]]}},{"type":"Feature","properties":{"tier":"high"},"geometry":{"type":"LineString","coordinates":[[138.576419,-34.949895],[138.576332,-34.949946],[138.576293,-34.94995],[138.576264,-34.949948],[138.576243,-34.949936],[138.576221,-34.949918],[138.576198,-34.949884]]}},{"type":"Feature","properties":{"tier":"high"},"geometry":{"type":"LineString","coordinates":[[138.577576,-34.948546],[138.577438,-34.94847]]}},{"type":"Feature","properties":{"tier":"high"},"geometry":{"type":"LineString","coordinates":[[138.565608,-34.957091],[138.565534,-34.957083],[138.565482,-34.957099],[138.565437,-34.957115],[138.565399,-34.957118],[138.565352,-34.957118],[138.565303,-34.957095]]}},{"type":"Feature","properties":{"tier":"high"},"geometry":{"type":"LineString","coordinates":[[138.567577,-34.955823],[138.567455,-34.955708]]}},{"type":"Feature","properties":{"tier":"high"},"geometry":{"type":"LineString","coordinates":[[138.56461,-34.957547],[138.56469,-34.957543],[138.564731,-34.957538],[138.564767,-34.957545],[138.564793,-34.95756],[138.564805,-34.957576],[138.564817,-34.957602]]}},{"type":"Feature","properties":{"tier":"high"},"geometry":{"type":"LineString","coordinates":[[138.574275,-34.951469],[138.574169,-34.951363]]}},{"type":"Feature","properties":{"tier":"high"},"geometry":{"type":"LineString","coordinates":[[138.576001,-34.950114],[138.576086,-34.950057],[138.576125,-34.950035],[138.57617,-34.950018],[138.576205,-34.950015],[138.576223,-34.950022],[138.576243,-34.950036],[138.576259,-34.950087]]}},{"type":"Feature","properties":{"tier":"high"},"geometry":{"type":"LineString","coordinates":[[138.568803,-34.955036],[138.56871,-34.955034],[138.568643,-34.955055],[138.56861,-34.955058],[138.568588,-34.955049],[138.568575,-34.955035],[138.568574,-34.955013],[138.568579,-34.954982]]}},{"type":"Feature","properties":{"tier":"high"},"geometry":{"type":"LineString","coordinates":[[138.568382,-34.955109],[138.568438,-34.955095],[138.568479,-34.955098],[138.568505,-34.955108],[138.568538,-34.955128],[138.568549,-34.955147],[138.568551,-34.955167],[138.568544,-34.955197]]}},{"type":"Feature","properties":{"tier":"high"},"geometry":{"type":"LineString","coordinates":[[138.570015,-34.954053],[138.570174,-34.954022],[138.570226,-34.954012],[138.570265,-34.954],[138.570294,-34.954002],[138.570311,-34.954013],[138.570318,-34.95403],[138.570319,-34.954064]]}},{"type":"Feature","properties":{"tier":"regional"},"geometry":{"type":"LineString","coordinates":[[138.583381,-34.988266],[138.583352,-34.988264],[138.583325,-34.988253],[138.583311,-34.988242],[138.583296,-34.988222],[138.58329,-34.988194],[138.583296,-34.98817],[138.583314,-34.988148],[138.583338,-34.988134],[138.583367,-34.988127],[138.583397,-34.988129],[138.583429,-34.988143],[138.583448,-34.988161],[138.583459,-34.988186],[138.583458,-34.98821],[138.583446,-34.988235],[138.583426,-34.988252],[138.583399,-34.988263],[138.583381,-34.988266]]}},{"type":"Feature","properties":{"tier":"regional"},"geometry":{"type":"LineString","coordinates":[[138.583381,-34.988266],[138.583385,-34.988326],[138.583437,-34.989042],[138.583493,-34.989789],[138.58352,-34.990158],[138.583549,-34.990532],[138.583615,-34.991418]]}},{"type":"Feature","properties":{"tier":"regional"},"geometry":{"type":"LineString","coordinates":[[138.58291,-34.981919],[138.582881,-34.981918],[138.582855,-34.981909],[138.582833,-34.981893],[138.58282,-34.981873],[138.582816,-34.981849],[138.582823,-34.981825],[138.58284,-34.981805],[138.582864,-34.981791],[138.582894,-34.981785],[138.582921,-34.981787],[138.582946,-34.981797],[138.582966,-34.981813],[138.582978,-34.981834],[138.582981,-34.981856],[138.582974,-34.981879],[138.582959,-34.981898],[138.582936,-34.981912],[138.58291,-34.981919]]}},{"type":"Feature","properties":{"tier":"regional"},"geometry":{"type":"LineString","coordinates":[[138.58311,-34.984634],[138.583082,-34.984632],[138.583047,-34.984616],[138.583031,-34.984597],[138.583023,-34.984571],[138.583026,-34.984549],[138.583041,-34.984526],[138.583063,-34.984511],[138.5831,-34.984502],[138.583128,-34.984505],[138.583153,-34.984516],[138.583172,-34.984534],[138.583181,-34.984551],[138.583184,-34.984574],[138.583175,-34.984599],[138.583158,-34.984617],[138.583134,-34.98463],[138.58311,-34.984634]]}},{"type":"Feature","properties":{"tier":"regional"},"geometry":{"type":"LineString","coordinates":[[138.58291,-34.981919],[138.582912,-34.981954],[138.582967,-34.982769],[138.583035,-34.983657],[138.583041,-34.983735],[138.5831,-34.984502]]}},{"type":"Feature","properties":{"tier":"regional"},"geometry":{"type":"LineString","coordinates":[[138.58311,-34.984634],[138.583112,-34.984662],[138.583164,-34.985395],[138.583171,-34.985498],[138.583175,-34.98555],[138.583206,-34.985961],[138.583232,-34.986303],[138.583238,-34.986388],[138.583244,-34.986474],[138.583306,-34.987297],[138.583362,-34.988052],[138.583367,-34.988127]]}},{"type":"Feature","properties":{"tier":"arterial"},"geometry":{"type":"LineString","coordinates":[[138.591858,-34.979379],[138.591752,-34.979484]]}},{"type":"Feature","properties":{"tier":"arterial"},"geometry":{"type":"LineString","coordinates":[[138.591752,-34.979484],[138.591874,-34.979589]]}},{"type":"Feature","properties":{"tier":"high"},"geometry":{"type":"LineString","coordinates":[[138.613727,-34.940664],[138.613713,-34.940491]]}},{"type":"Feature","properties":{"tier":"regional"},"geometry":{"type":"LineString","coordinates":[[138.571735,-34.999899],[138.569547,-35.00002]]}},{"type":"Feature","properties":{"tier":"regional"},"geometry":{"type":"LineString","coordinates":[[138.571796,-34.999962],[138.571771,-34.999951],[138.571749,-34.999931],[138.571735,-34.999899],[138.57174,-34.999869],[138.571762,-34.99984],[138.57179,-34.999825],[138.571818,-34.99982],[138.571854,-34.999824],[138.571893,-34.999847],[138.571909,-34.999871],[138.571913,-34.999891],[138.571908,-34.999917],[138.571888,-34.999944],[138.571859,-34.99996],[138.571822,-34.999966],[138.571796,-34.999962]]}},{"type":"Feature","properties":{"tier":"arterial"},"geometry":{"type":"LineString","coordinates":[[138.621696,-34.981817],[138.621767,-34.981846]]}},{"type":"Feature","properties":{"tier":"arterial"},"geometry":{"type":"LineString","coordinates":[[138.622028,-34.98106],[138.622192,-34.980677]]}},{"type":"Feature","properties":{"tier":"arterial"},"geometry":{"type":"LineString","coordinates":[[138.621767,-34.981846],[138.62176,-34.981858],[138.621738,-34.981896],[138.621626,-34.982021],[138.621415,-34.982208],[138.621253,-34.982282]]}},{"type":"Feature","properties":{"tier":"regional"},"geometry":{"type":"LineString","coordinates":[[138.582341,-34.996323],[138.582304,-34.996316],[138.582272,-34.996294],[138.582257,-34.996263],[138.58226,-34.996232],[138.582289,-34.996198],[138.582334,-34.996183],[138.58237,-34.996187],[138.582409,-34.996211],[138.582426,-34.996245],[138.582421,-34.996277],[138.582393,-34.996308],[138.582341,-34.996323]]}},{"type":"Feature","properties":{"tier":"regional"},"geometry":{"type":"LineString","coordinates":[[138.582334,-34.996183],[138.582194,-34.99431],[138.582149,-34.993718],[138.58207,-34.992644],[138.582068,-34.992617],[138.582063,-34.992556]]}},{"type":"Feature","properties":{"tier":"regional"},"geometry":{"type":"LineString","coordinates":[[138.615839,-34.971175],[138.615832,-34.971071],[138.61577,-34.970197],[138.615765,-34.970124],[138.615757,-34.970021],[138.615685,-34.969095],[138.615678,-34.969005],[138.615671,-34.968914],[138.615584,-34.967818],[138.61558,-34.967768],[138.615573,-34.967668],[138.615492,-34.966555],[138.615489,-34.966507],[138.615482,-34.9664],[138.615447,-34.965821]]}},{"type":"Feature","properties":{"tier":"regional"},"geometry":{"type":"LineString","coordinates":[[138.597454,-34.996107],[138.597457,-34.996085],[138.59747,-34.996066],[138.597489,-34.996051],[138.597514,-34.996042],[138.597531,-34.996039],[138.597566,-34.996048],[138.597587,-34.996061],[138.597602,-34.99608],[138.597607,-34.996099],[138.597605,-34.99612],[138.597594,-34.99614],[138.597575,-34.996156],[138.597545,-34.996167],[138.597524,-34.996167],[138.597498,-34.996161],[138.597476,-34.996149],[138.597461,-34.996131],[138.597454,-34.996107]]}},{"type":"Feature","properties":{"tier":"regional"},"geometry":{"type":"LineString","coordinates":[[138.597545,-34.996167],[138.597552,-34.996247],[138.59757,-34.996471],[138.597653,-34.997462],[138.59772,-34.998327],[138.597726,-34.998414],[138.5978,-34.999374],[138.597849,-35.000016],[138.59785,-35.00002]]}},{"type":"Feature","properties":{"tier":"regional"},"geometry":{"type":"LineString","coordinates":[[138.597283,-34.992546],[138.597289,-34.992633],[138.597404,-34.994362],[138.597531,-34.996039]]}},{"type":"Feature","properties":{"tier":"regional"},"geometry":{"type":"LineString","coordinates":[[138.597301,-34.992407],[138.597325,-34.992416],[138.597345,-34.992432],[138.597358,-34.992452],[138.597363,-34.992474],[138.59736,-34.992495],[138.597349,-34.992514],[138.597331,-34.99253],[138.597309,-34.992541],[138.597283,-34.992546],[138.597256,-34.992544],[138.597231,-34.992535],[138.59721,-34.992521],[138.597196,-34.992501],[138.59719,-34.992479],[138.597193,-34.992457],[138.597204,-34.992436],[138.597222,-34.992419],[138.597247,-34.992408],[138.597274,-34.992404],[138.597301,-34.992407]]}},{"type":"Feature","properties":{"tier":"regional"},"geometry":{"type":"LineString","coordinates":[[138.600095,-34.955238],[138.599982,-34.955245],[138.59995,-34.955246],[138.599729,-34.955259],[138.599588,-34.95527],[138.599237,-34.955285],[138.598607,-34.955317],[138.598428,-34.955329],[138.598407,-34.955327],[138.597392,-34.955362],[138.597192,-34.955371],[138.595791,-34.955449],[138.594802,-34.955497],[138.594546,-34.955509],[138.593854,-34.955553],[138.593483,-34.955573],[138.593128,-34.955591],[138.592305,-34.955653],[138.592142,-34.955661],[138.591969,-34.955669],[138.591568,-34.95569]]}},{"type":"Feature","properties":{"tier":"regional"},"geometry":{"type":"LineString","coordinates":[[138.582444,-34.974591],[138.582441,-34.974613],[138.582426,-34.974637],[138.582406,-34.974651],[138.582381,-34.974658],[138.582357,-34.974659],[138.582332,-34.974653],[138.58231,-34.974639],[138.582296,-34.974621],[138.58229,-34.974606],[138.582291,-34.974584],[138.582301,-34.974563],[138.582319,-34.974547],[138.582346,-34.974536],[138.582373,-34.974533],[138.582399,-34.974539],[138.582412,-34.974545],[138.58243,-34.974561],[138.582444,-34.974591]]}},{"type":"Feature","properties":{"tier":"regional"},"geometry":{"type":"LineString","coordinates":[[138.582357,-34.974659],[138.582389,-34.975068],[138.582418,-34.97545],[138.582422,-34.9755],[138.58248,-34.976268]]}},{"type":"Feature","properties":{"tier":"high"},"geometry":{"type":"LineString","coordinates":[[138.572065,-34.955639],[138.572134,-34.956297]]}},{"type":"Feature","properties":{"tier":"high"},"geometry":{"type":"LineString","coordinates":[[138.573767,-34.979404],[138.573744,-34.979017],[138.573735,-34.978862]]}},{"type":"Feature","properties":{"tier":"high"},"geometry":{"type":"LineString","coordinates":[[138.573831,-34.978138],[138.573836,-34.978214],[138.573927,-34.97953]]}},{"type":"Feature","properties":{"tier":"high"},"geometry":{"type":"LineString","coordinates":[[138.573623,-34.977],[138.57355,-34.976083],[138.573524,-34.975767]]}},{"type":"Feature","properties":{"tier":"arterial"},"geometry":{"type":"LineString","coordinates":[[138.60942,-34.976148],[138.609417,-34.976103],[138.609416,-34.976087],[138.609413,-34.976027],[138.609411,-34.976007]]}},{"type":"Feature","properties":{"tier":"regional"},"geometry":{"type":"LineString","coordinates":[[138.599063,-34.985745],[138.599094,-34.985791],[138.599112,-34.985834],[138.599122,-34.985884],[138.599126,-34.985942],[138.599148,-34.986232],[138.599192,-34.986803],[138.599243,-34.987488],[138.599318,-34.988493],[138.599351,-34.988921],[138.599382,-34.989327],[138.599388,-34.989399]]}},{"type":"Feature","properties":{"tier":"regional"},"geometry":{"type":"LineString","coordinates":[[138.582557,-34.977296],[138.58258,-34.977597],[138.582588,-34.97771],[138.582592,-34.977766],[138.582635,-34.978338]]}},{"type":"Feature","properties":{"tier":"regional"},"geometry":{"type":"LineString","coordinates":[[138.583268,-34.977672],[138.583724,-34.97765],[138.584859,-34.977593],[138.585959,-34.977538],[138.586199,-34.977526],[138.586724,-34.9775],[138.587105,-34.97748],[138.588225,-34.977424],[138.58836,-34.977418],[138.589341,-34.977368],[138.590462,-34.977312],[138.590925,-34.977289],[138.591006,-34.977285]]}},{"type":"Feature","properties":{"tier":"regional"},"geometry":{"type":"LineString","coordinates":[[138.582635,-34.978338],[138.582672,-34.978834],[138.582699,-34.979198],[138.582725,-34.979537],[138.582754,-34.979934],[138.582772,-34.98017],[138.582831,-34.980954],[138.582834,-34.980996],[138.582864,-34.981399],[138.582894,-34.981785]]}},{"type":"Feature","properties":{"tier":"regional"},"geometry":{"type":"LineString","coordinates":[[138.582281,-34.973706],[138.582289,-34.973818],[138.582346,-34.974536]]}},{"type":"Feature","properties":{"tier":"arterial"},"geometry":{"type":"LineString","coordinates":[[138.600368,-34.960522],[138.600308,-34.960524],[138.598529,-34.960609]]}},{"type":"Feature","properties":{"tier":"regional"},"geometry":{"type":"LineString","coordinates":[[138.586274,-34.953706],[138.586358,-34.953704],[138.587196,-34.953659],[138.588506,-34.953588],[138.589719,-34.953523],[138.589734,-34.953522],[138.589795,-34.953519]]}},{"type":"Feature","properties":{"tier":"regional"},"geometry":{"type":"LineString","coordinates":[[138.58535,-34.953752],[138.585712,-34.953734],[138.585734,-34.953733],[138.58585,-34.953728]]}},{"type":"Feature","properties":{"tier":"arterial"},"geometry":{"type":"LineString","coordinates":[[138.624924,-34.940228],[138.624731,-34.940222],[138.624698,-34.940221],[138.624586,-34.940218]]}},{"type":"Feature","properties":{"tier":"arterial"},"geometry":{"type":"LineString","coordinates":[[138.62502,-34.940222],[138.624924,-34.940228]]}},{"type":"Feature","properties":{"tier":"high"},"geometry":{"type":"LineString","coordinates":[[138.595142,-34.941602],[138.595004,-34.941553],[138.594891,-34.941546],[138.594835,-34.941516],[138.59483,-34.941506],[138.594804,-34.941452]]}},{"type":"Feature","properties":{"tier":"high"},"geometry":{"type":"LineString","coordinates":[[138.574418,-34.983194],[138.574343,-34.98326],[138.574287,-34.983294],[138.574214,-34.983324]]}},{"type":"Feature","properties":{"tier":"regional"},"geometry":{"type":"LineString","coordinates":[[138.614099,-34.977223],[138.613993,-34.977071]]}},{"type":"Feature","properties":{"tier":"regional"},"geometry":{"type":"LineString","coordinates":[[138.611744,-34.977464],[138.61227,-34.977444],[138.612426,-34.977439],[138.612494,-34.97742]]}},{"type":"Feature","properties":{"tier":"arterial"},"geometry":{"type":"LineString","coordinates":[[138.590056,-34.956683],[138.590043,-34.956791],[138.59003,-34.956898],[138.590017,-34.95703],[138.59,-34.957125],[138.589995,-34.957243],[138.589995,-34.957366],[138.59,-34.957472],[138.590005,-34.957575],[138.590089,-34.958489],[138.590198,-34.95969]]}},{"type":"Feature","properties":{"tier":"arterial"},"geometry":{"type":"LineString","coordinates":[[138.58999,-34.956499],[138.58999,-34.956477],[138.589981,-34.956302],[138.589944,-34.955845],[138.589973,-34.955767]]}},{"type":"Feature","properties":{"tier":"arterial"},"geometry":{"type":"LineString","coordinates":[[138.594725,-34.94037],[138.594797,-34.941361],[138.594804,-34.941452]]}},{"type":"Feature","properties":{"tier":"arterial"},"geometry":{"type":"LineString","coordinates":[[138.592741,-34.990594],[138.59279,-34.990739],[138.592844,-34.99082],[138.592986,-34.990958],[138.593101,-34.990976]]}},{"type":"Feature","properties":{"tier":"arterial"},"geometry":{"type":"LineString","coordinates":[[138.600706,-34.93748],[138.600711,-34.937547],[138.600856,-34.939529]]}},{"type":"Feature","properties":{"tier":"arterial"},"geometry":{"type":"LineString","coordinates":[[138.62502,-34.978072],[138.624883,-34.978174],[138.624839,-34.978206],[138.624225,-34.978717],[138.62404,-34.978871],[138.623694,-34.979163],[138.623597,-34.97924]]}},{"type":"Feature","properties":{"tier":"arterial"},"geometry":{"type":"LineString","coordinates":[[138.592824,-34.992703],[138.592883,-34.993465],[138.592888,-34.993535],[138.592917,-34.99391],[138.592948,-34.994303],[138.593,-34.994996]]}},{"type":"Feature","properties":{"tier":"arterial"},"geometry":{"type":"LineString","coordinates":[[138.592234,-34.985935],[138.5922,-34.985463],[138.592188,-34.9853],[138.592186,-34.985278],[138.592177,-34.985144],[138.592169,-34.985034],[138.592132,-34.984538],[138.592127,-34.984468]]}},{"type":"Feature","properties":{"tier":"high"},"geometry":{"type":"LineString","coordinates":[[138.572713,-34.965011],[138.572642,-34.963606]]}},{"type":"Feature","properties":{"tier":"high"},"geometry":{"type":"LineString","coordinates":[[138.571903,-34.955426],[138.571949,-34.955621],[138.572134,-34.956297]]}},{"type":"Feature","properties":{"tier":"high"},"geometry":{"type":"LineString","coordinates":[[138.573092,-34.970007],[138.573019,-34.969035]]}},{"type":"Feature","properties":{"tier":"high"},"geometry":{"type":"LineString","coordinates":[[138.573137,-34.969028],[138.573237,-34.970221]]}},{"type":"Feature","properties":{"tier":"high"},"geometry":{"type":"LineString","coordinates":[[138.571904,-34.953022],[138.571902,-34.953112],[138.571931,-34.954001]]}},{"type":"Feature","properties":{"tier":"high"},"geometry":{"type":"LineString","coordinates":[[138.572301,-34.952746],[138.572019,-34.952942],[138.571979,-34.952969],[138.571904,-34.953022]]}},{"type":"Feature","properties":{"tier":"arterial"},"geometry":{"type":"LineString","coordinates":[[138.600595,-34.941324],[138.600561,-34.941403],[138.600333,-34.941993]]}},{"type":"Feature","properties":{"tier":"arterial"},"geometry":{"type":"LineString","coordinates":[[138.600005,-34.942669],[138.599969,-34.942723],[138.599883,-34.942856],[138.599605,-34.943282],[138.599283,-34.9438],[138.599265,-34.943861],[138.599253,-34.943926],[138.599254,-34.944059],[138.599266,-34.94423],[138.59931,-34.944901],[138.599316,-34.944989],[138.599374,-34.945635],[138.599401,-34.945834],[138.599417,-34.945948],[138.599418,-34.945957],[138.599487,-34.946825],[138.5995,-34.946997],[138.599536,-34.947441],[138.599541,-34.947518],[138.59955,-34.947609],[138.599586,-34.948052],[138.599587,-34.948068],[138.599618,-34.948446],[138.599637,-34.948694],[138.599677,-34.949266],[138.599681,-34.949332],[138.599697,-34.949583],[138.599703,-34.949679],[138.599716,-34.949887],[138.599722,-34.949979],[138.599738,-34.950228],[138.599739,-34.950274],[138.599742,-34.950392],[138.599746,-34.950523],[138.599748,-34.950588],[138.599765,-34.950828],[138.59977,-34.950884],[138.599774,-34.950947],[138.599785,-34.951091],[138.599791,-34.951168],[138.599794,-34.951217],[138.599816,-34.951504],[138.599818,-34.951543],[138.599857,-34.952095],[138.599888,-34.952494],[138.59992,-34.952915],[138.599924,-34.952972],[138.599933,-34.953097],[138.599939,-34.953174],[138.6,-34.95398],[138.600003,-34.954015],[138.600026,-34.954342],[138.600036,-34.954481],[138.600041,-34.95454],[138.600086,-34.955116],[138.600088,-34.955141],[138.600095,-34.955238],[138.600101,-34.955317],[138.600103,-34.955341],[138.600122,-34.95559],[138.600136,-34.955772],[138.600187,-34.95643],[138.600263,-34.957422],[138.600235,-34.957841],[138.600222,-34.957954],[138.600225,-34.958101],[138.600233,-34.958242],[138.60027,-34.958771],[138.6003,-34.959365],[138.600312,-34.959578],[138.600364,-34.96045],[138.600365,-34.960475],[138.600368,-34.960522]]}},{"type":"Feature","properties":{"tier":"arterial"},"geometry":{"type":"LineString","coordinates":[[138.622273,-34.998064],[138.622443,-34.998163]]}},{"type":"Feature","properties":{"tier":"high"},"geometry":{"type":"LineString","coordinates":[[138.618058,-34.942034],[138.618623,-34.942376],[138.619014,-34.942615],[138.619484,-34.942892]]}},{"type":"Feature","properties":{"tier":"arterial"},"geometry":{"type":"LineString","coordinates":[[138.609262,-34.974165],[138.609269,-34.974263],[138.609271,-34.974292],[138.609309,-34.974793],[138.60933,-34.975081],[138.609338,-34.975185],[138.609343,-34.975261]]}},{"type":"Feature","properties":{"tier":"arterial"},"geometry":{"type":"LineString","coordinates":[[138.609155,-34.972726],[138.609165,-34.97287],[138.609167,-34.97289],[138.60917,-34.972934],[138.609172,-34.972957],[138.609186,-34.973143]]}},{"type":"Feature","properties":{"tier":"arterial"},"geometry":{"type":"LineString","coordinates":[[138.612812,-34.938863],[138.612697,-34.938792],[138.610759,-34.937585],[138.61059,-34.93748]]}},{"type":"Feature","properties":{"tier":"arterial"},"geometry":{"type":"LineString","coordinates":[[138.612809,-34.938706],[138.612913,-34.938768],[138.613143,-34.938909],[138.61339,-34.939062],[138.61367,-34.939244],[138.613868,-34.939373],[138.614265,-34.93963]]}},{"type":"Feature","properties":{"tier":"arterial"},"geometry":{"type":"LineString","coordinates":[[138.612809,-34.938706],[138.612812,-34.938863]]}},{"type":"Feature","properties":{"tier":"arterial"},"geometry":{"type":"LineString","coordinates":[[138.612812,-34.938863],[138.612808,-34.938941],[138.612807,-34.938969],[138.612745,-34.940223],[138.612734,-34.940433],[138.612732,-34.940459],[138.612731,-34.940544]]}},{"type":"Feature","properties":{"tier":"arterial"},"geometry":{"type":"LineString","coordinates":[[138.623337,-34.979452],[138.622965,-34.979758],[138.6227,-34.979996]]}},{"type":"Feature","properties":{"tier":"regional"},"geometry":{"type":"LineString","coordinates":[[138.614091,-34.977311],[138.614081,-34.977282],[138.614083,-34.97725],[138.614099,-34.977223]]}},{"type":"Feature","properties":{"tier":"regional"},"geometry":{"type":"LineString","coordinates":[[138.614099,-34.977223],[138.614126,-34.977201],[138.614159,-34.977188],[138.614178,-34.977187]]}},{"type":"Feature","properties":{"tier":"regional"},"geometry":{"type":"LineString","coordinates":[[138.582669,-35.00002],[138.582608,-34.999548],[138.582476,-34.997924],[138.582341,-34.996323]]}},{"type":"Feature","properties":{"tier":"high"},"geometry":{"type":"LineString","coordinates":[[138.615546,-34.940407],[138.615712,-34.940402],[138.617005,-34.940336],[138.618763,-34.940249],[138.620678,-34.940146]]}},{"type":"Feature","properties":{"tier":"arterial"},"geometry":{"type":"LineString","coordinates":[[138.618888,-34.983266],[138.619031,-34.982902],[138.619109,-34.982775],[138.619218,-34.982687],[138.619343,-34.982608],[138.61937,-34.982591],[138.619519,-34.982545],[138.6198,-34.982531]]}},{"type":"Feature","properties":{"tier":"arterial"},"geometry":{"type":"LineString","coordinates":[[138.6198,-34.982531],[138.61957,-34.982598],[138.61934,-34.982687],[138.619221,-34.982775],[138.619113,-34.982905],[138.619031,-34.983092],[138.61903,-34.983174],[138.619029,-34.983207],[138.619042,-34.983289]]}},{"type":"Feature","properties":{"tier":"arterial"},"geometry":{"type":"LineString","coordinates":[[138.623624,-34.97911],[138.623986,-34.978821],[138.624419,-34.978476],[138.62462,-34.978322],[138.624787,-34.978195],[138.62502,-34.978015]]}},{"type":"Feature","properties":{"tier":"high"},"geometry":{"type":"LineString","coordinates":[[138.596121,-34.941549],[138.596186,-34.941448],[138.596286,-34.941404],[138.596443,-34.941369]]}},{"type":"Feature","properties":{"tier":"arterial"},"geometry":{"type":"LineString","coordinates":[[138.612715,-34.93748],[138.612722,-34.937579],[138.612738,-34.937785],[138.612797,-34.938555],[138.612799,-34.938576],[138.612809,-34.938706]]}},{"type":"Feature","properties":{"tier":"arterial"},"geometry":{"type":"LineString","coordinates":[[138.577495,-34.949166],[138.577356,-34.949165]]}},{"type":"Feature","properties":{"tier":"arterial"},"geometry":{"type":"LineString","coordinates":[[138.577356,-34.949165],[138.577267,-34.949156],[138.577204,-34.949146],[138.577149,-34.949139],[138.577081,-34.949106]]}},{"type":"Feature","properties":{"tier":"high"},"geometry":{"type":"LineString","coordinates":[[138.565608,-34.957091],[138.564817,-34.957602],[138.56435,-34.957911],[138.563887,-34.95821],[138.563815,-34.958257],[138.563356,-34.958554]]}},{"type":"Feature","properties":{"tier":"high"},"geometry":{"type":"LineString","coordinates":[[138.623939,-34.964701],[138.62378,-34.964704],[138.623022,-34.964732],[138.622459,-34.964762],[138.622269,-34.964772],[138.622096,-34.964782],[138.621851,-34.964795],[138.621252,-34.964827],[138.620774,-34.964852],[138.619536,-34.964918]]}},{"type":"Feature","properties":{"tier":"regional"},"geometry":{"type":"LineString","coordinates":[[138.581361,-34.961161],[138.581323,-34.961106]]}},{"type":"Feature","properties":{"tier":"high"},"geometry":{"type":"LineString","coordinates":[[138.589888,-34.966434],[138.589772,-34.96644],[138.589237,-34.96646]]}},{"type":"Feature","properties":{"tier":"high"},"geometry":{"type":"LineString","coordinates":[[138.615397,-34.965061],[138.615547,-34.965054],[138.616483,-34.965004],[138.616501,-34.965003],[138.617413,-34.964957],[138.617627,-34.96495]]}},{"type":"Feature","properties":{"tier":"high"},"geometry":{"type":"LineString","coordinates":[[138.615403,-34.965144],[138.61529,-34.965149],[138.614665,-34.965179],[138.613425,-34.965244],[138.613052,-34.965266]]}},{"type":"Feature","properties":{"tier":"high"},"geometry":{"type":"LineString","coordinates":[[138.609081,-34.965387],[138.609248,-34.965378],[138.60998,-34.965336],[138.610697,-34.965298],[138.610751,-34.965295],[138.610923,-34.965287],[138.613008,-34.965182]]}},{"type":"Feature","properties":{"tier":"arterial"},"geometry":{"type":"LineString","coordinates":[[138.597125,-34.990589],[138.598509,-34.990523],[138.598887,-34.990505]]}},{"type":"Feature","properties":{"tier":"arterial"},"geometry":{"type":"LineString","coordinates":[[138.601452,-34.990358],[138.601484,-34.990356],[138.602576,-34.990301]]}},{"type":"Feature","properties":{"tier":"high"},"geometry":{"type":"LineString","coordinates":[[138.608173,-34.965436],[138.608404,-34.965423],[138.608474,-34.965419],[138.608617,-34.965411]]}},{"type":"Feature","properties":{"tier":"high"},"geometry":{"type":"LineString","coordinates":[[138.598908,-34.965887],[138.599511,-34.96586],[138.59958,-34.965857]]}},{"type":"Feature","properties":{"tier":"arterial"},"geometry":{"type":"LineString","coordinates":[[138.592572,-34.999909],[138.592877,-34.999616],[138.592983,-34.999488],[138.593071,-34.999334],[138.593145,-34.99913],[138.593158,-34.998975],[138.593163,-34.998838]]}},{"type":"Feature","properties":{"tier":"arterial"},"geometry":{"type":"LineString","coordinates":[[138.602576,-34.990301],[138.602748,-34.990292],[138.602922,-34.990283],[138.602978,-34.99028],[138.603043,-34.990277],[138.603768,-34.990238],[138.603808,-34.990236],[138.604966,-34.990175],[138.606074,-34.990116]]}},{"type":"Feature","properties":{"tier":"high"},"geometry":{"type":"LineString","coordinates":[[138.599587,-34.96594],[138.599015,-34.965969],[138.598919,-34.965973]]}},{"type":"Feature","properties":{"tier":"arterial"},"geometry":{"type":"LineString","coordinates":[[138.598887,-34.990505],[138.599457,-34.990473],[138.600354,-34.990421],[138.601452,-34.990358]]}},{"type":"Feature","properties":{"tier":"high"},"geometry":{"type":"LineString","coordinates":[[138.598919,-34.965973],[138.598761,-34.965981],[138.597646,-34.966036],[138.597517,-34.966043],[138.597499,-34.966044],[138.597361,-34.966051],[138.597312,-34.966053],[138.597127,-34.966062]]}},{"type":"Feature","properties":{"tier":"arterial"},"geometry":{"type":"LineString","coordinates":[[138.611497,-34.983758],[138.611507,-34.983852],[138.611508,-34.983868],[138.611556,-34.984403],[138.611584,-34.984781],[138.611626,-34.985334],[138.611656,-34.985724],[138.61165,-34.985836],[138.61163,-34.985921],[138.611601,-34.985999],[138.611571,-34.98608],[138.611387,-34.986263],[138.611177,-34.986456],[138.610899,-34.986692],[138.610756,-34.986801],[138.610616,-34.98693],[138.610478,-34.987102],[138.610359,-34.987316],[138.610326,-34.987392],[138.610288,-34.987491],[138.610275,-34.987615],[138.610275,-34.987734],[138.610284,-34.98789],[138.610286,-34.988092],[138.610293,-34.988213],[138.610302,-34.988354],[138.610328,-34.988831],[138.610357,-34.989171],[138.610391,-34.989721]]}},{"type":"Feature","properties":{"tier":"arterial"},"geometry":{"type":"LineString","coordinates":[[138.62502,-34.991526],[138.624974,-34.991435],[138.624944,-34.991374],[138.624909,-34.991234],[138.624883,-34.990966],[138.624897,-34.990815],[138.624965,-34.990582],[138.62502,-34.990496]]}},{"type":"Feature","properties":{"tier":"arterial"},"geometry":{"type":"LineString","coordinates":[[138.62502,-34.987769],[138.624887,-34.987514],[138.624457,-34.986857],[138.62435,-34.986733],[138.624206,-34.986611],[138.624103,-34.986544],[138.623821,-34.986418],[138.622874,-34.985993],[138.622505,-34.985859],[138.622326,-34.985817],[138.622147,-34.985795],[138.622113,-34.985791],[138.622035,-34.985781],[138.621669,-34.985798],[138.621263,-34.985825],[138.621112,-34.985834],[138.620605,-34.985863],[138.62044,-34.985862],[138.620329,-34.985842],[138.620217,-34.985807],[138.620092,-34.985739],[138.619916,-34.985592],[138.619382,-34.985116],[138.619222,-34.984972],[138.619158,-34.984912],[138.61913,-34.984881]]}},{"type":"Feature","properties":{"tier":"arterial"},"geometry":{"type":"LineString","coordinates":[[138.608641,-34.965744],[138.608663,-34.966108]]}},{"type":"Feature","properties":{"tier":"arterial"},"geometry":{"type":"LineString","coordinates":[[138.624332,-34.997962],[138.624511,-34.997905],[138.624843,-34.997829]]}},{"type":"Feature","properties":{"tier":"high"},"geometry":{"type":"LineString","coordinates":[[138.609033,-34.965471],[138.608795,-34.965482],[138.60873,-34.965485],[138.608622,-34.965489]]}},{"type":"Feature","properties":{"tier":"arterial"},"geometry":{"type":"LineString","coordinates":[[138.62323,-34.998906],[138.623188,-34.999557],[138.623245,-35.00002]]}},{"type":"Feature","properties":{"tier":"high"},"geometry":{"type":"LineString","coordinates":[[138.612093,-34.940577],[138.612353,-34.940564],[138.612547,-34.940554],[138.612549,-34.940553],[138.612594,-34.940551],[138.612731,-34.940544]]}},{"type":"Feature","properties":{"tier":"high"},"geometry":{"type":"LineString","coordinates":[[138.589315,-34.941917],[138.589127,-34.941926],[138.589106,-34.941927],[138.589008,-34.941932]]}},{"type":"Feature","properties":{"tier":"high"},"geometry":{"type":"LineString","coordinates":[[138.573881,-34.980979],[138.573854,-34.980694],[138.573845,-34.980591],[138.573836,-34.980459],[138.573833,-34.980401],[138.573801,-34.979885]]}},{"type":"Feature","properties":{"tier":"arterial"},"geometry":{"type":"LineString","coordinates":[[138.574512,-34.992766],[138.574705,-34.992753],[138.574737,-34.992751],[138.57481,-34.992747]]}},{"type":"Feature","properties":{"tier":"arterial"},"geometry":{"type":"LineString","coordinates":[[138.571381,-34.992928],[138.571548,-34.992919],[138.571557,-34.992919],[138.572605,-34.992864]]}},{"type":"Feature","properties":{"tier":"arterial"},"geometry":{"type":"LineString","coordinates":[[138.582054,-34.992441],[138.583506,-34.992355],[138.583541,-34.992354],[138.583684,-34.992347]]}},{"type":"Feature","properties":{"tier":"arterial"},"geometry":{"type":"LineString","coordinates":[[138.58103,-34.948997],[138.579882,-34.949054],[138.5794,-34.949077],[138.578658,-34.949112],[138.577495,-34.949166]]}},{"type":"Feature","properties":{"tier":"arterial"},"geometry":{"type":"LineString","coordinates":[[138.566552,-34.993291],[138.565861,-34.993327]]}},{"type":"Feature","properties":{"tier":"arterial"},"geometry":{"type":"LineString","coordinates":[[138.589042,-34.942335],[138.589081,-34.942815],[138.589078,-34.943053],[138.589066,-34.943176],[138.589055,-34.943293]]}},{"type":"Feature","properties":{"tier":"arterial"},"geometry":{"type":"LineString","coordinates":[[138.583831,-34.99234],[138.584763,-34.992294]]}},{"type":"Feature","properties":{"tier":"high"},"geometry":{"type":"LineString","coordinates":[[138.592513,-34.941757],[138.592149,-34.941771],[138.591701,-34.941789],[138.590426,-34.941861],[138.589633,-34.941901]]}},{"type":"Feature","properties":{"tier":"regional"},"geometry":{"type":"LineString","coordinates":[[138.58132,-34.960168],[138.581353,-34.960306],[138.581362,-34.960343]]}},{"type":"Feature","properties":{"tier":"regional"},"geometry":{"type":"LineString","coordinates":[[138.581288,-34.960959],[138.581287,-34.960888],[138.581287,-34.960793],[138.581286,-34.960707],[138.581286,-34.960681]]}},{"type":"Feature","properties":{"tier":"regional"},"geometry":{"type":"LineString","coordinates":[[138.581392,-34.961602],[138.581457,-34.962533],[138.581458,-34.962552],[138.581545,-34.963776],[138.58161,-34.964808],[138.581662,-34.965459],[138.581671,-34.965573],[138.581674,-34.96564],[138.581723,-34.966329],[138.581728,-34.966407],[138.581748,-34.966677],[138.58175,-34.966701]]}},{"type":"Feature","properties":{"tier":"arterial"},"geometry":{"type":"LineString","coordinates":[[138.588869,-34.941106],[138.588929,-34.941221],[138.588948,-34.941371]]}},{"type":"Feature","properties":{"tier":"high"},"geometry":{"type":"LineString","coordinates":[[138.57134,-34.951028],[138.571367,-34.950838]]}},{"type":"Feature","properties":{"tier":"high"},"geometry":{"type":"LineString","coordinates":[[138.571367,-34.950838],[138.571385,-34.950697]]}},{"type":"Feature","properties":{"tier":"high"},"geometry":{"type":"LineString","coordinates":[[138.571491,-34.950836],[138.571501,-34.950695],[138.571549,-34.949962],[138.571551,-34.949586],[138.571552,-34.949298],[138.571555,-34.949094],[138.571491,-34.948777]]}},{"type":"Feature","properties":{"tier":"high"},"geometry":{"type":"LineString","coordinates":[[138.571474,-34.951036],[138.571491,-34.950836]]}},{"type":"Feature","properties":{"tier":"high"},"geometry":{"type":"LineString","coordinates":[[138.571599,-34.950849],[138.571584,-34.951042]]}},{"type":"Feature","properties":{"tier":"high"},"geometry":{"type":"LineString","coordinates":[[138.571567,-34.951547],[138.571567,-34.951762],[138.571592,-34.952177],[138.571616,-34.952518],[138.571654,-34.953048]]}},{"type":"Feature","properties":{"tier":"high"},"geometry":{"type":"LineString","coordinates":[[138.571769,-34.950812],[138.571787,-34.951039]]}},{"type":"Feature","properties":{"tier":"high"},"geometry":{"type":"LineString","coordinates":[[138.571787,-34.951039],[138.571856,-34.951625]]}},{"type":"Feature","properties":{"tier":"high"},"geometry":{"type":"LineString","coordinates":[[138.575577,-34.950457],[138.575823,-34.950278]]}},{"type":"Feature","properties":{"tier":"high"},"geometry":{"type":"LineString","coordinates":[[138.575823,-34.950278],[138.575936,-34.950187],[138.576001,-34.950114],[138.576115,-34.949986],[138.576198,-34.949884],[138.576329,-34.949723],[138.576693,-34.949348]]}},{"type":"Feature","properties":{"tier":"high"},"geometry":{"type":"LineString","coordinates":[[138.575712,-34.950548],[138.575615,-34.95061],[138.575281,-34.950824],[138.574291,-34.951459],[138.574275,-34.951469],[138.573857,-34.951718]]}},{"type":"Feature","properties":{"tier":"high"},"geometry":{"type":"LineString","coordinates":[[138.57598,-34.95035],[138.575861,-34.950438],[138.575712,-34.950548]]}},{"type":"Feature","properties":{"tier":"regional"},"geometry":{"type":"LineString","coordinates":[[138.58585,-34.953728],[138.585936,-34.953723],[138.585999,-34.95372],[138.586109,-34.953714],[138.586274,-34.953706]]}},{"type":"Feature","properties":{"tier":"high"},"geometry":{"type":"LineString","coordinates":[[138.572688,-34.96276],[138.572712,-34.963139],[138.572722,-34.963335],[138.57275,-34.963857],[138.572756,-34.96395]]}},{"type":"Feature","properties":{"tier":"high"},"geometry":{"type":"LineString","coordinates":[[138.572447,-34.95937],[138.572497,-34.960202],[138.572501,-34.960259]]}},{"type":"Feature","properties":{"tier":"high"},"geometry":{"type":"LineString","coordinates":[[138.572249,-34.958337],[138.572182,-34.957438],[138.57215,-34.957158],[138.572117,-34.956874]]}},{"type":"Feature","properties":{"tier":"high"},"geometry":{"type":"LineString","coordinates":[[138.572467,-34.961171],[138.572452,-34.961011],[138.572443,-34.960919]]}},{"type":"Feature","properties":{"tier":"high"},"geometry":{"type":"LineString","coordinates":[[138.605342,-34.940911],[138.605538,-34.94098],[138.60584,-34.940974],[138.605885,-34.940991],[138.605892,-34.941064]]}},{"type":"Feature","properties":{"tier":"high"},"geometry":{"type":"LineString","coordinates":[[138.582685,-34.9426],[138.582626,-34.94267],[138.58143,-34.944064],[138.580442,-34.945207],[138.579972,-34.945752],[138.579761,-34.945985]]}},{"type":"Feature","properties":{"tier":"arterial"},"geometry":{"type":"LineString","coordinates":[[138.58309,-34.94183],[138.583284,-34.941604]]}},{"type":"Feature","properties":{"tier":"high"},"geometry":{"type":"LineString","coordinates":[[138.583279,-34.942101],[138.583717,-34.942083]]}},{"type":"Feature","properties":{"tier":"arterial"},"geometry":{"type":"LineString","coordinates":[[138.582651,-34.94212],[138.582684,-34.942125],[138.582844,-34.942118]]}},{"type":"Feature","properties":{"tier":"high"},"geometry":{"type":"LineString","coordinates":[[138.583243,-34.94221],[138.583025,-34.942215]]}},{"type":"Feature","properties":{"tier":"arterial"},"geometry":{"type":"LineString","coordinates":[[138.579279,-34.941725],[138.578186,-34.94178]]}},{"type":"Feature","properties":{"tier":"high"},"geometry":{"type":"LineString","coordinates":[[138.583121,-34.942107],[138.583025,-34.942215]]}},{"type":"Feature","properties":{"tier":"high"},"geometry":{"type":"LineString","coordinates":[[138.592149,-34.941771],[138.592054,-34.941735],[138.591985,-34.941733],[138.591902,-34.941718],[138.591867,-34.941672],[138.591869,-34.941603]]}},{"type":"Feature","properties":{"tier":"arterial"},"geometry":{"type":"LineString","coordinates":[[138.607206,-34.99009],[138.607622,-34.990112],[138.608024,-34.990116],[138.608362,-34.990102],[138.608426,-34.990099]]}},{"type":"Feature","properties":{"tier":"arterial"},"geometry":{"type":"LineString","coordinates":[[138.606965,-34.990167],[138.606856,-34.990163],[138.606511,-34.990148],[138.606345,-34.990102]]}},{"type":"Feature","properties":{"tier":"arterial"},"geometry":{"type":"LineString","coordinates":[[138.594254,-34.990733],[138.594421,-34.990724]]}},{"type":"Feature","properties":{"tier":"arterial"},"geometry":{"type":"LineString","coordinates":[[138.583168,-34.942054],[138.583121,-34.942107]]}},{"type":"Feature","properties":{"tier":"arterial"},"geometry":{"type":"LineString","coordinates":[[138.582756,-34.942222],[138.582844,-34.942118]]}},{"type":"Feature","properties":{"tier":"arterial"},"geometry":{"type":"LineString","coordinates":[[138.590394,-34.961276],[138.590366,-34.961202],[138.590337,-34.961127],[138.590284,-34.960717]]}},{"type":"Feature","properties":{"tier":"arterial"},"geometry":{"type":"LineString","coordinates":[[138.590378,-34.960712],[138.590392,-34.96083],[138.590402,-34.960962],[138.590416,-34.961156],[138.590394,-34.961276]]}},{"type":"Feature","properties":{"tier":"arterial"},"geometry":{"type":"LineString","coordinates":[[138.590056,-34.956517],[138.590056,-34.956683]]}},{"type":"Feature","properties":{"tier":"arterial"},"geometry":{"type":"LineString","coordinates":[[138.589989,-34.956595],[138.58999,-34.956499]]}},{"type":"Feature","properties":{"tier":"arterial"},"geometry":{"type":"LineString","coordinates":[[138.61913,-34.984881],[138.619108,-34.984843],[138.619103,-34.984798],[138.619079,-34.984416]]}},{"type":"Feature","properties":{"tier":"high"},"geometry":{"type":"LineString","coordinates":[[138.594804,-34.941452],[138.59485,-34.94145],[138.595868,-34.941398],[138.595998,-34.941391],[138.596056,-34.941388],[138.596443,-34.941369]]}},{"type":"Feature","properties":{"tier":"high"},"geometry":{"type":"LineString","coordinates":[[138.595142,-34.941602],[138.594813,-34.94162],[138.594388,-34.941645]]}},{"type":"Feature","properties":{"tier":"high"},"geometry":{"type":"LineString","coordinates":[[138.620678,-34.940146],[138.622655,-34.940059]]}},{"type":"Feature","properties":{"tier":"high"},"geometry":{"type":"LineString","coordinates":[[138.624306,-34.945863],[138.624481,-34.945957],[138.6246,-34.946023]]}},{"type":"Feature","properties":{"tier":"high"},"geometry":{"type":"LineString","coordinates":[[138.612744,-34.940719],[138.612593,-34.940727],[138.612143,-34.940749]]}},{"type":"Feature","properties":{"tier":"high"},"geometry":{"type":"LineString","coordinates":[[138.61579,-34.940561],[138.615621,-34.94057]]}},{"type":"Feature","properties":{"tier":"high"},"geometry":{"type":"LineString","coordinates":[[138.615621,-34.94057],[138.615382,-34.940413]]}},{"type":"Feature","properties":{"tier":"arterial"},"geometry":{"type":"LineString","coordinates":[[138.615382,-34.940413],[138.615252,-34.940334],[138.613774,-34.93945],[138.613165,-34.93907],[138.612971,-34.938952],[138.612924,-34.938925],[138.612812,-34.938863]]}},{"type":"Feature","properties":{"tier":"high"},"geometry":{"type":"LineString","coordinates":[[138.615382,-34.940413],[138.615546,-34.940407]]}},{"type":"Feature","properties":{"tier":"high"},"geometry":{"type":"LineString","coordinates":[[138.61579,-34.940561],[138.615884,-34.94063],[138.616106,-34.940773]]}},{"type":"Feature","properties":{"tier":"high"},"geometry":{"type":"LineString","coordinates":[[138.610374,-34.94066],[138.610433,-34.940744],[138.610397,-34.940834]]}},{"type":"Feature","properties":{"tier":"high"},"geometry":{"type":"LineString","coordinates":[[138.609285,-34.940888],[138.609191,-34.940833],[138.609159,-34.940798],[138.609152,-34.940771],[138.609178,-34.940723]]}},{"type":"Feature","properties":{"tier":"high"},"geometry":{"type":"LineString","coordinates":[[138.608828,-34.940744],[138.608916,-34.940768],[138.608963,-34.940785],[138.608987,-34.940803],[138.608998,-34.94082],[138.608985,-34.940862],[138.608963,-34.940889],[138.608946,-34.940905]]}},{"type":"Feature","properties":{"tier":"high"},"geometry":{"type":"LineString","coordinates":[[138.603041,-34.941019],[138.603066,-34.941052],[138.60312,-34.941059],[138.603205,-34.941067],[138.603254,-34.941079],[138.603267,-34.941094],[138.603272,-34.941121],[138.60318,-34.941203]]}},{"type":"Feature","properties":{"tier":"arterial"},"geometry":{"type":"LineString","coordinates":[[138.621696,-34.981817],[138.621815,-34.981554],[138.621984,-34.98116]]}},{"type":"Feature","properties":{"tier":"arterial"},"geometry":{"type":"LineString","coordinates":[[138.622112,-34.981079],[138.622066,-34.981184]]}},{"type":"Feature","properties":{"tier":"high"},"geometry":{"type":"LineString","coordinates":[[138.600595,-34.941324],[138.600474,-34.94133]]}},{"type":"Feature","properties":{"tier":"arterial"},"geometry":{"type":"LineString","coordinates":[[138.600661,-34.941146],[138.600595,-34.941324]]}},{"type":"Feature","properties":{"tier":"high"},"geometry":{"type":"LineString","coordinates":[[138.599287,-34.941225],[138.600273,-34.941168],[138.600328,-34.941165],[138.600371,-34.941163],[138.60044,-34.941159],[138.600535,-34.941151]]}},{"type":"Feature","properties":{"tier":"high"},"geometry":{"type":"LineString","coordinates":[[138.600535,-34.941151],[138.600661,-34.941146]]}},{"type":"Feature","properties":{"tier":"high"},"geometry":{"type":"LineString","coordinates":[[138.596443,-34.941369],[138.597352,-34.941323],[138.599287,-34.941225]]}},{"type":"Feature","properties":{"tier":"high"},"geometry":{"type":"LineString","coordinates":[[138.599403,-34.941378],[138.598905,-34.941407],[138.598703,-34.941418]]}},{"type":"Feature","properties":{"tier":"arterial"},"geometry":{"type":"LineString","coordinates":[[138.612731,-34.940544],[138.612744,-34.940719]]}},{"type":"Feature","properties":{"tier":"high"},"geometry":{"type":"LineString","coordinates":[[138.613727,-34.940664],[138.61291,-34.94071],[138.612885,-34.940711],[138.612744,-34.940719]]}},{"type":"Feature","properties":{"tier":"high"},"geometry":{"type":"LineString","coordinates":[[138.612731,-34.940544],[138.612913,-34.940535],[138.613524,-34.9405]]}},{"type":"Feature","properties":{"tier":"high"},"geometry":{"type":"LineString","coordinates":[[138.607835,-34.940961],[138.6075,-34.940979],[138.607174,-34.940996]]}},{"type":"Feature","properties":{"tier":"arterial"},"geometry":{"type":"LineString","coordinates":[[138.606741,-34.940849],[138.606749,-34.941018]]}},{"type":"Feature","properties":{"tier":"arterial"},"geometry":{"type":"LineString","coordinates":[[138.60665,-34.938457],[138.606729,-34.940528]]}},{"type":"Feature","properties":{"tier":"high"},"geometry":{"type":"LineString","coordinates":[[138.603041,-34.941019],[138.605342,-34.940911]]}},{"type":"Feature","properties":{"tier":"high"},"geometry":{"type":"LineString","coordinates":[[138.600661,-34.941146],[138.600779,-34.941139],[138.601211,-34.941114],[138.601974,-34.941071],[138.602059,-34.941066],[138.602145,-34.941061],[138.602293,-34.941052]]}},{"type":"Feature","properties":{"tier":"high"},"geometry":{"type":"LineString","coordinates":[[138.602165,-34.941253],[138.601988,-34.941261],[138.601385,-34.941288],[138.600743,-34.941317],[138.600708,-34.941319],[138.600595,-34.941324]]}},{"type":"Feature","properties":{"tier":"arterial"},"geometry":{"type":"LineString","coordinates":[[138.598919,-34.965973],[138.598908,-34.965887]]}},{"type":"Feature","properties":{"tier":"high"},"geometry":{"type":"LineString","coordinates":[[138.59958,-34.965857],[138.599645,-34.965854],[138.600442,-34.965815]]}},{"type":"Feature","properties":{"tier":"high"},"geometry":{"type":"LineString","coordinates":[[138.600448,-34.965899],[138.599733,-34.965933],[138.599692,-34.965935],[138.599587,-34.96594]]}},{"type":"Feature","properties":{"tier":"high"},"geometry":{"type":"LineString","coordinates":[[138.600928,-34.965786],[138.601156,-34.965774]]}},{"type":"Feature","properties":{"tier":"high"},"geometry":{"type":"LineString","coordinates":[[138.603335,-34.965756],[138.602505,-34.965797],[138.601235,-34.965857]]}},{"type":"Feature","properties":{"tier":"high"},"geometry":{"type":"LineString","coordinates":[[138.606623,-34.965578],[138.605537,-34.96563],[138.6042,-34.965701]]}},{"type":"Feature","properties":{"tier":"high"},"geometry":{"type":"LineString","coordinates":[[138.603328,-34.965674],[138.604193,-34.965627]]}},{"type":"Feature","properties":{"tier":"regional"},"geometry":{"type":"LineString","coordinates":[[138.599587,-34.96594],[138.59958,-34.965857]]}},{"type":"Feature","properties":{"tier":"high"},"geometry":{"type":"LineString","coordinates":[[138.595727,-34.966051],[138.596643,-34.966003],[138.59667,-34.966002],[138.5971,-34.96598],[138.597236,-34.965973],[138.597285,-34.96597],[138.597487,-34.96596],[138.597519,-34.965958]]}},{"type":"Feature","properties":{"tier":"high"},"geometry":{"type":"LineString","coordinates":[[138.597127,-34.966062],[138.596659,-34.966087],[138.595735,-34.966136]]}},{"type":"Feature","properties":{"tier":"high"},"geometry":{"type":"LineString","coordinates":[[138.619536,-34.964918],[138.6187,-34.964988],[138.617631,-34.965035]]}},{"type":"Feature","properties":{"tier":"high"},"geometry":{"type":"LineString","coordinates":[[138.617627,-34.96495],[138.61812,-34.964934],[138.618368,-34.964926],[138.618769,-34.964913],[138.618887,-34.964914],[138.61916,-34.964916],[138.619419,-34.964917],[138.619536,-34.964918]]}},{"type":"Feature","properties":{"tier":"arterial"},"geometry":{"type":"LineString","coordinates":[[138.56248,-34.993386],[138.562522,-34.993384],[138.562866,-34.993367],[138.56362,-34.993329],[138.563881,-34.993316]]}},{"type":"Feature","properties":{"tier":"arterial"},"geometry":{"type":"LineString","coordinates":[[138.59306,-34.997422],[138.59302,-34.996875],[138.592996,-34.99654],[138.592982,-34.996339]]}},{"type":"Feature","properties":{"tier":"arterial"},"geometry":{"type":"LineString","coordinates":[[138.593114,-34.996333],[138.593152,-34.996869],[138.593188,-34.99737],[138.593243,-34.998158],[138.593262,-34.998421],[138.593291,-34.998837]]}},{"type":"Feature","properties":{"tier":"arterial"},"geometry":{"type":"LineString","coordinates":[[138.577998,-34.94179],[138.577966,-34.941688]]}},{"type":"Feature","properties":{"tier":"high"},"geometry":{"type":"LineString","coordinates":[[138.588989,-34.941752],[138.589107,-34.941745],[138.58938,-34.941728]]}},{"type":"Feature","properties":{"tier":"high"},"geometry":{"type":"LineString","coordinates":[[138.589008,-34.941932],[138.588893,-34.941938]]}},{"type":"Feature","properties":{"tier":"arterial"},"geometry":{"type":"LineString","coordinates":[[138.582844,-34.942118],[138.582901,-34.942052],[138.58309,-34.94183]]}},{"type":"Feature","properties":{"tier":"high"},"geometry":{"type":"LineString","coordinates":[[138.573687,-34.978064],[138.573685,-34.978034],[138.573676,-34.977887],[138.573623,-34.977]]}},{"type":"Feature","properties":{"tier":"high"},"geometry":{"type":"LineString","coordinates":[[138.573824,-34.97803],[138.573826,-34.978061]]}},{"type":"Feature","properties":{"tier":"regional"},"geometry":{"type":"LineString","coordinates":[[138.573831,-34.978138],[138.573692,-34.978141]]}},{"type":"Feature","properties":{"tier":"high"},"geometry":{"type":"LineString","coordinates":[[138.573699,-34.978265],[138.573697,-34.978229],[138.573692,-34.978141]]}},{"type":"Feature","properties":{"tier":"high"},"geometry":{"type":"LineString","coordinates":[[138.573777,-34.979534],[138.573767,-34.979404]]}},{"type":"Feature","properties":{"tier":"high"},"geometry":{"type":"LineString","coordinates":[[138.573984,-34.980587],[138.573991,-34.980686],[138.574008,-34.98092]]}},{"type":"Feature","properties":{"tier":"high"},"geometry":{"type":"LineString","coordinates":[[138.573782,-34.979609],[138.573777,-34.979534]]}},{"type":"Feature","properties":{"tier":"high"},"geometry":{"type":"LineString","coordinates":[[138.573788,-34.979696],[138.573782,-34.979609]]}},{"type":"Feature","properties":{"tier":"high"},"geometry":{"type":"LineString","coordinates":[[138.573974,-34.981925],[138.573958,-34.981761],[138.573881,-34.980979]]}},{"type":"Feature","properties":{"tier":"high"},"geometry":{"type":"LineString","coordinates":[[138.574076,-34.983175],[138.574071,-34.983058],[138.574032,-34.982588],[138.573997,-34.982201],[138.573974,-34.981925]]}},{"type":"Feature","properties":{"tier":"high"},"geometry":{"type":"LineString","coordinates":[[138.574008,-34.98092],[138.574015,-34.980984],[138.574028,-34.981102],[138.574047,-34.981295],[138.574067,-34.981495],[138.574108,-34.981915]]}},{"type":"Feature","properties":{"tier":"high"},"geometry":{"type":"LineString","coordinates":[[138.574214,-34.983324],[138.574269,-34.984111]]}},{"type":"Feature","properties":{"tier":"high"},"geometry":{"type":"LineString","coordinates":[[138.574203,-34.98317],[138.574214,-34.983324]]}},{"type":"Feature","properties":{"tier":"high"},"geometry":{"type":"LineString","coordinates":[[138.574085,-34.983275],[138.574076,-34.983175]]}},{"type":"Feature","properties":{"tier":"high"},"geometry":{"type":"LineString","coordinates":[[138.574152,-34.984123],[138.574085,-34.983275]]}},{"type":"Feature","properties":{"tier":"high"},"geometry":{"type":"LineString","coordinates":[[138.574219,-34.984969],[138.574211,-34.984866],[138.574152,-34.984123]]}},{"type":"Feature","properties":{"tier":"high"},"geometry":{"type":"LineString","coordinates":[[138.574317,-34.984837],[138.574326,-34.984965]]}},{"type":"Feature","properties":{"tier":"high"},"geometry":{"type":"LineString","coordinates":[[138.574326,-34.984965],[138.57433,-34.985008]]}},{"type":"Feature","properties":{"tier":"high"},"geometry":{"type":"LineString","coordinates":[[138.574269,-34.984111],[138.574317,-34.984837]]}},{"type":"Feature","properties":{"tier":"high"},"geometry":{"type":"LineString","coordinates":[[138.574222,-34.985013],[138.574219,-34.984969]]}},{"type":"Feature","properties":{"tier":"high"},"geometry":{"type":"LineString","coordinates":[[138.574302,-34.986413],[138.574225,-34.985042],[138.574222,-34.985013]]}},{"type":"Feature","properties":{"tier":"high"},"geometry":{"type":"LineString","coordinates":[[138.57438,-34.98729],[138.574302,-34.986413]]}},{"type":"Feature","properties":{"tier":"high"},"geometry":{"type":"LineString","coordinates":[[138.574405,-34.987631],[138.57438,-34.98729]]}},{"type":"Feature","properties":{"tier":"high"},"geometry":{"type":"LineString","coordinates":[[138.574509,-34.987283],[138.574533,-34.987625]]}},{"type":"Feature","properties":{"tier":"high"},"geometry":{"type":"LineString","coordinates":[[138.574447,-34.986405],[138.574509,-34.987283]]}},{"type":"Feature","properties":{"tier":"high"},"geometry":{"type":"LineString","coordinates":[[138.574533,-34.987625],[138.574613,-34.988575]]}},{"type":"Feature","properties":{"tier":"high"},"geometry":{"type":"LineString","coordinates":[[138.574476,-34.988582],[138.574405,-34.987631]]}},{"type":"Feature","properties":{"tier":"high"},"geometry":{"type":"LineString","coordinates":[[138.574613,-34.988575],[138.574625,-34.988755]]}},{"type":"Feature","properties":{"tier":"high"},"geometry":{"type":"LineString","coordinates":[[138.574555,-34.989586],[138.574506,-34.988956],[138.574496,-34.988834],[138.574476,-34.988582]]}},{"type":"Feature","properties":{"tier":"high"},"geometry":{"type":"LineString","coordinates":[[138.574761,-34.992162],[138.574665,-34.991041],[138.574564,-34.98969],[138.574555,-34.989586]]}},{"type":"Feature","properties":{"tier":"high"},"geometry":{"type":"LineString","coordinates":[[138.574625,-34.988755],[138.574692,-34.989578]]}},{"type":"Feature","properties":{"tier":"high"},"geometry":{"type":"LineString","coordinates":[[138.574692,-34.989578],[138.574699,-34.989674],[138.574742,-34.990257],[138.574772,-34.990672],[138.574793,-34.990955]]}},{"type":"Feature","properties":{"tier":"arterial"},"geometry":{"type":"LineString","coordinates":[[138.591662,-34.976869],[138.591665,-34.976899],[138.591687,-34.977115],[138.591689,-34.97714],[138.591698,-34.97723]]}},{"type":"Feature","properties":{"tier":"arterial"},"geometry":{"type":"LineString","coordinates":[[138.591452,-34.975967],[138.591469,-34.975637]]}},{"type":"Feature","properties":{"tier":"regional"},"geometry":{"type":"LineString","coordinates":[[138.59157,-34.977252],[138.591698,-34.97723]]}},{"type":"Feature","properties":{"tier":"arterial"},"geometry":{"type":"LineString","coordinates":[[138.591698,-34.97723],[138.591705,-34.977302],[138.591719,-34.977449],[138.591774,-34.978026]]}},{"type":"Feature","properties":{"tier":"arterial"},"geometry":{"type":"LineString","coordinates":[[138.591658,-34.978382],[138.591615,-34.97783],[138.591605,-34.977696],[138.591599,-34.977627],[138.591589,-34.977493],[138.591577,-34.977341],[138.591575,-34.977316],[138.59157,-34.977252]]}},{"type":"Feature","properties":{"tier":"arterial"},"geometry":{"type":"LineString","coordinates":[[138.591874,-34.979589],[138.591905,-34.979984]]}},{"type":"Feature","properties":{"tier":"arterial"},"geometry":{"type":"LineString","coordinates":[[138.591774,-34.978026],[138.591858,-34.979379]]}},{"type":"Feature","properties":{"tier":"arterial"},"geometry":{"type":"LineString","coordinates":[[138.591752,-34.979484],[138.591711,-34.97901],[138.591658,-34.978382]]}},{"type":"Feature","properties":{"tier":"arterial"},"geometry":{"type":"LineString","coordinates":[[138.591825,-34.98047],[138.591752,-34.979484]]}},{"type":"Feature","properties":{"tier":"arterial"},"geometry":{"type":"LineString","coordinates":[[138.592432,-34.986973],[138.592446,-34.987165],[138.592482,-34.987651]]}},{"type":"Feature","properties":{"tier":"arterial"},"geometry":{"type":"LineString","coordinates":[[138.592362,-34.986027],[138.592428,-34.986922],[138.592432,-34.986973]]}},{"type":"Feature","properties":{"tier":"arterial"},"geometry":{"type":"LineString","coordinates":[[138.592304,-34.986845],[138.592281,-34.986539],[138.592266,-34.986352],[138.592234,-34.985935]]}},{"type":"Feature","properties":{"tier":"arterial"},"geometry":{"type":"LineString","coordinates":[[138.592567,-34.99064],[138.592532,-34.990012]]}},{"type":"Feature","properties":{"tier":"high"},"geometry":{"type":"LineString","coordinates":[[138.575037,-34.994458],[138.575067,-34.994843]]}},{"type":"Feature","properties":{"tier":"high"},"geometry":{"type":"LineString","coordinates":[[138.574998,-34.993873],[138.575037,-34.994458]]}},{"type":"Feature","properties":{"tier":"high"},"geometry":{"type":"LineString","coordinates":[[138.574908,-34.994463],[138.574853,-34.993428],[138.574835,-34.993093],[138.574825,-34.99293],[138.574823,-34.992893],[138.57482,-34.99286]]}},{"type":"Feature","properties":{"tier":"high"},"geometry":{"type":"LineString","coordinates":[[138.574937,-34.994847],[138.574908,-34.994463]]}},{"type":"Feature","properties":{"tier":"arterial"},"geometry":{"type":"LineString","coordinates":[[138.591983,-34.991771],[138.591495,-34.991973],[138.591258,-34.992042],[138.590997,-34.992103],[138.590909,-34.99211],[138.590781,-34.99212]]}},{"type":"Feature","properties":{"tier":"arterial"},"geometry":{"type":"LineString","coordinates":[[138.593,-34.994996],[138.593114,-34.996333]]}},{"type":"Feature","properties":{"tier":"arterial"},"geometry":{"type":"LineString","coordinates":[[138.592982,-34.996339],[138.592882,-34.995004]]}},{"type":"Feature","properties":{"tier":"high"},"geometry":{"type":"LineString","coordinates":[[138.579761,-34.945985],[138.579376,-34.946444],[138.578639,-34.947303],[138.578387,-34.947597]]}},{"type":"Feature","properties":{"tier":"regional"},"geometry":{"type":"LineString","coordinates":[[138.579548,-34.945996],[138.579422,-34.945956],[138.579241,-34.945927]]}},{"type":"Feature","properties":{"tier":"regional"},"geometry":{"type":"LineString","coordinates":[[138.579241,-34.945927],[138.579419,-34.945896],[138.579464,-34.9459],[138.579495,-34.945902],[138.579617,-34.945915]]}},{"type":"Feature","properties":{"tier":"arterial"},"geometry":{"type":"LineString","coordinates":[[138.577725,-34.941703],[138.577783,-34.941658],[138.577844,-34.941625],[138.577856,-34.941618],[138.577885,-34.941577],[138.577934,-34.941499]]}},{"type":"Feature","properties":{"tier":"arterial"},"geometry":{"type":"LineString","coordinates":[[138.577941,-34.94154],[138.578009,-34.941619],[138.578045,-34.941642],[138.578088,-34.941668],[138.578151,-34.941682]]}},{"type":"Feature","properties":{"tier":"arterial"},"geometry":{"type":"LineString","coordinates":[[138.577998,-34.94179],[138.577182,-34.941827]]}},{"type":"Feature","properties":{"tier":"arterial"},"geometry":{"type":"LineString","coordinates":[[138.578186,-34.94178],[138.578156,-34.941811],[138.578146,-34.941825],[138.578128,-34.94185],[138.578084,-34.941904],[138.578047,-34.941979]]}},{"type":"Feature","properties":{"tier":"arterial"},"geometry":{"type":"LineString","coordinates":[[138.590856,-34.967505],[138.590865,-34.967634]]}},{"type":"Feature","properties":{"tier":"high"},"geometry":{"type":"LineString","coordinates":[[138.581761,-34.966854],[138.581612,-34.966862],[138.580585,-34.966913]]}},{"type":"Feature","properties":{"tier":"high"},"geometry":{"type":"LineString","coordinates":[[138.581754,-34.96677],[138.581894,-34.966763],[138.582844,-34.96671],[138.583013,-34.9667]]}},{"type":"Feature","properties":{"tier":"high"},"geometry":{"type":"LineString","coordinates":[[138.575026,-34.996077],[138.574986,-34.995511],[138.574984,-34.995483],[138.57497,-34.995286],[138.574937,-34.994847]]}},{"type":"Feature","properties":{"tier":"high"},"geometry":{"type":"LineString","coordinates":[[138.575314,-34.999721],[138.575309,-34.999656],[138.575255,-34.999032],[138.575241,-34.998869]]}},{"type":"Feature","properties":{"tier":"high"},"geometry":{"type":"LineString","coordinates":[[138.575338,-35.00002],[138.575322,-34.999824],[138.575314,-34.999721]]}},{"type":"Feature","properties":{"tier":"high"},"geometry":{"type":"LineString","coordinates":[[138.575446,-34.999715],[138.575472,-35.00002]]}},{"type":"Feature","properties":{"tier":"high"},"geometry":{"type":"LineString","coordinates":[[138.57537,-34.998862],[138.57544,-34.999643],[138.575443,-34.99967],[138.575446,-34.999715]]}},{"type":"Feature","properties":{"tier":"regional"},"geometry":{"type":"LineString","coordinates":[[138.592658,-34.999976],[138.592572,-34.999909]]}},{"type":"Feature","properties":{"tier":"arterial"},"geometry":{"type":"LineString","coordinates":[[138.592658,-34.999976],[138.592611,-35.00002]]}},{"type":"Feature","properties":{"tier":"arterial"},"geometry":{"type":"LineString","coordinates":[[138.592449,-35.00002],[138.592572,-34.999909]]}},{"type":"Feature","properties":{"tier":"high"},"geometry":{"type":"LineString","coordinates":[[138.575162,-34.996071],[138.575202,-34.996664],[138.575228,-34.997006]]}},{"type":"Feature","properties":{"tier":"high"},"geometry":{"type":"LineString","coordinates":[[138.575098,-34.99701],[138.575039,-34.996235],[138.575026,-34.996077]]}},{"type":"Feature","properties":{"tier":"high"},"geometry":{"type":"LineString","coordinates":[[138.575263,-34.997452],[138.575287,-34.997755],[138.575322,-34.998205],[138.575334,-34.998354]]}},{"type":"Feature","properties":{"tier":"high"},"geometry":{"type":"LineString","coordinates":[[138.575228,-34.997006],[138.575263,-34.997452]]}},{"type":"Feature","properties":{"tier":"high"},"geometry":{"type":"LineString","coordinates":[[138.575145,-34.997457],[138.575098,-34.99701]]}},{"type":"Feature","properties":{"tier":"high"},"geometry":{"type":"LineString","coordinates":[[138.575241,-34.998869],[138.575205,-34.998359]]}},{"type":"Feature","properties":{"tier":"high"},"geometry":{"type":"LineString","coordinates":[[138.575334,-34.998354],[138.575343,-34.998466],[138.57537,-34.998862]]}},{"type":"Feature","properties":{"tier":"high"},"geometry":{"type":"LineString","coordinates":[[138.575205,-34.998359],[138.575176,-34.997915],[138.575145,-34.997457]]}},{"type":"Feature","properties":{"tier":"high"},"geometry":{"type":"LineString","coordinates":[[138.571331,-34.95342],[138.571251,-34.953476],[138.57105,-34.953615]]}},{"type":"Feature","properties":{"tier":"high"},"geometry":{"type":"LineString","coordinates":[[138.57076,-34.953575],[138.571199,-34.953286],[138.57124,-34.953259],[138.571304,-34.953216]]}},{"type":"Feature","properties":{"tier":"high"},"geometry":{"type":"LineString","coordinates":[[138.571902,-34.952822],[138.571974,-34.952775],[138.572235,-34.952603]]}},{"type":"Feature","properties":{"tier":"high"},"geometry":{"type":"LineString","coordinates":[[138.571463,-34.946311],[138.571468,-34.946388],[138.571474,-34.946501],[138.571557,-34.94762]]}},{"type":"Feature","properties":{"tier":"high"},"geometry":{"type":"LineString","coordinates":[[138.571466,-34.947655],[138.571418,-34.94717],[138.571344,-34.946431],[138.571343,-34.946397],[138.571339,-34.946317]]}},{"type":"Feature","properties":{"tier":"high"},"geometry":{"type":"LineString","coordinates":[[138.571491,-34.948777],[138.57149,-34.948292],[138.571483,-34.948096],[138.571466,-34.947655]]}},{"type":"Feature","properties":{"tier":"high"},"geometry":{"type":"LineString","coordinates":[[138.571275,-34.945414],[138.571223,-34.944679]]}},{"type":"Feature","properties":{"tier":"high"},"geometry":{"type":"LineString","coordinates":[[138.571342,-34.94467],[138.571354,-34.944827]]}},{"type":"Feature","properties":{"tier":"high"},"geometry":{"type":"LineString","coordinates":[[138.571339,-34.946317],[138.571332,-34.946224],[138.571275,-34.945414]]}},{"type":"Feature","properties":{"tier":"high"},"geometry":{"type":"LineString","coordinates":[[138.571354,-34.944827],[138.571459,-34.946187],[138.57146,-34.946214],[138.571463,-34.946311]]}},{"type":"Feature","properties":{"tier":"high"},"geometry":{"type":"LineString","coordinates":[[138.571276,-34.943864],[138.571342,-34.94467]]}},{"type":"Feature","properties":{"tier":"high"},"geometry":{"type":"LineString","coordinates":[[138.571223,-34.944679],[138.571164,-34.943869]]}},{"type":"Feature","properties":{"tier":"arterial"},"geometry":{"type":"LineString","coordinates":[[138.57103,-34.942141],[138.570853,-34.942148],[138.570556,-34.942164],[138.570361,-34.942169]]}},{"type":"Feature","properties":{"tier":"arterial"},"geometry":{"type":"LineString","coordinates":[[138.570348,-34.942071],[138.570844,-34.942052],[138.570893,-34.942052],[138.571019,-34.942042]]}},{"type":"Feature","properties":{"tier":"arterial"},"geometry":{"type":"LineString","coordinates":[[138.571019,-34.942042],[138.571161,-34.942031]]}},{"type":"Feature","properties":{"tier":"high"},"geometry":{"type":"LineString","coordinates":[[138.571233,-34.94311],[138.571276,-34.943864]]}},{"type":"Feature","properties":{"tier":"high"},"geometry":{"type":"LineString","coordinates":[[138.571164,-34.943869],[138.571117,-34.9432],[138.571117,-34.943199],[138.571113,-34.943136],[138.571099,-34.943017]]}},{"type":"Feature","properties":{"tier":"arterial"},"geometry":{"type":"LineString","coordinates":[[138.571165,-34.942129],[138.57103,-34.942141]]}},{"type":"Feature","properties":{"tier":"high"},"geometry":{"type":"LineString","coordinates":[[138.570873,-34.940161],[138.570863,-34.940022]]}},{"type":"Feature","properties":{"tier":"high"},"geometry":{"type":"LineString","coordinates":[[138.570884,-34.94031],[138.570873,-34.940161]]}},{"type":"Feature","properties":{"tier":"high"},"geometry":{"type":"LineString","coordinates":[[138.571019,-34.942042],[138.571012,-34.941936],[138.57097,-34.941241],[138.570884,-34.94031]]}},{"type":"Feature","properties":{"tier":"high"},"geometry":{"type":"LineString","coordinates":[[138.571012,-34.940151],[138.571024,-34.940306]]}},{"type":"Feature","properties":{"tier":"high"},"geometry":{"type":"LineString","coordinates":[[138.571,-34.940018],[138.571012,-34.940151]]}},{"type":"Feature","properties":{"tier":"high"},"geometry":{"type":"LineString","coordinates":[[138.570827,-34.937507],[138.570829,-34.937525],[138.570839,-34.937685]]}},{"type":"Feature","properties":{"tier":"high"},"geometry":{"type":"LineString","coordinates":[[138.57093,-34.939312],[138.571,-34.940018]]}},{"type":"Feature","properties":{"tier":"high"},"geometry":{"type":"LineString","coordinates":[[138.570863,-34.940022],[138.570821,-34.939315]]}},{"type":"Feature","properties":{"tier":"high"},"geometry":{"type":"LineString","coordinates":[[138.570839,-34.937685],[138.570904,-34.938589],[138.57093,-34.939312]]}},{"type":"Feature","properties":{"tier":"arterial"},"geometry":{"type":"LineString","coordinates":[[138.564232,-34.94248],[138.564145,-34.942484],[138.563893,-34.942495],[138.563711,-34.942505],[138.563586,-34.942512],[138.563195,-34.942535],[138.562658,-34.942565],[138.56248,-34.942575]]}},{"type":"Feature","properties":{"tier":"arterial"},"geometry":{"type":"LineString","coordinates":[[138.565164,-34.942439],[138.564718,-34.942458],[138.564339,-34.942475],[138.564232,-34.94248]]}},{"type":"Feature","properties":{"tier":"arterial"},"geometry":{"type":"LineString","coordinates":[[138.564254,-34.942367],[138.564535,-34.942353],[138.565155,-34.942322]]}},{"type":"Feature","properties":{"tier":"arterial"},"geometry":{"type":"LineString","coordinates":[[138.56248,-34.942454],[138.564254,-34.942367]]}},{"type":"Feature","properties":{"tier":"arterial"},"geometry":{"type":"LineString","coordinates":[[138.565662,-34.942415],[138.565164,-34.942439]]}},{"type":"Feature","properties":{"tier":"arterial"},"geometry":{"type":"LineString","coordinates":[[138.566399,-34.94236],[138.565662,-34.942415]]}},{"type":"Feature","properties":{"tier":"arterial"},"geometry":{"type":"LineString","coordinates":[[138.566392,-34.942277],[138.566543,-34.942271]]}},{"type":"Feature","properties":{"tier":"arterial"},"geometry":{"type":"LineString","coordinates":[[138.565648,-34.942308],[138.565897,-34.942298],[138.566392,-34.942277]]}},{"type":"Feature","properties":{"tier":"arterial"},"geometry":{"type":"LineString","coordinates":[[138.567738,-34.942281],[138.567286,-34.942307]]}},{"type":"Feature","properties":{"tier":"regional"},"geometry":{"type":"LineString","coordinates":[[138.567738,-34.942281],[138.567736,-34.9422]]}},{"type":"Feature","properties":{"tier":"arterial"},"geometry":{"type":"LineString","coordinates":[[138.567281,-34.942227],[138.567736,-34.9422]]}},{"type":"Feature","properties":{"tier":"arterial"},"geometry":{"type":"LineString","coordinates":[[138.566543,-34.942271],[138.567281,-34.942227]]}},{"type":"Feature","properties":{"tier":"arterial"},"geometry":{"type":"LineString","coordinates":[[138.568512,-34.942233],[138.567832,-34.942279],[138.567738,-34.942281]]}},{"type":"Feature","properties":{"tier":"arterial"},"geometry":{"type":"LineString","coordinates":[[138.567736,-34.9422],[138.567829,-34.942195],[138.568526,-34.942174]]}},{"type":"Feature","properties":{"tier":"regional"},"geometry":{"type":"LineString","coordinates":[[138.563598,-34.963416],[138.563569,-34.963342]]}},{"type":"Feature","properties":{"tier":"regional"},"geometry":{"type":"LineString","coordinates":[[138.563624,-34.963338],[138.563598,-34.963416]]}},{"type":"Feature","properties":{"tier":"regional"},"geometry":{"type":"LineString","coordinates":[[138.563176,-34.958456],[138.563214,-34.958541],[138.563231,-34.958635]]}},{"type":"Feature","properties":{"tier":"high"},"geometry":{"type":"LineString","coordinates":[[138.572316,-34.959378],[138.572265,-34.958586]]}},{"type":"Feature","properties":{"tier":"high"},"geometry":{"type":"LineString","coordinates":[[138.572395,-34.960264],[138.572382,-34.960078]]}},{"type":"Feature","properties":{"tier":"high"},"geometry":{"type":"LineString","coordinates":[[138.572377,-34.95859],[138.572447,-34.95937]]}},{"type":"Feature","properties":{"tier":"high"},"geometry":{"type":"LineString","coordinates":[[138.572501,-34.960259],[138.572506,-34.960334]]}},{"type":"Feature","properties":{"tier":"high"},"geometry":{"type":"LineString","coordinates":[[138.572443,-34.960919],[138.572395,-34.960264]]}},{"type":"Feature","properties":{"tier":"high"},"geometry":{"type":"LineString","coordinates":[[138.572508,-34.961678],[138.572467,-34.961171]]}},{"type":"Feature","properties":{"tier":"high"},"geometry":{"type":"LineString","coordinates":[[138.572553,-34.960911],[138.572561,-34.96102],[138.572618,-34.961672]]}},{"type":"Feature","properties":{"tier":"high"},"geometry":{"type":"LineString","coordinates":[[138.572637,-34.962071],[138.572688,-34.96276]]}},{"type":"Feature","properties":{"tier":"high"},"geometry":{"type":"LineString","coordinates":[[138.572618,-34.961672],[138.572631,-34.9619]]}},{"type":"Feature","properties":{"tier":"high"},"geometry":{"type":"LineString","coordinates":[[138.572535,-34.962075],[138.572508,-34.961678]]}},{"type":"Feature","properties":{"tier":"high"},"geometry":{"type":"LineString","coordinates":[[138.57258,-34.962765],[138.572535,-34.962075]]}},{"type":"Feature","properties":{"tier":"high"},"geometry":{"type":"LineString","coordinates":[[138.572797,-34.967302],[138.572791,-34.967222]]}},{"type":"Feature","properties":{"tier":"high"},"geometry":{"type":"LineString","coordinates":[[138.573548,-34.967266],[138.573261,-34.96728],[138.57322,-34.967282],[138.573105,-34.967288]]}},{"type":"Feature","properties":{"tier":"high"},"geometry":{"type":"LineString","coordinates":[[138.57238,-34.967243],[138.572633,-34.96723],[138.572647,-34.967229],[138.572791,-34.967222]]}},{"type":"Feature","properties":{"tier":"high"},"geometry":{"type":"LineString","coordinates":[[138.573105,-34.967288],[138.57298,-34.967294],[138.572866,-34.967299],[138.572797,-34.967302]]}},{"type":"Feature","properties":{"tier":"high"},"geometry":{"type":"LineString","coordinates":[[138.573099,-34.967206],[138.573105,-34.967288]]}},{"type":"Feature","properties":{"tier":"high"},"geometry":{"type":"LineString","coordinates":[[138.572791,-34.967222],[138.572975,-34.967212],[138.573099,-34.967206]]}},{"type":"Feature","properties":{"tier":"high"},"geometry":{"type":"LineString","coordinates":[[138.571879,-34.967347],[138.571461,-34.967376],[138.570775,-34.967424],[138.570471,-34.967446],[138.570222,-34.967463],[138.570178,-34.967466]]}},{"type":"Feature","properties":{"tier":"high"},"geometry":{"type":"LineString","coordinates":[[138.570178,-34.967466],[138.568862,-34.967531]]}},{"type":"Feature","properties":{"tier":"high"},"geometry":{"type":"LineString","coordinates":[[138.572797,-34.967302],[138.572634,-34.96731],[138.571879,-34.967347]]}},{"type":"Feature","properties":{"tier":"high"},"geometry":{"type":"LineString","coordinates":[[138.57017,-34.967347],[138.571872,-34.967262],[138.572282,-34.967248],[138.57238,-34.967243]]}},{"type":"Feature","properties":{"tier":"high"},"geometry":{"type":"LineString","coordinates":[[138.568849,-34.967415],[138.57017,-34.967347]]}},{"type":"Feature","properties":{"tier":"high"},"geometry":{"type":"LineString","coordinates":[[138.567997,-34.967577],[138.567162,-34.967622]]}},{"type":"Feature","properties":{"tier":"high"},"geometry":{"type":"LineString","coordinates":[[138.568862,-34.967531],[138.567997,-34.967577]]}},{"type":"Feature","properties":{"tier":"high"},"geometry":{"type":"LineString","coordinates":[[138.567991,-34.967467],[138.568849,-34.967415]]}},{"type":"Feature","properties":{"tier":"high"},"geometry":{"type":"LineString","coordinates":[[138.567155,-34.967508],[138.567991,-34.967467]]}},{"type":"Feature","properties":{"tier":"high"},"geometry":{"type":"LineString","coordinates":[[138.566895,-34.967519],[138.567155,-34.967508]]}},{"type":"Feature","properties":{"tier":"high"},"geometry":{"type":"LineString","coordinates":[[138.566903,-34.967633],[138.565738,-34.967693]]}},{"type":"Feature","properties":{"tier":"high"},"geometry":{"type":"LineString","coordinates":[[138.567162,-34.967622],[138.566903,-34.967633]]}},{"type":"Feature","properties":{"tier":"high"},"geometry":{"type":"LineString","coordinates":[[138.565727,-34.967584],[138.566895,-34.967519]]}},{"type":"Feature","properties":{"tier":"regional"},"geometry":{"type":"LineString","coordinates":[[138.563926,-34.967791],[138.563921,-34.967677]]}},{"type":"Feature","properties":{"tier":"high"},"geometry":{"type":"LineString","coordinates":[[138.563926,-34.967791],[138.563588,-34.967807],[138.563472,-34.967811]]}},{"type":"Feature","properties":{"tier":"high"},"geometry":{"type":"LineString","coordinates":[[138.563466,-34.967697],[138.563715,-34.967686],[138.563792,-34.967683],[138.563921,-34.967677]]}},{"type":"Feature","properties":{"tier":"high"},"geometry":{"type":"LineString","coordinates":[[138.563472,-34.967811],[138.563352,-34.967816],[138.56248,-34.967858]]}},{"type":"Feature","properties":{"tier":"high"},"geometry":{"type":"LineString","coordinates":[[138.56248,-34.967744],[138.562847,-34.967726],[138.563064,-34.967716],[138.563319,-34.967704],[138.56334,-34.967703],[138.563466,-34.967697]]}},{"type":"Feature","properties":{"tier":"arterial"},"geometry":{"type":"LineString","coordinates":[[138.622716,-34.998328],[138.622848,-34.998423]]}},{"type":"Feature","properties":{"tier":"high"},"geometry":{"type":"LineString","coordinates":[[138.623807,-34.940038],[138.624307,-34.940072],[138.624347,-34.940073],[138.624417,-34.940077]]}},{"type":"Feature","properties":{"tier":"high"},"geometry":{"type":"LineString","coordinates":[[138.616097,-34.940546],[138.615931,-34.940554],[138.6159,-34.940556],[138.61579,-34.940561]]}},{"type":"Feature","properties":{"tier":"high"},"geometry":{"type":"LineString","coordinates":[[138.616106,-34.940773],[138.616352,-34.940921],[138.616416,-34.94096],[138.616475,-34.941013],[138.616568,-34.941098],[138.616583,-34.941111]]}},{"type":"Feature","properties":{"tier":"high"},"geometry":{"type":"LineString","coordinates":[[138.601156,-34.965774],[138.60123,-34.965771]]}},{"type":"Feature","properties":{"tier":"high"},"geometry":{"type":"LineString","coordinates":[[138.60123,-34.965771],[138.602498,-34.965714],[138.603328,-34.965674]]}},{"type":"Feature","properties":{"tier":"high"},"geometry":{"type":"LineString","coordinates":[[138.601164,-34.96586],[138.600935,-34.96587]]}},{"type":"Feature","properties":{"tier":"high"},"geometry":{"type":"LineString","coordinates":[[138.601235,-34.965857],[138.601164,-34.96586]]}},{"type":"Feature","properties":{"tier":"arterial"},"geometry":{"type":"LineString","coordinates":[[138.598584,-34.961346],[138.598577,-34.96126]]}},{"type":"Feature","properties":{"tier":"arterial"},"geometry":{"type":"LineString","coordinates":[[138.598577,-34.96126],[138.598535,-34.960686],[138.598529,-34.960609]]}},{"type":"Feature","properties":{"tier":"arterial"},"geometry":{"type":"LineString","coordinates":[[138.600679,-34.940734],[138.600765,-34.940419],[138.600798,-34.940192],[138.600811,-34.939982],[138.600631,-34.937551],[138.600626,-34.93748]]}},{"type":"Feature","properties":{"tier":"arterial"},"geometry":{"type":"LineString","coordinates":[[138.589676,-34.99205],[138.589758,-34.992046]]}},{"type":"Feature","properties":{"tier":"arterial"},"geometry":{"type":"LineString","coordinates":[[138.59067,-34.992128],[138.590292,-34.992143],[138.589554,-34.992173]]}},{"type":"Feature","properties":{"tier":"arterial"},"geometry":{"type":"LineString","coordinates":[[138.589062,-34.99208],[138.589676,-34.99205]]}},{"type":"Feature","properties":{"tier":"arterial"},"geometry":{"type":"LineString","coordinates":[[138.592616,-34.991397],[138.592543,-34.991439],[138.592466,-34.991483],[138.592284,-34.991588]]}},{"type":"Feature","properties":{"tier":"arterial"},"geometry":{"type":"LineString","coordinates":[[138.59095,-34.991955],[138.591069,-34.991937],[138.591219,-34.991905]]}},{"type":"Feature","properties":{"tier":"arterial"},"geometry":{"type":"LineString","coordinates":[[138.57695,-34.941799],[138.577166,-34.941736]]}},{"type":"Feature","properties":{"tier":"arterial"},"geometry":{"type":"LineString","coordinates":[[138.577182,-34.941827],[138.57695,-34.941799]]}},{"type":"Feature","properties":{"tier":"arterial"},"geometry":{"type":"LineString","coordinates":[[138.593086,-34.997772],[138.59306,-34.997422]]}},{"type":"Feature","properties":{"tier":"arterial"},"geometry":{"type":"LineString","coordinates":[[138.593163,-34.998838],[138.593133,-34.998425],[138.593129,-34.998366],[138.593086,-34.997772]]}},{"type":"Feature","properties":{"tier":"high"},"geometry":{"type":"LineString","coordinates":[[138.571367,-34.953738],[138.571357,-34.953662],[138.571344,-34.95354],[138.57134,-34.953501],[138.571331,-34.95342]]}},{"type":"Feature","properties":{"tier":"arterial"},"geometry":{"type":"LineString","coordinates":[[138.585629,-34.939164],[138.585053,-34.939824],[138.584832,-34.940083],[138.584386,-34.940606]]}},{"type":"Feature","properties":{"tier":"high"},"geometry":{"type":"LineString","coordinates":[[138.57482,-34.99286],[138.57481,-34.992747]]}},{"type":"Feature","properties":{"tier":"arterial"},"geometry":{"type":"LineString","coordinates":[[138.574931,-34.992854],[138.57482,-34.99286]]}},{"type":"Feature","properties":{"tier":"high"},"geometry":{"type":"LineString","coordinates":[[138.574922,-34.992739],[138.574931,-34.992854]]}},{"type":"Feature","properties":{"tier":"arterial"},"geometry":{"type":"LineString","coordinates":[[138.57481,-34.992747],[138.574922,-34.992739]]}},{"type":"Feature","properties":{"tier":"high"},"geometry":{"type":"LineString","coordinates":[[138.588354,-34.94179],[138.588729,-34.941767],[138.58875,-34.941766],[138.588878,-34.941758]]}},{"type":"Feature","properties":{"tier":"arterial"},"geometry":{"type":"LineString","coordinates":[[138.577966,-34.941688],[138.577959,-34.941646],[138.577956,-34.94163],[138.577941,-34.94154]]}},{"type":"Feature","properties":{"tier":"arterial"},"geometry":{"type":"LineString","coordinates":[[138.578186,-34.94178],[138.578129,-34.941783],[138.577998,-34.94179]]}},{"type":"Feature","properties":{"tier":"high"},"geometry":{"type":"LineString","coordinates":[[138.582399,-34.942642],[138.582645,-34.942353],[138.582666,-34.942328]]}},{"type":"Feature","properties":{"tier":"high"},"geometry":{"type":"LineString","coordinates":[[138.596121,-34.941549],[138.596012,-34.941556],[138.595142,-34.941602]]}},{"type":"Feature","properties":{"tier":"high"},"geometry":{"type":"LineString","coordinates":[[138.62449,-34.939676],[138.624541,-34.93996],[138.624545,-34.939986],[138.624562,-34.940083]]}},{"type":"Feature","properties":{"tier":"high"},"geometry":{"type":"LineString","coordinates":[[138.624586,-34.940218],[138.624441,-34.940213]]}},{"type":"Feature","properties":{"tier":"high"},"geometry":{"type":"LineString","coordinates":[[138.624417,-34.940077],[138.624562,-34.940083]]}},{"type":"Feature","properties":{"tier":"high"},"geometry":{"type":"LineString","coordinates":[[138.624441,-34.940213],[138.624417,-34.940077]]}},{"type":"Feature","properties":{"tier":"arterial"},"geometry":{"type":"LineString","coordinates":[[138.624492,-34.940511],[138.624459,-34.940318],[138.62445,-34.940269],[138.624441,-34.940213]]}},{"type":"Feature","properties":{"tier":"regional"},"geometry":{"type":"LineString","coordinates":[[138.591006,-34.977285],[138.591442,-34.977259],[138.59148,-34.977257],[138.59157,-34.977252]]}},{"type":"Feature","properties":{"tier":"high"},"geometry":{"type":"LineString","coordinates":[[138.621053,-34.943878],[138.621127,-34.943923],[138.621165,-34.943946],[138.621404,-34.944091],[138.621786,-34.944323],[138.621962,-34.94443],[138.622085,-34.944505],[138.622096,-34.944512]]}},{"type":"Feature","properties":{"tier":"high"},"geometry":{"type":"LineString","coordinates":[[138.620909,-34.94379],[138.620948,-34.943814],[138.620993,-34.943842],[138.621053,-34.943878]]}},{"type":"Feature","properties":{"tier":"arterial"},"geometry":{"type":"LineString","coordinates":[[138.623597,-34.97924],[138.623337,-34.979452]]}},{"type":"Feature","properties":{"tier":"arterial"},"geometry":{"type":"LineString","coordinates":[[138.59072,-34.965758],[138.590803,-34.965947],[138.590808,-34.965992]]}},{"type":"Feature","properties":{"tier":"arterial"},"geometry":{"type":"LineString","coordinates":[[138.575192,-34.992843],[138.575061,-34.992849],[138.57503,-34.99285],[138.574931,-34.992854]]}},{"type":"Feature","properties":{"tier":"regional"},"geometry":{"type":"LineString","coordinates":[[138.583684,-34.992347],[138.583693,-34.992479]]}},{"type":"Feature","properties":{"tier":"arterial"},"geometry":{"type":"LineString","coordinates":[[138.589554,-34.992173],[138.589004,-34.992204]]}},{"type":"Feature","properties":{"tier":"high"},"geometry":{"type":"LineString","coordinates":[[138.573801,-34.979885],[138.573795,-34.97979],[138.573788,-34.979696]]}},{"type":"Feature","properties":{"tier":"high"},"geometry":{"type":"LineString","coordinates":[[138.571463,-34.949885],[138.571478,-34.949322]]}},{"type":"Feature","properties":{"tier":"high"},"geometry":{"type":"LineString","coordinates":[[138.571434,-34.950258],[138.571444,-34.950088],[138.571463,-34.949885]]}},{"type":"Feature","properties":{"tier":"regional"},"geometry":{"type":"LineString","coordinates":[[138.619826,-34.95716],[138.618828,-34.957201],[138.617708,-34.957246],[138.616856,-34.95729],[138.616175,-34.957321],[138.61493,-34.957384],[138.614903,-34.957386],[138.614819,-34.957392],[138.61472,-34.957397],[138.61469,-34.957399],[138.612696,-34.957498]]}},{"type":"Feature","properties":{"tier":"high"},"geometry":{"type":"LineString","coordinates":[[138.577272,-34.948899],[138.577186,-34.949001],[138.577081,-34.949106]]}},{"type":"Feature","properties":{"tier":"arterial"},"geometry":{"type":"LineString","coordinates":[[138.608601,-34.965197],[138.60861,-34.965316],[138.608613,-34.965356],[138.608617,-34.965411]]}},{"type":"Feature","properties":{"tier":"high"},"geometry":{"type":"LineString","coordinates":[[138.570777,-34.938291],[138.570718,-34.937572]]}},{"type":"Feature","properties":{"tier":"arterial"},"geometry":{"type":"LineString","coordinates":[[138.588927,-34.942353],[138.5889,-34.942027],[138.588899,-34.942012],[138.588893,-34.941938]]}},{"type":"Feature","properties":{"tier":"high"},"geometry":{"type":"LineString","coordinates":[[138.578135,-34.947891],[138.577576,-34.948546]]}},{"type":"Feature","properties":{"tier":"arterial"},"geometry":{"type":"LineString","coordinates":[[138.607794,-34.954753],[138.607811,-34.954862]]}},{"type":"Feature","properties":{"tier":"arterial"},"geometry":{"type":"LineString","coordinates":[[138.607555,-34.951674],[138.607585,-34.952063],[138.607588,-34.952107],[138.607599,-34.952248],[138.607605,-34.952322]]}},{"type":"Feature","properties":{"tier":"high"},"geometry":{"type":"LineString","coordinates":[[138.591135,-34.966367],[138.590997,-34.966375],[138.590988,-34.966375],[138.590917,-34.966379],[138.590851,-34.966382]]}},{"type":"Feature","properties":{"tier":"arterial"},"geometry":{"type":"LineString","coordinates":[[138.618952,-34.983498],[138.6189,-34.983492],[138.618866,-34.98348],[138.618824,-34.983448],[138.618801,-34.983409],[138.618796,-34.983387]]}},{"type":"Feature","properties":{"tier":"arterial"},"geometry":{"type":"LineString","coordinates":[[138.624843,-34.997829],[138.62502,-34.997694]]}},{"type":"Feature","properties":{"tier":"arterial"},"geometry":{"type":"LineString","coordinates":[[138.62502,-34.995885],[138.624994,-34.995852],[138.624888,-34.995719],[138.624737,-34.995434],[138.624578,-34.994947],[138.624514,-34.994534],[138.624539,-34.99434],[138.624613,-34.994235],[138.624684,-34.9942],[138.624768,-34.994187],[138.624866,-34.994195],[138.62502,-34.99425]]}},{"type":"Feature","properties":{"tier":"arterial"},"geometry":{"type":"LineString","coordinates":[[138.622443,-34.998163],[138.622716,-34.998328]]}},{"type":"Feature","properties":{"tier":"arterial"},"geometry":{"type":"LineString","coordinates":[[138.622968,-34.998521],[138.623097,-34.998647],[138.623123,-34.998689],[138.623188,-34.998796]]}},{"type":"Feature","properties":{"tier":"regional"},"geometry":{"type":"LineString","coordinates":[[138.579761,-34.945985],[138.579548,-34.945996]]}},{"type":"Feature","properties":{"tier":"high"},"geometry":{"type":"LineString","coordinates":[[138.579548,-34.945996],[138.579617,-34.945915],[138.579831,-34.945669],[138.580294,-34.945123],[138.580888,-34.944423],[138.581266,-34.943978],[138.582399,-34.942642]]}},{"type":"Feature","properties":{"tier":"arterial"},"geometry":{"type":"LineString","coordinates":[[138.607464,-34.9505],[138.607469,-34.950563],[138.607471,-34.95059],[138.607482,-34.950743]]}},{"type":"Feature","properties":{"tier":"arterial"},"geometry":{"type":"LineString","coordinates":[[138.607398,-34.949661],[138.60741,-34.949813],[138.607431,-34.950079],[138.607434,-34.950117],[138.60744,-34.9502]]}},{"type":"Feature","properties":{"tier":"high"},"geometry":{"type":"LineString","coordinates":[[138.573105,-34.967288],[138.573115,-34.967407],[138.573122,-34.967497]]}},{"type":"Feature","properties":{"tier":"high"},"geometry":{"type":"LineString","coordinates":[[138.570824,-34.93748],[138.570827,-34.937507]]}},{"type":"Feature","properties":{"tier":"high"},"geometry":{"type":"LineString","coordinates":[[138.572235,-34.952603],[138.572796,-34.952242],[138.573376,-34.951868]]}},{"type":"Feature","properties":{"tier":"high"},"geometry":{"type":"LineString","coordinates":[[138.571856,-34.951625],[138.571905,-34.952312]]}},{"type":"Feature","properties":{"tier":"high"},"geometry":{"type":"LineString","coordinates":[[138.606616,-34.9655],[138.607067,-34.965481],[138.607175,-34.965476],[138.608173,-34.965436]]}},{"type":"Feature","properties":{"tier":"high"},"geometry":{"type":"LineString","coordinates":[[138.57315,-34.952174],[138.572898,-34.952343],[138.572647,-34.952513],[138.572301,-34.952746]]}},{"type":"Feature","properties":{"tier":"high"},"geometry":{"type":"LineString","coordinates":[[138.571304,-34.953216],[138.5713,-34.953124],[138.571296,-34.953007]]}},{"type":"Feature","properties":{"tier":"regional"},"geometry":{"type":"LineString","coordinates":[[138.571887,-34.946281],[138.571573,-34.946297],[138.571539,-34.946301],[138.571463,-34.946311]]}},{"type":"Feature","properties":{"tier":"arterial"},"geometry":{"type":"LineString","coordinates":[[138.593101,-34.990976],[138.593432,-34.990818],[138.593609,-34.990764],[138.593735,-34.990753],[138.593815,-34.990751],[138.594254,-34.990733]]}},{"type":"Feature","properties":{"tier":"arterial"},"geometry":{"type":"LineString","coordinates":[[138.610407,-34.989939],[138.610416,-34.990012],[138.610421,-34.990054],[138.610496,-34.990925],[138.610513,-34.991106]]}},{"type":"Feature","properties":{"tier":"arterial"},"geometry":{"type":"LineString","coordinates":[[138.61003,-34.989904],[138.610212,-34.989907],[138.610288,-34.989908],[138.610407,-34.989939]]}},{"type":"Feature","properties":{"tier":"arterial"},"geometry":{"type":"LineString","coordinates":[[138.611419,-34.983253],[138.611483,-34.983671],[138.611489,-34.983705],[138.611497,-34.983758]]}},{"type":"Feature","properties":{"tier":"arterial"},"geometry":{"type":"LineString","coordinates":[[138.611876,-34.983745],[138.611638,-34.983753],[138.611611,-34.983754],[138.611497,-34.983758]]}},{"type":"Feature","properties":{"tier":"arterial"},"geometry":{"type":"LineString","coordinates":[[138.619079,-34.984416],[138.618978,-34.983706],[138.618957,-34.983539],[138.618952,-34.983498]]}},{"type":"Feature","properties":{"tier":"arterial"},"geometry":{"type":"LineString","coordinates":[[138.619088,-34.983392],[138.619072,-34.983433],[138.619041,-34.983466],[138.619001,-34.983488],[138.618952,-34.983498]]}},{"type":"Feature","properties":{"tier":"arterial"},"geometry":{"type":"LineString","coordinates":[[138.577725,-34.941703],[138.577862,-34.941695],[138.577966,-34.941688]]}},{"type":"Feature","properties":{"tier":"arterial"},"geometry":{"type":"LineString","coordinates":[[138.57137,-34.942027],[138.571915,-34.942012],[138.57229,-34.942043]]}},{"type":"Feature","properties":{"tier":"high"},"geometry":{"type":"LineString","coordinates":[[138.571135,-34.941711],[138.571153,-34.941923],[138.571154,-34.941928],[138.571157,-34.941956],[138.571161,-34.942031]]}},{"type":"Feature","properties":{"tier":"regional"},"geometry":{"type":"LineString","coordinates":[[138.581754,-34.96677],[138.581761,-34.966854]]}},{"type":"Feature","properties":{"tier":"high"},"geometry":{"type":"LineString","coordinates":[[138.57105,-34.953615],[138.570319,-34.954064]]}},{"type":"Feature","properties":{"tier":"arterial"},"geometry":{"type":"LineString","coordinates":[[138.608663,-34.966108],[138.608678,-34.966377],[138.608707,-34.96681],[138.608707,-34.966823],[138.608723,-34.967093],[138.608734,-34.967267],[138.608745,-34.967402],[138.608782,-34.967866],[138.6088,-34.968086],[138.608841,-34.968597],[138.608902,-34.969352],[138.608905,-34.969393],[138.608922,-34.969626],[138.608929,-34.969714]]}},{"type":"Feature","properties":{"tier":"high"},"geometry":{"type":"LineString","coordinates":[[138.610726,-34.965376],[138.609033,-34.965471]]}},{"type":"Feature","properties":{"tier":"high"},"geometry":{"type":"LineString","coordinates":[[138.623668,-34.945484],[138.62413,-34.945759],[138.624256,-34.945833],[138.624306,-34.945863]]}},{"type":"Feature","properties":{"tier":"high"},"geometry":{"type":"LineString","coordinates":[[138.622824,-34.944954],[138.623164,-34.945167],[138.623519,-34.945391],[138.623528,-34.945396],[138.623668,-34.945484]]}},{"type":"Feature","properties":{"tier":"arterial"},"geometry":{"type":"LineString","coordinates":[[138.625013,-34.944855],[138.625017,-34.944916],[138.62502,-34.944965]]}},{"type":"Feature","properties":{"tier":"regional"},"geometry":{"type":"LineString","coordinates":[[138.579241,-34.945927],[138.579114,-34.945934],[138.578838,-34.945948],[138.57841,-34.945967],[138.57738,-34.946019],[138.57725,-34.946029],[138.576667,-34.946059],[138.576084,-34.94608],[138.576065,-34.94608],[138.575825,-34.946091],[138.575426,-34.946109],[138.574913,-34.946133],[138.574806,-34.946139],[138.57386,-34.946192],[138.573759,-34.946197],[138.573605,-34.946202],[138.573253,-34.94622],[138.572893,-34.946239],[138.572872,-34.94624],[138.572594,-34.94625]]}},{"type":"Feature","properties":{"tier":"high"},"geometry":{"type":"LineString","coordinates":[[138.571931,-34.954001],[138.572005,-34.955104],[138.572048,-34.955489],[138.572065,-34.955639]]}},{"type":"Feature","properties":{"tier":"high"},"geometry":{"type":"LineString","coordinates":[[138.572117,-34.956874],[138.571828,-34.956002],[138.571653,-34.955401],[138.57158,-34.955111],[138.571523,-34.954847],[138.571492,-34.954539]]}},{"type":"Feature","properties":{"tier":"high"},"geometry":{"type":"LineString","coordinates":[[138.569806,-34.954187],[138.570015,-34.954053]]}},{"type":"Feature","properties":{"tier":"high"},"geometry":{"type":"LineString","coordinates":[[138.5633,-34.958374],[138.563691,-34.958132],[138.563718,-34.958115],[138.564223,-34.957793],[138.564499,-34.957617],[138.56461,-34.957547],[138.565303,-34.957095],[138.565983,-34.956652],[138.566102,-34.956575],[138.56692,-34.956048],[138.567079,-34.955946],[138.567455,-34.955708],[138.567683,-34.955562],[138.56796,-34.955383],[138.568225,-34.955211],[138.568382,-34.955109],[138.568579,-34.954982],[138.568838,-34.954807],[138.568938,-34.954743],[138.569141,-34.954613],[138.569291,-34.954517],[138.569345,-34.954482],[138.569677,-34.95427],[138.569759,-34.954217],[138.569806,-34.954187]]}},{"type":"Feature","properties":{"tier":"high"},"geometry":{"type":"LineString","coordinates":[[138.573857,-34.951718],[138.57315,-34.952174]]}},{"type":"Feature","properties":{"tier":"arterial"},"geometry":{"type":"LineString","coordinates":[[138.608596,-34.965137],[138.608601,-34.965197]]}},{"type":"Feature","properties":{"tier":"high"},"geometry":{"type":"LineString","coordinates":[[138.60796,-34.96552],[138.607065,-34.965559],[138.606623,-34.965578]]}},{"type":"Feature","properties":{"tier":"arterial"},"geometry":{"type":"LineString","coordinates":[[138.6085,-34.963849],[138.608516,-34.964033],[138.608551,-34.96451]]}},{"type":"Feature","properties":{"tier":"arterial"},"geometry":{"type":"LineString","coordinates":[[138.607848,-34.955346],[138.607861,-34.95551],[138.607878,-34.955753],[138.607901,-34.956059],[138.607909,-34.956165],[138.607961,-34.956802],[138.607978,-34.957057],[138.60799,-34.957203],[138.607996,-34.957285]]}},{"type":"Feature","properties":{"tier":"high"},"geometry":{"type":"LineString","coordinates":[[138.608881,-34.965397],[138.609081,-34.965387]]}},{"type":"Feature","properties":{"tier":"high"},"geometry":{"type":"LineString","coordinates":[[138.58938,-34.941728],[138.590466,-34.941679],[138.590596,-34.941674],[138.5917,-34.941612],[138.591869,-34.941603],[138.592162,-34.941589],[138.592356,-34.94158],[138.592469,-34.941573],[138.592596,-34.941566],[138.592654,-34.941563],[138.592935,-34.941547],[138.593081,-34.94154]]}},{"type":"Feature","properties":{"tier":"arterial"},"geometry":{"type":"LineString","coordinates":[[138.59454,-34.93748],[138.594545,-34.93754],[138.594561,-34.937752],[138.594659,-34.939241],[138.594725,-34.94037]]}},{"type":"Feature","properties":{"tier":"arterial"},"geometry":{"type":"LineString","coordinates":[[138.589033,-34.942165],[138.589042,-34.942335]]}},{"type":"Feature","properties":{"tier":"arterial"},"geometry":{"type":"LineString","coordinates":[[138.588937,-34.942478],[138.588927,-34.942353]]}},{"type":"Feature","properties":{"tier":"high"},"geometry":{"type":"LineString","coordinates":[[138.588893,-34.941938],[138.588765,-34.941944],[138.58863,-34.941951]]}},{"type":"Feature","properties":{"tier":"high"},"geometry":{"type":"LineString","coordinates":[[138.624351,-34.938953],[138.624478,-34.939612],[138.62449,-34.939676]]}},{"type":"Feature","properties":{"tier":"high"},"geometry":{"type":"LineString","coordinates":[[138.622655,-34.940059],[138.623242,-34.940022],[138.623807,-34.940038]]}},{"type":"Feature","properties":{"tier":"high"},"geometry":{"type":"LineString","coordinates":[[138.624132,-34.940203],[138.623577,-34.940179]]}},{"type":"Feature","properties":{"tier":"high"},"geometry":{"type":"LineString","coordinates":[[138.617022,-34.940503],[138.616497,-34.940527],[138.616097,-34.940546]]}},{"type":"Feature","properties":{"tier":"arterial"},"geometry":{"type":"LineString","coordinates":[[138.624583,-34.941059],[138.624492,-34.940511]]}},{"type":"Feature","properties":{"tier":"arterial"},"geometry":{"type":"LineString","coordinates":[[138.624562,-34.940083],[138.624708,-34.940089]]}},{"type":"Feature","properties":{"tier":"high"},"geometry":{"type":"LineString","coordinates":[[138.624417,-34.940077],[138.624403,-34.939998],[138.624365,-34.939776]]}},{"type":"Feature","properties":{"tier":"high"},"geometry":{"type":"LineString","coordinates":[[138.624441,-34.940213],[138.62437,-34.94021],[138.624132,-34.940203]]}},{"type":"Feature","properties":{"tier":"arterial"},"geometry":{"type":"LineString","coordinates":[[138.624586,-34.940218],[138.624596,-34.940274],[138.624621,-34.940416]]}},{"type":"Feature","properties":{"tier":"arterial"},"geometry":{"type":"LineString","coordinates":[[138.600333,-34.941993],[138.600005,-34.942669]]}},{"type":"Feature","properties":{"tier":"arterial"},"geometry":{"type":"LineString","coordinates":[[138.600535,-34.941151],[138.600568,-34.941056],[138.600679,-34.940734]]}},{"type":"Feature","properties":{"tier":"arterial"},"geometry":{"type":"LineString","coordinates":[[138.588612,-34.93748],[138.58877,-34.939897]]}},{"type":"Feature","properties":{"tier":"high"},"geometry":{"type":"LineString","coordinates":[[138.594388,-34.941645],[138.592668,-34.94175],[138.592513,-34.941757]]}},{"type":"Feature","properties":{"tier":"high"},"geometry":{"type":"LineString","coordinates":[[138.589633,-34.941901],[138.589315,-34.941917]]}},{"type":"Feature","properties":{"tier":"arterial"},"geometry":{"type":"LineString","coordinates":[[138.589252,-34.946233],[138.58927,-34.946479],[138.589279,-34.946592],[138.589289,-34.946716],[138.589293,-34.946783],[138.589321,-34.947142],[138.589341,-34.947408],[138.589364,-34.947706],[138.589384,-34.947964],[138.589386,-34.947999],[138.589397,-34.94813],[138.589423,-34.948451],[138.589425,-34.948478],[138.589434,-34.948583]]}},{"type":"Feature","properties":{"tier":"high"},"geometry":{"type":"LineString","coordinates":[[138.587424,-34.94201],[138.586505,-34.942054],[138.586379,-34.942061],[138.585856,-34.942086],[138.584291,-34.942163]]}},{"type":"Feature","properties":{"tier":"high"},"geometry":{"type":"LineString","coordinates":[[138.583717,-34.942083],[138.584604,-34.942027],[138.585445,-34.941974],[138.586322,-34.941916],[138.58649,-34.941908],[138.586984,-34.941877]]}},{"type":"Feature","properties":{"tier":"high"},"geometry":{"type":"LineString","coordinates":[[138.62502,-34.964733],[138.624407,-34.964736],[138.624092,-34.964697]]}},{"type":"Feature","properties":{"tier":"regional"},"geometry":{"type":"LineString","coordinates":[[138.583615,-34.991418],[138.583676,-34.99224],[138.583678,-34.992272],[138.583684,-34.992345],[138.583684,-34.992347]]}},{"type":"Feature","properties":{"tier":"arterial"},"geometry":{"type":"LineString","coordinates":[[138.583863,-34.99247],[138.583828,-34.992472],[138.583693,-34.992479]]}},{"type":"Feature","properties":{"tier":"arterial"},"geometry":{"type":"LineString","coordinates":[[138.589004,-34.992204],[138.587591,-34.992283]]}},{"type":"Feature","properties":{"tier":"high"},"geometry":{"type":"LineString","coordinates":[[138.608828,-34.940744],[138.609178,-34.940723],[138.609371,-34.940716],[138.60967,-34.940699],[138.609735,-34.940696],[138.609802,-34.940693],[138.610374,-34.94066],[138.612093,-34.940577]]}},{"type":"Feature","properties":{"tier":"high"},"geometry":{"type":"LineString","coordinates":[[138.612143,-34.940749],[138.611708,-34.94077],[138.610638,-34.940822],[138.610397,-34.940834],[138.609911,-34.940858],[138.609835,-34.940862],[138.609748,-34.940866],[138.609285,-34.940888],[138.608946,-34.940905]]}},{"type":"Feature","properties":{"tier":"high"},"geometry":{"type":"LineString","coordinates":[[138.613524,-34.9405],[138.613713,-34.940491]]}},{"type":"Feature","properties":{"tier":"high"},"geometry":{"type":"LineString","coordinates":[[138.614114,-34.940642],[138.613727,-34.940664]]}},{"type":"Feature","properties":{"tier":"high"},"geometry":{"type":"LineString","coordinates":[[138.614643,-34.940619],[138.614114,-34.940642]]}},{"type":"Feature","properties":{"tier":"high"},"geometry":{"type":"LineString","coordinates":[[138.615621,-34.94057],[138.615465,-34.940574],[138.614643,-34.940619]]}},{"type":"Feature","properties":{"tier":"regional"},"geometry":{"type":"LineString","coordinates":[[138.599621,-34.966472],[138.599592,-34.966009],[138.599591,-34.966001],[138.599587,-34.96594]]}},{"type":"Feature","properties":{"tier":"high"},"geometry":{"type":"LineString","coordinates":[[138.600935,-34.96587],[138.600448,-34.965899]]}},{"type":"Feature","properties":{"tier":"arterial"},"geometry":{"type":"LineString","coordinates":[[138.598814,-34.96458],[138.598705,-34.963054],[138.598584,-34.961346]]}},{"type":"Feature","properties":{"tier":"high"},"geometry":{"type":"LineString","coordinates":[[138.608637,-34.940921],[138.608459,-34.94093],[138.607835,-34.940961]]}},{"type":"Feature","properties":{"tier":"high"},"geometry":{"type":"LineString","coordinates":[[138.608946,-34.940905],[138.608637,-34.940921]]}},{"type":"Feature","properties":{"tier":"arterial"},"geometry":{"type":"LineString","coordinates":[[138.606608,-34.93748],[138.606628,-34.937951]]}},{"type":"Feature","properties":{"tier":"arterial"},"geometry":{"type":"LineString","coordinates":[[138.578151,-34.941682],[138.578737,-34.941659]]}},{"type":"Feature","properties":{"tier":"arterial"},"geometry":{"type":"LineString","coordinates":[[138.582241,-34.94211],[138.581907,-34.941929],[138.581639,-34.941817],[138.581416,-34.941731],[138.581149,-34.941682],[138.58095,-34.941668],[138.580671,-34.941668],[138.580447,-34.941671],[138.579279,-34.941725]]}},{"type":"Feature","properties":{"tier":"arterial"},"geometry":{"type":"LineString","coordinates":[[138.577941,-34.94154],[138.577934,-34.941499]]}},{"type":"Feature","properties":{"tier":"arterial"},"geometry":{"type":"LineString","coordinates":[[138.57695,-34.941799],[138.576616,-34.941817],[138.575757,-34.941863]]}},{"type":"Feature","properties":{"tier":"arterial"},"geometry":{"type":"LineString","coordinates":[[138.577797,-34.940686],[138.577678,-34.939982],[138.577647,-34.9398],[138.577595,-34.939475],[138.57758,-34.939385],[138.577514,-34.938984],[138.57737,-34.938133],[138.577357,-34.938039],[138.577252,-34.93748]]}},{"type":"Feature","properties":{"tier":"high"},"geometry":{"type":"LineString","coordinates":[[138.573661,-34.975758],[138.573711,-34.976439],[138.573751,-34.976992]]}},{"type":"Feature","properties":{"tier":"high"},"geometry":{"type":"LineString","coordinates":[[138.573751,-34.976992],[138.573823,-34.978016],[138.573824,-34.97803]]}},{"type":"Feature","properties":{"tier":"regional"},"geometry":{"type":"LineString","coordinates":[[138.592696,-34.977151],[138.593404,-34.977088],[138.594084,-34.977049],[138.594701,-34.977019],[138.596338,-34.976934],[138.596912,-34.976895],[138.597317,-34.976864],[138.597731,-34.976832],[138.598428,-34.976775],[138.599037,-34.976728],[138.599628,-34.97667],[138.599735,-34.976659]]}},{"type":"Feature","properties":{"tier":"arterial"},"geometry":{"type":"LineString","coordinates":[[138.5916,-34.976284],[138.591636,-34.976619],[138.591662,-34.976869]]}},{"type":"Feature","properties":{"tier":"arterial"},"geometry":{"type":"LineString","coordinates":[[138.606749,-34.941018],[138.606755,-34.941095],[138.606756,-34.941111],[138.606776,-34.9414]]}},{"type":"Feature","properties":{"tier":"high"},"geometry":{"type":"LineString","coordinates":[[138.606588,-34.941027],[138.606379,-34.941038]]}},{"type":"Feature","properties":{"tier":"high"},"geometry":{"type":"LineString","coordinates":[[138.605342,-34.940911],[138.606328,-34.940868],[138.606539,-34.940859],[138.60657,-34.940857]]}},{"type":"Feature","properties":{"tier":"high"},"geometry":{"type":"LineString","coordinates":[[138.602293,-34.941052],[138.603041,-34.941019]]}},{"type":"Feature","properties":{"tier":"high"},"geometry":{"type":"LineString","coordinates":[[138.606905,-34.940841],[138.607366,-34.940817],[138.608828,-34.940744]]}},{"type":"Feature","properties":{"tier":"high"},"geometry":{"type":"LineString","coordinates":[[138.574789,-34.9672],[138.573548,-34.967266]]}},{"type":"Feature","properties":{"tier":"high"},"geometry":{"type":"LineString","coordinates":[[138.573228,-34.971908],[138.573092,-34.970007]]}},{"type":"Feature","properties":{"tier":"regional"},"geometry":{"type":"LineString","coordinates":[[138.567736,-34.9422],[138.567728,-34.942149],[138.567725,-34.941967],[138.567744,-34.941829],[138.567754,-34.941778]]}},{"type":"Feature","properties":{"tier":"arterial"},"geometry":{"type":"LineString","coordinates":[[138.584763,-34.992294],[138.585763,-34.992246]]}},{"type":"Feature","properties":{"tier":"high"},"geometry":{"type":"LineString","coordinates":[[138.619835,-34.943102],[138.619864,-34.943119],[138.620011,-34.943214],[138.620381,-34.943454],[138.620634,-34.943618]]}},{"type":"Feature","properties":{"tier":"high"},"geometry":{"type":"LineString","coordinates":[[138.620634,-34.943618],[138.620765,-34.9437],[138.620787,-34.943713],[138.620909,-34.94379]]}},{"type":"Feature","properties":{"tier":"high"},"geometry":{"type":"LineString","coordinates":[[138.616583,-34.941111],[138.617049,-34.941395],[138.618058,-34.942034]]}},{"type":"Feature","properties":{"tier":"high"},"geometry":{"type":"LineString","coordinates":[[138.574931,-34.992854],[138.574935,-34.992893],[138.574943,-34.992978]]}},{"type":"Feature","properties":{"tier":"arterial"},"geometry":{"type":"LineString","coordinates":[[138.580926,-34.992604],[138.579774,-34.992652]]}},{"type":"Feature","properties":{"tier":"arterial"},"geometry":{"type":"LineString","coordinates":[[138.579774,-34.992652],[138.57857,-34.992702]]}},{"type":"Feature","properties":{"tier":"arterial"},"geometry":{"type":"LineString","coordinates":[[138.582063,-34.992556],[138.580926,-34.992604]]}},{"type":"Feature","properties":{"tier":"high"},"geometry":{"type":"LineString","coordinates":[[138.573955,-34.980004],[138.573977,-34.980453],[138.57398,-34.980496],[138.573984,-34.980587]]}},{"type":"Feature","properties":{"tier":"high"},"geometry":{"type":"LineString","coordinates":[[138.573735,-34.978862],[138.573717,-34.978571],[138.573699,-34.978265]]}},{"type":"Feature","properties":{"tier":"regional"},"geometry":{"type":"LineString","coordinates":[[138.569336,-34.979815],[138.57087,-34.979718]]}},{"type":"Feature","properties":{"tier":"high"},"geometry":{"type":"LineString","coordinates":[[138.574799,-34.992606],[138.574761,-34.992162]]}},{"type":"Feature","properties":{"tier":"arterial"},"geometry":{"type":"LineString","coordinates":[[138.572605,-34.992864],[138.573572,-34.992814]]}},{"type":"Feature","properties":{"tier":"arterial"},"geometry":{"type":"LineString","coordinates":[[138.567074,-34.99315],[138.567759,-34.993115],[138.568977,-34.993052],[138.569408,-34.993029],[138.569593,-34.99302],[138.569959,-34.993001],[138.570173,-34.99299],[138.571381,-34.992928]]}},{"type":"Feature","properties":{"tier":"high"},"geometry":{"type":"LineString","coordinates":[[138.574961,-34.993264],[138.574998,-34.993873]]}},{"type":"Feature","properties":{"tier":"arterial"},"geometry":{"type":"LineString","coordinates":[[138.57857,-34.992702],[138.578485,-34.992706],[138.578181,-34.992718],[138.577632,-34.992741]]}},{"type":"Feature","properties":{"tier":"arterial"},"geometry":{"type":"LineString","coordinates":[[138.574223,-34.992891],[138.573708,-34.992919],[138.572592,-34.992978],[138.57139,-34.993041],[138.570183,-34.993105],[138.569415,-34.993145],[138.568986,-34.993168],[138.567767,-34.993233],[138.567083,-34.993269]]}},{"type":"Feature","properties":{"tier":"arterial"},"geometry":{"type":"LineString","coordinates":[[138.576858,-34.992642],[138.577623,-34.992613]]}},{"type":"Feature","properties":{"tier":"high"},"geometry":{"type":"LineString","coordinates":[[138.574793,-34.990955],[138.574912,-34.992636],[138.574916,-34.992672],[138.574922,-34.992739]]}},{"type":"Feature","properties":{"tier":"high"},"geometry":{"type":"LineString","coordinates":[[138.570821,-34.939315],[138.570777,-34.938291]]}},{"type":"Feature","properties":{"tier":"arterial"},"geometry":{"type":"LineString","coordinates":[[138.610827,-34.937512],[138.610759,-34.937585]]}},{"type":"Feature","properties":{"tier":"high"},"geometry":{"type":"LineString","coordinates":[[138.6075,-34.940979],[138.607349,-34.940865],[138.607347,-34.94084],[138.607366,-34.940817]]}},{"type":"Feature","properties":{"tier":"high"},"geometry":{"type":"LineString","coordinates":[[138.601385,-34.941288],[138.601216,-34.941237],[138.60115,-34.941197],[138.601141,-34.941164],[138.601152,-34.941145],[138.601211,-34.941114]]}},{"type":"Feature","properties":{"tier":"arterial"},"geometry":{"type":"LineString","coordinates":[[138.600711,-34.937547],[138.600631,-34.937551]]}},{"type":"Feature","properties":{"tier":"high"},"geometry":{"type":"LineString","coordinates":[[138.58354,-34.942202],[138.58327,-34.942209],[138.583268,-34.942209],[138.583243,-34.94221]]}},{"type":"Feature","properties":{"tier":"high"},"geometry":{"type":"LineString","coordinates":[[138.572822,-34.96761],[138.572819,-34.967568],[138.572816,-34.967538],[138.572807,-34.967422],[138.572801,-34.967351],[138.572797,-34.967302]]}},{"type":"Feature","properties":{"tier":"high"},"geometry":{"type":"LineString","coordinates":[[138.573074,-34.966889],[138.573079,-34.966955],[138.573081,-34.966984],[138.573088,-34.967071],[138.573092,-34.967119],[138.573099,-34.967206]]}},{"type":"Feature","properties":{"tier":"high"},"geometry":{"type":"LineString","coordinates":[[138.572765,-34.966903],[138.572695,-34.965988],[138.572688,-34.965868],[138.57263,-34.965033],[138.572623,-34.964538],[138.572642,-34.963606]]}},{"type":"Feature","properties":{"tier":"arterial"},"geometry":{"type":"LineString","coordinates":[[138.588965,-34.948609],[138.588694,-34.948603],[138.588131,-34.948631]]}},{"type":"Feature","properties":{"tier":"arterial"},"geometry":{"type":"LineString","coordinates":[[138.594254,-34.990733],[138.593953,-34.990805]]}},{"type":"Feature","properties":{"tier":"arterial"},"geometry":{"type":"LineString","coordinates":[[138.592657,-34.992057],[138.592547,-34.991794],[138.592438,-34.991656],[138.59243,-34.991646],[138.592284,-34.991588]]}},{"type":"Feature","properties":{"tier":"arterial"},"geometry":{"type":"LineString","coordinates":[[138.593953,-34.990805],[138.593772,-34.990919],[138.593333,-34.991095],[138.59304,-34.991329],[138.592984,-34.991384],[138.592877,-34.991489],[138.592831,-34.991673]]}},{"type":"Feature","properties":{"tier":"arterial"},"geometry":{"type":"LineString","coordinates":[[138.591219,-34.991905],[138.591455,-34.991924],[138.591495,-34.991973]]}},{"type":"Feature","properties":{"tier":"high"},"geometry":{"type":"LineString","coordinates":[[138.607174,-34.940996],[138.607075,-34.941026],[138.606986,-34.941058],[138.606922,-34.941103],[138.606907,-34.94112],[138.60687,-34.941164],[138.606825,-34.941259],[138.606776,-34.9414]]}},{"type":"Feature","properties":{"tier":"arterial"},"geometry":{"type":"LineString","coordinates":[[138.606776,-34.9414],[138.606693,-34.941226],[138.6066,-34.941118],[138.606517,-34.941076],[138.606379,-34.941038]]}},{"type":"Feature","properties":{"tier":"regional"},"geometry":{"type":"LineString","coordinates":[[138.562695,-34.948626],[138.562747,-34.948607]]}},{"type":"Feature","properties":{"tier":"regional"},"geometry":{"type":"LineString","coordinates":[[138.563015,-34.948942],[138.562933,-34.948903],[138.562876,-34.948857],[138.562832,-34.948796]]}},{"type":"Feature","properties":{"tier":"regional"},"geometry":{"type":"LineString","coordinates":[[138.56265,-34.948683],[138.562665,-34.948654],[138.562695,-34.948626]]}},{"type":"Feature","properties":{"tier":"regional"},"geometry":{"type":"LineString","coordinates":[[138.562711,-34.948797],[138.562672,-34.948769],[138.56265,-34.948733],[138.56265,-34.948683]]}},{"type":"Feature","properties":{"tier":"regional"},"geometry":{"type":"LineString","coordinates":[[138.562805,-34.948805],[138.562759,-34.948809],[138.562711,-34.948797]]}},{"type":"Feature","properties":{"tier":"regional"},"geometry":{"type":"LineString","coordinates":[[138.562882,-34.948754],[138.562854,-34.948783],[138.562832,-34.948796]]}},{"type":"Feature","properties":{"tier":"regional"},"geometry":{"type":"LineString","coordinates":[[138.562889,-34.948675],[138.562894,-34.948721],[138.562882,-34.948754]]}},{"type":"Feature","properties":{"tier":"regional"},"geometry":{"type":"LineString","coordinates":[[138.562747,-34.948607],[138.562788,-34.948606],[138.562833,-34.948619],[138.562868,-34.948643],[138.562889,-34.948675]]}},{"type":"Feature","properties":{"tier":"regional"},"geometry":{"type":"LineString","coordinates":[[138.563338,-34.949077],[138.564132,-34.949455],[138.564329,-34.949549],[138.564461,-34.949591],[138.564563,-34.949594],[138.56509,-34.949574],[138.565852,-34.949538],[138.566326,-34.949514],[138.566714,-34.949495],[138.56675,-34.949493],[138.56693,-34.949484],[138.566954,-34.949483],[138.567212,-34.94947],[138.567611,-34.94945],[138.567723,-34.949445],[138.568094,-34.949425],[138.568302,-34.949414],[138.568677,-34.949394],[138.56966,-34.949343],[138.569788,-34.949336],[138.570569,-34.949296],[138.57072,-34.949289],[138.571145,-34.949267],[138.571201,-34.949264]]}},{"type":"Feature","properties":{"tier":"regional"},"geometry":{"type":"LineString","coordinates":[[138.58143,-34.95395],[138.581418,-34.953928],[138.581396,-34.953884],[138.581387,-34.953865],[138.581371,-34.953831],[138.581357,-34.953803]]}},{"type":"Feature","properties":{"tier":"arterial"},"geometry":{"type":"LineString","coordinates":[[138.589949,-34.955448],[138.589959,-34.955591]]}},{"type":"Feature","properties":{"tier":"arterial"},"geometry":{"type":"LineString","coordinates":[[138.589943,-34.955367],[138.589949,-34.955448]]}},{"type":"Feature","properties":{"tier":"regional"},"geometry":{"type":"LineString","coordinates":[[138.56359,-34.962668],[138.563598,-34.962751],[138.563606,-34.962829],[138.56361,-34.962873],[138.563622,-34.962967],[138.563622,-34.963008],[138.563625,-34.963082],[138.563624,-34.963338]]}},{"type":"Feature","properties":{"tier":"regional"},"geometry":{"type":"LineString","coordinates":[[138.623527,-34.979181],[138.623481,-34.979144],[138.623421,-34.979099],[138.623327,-34.979051]]}},{"type":"Feature","properties":{"tier":"arterial"},"geometry":{"type":"LineString","coordinates":[[138.606117,-34.990114],[138.606345,-34.990102]]}},{"type":"Feature","properties":{"tier":"arterial"},"geometry":{"type":"LineString","coordinates":[[138.606074,-34.990116],[138.606117,-34.990114]]}},{"type":"Feature","properties":{"tier":"arterial"},"geometry":{"type":"LineString","coordinates":[[138.610391,-34.989721],[138.6104,-34.989841],[138.610403,-34.989879],[138.610407,-34.989939]]}},{"type":"Feature","properties":{"tier":"arterial"},"geometry":{"type":"LineString","coordinates":[[138.610513,-34.991106],[138.610539,-34.991361],[138.610543,-34.9914]]}},{"type":"Feature","properties":{"tier":"arterial"},"geometry":{"type":"LineString","coordinates":[[138.610629,-34.991675],[138.610645,-34.991723],[138.610683,-34.991802],[138.610726,-34.991879],[138.610776,-34.99194],[138.610825,-34.991991],[138.610873,-34.992037],[138.610935,-34.992083],[138.610994,-34.99212],[138.61109,-34.99218],[138.61124,-34.992257]]}},{"type":"Feature","properties":{"tier":"regional"},"geometry":{"type":"LineString","coordinates":[[138.570323,-34.937857],[138.570189,-34.937992]]}},{"type":"Feature","properties":{"tier":"arterial"},"geometry":{"type":"LineString","coordinates":[[138.623527,-34.979181],[138.623624,-34.97911]]}},{"type":"Feature","properties":{"tier":"arterial"},"geometry":{"type":"LineString","coordinates":[[138.606698,-34.99008],[138.607206,-34.99009]]}},{"type":"Feature","properties":{"tier":"arterial"},"geometry":{"type":"LineString","coordinates":[[138.587092,-34.93748],[138.586323,-34.938356],[138.58568,-34.939098],[138.585629,-34.939164]]}},{"type":"Feature","properties":{"tier":"high"},"geometry":{"type":"LineString","coordinates":[[138.613713,-34.940491],[138.615122,-34.940429],[138.615187,-34.940425],[138.615382,-34.940413]]}},{"type":"Feature","properties":{"tier":"arterial"},"geometry":{"type":"LineString","coordinates":[[138.584067,-34.94884],[138.584036,-34.948842],[138.583927,-34.948848],[138.583845,-34.948852],[138.583297,-34.94888],[138.583049,-34.948893],[138.582009,-34.948946],[138.58103,-34.948997]]}},{"type":"Feature","properties":{"tier":"arterial"},"geometry":{"type":"LineString","coordinates":[[138.584377,-34.948825],[138.584366,-34.948825],[138.584282,-34.948829],[138.584238,-34.948832],[138.584198,-34.948834],[138.584141,-34.948837],[138.584067,-34.94884]]}},{"type":"Feature","properties":{"tier":"arterial"},"geometry":{"type":"LineString","coordinates":[[138.592644,-34.98987],[138.592651,-34.989975]]}},{"type":"Feature","properties":{"tier":"arterial"},"geometry":{"type":"LineString","coordinates":[[138.592674,-34.992285],[138.592657,-34.992057],[138.592625,-34.991548],[138.592623,-34.991508],[138.592616,-34.991397]]}},{"type":"Feature","properties":{"tier":"arterial"},"geometry":{"type":"LineString","coordinates":[[138.592942,-34.999687],[138.592829,-34.999825],[138.592658,-34.999976]]}},{"type":"Feature","properties":{"tier":"arterial"},"geometry":{"type":"LineString","coordinates":[[138.575566,-34.992709],[138.576334,-34.992672],[138.576858,-34.992642]]}},{"type":"Feature","properties":{"tier":"arterial"},"geometry":{"type":"LineString","coordinates":[[138.575916,-34.992813],[138.575388,-34.992835]]}},{"type":"Feature","properties":{"tier":"arterial"},"geometry":{"type":"LineString","coordinates":[[138.592616,-34.991397],[138.592606,-34.991263]]}},{"type":"Feature","properties":{"tier":"arterial"},"geometry":{"type":"LineString","coordinates":[[138.592606,-34.991263],[138.592801,-34.991157]]}},{"type":"Feature","properties":{"tier":"arterial"},"geometry":{"type":"LineString","coordinates":[[138.592606,-34.991263],[138.592601,-34.991194],[138.592593,-34.991079]]}},{"type":"Feature","properties":{"tier":"arterial"},"geometry":{"type":"LineString","coordinates":[[138.592801,-34.991157],[138.592805,-34.991288]]}},{"type":"Feature","properties":{"tier":"arterial"},"geometry":{"type":"LineString","coordinates":[[138.592801,-34.991157],[138.5929,-34.991097],[138.593101,-34.990976]]}},{"type":"Feature","properties":{"tier":"arterial"},"geometry":{"type":"LineString","coordinates":[[138.592831,-34.991673],[138.592824,-34.992703]]}},{"type":"Feature","properties":{"tier":"arterial"},"geometry":{"type":"LineString","coordinates":[[138.592204,-34.99149],[138.592456,-34.991348],[138.592535,-34.991303],[138.592606,-34.991263]]}},{"type":"Feature","properties":{"tier":"arterial"},"geometry":{"type":"LineString","coordinates":[[138.592805,-34.991288],[138.592616,-34.991397]]}},{"type":"Feature","properties":{"tier":"arterial"},"geometry":{"type":"LineString","coordinates":[[138.592805,-34.991288],[138.592813,-34.991403],[138.592831,-34.991673]]}},{"type":"Feature","properties":{"tier":"arterial"},"geometry":{"type":"LineString","coordinates":[[138.592284,-34.991588],[138.591983,-34.991771]]}},{"type":"Feature","properties":{"tier":"arterial"},"geometry":{"type":"LineString","coordinates":[[138.592522,-34.989863],[138.592461,-34.98902]]}},{"type":"Feature","properties":{"tier":"arterial"},"geometry":{"type":"LineString","coordinates":[[138.592532,-34.990012],[138.592522,-34.989863]]}},{"type":"Feature","properties":{"tier":"arterial"},"geometry":{"type":"LineString","coordinates":[[138.592651,-34.989975],[138.592741,-34.990594],[138.592785,-34.991003],[138.592794,-34.991091],[138.592801,-34.991157]]}},{"type":"Feature","properties":{"tier":"arterial"},"geometry":{"type":"LineString","coordinates":[[138.592635,-34.989751],[138.592644,-34.98987]]}},{"type":"Feature","properties":{"tier":"arterial"},"geometry":{"type":"LineString","coordinates":[[138.592461,-34.98902],[138.592412,-34.988335],[138.59239,-34.988011],[138.592371,-34.98775]]}},{"type":"Feature","properties":{"tier":"arterial"},"geometry":{"type":"LineString","coordinates":[[138.592587,-34.989122],[138.592605,-34.989363]]}},{"type":"Feature","properties":{"tier":"arterial"},"geometry":{"type":"LineString","coordinates":[[138.59261,-34.989423],[138.592635,-34.989751]]}},{"type":"Feature","properties":{"tier":"arterial"},"geometry":{"type":"LineString","coordinates":[[138.592605,-34.989363],[138.59261,-34.989423]]}},{"type":"Feature","properties":{"tier":"arterial"},"geometry":{"type":"LineString","coordinates":[[138.592575,-34.988928],[138.592587,-34.989122]]}},{"type":"Feature","properties":{"tier":"arterial"},"geometry":{"type":"LineString","coordinates":[[138.592371,-34.98775],[138.592339,-34.987318],[138.592329,-34.987174],[138.592315,-34.98699],[138.592311,-34.986935],[138.592304,-34.986845]]}},{"type":"Feature","properties":{"tier":"arterial"},"geometry":{"type":"LineString","coordinates":[[138.592496,-34.987852],[138.592538,-34.988474],[138.592575,-34.988928]]}},{"type":"Feature","properties":{"tier":"arterial"},"geometry":{"type":"LineString","coordinates":[[138.592482,-34.987651],[138.592496,-34.987852]]}},{"type":"Feature","properties":{"tier":"arterial"},"geometry":{"type":"LineString","coordinates":[[138.592344,-34.985792],[138.592346,-34.985826]]}},{"type":"Feature","properties":{"tier":"arterial"},"geometry":{"type":"LineString","coordinates":[[138.592346,-34.985826],[138.592362,-34.986027]]}},{"type":"Feature","properties":{"tier":"arterial"},"geometry":{"type":"LineString","coordinates":[[138.592249,-34.984461],[138.592288,-34.985021],[138.592297,-34.98514],[138.592306,-34.985276],[138.592344,-34.985792]]}},{"type":"Feature","properties":{"tier":"arterial"},"geometry":{"type":"LineString","coordinates":[[138.592127,-34.984468],[138.592063,-34.983685],[138.592009,-34.982948],[138.591989,-34.982681],[138.591956,-34.982229],[138.591902,-34.981509],[138.591894,-34.981401],[138.591861,-34.980955],[138.59185,-34.980812],[138.591846,-34.980758],[138.591825,-34.98047]]}},{"type":"Feature","properties":{"tier":"arterial"},"geometry":{"type":"LineString","coordinates":[[138.591858,-34.979379],[138.591874,-34.979589]]}},{"type":"Feature","properties":{"tier":"arterial"},"geometry":{"type":"LineString","coordinates":[[138.590865,-34.967634],[138.590878,-34.9678]]}},{"type":"Feature","properties":{"tier":"arterial"},"geometry":{"type":"LineString","coordinates":[[138.590878,-34.9678],[138.590893,-34.967999]]}},{"type":"Feature","properties":{"tier":"arterial"},"geometry":{"type":"LineString","coordinates":[[138.590842,-34.966298],[138.590851,-34.966382]]}},{"type":"Feature","properties":{"tier":"arterial"},"geometry":{"type":"LineString","coordinates":[[138.590723,-34.966304],[138.59072,-34.96625],[138.590717,-34.966176],[138.590705,-34.965954],[138.59072,-34.965758]]}},{"type":"Feature","properties":{"tier":"arterial"},"geometry":{"type":"LineString","coordinates":[[138.590867,-34.966522],[138.590878,-34.966617],[138.590885,-34.966732],[138.590884,-34.966856],[138.590882,-34.966984],[138.590889,-34.967093],[138.590893,-34.967208],[138.590901,-34.967319],[138.5909,-34.96741],[138.590856,-34.967505]]}},{"type":"Feature","properties":{"tier":"arterial"},"geometry":{"type":"LineString","coordinates":[[138.590198,-34.95969],[138.590285,-34.960064],[138.590319,-34.960272],[138.590368,-34.96062],[138.590378,-34.960712]]}},{"type":"Feature","properties":{"tier":"arterial"},"geometry":{"type":"LineString","coordinates":[[138.589583,-34.950498],[138.589611,-34.950898],[138.589626,-34.951109],[138.589635,-34.951238],[138.589647,-34.95141],[138.589652,-34.951488],[138.589658,-34.951568],[138.589658,-34.951569],[138.589684,-34.951941],[138.589688,-34.95199],[138.589699,-34.952151],[138.589724,-34.952508],[138.589734,-34.952654],[138.58974,-34.952736],[138.589755,-34.952957],[138.589767,-34.953128],[138.589769,-34.953158],[138.589795,-34.953519],[138.589809,-34.953729],[138.589811,-34.953748],[138.589815,-34.953813],[138.58982,-34.953883],[138.589828,-34.953994],[138.58984,-34.954164]]}},{"type":"Feature","properties":{"tier":"arterial"},"geometry":{"type":"LineString","coordinates":[[138.588854,-34.941468],[138.588855,-34.941372],[138.588845,-34.941241],[138.588869,-34.941106]]}},{"type":"Feature","properties":{"tier":"arterial"},"geometry":{"type":"LineString","coordinates":[[138.575388,-34.992835],[138.575192,-34.992843]]}},{"type":"Feature","properties":{"tier":"arterial"},"geometry":{"type":"LineString","coordinates":[[138.574484,-34.992878],[138.574223,-34.992891]]}},{"type":"Feature","properties":{"tier":"arterial"},"geometry":{"type":"LineString","coordinates":[[138.573572,-34.992814],[138.573702,-34.992808],[138.574512,-34.992766]]}},{"type":"Feature","properties":{"tier":"arterial"},"geometry":{"type":"LineString","coordinates":[[138.569795,-34.942104],[138.570348,-34.942071]]}},{"type":"Feature","properties":{"tier":"arterial"},"geometry":{"type":"LineString","coordinates":[[138.5697,-34.942113],[138.569795,-34.942104]]}},{"type":"Feature","properties":{"tier":"arterial"},"geometry":{"type":"LineString","coordinates":[[138.569706,-34.942178],[138.569494,-34.942184],[138.568512,-34.942233]]}},{"type":"Feature","properties":{"tier":"arterial"},"geometry":{"type":"LineString","coordinates":[[138.5698,-34.942178],[138.569706,-34.942178]]}},{"type":"Feature","properties":{"tier":"arterial"},"geometry":{"type":"LineString","coordinates":[[138.610774,-34.93748],[138.610827,-34.937512],[138.61264,-34.938604],[138.612686,-34.938632],[138.612809,-34.938706]]}},{"type":"Feature","properties":{"tier":"high"},"geometry":{"type":"LineString","coordinates":[[138.613008,-34.965182],[138.613514,-34.965148],[138.61393,-34.965129],[138.615251,-34.965068],[138.61528,-34.965067],[138.615397,-34.965061]]}},{"type":"Feature","properties":{"tier":"high"},"geometry":{"type":"LineString","coordinates":[[138.612976,-34.965271],[138.613008,-34.965182]]}},{"type":"Feature","properties":{"tier":"high"},"geometry":{"type":"LineString","coordinates":[[138.612976,-34.965271],[138.61099,-34.965365],[138.610989,-34.965365],[138.610928,-34.965368],[138.610754,-34.965375],[138.610726,-34.965376]]}},{"type":"Feature","properties":{"tier":"high"},"geometry":{"type":"LineString","coordinates":[[138.613052,-34.965266],[138.612976,-34.965271]]}},{"type":"Feature","properties":{"tier":"arterial"},"geometry":{"type":"LineString","coordinates":[[138.608617,-34.965411],[138.608622,-34.965489]]}},{"type":"Feature","properties":{"tier":"high"},"geometry":{"type":"LineString","coordinates":[[138.600442,-34.965815],[138.600928,-34.965786]]}},{"type":"Feature","properties":{"tier":"high"},"geometry":{"type":"LineString","coordinates":[[138.592458,-34.966208],[138.593992,-34.966136],[138.595311,-34.966071],[138.595727,-34.966051]]}},{"type":"Feature","properties":{"tier":"high"},"geometry":{"type":"LineString","coordinates":[[138.592464,-34.966299],[138.591613,-34.966344],[138.59129,-34.966361],[138.591135,-34.966367]]}},{"type":"Feature","properties":{"tier":"high"},"geometry":{"type":"LineString","coordinates":[[138.589874,-34.966351],[138.590029,-34.966343],[138.590357,-34.966324],[138.590618,-34.96631],[138.590661,-34.966308],[138.590723,-34.966304]]}},{"type":"Feature","properties":{"tier":"high"},"geometry":{"type":"LineString","coordinates":[[138.589237,-34.96646],[138.587325,-34.966565],[138.587091,-34.966578],[138.586423,-34.966609],[138.586252,-34.96662],[138.58508,-34.966685]]}},{"type":"Feature","properties":{"tier":"high"},"geometry":{"type":"LineString","coordinates":[[138.58302,-34.966779],[138.581933,-34.966844],[138.581902,-34.966846],[138.581761,-34.966854]]}},{"type":"Feature","properties":{"tier":"high"},"geometry":{"type":"LineString","coordinates":[[138.583013,-34.9667],[138.583586,-34.966671],[138.584314,-34.966636],[138.585075,-34.966599]]}},{"type":"Feature","properties":{"tier":"high"},"geometry":{"type":"LineString","coordinates":[[138.580582,-34.966839],[138.581237,-34.966801],[138.581568,-34.966781],[138.58161,-34.966779],[138.581754,-34.96677]]}},{"type":"Feature","properties":{"tier":"high"},"geometry":{"type":"LineString","coordinates":[[138.580585,-34.966913],[138.579638,-34.966961]]}},{"type":"Feature","properties":{"tier":"high"},"geometry":{"type":"LineString","coordinates":[[138.579638,-34.966961],[138.579462,-34.96697]]}},{"type":"Feature","properties":{"tier":"high"},"geometry":{"type":"LineString","coordinates":[[138.579543,-34.966885],[138.579698,-34.966878]]}},{"type":"Feature","properties":{"tier":"high"},"geometry":{"type":"LineString","coordinates":[[138.579543,-34.966885],[138.579462,-34.96697]]}},{"type":"Feature","properties":{"tier":"high"},"geometry":{"type":"LineString","coordinates":[[138.579462,-34.96697],[138.578484,-34.967019],[138.578395,-34.967024]]}},{"type":"Feature","properties":{"tier":"high"},"geometry":{"type":"LineString","coordinates":[[138.578389,-34.966938],[138.579543,-34.966885]]}},{"type":"Feature","properties":{"tier":"high"},"geometry":{"type":"LineString","coordinates":[[138.578395,-34.967024],[138.57757,-34.967064],[138.576342,-34.967121]]}},{"type":"Feature","properties":{"tier":"high"},"geometry":{"type":"LineString","coordinates":[[138.576342,-34.967121],[138.576241,-34.967048]]}},{"type":"Feature","properties":{"tier":"high"},"geometry":{"type":"LineString","coordinates":[[138.576342,-34.967121],[138.574789,-34.9672]]}},{"type":"Feature","properties":{"tier":"high"},"geometry":{"type":"LineString","coordinates":[[138.574903,-34.967112],[138.574789,-34.9672]]}},{"type":"Feature","properties":{"tier":"high"},"geometry":{"type":"LineString","coordinates":[[138.574903,-34.967112],[138.576241,-34.967048]]}},{"type":"Feature","properties":{"tier":"arterial"},"geometry":{"type":"LineString","coordinates":[[138.623482,-34.998621],[138.623562,-34.998559],[138.62407,-34.998151],[138.624332,-34.997962]]}},{"type":"Feature","properties":{"tier":"arterial"},"geometry":{"type":"LineString","coordinates":[[138.619042,-34.983289],[138.61907,-34.983318],[138.619087,-34.983356],[138.619088,-34.983392]]}},{"type":"Feature","properties":{"tier":"arterial"},"geometry":{"type":"LineString","coordinates":[[138.618796,-34.983387],[138.618807,-34.98333],[138.618841,-34.98329],[138.618888,-34.983266]]}},{"type":"Feature","properties":{"tier":"high"},"geometry":{"type":"LineString","coordinates":[[138.576241,-34.967048],[138.576846,-34.967018],[138.577563,-34.966983],[138.578389,-34.966938]]}},{"type":"Feature","properties":{"tier":"high"},"geometry":{"type":"LineString","coordinates":[[138.579638,-34.966961],[138.579698,-34.966878]]}},{"type":"Feature","properties":{"tier":"high"},"geometry":{"type":"LineString","coordinates":[[138.579698,-34.966878],[138.580582,-34.966839]]}},{"type":"Feature","properties":{"tier":"high"},"geometry":{"type":"LineString","coordinates":[[138.572631,-34.9619],[138.572637,-34.962071]]}},{"type":"Feature","properties":{"tier":"high"},"geometry":{"type":"LineString","coordinates":[[138.572373,-34.958532],[138.572377,-34.95859]]}},{"type":"Feature","properties":{"tier":"high"},"geometry":{"type":"LineString","coordinates":[[138.572254,-34.958406],[138.572249,-34.958337]]}},{"type":"Feature","properties":{"tier":"high"},"geometry":{"type":"LineString","coordinates":[[138.572265,-34.958586],[138.572254,-34.958406]]}},{"type":"Feature","properties":{"tier":"high"},"geometry":{"type":"LineString","coordinates":[[138.576693,-34.949348],[138.576855,-34.949148]]}},{"type":"Feature","properties":{"tier":"high"},"geometry":{"type":"LineString","coordinates":[[138.577101,-34.948854],[138.577146,-34.948814]]}},{"type":"Feature","properties":{"tier":"high"},"geometry":{"type":"LineString","coordinates":[[138.577146,-34.948814],[138.577438,-34.94847],[138.577742,-34.948106]]}},{"type":"Feature","properties":{"tier":"high"},"geometry":{"type":"LineString","coordinates":[[138.578387,-34.947597],[138.578135,-34.947891]]}},{"type":"Feature","properties":{"tier":"high"},"geometry":{"type":"LineString","coordinates":[[138.57788,-34.94794],[138.578069,-34.947719]]}},{"type":"Feature","properties":{"tier":"high"},"geometry":{"type":"LineString","coordinates":[[138.577742,-34.948106],[138.57788,-34.94794]]}},{"type":"Feature","properties":{"tier":"high"},"geometry":{"type":"LineString","coordinates":[[138.578069,-34.947719],[138.578504,-34.947221],[138.578757,-34.946931],[138.579196,-34.946413],[138.579548,-34.945996]]}},{"type":"Feature","properties":{"tier":"high"},"geometry":{"type":"LineString","coordinates":[[138.598703,-34.941418],[138.597451,-34.941489],[138.596121,-34.941549]]}},{"type":"Feature","properties":{"tier":"high"},"geometry":{"type":"LineString","coordinates":[[138.572756,-34.96395],[138.572831,-34.965003]]}},{"type":"Feature","properties":{"tier":"regional"},"geometry":{"type":"LineString","coordinates":[[138.60214,-34.955139],[138.601951,-34.955148],[138.601613,-34.955164],[138.601567,-34.955167],[138.601051,-34.955192],[138.60085,-34.955202],[138.60046,-34.955221],[138.600215,-34.955232],[138.600191,-34.955234],[138.600095,-34.955238]]}},{"type":"Feature","properties":{"tier":"regional"},"geometry":{"type":"LineString","coordinates":[[138.602384,-34.955127],[138.60214,-34.955139]]}},{"type":"Feature","properties":{"tier":"arterial"},"geometry":{"type":"LineString","coordinates":[[138.589156,-34.944846],[138.589177,-34.945153],[138.58918,-34.945196],[138.589191,-34.945355],[138.589195,-34.945411],[138.589202,-34.945513],[138.589252,-34.946233]]}},{"type":"Feature","properties":{"tier":"arterial"},"geometry":{"type":"LineString","coordinates":[[138.611285,-34.999813],[138.611192,-34.999898],[138.611167,-34.999915],[138.611017,-34.999972],[138.610858,-35.000006],[138.610706,-35.00002]]}},{"type":"Feature","properties":{"tier":"arterial"},"geometry":{"type":"LineString","coordinates":[[138.61057,-35.00002],[138.610393,-34.999999],[138.610139,-34.999942],[138.609986,-34.999962],[138.609765,-35.00002]]}},{"type":"Feature","properties":{"tier":"arterial"},"geometry":{"type":"LineString","coordinates":[[138.60944,-35.00002],[138.609168,-34.999935],[138.608797,-34.999804],[138.608372,-34.999708],[138.608026,-34.99964],[138.607849,-34.999613],[138.607722,-34.999615],[138.607592,-34.999636],[138.607195,-34.999765],[138.607029,-34.999792],[138.60679,-34.999805],[138.606584,-34.999838],[138.606466,-34.999873],[138.606205,-35.00002]]}},{"type":"Feature","properties":{"tier":"arterial"},"geometry":{"type":"LineString","coordinates":[[138.611302,-34.999724],[138.611304,-34.999763],[138.611285,-34.999813]]}},{"type":"Feature","properties":{"tier":"regional"},"geometry":{"type":"LineString","coordinates":[[138.591499,-34.955693],[138.591064,-34.955715],[138.590969,-34.95572],[138.590755,-34.95573],[138.590316,-34.955751],[138.590211,-34.955756]]}},{"type":"Feature","properties":{"tier":"regional"},"geometry":{"type":"LineString","coordinates":[[138.591568,-34.95569],[138.591499,-34.955693]]}},{"type":"Feature","properties":{"tier":"regional"},"geometry":{"type":"LineString","coordinates":[[138.573692,-34.978141],[138.573628,-34.978143],[138.573591,-34.978144],[138.573423,-34.978147],[138.572817,-34.978169],[138.57266,-34.978173],[138.572475,-34.978177],[138.572319,-34.978188],[138.572171,-34.978215],[138.572049,-34.978255],[138.571965,-34.978295],[138.571903,-34.978337],[138.571831,-34.978395],[138.571782,-34.97845],[138.571741,-34.978506],[138.571705,-34.978565],[138.571685,-34.978611],[138.571668,-34.978671],[138.571656,-34.978742],[138.57165,-34.978791],[138.57166,-34.979026],[138.571676,-34.979235],[138.571688,-34.979341],[138.571703,-34.97939],[138.57172,-34.979432],[138.57174,-34.979464]]}},{"type":"Feature","properties":{"tier":"regional"},"geometry":{"type":"LineString","coordinates":[[138.562564,-34.946195],[138.562607,-34.946752],[138.562701,-34.948056],[138.562736,-34.948548]]}},{"type":"Feature","properties":{"tier":"high"},"geometry":{"type":"LineString","coordinates":[[138.6042,-34.965701],[138.603335,-34.965756]]}},{"type":"Feature","properties":{"tier":"high"},"geometry":{"type":"LineString","coordinates":[[138.604193,-34.965627],[138.605534,-34.965557],[138.606616,-34.9655]]}},{"type":"Feature","properties":{"tier":"regional"},"geometry":{"type":"LineString","coordinates":[[138.62502,-34.953881],[138.62462,-34.953899],[138.623854,-34.953933],[138.623093,-34.953966],[138.622656,-34.953986],[138.62182,-34.954029],[138.621559,-34.954042],[138.621415,-34.954048],[138.620733,-34.954081],[138.619822,-34.954128],[138.619585,-34.95414]]}},{"type":"Feature","properties":{"tier":"regional"},"geometry":{"type":"LineString","coordinates":[[138.62502,-34.956918],[138.624388,-34.95695],[138.623596,-34.956989],[138.622488,-34.957033],[138.622335,-34.95704],[138.621238,-34.957098],[138.621075,-34.957106],[138.620996,-34.95711],[138.620851,-34.957116],[138.620597,-34.957127],[138.619826,-34.95716]]}},{"type":"Feature","properties":{"tier":"regional"},"geometry":{"type":"LineString","coordinates":[[138.613234,-34.946923],[138.613255,-34.947081],[138.613259,-34.947117],[138.613274,-34.947233],[138.613285,-34.947279],[138.613317,-34.94734],[138.613369,-34.947382]]}},{"type":"Feature","properties":{"tier":"regional"},"geometry":{"type":"LineString","coordinates":[[138.61408,-34.94745],[138.614101,-34.947506],[138.614114,-34.947629],[138.614111,-34.947929],[138.61411,-34.948016]]}},{"type":"Feature","properties":{"tier":"regional"},"geometry":{"type":"LineString","coordinates":[[138.613972,-34.947503],[138.613916,-34.947462],[138.613837,-34.947439],[138.613637,-34.947449],[138.613359,-34.947464],[138.613317,-34.947458],[138.613248,-34.947426]]}},{"type":"Feature","properties":{"tier":"regional"},"geometry":{"type":"LineString","coordinates":[[138.613369,-34.947382],[138.613434,-34.947407],[138.613503,-34.947418],[138.613679,-34.947408],[138.613855,-34.947397],[138.613912,-34.947397],[138.614005,-34.947409],[138.61408,-34.94745]]}},{"type":"Feature","properties":{"tier":"regional"},"geometry":{"type":"LineString","coordinates":[[138.613248,-34.947426],[138.613224,-34.94739],[138.613216,-34.947336],[138.613219,-34.947231],[138.613226,-34.947145],[138.613234,-34.946923]]}},{"type":"Feature","properties":{"tier":"high"},"geometry":{"type":"LineString","coordinates":[[138.606379,-34.941038],[138.605892,-34.941064]]}},{"type":"Feature","properties":{"tier":"arterial"},"geometry":{"type":"LineString","coordinates":[[138.606776,-34.9414],[138.606825,-34.942043],[138.606851,-34.942398],[138.606866,-34.942596],[138.606884,-34.942834],[138.606904,-34.943099],[138.60692,-34.943309]]}},{"type":"Feature","properties":{"tier":"high"},"geometry":{"type":"LineString","coordinates":[[138.607174,-34.940996],[138.60691,-34.94101],[138.606897,-34.941011]]}},{"type":"Feature","properties":{"tier":"arterial"},"geometry":{"type":"LineString","coordinates":[[138.577623,-34.992613],[138.578847,-34.992585],[138.578874,-34.992584],[138.579767,-34.992551]]}},{"type":"Feature","properties":{"tier":"arterial"},"geometry":{"type":"LineString","coordinates":[[138.579767,-34.992551],[138.580069,-34.992536]]}},{"type":"Feature","properties":{"tier":"arterial"},"geometry":{"type":"LineString","coordinates":[[138.580069,-34.992536],[138.58076,-34.992504],[138.581333,-34.992477],[138.581515,-34.992468],[138.581824,-34.992449]]}},{"type":"Feature","properties":{"tier":"arterial"},"geometry":{"type":"LineString","coordinates":[[138.581824,-34.992449],[138.582054,-34.992441]]}},{"type":"Feature","properties":{"tier":"arterial"},"geometry":{"type":"LineString","coordinates":[[138.585428,-34.992391],[138.583863,-34.99247]]}},{"type":"Feature","properties":{"tier":"arterial"},"geometry":{"type":"LineString","coordinates":[[138.58577,-34.992375],[138.585428,-34.992391]]}},{"type":"Feature","properties":{"tier":"arterial"},"geometry":{"type":"LineString","coordinates":[[138.587332,-34.992166],[138.587773,-34.992144]]}},{"type":"Feature","properties":{"tier":"arterial"},"geometry":{"type":"LineString","coordinates":[[138.587773,-34.992144],[138.588322,-34.992117],[138.588909,-34.992088],[138.589062,-34.99208]]}},{"type":"Feature","properties":{"tier":"arterial"},"geometry":{"type":"LineString","coordinates":[[138.593953,-34.990805],[138.593641,-34.990879],[138.593278,-34.99101],[138.592926,-34.991217],[138.59291,-34.991226],[138.592805,-34.991288]]}},{"type":"Feature","properties":{"tier":"arterial"},"geometry":{"type":"LineString","coordinates":[[138.594421,-34.990724],[138.594896,-34.990701],[138.595444,-34.990673],[138.59687,-34.990602],[138.597125,-34.990589]]}},{"type":"Feature","properties":{"tier":"arterial"},"geometry":{"type":"LineString","coordinates":[[138.589062,-34.99208],[138.589004,-34.992204]]}},{"type":"Feature","properties":{"tier":"regional"},"geometry":{"type":"LineString","coordinates":[[138.568902,-34.979824],[138.56896,-34.979822],[138.569011,-34.979821],[138.569062,-34.97982],[138.569336,-34.979815]]}},{"type":"Feature","properties":{"tier":"regional"},"geometry":{"type":"LineString","coordinates":[[138.581362,-34.960343],[138.581367,-34.960406]]}},{"type":"Feature","properties":{"tier":"regional"},"geometry":{"type":"LineString","coordinates":[[138.581367,-34.960406],[138.581372,-34.960495],[138.581372,-34.960547],[138.581374,-34.960642],[138.581375,-34.96072],[138.581376,-34.960747],[138.581376,-34.960783],[138.581378,-34.960882],[138.581369,-34.961027],[138.581361,-34.961161]]}},{"type":"Feature","properties":{"tier":"regional"},"geometry":{"type":"LineString","coordinates":[[138.581286,-34.960681],[138.581294,-34.960572],[138.581299,-34.960529],[138.581306,-34.960405],[138.581312,-34.960313],[138.58132,-34.960168]]}},{"type":"Feature","properties":{"tier":"regional"},"geometry":{"type":"LineString","coordinates":[[138.581323,-34.961106],[138.581304,-34.961029],[138.581288,-34.960959]]}},{"type":"Feature","properties":{"tier":"regional"},"geometry":{"type":"LineString","coordinates":[[138.607611,-34.976231],[138.607843,-34.976221],[138.608768,-34.976182],[138.609266,-34.976156],[138.6093,-34.976154],[138.60942,-34.976148]]}},{"type":"Feature","properties":{"tier":"arterial"},"geometry":{"type":"LineString","coordinates":[[138.622614,-34.979945],[138.622902,-34.979704],[138.623261,-34.979401]]}},{"type":"Feature","properties":{"tier":"arterial"},"geometry":{"type":"LineString","coordinates":[[138.6227,-34.979996],[138.622477,-34.980295],[138.622276,-34.980702]]}},{"type":"Feature","properties":{"tier":"arterial"},"geometry":{"type":"LineString","coordinates":[[138.622066,-34.981184],[138.621929,-34.981531],[138.621829,-34.981738],[138.621767,-34.981846]]}},{"type":"Feature","properties":{"tier":"arterial"},"geometry":{"type":"LineString","coordinates":[[138.621984,-34.98116],[138.622028,-34.98106]]}},{"type":"Feature","properties":{"tier":"high"},"geometry":{"type":"LineString","coordinates":[[138.573524,-34.975767],[138.573482,-34.975192]]}},{"type":"Feature","properties":{"tier":"high"},"geometry":{"type":"LineString","coordinates":[[138.573609,-34.97507],[138.573618,-34.975184]]}},{"type":"Feature","properties":{"tier":"high"},"geometry":{"type":"LineString","coordinates":[[138.573475,-34.975078],[138.573434,-34.974596],[138.573431,-34.974565],[138.573375,-34.973901],[138.57329,-34.972734]]}},{"type":"Feature","properties":{"tier":"high"},"geometry":{"type":"LineString","coordinates":[[138.573482,-34.975192],[138.573475,-34.975078]]}},{"type":"Feature","properties":{"tier":"high"},"geometry":{"type":"LineString","coordinates":[[138.573618,-34.975184],[138.573661,-34.975758]]}},{"type":"Feature","properties":{"tier":"high"},"geometry":{"type":"LineString","coordinates":[[138.573431,-34.972723],[138.57352,-34.973908],[138.573556,-34.974426],[138.573561,-34.974486],[138.573566,-34.97456],[138.573609,-34.97507]]}},{"type":"Feature","properties":{"tier":"high"},"geometry":{"type":"LineString","coordinates":[[138.57329,-34.972734],[138.573237,-34.972024],[138.573228,-34.971908]]}},{"type":"Feature","properties":{"tier":"high"},"geometry":{"type":"LineString","coordinates":[[138.572382,-34.960078],[138.572322,-34.959447]]}},{"type":"Feature","properties":{"tier":"high"},"geometry":{"type":"LineString","coordinates":[[138.572322,-34.959447],[138.572316,-34.959378]]}},{"type":"Feature","properties":{"tier":"regional"},"geometry":{"type":"LineString","coordinates":[[138.581341,-34.953652],[138.581362,-34.953421]]}},{"type":"Feature","properties":{"tier":"regional"},"geometry":{"type":"LineString","coordinates":[[138.581618,-34.9539],[138.581699,-34.953905],[138.58177,-34.95391],[138.581961,-34.953919]]}},{"type":"Feature","properties":{"tier":"regional"},"geometry":{"type":"LineString","coordinates":[[138.581428,-34.9537],[138.581432,-34.953727],[138.581435,-34.953744],[138.581442,-34.953765],[138.581453,-34.95379],[138.581469,-34.953825],[138.581479,-34.953849],[138.581481,-34.95386],[138.581483,-34.953872],[138.581483,-34.953889]]}},{"type":"Feature","properties":{"tier":"arterial"},"geometry":{"type":"LineString","coordinates":[[138.589468,-34.949631],[138.589461,-34.94947],[138.58945,-34.949311],[138.589436,-34.949152],[138.589425,-34.948965],[138.589407,-34.948725],[138.589404,-34.948685],[138.589434,-34.948583]]}},{"type":"Feature","properties":{"tier":"arterial"},"geometry":{"type":"LineString","coordinates":[[138.589495,-34.949924],[138.589493,-34.949901],[138.589487,-34.949831],[138.589482,-34.949777]]}},{"type":"Feature","properties":{"tier":"arterial"},"geometry":{"type":"LineString","coordinates":[[138.589482,-34.949777],[138.58948,-34.949762],[138.589477,-34.949722],[138.589468,-34.949631]]}},{"type":"Feature","properties":{"tier":"high"},"geometry":{"type":"LineString","coordinates":[[138.571456,-34.951579],[138.571462,-34.951342],[138.571474,-34.951036]]}},{"type":"Feature","properties":{"tier":"high"},"geometry":{"type":"LineString","coordinates":[[138.571584,-34.951042],[138.57157,-34.951342],[138.571567,-34.951547]]}},{"type":"Feature","properties":{"tier":"high"},"geometry":{"type":"LineString","coordinates":[[138.572117,-34.956874],[138.572039,-34.956457],[138.571798,-34.955486],[138.571735,-34.95519]]}},{"type":"Feature","properties":{"tier":"high"},"geometry":{"type":"LineString","coordinates":[[138.571454,-34.953335],[138.571331,-34.95342]]}},{"type":"Feature","properties":{"tier":"high"},"geometry":{"type":"LineString","coordinates":[[138.571904,-34.953022],[138.571745,-34.953132]]}},{"type":"Feature","properties":{"tier":"high"},"geometry":{"type":"LineString","coordinates":[[138.571772,-34.952908],[138.571902,-34.952822]]}},{"type":"Feature","properties":{"tier":"high"},"geometry":{"type":"LineString","coordinates":[[138.571304,-34.953216],[138.571457,-34.953116]]}},{"type":"Feature","properties":{"tier":"arterial"},"geometry":{"type":"LineString","coordinates":[[138.609213,-34.973511],[138.609219,-34.973595]]}},{"type":"Feature","properties":{"tier":"arterial"},"geometry":{"type":"LineString","coordinates":[[138.609219,-34.973595],[138.609249,-34.973988],[138.609251,-34.974019],[138.609262,-34.974165]]}},{"type":"Feature","properties":{"tier":"high"},"geometry":{"type":"LineString","coordinates":[[138.57184,-34.955156],[138.571903,-34.955426]]}},{"type":"Feature","properties":{"tier":"regional"},"geometry":{"type":"LineString","coordinates":[[138.582133,-34.971498],[138.582193,-34.972339],[138.582226,-34.972798],[138.582244,-34.973136],[138.582281,-34.973706]]}},{"type":"Feature","properties":{"tier":"regional"},"geometry":{"type":"LineString","coordinates":[[138.582103,-34.971116],[138.582117,-34.971296],[138.58213,-34.971453],[138.582133,-34.971498]]}},{"type":"Feature","properties":{"tier":"arterial"},"geometry":{"type":"LineString","coordinates":[[138.591126,-34.971083],[138.591152,-34.971432],[138.5912,-34.972072],[138.591219,-34.972318],[138.591239,-34.972589],[138.591249,-34.972716],[138.591273,-34.973035],[138.59129,-34.973257],[138.591297,-34.973361],[138.591309,-34.973513],[138.59131,-34.973531],[138.591323,-34.973704],[138.591325,-34.973726],[138.591328,-34.97376],[138.591331,-34.973803],[138.591337,-34.973883],[138.59134,-34.97393],[138.591358,-34.974168],[138.591383,-34.9745],[138.591396,-34.974667],[138.591426,-34.975059],[138.591457,-34.975472],[138.591469,-34.975637]]}},{"type":"Feature","properties":{"tier":"arterial"},"geometry":{"type":"LineString","coordinates":[[138.591118,-34.970986],[138.591126,-34.971083]]}},{"type":"Feature","properties":{"tier":"arterial"},"geometry":{"type":"LineString","coordinates":[[138.591665,-34.976899],[138.591736,-34.976988],[138.591762,-34.977024],[138.591791,-34.977054],[138.591835,-34.977081],[138.59189,-34.977105],[138.591948,-34.97712],[138.592045,-34.977132],[138.592346,-34.977179]]}},{"type":"Feature","properties":{"tier":"arterial"},"geometry":{"type":"LineString","coordinates":[[138.592108,-34.977198],[138.591875,-34.977295],[138.591826,-34.977321],[138.591793,-34.977346],[138.591768,-34.977374],[138.591719,-34.977449]]}},{"type":"Feature","properties":{"tier":"arterial"},"geometry":{"type":"LineString","coordinates":[[138.583284,-34.941604],[138.583606,-34.941251]]}},{"type":"Feature","properties":{"tier":"regional"},"geometry":{"type":"LineString","coordinates":[[138.615839,-34.971175],[138.616208,-34.971156],[138.618013,-34.971067]]}},{"type":"Feature","properties":{"tier":"high"},"geometry":{"type":"LineString","coordinates":[[138.60657,-34.940857],[138.606741,-34.940849]]}},{"type":"Feature","properties":{"tier":"high"},"geometry":{"type":"LineString","coordinates":[[138.606741,-34.940849],[138.606905,-34.940841]]}},{"type":"Feature","properties":{"tier":"high"},"geometry":{"type":"LineString","coordinates":[[138.606897,-34.941011],[138.606805,-34.941015],[138.606749,-34.941018]]}},{"type":"Feature","properties":{"tier":"high"},"geometry":{"type":"LineString","coordinates":[[138.606749,-34.941018],[138.606588,-34.941027]]}},{"type":"Feature","properties":{"tier":"arterial"},"geometry":{"type":"LineString","coordinates":[[138.600856,-34.939529],[138.600889,-34.939967],[138.600887,-34.940181],[138.600868,-34.940394],[138.600826,-34.940607],[138.600698,-34.94102],[138.600686,-34.94106],[138.600661,-34.941146]]}},{"type":"Feature","properties":{"tier":"regional"},"geometry":{"type":"LineString","coordinates":[[138.565002,-34.980044],[138.565002,-34.980076],[138.564988,-34.980107],[138.564963,-34.980132],[138.564921,-34.98015],[138.564881,-34.980153],[138.564843,-34.980145],[138.56481,-34.980127],[138.564787,-34.980101],[138.564778,-34.980077]]}},{"type":"Feature","properties":{"tier":"arterial"},"geometry":{"type":"LineString","coordinates":[[138.582607,-34.942226],[138.582428,-34.942187],[138.582241,-34.94211]]}},{"type":"Feature","properties":{"tier":"arterial"},"geometry":{"type":"LineString","coordinates":[[138.580962,-34.941567],[138.581107,-34.941569],[138.581291,-34.941589],[138.581481,-34.941626],[138.581689,-34.941707],[138.582041,-34.941857],[138.582337,-34.942016],[138.58248,-34.942078],[138.582651,-34.94212]]}},{"type":"Feature","properties":{"tier":"arterial"},"geometry":{"type":"LineString","coordinates":[[138.584386,-34.940606],[138.583606,-34.941543],[138.583412,-34.941779]]}},{"type":"Feature","properties":{"tier":"regional"},"geometry":{"type":"LineString","coordinates":[[138.56265,-34.948683],[138.5626,-34.948685],[138.56248,-34.948691]]}},{"type":"Feature","properties":{"tier":"arterial"},"geometry":{"type":"LineString","coordinates":[[138.623624,-34.97911],[138.623694,-34.979163]]}},{"type":"Feature","properties":{"tier":"arterial"},"geometry":{"type":"LineString","coordinates":[[138.623188,-34.998796],[138.623212,-34.99886],[138.62323,-34.998906]]}},{"type":"Feature","properties":{"tier":"arterial"},"geometry":{"type":"LineString","coordinates":[[138.623443,-34.998644],[138.623482,-34.998621]]}},{"type":"Feature","properties":{"tier":"arterial"},"geometry":{"type":"LineString","coordinates":[[138.623443,-34.998644],[138.623415,-34.998682],[138.623336,-34.998788],[138.623286,-34.998864],[138.62323,-34.998906]]}},{"type":"Feature","properties":{"tier":"arterial"},"geometry":{"type":"LineString","coordinates":[[138.624861,-34.943042],[138.624954,-34.943139],[138.624984,-34.943157],[138.62502,-34.943178]]}},{"type":"Feature","properties":{"tier":"arterial"},"geometry":{"type":"LineString","coordinates":[[138.624877,-34.943246],[138.624882,-34.943323],[138.624893,-34.943469],[138.624931,-34.944007],[138.625013,-34.944855]]}},{"type":"Feature","properties":{"tier":"high"},"geometry":{"type":"LineString","coordinates":[[138.612353,-34.940564],[138.612565,-34.940458],[138.61259,-34.940438],[138.612657,-34.940386],[138.612745,-34.940223]]}},{"type":"Feature","properties":{"tier":"regional"},"geometry":{"type":"LineString","coordinates":[[138.612102,-34.954558],[138.612035,-34.954555],[138.611821,-34.954547],[138.612032,-34.954514],[138.612093,-34.954505]]}},{"type":"Feature","properties":{"tier":"regional"},"geometry":{"type":"LineString","coordinates":[[138.61226,-34.954488],[138.61232,-34.954493],[138.612488,-34.954509],[138.612323,-34.954539],[138.612265,-34.954549]]}},{"type":"Feature","properties":{"tier":"regional"},"geometry":{"type":"LineString","coordinates":[[138.612149,-34.954591],[138.612129,-34.954583],[138.612106,-34.954565],[138.612102,-34.954558]]}},{"type":"Feature","properties":{"tier":"regional"},"geometry":{"type":"LineString","coordinates":[[138.612265,-34.954549],[138.612247,-34.954572],[138.612228,-34.954584],[138.612222,-34.954588],[138.612184,-34.954596],[138.612158,-34.954594],[138.612149,-34.954591]]}},{"type":"Feature","properties":{"tier":"regional"},"geometry":{"type":"LineString","coordinates":[[138.61226,-34.954488],[138.612266,-34.954498],[138.61227,-34.954512],[138.612265,-34.954549]]}},{"type":"Feature","properties":{"tier":"regional"},"geometry":{"type":"LineString","coordinates":[[138.612093,-34.954505],[138.612094,-34.954497],[138.612104,-34.954481],[138.612125,-34.954462],[138.612134,-34.954458]]}},{"type":"Feature","properties":{"tier":"regional"},"geometry":{"type":"LineString","coordinates":[[138.612102,-34.954558],[138.612092,-34.954541],[138.612089,-34.954522],[138.612093,-34.954505]]}},{"type":"Feature","properties":{"tier":"regional"},"geometry":{"type":"LineString","coordinates":[[138.612134,-34.954458],[138.612152,-34.954451],[138.612165,-34.954448],[138.612206,-34.95445]]}},{"type":"Feature","properties":{"tier":"regional"},"geometry":{"type":"LineString","coordinates":[[138.590211,-34.955756],[138.590111,-34.955797],[138.590088,-34.955809],[138.590067,-34.955821],[138.590019,-34.955847]]}},{"type":"Feature","properties":{"tier":"regional"},"geometry":{"type":"LineString","coordinates":[[138.590211,-34.955756],[138.590086,-34.955762],[138.590064,-34.955763],[138.589973,-34.955767]]}},{"type":"Feature","properties":{"tier":"arterial"},"geometry":{"type":"LineString","coordinates":[[138.589959,-34.955591],[138.589973,-34.955767]]}},{"type":"Feature","properties":{"tier":"arterial"},"geometry":{"type":"LineString","coordinates":[[138.590019,-34.955847],[138.590054,-34.956339],[138.590056,-34.956465],[138.590056,-34.956517]]}},{"type":"Feature","properties":{"tier":"regional"},"geometry":{"type":"LineString","coordinates":[[138.612478,-34.957484],[138.612562,-34.957489],[138.612696,-34.957498]]}},{"type":"Feature","properties":{"tier":"regional"},"geometry":{"type":"LineString","coordinates":[[138.612696,-34.957498],[138.612564,-34.957522],[138.612479,-34.957538]]}},{"type":"Feature","properties":{"tier":"regional"},"geometry":{"type":"LineString","coordinates":[[138.61235,-34.957485],[138.612374,-34.957463]]}},{"type":"Feature","properties":{"tier":"regional"},"geometry":{"type":"LineString","coordinates":[[138.612419,-34.957573],[138.612394,-34.95757],[138.612383,-34.957565]]}},{"type":"Feature","properties":{"tier":"regional"},"geometry":{"type":"LineString","coordinates":[[138.612421,-34.957451],[138.61244,-34.957457],[138.612447,-34.95746]]}},{"type":"Feature","properties":{"tier":"regional"},"geometry":{"type":"LineString","coordinates":[[138.612478,-34.957484],[138.612487,-34.957504],[138.612485,-34.957529],[138.612479,-34.957538]]}},{"type":"Feature","properties":{"tier":"regional"},"geometry":{"type":"LineString","coordinates":[[138.61235,-34.957541],[138.612262,-34.957536],[138.612112,-34.957529],[138.612259,-34.957501],[138.61235,-34.957485]]}},{"type":"Feature","properties":{"tier":"regional"},"geometry":{"type":"LineString","coordinates":[[138.612383,-34.957565],[138.612365,-34.957557],[138.61235,-34.957541]]}},{"type":"Feature","properties":{"tier":"regional"},"geometry":{"type":"LineString","coordinates":[[138.61235,-34.957541],[138.612344,-34.957529],[138.612342,-34.957508],[138.61235,-34.957485]]}},{"type":"Feature","properties":{"tier":"regional"},"geometry":{"type":"LineString","coordinates":[[138.612458,-34.95756],[138.612449,-34.957566],[138.612419,-34.957573]]}},{"type":"Feature","properties":{"tier":"regional"},"geometry":{"type":"LineString","coordinates":[[138.612447,-34.95746],[138.612462,-34.957467],[138.612478,-34.957484]]}},{"type":"Feature","properties":{"tier":"regional"},"geometry":{"type":"LineString","coordinates":[[138.612374,-34.957463],[138.612398,-34.957454],[138.612421,-34.957451]]}},{"type":"Feature","properties":{"tier":"regional"},"geometry":{"type":"LineString","coordinates":[[138.613993,-34.977071],[138.614178,-34.977187]]}},{"type":"Feature","properties":{"tier":"regional"},"geometry":{"type":"LineString","coordinates":[[138.614178,-34.977187],[138.614195,-34.977186],[138.614222,-34.977193],[138.61426,-34.977211],[138.614281,-34.977236],[138.614291,-34.977265],[138.614289,-34.977288]]}},{"type":"Feature","properties":{"tier":"regional"},"geometry":{"type":"LineString","coordinates":[[138.609846,-34.979164],[138.609778,-34.979207],[138.609695,-34.979259],[138.609639,-34.979334]]}},{"type":"Feature","properties":{"tier":"regional"},"geometry":{"type":"LineString","coordinates":[[138.609846,-34.979164],[138.609954,-34.97914],[138.610018,-34.979126],[138.610059,-34.979116],[138.610119,-34.979103],[138.610239,-34.979066]]}},{"type":"Feature","properties":{"tier":"regional"},"geometry":{"type":"LineString","coordinates":[[138.592829,-34.999825],[138.592817,-34.999906],[138.592828,-34.999985],[138.592832,-35.000011],[138.592835,-35.00002]]}},{"type":"Feature","properties":{"tier":"regional"},"geometry":{"type":"LineString","coordinates":[[138.592707,-35.00002],[138.592658,-34.999976]]}},{"type":"Feature","properties":{"tier":"high"},"geometry":{"type":"LineString","coordinates":[[138.606328,-34.940868],[138.606548,-34.940765],[138.606569,-34.940749],[138.606665,-34.940677],[138.606729,-34.940528]]}},{"type":"Feature","properties":{"tier":"arterial"},"geometry":{"type":"LineString","coordinates":[[138.606729,-34.940528],[138.606737,-34.940732],[138.606738,-34.940763],[138.606741,-34.940849]]}},{"type":"Feature","properties":{"tier":"arterial"},"geometry":{"type":"LineString","coordinates":[[138.6092,-34.973329],[138.609213,-34.973511]]}},{"type":"Feature","properties":{"tier":"arterial"},"geometry":{"type":"LineString","coordinates":[[138.609186,-34.973143],[138.6092,-34.973329]]}},{"type":"Feature","properties":{"tier":"regional"},"geometry":{"type":"LineString","coordinates":[[138.581398,-34.95356],[138.581409,-34.953602],[138.581419,-34.953648],[138.581428,-34.9537]]}},{"type":"Feature","properties":{"tier":"arterial"},"geometry":{"type":"LineString","coordinates":[[138.583606,-34.941251],[138.583664,-34.941186],[138.583815,-34.94102]]}},{"type":"Feature","properties":{"tier":"regional"},"geometry":{"type":"LineString","coordinates":[[138.618346,-34.971041],[138.618406,-34.971037],[138.618559,-34.971036],[138.61866,-34.971058]]}},{"type":"Feature","properties":{"tier":"high"},"geometry":{"type":"LineString","coordinates":[[138.572898,-34.952343],[138.572796,-34.952242]]}},{"type":"Feature","properties":{"tier":"high"},"geometry":{"type":"LineString","coordinates":[[138.578639,-34.947303],[138.578504,-34.947221]]}},{"type":"Feature","properties":{"tier":"arterial"},"geometry":{"type":"LineString","coordinates":[[138.584705,-34.940013],[138.584832,-34.940083]]}},{"type":"Feature","properties":{"tier":"regional"},"geometry":{"type":"LineString","coordinates":[[138.599872,-34.976644],[138.599872,-34.976663],[138.599865,-34.976682],[138.599851,-34.976697],[138.59983,-34.976707],[138.599807,-34.976712]]}},{"type":"Feature","properties":{"tier":"regional"},"geometry":{"type":"LineString","coordinates":[[138.599807,-34.976712],[138.599786,-34.97671],[138.599767,-34.976703],[138.599751,-34.976691],[138.59974,-34.976676],[138.599735,-34.976659]]}},{"type":"Feature","properties":{"tier":"regional"},"geometry":{"type":"LineString","coordinates":[[138.599814,-34.976599],[138.599834,-34.976604],[138.599851,-34.976614],[138.599864,-34.976627],[138.599872,-34.976644]]}},{"type":"Feature","properties":{"tier":"regional"},"geometry":{"type":"LineString","coordinates":[[138.571758,-34.979675],[138.571725,-34.979692],[138.571689,-34.979701],[138.571673,-34.979701]]}},{"type":"Feature","properties":{"tier":"regional"},"geometry":{"type":"LineString","coordinates":[[138.571562,-34.979476],[138.571583,-34.979432],[138.571597,-34.979392],[138.571605,-34.979317],[138.571597,-34.979218],[138.571582,-34.979036],[138.571571,-34.978864],[138.571573,-34.978742],[138.571583,-34.978661],[138.571613,-34.978558],[138.571664,-34.978458],[138.571725,-34.978383],[138.571787,-34.978316],[138.571865,-34.978256],[138.571964,-34.978199],[138.572081,-34.978158],[138.572208,-34.978125],[138.572366,-34.978103],[138.572591,-34.978089],[138.573044,-34.978082],[138.573186,-34.978081],[138.573471,-34.97807],[138.573545,-34.978068],[138.573586,-34.978068],[138.573622,-34.978067],[138.573687,-34.978064]]}},{"type":"Feature","properties":{"tier":"regional"},"geometry":{"type":"LineString","coordinates":[[138.57087,-34.979718],[138.57097,-34.979667],[138.57107,-34.979628],[138.571156,-34.9796],[138.57129,-34.979562],[138.571399,-34.979537],[138.571446,-34.979526],[138.571475,-34.979518],[138.571537,-34.979498]]}},{"type":"Feature","properties":{"tier":"regional"},"geometry":{"type":"LineString","coordinates":[[138.571529,-34.979642],[138.571397,-34.979614],[138.571303,-34.979621],[138.5712,-34.979647],[138.57087,-34.979718]]}},{"type":"Feature","properties":{"tier":"arterial"},"geometry":{"type":"LineString","coordinates":[[138.606628,-34.937951],[138.60665,-34.938457]]}},{"type":"Feature","properties":{"tier":"regional"},"geometry":{"type":"LineString","coordinates":[[138.61866,-34.971058],[138.618681,-34.971025],[138.618709,-34.971005],[138.618757,-34.970993],[138.618794,-34.970996],[138.618821,-34.971007],[138.618849,-34.971028],[138.618866,-34.971055]]}},{"type":"Feature","properties":{"tier":"regional"},"geometry":{"type":"LineString","coordinates":[[138.618866,-34.971055],[138.618869,-34.971093]]}},{"type":"Feature","properties":{"tier":"regional"},"geometry":{"type":"LineString","coordinates":[[138.618869,-34.971093],[138.618859,-34.97112],[138.618841,-34.971141],[138.618799,-34.971164],[138.618754,-34.971168],[138.618718,-34.971161]]}},{"type":"Feature","properties":{"tier":"regional"},"geometry":{"type":"LineString","coordinates":[[138.618718,-34.971161],[138.618688,-34.971143],[138.618674,-34.971129],[138.618658,-34.971095]]}},{"type":"Feature","properties":{"tier":"arterial"},"geometry":{"type":"LineString","coordinates":[[138.590603,-34.992003],[138.590738,-34.991985],[138.59095,-34.991955]]}},{"type":"Feature","properties":{"tier":"arterial"},"geometry":{"type":"LineString","coordinates":[[138.591219,-34.991905],[138.591411,-34.991852],[138.591874,-34.991666],[138.592204,-34.99149]]}},{"type":"Feature","properties":{"tier":"arterial"},"geometry":{"type":"LineString","coordinates":[[138.590781,-34.99212],[138.59067,-34.992128]]}},{"type":"Feature","properties":{"tier":"arterial"},"geometry":{"type":"LineString","coordinates":[[138.590292,-34.992143],[138.590012,-34.99211],[138.589762,-34.992122],[138.589758,-34.992046]]}},{"type":"Feature","properties":{"tier":"arterial"},"geometry":{"type":"LineString","coordinates":[[138.589758,-34.992046],[138.590513,-34.992009],[138.590603,-34.992003]]}},{"type":"Feature","properties":{"tier":"high"},"geometry":{"type":"LineString","coordinates":[[138.573927,-34.97953],[138.573931,-34.979602],[138.573955,-34.980004]]}},{"type":"Feature","properties":{"tier":"high"},"geometry":{"type":"LineString","coordinates":[[138.573826,-34.978061],[138.573831,-34.978138]]}},{"type":"Feature","properties":{"tier":"regional"},"geometry":{"type":"LineString","coordinates":[[138.573687,-34.978064],[138.573826,-34.978061]]}},{"type":"Feature","properties":{"tier":"high"},"geometry":{"type":"LineString","coordinates":[[138.573692,-34.978141],[138.573687,-34.978064]]}},{"type":"Feature","properties":{"tier":"high"},"geometry":{"type":"LineString","coordinates":[[138.573044,-34.978082],[138.573306,-34.97805],[138.573412,-34.978029],[138.573506,-34.978007],[138.573579,-34.977981],[138.573646,-34.977931],[138.573676,-34.977887]]}},{"type":"Feature","properties":{"tier":"regional"},"geometry":{"type":"LineString","coordinates":[[138.573826,-34.978061],[138.573883,-34.97806],[138.57393,-34.978059],[138.574096,-34.97806],[138.574169,-34.978096]]}},{"type":"Feature","properties":{"tier":"high"},"geometry":{"type":"LineString","coordinates":[[138.58508,-34.966685],[138.583813,-34.966741],[138.583592,-34.966751],[138.58302,-34.966779]]}},{"type":"Feature","properties":{"tier":"high"},"geometry":{"type":"LineString","coordinates":[[138.589232,-34.966386],[138.589561,-34.966368],[138.589587,-34.966367],[138.589874,-34.966351]]}},{"type":"Feature","properties":{"tier":"high"},"geometry":{"type":"LineString","coordinates":[[138.590223,-34.966417],[138.589888,-34.966434]]}},{"type":"Feature","properties":{"tier":"high"},"geometry":{"type":"LineString","coordinates":[[138.585075,-34.966599],[138.58642,-34.966528]]}},{"type":"Feature","properties":{"tier":"arterial"},"geometry":{"type":"LineString","coordinates":[[138.609065,-34.971534],[138.609097,-34.971952],[138.609112,-34.972158],[138.609155,-34.972726]]}},{"type":"Feature","properties":{"tier":"arterial"},"geometry":{"type":"LineString","coordinates":[[138.609019,-34.970922],[138.609064,-34.97152],[138.609065,-34.971534]]}},{"type":"Feature","properties":{"tier":"arterial"},"geometry":{"type":"LineString","coordinates":[[138.590893,-34.967999],[138.590956,-34.968664]]}},{"type":"Feature","properties":{"tier":"arterial"},"geometry":{"type":"LineString","coordinates":[[138.618796,-34.983387],[138.618718,-34.983391],[138.617691,-34.983441],[138.616451,-34.983497],[138.616034,-34.983524]]}},{"type":"Feature","properties":{"tier":"arterial"},"geometry":{"type":"LineString","coordinates":[[138.61271,-34.983697],[138.612182,-34.983721],[138.611876,-34.983745]]}},{"type":"Feature","properties":{"tier":"high"},"geometry":{"type":"LineString","coordinates":[[138.622096,-34.944512],[138.622247,-34.944603],[138.622402,-34.944697],[138.6227,-34.944878],[138.622762,-34.944916],[138.622824,-34.944954]]}},{"type":"Feature","properties":{"tier":"high"},"geometry":{"type":"LineString","coordinates":[[138.619484,-34.942892],[138.619582,-34.942949],[138.619689,-34.943012],[138.619835,-34.943102]]}},{"type":"Feature","properties":{"tier":"arterial"},"geometry":{"type":"LineString","coordinates":[[138.608175,-34.959622],[138.608194,-34.95986],[138.608216,-34.960149],[138.608223,-34.960234],[138.608265,-34.960792],[138.608286,-34.961059],[138.608297,-34.961201],[138.60831,-34.961375],[138.608335,-34.961703],[138.608346,-34.961846],[138.608351,-34.961902],[138.608381,-34.962299],[138.608406,-34.962624],[138.608427,-34.962896],[138.608466,-34.9634],[138.60848,-34.963588],[138.6085,-34.963849]]}},{"type":"Feature","properties":{"tier":"arterial"},"geometry":{"type":"LineString","coordinates":[[138.608033,-34.957758],[138.608061,-34.958099],[138.608084,-34.958385],[138.608095,-34.958572],[138.608095,-34.958581],[138.608112,-34.958792],[138.608136,-34.959106]]}},{"type":"Feature","properties":{"tier":"arterial"},"geometry":{"type":"LineString","coordinates":[[138.608136,-34.959106],[138.608167,-34.959507],[138.608175,-34.959622]]}},{"type":"Feature","properties":{"tier":"arterial"},"geometry":{"type":"LineString","coordinates":[[138.607996,-34.957285],[138.608002,-34.957371],[138.608033,-34.957758]]}},{"type":"Feature","properties":{"tier":"arterial"},"geometry":{"type":"LineString","coordinates":[[138.607811,-34.954862],[138.607816,-34.954935],[138.607848,-34.955346]]}},{"type":"Feature","properties":{"tier":"arterial"},"geometry":{"type":"LineString","coordinates":[[138.607735,-34.953999],[138.607784,-34.95463],[138.607786,-34.954657],[138.607794,-34.954753]]}},{"type":"Feature","properties":{"tier":"arterial"},"geometry":{"type":"LineString","coordinates":[[138.607636,-34.95272],[138.607641,-34.952784],[138.607678,-34.953264],[138.607707,-34.953634],[138.607715,-34.953741],[138.607735,-34.953999]]}},{"type":"Feature","properties":{"tier":"arterial"},"geometry":{"type":"LineString","coordinates":[[138.607482,-34.950743],[138.607512,-34.951122],[138.607514,-34.951153],[138.607521,-34.951246],[138.607527,-34.951323],[138.607555,-34.951674]]}},{"type":"Feature","properties":{"tier":"arterial"},"geometry":{"type":"LineString","coordinates":[[138.607605,-34.952322],[138.607636,-34.95272]]}},{"type":"Feature","properties":{"tier":"arterial"},"geometry":{"type":"LineString","coordinates":[[138.607345,-34.948954],[138.607347,-34.948977],[138.607365,-34.949216],[138.607382,-34.949437],[138.607398,-34.949661]]}},{"type":"Feature","properties":{"tier":"arterial"},"geometry":{"type":"LineString","coordinates":[[138.609343,-34.975261],[138.609393,-34.975716],[138.6094,-34.975807],[138.609411,-34.976007]]}},{"type":"Feature","properties":{"tier":"arterial"},"geometry":{"type":"LineString","coordinates":[[138.608929,-34.969714],[138.608959,-34.970118]]}},{"type":"Feature","properties":{"tier":"arterial"},"geometry":{"type":"LineString","coordinates":[[138.608983,-34.970441],[138.608988,-34.970501],[138.608999,-34.970649],[138.609005,-34.970728],[138.609019,-34.970922]]}},{"type":"Feature","properties":{"tier":"arterial"},"geometry":{"type":"LineString","coordinates":[[138.608959,-34.970118],[138.608962,-34.970153],[138.608963,-34.970175],[138.608983,-34.970441]]}},{"type":"Feature","properties":{"tier":"regional"},"geometry":{"type":"LineString","coordinates":[[138.581361,-34.961161],[138.581381,-34.961451],[138.581392,-34.961602]]}},{"type":"Feature","properties":{"tier":"arterial"},"geometry":{"type":"LineString","coordinates":[[138.589434,-34.948583],[138.589338,-34.948588],[138.589313,-34.94859],[138.588965,-34.948609]]}},{"type":"Feature","properties":{"tier":"regional"},"geometry":{"type":"LineString","coordinates":[[138.614096,-34.954435],[138.612883,-34.95449],[138.612488,-34.954509]]}},{"type":"Feature","properties":{"tier":"regional"},"geometry":{"type":"LineString","coordinates":[[138.614453,-34.954419],[138.614096,-34.954435]]}},{"type":"Feature","properties":{"tier":"regional"},"geometry":{"type":"LineString","coordinates":[[138.611821,-34.954547],[138.611644,-34.954557],[138.610521,-34.95462],[138.610117,-34.954643]]}},{"type":"Feature","properties":{"tier":"regional"},"geometry":{"type":"LineString","coordinates":[[138.610117,-34.954643],[138.609948,-34.954653],[138.609781,-34.954659]]}},{"type":"Feature","properties":{"tier":"regional"},"geometry":{"type":"LineString","coordinates":[[138.608586,-34.954716],[138.608376,-34.954726],[138.608136,-34.954738],[138.607954,-34.954746],[138.607922,-34.954748],[138.607794,-34.954753]]}},{"type":"Feature","properties":{"tier":"arterial"},"geometry":{"type":"LineString","coordinates":[[138.583684,-34.992347],[138.583812,-34.992341],[138.583831,-34.99234]]}},{"type":"Feature","properties":{"tier":"arterial"},"geometry":{"type":"LineString","coordinates":[[138.607599,-34.990187],[138.607246,-34.990176],[138.607192,-34.990174],[138.606965,-34.990167]]}},{"type":"Feature","properties":{"tier":"regional"},"geometry":{"type":"LineString","coordinates":[[138.598664,-34.97974],[138.598793,-34.979733],[138.59939,-34.979703],[138.599922,-34.979676],[138.599993,-34.979673],[138.600655,-34.979639],[138.600761,-34.979634]]}},{"type":"Feature","properties":{"tier":"regional"},"geometry":{"type":"LineString","coordinates":[[138.600761,-34.979634],[138.600867,-34.979629],[138.601054,-34.979619],[138.601195,-34.979612],[138.602037,-34.979569],[138.602174,-34.979563]]}},{"type":"Feature","properties":{"tier":"regional"},"geometry":{"type":"LineString","coordinates":[[138.599651,-34.966925],[138.599642,-34.96681],[138.599621,-34.966472]]}},{"type":"Feature","properties":{"tier":"regional"},"geometry":{"type":"LineString","coordinates":[[138.571537,-34.979498],[138.571562,-34.979476]]}},{"type":"Feature","properties":{"tier":"regional"},"geometry":{"type":"LineString","coordinates":[[138.571673,-34.979701],[138.571652,-34.979703],[138.571615,-34.979697],[138.571581,-34.979684],[138.571552,-34.979666],[138.571529,-34.979642]]}},{"type":"Feature","properties":{"tier":"regional"},"geometry":{"type":"LineString","coordinates":[[138.571529,-34.979642],[138.571513,-34.979614],[138.571506,-34.979584],[138.571508,-34.979554],[138.571518,-34.979525],[138.571537,-34.979498]]}},{"type":"Feature","properties":{"tier":"regional"},"geometry":{"type":"LineString","coordinates":[[138.571562,-34.979476],[138.571594,-34.97946],[138.571629,-34.97945],[138.571667,-34.979447],[138.571705,-34.979452],[138.57174,-34.979464]]}},{"type":"Feature","properties":{"tier":"regional"},"geometry":{"type":"LineString","coordinates":[[138.57174,-34.979464],[138.57177,-34.979483],[138.571794,-34.979507],[138.57181,-34.979535],[138.571818,-34.979566],[138.571816,-34.979597],[138.571804,-34.979627]]}},{"type":"Feature","properties":{"tier":"regional"},"geometry":{"type":"LineString","coordinates":[[138.571804,-34.979627],[138.571785,-34.979653],[138.571758,-34.979675]]}},{"type":"Feature","properties":{"tier":"high"},"geometry":{"type":"LineString","coordinates":[[138.624092,-34.964697],[138.623939,-34.964701]]}},{"type":"Feature","properties":{"tier":"high"},"geometry":{"type":"LineString","coordinates":[[138.624092,-34.964697],[138.624407,-34.964631],[138.624769,-34.964611]]}},{"type":"Feature","properties":{"tier":"high"},"geometry":{"type":"LineString","coordinates":[[138.624769,-34.964611],[138.62502,-34.964598]]}},{"type":"Feature","properties":{"tier":"arterial"},"geometry":{"type":"LineString","coordinates":[[138.566543,-34.993176],[138.567074,-34.99315]]}},{"type":"Feature","properties":{"tier":"arterial"},"geometry":{"type":"LineString","coordinates":[[138.563881,-34.993316],[138.565257,-34.993247],[138.56561,-34.99323]]}},{"type":"Feature","properties":{"tier":"arterial"},"geometry":{"type":"LineString","coordinates":[[138.565861,-34.993327],[138.565622,-34.993338],[138.565266,-34.993356],[138.56389,-34.993423]]}},{"type":"Feature","properties":{"tier":"arterial"},"geometry":{"type":"LineString","coordinates":[[138.567083,-34.993269],[138.566552,-34.993291]]}},{"type":"Feature","properties":{"tier":"high"},"geometry":{"type":"LineString","coordinates":[[138.57398,-34.980496],[138.573845,-34.980591]]}},{"type":"Feature","properties":{"tier":"regional"},"geometry":{"type":"LineString","coordinates":[[138.582498,-34.976523],[138.582557,-34.977296]]}},{"type":"Feature","properties":{"tier":"regional"},"geometry":{"type":"LineString","coordinates":[[138.58248,-34.976268],[138.582486,-34.976346],[138.582491,-34.976425],[138.582494,-34.976468],[138.582498,-34.976523]]}}]}
