{"type":"FeatureCollection","features":[{"type":"Feature","properties":{"tier":"arterial"},"geometry":{"type":"LineString","coordinates":[[138.513434,-34.863983],[138.51316,-34.864102],[138.512941,-34.864206],[138.512751,-34.864309],[138.512616,-34.864416],[138.512461,-34.864554],[138.512356,-34.864658],[138.512231,-34.864816]]}},{"type":"Feature","properties":{"tier":"regional"},"geometry":{"type":"LineString","coordinates":[[138.516811,-34.850044],[138.516818,-34.850187],[138.516821,-34.850233],[138.516824,-34.850268],[138.516829,-34.85034],[138.516839,-34.85047],[138.516841,-34.850499],[138.516848,-34.850605],[138.516853,-34.850673],[138.516856,-34.850705],[138.516858,-34.850738],[138.516873,-34.850939],[138.516875,-34.85098],[138.516904,-34.85139],[138.516909,-34.851482],[138.51692,-34.851715]]}},{"type":"Feature","properties":{"tier":"arterial"},"geometry":{"type":"LineString","coordinates":[[138.519009,-34.870222],[138.518892,-34.870193],[138.518576,-34.869975],[138.517905,-34.869535]]}},{"type":"Feature","properties":{"tier":"arterial"},"geometry":{"type":"LineString","coordinates":[[138.502285,-34.852557],[138.502292,-34.852643],[138.502293,-34.852675],[138.502296,-34.852824]]}},{"type":"Feature","properties":{"tier":"high"},"geometry":{"type":"LineString","coordinates":[[138.509824,-34.852332],[138.509749,-34.852361],[138.5097,-34.852392],[138.509663,-34.852429],[138.509625,-34.852491],[138.509623,-34.852607],[138.509537,-34.852902]]}},{"type":"Feature","properties":{"tier":"high"},"geometry":{"type":"LineString","coordinates":[[138.509459,-34.851768],[138.509578,-34.852097],[138.50961,-34.852174],[138.509645,-34.852203],[138.509679,-34.852216],[138.509855,-34.852226]]}},{"type":"Feature","properties":{"tier":"regional"},"geometry":{"type":"LineString","coordinates":[[138.516782,-34.850043],[138.516755,-34.850034],[138.516733,-34.850018],[138.516717,-34.849998],[138.516713,-34.849987],[138.516709,-34.849975],[138.516711,-34.84995],[138.516722,-34.849928],[138.516741,-34.849909],[138.516766,-34.849896],[138.516795,-34.84989],[138.516829,-34.849893],[138.516859,-34.849905],[138.516883,-34.849925],[138.516896,-34.849951],[138.516897,-34.849977],[138.516888,-34.850002],[138.516869,-34.850023],[138.516842,-34.850038],[138.516811,-34.850044],[138.516782,-34.850043]]}},{"type":"Feature","properties":{"tier":"regional"},"geometry":{"type":"LineString","coordinates":[[138.516795,-34.84989],[138.516791,-34.849822],[138.516782,-34.849665],[138.516736,-34.849001],[138.516734,-34.848934],[138.516687,-34.848206],[138.516679,-34.848097],[138.516674,-34.84804],[138.516671,-34.847986]]}},{"type":"Feature","properties":{"tier":"regional"},"geometry":{"type":"LineString","coordinates":[[138.516671,-34.847986],[138.516634,-34.847983],[138.516602,-34.847969],[138.516587,-34.847957],[138.516568,-34.847932],[138.516562,-34.847889],[138.516574,-34.847861],[138.516606,-34.847832],[138.516638,-34.847819],[138.516659,-34.847816],[138.516694,-34.84782],[138.516731,-34.847835],[138.516754,-34.847858],[138.516768,-34.847891],[138.516771,-34.847928],[138.516749,-34.847951],[138.516723,-34.847972],[138.516691,-34.847984],[138.516671,-34.847986]]}},{"type":"Feature","properties":{"tier":"high"},"geometry":{"type":"LineString","coordinates":[[138.516948,-34.851961],[138.517309,-34.851908],[138.517632,-34.851876],[138.517823,-34.851862],[138.517972,-34.851853],[138.518127,-34.851847],[138.518283,-34.851841],[138.519069,-34.851808],[138.519362,-34.851796],[138.520238,-34.851758]]}},{"type":"Feature","properties":{"tier":"regional"},"geometry":{"type":"LineString","coordinates":[[138.521474,-34.844635],[138.522223,-34.844189],[138.522308,-34.844138],[138.523461,-34.843452],[138.523936,-34.84317],[138.52469,-34.842721],[138.524956,-34.842562],[138.525657,-34.842147],[138.526131,-34.841865],[138.526289,-34.841771],[138.526752,-34.841487],[138.526811,-34.841441],[138.526875,-34.84139],[138.526921,-34.841332],[138.526934,-34.841315],[138.52737,-34.840568],[138.527394,-34.840524],[138.527399,-34.840513],[138.527483,-34.840367]]}},{"type":"Feature","properties":{"tier":"regional"},"geometry":{"type":"LineString","coordinates":[[138.516659,-34.847816],[138.516649,-34.847728],[138.516645,-34.847697],[138.516532,-34.845979],[138.516529,-34.845937]]}},{"type":"Feature","properties":{"tier":"arterial"},"geometry":{"type":"LineString","coordinates":[[138.511119,-34.864982],[138.510404,-34.86451],[138.50913,-34.863668],[138.507891,-34.862836],[138.507311,-34.86245],[138.507099,-34.862317],[138.506651,-34.862006],[138.506365,-34.861818],[138.505722,-34.861387],[138.505383,-34.861156],[138.505306,-34.861109],[138.505247,-34.861068],[138.505126,-34.860988],[138.504817,-34.860785]]}},{"type":"Feature","properties":{"tier":"arterial"},"geometry":{"type":"LineString","coordinates":[[138.499989,-34.852327],[138.500378,-34.852347],[138.500864,-34.852368],[138.501696,-34.852404]]}},{"type":"Feature","properties":{"tier":"arterial"},"geometry":{"type":"LineString","coordinates":[[138.501558,-34.852539],[138.500706,-34.85247],[138.500389,-34.852458]]}},{"type":"Feature","properties":{"tier":"arterial"},"geometry":{"type":"LineString","coordinates":[[138.502107,-34.853468],[138.502044,-34.853352],[138.501973,-34.853244],[138.501904,-34.85314],[138.50182,-34.853042],[138.501705,-34.852935],[138.501597,-34.852848],[138.501446,-34.852758],[138.501366,-34.852705],[138.501297,-34.852671],[138.50129,-34.852667],[138.501213,-34.85263],[138.501053,-34.852576],[138.500817,-34.852534],[138.500389,-34.852458]]}},{"type":"Feature","properties":{"tier":"high"},"geometry":{"type":"LineString","coordinates":[[138.502429,-34.852425],[138.502755,-34.852433],[138.50391,-34.852432],[138.505339,-34.852397],[138.505599,-34.852391],[138.505863,-34.852385]]}},{"type":"Feature","properties":{"tier":"high"},"geometry":{"type":"LineString","coordinates":[[138.502591,-34.852566],[138.502543,-34.852612],[138.502441,-34.852642],[138.50241,-34.85266],[138.502389,-34.852684],[138.502331,-34.852747],[138.502296,-34.852824]]}},{"type":"Feature","properties":{"tier":"high"},"geometry":{"type":"LineString","coordinates":[[138.50924,-34.852782],[138.509152,-34.852547],[138.509104,-34.852458],[138.50905,-34.852422],[138.508954,-34.852376]]}},{"type":"Feature","properties":{"tier":"high"},"geometry":{"type":"LineString","coordinates":[[138.508757,-34.852284],[138.508876,-34.852264],[138.508992,-34.852237],[138.509105,-34.852186],[138.509145,-34.852158],[138.509171,-34.852135],[138.509193,-34.852108]]}},{"type":"Feature","properties":{"tier":"high"},"geometry":{"type":"LineString","coordinates":[[138.515507,-34.852293],[138.515133,-34.852337],[138.514694,-34.852366],[138.514456,-34.85239],[138.514073,-34.852399]]}},{"type":"Feature","properties":{"tier":"high"},"geometry":{"type":"LineString","coordinates":[[138.521437,-34.851806],[138.521332,-34.85181],[138.51984,-34.851876],[138.519368,-34.851892],[138.519076,-34.851903],[138.518347,-34.851936],[138.518152,-34.851946],[138.517966,-34.851956],[138.517629,-34.851978],[138.517231,-34.852022],[138.51697,-34.852058]]}},{"type":"Feature","properties":{"tier":"regional"},"geometry":{"type":"LineString","coordinates":[[138.521588,-34.85887],[138.521633,-34.858818],[138.522099,-34.85828],[138.522124,-34.858244],[138.522607,-34.857562],[138.522774,-34.857317],[138.522931,-34.857081],[138.522975,-34.856987],[138.522976,-34.856926],[138.522976,-34.856899],[138.52295,-34.856834],[138.522889,-34.856742],[138.522674,-34.856394],[138.522444,-34.856024],[138.522342,-34.855857],[138.522309,-34.855803]]}},{"type":"Feature","properties":{"tier":"high"},"geometry":{"type":"LineString","coordinates":[[138.528247,-34.851492],[138.528026,-34.851504],[138.527347,-34.851538]]}},{"type":"Feature","properties":{"tier":"regional"},"geometry":{"type":"LineString","coordinates":[[138.562313,-34.840649],[138.56252,-34.840601]]}},{"type":"Feature","properties":{"tier":"regional"},"geometry":{"type":"LineString","coordinates":[[138.551291,-34.841112],[138.55062,-34.84114]]}},{"type":"Feature","properties":{"tier":"arterial"},"geometry":{"type":"LineString","coordinates":[[138.514897,-34.862712],[138.514921,-34.862872],[138.514929,-34.862982],[138.514915,-34.863088],[138.514902,-34.863164],[138.514883,-34.863231],[138.514854,-34.86328],[138.514822,-34.863331],[138.514798,-34.863362],[138.514747,-34.863423]]}},{"type":"Feature","properties":{"tier":"arterial"},"geometry":{"type":"LineString","coordinates":[[138.512231,-34.864816],[138.512307,-34.864959],[138.512472,-34.865226],[138.512621,-34.865412]]}},{"type":"Feature","properties":{"tier":"arterial"},"geometry":{"type":"LineString","coordinates":[[138.511518,-34.864684],[138.511678,-34.864702],[138.511729,-34.864688],[138.511976,-34.864587],[138.512017,-34.864569],[138.512263,-34.864468],[138.512301,-34.864459],[138.512339,-34.864461]]}},{"type":"Feature","properties":{"tier":"arterial"},"geometry":{"type":"LineString","coordinates":[[138.512371,-34.865823],[138.512255,-34.865785],[138.512166,-34.865772],[138.512108,-34.865781],[138.512049,-34.865799],[138.511994,-34.865838],[138.511927,-34.865946]]}},{"type":"Feature","properties":{"tier":"arterial"},"geometry":{"type":"LineString","coordinates":[[138.535324,-34.867207],[138.535449,-34.867284],[138.535725,-34.867449],[138.536705,-34.868051],[138.537254,-34.868389],[138.537811,-34.868729]]}},{"type":"Feature","properties":{"tier":"arterial"},"geometry":{"type":"LineString","coordinates":[[138.5054,-34.844281],[138.50546,-34.844367]]}},{"type":"Feature","properties":{"tier":"arterial"},"geometry":{"type":"LineString","coordinates":[[138.548305,-34.87502],[138.548307,-34.874999],[138.548303,-34.874844]]}},{"type":"Feature","properties":{"tier":"arterial"},"geometry":{"type":"LineString","coordinates":[[138.529362,-34.86297],[138.529333,-34.862333],[138.529302,-34.861497],[138.529295,-34.8613],[138.529257,-34.860275],[138.529234,-34.859741],[138.529216,-34.85927],[138.529195,-34.858781],[138.529179,-34.85829],[138.529161,-34.857849],[138.529132,-34.857126],[138.529126,-34.856973],[138.52912,-34.856796],[138.529085,-34.855967],[138.529069,-34.855474]]}},{"type":"Feature","properties":{"tier":"arterial"},"geometry":{"type":"LineString","coordinates":[[138.528978,-34.85174],[138.528978,-34.851808],[138.528977,-34.851816],[138.528978,-34.851875],[138.528954,-34.851911]]}},{"type":"Feature","properties":{"tier":"arterial"},"geometry":{"type":"LineString","coordinates":[[138.502361,-34.8609],[138.502307,-34.861035],[138.502275,-34.861138],[138.502234,-34.86135],[138.502221,-34.861565],[138.502238,-34.861778],[138.502245,-34.861831],[138.502265,-34.861987],[138.502366,-34.862711],[138.502421,-34.863123],[138.502479,-34.863534],[138.502583,-34.864261],[138.502651,-34.864768],[138.502759,-34.865648],[138.502928,-34.867048],[138.502986,-34.867536],[138.503031,-34.867879],[138.503057,-34.868068],[138.503119,-34.86857],[138.503196,-34.86919],[138.503303,-34.870066],[138.503419,-34.870997],[138.503537,-34.871939],[138.503597,-34.872588],[138.503603,-34.872774],[138.503606,-34.874256],[138.503602,-34.87502]]}},{"type":"Feature","properties":{"tier":"high"},"geometry":{"type":"LineString","coordinates":[[138.509499,-34.852244],[138.509508,-34.85235]]}},{"type":"Feature","properties":{"tier":"high"},"geometry":{"type":"LineString","coordinates":[[138.516329,-34.86504],[138.517072,-34.866302],[138.517686,-34.867268],[138.517901,-34.867617],[138.519079,-34.869506],[138.519365,-34.869849],[138.519654,-34.870096]]}},{"type":"Feature","properties":{"tier":"high"},"geometry":{"type":"LineString","coordinates":[[138.514455,-34.862931],[138.513738,-34.861707]]}},{"type":"Feature","properties":{"tier":"high"},"geometry":{"type":"LineString","coordinates":[[138.509281,-34.853388],[138.509269,-34.853166],[138.509263,-34.853097],[138.50924,-34.852782]]}},{"type":"Feature","properties":{"tier":"arterial"},"geometry":{"type":"LineString","coordinates":[[138.512339,-34.864461],[138.512528,-34.864307],[138.51265,-34.864218],[138.51283,-34.864116],[138.513367,-34.863883]]}},{"type":"Feature","properties":{"tier":"arterial"},"geometry":{"type":"LineString","coordinates":[[138.512061,-34.869289],[138.51202,-34.868682],[138.512008,-34.868499],[138.511978,-34.868052],[138.511969,-34.867967],[138.511917,-34.867086]]}},{"type":"Feature","properties":{"tier":"high"},"geometry":{"type":"LineString","coordinates":[[138.518734,-34.869965],[138.518543,-34.869766],[138.518334,-34.869524],[138.518203,-34.869296]]}},{"type":"Feature","properties":{"tier":"high"},"geometry":{"type":"LineString","coordinates":[[138.526138,-34.87502],[138.525763,-34.874775],[138.525755,-34.87477],[138.525584,-34.874655],[138.525476,-34.874583],[138.525128,-34.874348],[138.523777,-34.873447],[138.522991,-34.872947],[138.522892,-34.872884],[138.522312,-34.872483],[138.521622,-34.872025],[138.520946,-34.871573]]}},{"type":"Feature","properties":{"tier":"arterial"},"geometry":{"type":"LineString","coordinates":[[138.529304,-34.86364],[138.529318,-34.863551]]}},{"type":"Feature","properties":{"tier":"arterial"},"geometry":{"type":"LineString","coordinates":[[138.529318,-34.863551],[138.529323,-34.863475],[138.529327,-34.863065],[138.529362,-34.86297]]}},{"type":"Feature","properties":{"tier":"arterial"},"geometry":{"type":"LineString","coordinates":[[138.529429,-34.863623],[138.529429,-34.863717]]}},{"type":"Feature","properties":{"tier":"arterial"},"geometry":{"type":"LineString","coordinates":[[138.529362,-34.86297],[138.529403,-34.863068],[138.529416,-34.863493],[138.529419,-34.863522],[138.529429,-34.863623]]}},{"type":"Feature","properties":{"tier":"arterial"},"geometry":{"type":"LineString","coordinates":[[138.529069,-34.855474],[138.529058,-34.855044],[138.529036,-34.854484],[138.529023,-34.854135],[138.528999,-34.853454],[138.528993,-34.85325],[138.528977,-34.852674]]}},{"type":"Feature","properties":{"tier":"regional"},"geometry":{"type":"LineString","coordinates":[[138.516529,-34.845937],[138.516429,-34.845942],[138.515267,-34.845985]]}},{"type":"Feature","properties":{"tier":"arterial"},"geometry":{"type":"LineString","coordinates":[[138.514971,-34.843285],[138.51488,-34.843323]]}},{"type":"Feature","properties":{"tier":"arterial"},"geometry":{"type":"LineString","coordinates":[[138.50546,-34.844367],[138.505324,-34.844392]]}},{"type":"Feature","properties":{"tier":"high"},"geometry":{"type":"LineString","coordinates":[[138.508954,-34.852376],[138.508533,-34.852403]]}},{"type":"Feature","properties":{"tier":"arterial"},"geometry":{"type":"LineString","coordinates":[[138.509193,-34.852108],[138.509179,-34.851887]]}},{"type":"Feature","properties":{"tier":"arterial"},"geometry":{"type":"LineString","coordinates":[[138.512149,-34.869286],[138.512166,-34.869539],[138.512174,-34.869646],[138.512199,-34.870014],[138.51223,-34.870473],[138.512267,-34.871032],[138.512293,-34.871421],[138.512336,-34.872057]]}},{"type":"Feature","properties":{"tier":"high"},"geometry":{"type":"LineString","coordinates":[[138.51007,-34.85222],[138.510687,-34.852192],[138.511188,-34.852188]]}},{"type":"Feature","properties":{"tier":"high"},"geometry":{"type":"LineString","coordinates":[[138.56252,-34.849876],[138.562507,-34.849876],[138.56189,-34.849915],[138.561607,-34.849933]]}},{"type":"Feature","properties":{"tier":"high"},"geometry":{"type":"LineString","coordinates":[[138.537885,-34.851057],[138.536957,-34.851098],[138.536922,-34.851099],[138.536821,-34.851104]]}},{"type":"Feature","properties":{"tier":"high"},"geometry":{"type":"LineString","coordinates":[[138.541781,-34.850857],[138.540769,-34.850911],[138.540089,-34.850948],[138.539894,-34.850958],[138.539682,-34.850965],[138.53886,-34.851011]]}},{"type":"Feature","properties":{"tier":"high"},"geometry":{"type":"LineString","coordinates":[[138.555374,-34.850221],[138.555126,-34.850234]]}},{"type":"Feature","properties":{"tier":"regional"},"geometry":{"type":"LineString","coordinates":[[138.56252,-34.840668],[138.562313,-34.840649]]}},{"type":"Feature","properties":{"tier":"regional"},"geometry":{"type":"LineString","coordinates":[[138.529304,-34.86364],[138.529249,-34.863606],[138.528978,-34.863438],[138.528881,-34.863343]]}},{"type":"Feature","properties":{"tier":"regional"},"geometry":{"type":"LineString","coordinates":[[138.528881,-34.863343],[138.528978,-34.863359],[138.529215,-34.863491],[138.529256,-34.863515],[138.529318,-34.863551]]}},{"type":"Feature","properties":{"tier":"high"},"geometry":{"type":"LineString","coordinates":[[138.515835,-34.865243],[138.516329,-34.86504]]}},{"type":"Feature","properties":{"tier":"high"},"geometry":{"type":"LineString","coordinates":[[138.509212,-34.852366],[138.509205,-34.852259]]}},{"type":"Feature","properties":{"tier":"high"},"geometry":{"type":"LineString","coordinates":[[138.509537,-34.852902],[138.509557,-34.853146],[138.509582,-34.853475],[138.509594,-34.853586],[138.509646,-34.853796],[138.509746,-34.853993]]}},{"type":"Feature","properties":{"tier":"arterial"},"geometry":{"type":"LineString","coordinates":[[138.502737,-34.859946],[138.502697,-34.859865],[138.502716,-34.859772],[138.502769,-34.859461],[138.502766,-34.859395],[138.502757,-34.859268]]}},{"type":"Feature","properties":{"tier":"regional"},"geometry":{"type":"LineString","coordinates":[[138.504164,-34.858062],[138.504616,-34.857667],[138.505146,-34.857204],[138.505494,-34.8569],[138.50632,-34.856178],[138.507935,-34.854834],[138.5087,-34.854204],[138.508872,-34.854067],[138.509012,-34.853957]]}},{"type":"Feature","properties":{"tier":"arterial"},"geometry":{"type":"LineString","coordinates":[[138.509355,-34.850629],[138.509372,-34.850813],[138.509397,-34.851047],[138.509416,-34.851236]]}},{"type":"Feature","properties":{"tier":"arterial"},"geometry":{"type":"LineString","coordinates":[[138.502647,-34.844909],[138.502557,-34.844873],[138.502486,-34.84484]]}},{"type":"Feature","properties":{"tier":"arterial"},"geometry":{"type":"LineString","coordinates":[[138.502145,-34.839038],[138.502345,-34.839011]]}},{"type":"Feature","properties":{"tier":"arterial"},"geometry":{"type":"LineString","coordinates":[[138.502145,-34.839038],[138.502225,-34.838895]]}},{"type":"Feature","properties":{"tier":"arterial"},"geometry":{"type":"LineString","coordinates":[[138.502267,-34.83913],[138.502076,-34.839162]]}},{"type":"Feature","properties":{"tier":"regional"},"geometry":{"type":"LineString","coordinates":[[138.514725,-34.840226],[138.514743,-34.839867],[138.514705,-34.838442],[138.514696,-34.837666],[138.514693,-34.837575],[138.51468,-34.837221],[138.5147,-34.836399]]}},{"type":"Feature","properties":{"tier":"arterial"},"geometry":{"type":"LineString","coordinates":[[138.528683,-34.870709],[138.528668,-34.870859],[138.528628,-34.871221],[138.528588,-34.871585],[138.528585,-34.871604],[138.528581,-34.871645],[138.528512,-34.872244],[138.528499,-34.872385],[138.528464,-34.872701],[138.528381,-34.873624]]}},{"type":"Feature","properties":{"tier":"regional"},"geometry":{"type":"LineString","coordinates":[[138.529205,-34.837183],[138.53071,-34.83774],[138.531321,-34.837966],[138.532118,-34.838268],[138.532844,-34.838537],[138.535095,-34.839369],[138.535159,-34.839396],[138.538174,-34.840532],[138.53836,-34.840643]]}},{"type":"Feature","properties":{"tier":"arterial"},"geometry":{"type":"LineString","coordinates":[[138.501696,-34.852404],[138.501777,-34.85236],[138.501883,-34.852336],[138.501985,-34.852283],[138.502009,-34.852266],[138.502072,-34.852193]]}},{"type":"Feature","properties":{"tier":"arterial"},"geometry":{"type":"LineString","coordinates":[[138.504488,-34.859979],[138.505592,-34.860718],[138.505641,-34.86075],[138.505934,-34.860948],[138.507181,-34.861775],[138.507459,-34.86196],[138.507547,-34.86202],[138.509315,-34.863211],[138.509419,-34.863279],[138.509595,-34.863399]]}},{"type":"Feature","properties":{"tier":"arterial"},"geometry":{"type":"LineString","coordinates":[[138.536607,-34.85078],[138.536474,-34.850605],[138.535384,-34.849157],[138.534669,-34.848218],[138.53436,-34.847791],[138.534308,-34.84772],[138.534261,-34.847654],[138.53419,-34.847556],[138.533739,-34.846958],[138.533308,-34.846363],[138.533269,-34.846309]]}},{"type":"Feature","properties":{"tier":"arterial"},"geometry":{"type":"LineString","coordinates":[[138.502267,-34.83913],[138.502204,-34.839227],[138.501842,-34.839779]]}},{"type":"Feature","properties":{"tier":"high"},"geometry":{"type":"LineString","coordinates":[[138.514859,-34.863616],[138.514686,-34.863547],[138.514667,-34.863548],[138.514606,-34.863542],[138.51445,-34.863576]]}},{"type":"Feature","properties":{"tier":"arterial"},"geometry":{"type":"LineString","coordinates":[[138.506658,-34.84643],[138.506637,-34.846399],[138.506578,-34.846312]]}},{"type":"Feature","properties":{"tier":"regional"},"geometry":{"type":"LineString","coordinates":[[138.542976,-34.862602],[138.542998,-34.862592],[138.543023,-34.862589],[138.543047,-34.862592],[138.54307,-34.862601],[138.543088,-34.862614],[138.5431,-34.862632],[138.543105,-34.862652],[138.543103,-34.862672],[138.543093,-34.862691],[138.543077,-34.862707],[138.543056,-34.862717],[138.543032,-34.862723],[138.543005,-34.862721],[138.542979,-34.862712],[138.542959,-34.862696],[138.542946,-34.862676],[138.542942,-34.862654],[138.542947,-34.862634],[138.542958,-34.862616],[138.542976,-34.862602]]}},{"type":"Feature","properties":{"tier":"regional"},"geometry":{"type":"LineString","coordinates":[[138.542942,-34.862654],[138.5419,-34.862705],[138.541542,-34.862723],[138.54105,-34.862746],[138.540879,-34.862757],[138.540006,-34.862788],[138.539819,-34.862795],[138.539044,-34.862824],[138.538528,-34.862847],[138.537914,-34.862874]]}},{"type":"Feature","properties":{"tier":"arterial"},"geometry":{"type":"LineString","coordinates":[[138.543143,-34.872538],[138.543281,-34.872381]]}},{"type":"Feature","properties":{"tier":"arterial"},"geometry":{"type":"LineString","coordinates":[[138.543493,-34.872289],[138.543463,-34.872313],[138.54334,-34.872413],[138.543199,-34.872577]]}},{"type":"Feature","properties":{"tier":"arterial"},"geometry":{"type":"LineString","coordinates":[[138.538501,-34.869139],[138.538937,-34.8694],[138.538953,-34.86941]]}},{"type":"Feature","properties":{"tier":"arterial"},"geometry":{"type":"LineString","coordinates":[[138.543281,-34.872381],[138.543303,-34.872252],[138.543259,-34.872144]]}},{"type":"Feature","properties":{"tier":"arterial"},"geometry":{"type":"LineString","coordinates":[[138.516455,-34.868565],[138.516127,-34.868342],[138.515653,-34.86802],[138.515606,-34.867988],[138.514385,-34.867177],[138.513289,-34.866435]]}},{"type":"Feature","properties":{"tier":"high"},"geometry":{"type":"LineString","coordinates":[[138.527203,-34.851448],[138.528241,-34.851391]]}},{"type":"Feature","properties":{"tier":"arterial"},"geometry":{"type":"LineString","coordinates":[[138.513626,-34.866091],[138.513864,-34.86625],[138.514364,-34.866572],[138.514676,-34.866773],[138.514989,-34.866983],[138.515242,-34.867153],[138.515744,-34.867497],[138.515902,-34.867607],[138.516627,-34.868103]]}},{"type":"Feature","properties":{"tier":"high"},"geometry":{"type":"LineString","coordinates":[[138.51808,-34.869101],[138.518438,-34.869347],[138.518952,-34.869702],[138.51946,-34.870057],[138.519654,-34.870096]]}},{"type":"Feature","properties":{"tier":"high"},"geometry":{"type":"LineString","coordinates":[[138.519654,-34.870096],[138.520626,-34.870789],[138.520719,-34.87085],[138.521442,-34.871331],[138.523258,-34.872516],[138.523359,-34.872584],[138.525822,-34.874239],[138.525904,-34.874292],[138.527031,-34.87502]]}},{"type":"Feature","properties":{"tier":"regional"},"geometry":{"type":"LineString","coordinates":[[138.5147,-34.836399],[138.514641,-34.836356],[138.514612,-34.836148],[138.51455,-34.836014]]}},{"type":"Feature","properties":{"tier":"high"},"geometry":{"type":"LineString","coordinates":[[138.50175,-34.832779],[138.501854,-34.83322],[138.501878,-34.833371],[138.501911,-34.833799]]}},{"type":"Feature","properties":{"tier":"arterial"},"geometry":{"type":"LineString","coordinates":[[138.545482,-34.833882],[138.545457,-34.833437]]}},{"type":"Feature","properties":{"tier":"arterial"},"geometry":{"type":"LineString","coordinates":[[138.51208,-34.865071],[138.511983,-34.865307],[138.511937,-34.865527]]}},{"type":"Feature","properties":{"tier":"arterial"},"geometry":{"type":"LineString","coordinates":[[138.512241,-34.872059],[138.512215,-34.871642],[138.512202,-34.871428],[138.512182,-34.87112],[138.512139,-34.870478],[138.51213,-34.870352],[138.512094,-34.869853],[138.512079,-34.869649],[138.512061,-34.869289]]}},{"type":"Feature","properties":{"tier":"high"},"geometry":{"type":"LineString","coordinates":[[138.515206,-34.840812],[138.516068,-34.840495],[138.516329,-34.840407],[138.516585,-34.840325],[138.518186,-34.839876],[138.518367,-34.839826],[138.518548,-34.839771]]}},{"type":"Feature","properties":{"tier":"arterial"},"geometry":{"type":"LineString","coordinates":[[138.547359,-34.874523],[138.548023,-34.874944]]}},{"type":"Feature","properties":{"tier":"arterial"},"geometry":{"type":"LineString","coordinates":[[138.511881,-34.866592],[138.511798,-34.865565],[138.5118,-34.865526],[138.511813,-34.865441]]}},{"type":"Feature","properties":{"tier":"arterial"},"geometry":{"type":"LineString","coordinates":[[138.511967,-34.866586],[138.511997,-34.867084]]}},{"type":"Feature","properties":{"tier":"high"},"geometry":{"type":"LineString","coordinates":[[138.501922,-34.8359],[138.50192,-34.83659],[138.501937,-34.83669],[138.50197,-34.836844],[138.502036,-34.837007],[138.502125,-34.837174],[138.502244,-34.837331],[138.502361,-34.837461],[138.50248,-34.837571],[138.502551,-34.837628],[138.502641,-34.837685],[138.502759,-34.837753],[138.502801,-34.837775],[138.502835,-34.837791],[138.502968,-34.837852]]}},{"type":"Feature","properties":{"tier":"arterial"},"geometry":{"type":"LineString","coordinates":[[138.502415,-34.838904],[138.5024,-34.838927],[138.502345,-34.839011]]}},{"type":"Feature","properties":{"tier":"high"},"geometry":{"type":"LineString","coordinates":[[138.501709,-34.836362],[138.501716,-34.835901],[138.501721,-34.835176],[138.501724,-34.835023]]}},{"type":"Feature","properties":{"tier":"high"},"geometry":{"type":"LineString","coordinates":[[138.502314,-34.837646],[138.502198,-34.837541],[138.502063,-34.837381],[138.501959,-34.837236],[138.501857,-34.837053],[138.50179,-34.836878],[138.501742,-34.83675],[138.501716,-34.836607],[138.501709,-34.836362]]}},{"type":"Feature","properties":{"tier":"arterial"},"geometry":{"type":"LineString","coordinates":[[138.505386,-34.844487],[138.505324,-34.844392]]}},{"type":"Feature","properties":{"tier":"high"},"geometry":{"type":"LineString","coordinates":[[138.51065,-34.855524],[138.510722,-34.855645],[138.510974,-34.856068],[138.511083,-34.856253],[138.511465,-34.856904],[138.512093,-34.857966]]}},{"type":"Feature","properties":{"tier":"arterial"},"geometry":{"type":"LineString","coordinates":[[138.506307,-34.845648],[138.506487,-34.845919],[138.506625,-34.846151],[138.506642,-34.846174],[138.506691,-34.846253]]}},{"type":"Feature","properties":{"tier":"high"},"geometry":{"type":"LineString","coordinates":[[138.509746,-34.853993],[138.50986,-34.854182],[138.509951,-34.854333],[138.510471,-34.855213],[138.51065,-34.855524]]}},{"type":"Feature","properties":{"tier":"high"},"geometry":{"type":"LineString","coordinates":[[138.512093,-34.857966],[138.51258,-34.858775],[138.512662,-34.858917]]}},{"type":"Feature","properties":{"tier":"arterial"},"geometry":{"type":"LineString","coordinates":[[138.517905,-34.869535],[138.517518,-34.869267],[138.516455,-34.868565]]}},{"type":"Feature","properties":{"tier":"high"},"geometry":{"type":"LineString","coordinates":[[138.515713,-34.840751],[138.515318,-34.840893],[138.515054,-34.840979],[138.515011,-34.840988],[138.514979,-34.840997]]}},{"type":"Feature","properties":{"tier":"arterial"},"geometry":{"type":"LineString","coordinates":[[138.516622,-34.836274],[138.516731,-34.836314],[138.516886,-34.836372],[138.51752,-34.83661],[138.518159,-34.836849],[138.518335,-34.836914],[138.519283,-34.837284],[138.519434,-34.837343],[138.519919,-34.83753]]}},{"type":"Feature","properties":{"tier":"arterial"},"geometry":{"type":"LineString","coordinates":[[138.514899,-34.843653],[138.514823,-34.843506],[138.51476,-34.843412],[138.514701,-34.843364],[138.514563,-34.843318]]}},{"type":"Feature","properties":{"tier":"arterial"},"geometry":{"type":"LineString","coordinates":[[138.523132,-34.838718],[138.523408,-34.838835]]}},{"type":"Feature","properties":{"tier":"arterial"},"geometry":{"type":"LineString","coordinates":[[138.54591,-34.839239],[138.545854,-34.838373],[138.545851,-34.838333],[138.545838,-34.838199]]}},{"type":"Feature","properties":{"tier":"high"},"geometry":{"type":"LineString","coordinates":[[138.542623,-34.8339],[138.536969,-34.834207],[138.534539,-34.834321],[138.533254,-34.834416],[138.532143,-34.834565],[138.531083,-34.834778],[138.530311,-34.834983],[138.52955,-34.835215],[138.528487,-34.835633],[138.525371,-34.837084]]}},{"type":"Feature","properties":{"tier":"high"},"geometry":{"type":"LineString","coordinates":[[138.549857,-34.833411],[138.551491,-34.833345]]}},{"type":"Feature","properties":{"tier":"high"},"geometry":{"type":"LineString","coordinates":[[138.540035,-34.833946],[138.541689,-34.833835]]}},{"type":"Feature","properties":{"tier":"high"},"geometry":{"type":"LineString","coordinates":[[138.562451,-34.832841],[138.558133,-34.833148]]}},{"type":"Feature","properties":{"tier":"high"},"geometry":{"type":"LineString","coordinates":[[138.525371,-34.837084],[138.524173,-34.83764]]}},{"type":"Feature","properties":{"tier":"high"},"geometry":{"type":"LineString","coordinates":[[138.56252,-34.832843],[138.562451,-34.832841]]}},{"type":"Feature","properties":{"tier":"high"},"geometry":{"type":"LineString","coordinates":[[138.541689,-34.833835],[138.545273,-34.833631],[138.545791,-34.833604],[138.549857,-34.833411]]}},{"type":"Feature","properties":{"tier":"high"},"geometry":{"type":"LineString","coordinates":[[138.551491,-34.833345],[138.557023,-34.833072]]}},{"type":"Feature","properties":{"tier":"high"},"geometry":{"type":"LineString","coordinates":[[138.54766,-34.833633],[138.545761,-34.833715],[138.542623,-34.8339]]}},{"type":"Feature","properties":{"tier":"high"},"geometry":{"type":"LineString","coordinates":[[138.56252,-34.834891],[138.562411,-34.83454],[138.562357,-34.834389],[138.562304,-34.834266],[138.562252,-34.83415],[138.562184,-34.834019],[138.562094,-34.833895],[138.562005,-34.833787],[138.561911,-34.833698]]}},{"type":"Feature","properties":{"tier":"high"},"geometry":{"type":"LineString","coordinates":[[138.500794,-34.820862],[138.500362,-34.821553],[138.500142,-34.821891],[138.500009,-34.822127],[138.49998,-34.822191]]}},{"type":"Feature","properties":{"tier":"high"},"geometry":{"type":"LineString","coordinates":[[138.500772,-34.829166],[138.500767,-34.829134],[138.500746,-34.829018]]}},{"type":"Feature","properties":{"tier":"high"},"geometry":{"type":"LineString","coordinates":[[138.501294,-34.830621],[138.501369,-34.83097],[138.50175,-34.832779]]}},{"type":"Feature","properties":{"tier":"high"},"geometry":{"type":"LineString","coordinates":[[138.500832,-34.8285],[138.500901,-34.828807],[138.500907,-34.828833],[138.500942,-34.82899]]}},{"type":"Feature","properties":{"tier":"high"},"geometry":{"type":"LineString","coordinates":[[138.501155,-34.820166],[138.501121,-34.82025],[138.501084,-34.820335],[138.501066,-34.820373],[138.500994,-34.820521],[138.500794,-34.820862]]}},{"type":"Feature","properties":{"tier":"high"},"geometry":{"type":"LineString","coordinates":[[138.49998,-34.82185],[138.500181,-34.821483],[138.500734,-34.820624],[138.500834,-34.820463]]}},{"type":"Feature","properties":{"tier":"high"},"geometry":{"type":"LineString","coordinates":[[138.501911,-34.833799],[138.501915,-34.834366],[138.501922,-34.8359]]}},{"type":"Feature","properties":{"tier":"high"},"geometry":{"type":"LineString","coordinates":[[138.501724,-34.835023],[138.50172,-34.83437],[138.501739,-34.833629],[138.501713,-34.833433],[138.501684,-34.833258],[138.501574,-34.832807],[138.501513,-34.832539],[138.50145,-34.832227],[138.501195,-34.830987],[138.501045,-34.830332],[138.500772,-34.829166]]}},{"type":"Feature","properties":{"tier":"high"},"geometry":{"type":"LineString","coordinates":[[138.501316,-34.817813],[138.501307,-34.818326],[138.501296,-34.819173],[138.501291,-34.819464],[138.501286,-34.819578],[138.501275,-34.819681],[138.50126,-34.819791],[138.501241,-34.819895],[138.501218,-34.819987],[138.501182,-34.8201],[138.501155,-34.820166]]}},{"type":"Feature","properties":{"tier":"high"},"geometry":{"type":"LineString","coordinates":[[138.523299,-34.83825],[138.522855,-34.838475],[138.522794,-34.838506]]}},{"type":"Feature","properties":{"tier":"high"},"geometry":{"type":"LineString","coordinates":[[138.545625,-34.833138],[138.545715,-34.83325],[138.545766,-34.833344],[138.545845,-34.833391],[138.545872,-34.833416]]}},{"type":"Feature","properties":{"tier":"high"},"geometry":{"type":"LineString","coordinates":[[138.545276,-34.833897],[138.544936,-34.833922],[138.544465,-34.833936],[138.543609,-34.833936],[138.542825,-34.833932],[138.542623,-34.8339]]}},{"type":"Feature","properties":{"tier":"high"},"geometry":{"type":"LineString","coordinates":[[138.540035,-34.833946],[138.540493,-34.833869],[138.541709,-34.833712],[138.542878,-34.833587],[138.545121,-34.833453]]}},{"type":"Feature","properties":{"tier":"high"},"geometry":{"type":"LineString","coordinates":[[138.511576,-34.852206],[138.51258,-34.852291],[138.512956,-34.852319],[138.513175,-34.852328],[138.513634,-34.852336]]}},{"type":"Feature","properties":{"tier":"high"},"geometry":{"type":"LineString","coordinates":[[138.511193,-34.852281],[138.510748,-34.852283],[138.509824,-34.852332]]}},{"type":"Feature","properties":{"tier":"arterial"},"geometry":{"type":"LineString","coordinates":[[138.545622,-34.833427],[138.545653,-34.833872]]}},{"type":"Feature","properties":{"tier":"high"},"geometry":{"type":"LineString","coordinates":[[138.52522,-34.83705],[138.52841,-34.835535],[138.529499,-34.835123],[138.53026,-34.83488],[138.531036,-34.834681],[138.532091,-34.834463],[138.532674,-34.834368],[138.533305,-34.834286],[138.534502,-34.834203],[138.536998,-34.83407],[138.540035,-34.833946]]}},{"type":"Feature","properties":{"tier":"high"},"geometry":{"type":"LineString","coordinates":[[138.517322,-34.840223],[138.516323,-34.840537],[138.516153,-34.840597],[138.515713,-34.840751]]}},{"type":"Feature","properties":{"tier":"high"},"geometry":{"type":"LineString","coordinates":[[138.522855,-34.838251],[138.522438,-34.838439],[138.521705,-34.838748],[138.521089,-34.838991],[138.520164,-34.839328]]}},{"type":"Feature","properties":{"tier":"high"},"geometry":{"type":"LineString","coordinates":[[138.518548,-34.839771],[138.520112,-34.839265]]}},{"type":"Feature","properties":{"tier":"high"},"geometry":{"type":"LineString","coordinates":[[138.520112,-34.839265],[138.521118,-34.838908],[138.521621,-34.838711],[138.52236,-34.838398],[138.522768,-34.838217]]}},{"type":"Feature","properties":{"tier":"high"},"geometry":{"type":"LineString","coordinates":[[138.520164,-34.839328],[138.518401,-34.839893],[138.518327,-34.839916],[138.517322,-34.840223]]}},{"type":"Feature","properties":{"tier":"high"},"geometry":{"type":"LineString","coordinates":[[138.518548,-34.839771],[138.518669,-34.839708],[138.520781,-34.838922],[138.520921,-34.838873],[138.52114,-34.838797],[138.521308,-34.838724],[138.521488,-34.838627],[138.52177,-34.838444]]}},{"type":"Feature","properties":{"tier":"arterial"},"geometry":{"type":"LineString","coordinates":[[138.520086,-34.839465],[138.519254,-34.839709],[138.518355,-34.839973]]}},{"type":"Feature","properties":{"tier":"high"},"geometry":{"type":"LineString","coordinates":[[138.545482,-34.833882],[138.545276,-34.833897]]}},{"type":"Feature","properties":{"tier":"high"},"geometry":{"type":"LineString","coordinates":[[138.545121,-34.833453],[138.545211,-34.833402],[138.545297,-34.833368],[138.545379,-34.833326],[138.545443,-34.83329],[138.545557,-34.833216]]}},{"type":"Feature","properties":{"tier":"high"},"geometry":{"type":"LineString","coordinates":[[138.523299,-34.83825],[138.523248,-34.838329],[138.523217,-34.838404],[138.523213,-34.838487],[138.523216,-34.838533],[138.523245,-34.838602],[138.523304,-34.838695],[138.523408,-34.838835]]}},{"type":"Feature","properties":{"tier":"high"},"geometry":{"type":"LineString","coordinates":[[138.546335,-34.833833],[138.546222,-34.833864],[138.545887,-34.833955],[138.545823,-34.833972],[138.545717,-34.834064],[138.54567,-34.834123]]}},{"type":"Feature","properties":{"tier":"high"},"geometry":{"type":"LineString","coordinates":[[138.525371,-34.837084],[138.524796,-34.837434],[138.524239,-34.837728]]}},{"type":"Feature","properties":{"tier":"high"},"geometry":{"type":"LineString","coordinates":[[138.54554,-34.834467],[138.54548,-34.834431],[138.545449,-34.834191],[138.545409,-34.834121],[138.54536,-34.834042],[138.54533,-34.833994],[138.545276,-34.833897]]}},{"type":"Feature","properties":{"tier":"arterial"},"geometry":{"type":"LineString","coordinates":[[138.521705,-34.838871],[138.521806,-34.838826],[138.521827,-34.838755],[138.521748,-34.838597],[138.521731,-34.838512],[138.52177,-34.838444]]}},{"type":"Feature","properties":{"tier":"arterial"},"geometry":{"type":"LineString","coordinates":[[138.522889,-34.838672],[138.522809,-34.838698],[138.522734,-34.83868],[138.522685,-34.838671],[138.522656,-34.838669],[138.522509,-34.838667]]}},{"type":"Feature","properties":{"tier":"high"},"geometry":{"type":"LineString","coordinates":[[138.551391,-34.833477],[138.550993,-34.83352],[138.549608,-34.83366],[138.548822,-34.833721],[138.547601,-34.833781],[138.546335,-34.833833]]}},{"type":"Feature","properties":{"tier":"high"},"geometry":{"type":"LineString","coordinates":[[138.504001,-34.838137],[138.503888,-34.838169],[138.503789,-34.838183],[138.503507,-34.838168],[138.503244,-34.838134],[138.50316,-34.838127],[138.503122,-34.838125],[138.50308,-34.83813],[138.503039,-34.838134],[138.502986,-34.838147],[138.502953,-34.838161],[138.502909,-34.838187],[138.502837,-34.838238]]}},{"type":"Feature","properties":{"tier":"arterial"},"geometry":{"type":"LineString","coordinates":[[138.502826,-34.837948],[138.502968,-34.837852]]}},{"type":"Feature","properties":{"tier":"arterial"},"geometry":{"type":"LineString","coordinates":[[138.502508,-34.838412],[138.5028,-34.837989],[138.502826,-34.837948]]}},{"type":"Feature","properties":{"tier":"arterial"},"geometry":{"type":"LineString","coordinates":[[138.502954,-34.837995],[138.502933,-34.838038],[138.502837,-34.838238]]}},{"type":"Feature","properties":{"tier":"arterial"},"geometry":{"type":"LineString","coordinates":[[138.502968,-34.837852],[138.502954,-34.837995]]}},{"type":"Feature","properties":{"tier":"arterial"},"geometry":{"type":"LineString","coordinates":[[138.502837,-34.838238],[138.502627,-34.838575],[138.50257,-34.838669],[138.502556,-34.838693]]}},{"type":"Feature","properties":{"tier":"arterial"},"geometry":{"type":"LineString","coordinates":[[138.514756,-34.841897],[138.514725,-34.841205],[138.514723,-34.841159],[138.51472,-34.841083]]}},{"type":"Feature","properties":{"tier":"high"},"geometry":{"type":"LineString","coordinates":[[138.515713,-34.840751],[138.515617,-34.840824],[138.515158,-34.840998],[138.515125,-34.841013],[138.515092,-34.841034],[138.515026,-34.841081],[138.51497,-34.841123],[138.514938,-34.841149],[138.514913,-34.841176],[138.514893,-34.84121],[138.514864,-34.841262]]}},{"type":"Feature","properties":{"tier":"regional"},"geometry":{"type":"LineString","coordinates":[[138.51472,-34.841083],[138.514715,-34.840987]]}},{"type":"Feature","properties":{"tier":"arterial"},"geometry":{"type":"LineString","coordinates":[[138.514858,-34.840938],[138.51486,-34.841038]]}},{"type":"Feature","properties":{"tier":"arterial"},"geometry":{"type":"LineString","coordinates":[[138.514947,-34.842846],[138.514969,-34.843153],[138.51497,-34.843187],[138.514971,-34.843285]]}},{"type":"Feature","properties":{"tier":"regional"},"geometry":{"type":"LineString","coordinates":[[138.514715,-34.840987],[138.514711,-34.840897],[138.514707,-34.840798]]}},{"type":"Feature","properties":{"tier":"regional"},"geometry":{"type":"LineString","coordinates":[[138.51485,-34.840526],[138.514856,-34.840795],[138.514857,-34.840856],[138.514858,-34.840938]]}},{"type":"Feature","properties":{"tier":"arterial"},"geometry":{"type":"LineString","coordinates":[[138.51488,-34.843323],[138.514874,-34.843247]]}},{"type":"Feature","properties":{"tier":"arterial"},"geometry":{"type":"LineString","coordinates":[[138.514522,-34.843251],[138.514549,-34.843222],[138.514688,-34.843185],[138.514754,-34.843161],[138.514796,-34.843142],[138.514834,-34.843119],[138.514863,-34.843084]]}},{"type":"Feature","properties":{"tier":"high"},"geometry":{"type":"LineString","coordinates":[[138.514378,-34.84108],[138.514458,-34.840992],[138.514569,-34.840924],[138.514638,-34.84086],[138.514707,-34.840798]]}},{"type":"Feature","properties":{"tier":"arterial"},"geometry":{"type":"LineString","coordinates":[[138.51486,-34.841038],[138.514861,-34.841114],[138.514864,-34.841262]]}},{"type":"Feature","properties":{"tier":"high"},"geometry":{"type":"LineString","coordinates":[[138.502968,-34.837852],[138.503104,-34.837891],[138.503309,-34.837948],[138.50351,-34.837983],[138.503699,-34.837997],[138.503874,-34.837999],[138.504096,-34.83798],[138.504338,-34.837934],[138.504577,-34.837889],[138.504766,-34.837867],[138.504959,-34.83786],[138.50513,-34.83786],[138.505369,-34.83788]]}},{"type":"Feature","properties":{"tier":"high"},"geometry":{"type":"LineString","coordinates":[[138.514756,-34.841897],[138.51468,-34.841612],[138.51465,-34.841397],[138.514647,-34.841341],[138.514637,-34.841307],[138.51463,-34.841284],[138.514621,-34.841269],[138.514604,-34.841248],[138.514579,-34.841226],[138.514543,-34.841205],[138.514454,-34.841169]]}},{"type":"Feature","properties":{"tier":"high"},"geometry":{"type":"LineString","coordinates":[[138.508555,-34.838667],[138.508988,-34.838787],[138.509232,-34.838878],[138.509469,-34.838978],[138.509848,-34.839202],[138.510201,-34.83947],[138.510585,-34.839881],[138.510879,-34.840246],[138.511167,-34.840505],[138.511366,-34.840643],[138.511397,-34.840664],[138.511734,-34.840873],[138.511769,-34.840892]]}},{"type":"Feature","properties":{"tier":"high"},"geometry":{"type":"LineString","coordinates":[[138.511717,-34.840967],[138.511299,-34.84073],[138.511036,-34.840524],[138.510826,-34.840328],[138.510524,-34.83997],[138.510293,-34.839691],[138.510092,-34.839494],[138.509789,-34.839263],[138.50943,-34.839049],[138.509189,-34.838939],[138.50893,-34.83884],[138.50853,-34.838735]]}},{"type":"Feature","properties":{"tier":"high"},"geometry":{"type":"LineString","coordinates":[[138.511769,-34.840892],[138.512107,-34.841034],[138.512385,-34.841122],[138.512665,-34.841181],[138.513137,-34.841237],[138.513497,-34.841232],[138.513741,-34.841214],[138.513868,-34.841198],[138.514132,-34.841149],[138.514378,-34.84108]]}},{"type":"Feature","properties":{"tier":"high"},"geometry":{"type":"LineString","coordinates":[[138.514715,-34.840987],[138.514858,-34.840938]]}},{"type":"Feature","properties":{"tier":"high"},"geometry":{"type":"LineString","coordinates":[[138.51486,-34.841038],[138.51472,-34.841083]]}},{"type":"Feature","properties":{"tier":"high"},"geometry":{"type":"LineString","coordinates":[[138.514858,-34.840938],[138.514955,-34.840902]]}},{"type":"Feature","properties":{"tier":"high"},"geometry":{"type":"LineString","coordinates":[[138.514955,-34.840902],[138.515206,-34.840812]]}},{"type":"Feature","properties":{"tier":"high"},"geometry":{"type":"LineString","coordinates":[[138.514979,-34.840997],[138.51486,-34.841038]]}},{"type":"Feature","properties":{"tier":"high"},"geometry":{"type":"LineString","coordinates":[[138.505369,-34.83788],[138.505536,-34.8379],[138.505701,-34.837929],[138.506655,-34.838176]]}},{"type":"Feature","properties":{"tier":"high"},"geometry":{"type":"LineString","coordinates":[[138.505359,-34.837966],[138.505266,-34.837953],[138.505158,-34.837953],[138.504941,-34.837962],[138.50477,-34.837983],[138.504598,-34.838006],[138.504378,-34.838056]]}},{"type":"Feature","properties":{"tier":"high"},"geometry":{"type":"LineString","coordinates":[[138.50853,-34.838735],[138.507065,-34.838349]]}},{"type":"Feature","properties":{"tier":"high"},"geometry":{"type":"LineString","coordinates":[[138.514112,-34.841256],[138.513829,-34.841302],[138.513523,-34.84133],[138.513084,-34.841324],[138.512705,-34.841285],[138.51233,-34.841201],[138.512058,-34.841115],[138.511717,-34.840967]]}},{"type":"Feature","properties":{"tier":"high"},"geometry":{"type":"LineString","coordinates":[[138.514454,-34.841169],[138.514352,-34.841198],[138.514245,-34.841226],[138.514145,-34.841249],[138.514112,-34.841256]]}},{"type":"Feature","properties":{"tier":"high"},"geometry":{"type":"LineString","coordinates":[[138.51485,-34.840526],[138.514966,-34.840778],[138.515017,-34.840808],[138.515206,-34.840812]]}},{"type":"Feature","properties":{"tier":"high"},"geometry":{"type":"LineString","coordinates":[[138.504001,-34.838137],[138.50379,-34.838148],[138.503527,-34.838133],[138.503288,-34.838094],[138.50312,-34.838049],[138.503036,-34.838022]]}},{"type":"Feature","properties":{"tier":"arterial"},"geometry":{"type":"LineString","coordinates":[[138.512528,-34.843379],[138.510824,-34.843425],[138.510415,-34.84344]]}},{"type":"Feature","properties":{"tier":"arterial"},"geometry":{"type":"LineString","coordinates":[[138.514874,-34.843247],[138.514971,-34.843285]]}},{"type":"Feature","properties":{"tier":"high"},"geometry":{"type":"LineString","coordinates":[[138.502508,-34.838412],[138.502637,-34.83811],[138.502645,-34.838077],[138.502648,-34.838035],[138.502646,-34.837967],[138.502646,-34.837958],[138.502642,-34.837933],[138.502634,-34.837907],[138.502582,-34.837823]]}},{"type":"Feature","properties":{"tier":"high"},"geometry":{"type":"LineString","coordinates":[[138.561607,-34.849933],[138.561255,-34.849946]]}},{"type":"Feature","properties":{"tier":"high"},"geometry":{"type":"LineString","coordinates":[[138.561599,-34.849815],[138.561881,-34.849789],[138.56252,-34.849729]]}},{"type":"Feature","properties":{"tier":"arterial"},"geometry":{"type":"LineString","coordinates":[[138.528966,-34.851464],[138.528965,-34.851486],[138.528978,-34.85174]]}},{"type":"Feature","properties":{"tier":"arterial"},"geometry":{"type":"LineString","coordinates":[[138.528954,-34.851911],[138.528913,-34.851876],[138.528911,-34.851836],[138.528907,-34.851794],[138.528904,-34.851729]]}},{"type":"Feature","properties":{"tier":"arterial"},"geometry":{"type":"LineString","coordinates":[[138.529479,-34.851433],[138.529189,-34.851468],[138.52912,-34.851492],[138.529066,-34.851525],[138.529034,-34.851565],[138.529016,-34.851606],[138.528998,-34.851664],[138.528978,-34.85174]]}},{"type":"Feature","properties":{"tier":"arterial"},"geometry":{"type":"LineString","coordinates":[[138.509459,-34.851768],[138.509491,-34.852155],[138.509491,-34.852156],[138.509494,-34.85219],[138.509499,-34.852244]]}},{"type":"Feature","properties":{"tier":"regional"},"geometry":{"type":"LineString","coordinates":[[138.537885,-34.851057],[138.537887,-34.851099],[138.537907,-34.851531],[138.537988,-34.852657],[138.538,-34.852829],[138.538047,-34.853569],[138.538063,-34.853816],[138.538094,-34.854193],[138.538156,-34.854646],[138.538208,-34.855382],[138.538237,-34.8559],[138.538275,-34.856397],[138.538398,-34.858204],[138.538493,-34.859589],[138.538488,-34.859642],[138.538474,-34.859712],[138.538466,-34.859725],[138.538441,-34.859768]]}},{"type":"Feature","properties":{"tier":"high"},"geometry":{"type":"LineString","coordinates":[[138.530055,-34.85141],[138.529755,-34.851424],[138.529479,-34.851433]]}},{"type":"Feature","properties":{"tier":"high"},"geometry":{"type":"LineString","coordinates":[[138.533788,-34.851243],[138.532902,-34.851284]]}},{"type":"Feature","properties":{"tier":"high"},"geometry":{"type":"LineString","coordinates":[[138.508533,-34.852403],[138.508279,-34.852411],[138.50797,-34.85242],[138.507624,-34.852431]]}},{"type":"Feature","properties":{"tier":"high"},"geometry":{"type":"LineString","coordinates":[[138.537102,-34.850986],[138.538635,-34.850918]]}},{"type":"Feature","properties":{"tier":"high"},"geometry":{"type":"LineString","coordinates":[[138.544148,-34.850682],[138.545165,-34.850634],[138.546318,-34.85058]]}},{"type":"Feature","properties":{"tier":"high"},"geometry":{"type":"LineString","coordinates":[[138.548942,-34.850426],[138.549967,-34.850371],[138.550165,-34.850364],[138.550674,-34.850341],[138.551059,-34.850323]]}},{"type":"Feature","properties":{"tier":"high"},"geometry":{"type":"LineString","coordinates":[[138.558815,-34.849945],[138.560011,-34.84989]]}},{"type":"Feature","properties":{"tier":"high"},"geometry":{"type":"LineString","coordinates":[[138.542178,-34.850768],[138.54343,-34.850713],[138.544148,-34.850682]]}},{"type":"Feature","properties":{"tier":"high"},"geometry":{"type":"LineString","coordinates":[[138.513634,-34.852336],[138.514028,-34.852328]]}},{"type":"Feature","properties":{"tier":"high"},"geometry":{"type":"LineString","coordinates":[[138.514073,-34.852399],[138.513681,-34.852404]]}},{"type":"Feature","properties":{"tier":"high"},"geometry":{"type":"LineString","coordinates":[[138.514028,-34.852328],[138.514691,-34.852294],[138.515128,-34.852248],[138.515482,-34.852201]]}},{"type":"Feature","properties":{"tier":"high"},"geometry":{"type":"LineString","coordinates":[[138.540076,-34.850853],[138.541772,-34.850772],[138.542178,-34.850768]]}},{"type":"Feature","properties":{"tier":"high"},"geometry":{"type":"LineString","coordinates":[[138.546943,-34.85053],[138.547451,-34.850509]]}},{"type":"Feature","properties":{"tier":"high"},"geometry":{"type":"LineString","coordinates":[[138.556156,-34.850074],[138.556752,-34.850045]]}},{"type":"Feature","properties":{"tier":"high"},"geometry":{"type":"LineString","coordinates":[[138.536502,-34.851014],[138.536653,-34.85101],[138.536757,-34.851001]]}},{"type":"Feature","properties":{"tier":"high"},"geometry":{"type":"LineString","coordinates":[[138.529303,-34.85134],[138.530159,-34.85131],[138.530916,-34.851291]]}},{"type":"Feature","properties":{"tier":"high"},"geometry":{"type":"LineString","coordinates":[[138.531182,-34.851278],[138.532371,-34.851214]]}},{"type":"Feature","properties":{"tier":"high"},"geometry":{"type":"LineString","coordinates":[[138.538635,-34.850918],[138.538848,-34.850908]]}},{"type":"Feature","properties":{"tier":"high"},"geometry":{"type":"LineString","coordinates":[[138.551214,-34.850318],[138.55133,-34.850312],[138.551847,-34.850285],[138.552319,-34.85026]]}},{"type":"Feature","properties":{"tier":"high"},"geometry":{"type":"LineString","coordinates":[[138.502166,-34.852164],[138.502231,-34.852202],[138.502289,-34.852282],[138.502333,-34.852342],[138.502363,-34.852368],[138.502389,-34.85239],[138.502429,-34.852425]]}},{"type":"Feature","properties":{"tier":"high"},"geometry":{"type":"LineString","coordinates":[[138.560011,-34.84989],[138.560901,-34.849848],[138.561196,-34.849834]]}},{"type":"Feature","properties":{"tier":"high"},"geometry":{"type":"LineString","coordinates":[[138.55726,-34.85002],[138.558376,-34.849967]]}},{"type":"Feature","properties":{"tier":"high"},"geometry":{"type":"LineString","coordinates":[[138.53886,-34.851011],[138.538643,-34.851022],[138.537885,-34.851057]]}},{"type":"Feature","properties":{"tier":"high"},"geometry":{"type":"LineString","coordinates":[[138.554299,-34.850165],[138.554783,-34.850139],[138.555117,-34.850124]]}},{"type":"Feature","properties":{"tier":"arterial"},"geometry":{"type":"LineString","coordinates":[[138.546661,-34.850889],[138.546619,-34.850747],[138.546604,-34.85073],[138.546581,-34.850709],[138.546562,-34.850695],[138.546535,-34.850678],[138.546504,-34.850665],[138.546455,-34.850658]]}},{"type":"Feature","properties":{"tier":"high"},"geometry":{"type":"LineString","coordinates":[[138.528904,-34.851729],[138.528856,-34.85162],[138.528835,-34.851582],[138.528808,-34.851545],[138.528787,-34.851517],[138.528766,-34.851494],[138.528705,-34.851476]]}},{"type":"Feature","properties":{"tier":"high"},"geometry":{"type":"LineString","coordinates":[[138.546318,-34.85058],[138.546551,-34.85057],[138.54658,-34.850568],[138.5466,-34.850567],[138.546638,-34.850566]]}},{"type":"Feature","properties":{"tier":"arterial"},"geometry":{"type":"LineString","coordinates":[[138.546638,-34.850566],[138.546632,-34.85048],[138.546624,-34.850354]]}},{"type":"Feature","properties":{"tier":"arterial"},"geometry":{"type":"LineString","coordinates":[[138.546745,-34.850261],[138.546763,-34.850441],[138.546765,-34.850466],[138.546773,-34.850541]]}},{"type":"Feature","properties":{"tier":"arterial"},"geometry":{"type":"LineString","coordinates":[[138.546851,-34.851562],[138.546907,-34.852404],[138.547028,-34.854225],[138.547111,-34.855476],[138.547153,-34.856094]]}},{"type":"Feature","properties":{"tier":"arterial"},"geometry":{"type":"LineString","coordinates":[[138.546661,-34.850889],[138.54665,-34.850734],[138.546647,-34.850695],[138.546644,-34.850648]]}},{"type":"Feature","properties":{"tier":"high"},"geometry":{"type":"LineString","coordinates":[[138.546318,-34.85058],[138.546483,-34.850533],[138.546541,-34.850501],[138.546566,-34.850484],[138.54659,-34.850433],[138.546612,-34.850395],[138.546624,-34.850354]]}},{"type":"Feature","properties":{"tier":"regional"},"geometry":{"type":"LineString","coordinates":[[138.527061,-34.85121],[138.527041,-34.851131],[138.527022,-34.851057],[138.526873,-34.850405],[138.526861,-34.85034],[138.526859,-34.850319]]}},{"type":"Feature","properties":{"tier":"regional"},"geometry":{"type":"LineString","coordinates":[[138.527061,-34.85121],[138.527115,-34.85133],[138.52715,-34.851386],[138.527203,-34.851448]]}},{"type":"Feature","properties":{"tier":"regional"},"geometry":{"type":"LineString","coordinates":[[138.527077,-34.851548],[138.527066,-34.851454]]}},{"type":"Feature","properties":{"tier":"regional"},"geometry":{"type":"LineString","coordinates":[[138.521492,-34.85244],[138.521518,-34.852791],[138.521543,-34.853107],[138.521576,-34.853523],[138.521579,-34.853576],[138.52159,-34.853764],[138.521612,-34.854268],[138.521612,-34.854335]]}},{"type":"Feature","properties":{"tier":"arterial"},"geometry":{"type":"LineString","coordinates":[[138.502255,-34.854779],[138.50223,-34.854261],[138.502218,-34.85377]]}},{"type":"Feature","properties":{"tier":"arterial"},"geometry":{"type":"LineString","coordinates":[[138.502218,-34.85377],[138.502168,-34.853636],[138.502151,-34.853582],[138.502137,-34.85354],[138.502107,-34.853468]]}},{"type":"Feature","properties":{"tier":"high"},"geometry":{"type":"LineString","coordinates":[[138.536502,-34.851014],[138.53658,-34.850955],[138.5366,-34.850927],[138.536607,-34.8509],[138.536613,-34.850874],[138.536615,-34.850842],[138.536607,-34.85078]]}},{"type":"Feature","properties":{"tier":"arterial"},"geometry":{"type":"LineString","coordinates":[[138.53682,-34.850682],[138.536865,-34.850904],[138.536863,-34.850936],[138.53686,-34.850996]]}},{"type":"Feature","properties":{"tier":"arterial"},"geometry":{"type":"LineString","coordinates":[[138.508498,-34.849294],[138.508549,-34.849343],[138.508619,-34.849393],[138.508697,-34.849412]]}},{"type":"Feature","properties":{"tier":"arterial"},"geometry":{"type":"LineString","coordinates":[[138.506578,-34.846312],[138.506691,-34.846253]]}},{"type":"Feature","properties":{"tier":"arterial"},"geometry":{"type":"LineString","coordinates":[[138.503111,-34.844719],[138.503468,-34.844652],[138.503953,-34.844566],[138.504554,-34.844432]]}},{"type":"Feature","properties":{"tier":"regional"},"geometry":{"type":"LineString","coordinates":[[138.509012,-34.853957],[138.509087,-34.85385],[138.509172,-34.853806],[138.509245,-34.853791],[138.509276,-34.853785],[138.509331,-34.853752]]}},{"type":"Feature","properties":{"tier":"regional"},"geometry":{"type":"LineString","coordinates":[[138.509382,-34.854003],[138.509328,-34.853974],[138.509283,-34.853946],[138.509258,-34.853936],[138.509245,-34.853931],[138.509209,-34.853925],[138.509169,-34.853925],[138.509138,-34.853925],[138.509088,-34.853934],[138.509012,-34.853957]]}},{"type":"Feature","properties":{"tier":"arterial"},"geometry":{"type":"LineString","coordinates":[[138.502556,-34.838693],[138.502558,-34.83886],[138.502572,-34.838913],[138.502573,-34.838974],[138.502604,-34.839007]]}},{"type":"Feature","properties":{"tier":"arterial"},"geometry":{"type":"LineString","coordinates":[[138.501757,-34.839734],[138.501843,-34.839435],[138.501843,-34.8393],[138.501812,-34.839286],[138.501743,-34.839258],[138.501614,-34.839238]]}},{"type":"Feature","properties":{"tier":"high"},"geometry":{"type":"LineString","coordinates":[[138.501472,-34.828914],[138.501241,-34.829012],[138.50118,-34.829037],[138.501152,-34.829051],[138.501129,-34.829064],[138.501102,-34.829083],[138.501082,-34.829101],[138.501067,-34.829127],[138.501046,-34.82916],[138.500998,-34.829243]]}},{"type":"Feature","properties":{"tier":"arterial"},"geometry":{"type":"LineString","coordinates":[[138.546745,-34.850261],[138.546843,-34.850416],[138.546869,-34.850454],[138.546893,-34.850479],[138.546943,-34.85053]]}},{"type":"Feature","properties":{"tier":"arterial"},"geometry":{"type":"LineString","coordinates":[[138.501264,-34.841037],[138.501201,-34.84093],[138.501171,-34.840805],[138.501179,-34.840706],[138.5012,-34.840606],[138.50122,-34.840539],[138.501304,-34.840387],[138.50141,-34.840201]]}},{"type":"Feature","properties":{"tier":"arterial"},"geometry":{"type":"LineString","coordinates":[[138.501264,-34.841037],[138.501979,-34.843246]]}},{"type":"Feature","properties":{"tier":"arterial"},"geometry":{"type":"LineString","coordinates":[[138.502077,-34.843589],[138.502146,-34.843722]]}},{"type":"Feature","properties":{"tier":"arterial"},"geometry":{"type":"LineString","coordinates":[[138.506009,-34.844188],[138.506561,-34.844087],[138.506649,-34.844066],[138.506732,-34.844058]]}},{"type":"Feature","properties":{"tier":"arterial"},"geometry":{"type":"LineString","coordinates":[[138.54616,-34.841555],[138.546183,-34.841967],[138.546214,-34.842403],[138.546234,-34.842613],[138.546212,-34.842883]]}},{"type":"Feature","properties":{"tier":"arterial"},"geometry":{"type":"LineString","coordinates":[[138.502486,-34.84484],[138.502572,-34.844826]]}},{"type":"Feature","properties":{"tier":"regional"},"geometry":{"type":"LineString","coordinates":[[138.545031,-34.837432],[138.543494,-34.837508],[138.537816,-34.837777],[138.536758,-34.837827],[138.536591,-34.837813],[138.536436,-34.83777],[138.535369,-34.837376],[138.535353,-34.83737],[138.535204,-34.837313],[138.534373,-34.836998],[138.53402,-34.836864],[138.533808,-34.836784],[138.533346,-34.836609],[138.533253,-34.836574],[138.532716,-34.836365],[138.532053,-34.836118],[138.531936,-34.836074],[138.531629,-34.835957],[138.531219,-34.835802],[138.530548,-34.835547],[138.530427,-34.83551],[138.530339,-34.835501],[138.530173,-34.835543],[138.530076,-34.835605],[138.530001,-34.835702]]}},{"type":"Feature","properties":{"tier":"arterial"},"geometry":{"type":"LineString","coordinates":[[138.531373,-34.843608],[138.531428,-34.843679],[138.531483,-34.843743],[138.531534,-34.843797],[138.531567,-34.843832],[138.531596,-34.843861],[138.531644,-34.843902],[138.531849,-34.844085],[138.531952,-34.844187],[138.531978,-34.844214],[138.532096,-34.844359],[138.532721,-34.845185],[138.53347,-34.846187],[138.533515,-34.846246],[138.534004,-34.846881],[138.53445,-34.847505],[138.534482,-34.847545],[138.534819,-34.84799],[138.535604,-34.849026],[138.536729,-34.850543],[138.53682,-34.850682]]}},{"type":"Feature","properties":{"tier":"arterial"},"geometry":{"type":"LineString","coordinates":[[138.516622,-34.836274],[138.516497,-34.836291],[138.516313,-34.836271],[138.516132,-34.836259],[138.515809,-34.836255],[138.515512,-34.836252],[138.515197,-34.836206],[138.5151,-34.836184],[138.514847,-34.83612]]}},{"type":"Feature","properties":{"tier":"regional"},"geometry":{"type":"LineString","coordinates":[[138.515024,-34.835489],[138.514952,-34.835734],[138.514945,-34.835757],[138.514866,-34.836023]]}},{"type":"Feature","properties":{"tier":"regional"},"geometry":{"type":"LineString","coordinates":[[138.514847,-34.83612],[138.514802,-34.836368],[138.514761,-34.836788],[138.514763,-34.837221],[138.514782,-34.837472],[138.514789,-34.837562],[138.514819,-34.838438],[138.514865,-34.839869],[138.51485,-34.840502]]}},{"type":"Feature","properties":{"tier":"arterial"},"geometry":{"type":"LineString","coordinates":[[138.51501,-34.836058],[138.515155,-34.836094],[138.515438,-34.836135],[138.515514,-34.836146],[138.515789,-34.836149],[138.5161,-34.836144],[138.516315,-34.836166],[138.516498,-34.836197],[138.516622,-34.836274]]}},{"type":"Feature","properties":{"tier":"arterial"},"geometry":{"type":"LineString","coordinates":[[138.538071,-34.869],[138.537763,-34.868801],[138.537192,-34.868454],[138.536645,-34.868146],[138.535661,-34.867544],[138.535526,-34.867461],[138.535251,-34.867294]]}},{"type":"Feature","properties":{"tier":"arterial"},"geometry":{"type":"LineString","coordinates":[[138.546545,-34.874137],[138.546303,-34.873992],[138.545834,-34.87371],[138.545232,-34.873349]]}},{"type":"Feature","properties":{"tier":"arterial"},"geometry":{"type":"LineString","coordinates":[[138.544359,-34.872696],[138.545305,-34.87327]]}},{"type":"Feature","properties":{"tier":"arterial"},"geometry":{"type":"LineString","coordinates":[[138.543493,-34.872289],[138.54341,-34.872236]]}},{"type":"Feature","properties":{"tier":"arterial"},"geometry":{"type":"LineString","coordinates":[[138.54262,-34.87163],[138.542662,-34.871655],[138.543431,-34.872124],[138.543454,-34.872138],[138.543486,-34.872158]]}},{"type":"Feature","properties":{"tier":"regional"},"geometry":{"type":"LineString","coordinates":[[138.528881,-34.863343],[138.528273,-34.862969],[138.527871,-34.862722],[138.527171,-34.862296],[138.526883,-34.862117],[138.525892,-34.861495],[138.525276,-34.861123],[138.52466,-34.860751],[138.524363,-34.860564],[138.523454,-34.860011],[138.523363,-34.859956],[138.523176,-34.859841],[138.521588,-34.85887]]}},{"type":"Feature","properties":{"tier":"arterial"},"geometry":{"type":"LineString","coordinates":[[138.546212,-34.842883],[138.546268,-34.84364],[138.546357,-34.844933],[138.546422,-34.845958],[138.546433,-34.846129],[138.546434,-34.846139],[138.546467,-34.846633],[138.54651,-34.847278],[138.546551,-34.8479],[138.54659,-34.848534]]}},{"type":"Feature","properties":{"tier":"regional"},"geometry":{"type":"LineString","coordinates":[[138.546378,-34.862503],[138.54694,-34.862475],[138.547394,-34.862453],[138.547464,-34.862449]]}},{"type":"Feature","properties":{"tier":"arterial"},"geometry":{"type":"LineString","coordinates":[[138.54793,-34.867676],[138.547825,-34.867638]]}},{"type":"Feature","properties":{"tier":"regional"},"geometry":{"type":"LineString","coordinates":[[138.548833,-34.864199],[138.550008,-34.864151],[138.550182,-34.864143],[138.55043,-34.864131],[138.551165,-34.864097],[138.552076,-34.864053],[138.552131,-34.86405]]}},{"type":"Feature","properties":{"tier":"regional"},"geometry":{"type":"LineString","coordinates":[[138.538328,-34.869031],[138.538365,-34.868982],[138.538369,-34.868976],[138.538388,-34.868913],[138.538396,-34.868791],[138.538339,-34.86797],[138.538326,-34.867784],[138.538253,-34.866733],[138.538226,-34.866336],[138.53822,-34.866245],[138.538215,-34.866179],[138.538188,-34.865782],[138.538166,-34.865476],[138.538167,-34.865416],[138.538186,-34.865355],[138.538243,-34.865263],[138.538271,-34.865218],[138.538406,-34.865005],[138.538449,-34.864889],[138.538463,-34.864779],[138.538456,-34.864661],[138.538433,-34.864252],[138.538427,-34.864153],[138.538413,-34.86405],[138.538399,-34.863951],[138.538363,-34.863837],[138.538269,-34.863537],[138.538231,-34.863444],[138.538184,-34.863357],[138.538129,-34.863276],[138.538086,-34.86322],[138.538013,-34.863141],[138.537975,-34.8631],[138.537939,-34.86303],[138.537933,-34.862997],[138.537923,-34.862943],[138.537914,-34.862874]]}},{"type":"Feature","properties":{"tier":"arterial"},"geometry":{"type":"LineString","coordinates":[[138.548374,-34.874004],[138.548395,-34.874299]]}},{"type":"Feature","properties":{"tier":"arterial"},"geometry":{"type":"LineString","coordinates":[[138.548219,-34.873415],[138.5482,-34.873122],[138.548158,-34.872525],[138.548156,-34.872498]]}},{"type":"Feature","properties":{"tier":"arterial"},"geometry":{"type":"LineString","coordinates":[[138.548289,-34.874566],[138.548249,-34.874047],[138.54824,-34.873927],[138.548236,-34.87376],[138.548232,-34.873583],[138.548219,-34.873415]]}},{"type":"Feature","properties":{"tier":"arterial"},"geometry":{"type":"LineString","coordinates":[[138.548023,-34.874944],[138.548165,-34.874962],[138.548231,-34.874942],[138.548277,-34.874905],[138.548303,-34.874844]]}},{"type":"Feature","properties":{"tier":"arterial"},"geometry":{"type":"LineString","coordinates":[[138.5484,-34.87437],[138.548447,-34.874993],[138.548453,-34.875017],[138.548454,-34.87502]]}},{"type":"Feature","properties":{"tier":"regional"},"geometry":{"type":"LineString","coordinates":[[138.552298,-34.864041],[138.552345,-34.864038],[138.553616,-34.86398],[138.554809,-34.86393],[138.55518,-34.863914],[138.556197,-34.863871],[138.556336,-34.863865],[138.55667,-34.863844],[138.557296,-34.863816],[138.558189,-34.863776],[138.559078,-34.86373],[138.559126,-34.863726]]}},{"type":"Feature","properties":{"tier":"regional"},"geometry":{"type":"LineString","coordinates":[[138.552298,-34.864041],[138.552291,-34.864072],[138.552267,-34.864097],[138.552232,-34.864111],[138.552186,-34.864109],[138.552148,-34.864086],[138.552131,-34.86405],[138.552137,-34.864019],[138.552159,-34.863993],[138.552192,-34.863979],[138.552229,-34.863977],[138.552263,-34.863989],[138.552287,-34.864011],[138.552298,-34.864041]]}},{"type":"Feature","properties":{"tier":"regional"},"geometry":{"type":"LineString","coordinates":[[138.559142,-34.863768],[138.55913,-34.863748],[138.559126,-34.863726],[138.559131,-34.863706],[138.559142,-34.863688],[138.559159,-34.863674],[138.559181,-34.863664],[138.559205,-34.86366],[138.55923,-34.863662],[138.559253,-34.86367],[138.559272,-34.863683],[138.559286,-34.8637],[138.559293,-34.86372],[138.559291,-34.863743],[138.559281,-34.863764],[138.559263,-34.863781],[138.559239,-34.863793],[138.559212,-34.863797],[138.559185,-34.863794],[138.559161,-34.863784],[138.559142,-34.863768]]}},{"type":"Feature","properties":{"tier":"regional"},"geometry":{"type":"LineString","coordinates":[[138.559293,-34.86372],[138.559384,-34.863718],[138.560516,-34.863667],[138.560871,-34.863652],[138.560982,-34.863647],[138.561307,-34.863631],[138.56243,-34.863587],[138.56252,-34.863582]]}},{"type":"Feature","properties":{"tier":"arterial"},"geometry":{"type":"LineString","coordinates":[[138.502435,-34.844482],[138.502485,-34.844562],[138.502518,-34.844613],[138.502602,-34.844725],[138.50262,-34.844742],[138.502707,-34.8448]]}},{"type":"Feature","properties":{"tier":"arterial"},"geometry":{"type":"LineString","coordinates":[[138.502231,-34.844992],[138.502221,-34.844888]]}},{"type":"Feature","properties":{"tier":"regional"},"geometry":{"type":"LineString","coordinates":[[138.514975,-34.843344],[138.515013,-34.844622],[138.515013,-34.844698],[138.515009,-34.844774],[138.515003,-34.844842],[138.514994,-34.844899],[138.514979,-34.844975],[138.514961,-34.845053],[138.514936,-34.845144],[138.514815,-34.845608],[138.514809,-34.845638],[138.514806,-34.845662],[138.514804,-34.845687],[138.514804,-34.845711],[138.514806,-34.845731],[138.51481,-34.845751],[138.514818,-34.845777],[138.514824,-34.845791],[138.514831,-34.845806],[138.514847,-34.845831],[138.514861,-34.84585],[138.514876,-34.845865],[138.514895,-34.845883],[138.514917,-34.845898],[138.514939,-34.845912],[138.514967,-34.845926],[138.515004,-34.845943],[138.515031,-34.845953],[138.515064,-34.845962],[138.515115,-34.84597],[138.515267,-34.845985]]}},{"type":"Feature","properties":{"tier":"regional"},"geometry":{"type":"LineString","coordinates":[[138.515267,-34.845985],[138.515175,-34.846001],[138.515114,-34.846009],[138.515052,-34.846015],[138.515012,-34.846017],[138.515007,-34.846017],[138.514973,-34.846018],[138.514932,-34.846017],[138.514892,-34.846015],[138.514863,-34.846012],[138.514835,-34.846006],[138.514813,-34.845999],[138.51479,-34.84599],[138.514769,-34.845978],[138.514751,-34.845965],[138.514732,-34.84595],[138.514714,-34.845931],[138.514701,-34.845914],[138.51469,-34.845895],[138.514685,-34.845881],[138.514681,-34.845869],[138.514677,-34.845852],[138.514677,-34.845846],[138.514676,-34.845836],[138.514675,-34.845812],[138.514678,-34.845784],[138.514681,-34.845758],[138.514685,-34.845731],[138.514692,-34.845698],[138.514877,-34.844999],[138.514887,-34.844953],[138.514898,-34.844897],[138.514908,-34.844826],[138.514913,-34.844773],[138.514917,-34.844708],[138.514917,-34.844637],[138.514899,-34.843653]]}},{"type":"Feature","properties":{"tier":"regional"},"geometry":{"type":"LineString","coordinates":[[138.545547,-34.841363],[138.544693,-34.841409],[138.544468,-34.841417],[138.543982,-34.841436],[138.54337,-34.841458],[138.542947,-34.841474]]}},{"type":"Feature","properties":{"tier":"regional"},"geometry":{"type":"LineString","coordinates":[[138.503397,-34.858939],[138.503325,-34.859083],[138.503315,-34.859101],[138.503265,-34.859182]]}},{"type":"Feature","properties":{"tier":"arterial"},"geometry":{"type":"LineString","coordinates":[[138.503374,-34.859836],[138.503197,-34.859769],[138.503116,-34.859781],[138.50307,-34.859787],[138.502937,-34.859869]]}},{"type":"Feature","properties":{"tier":"regional"},"geometry":{"type":"LineString","coordinates":[[138.502923,-34.858874],[138.503035,-34.858931],[138.503077,-34.858952],[138.503125,-34.858965],[138.503186,-34.858978],[138.503227,-34.858984],[138.503264,-34.858977],[138.503323,-34.858987]]}},{"type":"Feature","properties":{"tier":"regional"},"geometry":{"type":"LineString","coordinates":[[138.503194,-34.859133],[138.503239,-34.859069],[138.503323,-34.858987]]}},{"type":"Feature","properties":{"tier":"high"},"geometry":{"type":"LineString","coordinates":[[138.512646,-34.859863],[138.512716,-34.859833],[138.5131,-34.859668]]}},{"type":"Feature","properties":{"tier":"arterial"},"geometry":{"type":"LineString","coordinates":[[138.528766,-34.869516],[138.528791,-34.869235],[138.528818,-34.86894],[138.528846,-34.868474],[138.52885,-34.868412]]}},{"type":"Feature","properties":{"tier":"high"},"geometry":{"type":"LineString","coordinates":[[138.532898,-34.851184],[138.532902,-34.851284]]}},{"type":"Feature","properties":{"tier":"arterial"},"geometry":{"type":"LineString","coordinates":[[138.528988,-34.868422],[138.528983,-34.868475],[138.528975,-34.868554]]}},{"type":"Feature","properties":{"tier":"arterial"},"geometry":{"type":"LineString","coordinates":[[138.546029,-34.841659],[138.545942,-34.841524],[138.54591,-34.841482],[138.545887,-34.841461],[138.545873,-34.841447],[138.545828,-34.841426],[138.545722,-34.841419],[138.545622,-34.841361]]}},{"type":"Feature","properties":{"tier":"arterial"},"geometry":{"type":"LineString","coordinates":[[138.54613,-34.841116],[138.546222,-34.841201],[138.546238,-34.841239],[138.546247,-34.841262],[138.546263,-34.841283],[138.546282,-34.841297],[138.546338,-34.841319],[138.546453,-34.841344]]}},{"type":"Feature","properties":{"tier":"regional"},"geometry":{"type":"LineString","coordinates":[[138.559604,-34.845329],[138.558195,-34.845395],[138.557113,-34.845445],[138.556195,-34.845489],[138.555208,-34.845535],[138.553437,-34.845618],[138.553334,-34.845623],[138.553255,-34.845627],[138.550995,-34.845736],[138.550921,-34.84574],[138.550839,-34.845744],[138.546505,-34.845954],[138.546422,-34.845958]]}},{"type":"Feature","properties":{"tier":"arterial"},"geometry":{"type":"LineString","coordinates":[[138.545547,-34.841363],[138.54572,-34.841317],[138.54586,-34.841261],[138.545911,-34.84124],[138.545942,-34.841224],[138.545968,-34.841209],[138.545986,-34.841189]]}},{"type":"Feature","properties":{"tier":"regional"},"geometry":{"type":"LineString","coordinates":[[138.535957,-34.844699],[138.53706,-34.844039]]}},{"type":"Feature","properties":{"tier":"regional"},"geometry":{"type":"LineString","coordinates":[[138.537498,-34.843777],[138.537413,-34.843866],[138.53737,-34.843911]]}},{"type":"Feature","properties":{"tier":"regional"},"geometry":{"type":"LineString","coordinates":[[138.537314,-34.843841],[138.537372,-34.843821],[138.537498,-34.843777]]}},{"type":"Feature","properties":{"tier":"regional"},"geometry":{"type":"LineString","coordinates":[[138.535715,-34.844893],[138.535669,-34.844908],[138.535539,-34.844949]]}},{"type":"Feature","properties":{"tier":"regional"},"geometry":{"type":"LineString","coordinates":[[138.535539,-34.844949],[138.535632,-34.844865],[138.53566,-34.84484]]}},{"type":"Feature","properties":{"tier":"regional"},"geometry":{"type":"LineString","coordinates":[[138.531511,-34.847327],[138.531566,-34.847305],[138.531729,-34.847233]]}},{"type":"Feature","properties":{"tier":"regional"},"geometry":{"type":"LineString","coordinates":[[138.531729,-34.847233],[138.53162,-34.847343],[138.531608,-34.847351],[138.531552,-34.84739]]}},{"type":"Feature","properties":{"tier":"regional"},"geometry":{"type":"LineString","coordinates":[[138.537228,-34.843973],[138.537172,-34.844002],[138.53713,-34.844023],[138.53706,-34.844039]]}},{"type":"Feature","properties":{"tier":"regional"},"geometry":{"type":"LineString","coordinates":[[138.535957,-34.844699],[138.535909,-34.844762],[138.535864,-34.844791],[138.535839,-34.844807]]}},{"type":"Feature","properties":{"tier":"regional"},"geometry":{"type":"LineString","coordinates":[[138.531425,-34.847459],[138.531367,-34.847483],[138.531189,-34.847557]]}},{"type":"Feature","properties":{"tier":"regional"},"geometry":{"type":"LineString","coordinates":[[138.53706,-34.844039],[138.537091,-34.843988],[138.537135,-34.84396],[138.537188,-34.843925]]}},{"type":"Feature","properties":{"tier":"regional"},"geometry":{"type":"LineString","coordinates":[[138.535801,-34.844761],[138.535827,-34.844749],[138.535855,-34.844733],[138.535957,-34.844699]]}},{"type":"Feature","properties":{"tier":"regional"},"geometry":{"type":"LineString","coordinates":[[138.531729,-34.847233],[138.531898,-34.847128],[138.532479,-34.846771]]}},{"type":"Feature","properties":{"tier":"regional"},"geometry":{"type":"LineString","coordinates":[[138.537498,-34.843777],[138.537773,-34.843612],[138.53788,-34.843548],[138.538207,-34.843353],[138.538652,-34.843086],[138.539736,-34.842438],[138.539789,-34.842399],[138.539812,-34.842348],[138.539807,-34.842304],[138.539794,-34.842272],[138.539777,-34.84225],[138.539752,-34.842219],[138.539254,-34.841667]]}},{"type":"Feature","properties":{"tier":"regional"},"geometry":{"type":"LineString","coordinates":[[138.531518,-34.847447],[138.531491,-34.84746],[138.531461,-34.847465],[138.531442,-34.847463],[138.531425,-34.847459],[138.531402,-34.847448],[138.531384,-34.847431],[138.531372,-34.847411],[138.531368,-34.84739],[138.531371,-34.84737],[138.53138,-34.847352],[138.531395,-34.847336],[138.531414,-34.847324],[138.531436,-34.847317],[138.53146,-34.847314],[138.531486,-34.847317],[138.531511,-34.847327],[138.531533,-34.847344],[138.531547,-34.847365],[138.531552,-34.84739],[138.531548,-34.84741],[138.531539,-34.847428],[138.531518,-34.847447]]}},{"type":"Feature","properties":{"tier":"regional"},"geometry":{"type":"LineString","coordinates":[[138.537358,-34.843948],[138.537343,-34.843964],[138.537318,-34.843979],[138.537287,-34.843986],[138.537256,-34.843984],[138.537228,-34.843973],[138.537209,-34.84396],[138.537196,-34.843944],[138.537188,-34.843925],[138.537187,-34.843901],[138.537196,-34.843877],[138.537213,-34.843857],[138.537235,-34.843844],[138.53726,-34.843837],[138.537287,-34.843836],[138.537314,-34.843841],[138.537337,-34.843852],[138.537355,-34.843869],[138.537366,-34.843889],[138.53737,-34.843911],[138.537367,-34.84393],[138.537358,-34.843948]]}},{"type":"Feature","properties":{"tier":"regional"},"geometry":{"type":"LineString","coordinates":[[138.53582,-34.844872],[138.5358,-34.844887],[138.535773,-34.844896],[138.535743,-34.844899],[138.535715,-34.844893],[138.53569,-34.844881],[138.535671,-34.844862],[138.53566,-34.84484],[138.535658,-34.844818],[138.535664,-34.844797],[138.535677,-34.844778],[138.535695,-34.844763],[138.53572,-34.844752],[138.535748,-34.844748],[138.535775,-34.844751],[138.535801,-34.844761],[138.535818,-34.844774],[138.535831,-34.844789],[138.535839,-34.844807],[138.535841,-34.84483],[138.535835,-34.844852],[138.53582,-34.844872]]}},{"type":"Feature","properties":{"tier":"regional"},"geometry":{"type":"LineString","coordinates":[[138.521632,-34.854494],[138.521636,-34.854557],[138.521645,-34.854681],[138.521656,-34.854771],[138.521694,-34.854856],[138.521848,-34.855099],[138.522204,-34.85563],[138.52222,-34.855654]]}},{"type":"Feature","properties":{"tier":"regional"},"geometry":{"type":"LineString","coordinates":[[138.521632,-34.854494],[138.521592,-34.85449],[138.521553,-34.85447],[138.521534,-34.854447],[138.521527,-34.854427],[138.521528,-34.854398],[138.521547,-34.854365],[138.521579,-34.854343],[138.521612,-34.854335],[138.52165,-34.854338],[138.521696,-34.854363],[138.521715,-34.85439],[138.521719,-34.854413],[138.521715,-34.854438],[138.521698,-34.854464],[138.521674,-34.854482],[138.521632,-34.854494]]}},{"type":"Feature","properties":{"tier":"regional"},"geometry":{"type":"LineString","coordinates":[[138.522309,-34.855803],[138.522265,-34.855812],[138.522218,-34.855804],[138.522183,-34.85578],[138.522165,-34.855752],[138.522162,-34.855724],[138.522171,-34.855694],[138.522189,-34.855673],[138.52222,-34.855654],[138.522264,-34.855646],[138.522298,-34.855652],[138.522335,-34.855671],[138.522353,-34.855692],[138.522362,-34.855716],[138.522363,-34.855739],[138.522356,-34.855761],[138.522342,-34.855781],[138.522309,-34.855803]]}},{"type":"Feature","properties":{"tier":"high"},"geometry":{"type":"LineString","coordinates":[[138.549996,-34.850481],[138.549967,-34.850371]]}},{"type":"Feature","properties":{"tier":"arterial"},"geometry":{"type":"LineString","coordinates":[[138.546448,-34.836707],[138.546126,-34.836806],[138.546023,-34.836844],[138.545962,-34.836878],[138.545927,-34.836914],[138.545865,-34.836988]]}},{"type":"Feature","properties":{"tier":"arterial"},"geometry":{"type":"LineString","coordinates":[[138.507228,-34.862275],[138.507175,-34.862309],[138.507099,-34.862317]]}},{"type":"Feature","properties":{"tier":"arterial"},"geometry":{"type":"LineString","coordinates":[[138.507443,-34.862055],[138.507228,-34.862275]]}},{"type":"Feature","properties":{"tier":"high"},"geometry":{"type":"LineString","coordinates":[[138.517362,-34.867846],[138.517901,-34.867617]]}},{"type":"Feature","properties":{"tier":"arterial"},"geometry":{"type":"LineString","coordinates":[[138.507897,-34.848395],[138.507905,-34.848319],[138.507918,-34.848292],[138.507933,-34.848272],[138.507953,-34.848261],[138.507986,-34.848247]]}},{"type":"Feature","properties":{"tier":"regional"},"geometry":{"type":"LineString","coordinates":[[138.529205,-34.837183],[138.530001,-34.835702]]}},{"type":"Feature","properties":{"tier":"regional"},"geometry":{"type":"LineString","coordinates":[[138.527483,-34.840367],[138.527558,-34.840233],[138.527584,-34.840193],[138.529205,-34.837183]]}},{"type":"Feature","properties":{"tier":"regional"},"geometry":{"type":"LineString","coordinates":[[138.525273,-34.812705],[138.525277,-34.81248]]}},{"type":"Feature","properties":{"tier":"regional"},"geometry":{"type":"LineString","coordinates":[[138.514754,-34.835987],[138.514763,-34.835957],[138.51484,-34.83571],[138.514948,-34.835462],[138.515219,-34.83498]]}},{"type":"Feature","properties":{"tier":"arterial"},"geometry":{"type":"LineString","coordinates":[[138.515024,-34.835489],[138.515,-34.835698],[138.514999,-34.835756],[138.514998,-34.835786],[138.514995,-34.835972],[138.51501,-34.836058]]}},{"type":"Feature","properties":{"tier":"regional"},"geometry":{"type":"LineString","coordinates":[[138.522695,-34.82148],[138.522951,-34.821023],[138.523231,-34.820521],[138.524378,-34.81847],[138.525092,-34.817192],[138.525191,-34.816954],[138.525228,-34.816681],[138.525229,-34.816502]]}},{"type":"Feature","properties":{"tier":"arterial"},"geometry":{"type":"LineString","coordinates":[[138.537811,-34.868729],[138.537763,-34.868801]]}},{"type":"Feature","properties":{"tier":"arterial"},"geometry":{"type":"LineString","coordinates":[[138.531046,-34.864596],[138.531073,-34.864638],[138.531062,-34.864667],[138.531046,-34.864683],[138.531,-34.8647]]}},{"type":"Feature","properties":{"tier":"arterial"},"geometry":{"type":"LineString","coordinates":[[138.539627,-34.869817],[138.53964,-34.869859],[138.539633,-34.869881],[138.539622,-34.869897],[138.539581,-34.869917]]}},{"type":"Feature","properties":{"tier":"high"},"geometry":{"type":"LineString","coordinates":[[138.517502,-34.868706],[138.517556,-34.868702],[138.517624,-34.868719],[138.517675,-34.86872],[138.517718,-34.868705],[138.517744,-34.868684],[138.517768,-34.868649],[138.517786,-34.868587]]}},{"type":"Feature","properties":{"tier":"arterial"},"geometry":{"type":"LineString","coordinates":[[138.52853,-34.874779],[138.528503,-34.8748],[138.528438,-34.874803],[138.528347,-34.874825],[138.528255,-34.874913]]}},{"type":"Feature","properties":{"tier":"arterial"},"geometry":{"type":"LineString","coordinates":[[138.528314,-34.874309],[138.528388,-34.874393],[138.528399,-34.87449],[138.528395,-34.874537],[138.528368,-34.874688],[138.528402,-34.874721],[138.528447,-34.874735],[138.528509,-34.874752],[138.52853,-34.874779]]}},{"type":"Feature","properties":{"tier":"arterial"},"geometry":{"type":"LineString","coordinates":[[138.548249,-34.874047],[138.548284,-34.873998],[138.548285,-34.873949],[138.548315,-34.873924],[138.548367,-34.873915]]}},{"type":"Feature","properties":{"tier":"high"},"geometry":{"type":"LineString","coordinates":[[138.56252,-34.825619],[138.562405,-34.824584]]}},{"type":"Feature","properties":{"tier":"high"},"geometry":{"type":"LineString","coordinates":[[138.558038,-34.832934],[138.558723,-34.832849],[138.55906,-34.832796],[138.559357,-34.832725],[138.559588,-34.832659],[138.559825,-34.832568],[138.560042,-34.832462],[138.560226,-34.832361],[138.560426,-34.832237],[138.560631,-34.832084],[138.560878,-34.831858],[138.561028,-34.831688]]}},{"type":"Feature","properties":{"tier":"high"},"geometry":{"type":"LineString","coordinates":[[138.56252,-34.832833],[138.562451,-34.832841]]}},{"type":"Feature","properties":{"tier":"high"},"geometry":{"type":"LineString","coordinates":[[138.561911,-34.833698],[138.561781,-34.833587],[138.561641,-34.833486],[138.561481,-34.833386],[138.561287,-34.833297],[138.561067,-34.833219],[138.560847,-34.833164],[138.560628,-34.833126],[138.56039,-34.833115],[138.560043,-34.833116],[138.559664,-34.833131],[138.558988,-34.833167],[138.558133,-34.833148]]}},{"type":"Feature","properties":{"tier":"arterial"},"geometry":{"type":"LineString","coordinates":[[138.547702,-34.864332],[138.547731,-34.864756]]}},{"type":"Feature","properties":{"tier":"arterial"},"geometry":{"type":"LineString","coordinates":[[138.547755,-34.866679],[138.547692,-34.865733]]}},{"type":"Feature","properties":{"tier":"arterial"},"geometry":{"type":"LineString","coordinates":[[138.546708,-34.851565],[138.546661,-34.850889]]}},{"type":"Feature","properties":{"tier":"arterial"},"geometry":{"type":"LineString","coordinates":[[138.547596,-34.864328],[138.547591,-34.864253]]}},{"type":"Feature","properties":{"tier":"arterial"},"geometry":{"type":"LineString","coordinates":[[138.548251,-34.872289],[138.548253,-34.872367]]}},{"type":"Feature","properties":{"tier":"arterial"},"geometry":{"type":"LineString","coordinates":[[138.547689,-34.86417],[138.547696,-34.864248]]}},{"type":"Feature","properties":{"tier":"arterial"},"geometry":{"type":"LineString","coordinates":[[138.548156,-34.872498],[138.548147,-34.872387]]}},{"type":"Feature","properties":{"tier":"arterial"},"geometry":{"type":"LineString","coordinates":[[138.548264,-34.872485],[138.548278,-34.872711],[138.548304,-34.873116]]}},{"type":"Feature","properties":{"tier":"arterial"},"geometry":{"type":"LineString","coordinates":[[138.547611,-34.864713],[138.547682,-34.864725],[138.547731,-34.864756]]}},{"type":"Feature","properties":{"tier":"arterial"},"geometry":{"type":"LineString","coordinates":[[138.52967,-34.863866],[138.529531,-34.863894],[138.529404,-34.863941]]}},{"type":"Feature","properties":{"tier":"regional"},"geometry":{"type":"LineString","coordinates":[[138.501093,-34.87502],[138.500704,-34.874311],[138.500524,-34.873972],[138.500375,-34.873691],[138.5003,-34.873555],[138.500223,-34.87344],[138.500111,-34.873298],[138.500063,-34.873244],[138.49998,-34.873162]]}},{"type":"Feature","properties":{"tier":"regional"},"geometry":{"type":"LineString","coordinates":[[138.49998,-34.867952],[138.500222,-34.867939],[138.500776,-34.867907],[138.501411,-34.86788],[138.502217,-34.867879],[138.502826,-34.867878],[138.50291,-34.867878],[138.503031,-34.867879]]}},{"type":"Feature","properties":{"tier":"arterial"},"geometry":{"type":"LineString","coordinates":[[138.503493,-34.87502],[138.503486,-34.874249],[138.503489,-34.873725],[138.503485,-34.872731],[138.503475,-34.872511],[138.503457,-34.872259],[138.503419,-34.871947],[138.503394,-34.871739],[138.503286,-34.871008],[138.503184,-34.870068],[138.503155,-34.869836],[138.502998,-34.868578],[138.50291,-34.867878],[138.502781,-34.866809],[138.502641,-34.865651],[138.502537,-34.864778],[138.502367,-34.863543],[138.502148,-34.861979],[138.502119,-34.861762],[138.50211,-34.861656],[138.502104,-34.861549],[138.50211,-34.861335],[138.502122,-34.861229],[138.502144,-34.861124],[138.502176,-34.861011],[138.502237,-34.860854]]}},{"type":"Feature","properties":{"tier":"regional"},"geometry":{"type":"LineString","coordinates":[[138.538046,-34.860102],[138.537932,-34.860182],[138.53785,-34.86027],[138.537796,-34.860355],[138.537761,-34.860436],[138.537754,-34.86053],[138.53776,-34.860586],[138.537771,-34.860748],[138.537838,-34.861748],[138.537893,-34.86257],[138.537901,-34.862743],[138.537908,-34.862808],[138.537914,-34.862874]]}},{"type":"Feature","properties":{"tier":"arterial"},"geometry":{"type":"LineString","coordinates":[[138.501979,-34.843246],[138.502014,-34.84336],[138.502059,-34.843514],[138.502077,-34.843589]]}},{"type":"Feature","properties":{"tier":"arterial"},"geometry":{"type":"LineString","coordinates":[[138.502077,-34.843734],[138.502077,-34.843589]]}},{"type":"Feature","properties":{"tier":"arterial"},"geometry":{"type":"LineString","coordinates":[[138.502435,-34.844482],[138.502419,-34.844585],[138.502487,-34.844705],[138.502513,-34.844741],[138.502525,-34.844759],[138.502572,-34.844826]]}},{"type":"Feature","properties":{"tier":"arterial"},"geometry":{"type":"LineString","coordinates":[[138.505324,-34.844392],[138.50527,-34.844301]]}},{"type":"Feature","properties":{"tier":"arterial"},"geometry":{"type":"LineString","coordinates":[[138.505324,-34.844392],[138.505215,-34.844413],[138.504794,-34.844494],[138.503973,-34.844639],[138.50349,-34.844728],[138.503419,-34.844755]]}},{"type":"Feature","properties":{"tier":"arterial"},"geometry":{"type":"LineString","coordinates":[[138.50527,-34.844301],[138.5054,-34.844281]]}},{"type":"Feature","properties":{"tier":"arterial"},"geometry":{"type":"LineString","coordinates":[[138.500389,-34.852458],[138.49998,-34.852423]]}},{"type":"Feature","properties":{"tier":"arterial"},"geometry":{"type":"LineString","coordinates":[[138.503419,-34.844755],[138.502927,-34.844854],[138.502826,-34.844874],[138.502803,-34.844879],[138.502647,-34.844909]]}},{"type":"Feature","properties":{"tier":"regional"},"geometry":{"type":"LineString","coordinates":[[138.53836,-34.840643],[138.538548,-34.840859],[138.538845,-34.841198],[138.53889,-34.84125]]}},{"type":"Feature","properties":{"tier":"high"},"geometry":{"type":"LineString","coordinates":[[138.5623,-34.823704],[138.562226,-34.823092],[138.562147,-34.822434],[138.562078,-34.8219],[138.562005,-34.821295],[138.561941,-34.820771],[138.561887,-34.820326]]}},{"type":"Feature","properties":{"tier":"high"},"geometry":{"type":"LineString","coordinates":[[138.561768,-34.81938],[138.561706,-34.818858],[138.561682,-34.818621],[138.561668,-34.818464],[138.561659,-34.818342],[138.561651,-34.81819],[138.561646,-34.81802],[138.561645,-34.817831],[138.561645,-34.817682],[138.561651,-34.817487],[138.561657,-34.81736],[138.561663,-34.817252],[138.561671,-34.817147],[138.561682,-34.817032],[138.561693,-34.816928],[138.561706,-34.816816],[138.561724,-34.816669],[138.561743,-34.816528],[138.561762,-34.816412],[138.561783,-34.816286],[138.561807,-34.816162],[138.561835,-34.816024],[138.561866,-34.815889],[138.561898,-34.815761],[138.561936,-34.815612],[138.561973,-34.815474],[138.562008,-34.815352],[138.562043,-34.81524],[138.562105,-34.815045],[138.56217,-34.814861],[138.562222,-34.814721],[138.562296,-34.814532],[138.562363,-34.814368],[138.562468,-34.814129],[138.56252,-34.814022]]}},{"type":"Feature","properties":{"tier":"high"},"geometry":{"type":"LineString","coordinates":[[138.561953,-34.819305],[138.562003,-34.819734],[138.562054,-34.820172],[138.562101,-34.820589]]}},{"type":"Feature","properties":{"tier":"high"},"geometry":{"type":"LineString","coordinates":[[138.562101,-34.820589],[138.562146,-34.820999],[138.562199,-34.821457],[138.562254,-34.821956],[138.562293,-34.82231],[138.56234,-34.822736],[138.56239,-34.823151]]}},{"type":"Feature","properties":{"tier":"high"},"geometry":{"type":"LineString","coordinates":[[138.561887,-34.820326],[138.561833,-34.819895],[138.561768,-34.81938]]}},{"type":"Feature","properties":{"tier":"high"},"geometry":{"type":"LineString","coordinates":[[138.56252,-34.814518],[138.562503,-34.814558],[138.562469,-34.814643],[138.56243,-34.814745],[138.562366,-34.814916],[138.562322,-34.815043],[138.562285,-34.815149],[138.562255,-34.815242],[138.562218,-34.815359],[138.562183,-34.815476],[138.562126,-34.815686],[138.562076,-34.81589],[138.56203,-34.816089],[138.562007,-34.816211],[138.561978,-34.816364]]}},{"type":"Feature","properties":{"tier":"arterial"},"geometry":{"type":"LineString","coordinates":[[138.505391,-34.861019],[138.505547,-34.860848]]}},{"type":"Feature","properties":{"tier":"arterial"},"geometry":{"type":"LineString","coordinates":[[138.517772,-34.86889],[138.51778,-34.868933],[138.517797,-34.868964],[138.517792,-34.868996],[138.517548,-34.869237],[138.517518,-34.869267]]}},{"type":"Feature","properties":{"tier":"arterial"},"geometry":{"type":"LineString","coordinates":[[138.546453,-34.841344],[138.546324,-34.841377],[138.546258,-34.841394],[138.546239,-34.841402],[138.546201,-34.841417],[138.546187,-34.841448],[138.546172,-34.841479],[138.54616,-34.841555]]}},{"type":"Feature","properties":{"tier":"regional"},"geometry":{"type":"LineString","coordinates":[[138.531189,-34.847557],[138.531322,-34.847432],[138.531368,-34.84739]]}},{"type":"Feature","properties":{"tier":"high"},"geometry":{"type":"LineString","coordinates":[[138.508757,-34.852284],[138.509102,-34.852265],[138.509128,-34.852263],[138.509205,-34.852259]]}},{"type":"Feature","properties":{"tier":"high"},"geometry":{"type":"LineString","coordinates":[[138.5045,-34.852528],[138.502591,-34.852566]]}},{"type":"Feature","properties":{"tier":"arterial"},"geometry":{"type":"LineString","coordinates":[[138.506797,-34.844113],[138.506669,-34.844132],[138.506575,-34.844152],[138.506022,-34.844249],[138.505649,-34.844313],[138.505594,-34.844328],[138.50546,-34.844367]]}},{"type":"Feature","properties":{"tier":"arterial"},"geometry":{"type":"LineString","coordinates":[[138.510407,-34.843369],[138.512524,-34.843302]]}},{"type":"Feature","properties":{"tier":"arterial"},"geometry":{"type":"LineString","coordinates":[[138.502707,-34.8448],[138.502782,-34.844784],[138.503111,-34.844719]]}},{"type":"Feature","properties":{"tier":"regional"},"geometry":{"type":"LineString","coordinates":[[138.526859,-34.850319],[138.526863,-34.850296],[138.52688,-34.850214],[138.526926,-34.850138]]}},{"type":"Feature","properties":{"tier":"regional"},"geometry":{"type":"LineString","coordinates":[[138.526926,-34.850138],[138.526978,-34.850086],[138.527,-34.85007],[138.527741,-34.849626],[138.528262,-34.849314]]}},{"type":"Feature","properties":{"tier":"regional"},"geometry":{"type":"LineString","coordinates":[[138.528349,-34.849262],[138.529147,-34.848781]]}},{"type":"Feature","properties":{"tier":"regional"},"geometry":{"type":"LineString","coordinates":[[138.528262,-34.849314],[138.528297,-34.849292],[138.528349,-34.849262]]}},{"type":"Feature","properties":{"tier":"regional"},"geometry":{"type":"LineString","coordinates":[[138.533269,-34.846309],[138.533307,-34.846286],[138.533366,-34.846252],[138.533426,-34.846215],[138.53347,-34.846187],[138.533494,-34.846173],[138.533518,-34.84616],[138.533537,-34.846148],[138.533581,-34.846122],[138.535539,-34.844949]]}},{"type":"Feature","properties":{"tier":"arterial"},"geometry":{"type":"LineString","coordinates":[[138.533269,-34.846309],[138.532494,-34.84532],[138.531757,-34.844301],[138.531614,-34.844102],[138.531506,-34.843951],[138.531418,-34.843826],[138.531378,-34.843767],[138.531291,-34.843619],[138.531261,-34.84356],[138.53123,-34.843493],[138.531146,-34.843297]]}},{"type":"Feature","properties":{"tier":"regional"},"geometry":{"type":"LineString","coordinates":[[138.533064,-34.846428],[138.533164,-34.84637],[138.5332,-34.846349],[138.533221,-34.846337],[138.533269,-34.846309]]}},{"type":"Feature","properties":{"tier":"regional"},"geometry":{"type":"LineString","coordinates":[[138.532577,-34.846716],[138.533064,-34.846428]]}},{"type":"Feature","properties":{"tier":"regional"},"geometry":{"type":"LineString","coordinates":[[138.532479,-34.846771],[138.532577,-34.846716]]}},{"type":"Feature","properties":{"tier":"regional"},"geometry":{"type":"LineString","coordinates":[[138.53042,-34.848019],[138.531189,-34.847557]]}},{"type":"Feature","properties":{"tier":"regional"},"geometry":{"type":"LineString","coordinates":[[138.53033,-34.848073],[138.53042,-34.848019]]}},{"type":"Feature","properties":{"tier":"regional"},"geometry":{"type":"LineString","coordinates":[[138.529897,-34.848334],[138.53033,-34.848073]]}},{"type":"Feature","properties":{"tier":"regional"},"geometry":{"type":"LineString","coordinates":[[138.529811,-34.848383],[138.529897,-34.848334]]}},{"type":"Feature","properties":{"tier":"regional"},"geometry":{"type":"LineString","coordinates":[[138.529269,-34.848709],[138.529811,-34.848383]]}},{"type":"Feature","properties":{"tier":"regional"},"geometry":{"type":"LineString","coordinates":[[138.529147,-34.848781],[138.529209,-34.848743],[138.529269,-34.848709]]}},{"type":"Feature","properties":{"tier":"high"},"geometry":{"type":"LineString","coordinates":[[138.52524,-34.874818],[138.525164,-34.874499],[138.525128,-34.874348]]}},{"type":"Feature","properties":{"tier":"high"},"geometry":{"type":"LineString","coordinates":[[138.562391,-34.831064],[138.562418,-34.830684],[138.562484,-34.830228],[138.56252,-34.829989]]}},{"type":"Feature","properties":{"tier":"arterial"},"geometry":{"type":"LineString","coordinates":[[138.54559,-34.835192],[138.54554,-34.834467]]}},{"type":"Feature","properties":{"tier":"high"},"geometry":{"type":"LineString","coordinates":[[138.547787,-34.833342],[138.548859,-34.833316],[138.549889,-34.833336],[138.551491,-34.833345]]}},{"type":"Feature","properties":{"tier":"arterial"},"geometry":{"type":"LineString","coordinates":[[138.528255,-34.874913],[138.528243,-34.87502]]}},{"type":"Feature","properties":{"tier":"high"},"geometry":{"type":"LineString","coordinates":[[138.501347,-34.81248],[138.501342,-34.812769],[138.501341,-34.812846]]}},{"type":"Feature","properties":{"tier":"high"},"geometry":{"type":"LineString","coordinates":[[138.546773,-34.850541],[138.546832,-34.850538],[138.546943,-34.85053]]}},{"type":"Feature","properties":{"tier":"arterial"},"geometry":{"type":"LineString","coordinates":[[138.546644,-34.850648],[138.546638,-34.850566]]}},{"type":"Feature","properties":{"tier":"high"},"geometry":{"type":"LineString","coordinates":[[138.546644,-34.850648],[138.546608,-34.85065],[138.546455,-34.850658]]}},{"type":"Feature","properties":{"tier":"high"},"geometry":{"type":"LineString","coordinates":[[138.547321,-34.850614],[138.546875,-34.850637],[138.546839,-34.850638],[138.546784,-34.850641]]}},{"type":"Feature","properties":{"tier":"arterial"},"geometry":{"type":"LineString","coordinates":[[138.508543,-34.849135],[138.508512,-34.849197],[138.508494,-34.849232],[138.508498,-34.849294]]}},{"type":"Feature","properties":{"tier":"arterial"},"geometry":{"type":"LineString","coordinates":[[138.508697,-34.849412],[138.509111,-34.850031]]}},{"type":"Feature","properties":{"tier":"high"},"geometry":{"type":"LineString","coordinates":[[138.52889,-34.851471],[138.528816,-34.851473],[138.528705,-34.851476]]}},{"type":"Feature","properties":{"tier":"arterial"},"geometry":{"type":"LineString","coordinates":[[138.528924,-34.85136],[138.528966,-34.851464]]}},{"type":"Feature","properties":{"tier":"high"},"geometry":{"type":"LineString","coordinates":[[138.528924,-34.85136],[138.529303,-34.85134]]}},{"type":"Feature","properties":{"tier":"arterial"},"geometry":{"type":"LineString","coordinates":[[138.54357,-34.872216],[138.543626,-34.87225],[138.544359,-34.872696]]}},{"type":"Feature","properties":{"tier":"arterial"},"geometry":{"type":"LineString","coordinates":[[138.543486,-34.872158],[138.54357,-34.872216]]}},{"type":"Feature","properties":{"tier":"high"},"geometry":{"type":"LineString","coordinates":[[138.503036,-34.838022],[138.502954,-34.837995]]}},{"type":"Feature","properties":{"tier":"arterial"},"geometry":{"type":"LineString","coordinates":[[138.507754,-34.84788],[138.507813,-34.84797],[138.507986,-34.848247],[138.508228,-34.848633],[138.508543,-34.849135]]}},{"type":"Feature","properties":{"tier":"arterial"},"geometry":{"type":"LineString","coordinates":[[138.507623,-34.847932],[138.507358,-34.847491],[138.507134,-34.847146],[138.507011,-34.846963],[138.506948,-34.84687],[138.506658,-34.84643]]}},{"type":"Feature","properties":{"tier":"arterial"},"geometry":{"type":"LineString","coordinates":[[138.522558,-34.83855],[138.522216,-34.83842],[138.522042,-34.838353],[138.521968,-34.838322]]}},{"type":"Feature","properties":{"tier":"arterial"},"geometry":{"type":"LineString","coordinates":[[138.521412,-34.838089],[138.521521,-34.838087],[138.521729,-34.838156],[138.521889,-34.838205],[138.521911,-34.838209],[138.522066,-34.838262]]}},{"type":"Feature","properties":{"tier":"arterial"},"geometry":{"type":"LineString","coordinates":[[138.523132,-34.838718],[138.52295,-34.838692],[138.522889,-34.838672],[138.522751,-34.838618],[138.522713,-34.838605],[138.522646,-34.838581]]}},{"type":"Feature","properties":{"tier":"arterial"},"geometry":{"type":"LineString","coordinates":[[138.522794,-34.838506],[138.522861,-34.838533],[138.523019,-34.838595],[138.523132,-34.838718]]}},{"type":"Feature","properties":{"tier":"regional"},"geometry":{"type":"LineString","coordinates":[[138.514971,-34.843285],[138.514975,-34.843344]]}},{"type":"Feature","properties":{"tier":"regional"},"geometry":{"type":"LineString","coordinates":[[138.514885,-34.843401],[138.51488,-34.843323]]}},{"type":"Feature","properties":{"tier":"high"},"geometry":{"type":"LineString","coordinates":[[138.51697,-34.852058],[138.51613,-34.852197],[138.515507,-34.852293]]}},{"type":"Feature","properties":{"tier":"high"},"geometry":{"type":"LineString","coordinates":[[138.515482,-34.852201],[138.51634,-34.852074],[138.516948,-34.851961]]}},{"type":"Feature","properties":{"tier":"regional"},"geometry":{"type":"LineString","coordinates":[[138.516948,-34.851961],[138.51697,-34.852058]]}},{"type":"Feature","properties":{"tier":"high"},"geometry":{"type":"LineString","coordinates":[[138.524218,-34.851687],[138.523503,-34.851717],[138.523254,-34.851727],[138.522693,-34.851752],[138.521791,-34.851793]]}},{"type":"Feature","properties":{"tier":"high"},"geometry":{"type":"LineString","coordinates":[[138.525265,-34.851637],[138.524931,-34.851654],[138.524585,-34.851668],[138.524218,-34.851687]]}},{"type":"Feature","properties":{"tier":"high"},"geometry":{"type":"LineString","coordinates":[[138.5242,-34.851586],[138.524589,-34.851567],[138.525023,-34.851548],[138.525284,-34.851534],[138.525542,-34.851521]]}},{"type":"Feature","properties":{"tier":"high"},"geometry":{"type":"LineString","coordinates":[[138.521784,-34.851693],[138.522598,-34.851655],[138.523234,-34.851628],[138.523386,-34.851622],[138.5242,-34.851586]]}},{"type":"Feature","properties":{"tier":"high"},"geometry":{"type":"LineString","coordinates":[[138.528705,-34.851476],[138.528247,-34.851492]]}},{"type":"Feature","properties":{"tier":"high"},"geometry":{"type":"LineString","coordinates":[[138.528241,-34.851391],[138.52878,-34.851366],[138.528819,-34.851364],[138.528924,-34.85136]]}},{"type":"Feature","properties":{"tier":"high"},"geometry":{"type":"LineString","coordinates":[[138.528966,-34.851464],[138.52889,-34.851471]]}},{"type":"Feature","properties":{"tier":"high"},"geometry":{"type":"LineString","coordinates":[[138.52889,-34.851471],[138.528924,-34.85136]]}},{"type":"Feature","properties":{"tier":"high"},"geometry":{"type":"LineString","coordinates":[[138.531185,-34.85136],[138.530919,-34.851371]]}},{"type":"Feature","properties":{"tier":"high"},"geometry":{"type":"LineString","coordinates":[[138.5324,-34.851305],[138.531185,-34.85136]]}},{"type":"Feature","properties":{"tier":"high"},"geometry":{"type":"LineString","coordinates":[[138.532443,-34.851211],[138.532898,-34.851184]]}},{"type":"Feature","properties":{"tier":"high"},"geometry":{"type":"LineString","coordinates":[[138.552621,-34.850243],[138.553394,-34.850206],[138.554299,-34.850165]]}},{"type":"Feature","properties":{"tier":"high"},"geometry":{"type":"LineString","coordinates":[[138.552627,-34.850353],[138.552136,-34.850373],[138.551372,-34.850405],[138.551323,-34.850407],[138.551221,-34.850411]]}},{"type":"Feature","properties":{"tier":"high"},"geometry":{"type":"LineString","coordinates":[[138.554306,-34.850272],[138.552627,-34.850353]]}},{"type":"Feature","properties":{"tier":"high"},"geometry":{"type":"LineString","coordinates":[[138.551214,-34.850318],[138.551221,-34.850411]]}},{"type":"Feature","properties":{"tier":"high"},"geometry":{"type":"LineString","coordinates":[[138.551059,-34.850323],[138.551111,-34.850321],[138.551214,-34.850318]]}},{"type":"Feature","properties":{"tier":"high"},"geometry":{"type":"LineString","coordinates":[[138.548949,-34.850533],[138.548778,-34.850542],[138.547981,-34.850581],[138.547321,-34.850614]]}},{"type":"Feature","properties":{"tier":"high"},"geometry":{"type":"LineString","coordinates":[[138.551221,-34.850411],[138.551126,-34.850417],[138.549996,-34.850481]]}},{"type":"Feature","properties":{"tier":"arterial"},"geometry":{"type":"LineString","coordinates":[[138.546773,-34.850541],[138.546784,-34.850641]]}},{"type":"Feature","properties":{"tier":"high"},"geometry":{"type":"LineString","coordinates":[[138.546638,-34.850566],[138.546773,-34.850541]]}},{"type":"Feature","properties":{"tier":"high"},"geometry":{"type":"LineString","coordinates":[[138.546784,-34.850641],[138.546644,-34.850648]]}},{"type":"Feature","properties":{"tier":"high"},"geometry":{"type":"LineString","coordinates":[[138.545821,-34.850689],[138.545607,-34.850699],[138.545172,-34.85072],[138.544155,-34.850769]]}},{"type":"Feature","properties":{"tier":"high"},"geometry":{"type":"LineString","coordinates":[[138.538848,-34.850908],[138.540076,-34.850853]]}},{"type":"Feature","properties":{"tier":"high"},"geometry":{"type":"LineString","coordinates":[[138.536757,-34.851001],[138.53686,-34.850996]]}},{"type":"Feature","properties":{"tier":"high"},"geometry":{"type":"LineString","coordinates":[[138.536821,-34.851104],[138.536757,-34.851001]]}},{"type":"Feature","properties":{"tier":"arterial"},"geometry":{"type":"LineString","coordinates":[[138.53686,-34.850996],[138.536821,-34.851104]]}},{"type":"Feature","properties":{"tier":"high"},"geometry":{"type":"LineString","coordinates":[[138.536821,-34.851104],[138.536362,-34.851121]]}},{"type":"Feature","properties":{"tier":"high"},"geometry":{"type":"LineString","coordinates":[[138.53686,-34.850996],[138.536933,-34.850995],[138.537102,-34.850986]]}},{"type":"Feature","properties":{"tier":"high"},"geometry":{"type":"LineString","coordinates":[[138.533781,-34.851142],[138.535221,-34.851074]]}},{"type":"Feature","properties":{"tier":"high"},"geometry":{"type":"LineString","coordinates":[[138.532898,-34.851184],[138.533781,-34.851142]]}},{"type":"Feature","properties":{"tier":"high"},"geometry":{"type":"LineString","coordinates":[[138.535229,-34.851165],[138.533788,-34.851243]]}},{"type":"Feature","properties":{"tier":"high"},"geometry":{"type":"LineString","coordinates":[[138.536362,-34.851121],[138.535229,-34.851165]]}},{"type":"Feature","properties":{"tier":"arterial"},"geometry":{"type":"LineString","coordinates":[[138.546047,-34.83963],[138.546025,-34.839619],[138.546009,-34.839609],[138.545993,-34.839594],[138.545977,-34.839575],[138.545923,-34.839484]]}},{"type":"Feature","properties":{"tier":"regional"},"geometry":{"type":"LineString","coordinates":[[138.545891,-34.837389],[138.545757,-34.837394]]}},{"type":"Feature","properties":{"tier":"arterial"},"geometry":{"type":"LineString","coordinates":[[138.545891,-34.837389],[138.545922,-34.837765]]}},{"type":"Feature","properties":{"tier":"arterial"},"geometry":{"type":"LineString","coordinates":[[138.545849,-34.836737],[138.545865,-34.836988],[138.545891,-34.837389]]}},{"type":"Feature","properties":{"tier":"arterial"},"geometry":{"type":"LineString","coordinates":[[138.545732,-34.837119],[138.545702,-34.836744]]}},{"type":"Feature","properties":{"tier":"arterial"},"geometry":{"type":"LineString","coordinates":[[138.545805,-34.837789],[138.545757,-34.837394]]}},{"type":"Feature","properties":{"tier":"arterial"},"geometry":{"type":"LineString","coordinates":[[138.545702,-34.836744],[138.54559,-34.835192]]}},{"type":"Feature","properties":{"tier":"arterial"},"geometry":{"type":"LineString","coordinates":[[138.54578,-34.835713],[138.54583,-34.836471],[138.545849,-34.836737]]}},{"type":"Feature","properties":{"tier":"arterial"},"geometry":{"type":"LineString","coordinates":[[138.529195,-34.865065],[138.529257,-34.864249],[138.529297,-34.863729],[138.5293,-34.863701],[138.529304,-34.86364]]}},{"type":"Feature","properties":{"tier":"arterial"},"geometry":{"type":"LineString","coordinates":[[138.529404,-34.863941],[138.529326,-34.86488]]}},{"type":"Feature","properties":{"tier":"arterial"},"geometry":{"type":"LineString","coordinates":[[138.533395,-34.866151],[138.533278,-34.866081],[138.532471,-34.865596]]}},{"type":"Feature","properties":{"tier":"arterial"},"geometry":{"type":"LineString","coordinates":[[138.532544,-34.865506],[138.533348,-34.866004],[138.533465,-34.866076]]}},{"type":"Feature","properties":{"tier":"arterial"},"geometry":{"type":"LineString","coordinates":[[138.532471,-34.865596],[138.531538,-34.865034]]}},{"type":"Feature","properties":{"tier":"arterial"},"geometry":{"type":"LineString","coordinates":[[138.531622,-34.864939],[138.532544,-34.865506]]}},{"type":"Feature","properties":{"tier":"arterial"},"geometry":{"type":"LineString","coordinates":[[138.531,-34.8647],[138.52967,-34.863866]]}},{"type":"Feature","properties":{"tier":"arterial"},"geometry":{"type":"LineString","coordinates":[[138.529318,-34.863551],[138.529429,-34.863623]]}},{"type":"Feature","properties":{"tier":"arterial"},"geometry":{"type":"LineString","coordinates":[[138.547053,-34.856538],[138.547045,-34.856413]]}},{"type":"Feature","properties":{"tier":"arterial"},"geometry":{"type":"LineString","coordinates":[[138.547061,-34.856642],[138.547053,-34.856538]]}},{"type":"Feature","properties":{"tier":"arterial"},"geometry":{"type":"LineString","coordinates":[[138.547118,-34.857471],[138.547093,-34.857105],[138.547061,-34.856642]]}},{"type":"Feature","properties":{"tier":"arterial"},"geometry":{"type":"LineString","coordinates":[[138.547188,-34.856631],[138.547234,-34.857318],[138.547243,-34.857465]]}},{"type":"Feature","properties":{"tier":"arterial"},"geometry":{"type":"LineString","coordinates":[[138.547181,-34.856531],[138.547188,-34.856631]]}},{"type":"Feature","properties":{"tier":"arterial"},"geometry":{"type":"LineString","coordinates":[[138.547153,-34.856094],[138.547181,-34.856531]]}},{"type":"Feature","properties":{"tier":"arterial"},"geometry":{"type":"LineString","coordinates":[[138.547147,-34.857885],[138.547118,-34.857471]]}},{"type":"Feature","properties":{"tier":"arterial"},"geometry":{"type":"LineString","coordinates":[[138.547181,-34.858376],[138.547147,-34.857885]]}},{"type":"Feature","properties":{"tier":"arterial"},"geometry":{"type":"LineString","coordinates":[[138.547271,-34.857878],[138.547303,-34.85837]]}},{"type":"Feature","properties":{"tier":"arterial"},"geometry":{"type":"LineString","coordinates":[[138.547243,-34.857465],[138.547271,-34.857878]]}},{"type":"Feature","properties":{"tier":"arterial"},"geometry":{"type":"LineString","coordinates":[[138.547303,-34.85837],[138.547334,-34.858827]]}},{"type":"Feature","properties":{"tier":"arterial"},"geometry":{"type":"LineString","coordinates":[[138.547213,-34.858833],[138.547181,-34.858376]]}},{"type":"Feature","properties":{"tier":"arterial"},"geometry":{"type":"LineString","coordinates":[[138.547262,-34.859441],[138.547213,-34.858833]]}},{"type":"Feature","properties":{"tier":"arterial"},"geometry":{"type":"LineString","coordinates":[[138.547276,-34.859746],[138.547262,-34.859441]]}},{"type":"Feature","properties":{"tier":"arterial"},"geometry":{"type":"LineString","coordinates":[[138.547334,-34.858827],[138.547395,-34.859744]]}},{"type":"Feature","properties":{"tier":"arterial"},"geometry":{"type":"LineString","coordinates":[[138.547339,-34.860646],[138.547276,-34.859746]]}},{"type":"Feature","properties":{"tier":"arterial"},"geometry":{"type":"LineString","coordinates":[[138.547464,-34.862449],[138.547459,-34.86237],[138.547403,-34.861568]]}},{"type":"Feature","properties":{"tier":"arterial"},"geometry":{"type":"LineString","coordinates":[[138.547514,-34.861534],[138.547518,-34.861591],[138.547543,-34.861976],[138.547569,-34.862369],[138.547574,-34.862444]]}},{"type":"Feature","properties":{"tier":"arterial"},"geometry":{"type":"LineString","coordinates":[[138.547395,-34.859744],[138.547454,-34.860642]]}},{"type":"Feature","properties":{"tier":"regional"},"geometry":{"type":"LineString","coordinates":[[138.547464,-34.862449],[138.547574,-34.862444]]}},{"type":"Feature","properties":{"tier":"arterial"},"geometry":{"type":"LineString","coordinates":[[138.547574,-34.862444],[138.547579,-34.862516],[138.547605,-34.862898]]}},{"type":"Feature","properties":{"tier":"arterial"},"geometry":{"type":"LineString","coordinates":[[138.547496,-34.862905],[138.54747,-34.862534],[138.547464,-34.862449]]}},{"type":"Feature","properties":{"tier":"arterial"},"geometry":{"type":"LineString","coordinates":[[138.547527,-34.863355],[138.547496,-34.862905]]}},{"type":"Feature","properties":{"tier":"arterial"},"geometry":{"type":"LineString","coordinates":[[138.547584,-34.864176],[138.547527,-34.863355]]}},{"type":"Feature","properties":{"tier":"arterial"},"geometry":{"type":"LineString","coordinates":[[138.547635,-34.863352],[138.547651,-34.863595],[138.547689,-34.86417]]}},{"type":"Feature","properties":{"tier":"arterial"},"geometry":{"type":"LineString","coordinates":[[138.547605,-34.862898],[138.547635,-34.863352]]}},{"type":"Feature","properties":{"tier":"arterial"},"geometry":{"type":"LineString","coordinates":[[138.547799,-34.86574],[138.54786,-34.866674]]}},{"type":"Feature","properties":{"tier":"arterial"},"geometry":{"type":"LineString","coordinates":[[138.547731,-34.864756],[138.547799,-34.86574]]}},{"type":"Feature","properties":{"tier":"arterial"},"geometry":{"type":"LineString","coordinates":[[138.547611,-34.864713],[138.547596,-34.864328]]}},{"type":"Feature","properties":{"tier":"arterial"},"geometry":{"type":"LineString","coordinates":[[138.547692,-34.865733],[138.547634,-34.86501],[138.547611,-34.864713]]}},{"type":"Feature","properties":{"tier":"arterial"},"geometry":{"type":"LineString","coordinates":[[138.54793,-34.867676],[138.547995,-34.868596]]}},{"type":"Feature","properties":{"tier":"arterial"},"geometry":{"type":"LineString","coordinates":[[138.54786,-34.866674],[138.54793,-34.867676]]}},{"type":"Feature","properties":{"tier":"arterial"},"geometry":{"type":"LineString","coordinates":[[138.547825,-34.867638],[138.547755,-34.866679]]}},{"type":"Feature","properties":{"tier":"arterial"},"geometry":{"type":"LineString","coordinates":[[138.547889,-34.868603],[138.547825,-34.867638]]}},{"type":"Feature","properties":{"tier":"arterial"},"geometry":{"type":"LineString","coordinates":[[138.547917,-34.869112],[138.547889,-34.868603]]}},{"type":"Feature","properties":{"tier":"arterial"},"geometry":{"type":"LineString","coordinates":[[138.547933,-34.869198],[138.547917,-34.869112]]}},{"type":"Feature","properties":{"tier":"arterial"},"geometry":{"type":"LineString","coordinates":[[138.547962,-34.869592],[138.547933,-34.869198]]}},{"type":"Feature","properties":{"tier":"arterial"},"geometry":{"type":"LineString","coordinates":[[138.547985,-34.870034],[138.547974,-34.869754]]}},{"type":"Feature","properties":{"tier":"arterial"},"geometry":{"type":"LineString","coordinates":[[138.547995,-34.868596],[138.548077,-34.869589]]}},{"type":"Feature","properties":{"tier":"arterial"},"geometry":{"type":"LineString","coordinates":[[138.548024,-34.870558],[138.547985,-34.870034]]}},{"type":"Feature","properties":{"tier":"arterial"},"geometry":{"type":"LineString","coordinates":[[138.548077,-34.869589],[138.548129,-34.870551]]}},{"type":"Feature","properties":{"tier":"arterial"},"geometry":{"type":"LineString","coordinates":[[138.548087,-34.871467],[138.548024,-34.870558]]}},{"type":"Feature","properties":{"tier":"arterial"},"geometry":{"type":"LineString","coordinates":[[138.548142,-34.872296],[138.548087,-34.871467]]}},{"type":"Feature","properties":{"tier":"arterial"},"geometry":{"type":"LineString","coordinates":[[138.548191,-34.871462],[138.548201,-34.871599],[138.548248,-34.872256],[138.548251,-34.872289]]}},{"type":"Feature","properties":{"tier":"arterial"},"geometry":{"type":"LineString","coordinates":[[138.548129,-34.870551],[138.548191,-34.871462]]}},{"type":"Feature","properties":{"tier":"regional"},"geometry":{"type":"LineString","coordinates":[[138.538249,-34.869111],[138.538328,-34.869031]]}},{"type":"Feature","properties":{"tier":"arterial"},"geometry":{"type":"LineString","coordinates":[[138.538249,-34.869111],[138.538071,-34.869]]}},{"type":"Feature","properties":{"tier":"arterial"},"geometry":{"type":"LineString","coordinates":[[138.538328,-34.869031],[138.538501,-34.869139]]}},{"type":"Feature","properties":{"tier":"arterial"},"geometry":{"type":"LineString","coordinates":[[138.537811,-34.868729],[138.538328,-34.869031]]}},{"type":"Feature","properties":{"tier":"arterial"},"geometry":{"type":"LineString","coordinates":[[138.539035,-34.869587],[138.538249,-34.869111]]}},{"type":"Feature","properties":{"tier":"arterial"},"geometry":{"type":"LineString","coordinates":[[138.539581,-34.869917],[138.539035,-34.869587]]}},{"type":"Feature","properties":{"tier":"arterial"},"geometry":{"type":"LineString","coordinates":[[138.53911,-34.869501],[138.539627,-34.869817]]}},{"type":"Feature","properties":{"tier":"arterial"},"geometry":{"type":"LineString","coordinates":[[138.538953,-34.86941],[138.53911,-34.869501]]}},{"type":"Feature","properties":{"tier":"arterial"},"geometry":{"type":"LineString","coordinates":[[138.540458,-34.870459],[138.539581,-34.869917]]}},{"type":"Feature","properties":{"tier":"arterial"},"geometry":{"type":"LineString","coordinates":[[138.540783,-34.870653],[138.540458,-34.870459]]}},{"type":"Feature","properties":{"tier":"arterial"},"geometry":{"type":"LineString","coordinates":[[138.540535,-34.870372],[138.540863,-34.870567]]}},{"type":"Feature","properties":{"tier":"arterial"},"geometry":{"type":"LineString","coordinates":[[138.539627,-34.869817],[138.540535,-34.870372]]}},{"type":"Feature","properties":{"tier":"arterial"},"geometry":{"type":"LineString","coordinates":[[138.541256,-34.87081],[138.5423,-34.871442],[138.54262,-34.87163]]}},{"type":"Feature","properties":{"tier":"arterial"},"geometry":{"type":"LineString","coordinates":[[138.540863,-34.870567],[138.540929,-34.870611],[138.54093,-34.870612],[138.541015,-34.870663],[138.541256,-34.87081]]}},{"type":"Feature","properties":{"tier":"arterial"},"geometry":{"type":"LineString","coordinates":[[138.542231,-34.871533],[138.541002,-34.870785],[138.540939,-34.870747],[138.540783,-34.870653]]}},{"type":"Feature","properties":{"tier":"arterial"},"geometry":{"type":"LineString","coordinates":[[138.543259,-34.872144],[138.542231,-34.871533]]}},{"type":"Feature","properties":{"tier":"arterial"},"geometry":{"type":"LineString","coordinates":[[138.54357,-34.872216],[138.543493,-34.872289]]}},{"type":"Feature","properties":{"tier":"arterial"},"geometry":{"type":"LineString","coordinates":[[138.54341,-34.872236],[138.543486,-34.872158]]}},{"type":"Feature","properties":{"tier":"arterial"},"geometry":{"type":"LineString","coordinates":[[138.54341,-34.872236],[138.543384,-34.87222],[138.543259,-34.872144]]}},{"type":"Feature","properties":{"tier":"arterial"},"geometry":{"type":"LineString","coordinates":[[138.544176,-34.87271],[138.543565,-34.872334],[138.543538,-34.872317],[138.543493,-34.872289]]}},{"type":"Feature","properties":{"tier":"arterial"},"geometry":{"type":"LineString","coordinates":[[138.544686,-34.873022],[138.544176,-34.87271]]}},{"type":"Feature","properties":{"tier":"arterial"},"geometry":{"type":"LineString","coordinates":[[138.545232,-34.873349],[138.544686,-34.873022]]}},{"type":"Feature","properties":{"tier":"arterial"},"geometry":{"type":"LineString","coordinates":[[138.545305,-34.87327],[138.546614,-34.874059]]}},{"type":"Feature","properties":{"tier":"arterial"},"geometry":{"type":"LineString","coordinates":[[138.546695,-34.87411],[138.547359,-34.874523]]}},{"type":"Feature","properties":{"tier":"arterial"},"geometry":{"type":"LineString","coordinates":[[138.546614,-34.874059],[138.546695,-34.87411]]}},{"type":"Feature","properties":{"tier":"arterial"},"geometry":{"type":"LineString","coordinates":[[138.547415,-34.874672],[138.546545,-34.874137]]}},{"type":"Feature","properties":{"tier":"arterial"},"geometry":{"type":"LineString","coordinates":[[138.547972,-34.87502],[138.547415,-34.874672]]}},{"type":"Feature","properties":{"tier":"arterial"},"geometry":{"type":"LineString","coordinates":[[138.548023,-34.874944],[138.548151,-34.87502]]}},{"type":"Feature","properties":{"tier":"arterial"},"geometry":{"type":"LineString","coordinates":[[138.502141,-34.852559],[138.501558,-34.852539]]}},{"type":"Feature","properties":{"tier":"arterial"},"geometry":{"type":"LineString","coordinates":[[138.502141,-34.852559],[138.502119,-34.852416]]}},{"type":"Feature","properties":{"tier":"high"},"geometry":{"type":"LineString","coordinates":[[138.502285,-34.852557],[138.502141,-34.852559]]}},{"type":"Feature","properties":{"tier":"arterial"},"geometry":{"type":"LineString","coordinates":[[138.502266,-34.852425],[138.502285,-34.852557]]}},{"type":"Feature","properties":{"tier":"high"},"geometry":{"type":"LineString","coordinates":[[138.502119,-34.852416],[138.502266,-34.852425]]}},{"type":"Feature","properties":{"tier":"arterial"},"geometry":{"type":"LineString","coordinates":[[138.501696,-34.852404],[138.502008,-34.852411],[138.502119,-34.852416]]}},{"type":"Feature","properties":{"tier":"arterial"},"geometry":{"type":"LineString","coordinates":[[138.502572,-34.844826],[138.502647,-34.844909]]}},{"type":"Feature","properties":{"tier":"arterial"},"geometry":{"type":"LineString","coordinates":[[138.502572,-34.844826],[138.502707,-34.8448]]}},{"type":"Feature","properties":{"tier":"arterial"},"geometry":{"type":"LineString","coordinates":[[138.502231,-34.844992],[138.502121,-34.845014],[138.501683,-34.845099]]}},{"type":"Feature","properties":{"tier":"arterial"},"geometry":{"type":"LineString","coordinates":[[138.502647,-34.844909],[138.502376,-34.844964],[138.502231,-34.844992]]}},{"type":"Feature","properties":{"tier":"arterial"},"geometry":{"type":"LineString","coordinates":[[138.502221,-34.844888],[138.502486,-34.84484]]}},{"type":"Feature","properties":{"tier":"arterial"},"geometry":{"type":"LineString","coordinates":[[138.501732,-34.844983],[138.502028,-34.844926],[138.502092,-34.844913],[138.502221,-34.844888]]}},{"type":"Feature","properties":{"tier":"arterial"},"geometry":{"type":"LineString","coordinates":[[138.508321,-34.843725],[138.508448,-34.843697],[138.508549,-34.84368]]}},{"type":"Feature","properties":{"tier":"arterial"},"geometry":{"type":"LineString","coordinates":[[138.506732,-34.844058],[138.507556,-34.843883],[138.507677,-34.843852],[138.507899,-34.843804],[138.508002,-34.843787],[138.508321,-34.843725]]}},{"type":"Feature","properties":{"tier":"arterial"},"geometry":{"type":"LineString","coordinates":[[138.508346,-34.843792],[138.508021,-34.843864],[138.507924,-34.843884],[138.507699,-34.843926],[138.507576,-34.843948],[138.507289,-34.844004],[138.506797,-34.844113]]}},{"type":"Feature","properties":{"tier":"arterial"},"geometry":{"type":"LineString","coordinates":[[138.509441,-34.843608],[138.508997,-34.843671],[138.508472,-34.843769],[138.508346,-34.843792]]}},{"type":"Feature","properties":{"tier":"arterial"},"geometry":{"type":"LineString","coordinates":[[138.509421,-34.843537],[138.510407,-34.843369]]}},{"type":"Feature","properties":{"tier":"arterial"},"geometry":{"type":"LineString","coordinates":[[138.508549,-34.84368],[138.508979,-34.843611],[138.509421,-34.843537]]}},{"type":"Feature","properties":{"tier":"arterial"},"geometry":{"type":"LineString","coordinates":[[138.510415,-34.84344],[138.509441,-34.843608]]}},{"type":"Feature","properties":{"tier":"arterial"},"geometry":{"type":"LineString","coordinates":[[138.512524,-34.843302],[138.514208,-34.843259],[138.514522,-34.843251]]}},{"type":"Feature","properties":{"tier":"arterial"},"geometry":{"type":"LineString","coordinates":[[138.514522,-34.843251],[138.51475,-34.843248],[138.514804,-34.84325],[138.514874,-34.843247]]}},{"type":"Feature","properties":{"tier":"arterial"},"geometry":{"type":"LineString","coordinates":[[138.514563,-34.843318],[138.512528,-34.843379]]}},{"type":"Feature","properties":{"tier":"arterial"},"geometry":{"type":"LineString","coordinates":[[138.51488,-34.843323],[138.514809,-34.843327],[138.514656,-34.843321],[138.514563,-34.843318]]}},{"type":"Feature","properties":{"tier":"high"},"geometry":{"type":"LineString","coordinates":[[138.511188,-34.852188],[138.511576,-34.852206]]}},{"type":"Feature","properties":{"tier":"high"},"geometry":{"type":"LineString","coordinates":[[138.512274,-34.852352],[138.511798,-34.852312],[138.511464,-34.852289],[138.511193,-34.852281]]}},{"type":"Feature","properties":{"tier":"high"},"geometry":{"type":"LineString","coordinates":[[138.513681,-34.852404],[138.513261,-34.852408],[138.512733,-34.852389],[138.512274,-34.852352]]}},{"type":"Feature","properties":{"tier":"high"},"geometry":{"type":"LineString","coordinates":[[138.509824,-34.852332],[138.509624,-34.852343],[138.509583,-34.852345],[138.509508,-34.85235]]}},{"type":"Feature","properties":{"tier":"high"},"geometry":{"type":"LineString","coordinates":[[138.509499,-34.852244],[138.509569,-34.852241],[138.509855,-34.852226]]}},{"type":"Feature","properties":{"tier":"high"},"geometry":{"type":"LineString","coordinates":[[138.509205,-34.852259],[138.509499,-34.852244]]}},{"type":"Feature","properties":{"tier":"high"},"geometry":{"type":"LineString","coordinates":[[138.509508,-34.85235],[138.509212,-34.852366]]}},{"type":"Feature","properties":{"tier":"high"},"geometry":{"type":"LineString","coordinates":[[138.507137,-34.852444],[138.506648,-34.852467]]}},{"type":"Feature","properties":{"tier":"high"},"geometry":{"type":"LineString","coordinates":[[138.507133,-34.852344],[138.507622,-34.852321]]}},{"type":"Feature","properties":{"tier":"high"},"geometry":{"type":"LineString","coordinates":[[138.507624,-34.852431],[138.507137,-34.852444]]}},{"type":"Feature","properties":{"tier":"high"},"geometry":{"type":"LineString","coordinates":[[138.507622,-34.852321],[138.508757,-34.852284]]}},{"type":"Feature","properties":{"tier":"high"},"geometry":{"type":"LineString","coordinates":[[138.506644,-34.85236],[138.507133,-34.852344]]}},{"type":"Feature","properties":{"tier":"arterial"},"geometry":{"type":"LineString","coordinates":[[138.507459,-34.86196],[138.507458,-34.862037],[138.507443,-34.862055]]}},{"type":"Feature","properties":{"tier":"arterial"},"geometry":{"type":"LineString","coordinates":[[138.512402,-34.874606],[138.512393,-34.87446],[138.512377,-34.874202],[138.512369,-34.874059],[138.512357,-34.873841],[138.512309,-34.873101],[138.512267,-34.87244],[138.512241,-34.872059]]}},{"type":"Feature","properties":{"tier":"arterial"},"geometry":{"type":"LineString","coordinates":[[138.512433,-34.87502],[138.512422,-34.874868],[138.51241,-34.874707],[138.512402,-34.874606]]}},{"type":"Feature","properties":{"tier":"arterial"},"geometry":{"type":"LineString","coordinates":[[138.512504,-34.874602],[138.512539,-34.87502]]}},{"type":"Feature","properties":{"tier":"arterial"},"geometry":{"type":"LineString","coordinates":[[138.512336,-34.872057],[138.512361,-34.872434],[138.512406,-34.873077],[138.512443,-34.873625],[138.512458,-34.873832],[138.512483,-34.874197],[138.512504,-34.874602]]}},{"type":"Feature","properties":{"tier":"high"},"geometry":{"type":"LineString","coordinates":[[138.556162,-34.850189],[138.555374,-34.850221]]}},{"type":"Feature","properties":{"tier":"high"},"geometry":{"type":"LineString","coordinates":[[138.555365,-34.850112],[138.556156,-34.850074]]}},{"type":"Feature","properties":{"tier":"high"},"geometry":{"type":"LineString","coordinates":[[138.56252,-34.834304],[138.562451,-34.833951],[138.562358,-34.833181]]}},{"type":"Feature","properties":{"tier":"high"},"geometry":{"type":"LineString","coordinates":[[138.562465,-34.823689],[138.56252,-34.824161]]}},{"type":"Feature","properties":{"tier":"high"},"geometry":{"type":"LineString","coordinates":[[138.562344,-34.832329],[138.562346,-34.831718],[138.562391,-34.831064]]}},{"type":"Feature","properties":{"tier":"arterial"},"geometry":{"type":"LineString","coordinates":[[138.513489,-34.866212],[138.513592,-34.866121],[138.513626,-34.866091]]}},{"type":"Feature","properties":{"tier":"arterial"},"geometry":{"type":"LineString","coordinates":[[138.51339,-34.866312],[138.513489,-34.866212]]}},{"type":"Feature","properties":{"tier":"arterial"},"geometry":{"type":"LineString","coordinates":[[138.513289,-34.866435],[138.51339,-34.866312]]}},{"type":"Feature","properties":{"tier":"high"},"geometry":{"type":"LineString","coordinates":[[138.561028,-34.831688],[138.561164,-34.831515],[138.561322,-34.831273],[138.561484,-34.830975],[138.561678,-34.830559],[138.561908,-34.830042],[138.562158,-34.829483],[138.562376,-34.82893],[138.562508,-34.828485],[138.56252,-34.828405]]}},{"type":"Feature","properties":{"tier":"high"},"geometry":{"type":"LineString","coordinates":[[138.562358,-34.833181],[138.562344,-34.832329]]}},{"type":"Feature","properties":{"tier":"arterial"},"geometry":{"type":"LineString","coordinates":[[138.546,-34.841353],[138.545992,-34.841277],[138.545986,-34.841189]]}},{"type":"Feature","properties":{"tier":"arterial"},"geometry":{"type":"LineString","coordinates":[[138.546212,-34.842883],[138.546142,-34.842649],[138.5461,-34.842394],[138.546029,-34.841659]]}},{"type":"Feature","properties":{"tier":"regional"},"geometry":{"type":"LineString","coordinates":[[138.546153,-34.84135],[138.546,-34.841353]]}},{"type":"Feature","properties":{"tier":"arterial"},"geometry":{"type":"LineString","coordinates":[[138.54613,-34.841116],[138.54614,-34.841226],[138.546146,-34.841266],[138.546153,-34.84135]]}},{"type":"Feature","properties":{"tier":"arterial"},"geometry":{"type":"LineString","coordinates":[[138.545961,-34.838195],[138.545969,-34.838328],[138.546006,-34.838898]]}},{"type":"Feature","properties":{"tier":"high"},"geometry":{"type":"LineString","coordinates":[[138.504378,-34.838056],[138.50418,-34.838098],[138.504001,-34.838137]]}},{"type":"Feature","properties":{"tier":"arterial"},"geometry":{"type":"LineString","coordinates":[[138.502225,-34.838895],[138.502508,-34.838412]]}},{"type":"Feature","properties":{"tier":"high"},"geometry":{"type":"LineString","coordinates":[[138.514378,-34.84108],[138.514461,-34.841063],[138.514583,-34.841023],[138.514621,-34.841012],[138.514715,-34.840987]]}},{"type":"Feature","properties":{"tier":"arterial"},"geometry":{"type":"LineString","coordinates":[[138.514853,-34.842934],[138.514811,-34.842478],[138.51479,-34.84226],[138.514756,-34.841897]]}},{"type":"Feature","properties":{"tier":"high"},"geometry":{"type":"LineString","coordinates":[[138.545622,-34.833427],[138.545872,-34.833416]]}},{"type":"Feature","properties":{"tier":"high"},"geometry":{"type":"LineString","coordinates":[[138.545653,-34.833872],[138.545482,-34.833882]]}},{"type":"Feature","properties":{"tier":"arterial"},"geometry":{"type":"LineString","coordinates":[[138.545653,-34.833872],[138.54567,-34.834123]]}},{"type":"Feature","properties":{"tier":"high"},"geometry":{"type":"LineString","coordinates":[[138.545457,-34.833437],[138.545622,-34.833427]]}},{"type":"Feature","properties":{"tier":"arterial"},"geometry":{"type":"LineString","coordinates":[[138.502146,-34.843722],[138.502172,-34.843802],[138.502242,-34.843984]]}},{"type":"Feature","properties":{"tier":"arterial"},"geometry":{"type":"LineString","coordinates":[[138.509416,-34.851236],[138.50943,-34.851404]]}},{"type":"Feature","properties":{"tier":"arterial"},"geometry":{"type":"LineString","coordinates":[[138.546662,-34.849926],[138.546745,-34.850261]]}},{"type":"Feature","properties":{"tier":"high"},"geometry":{"type":"LineString","coordinates":[[138.535221,-34.851074],[138.536502,-34.851014]]}},{"type":"Feature","properties":{"tier":"high"},"geometry":{"type":"LineString","coordinates":[[138.53682,-34.850682],[138.536984,-34.85088],[138.53707,-34.850959],[138.537102,-34.850986]]}},{"type":"Feature","properties":{"tier":"high"},"geometry":{"type":"LineString","coordinates":[[138.529479,-34.851433],[138.529064,-34.851458],[138.529055,-34.851459],[138.528966,-34.851464]]}},{"type":"Feature","properties":{"tier":"arterial"},"geometry":{"type":"LineString","coordinates":[[138.528904,-34.851729],[138.528891,-34.851517],[138.52889,-34.851488],[138.52889,-34.851471]]}},{"type":"Feature","properties":{"tier":"high"},"geometry":{"type":"LineString","coordinates":[[138.514686,-34.862373],[138.514897,-34.862712],[138.515098,-34.863014]]}},{"type":"Feature","properties":{"tier":"high"},"geometry":{"type":"LineString","coordinates":[[138.516558,-34.866508],[138.516459,-34.866336],[138.516165,-34.865821],[138.515835,-34.865243],[138.515599,-34.864844],[138.515186,-34.864123]]}},{"type":"Feature","properties":{"tier":"arterial"},"geometry":{"type":"LineString","coordinates":[[138.517502,-34.868706],[138.517772,-34.86889]]}},{"type":"Feature","properties":{"tier":"arterial"},"geometry":{"type":"LineString","coordinates":[[138.511813,-34.865441],[138.511894,-34.86523],[138.51197,-34.865001]]}},{"type":"Feature","properties":{"tier":"arterial"},"geometry":{"type":"LineString","coordinates":[[138.512371,-34.865823],[138.512041,-34.865597],[138.512,-34.865571],[138.511937,-34.865527]]}},{"type":"Feature","properties":{"tier":"high"},"geometry":{"type":"LineString","coordinates":[[138.50924,-34.852782],[138.509217,-34.852457],[138.509216,-34.852435],[138.509212,-34.852366]]}},{"type":"Feature","properties":{"tier":"arterial"},"geometry":{"type":"LineString","coordinates":[[138.501757,-34.839734],[138.502006,-34.839287],[138.502027,-34.83925],[138.502076,-34.839162]]}},{"type":"Feature","properties":{"tier":"high"},"geometry":{"type":"LineString","coordinates":[[138.501328,-34.816443],[138.501316,-34.817813]]}},{"type":"Feature","properties":{"tier":"high"},"geometry":{"type":"LineString","coordinates":[[138.501341,-34.812846],[138.50134,-34.812986],[138.50134,-34.813379],[138.50134,-34.813589],[138.50134,-34.813907],[138.50134,-34.814308],[138.501339,-34.814749],[138.501339,-34.815159],[138.501328,-34.815851]]}},{"type":"Feature","properties":{"tier":"regional"},"geometry":{"type":"LineString","coordinates":[[138.546453,-34.841344],[138.546275,-34.841348],[138.54623,-34.841349],[138.546153,-34.84135]]}},{"type":"Feature","properties":{"tier":"regional"},"geometry":{"type":"LineString","coordinates":[[138.547591,-34.864253],[138.547696,-34.864248]]}},{"type":"Feature","properties":{"tier":"arterial"},"geometry":{"type":"LineString","coordinates":[[138.547591,-34.864253],[138.547584,-34.864176]]}},{"type":"Feature","properties":{"tier":"arterial"},"geometry":{"type":"LineString","coordinates":[[138.502757,-34.859268],[138.502646,-34.859097],[138.50259,-34.858979],[138.502526,-34.858762],[138.502477,-34.858538],[138.502454,-34.85828],[138.502434,-34.857941],[138.502324,-34.856123]]}},{"type":"Feature","properties":{"tier":"arterial"},"geometry":{"type":"LineString","coordinates":[[138.503078,-34.859592],[138.502987,-34.859516]]}},{"type":"Feature","properties":{"tier":"arterial"},"geometry":{"type":"LineString","coordinates":[[138.503265,-34.859182],[138.503236,-34.859247],[138.503078,-34.859592]]}},{"type":"Feature","properties":{"tier":"arterial"},"geometry":{"type":"LineString","coordinates":[[138.503265,-34.859182],[138.503323,-34.85922],[138.504488,-34.859979]]}},{"type":"Feature","properties":{"tier":"arterial"},"geometry":{"type":"LineString","coordinates":[[138.502394,-34.854776],[138.502436,-34.855483],[138.502473,-34.856117],[138.502594,-34.858116],[138.502622,-34.858269],[138.502666,-34.858417],[138.502792,-34.858668]]}},{"type":"Feature","properties":{"tier":"arterial"},"geometry":{"type":"LineString","coordinates":[[138.546029,-34.841659],[138.54601,-34.841473],[138.546006,-34.841443],[138.546,-34.841353]]}},{"type":"Feature","properties":{"tier":"arterial"},"geometry":{"type":"LineString","coordinates":[[138.51208,-34.865071],[138.512127,-34.865102],[138.512621,-34.865412]]}},{"type":"Feature","properties":{"tier":"arterial"},"geometry":{"type":"LineString","coordinates":[[138.529429,-34.863717],[138.529304,-34.86364]]}},{"type":"Feature","properties":{"tier":"regional"},"geometry":{"type":"LineString","coordinates":[[138.562313,-34.840649],[138.561823,-34.840671],[138.559407,-34.840723]]}},{"type":"Feature","properties":{"tier":"high"},"geometry":{"type":"LineString","coordinates":[[138.5197,-34.870722],[138.519468,-34.870556],[138.519372,-34.870487],[138.519009,-34.870222]]}},{"type":"Feature","properties":{"tier":"regional"},"geometry":{"type":"LineString","coordinates":[[138.56252,-34.845203],[138.559814,-34.845326]]}},{"type":"Feature","properties":{"tier":"regional"},"geometry":{"type":"LineString","coordinates":[[138.540044,-34.841635],[138.539553,-34.841659],[138.539254,-34.841667]]}},{"type":"Feature","properties":{"tier":"regional"},"geometry":{"type":"LineString","coordinates":[[138.514899,-34.843653],[138.514885,-34.843401]]}},{"type":"Feature","properties":{"tier":"arterial"},"geometry":{"type":"LineString","coordinates":[[138.535251,-34.867294],[138.535168,-34.867243]]}},{"type":"Feature","properties":{"tier":"arterial"},"geometry":{"type":"LineString","coordinates":[[138.543281,-34.872381],[138.543365,-34.872286],[138.543384,-34.872265],[138.54341,-34.872236]]}},{"type":"Feature","properties":{"tier":"arterial"},"geometry":{"type":"LineString","coordinates":[[138.502987,-34.859516],[138.503162,-34.859192],[138.503194,-34.859133]]}},{"type":"Feature","properties":{"tier":"arterial"},"geometry":{"type":"LineString","coordinates":[[138.503374,-34.859836],[138.503139,-34.859654],[138.503117,-34.859632],[138.503078,-34.859592]]}},{"type":"Feature","properties":{"tier":"regional"},"geometry":{"type":"LineString","coordinates":[[138.542947,-34.841474],[138.54248,-34.841497],[138.541189,-34.84156],[138.540553,-34.841611],[138.540044,-34.841635]]}},{"type":"Feature","properties":{"tier":"regional"},"geometry":{"type":"LineString","coordinates":[[138.546,-34.841353],[138.545935,-34.841355],[138.545858,-34.841357],[138.545622,-34.841361]]}},{"type":"Feature","properties":{"tier":"high"},"geometry":{"type":"LineString","coordinates":[[138.502591,-34.852566],[138.502454,-34.852559],[138.502382,-34.852558],[138.502285,-34.852557]]}},{"type":"Feature","properties":{"tier":"regional"},"geometry":{"type":"LineString","coordinates":[[138.49998,-34.825239],[138.500139,-34.825221]]}},{"type":"Feature","properties":{"tier":"high"},"geometry":{"type":"LineString","coordinates":[[138.500257,-34.826754],[138.500096,-34.826025]]}},{"type":"Feature","properties":{"tier":"high"},"geometry":{"type":"LineString","coordinates":[[138.500701,-34.828794],[138.500373,-34.827214],[138.500257,-34.826754]]}},{"type":"Feature","properties":{"tier":"high"},"geometry":{"type":"LineString","coordinates":[[138.521429,-34.851708],[138.521538,-34.851704],[138.521784,-34.851693]]}},{"type":"Feature","properties":{"tier":"regional"},"geometry":{"type":"LineString","coordinates":[[138.521429,-34.851708],[138.521437,-34.851806]]}},{"type":"Feature","properties":{"tier":"high"},"geometry":{"type":"LineString","coordinates":[[138.521791,-34.851793],[138.52157,-34.851801],[138.521552,-34.851802],[138.521437,-34.851806]]}},{"type":"Feature","properties":{"tier":"arterial"},"geometry":{"type":"LineString","coordinates":[[138.546083,-34.840347],[138.546086,-34.840387],[138.546108,-34.840669],[138.54613,-34.841116]]}},{"type":"Feature","properties":{"tier":"regional"},"geometry":{"type":"LineString","coordinates":[[138.55062,-34.84114],[138.548578,-34.841236],[138.548488,-34.84124]]}},{"type":"Feature","properties":{"tier":"arterial"},"geometry":{"type":"LineString","coordinates":[[138.54554,-34.834467],[138.545491,-34.833991],[138.54549,-34.833977],[138.545482,-34.833882]]}},{"type":"Feature","properties":{"tier":"arterial"},"geometry":{"type":"LineString","coordinates":[[138.5484,-34.87437],[138.548347,-34.874411],[138.54837,-34.874987],[138.54837,-34.875007],[138.54837,-34.87502]]}},{"type":"Feature","properties":{"tier":"arterial"},"geometry":{"type":"LineString","coordinates":[[138.503194,-34.859133],[138.503265,-34.859182]]}},{"type":"Feature","properties":{"tier":"arterial"},"geometry":{"type":"LineString","coordinates":[[138.502737,-34.859946],[138.502932,-34.859606],[138.502944,-34.859586],[138.502987,-34.859516]]}},{"type":"Feature","properties":{"tier":"arterial"},"geometry":{"type":"LineString","coordinates":[[138.502923,-34.858874],[138.503133,-34.859079],[138.503154,-34.859097],[138.503194,-34.859133]]}},{"type":"Feature","properties":{"tier":"arterial"},"geometry":{"type":"LineString","coordinates":[[138.502218,-34.85377],[138.502151,-34.852666],[138.50215,-34.852639],[138.502141,-34.852559]]}},{"type":"Feature","properties":{"tier":"arterial"},"geometry":{"type":"LineString","coordinates":[[138.533465,-34.866076],[138.535248,-34.867162],[138.535324,-34.867207]]}},{"type":"Feature","properties":{"tier":"arterial"},"geometry":{"type":"LineString","coordinates":[[138.49998,-34.839333],[138.500432,-34.839271]]}},{"type":"Feature","properties":{"tier":"high"},"geometry":{"type":"LineString","coordinates":[[138.514859,-34.863616],[138.514791,-34.863501],[138.514771,-34.863461],[138.514747,-34.863423]]}},{"type":"Feature","properties":{"tier":"arterial"},"geometry":{"type":"LineString","coordinates":[[138.52967,-34.863866],[138.529544,-34.863791],[138.52952,-34.863776],[138.529429,-34.863717]]}},{"type":"Feature","properties":{"tier":"high"},"geometry":{"type":"LineString","coordinates":[[138.500834,-34.820463],[138.500905,-34.82032],[138.50103,-34.81999],[138.501094,-34.819697],[138.501111,-34.819263],[138.50111,-34.818768],[138.50111,-34.818486],[138.501134,-34.817807],[138.501118,-34.817426],[138.501148,-34.816284],[138.501145,-34.81585]]}},{"type":"Feature","properties":{"tier":"high"},"geometry":{"type":"LineString","coordinates":[[138.507097,-34.83829],[138.508555,-34.838667]]}},{"type":"Feature","properties":{"tier":"high"},"geometry":{"type":"LineString","coordinates":[[138.507065,-34.838349],[138.506631,-34.838236]]}},{"type":"Feature","properties":{"tier":"high"},"geometry":{"type":"LineString","coordinates":[[138.506655,-34.838176],[138.507097,-34.83829]]}},{"type":"Feature","properties":{"tier":"high"},"geometry":{"type":"LineString","coordinates":[[138.506631,-34.838236],[138.505691,-34.838001],[138.505523,-34.837978],[138.505359,-34.837966]]}},{"type":"Feature","properties":{"tier":"arterial"},"geometry":{"type":"LineString","coordinates":[[138.51197,-34.865001],[138.51208,-34.865071]]}},{"type":"Feature","properties":{"tier":"arterial"},"geometry":{"type":"LineString","coordinates":[[138.500454,-34.839376],[138.49998,-34.83944]]}},{"type":"Feature","properties":{"tier":"high"},"geometry":{"type":"LineString","coordinates":[[138.500746,-34.829018],[138.500723,-34.82889],[138.500701,-34.828794]]}},{"type":"Feature","properties":{"tier":"high"},"geometry":{"type":"LineString","coordinates":[[138.500942,-34.82899],[138.500966,-34.829097],[138.500975,-34.829133]]}},{"type":"Feature","properties":{"tier":"high"},"geometry":{"type":"LineString","coordinates":[[138.500139,-34.825221],[138.500181,-34.825442],[138.500242,-34.825716],[138.500465,-34.826727],[138.500607,-34.827402],[138.500832,-34.8285]]}},{"type":"Feature","properties":{"tier":"high"},"geometry":{"type":"LineString","coordinates":[[138.546335,-34.833833],[138.545717,-34.833869],[138.545653,-34.833872]]}},{"type":"Feature","properties":{"tier":"arterial"},"geometry":{"type":"LineString","coordinates":[[138.548147,-34.872387],[138.548142,-34.872296]]}},{"type":"Feature","properties":{"tier":"arterial"},"geometry":{"type":"LineString","coordinates":[[138.548253,-34.872367],[138.548264,-34.872485]]}},{"type":"Feature","properties":{"tier":"arterial"},"geometry":{"type":"LineString","coordinates":[[138.514754,-34.835987],[138.514776,-34.835995],[138.514866,-34.836023]]}},{"type":"Feature","properties":{"tier":"regional"},"geometry":{"type":"LineString","coordinates":[[138.5147,-34.836399],[138.514727,-34.836248],[138.514742,-34.836082]]}},{"type":"Feature","properties":{"tier":"arterial"},"geometry":{"type":"LineString","coordinates":[[138.502987,-34.859516],[138.502935,-34.85946],[138.502757,-34.859268]]}},{"type":"Feature","properties":{"tier":"arterial"},"geometry":{"type":"LineString","coordinates":[[138.514863,-34.843084],[138.514853,-34.842934]]}},{"type":"Feature","properties":{"tier":"high"},"geometry":{"type":"LineString","coordinates":[[138.558133,-34.833148],[138.55611,-34.833248]]}},{"type":"Feature","properties":{"tier":"high"},"geometry":{"type":"LineString","coordinates":[[138.545121,-34.833453],[138.545364,-34.833441],[138.545457,-34.833437]]}},{"type":"Feature","properties":{"tier":"arterial"},"geometry":{"type":"LineString","coordinates":[[138.50215,-34.844052],[138.502077,-34.843734]]}},{"type":"Feature","properties":{"tier":"arterial"},"geometry":{"type":"LineString","coordinates":[[138.512231,-34.864816],[138.512173,-34.864898],[138.512134,-34.864972],[138.512114,-34.86501],[138.51208,-34.865071]]}},{"type":"Feature","properties":{"tier":"arterial"},"geometry":{"type":"LineString","coordinates":[[138.536757,-34.851001],[138.536717,-34.850946],[138.536607,-34.85078]]}},{"type":"Feature","properties":{"tier":"arterial"},"geometry":{"type":"LineString","coordinates":[[138.514864,-34.841262],[138.514883,-34.842057],[138.514947,-34.842846]]}},{"type":"Feature","properties":{"tier":"high"},"geometry":{"type":"LineString","coordinates":[[138.51472,-34.841083],[138.514643,-34.841109],[138.514454,-34.841169]]}},{"type":"Feature","properties":{"tier":"regional"},"geometry":{"type":"LineString","coordinates":[[138.514707,-34.840798],[138.514709,-34.840608],[138.51471,-34.840527]]}},{"type":"Feature","properties":{"tier":"arterial"},"geometry":{"type":"LineString","coordinates":[[138.529837,-34.863881],[138.530029,-34.863995],[138.531046,-34.864596],[138.531254,-34.86472],[138.531622,-34.864939]]}},{"type":"Feature","properties":{"tier":"arterial"},"geometry":{"type":"LineString","coordinates":[[138.529429,-34.863717],[138.529424,-34.863777],[138.529404,-34.863941]]}},{"type":"Feature","properties":{"tier":"arterial"},"geometry":{"type":"LineString","coordinates":[[138.535168,-34.867243],[138.535058,-34.867176],[138.533395,-34.866151]]}},{"type":"Feature","properties":{"tier":"arterial"},"geometry":{"type":"LineString","coordinates":[[138.547696,-34.864248],[138.547702,-34.864332]]}},{"type":"Feature","properties":{"tier":"arterial"},"geometry":{"type":"LineString","coordinates":[[138.502076,-34.839162],[138.501928,-34.839186],[138.501614,-34.839238]]}},{"type":"Feature","properties":{"tier":"arterial"},"geometry":{"type":"LineString","coordinates":[[138.502556,-34.838693],[138.502415,-34.838904]]}},{"type":"Feature","properties":{"tier":"regional"},"geometry":{"type":"LineString","coordinates":[[138.515219,-34.83498],[138.515024,-34.835489]]}},{"type":"Feature","properties":{"tier":"arterial"},"geometry":{"type":"LineString","coordinates":[[138.514847,-34.83612],[138.514742,-34.836082]]}},{"type":"Feature","properties":{"tier":"high"},"geometry":{"type":"LineString","coordinates":[[138.512662,-34.858917],[138.512756,-34.859088],[138.5131,-34.859668],[138.513751,-34.860728],[138.514041,-34.861215],[138.514115,-34.861338],[138.514217,-34.861515],[138.514404,-34.861858]]}},{"type":"Feature","properties":{"tier":"arterial"},"geometry":{"type":"LineString","coordinates":[[138.51445,-34.863576],[138.514261,-34.863649],[138.513434,-34.863983]]}},{"type":"Feature","properties":{"tier":"arterial"},"geometry":{"type":"LineString","coordinates":[[138.514747,-34.863423],[138.514665,-34.863477],[138.51445,-34.863576]]}},{"type":"Feature","properties":{"tier":"arterial"},"geometry":{"type":"LineString","coordinates":[[138.509111,-34.850031],[138.509253,-34.85031],[138.5093,-34.850431],[138.509355,-34.850629]]}},{"type":"Feature","properties":{"tier":"high"},"geometry":{"type":"LineString","coordinates":[[138.509855,-34.852226],[138.51007,-34.85222]]}},{"type":"Feature","properties":{"tier":"arterial"},"geometry":{"type":"LineString","coordinates":[[138.523995,-34.839068],[138.524836,-34.839377],[138.525023,-34.839446],[138.525841,-34.839753],[138.526558,-34.840025],[138.527233,-34.840274],[138.527317,-34.840306],[138.527483,-34.840367],[138.527636,-34.840425],[138.527741,-34.840465],[138.528151,-34.840623],[138.528185,-34.840636],[138.52921,-34.84106],[138.529553,-34.841267],[138.529826,-34.841486],[138.530439,-34.842168],[138.530699,-34.842565],[138.530888,-34.842865],[138.531146,-34.843297]]}},{"type":"Feature","properties":{"tier":"arterial"},"geometry":{"type":"LineString","coordinates":[[138.519919,-34.83753],[138.520789,-34.837856],[138.52118,-34.838002],[138.521412,-34.838089]]}},{"type":"Feature","properties":{"tier":"high"},"geometry":{"type":"LineString","coordinates":[[138.514404,-34.861858],[138.514465,-34.86197],[138.514686,-34.862373]]}},{"type":"Feature","properties":{"tier":"arterial"},"geometry":{"type":"LineString","coordinates":[[138.502324,-34.856123],[138.502255,-34.854779]]}},{"type":"Feature","properties":{"tier":"arterial"},"geometry":{"type":"LineString","coordinates":[[138.502296,-34.852824],[138.502367,-34.85425]]}},{"type":"Feature","properties":{"tier":"high"},"geometry":{"type":"LineString","coordinates":[[138.506648,-34.852467],[138.505863,-34.852486],[138.505601,-34.852494],[138.505202,-34.852505],[138.504897,-34.852514],[138.5045,-34.852528]]}},{"type":"Feature","properties":{"tier":"high"},"geometry":{"type":"LineString","coordinates":[[138.505863,-34.852385],[138.506644,-34.85236]]}},{"type":"Feature","properties":{"tier":"high"},"geometry":{"type":"LineString","coordinates":[[138.502266,-34.852425],[138.502349,-34.852424],[138.502429,-34.852425]]}},{"type":"Feature","properties":{"tier":"arterial"},"geometry":{"type":"LineString","coordinates":[[138.500432,-34.839271],[138.501937,-34.839066],[138.501969,-34.839062],[138.502145,-34.839038]]}},{"type":"Feature","properties":{"tier":"arterial"},"geometry":{"type":"LineString","coordinates":[[138.501614,-34.839238],[138.500454,-34.839376]]}},{"type":"Feature","properties":{"tier":"arterial"},"geometry":{"type":"LineString","coordinates":[[138.509023,-34.850751],[138.508842,-34.850099],[138.50877,-34.849896],[138.508722,-34.84978],[138.508648,-34.84962],[138.508498,-34.849294]]}},{"type":"Feature","properties":{"tier":"arterial"},"geometry":{"type":"LineString","coordinates":[[138.509205,-34.852259],[138.509202,-34.852201],[138.509193,-34.852108]]}},{"type":"Feature","properties":{"tier":"high"},"geometry":{"type":"LineString","coordinates":[[138.509508,-34.85235],[138.509513,-34.852414],[138.509537,-34.852902]]}},{"type":"Feature","properties":{"tier":"high"},"geometry":{"type":"LineString","coordinates":[[138.509212,-34.852366],[138.509133,-34.852371],[138.508954,-34.852376]]}},{"type":"Feature","properties":{"tier":"high"},"geometry":{"type":"LineString","coordinates":[[138.50954,-34.854527],[138.509495,-34.854414],[138.509398,-34.854072],[138.509382,-34.854003],[138.509331,-34.853752],[138.509281,-34.853388]]}},{"type":"Feature","properties":{"tier":"high"},"geometry":{"type":"LineString","coordinates":[[138.510629,-34.856435],[138.510058,-34.855491],[138.509737,-34.854896],[138.50954,-34.854527]]}},{"type":"Feature","properties":{"tier":"high"},"geometry":{"type":"LineString","coordinates":[[138.513738,-34.861707],[138.513628,-34.861522],[138.513267,-34.86093],[138.512646,-34.859863],[138.51218,-34.859049],[138.512009,-34.858759],[138.511648,-34.858142],[138.511019,-34.857089],[138.510629,-34.856435]]}},{"type":"Feature","properties":{"tier":"arterial"},"geometry":{"type":"LineString","coordinates":[[138.50943,-34.851404],[138.509449,-34.851651],[138.509459,-34.851768]]}},{"type":"Feature","properties":{"tier":"arterial"},"geometry":{"type":"LineString","coordinates":[[138.548303,-34.874844],[138.548289,-34.874566]]}},{"type":"Feature","properties":{"tier":"arterial"},"geometry":{"type":"LineString","coordinates":[[138.548395,-34.874299],[138.5484,-34.87437]]}},{"type":"Feature","properties":{"tier":"arterial"},"geometry":{"type":"LineString","coordinates":[[138.548331,-34.873445],[138.54835,-34.873689],[138.548367,-34.873915],[138.548374,-34.874004]]}},{"type":"Feature","properties":{"tier":"arterial"},"geometry":{"type":"LineString","coordinates":[[138.502792,-34.858668],[138.502923,-34.858874]]}},{"type":"Feature","properties":{"tier":"regional"},"geometry":{"type":"LineString","coordinates":[[138.503323,-34.858987],[138.503397,-34.858939]]}},{"type":"Feature","properties":{"tier":"arterial"},"geometry":{"type":"LineString","coordinates":[[138.502237,-34.860854],[138.502316,-34.860686],[138.502408,-34.860515],[138.502737,-34.859946]]}},{"type":"Feature","properties":{"tier":"arterial"},"geometry":{"type":"LineString","coordinates":[[138.502937,-34.859869],[138.502627,-34.860428],[138.502446,-34.860737],[138.502394,-34.860833],[138.502361,-34.8609]]}},{"type":"Feature","properties":{"tier":"arterial"},"geometry":{"type":"LineString","coordinates":[[138.503078,-34.859592],[138.503044,-34.859659],[138.502937,-34.859869]]}},{"type":"Feature","properties":{"tier":"regional"},"geometry":{"type":"LineString","coordinates":[[138.503397,-34.858939],[138.503611,-34.858683]]}},{"type":"Feature","properties":{"tier":"arterial"},"geometry":{"type":"LineString","coordinates":[[138.504817,-34.860785],[138.503909,-34.860208],[138.503622,-34.860016],[138.503374,-34.859836]]}},{"type":"Feature","properties":{"tier":"arterial"},"geometry":{"type":"LineString","coordinates":[[138.502367,-34.85425],[138.502394,-34.854776]]}},{"type":"Feature","properties":{"tier":"high"},"geometry":{"type":"LineString","coordinates":[[138.49998,-34.824537],[138.500139,-34.825221]]}},{"type":"Feature","properties":{"tier":"high"},"geometry":{"type":"LineString","coordinates":[[138.500096,-34.826025],[138.500042,-34.825757],[138.49998,-34.825455]]}},{"type":"Feature","properties":{"tier":"regional"},"geometry":{"type":"LineString","coordinates":[[138.521472,-34.852061],[138.521473,-34.852078],[138.521492,-34.85244]]}},{"type":"Feature","properties":{"tier":"high"},"geometry":{"type":"LineString","coordinates":[[138.520238,-34.851758],[138.520688,-34.851738],[138.521231,-34.851718]]}},{"type":"Feature","properties":{"tier":"high"},"geometry":{"type":"LineString","coordinates":[[138.521231,-34.851718],[138.521297,-34.851717],[138.521326,-34.851715],[138.521429,-34.851708]]}},{"type":"Feature","properties":{"tier":"arterial"},"geometry":{"type":"LineString","coordinates":[[138.528968,-34.852454],[138.528967,-34.852388],[138.528955,-34.852014],[138.528954,-34.851911]]}},{"type":"Feature","properties":{"tier":"arterial"},"geometry":{"type":"LineString","coordinates":[[138.528977,-34.852674],[138.528968,-34.852454]]}},{"type":"Feature","properties":{"tier":"high"},"geometry":{"type":"LineString","coordinates":[[138.525542,-34.851521],[138.526723,-34.851468],[138.527066,-34.851454]]}},{"type":"Feature","properties":{"tier":"arterial"},"geometry":{"type":"LineString","coordinates":[[138.545922,-34.837765],[138.545943,-34.837993],[138.545961,-34.838195]]}},{"type":"Feature","properties":{"tier":"arterial"},"geometry":{"type":"LineString","coordinates":[[138.545966,-34.840899],[138.54593,-34.840377],[138.54593,-34.840354],[138.545932,-34.840108],[138.545932,-34.840036],[138.545933,-34.839985],[138.545923,-34.839484],[138.54591,-34.839239]]}},{"type":"Feature","properties":{"tier":"arterial"},"geometry":{"type":"LineString","coordinates":[[138.545838,-34.838199],[138.545805,-34.837789]]}},{"type":"Feature","properties":{"tier":"arterial"},"geometry":{"type":"LineString","coordinates":[[138.546047,-34.83963],[138.546061,-34.83991],[138.546064,-34.839979],[138.546068,-34.84003],[138.546078,-34.840257],[138.546083,-34.840347]]}},{"type":"Feature","properties":{"tier":"regional"},"geometry":{"type":"LineString","coordinates":[[138.545757,-34.837394],[138.545031,-34.837432]]}},{"type":"Feature","properties":{"tier":"arterial"},"geometry":{"type":"LineString","coordinates":[[138.54567,-34.834123],[138.54578,-34.835713]]}},{"type":"Feature","properties":{"tier":"arterial"},"geometry":{"type":"LineString","coordinates":[[138.545757,-34.837394],[138.545732,-34.837119]]}},{"type":"Feature","properties":{"tier":"regional"},"geometry":{"type":"LineString","coordinates":[[138.548488,-34.84124],[138.548417,-34.841243],[138.547127,-34.84131],[138.546453,-34.841344]]}},{"type":"Feature","properties":{"tier":"regional"},"geometry":{"type":"LineString","coordinates":[[138.554906,-34.840938],[138.552684,-34.841045],[138.551291,-34.841112]]}},{"type":"Feature","properties":{"tier":"regional"},"geometry":{"type":"LineString","coordinates":[[138.559407,-34.840723],[138.554906,-34.840938]]}},{"type":"Feature","properties":{"tier":"high"},"geometry":{"type":"LineString","coordinates":[[138.549996,-34.850481],[138.549917,-34.850488],[138.549705,-34.850498],[138.549505,-34.850507],[138.549252,-34.850519],[138.548949,-34.850533]]}},{"type":"Feature","properties":{"tier":"high"},"geometry":{"type":"LineString","coordinates":[[138.552319,-34.85026],[138.552621,-34.850243]]}},{"type":"Feature","properties":{"tier":"regional"},"geometry":{"type":"LineString","coordinates":[[138.545622,-34.841361],[138.545547,-34.841363]]}},{"type":"Feature","properties":{"tier":"arterial"},"geometry":{"type":"LineString","coordinates":[[138.545986,-34.841189],[138.545966,-34.840899]]}},{"type":"Feature","properties":{"tier":"arterial"},"geometry":{"type":"LineString","coordinates":[[138.546153,-34.84135],[138.546155,-34.841447],[138.546155,-34.841475],[138.54616,-34.841555]]}},{"type":"Feature","properties":{"tier":"arterial"},"geometry":{"type":"LineString","coordinates":[[138.546006,-34.838898],[138.546036,-34.839285],[138.546047,-34.83963]]}},{"type":"Feature","properties":{"tier":"arterial"},"geometry":{"type":"LineString","coordinates":[[138.546893,-34.854231],[138.546858,-34.853731],[138.546829,-34.853307]]}},{"type":"Feature","properties":{"tier":"arterial"},"geometry":{"type":"LineString","coordinates":[[138.546621,-34.84917],[138.546636,-34.849458],[138.546653,-34.849793]]}},{"type":"Feature","properties":{"tier":"arterial"},"geometry":{"type":"LineString","coordinates":[[138.54659,-34.848534],[138.546604,-34.848812],[138.546621,-34.84917]]}},{"type":"Feature","properties":{"tier":"arterial"},"geometry":{"type":"LineString","coordinates":[[138.546766,-34.85241],[138.546722,-34.851778],[138.546708,-34.851565]]}},{"type":"Feature","properties":{"tier":"arterial"},"geometry":{"type":"LineString","coordinates":[[138.546829,-34.853307],[138.546815,-34.853105],[138.546766,-34.85241]]}},{"type":"Feature","properties":{"tier":"high"},"geometry":{"type":"LineString","coordinates":[[138.546455,-34.850658],[138.545821,-34.850689]]}},{"type":"Feature","properties":{"tier":"arterial"},"geometry":{"type":"LineString","coordinates":[[138.547045,-34.856413],[138.547033,-34.856243],[138.547023,-34.856098],[138.54698,-34.855483],[138.546893,-34.854231]]}},{"type":"Feature","properties":{"tier":"high"},"geometry":{"type":"LineString","coordinates":[[138.547451,-34.850509],[138.547704,-34.850497],[138.548942,-34.850426]]}},{"type":"Feature","properties":{"tier":"arterial"},"geometry":{"type":"LineString","coordinates":[[138.546801,-34.850818],[138.546851,-34.851562]]}},{"type":"Feature","properties":{"tier":"arterial"},"geometry":{"type":"LineString","coordinates":[[138.546784,-34.850641],[138.54679,-34.850708],[138.546801,-34.850818]]}},{"type":"Feature","properties":{"tier":"arterial"},"geometry":{"type":"LineString","coordinates":[[138.546624,-34.850354],[138.546662,-34.849926]]}},{"type":"Feature","properties":{"tier":"arterial"},"geometry":{"type":"LineString","coordinates":[[138.529027,-34.868031],[138.528995,-34.868355]]}},{"type":"Feature","properties":{"tier":"arterial"},"geometry":{"type":"LineString","coordinates":[[138.531538,-34.865034],[138.531175,-34.864808],[138.531,-34.8647]]}},{"type":"Feature","properties":{"tier":"arterial"},"geometry":{"type":"LineString","coordinates":[[138.52885,-34.868412],[138.528858,-34.868345]]}},{"type":"Feature","properties":{"tier":"arterial"},"geometry":{"type":"LineString","coordinates":[[138.529326,-34.86488],[138.529256,-34.865679],[138.529216,-34.86613],[138.529147,-34.866826]]}},{"type":"Feature","properties":{"tier":"arterial"},"geometry":{"type":"LineString","coordinates":[[138.529147,-34.866826],[138.529087,-34.867428],[138.529027,-34.868031]]}},{"type":"Feature","properties":{"tier":"arterial"},"geometry":{"type":"LineString","coordinates":[[138.528709,-34.870439],[138.52868,-34.870348],[138.528703,-34.870165],[138.528711,-34.870072],[138.52872,-34.869963],[138.528724,-34.869918],[138.528734,-34.869798],[138.528766,-34.869516]]}},{"type":"Feature","properties":{"tier":"high"},"geometry":{"type":"LineString","coordinates":[[138.501189,-34.814187],[138.501187,-34.813995],[138.501188,-34.813923],[138.501191,-34.813651],[138.501199,-34.813032],[138.501206,-34.81248]]}},{"type":"Feature","properties":{"tier":"arterial"},"geometry":{"type":"LineString","coordinates":[[138.547454,-34.860642],[138.547514,-34.861534]]}},{"type":"Feature","properties":{"tier":"arterial"},"geometry":{"type":"LineString","coordinates":[[138.547403,-34.861568],[138.547395,-34.861451],[138.547339,-34.860646]]}},{"type":"Feature","properties":{"tier":"regional"},"geometry":{"type":"LineString","coordinates":[[138.543105,-34.862652],[138.543144,-34.86265],[138.544156,-34.862607],[138.545275,-34.862552],[138.546378,-34.862503]]}},{"type":"Feature","properties":{"tier":"arterial"},"geometry":{"type":"LineString","coordinates":[[138.513289,-34.866435],[138.513221,-34.866392],[138.512371,-34.865823]]}},{"type":"Feature","properties":{"tier":"arterial"},"geometry":{"type":"LineString","coordinates":[[138.513367,-34.863883],[138.514197,-34.863551],[138.51456,-34.863406],[138.514605,-34.863386],[138.51468,-34.863319]]}},{"type":"Feature","properties":{"tier":"arterial"},"geometry":{"type":"LineString","coordinates":[[138.511927,-34.865946],[138.511955,-34.866394],[138.511967,-34.866586]]}},{"type":"Feature","properties":{"tier":"arterial"},"geometry":{"type":"LineString","coordinates":[[138.511918,-34.865622],[138.511916,-34.865817],[138.511927,-34.865946]]}},{"type":"Feature","properties":{"tier":"arterial"},"geometry":{"type":"LineString","coordinates":[[138.511937,-34.865527],[138.511923,-34.865599],[138.511918,-34.865622]]}},{"type":"Feature","properties":{"tier":"arterial"},"geometry":{"type":"LineString","coordinates":[[138.509595,-34.863399],[138.510352,-34.863916],[138.511518,-34.864684]]}},{"type":"Feature","properties":{"tier":"arterial"},"geometry":{"type":"LineString","coordinates":[[138.511813,-34.865441],[138.511754,-34.865405],[138.511119,-34.864982]]}},{"type":"Feature","properties":{"tier":"arterial"},"geometry":{"type":"LineString","coordinates":[[138.511518,-34.864684],[138.511887,-34.864944],[138.511913,-34.864961],[138.51197,-34.865001]]}},{"type":"Feature","properties":{"tier":"arterial"},"geometry":{"type":"LineString","coordinates":[[138.51197,-34.865001],[138.512001,-34.864934],[138.512109,-34.864741]]}},{"type":"Feature","properties":{"tier":"high"},"geometry":{"type":"LineString","coordinates":[[138.517786,-34.868587],[138.517685,-34.868412],[138.517464,-34.868024],[138.517362,-34.867846]]}},{"type":"Feature","properties":{"tier":"high"},"geometry":{"type":"LineString","coordinates":[[138.517362,-34.867846],[138.517065,-34.867353],[138.516558,-34.866508]]}},{"type":"Feature","properties":{"tier":"high"},"geometry":{"type":"LineString","coordinates":[[138.515186,-34.864123],[138.515083,-34.863963],[138.514866,-34.863627],[138.514859,-34.863616]]}},{"type":"Feature","properties":{"tier":"high"},"geometry":{"type":"LineString","coordinates":[[138.51808,-34.869101],[138.517786,-34.868587]]}},{"type":"Feature","properties":{"tier":"arterial"},"geometry":{"type":"LineString","coordinates":[[138.512621,-34.865412],[138.513555,-34.866044],[138.513626,-34.866091]]}},{"type":"Feature","properties":{"tier":"arterial"},"geometry":{"type":"LineString","coordinates":[[138.516627,-34.868103],[138.516852,-34.868258],[138.516917,-34.868302],[138.517335,-34.868589],[138.517502,-34.868706]]}},{"type":"Feature","properties":{"tier":"high"},"geometry":{"type":"LineString","coordinates":[[138.500998,-34.829243],[138.501294,-34.830621]]}},{"type":"Feature","properties":{"tier":"high"},"geometry":{"type":"LineString","coordinates":[[138.500975,-34.829133],[138.500998,-34.829243]]}},{"type":"Feature","properties":{"tier":"regional"},"geometry":{"type":"LineString","coordinates":[[138.547696,-34.864248],[138.547771,-34.864245],[138.548833,-34.864199]]}},{"type":"Feature","properties":{"tier":"arterial"},"geometry":{"type":"LineString","coordinates":[[138.546653,-34.849793],[138.546662,-34.849926]]}},{"type":"Feature","properties":{"tier":"high"},"geometry":{"type":"LineString","coordinates":[[138.520946,-34.871573],[138.520622,-34.871352],[138.520384,-34.87119],[138.520296,-34.87113],[138.5197,-34.870722]]}},{"type":"Feature","properties":{"tier":"arterial"},"geometry":{"type":"LineString","coordinates":[[138.501842,-34.839779],[138.501455,-34.840283],[138.501369,-34.840403],[138.501297,-34.840557],[138.501266,-34.840637],[138.501253,-34.840728],[138.501255,-34.840837],[138.501264,-34.841037]]}},{"type":"Feature","properties":{"tier":"arterial"},"geometry":{"type":"LineString","coordinates":[[138.50141,-34.840201],[138.501557,-34.839998],[138.501757,-34.839734]]}},{"type":"Feature","properties":{"tier":"high"},"geometry":{"type":"LineString","coordinates":[[138.502582,-34.837823],[138.502493,-34.837766],[138.502314,-34.837646]]}},{"type":"Feature","properties":{"tier":"high"},"geometry":{"type":"LineString","coordinates":[[138.502954,-34.837995],[138.502826,-34.837948]]}},{"type":"Feature","properties":{"tier":"high"},"geometry":{"type":"LineString","coordinates":[[138.557406,-34.833042],[138.559158,-34.832921],[138.561591,-34.832738],[138.562437,-34.832654]]}},{"type":"Feature","properties":{"tier":"high"},"geometry":{"type":"LineString","coordinates":[[138.562437,-34.832654],[138.56252,-34.832637]]}},{"type":"Feature","properties":{"tier":"high"},"geometry":{"type":"LineString","coordinates":[[138.562437,-34.832654],[138.56252,-34.83265]]}},{"type":"Feature","properties":{"tier":"high"},"geometry":{"type":"LineString","coordinates":[[138.522768,-34.838217],[138.524463,-34.837409],[138.52522,-34.83705]]}},{"type":"Feature","properties":{"tier":"arterial"},"geometry":{"type":"LineString","coordinates":[[138.502486,-34.84484],[138.502431,-34.844776],[138.502401,-34.844738],[138.502364,-34.844678],[138.502315,-34.844586],[138.502255,-34.844414]]}},{"type":"Feature","properties":{"tier":"arterial"},"geometry":{"type":"LineString","coordinates":[[138.502221,-34.844888],[138.502218,-34.844815],[138.502202,-34.844521],[138.502255,-34.844414]]}},{"type":"Feature","properties":{"tier":"arterial"},"geometry":{"type":"LineString","coordinates":[[138.522509,-34.838667],[138.522336,-34.838746],[138.521859,-34.83887],[138.521705,-34.838871]]}},{"type":"Feature","properties":{"tier":"high"},"geometry":{"type":"LineString","coordinates":[[138.514747,-34.863423],[138.51468,-34.863319]]}},{"type":"Feature","properties":{"tier":"arterial"},"geometry":{"type":"LineString","coordinates":[[138.528381,-34.873624],[138.528369,-34.873735],[138.52835,-34.873921],[138.528314,-34.874309],[138.528255,-34.874913]]}},{"type":"Feature","properties":{"tier":"arterial"},"geometry":{"type":"LineString","coordinates":[[138.548304,-34.873116],[138.548331,-34.873445]]}},{"type":"Feature","properties":{"tier":"high"},"geometry":{"type":"LineString","coordinates":[[138.525822,-34.874239],[138.525772,-34.874289],[138.525649,-34.874411],[138.525532,-34.874528],[138.525476,-34.874583]]}},{"type":"Feature","properties":{"tier":"arterial"},"geometry":{"type":"LineString","coordinates":[[138.517772,-34.86889],[138.517873,-34.868963]]}},{"type":"Feature","properties":{"tier":"high"},"geometry":{"type":"LineString","coordinates":[[138.511648,-34.858142],[138.511717,-34.858115],[138.512093,-34.857966]]}},{"type":"Feature","properties":{"tier":"high"},"geometry":{"type":"LineString","coordinates":[[138.511083,-34.856253],[138.510629,-34.856435]]}},{"type":"Feature","properties":{"tier":"arterial"},"geometry":{"type":"LineString","coordinates":[[138.508498,-34.849294],[138.508181,-34.848844],[138.508085,-34.848691],[138.507897,-34.848395],[138.50783,-34.848289],[138.507623,-34.847932]]}},{"type":"Feature","properties":{"tier":"arterial"},"geometry":{"type":"LineString","coordinates":[[138.508543,-34.849135],[138.508645,-34.849313]]}},{"type":"Feature","properties":{"tier":"arterial"},"geometry":{"type":"LineString","coordinates":[[138.508645,-34.849313],[138.508697,-34.849412]]}},{"type":"Feature","properties":{"tier":"arterial"},"geometry":{"type":"LineString","coordinates":[[138.507134,-34.847146],[138.507241,-34.847085]]}},{"type":"Feature","properties":{"tier":"arterial"},"geometry":{"type":"LineString","coordinates":[[138.506578,-34.846312],[138.506521,-34.846227],[138.506471,-34.84615],[138.506351,-34.845979],[138.506166,-34.845692],[138.505755,-34.845069],[138.505729,-34.845028],[138.505403,-34.844518],[138.505386,-34.844487]]}},{"type":"Feature","properties":{"tier":"arterial"},"geometry":{"type":"LineString","coordinates":[[138.506768,-34.846367],[138.507053,-34.846802],[138.507241,-34.847085],[138.507481,-34.847432],[138.507754,-34.84788]]}},{"type":"Feature","properties":{"tier":"arterial"},"geometry":{"type":"LineString","coordinates":[[138.506691,-34.846253],[138.506747,-34.846334],[138.506768,-34.846367]]}},{"type":"Feature","properties":{"tier":"regional"},"geometry":{"type":"LineString","coordinates":[[138.503611,-34.858683],[138.503709,-34.858552],[138.504074,-34.85814],[138.504164,-34.858062]]}},{"type":"Feature","properties":{"tier":"arterial"},"geometry":{"type":"LineString","coordinates":[[138.502324,-34.856123],[138.502473,-34.856117]]}},{"type":"Feature","properties":{"tier":"arterial"},"geometry":{"type":"LineString","coordinates":[[138.502394,-34.854776],[138.502255,-34.854779]]}},{"type":"Feature","properties":{"tier":"arterial"},"geometry":{"type":"LineString","coordinates":[[138.502367,-34.85425],[138.50223,-34.854261]]}},{"type":"Feature","properties":{"tier":"arterial"},"geometry":{"type":"LineString","coordinates":[[138.540749,-34.87502],[138.540927,-34.874839],[138.541173,-34.87459],[138.541241,-34.874521],[138.541289,-34.874472],[138.54143,-34.874332],[138.541691,-34.874066],[138.541814,-34.873936],[138.542704,-34.873028]]}},{"type":"Feature","properties":{"tier":"arterial"},"geometry":{"type":"LineString","coordinates":[[138.512109,-34.864741],[138.512204,-34.864606],[138.512339,-34.864461]]}},{"type":"Feature","properties":{"tier":"arterial"},"geometry":{"type":"LineString","coordinates":[[138.511937,-34.865527],[138.511813,-34.865441]]}},{"type":"Feature","properties":{"tier":"arterial"},"geometry":{"type":"LineString","coordinates":[[138.531146,-34.843297],[138.531157,-34.843314],[138.531243,-34.843434],[138.531275,-34.84348],[138.5313,-34.843514],[138.531322,-34.843543],[138.531373,-34.843608]]}},{"type":"Feature","properties":{"tier":"arterial"},"geometry":{"type":"LineString","coordinates":[[138.531614,-34.844102],[138.531558,-34.843946],[138.531552,-34.843926],[138.53155,-34.843909],[138.531553,-34.843896],[138.531558,-34.843885],[138.531567,-34.843874],[138.531579,-34.843866],[138.531589,-34.843863],[138.531596,-34.843861]]}},{"type":"Feature","properties":{"tier":"high"},"geometry":{"type":"LineString","coordinates":[[138.561979,-34.830707],[138.561969,-34.830634],[138.561972,-34.830407],[138.562012,-34.830181],[138.56207,-34.829963],[138.562174,-34.829731],[138.562359,-34.829466],[138.56252,-34.829305]]}},{"type":"Feature","properties":{"tier":"high"},"geometry":{"type":"LineString","coordinates":[[138.562358,-34.833181],[138.56222,-34.83237],[138.562216,-34.832341]]}},{"type":"Feature","properties":{"tier":"high"},"geometry":{"type":"LineString","coordinates":[[138.562216,-34.832341],[138.56215,-34.831923],[138.562093,-34.831539],[138.562012,-34.830937],[138.561979,-34.830707]]}},{"type":"Feature","properties":{"tier":"regional"},"geometry":{"type":"LineString","coordinates":[[138.518028,-34.8299],[138.51941,-34.827402],[138.521718,-34.823227],[138.522695,-34.82148]]}},{"type":"Feature","properties":{"tier":"regional"},"geometry":{"type":"LineString","coordinates":[[138.525229,-34.816502],[138.525244,-34.815025],[138.525261,-34.814258],[138.525264,-34.813382],[138.525273,-34.812705]]}},{"type":"Feature","properties":{"tier":"arterial"},"geometry":{"type":"LineString","coordinates":[[138.529429,-34.863623],[138.529552,-34.86371],[138.529773,-34.863838],[138.529837,-34.863881]]}},{"type":"Feature","properties":{"tier":"high"},"geometry":{"type":"LineString","coordinates":[[138.531182,-34.851278],[138.531185,-34.85136]]}},{"type":"Feature","properties":{"tier":"high"},"geometry":{"type":"LineString","coordinates":[[138.530916,-34.851291],[138.531182,-34.851278]]}},{"type":"Feature","properties":{"tier":"high"},"geometry":{"type":"LineString","coordinates":[[138.530919,-34.851371],[138.530916,-34.851291]]}},{"type":"Feature","properties":{"tier":"high"},"geometry":{"type":"LineString","coordinates":[[138.530919,-34.851371],[138.530249,-34.851403],[138.530055,-34.85141]]}},{"type":"Feature","properties":{"tier":"high"},"geometry":{"type":"LineString","coordinates":[[138.532371,-34.851214],[138.532443,-34.851211]]}},{"type":"Feature","properties":{"tier":"high"},"geometry":{"type":"LineString","coordinates":[[138.532902,-34.851284],[138.5324,-34.851305]]}},{"type":"Feature","properties":{"tier":"high"},"geometry":{"type":"LineString","coordinates":[[138.544155,-34.850769],[138.543402,-34.850805],[138.54308,-34.85082],[138.542843,-34.850831],[138.542188,-34.850855],[138.541781,-34.850857]]}},{"type":"Feature","properties":{"tier":"high"},"geometry":{"type":"LineString","coordinates":[[138.555126,-34.850234],[138.554791,-34.850248],[138.554306,-34.850272]]}},{"type":"Feature","properties":{"tier":"high"},"geometry":{"type":"LineString","coordinates":[[138.555117,-34.850124],[138.555365,-34.850112]]}},{"type":"Feature","properties":{"tier":"high"},"geometry":{"type":"LineString","coordinates":[[138.556768,-34.850154],[138.556162,-34.850189]]}},{"type":"Feature","properties":{"tier":"high"},"geometry":{"type":"LineString","coordinates":[[138.556752,-34.850045],[138.55726,-34.85002]]}},{"type":"Feature","properties":{"tier":"high"},"geometry":{"type":"LineString","coordinates":[[138.557269,-34.850136],[138.556768,-34.850154]]}},{"type":"Feature","properties":{"tier":"high"},"geometry":{"type":"LineString","coordinates":[[138.558376,-34.849967],[138.558815,-34.849945]]}},{"type":"Feature","properties":{"tier":"high"},"geometry":{"type":"LineString","coordinates":[[138.558382,-34.850083],[138.557836,-34.85011],[138.557269,-34.850136]]}},{"type":"Feature","properties":{"tier":"high"},"geometry":{"type":"LineString","coordinates":[[138.561196,-34.849834],[138.561599,-34.849815]]}},{"type":"Feature","properties":{"tier":"high"},"geometry":{"type":"LineString","coordinates":[[138.561255,-34.849946],[138.561134,-34.849951]]}},{"type":"Feature","properties":{"tier":"high"},"geometry":{"type":"LineString","coordinates":[[138.561134,-34.849951],[138.560017,-34.850005],[138.558826,-34.850062],[138.558382,-34.850083]]}},{"type":"Feature","properties":{"tier":"arterial"},"geometry":{"type":"LineString","coordinates":[[138.511917,-34.867086],[138.511881,-34.866592]]}},{"type":"Feature","properties":{"tier":"arterial"},"geometry":{"type":"LineString","coordinates":[[138.511997,-34.867084],[138.512058,-34.867966],[138.512064,-34.868048],[138.512095,-34.868496],[138.512107,-34.868677],[138.512149,-34.869286]]}},{"type":"Feature","properties":{"tier":"high"},"geometry":{"type":"LineString","coordinates":[[138.502826,-34.837948],[138.502755,-34.837913],[138.502662,-34.837865],[138.502582,-34.837823]]}},{"type":"Feature","properties":{"tier":"arterial"},"geometry":{"type":"LineString","coordinates":[[138.514874,-34.843247],[138.51487,-34.843188],[138.514863,-34.843084]]}},{"type":"Feature","properties":{"tier":"regional"},"geometry":{"type":"LineString","coordinates":[[138.514742,-34.836082],[138.514754,-34.835987]]}},{"type":"Feature","properties":{"tier":"regional"},"geometry":{"type":"LineString","coordinates":[[138.514866,-34.836023],[138.514847,-34.83612]]}},{"type":"Feature","properties":{"tier":"arterial"},"geometry":{"type":"LineString","coordinates":[[138.514866,-34.836023],[138.51501,-34.836058]]}},{"type":"Feature","properties":{"tier":"arterial"},"geometry":{"type":"LineString","coordinates":[[138.522216,-34.83842],[138.52217,-34.838346],[138.522162,-34.838289]]}},{"type":"Feature","properties":{"tier":"arterial"},"geometry":{"type":"LineString","coordinates":[[138.522646,-34.838581],[138.522558,-34.83855]]}},{"type":"Feature","properties":{"tier":"arterial"},"geometry":{"type":"LineString","coordinates":[[138.522646,-34.838581],[138.522592,-34.838611],[138.522509,-34.838667]]}},{"type":"Feature","properties":{"tier":"arterial"},"geometry":{"type":"LineString","coordinates":[[138.522464,-34.838393],[138.522794,-34.838506]]}},{"type":"Feature","properties":{"tier":"arterial"},"geometry":{"type":"LineString","coordinates":[[138.522794,-34.838506],[138.522646,-34.838581]]}},{"type":"Feature","properties":{"tier":"arterial"},"geometry":{"type":"LineString","coordinates":[[138.522162,-34.838289],[138.522183,-34.838241],[138.522193,-34.838196]]}},{"type":"Feature","properties":{"tier":"arterial"},"geometry":{"type":"LineString","coordinates":[[138.522162,-34.838289],[138.522281,-34.83833],[138.522464,-34.838393]]}},{"type":"Feature","properties":{"tier":"arterial"},"geometry":{"type":"LineString","coordinates":[[138.522066,-34.838262],[138.522162,-34.838289]]}},{"type":"Feature","properties":{"tier":"high"},"geometry":{"type":"LineString","coordinates":[[138.522066,-34.838262],[138.522193,-34.838196]]}},{"type":"Feature","properties":{"tier":"high"},"geometry":{"type":"LineString","coordinates":[[138.522193,-34.838196],[138.522509,-34.838069],[138.52522,-34.83705]]}},{"type":"Feature","properties":{"tier":"high"},"geometry":{"type":"LineString","coordinates":[[138.521968,-34.838322],[138.522066,-34.838262]]}},{"type":"Feature","properties":{"tier":"arterial"},"geometry":{"type":"LineString","coordinates":[[138.521707,-34.838223],[138.521517,-34.838163],[138.521412,-34.838089]]}},{"type":"Feature","properties":{"tier":"high"},"geometry":{"type":"LineString","coordinates":[[138.52177,-34.838444],[138.521893,-34.838364],[138.521917,-34.838351],[138.521968,-34.838322]]}},{"type":"Feature","properties":{"tier":"arterial"},"geometry":{"type":"LineString","coordinates":[[138.52177,-34.838444],[138.521786,-34.838338],[138.521757,-34.838289],[138.52174,-34.838235]]}},{"type":"Feature","properties":{"tier":"high"},"geometry":{"type":"LineString","coordinates":[[138.518355,-34.839973],[138.517615,-34.840175],[138.517322,-34.840223]]}},{"type":"Feature","properties":{"tier":"arterial"},"geometry":{"type":"LineString","coordinates":[[138.521705,-34.838871],[138.521313,-34.839018],[138.521023,-34.839129],[138.520613,-34.839276],[138.520086,-34.839465]]}},{"type":"Feature","properties":{"tier":"arterial"},"geometry":{"type":"LineString","coordinates":[[138.502345,-34.839011],[138.502267,-34.83913]]}},{"type":"Feature","properties":{"tier":"arterial"},"geometry":{"type":"LineString","coordinates":[[138.502076,-34.839162],[138.502145,-34.839038]]}},{"type":"Feature","properties":{"tier":"regional"},"geometry":{"type":"LineString","coordinates":[[138.515219,-34.83498],[138.516821,-34.832083],[138.517315,-34.83119],[138.517921,-34.830094],[138.518028,-34.8299]]}},{"type":"Feature","properties":{"tier":"high"},"geometry":{"type":"LineString","coordinates":[[138.561978,-34.816364],[138.56196,-34.816467],[138.561939,-34.816603],[138.561919,-34.816731],[138.561905,-34.816839],[138.561892,-34.816947],[138.561882,-34.817057],[138.561872,-34.817169],[138.561862,-34.817298],[138.561852,-34.817488],[138.561849,-34.817609],[138.561846,-34.817801],[138.561845,-34.817912],[138.561845,-34.818026],[138.561846,-34.818138],[138.561849,-34.81824],[138.561855,-34.818334],[138.561862,-34.818425],[138.561873,-34.81857],[138.561892,-34.818765],[138.561905,-34.818896],[138.561953,-34.819305]]}},{"type":"Feature","properties":{"tier":"high"},"geometry":{"type":"LineString","coordinates":[[138.562405,-34.824584],[138.5623,-34.823704]]}},{"type":"Feature","properties":{"tier":"high"},"geometry":{"type":"LineString","coordinates":[[138.55611,-34.833248],[138.551391,-34.833477]]}},{"type":"Feature","properties":{"tier":"high"},"geometry":{"type":"LineString","coordinates":[[138.56239,-34.823151],[138.562465,-34.823689]]}},{"type":"Feature","properties":{"tier":"high"},"geometry":{"type":"LineString","coordinates":[[138.557023,-34.833072],[138.557406,-34.833042]]}},{"type":"Feature","properties":{"tier":"high"},"geometry":{"type":"LineString","coordinates":[[138.557406,-34.833042],[138.558038,-34.832934]]}},{"type":"Feature","properties":{"tier":"regional"},"geometry":{"type":"LineString","coordinates":[[138.53889,-34.84125],[138.538934,-34.841299],[138.539254,-34.841667]]}},{"type":"Feature","properties":{"tier":"high"},"geometry":{"type":"LineString","coordinates":[[138.545872,-34.833416],[138.546714,-34.833369]]}},{"type":"Feature","properties":{"tier":"high"},"geometry":{"type":"LineString","coordinates":[[138.546714,-34.833369],[138.547787,-34.833342]]}},{"type":"Feature","properties":{"tier":"high"},"geometry":{"type":"LineString","coordinates":[[138.551391,-34.833477],[138.549568,-34.833554],[138.54766,-34.833633]]}},{"type":"Feature","properties":{"tier":"high"},"geometry":{"type":"LineString","coordinates":[[138.515098,-34.863014],[138.515291,-34.863335],[138.515535,-34.863748],[138.516078,-34.864643],[138.516329,-34.86504]]}},{"type":"Feature","properties":{"tier":"arterial"},"geometry":{"type":"LineString","coordinates":[[138.505547,-34.860848],[138.505602,-34.860791],[138.505641,-34.86075]]}},{"type":"Feature","properties":{"tier":"arterial"},"geometry":{"type":"LineString","coordinates":[[138.505306,-34.861109],[138.505391,-34.861019]]}},{"type":"Feature","properties":{"tier":"arterial"},"geometry":{"type":"LineString","coordinates":[[138.504554,-34.844432],[138.505107,-34.844332],[138.505181,-34.844317],[138.50527,-34.844301]]}},{"type":"Feature","properties":{"tier":"arterial"},"geometry":{"type":"LineString","coordinates":[[138.5054,-34.844281],[138.505555,-34.844258],[138.506009,-34.844188]]}},{"type":"Feature","properties":{"tier":"arterial"},"geometry":{"type":"LineString","coordinates":[[138.501209,-34.845191],[138.500997,-34.845231]]}},{"type":"Feature","properties":{"tier":"arterial"},"geometry":{"type":"LineString","coordinates":[[138.500965,-34.845134],[138.501732,-34.844983]]}},{"type":"Feature","properties":{"tier":"arterial"},"geometry":{"type":"LineString","coordinates":[[138.500478,-34.84523],[138.500538,-34.845218],[138.500965,-34.845134]]}},{"type":"Feature","properties":{"tier":"arterial"},"geometry":{"type":"LineString","coordinates":[[138.500997,-34.845231],[138.500568,-34.845313],[138.500339,-34.845357]]}},{"type":"Feature","properties":{"tier":"arterial"},"geometry":{"type":"LineString","coordinates":[[138.500339,-34.845357],[138.500049,-34.845411],[138.49998,-34.845424]]}},{"type":"Feature","properties":{"tier":"arterial"},"geometry":{"type":"LineString","coordinates":[[138.501683,-34.845099],[138.501209,-34.845191]]}},{"type":"Feature","properties":{"tier":"arterial"},"geometry":{"type":"LineString","coordinates":[[138.49998,-34.845326],[138.500478,-34.84523]]}},{"type":"Feature","properties":{"tier":"regional"},"geometry":{"type":"LineString","coordinates":[[138.527066,-34.851454],[138.527065,-34.851389],[138.527064,-34.851379],[138.527064,-34.851321],[138.527061,-34.85121]]}},{"type":"Feature","properties":{"tier":"high"},"geometry":{"type":"LineString","coordinates":[[138.527066,-34.851454],[138.527203,-34.851448]]}},{"type":"Feature","properties":{"tier":"high"},"geometry":{"type":"LineString","coordinates":[[138.527077,-34.851548],[138.52675,-34.851567],[138.526471,-34.851577],[138.525561,-34.851624],[138.525301,-34.851636],[138.525265,-34.851637]]}},{"type":"Feature","properties":{"tier":"high"},"geometry":{"type":"LineString","coordinates":[[138.52717,-34.851546],[138.527077,-34.851548]]}},{"type":"Feature","properties":{"tier":"high"},"geometry":{"type":"LineString","coordinates":[[138.527347,-34.851538],[138.52717,-34.851546]]}},{"type":"Feature","properties":{"tier":"high"},"geometry":{"type":"LineString","coordinates":[[138.540089,-34.850948],[138.540076,-34.850853]]}},{"type":"Feature","properties":{"tier":"high"},"geometry":{"type":"LineString","coordinates":[[138.554306,-34.850272],[138.554299,-34.850165]]}},{"type":"Feature","properties":{"tier":"arterial"},"geometry":{"type":"LineString","coordinates":[[138.502255,-34.844414],[138.50222,-34.844306],[138.502195,-34.844221],[138.50215,-34.844052]]}},{"type":"Feature","properties":{"tier":"arterial"},"geometry":{"type":"LineString","coordinates":[[138.502242,-34.843984],[138.502296,-34.844132],[138.502348,-34.844275],[138.502375,-34.844348],[138.502435,-34.844482]]}},{"type":"Feature","properties":{"tier":"high"},"geometry":{"type":"LineString","coordinates":[[138.50134,-34.813589],[138.501299,-34.813633],[138.501243,-34.81366],[138.501191,-34.813651]]}},{"type":"Feature","properties":{"tier":"high"},"geometry":{"type":"LineString","coordinates":[[138.501684,-34.833258],[138.501854,-34.83322]]}},{"type":"Feature","properties":{"tier":"high"},"geometry":{"type":"LineString","coordinates":[[138.501145,-34.81585],[138.501189,-34.814187]]}},{"type":"Feature","properties":{"tier":"arterial"},"geometry":{"type":"LineString","coordinates":[[138.50546,-34.844367],[138.505507,-34.844463],[138.505852,-34.844974],[138.506307,-34.845648]]}},{"type":"Feature","properties":{"tier":"high"},"geometry":{"type":"LineString","coordinates":[[138.501328,-34.815851],[138.501335,-34.816244],[138.501328,-34.816443]]}},{"type":"Feature","properties":{"tier":"high"},"geometry":{"type":"LineString","coordinates":[[138.524173,-34.83764],[138.522855,-34.838251]]}},{"type":"Feature","properties":{"tier":"high"},"geometry":{"type":"LineString","coordinates":[[138.524239,-34.837728],[138.5239,-34.837924],[138.523299,-34.83825]]}},{"type":"Feature","properties":{"tier":"arterial"},"geometry":{"type":"LineString","coordinates":[[138.547974,-34.869754],[138.547962,-34.869592]]}},{"type":"Feature","properties":{"tier":"arterial"},"geometry":{"type":"LineString","coordinates":[[138.509179,-34.851887],[138.50917,-34.851412],[138.509164,-34.851341],[138.509084,-34.85101],[138.509023,-34.850751]]}},{"type":"Feature","properties":{"tier":"arterial"},"geometry":{"type":"LineString","coordinates":[[138.517873,-34.868963],[138.517932,-34.869002],[138.51808,-34.869101]]}},{"type":"Feature","properties":{"tier":"arterial"},"geometry":{"type":"LineString","coordinates":[[138.54312,-34.872602],[138.543143,-34.872538]]}},{"type":"Feature","properties":{"tier":"arterial"},"geometry":{"type":"LineString","coordinates":[[138.543199,-34.872577],[138.54312,-34.872602]]}},{"type":"Feature","properties":{"tier":"regional"},"geometry":{"type":"LineString","coordinates":[[138.559795,-34.845377],[138.559772,-34.845396],[138.559743,-34.845409],[138.559711,-34.845413],[138.559678,-34.84541],[138.559649,-34.845398],[138.559625,-34.845379],[138.55961,-34.845355],[138.559604,-34.845329],[138.55961,-34.845299],[138.559627,-34.845273],[138.559655,-34.845253],[138.559689,-34.845242],[138.559725,-34.845242],[138.55976,-34.845252],[138.559788,-34.84527],[138.559807,-34.845296],[138.559814,-34.845326],[138.55981,-34.845352],[138.559795,-34.845377]]}},{"type":"Feature","properties":{"tier":"arterial"},"geometry":{"type":"LineString","coordinates":[[138.535526,-34.867461],[138.535311,-34.867415],[138.535267,-34.867412],[138.535212,-34.867408],[138.535135,-34.867428]]}},{"type":"Feature","properties":{"tier":"arterial"},"geometry":{"type":"LineString","coordinates":[[138.528995,-34.868355],[138.528988,-34.868422]]}},{"type":"Feature","properties":{"tier":"arterial"},"geometry":{"type":"LineString","coordinates":[[138.528858,-34.868345],[138.528903,-34.867941],[138.529017,-34.866816],[138.529048,-34.866505],[138.529133,-34.865671],[138.529143,-34.865569],[138.529195,-34.865065]]}},{"type":"Feature","properties":{"tier":"arterial"},"geometry":{"type":"LineString","coordinates":[[138.528975,-34.868554],[138.528936,-34.868948],[138.528854,-34.869686],[138.528842,-34.869793],[138.528839,-34.869821]]}},{"type":"Feature","properties":{"tier":"arterial"},"geometry":{"type":"LineString","coordinates":[[138.502923,-34.858874],[138.502921,-34.858957],[138.503026,-34.859084],[138.503118,-34.859157],[138.503162,-34.859192],[138.503236,-34.859247]]}},{"type":"Feature","properties":{"tier":"regional"},"geometry":{"type":"LineString","coordinates":[[138.521437,-34.851806],[138.521447,-34.851854],[138.521459,-34.851881],[138.521472,-34.852061]]}},{"type":"Feature","properties":{"tier":"high"},"geometry":{"type":"LineString","coordinates":[[138.51468,-34.863319],[138.514455,-34.862931]]}},{"type":"Feature","properties":{"tier":"arterial"},"geometry":{"type":"LineString","coordinates":[[138.521968,-34.838322],[138.521882,-34.838286],[138.52174,-34.838235],[138.521707,-34.838223]]}},{"type":"Feature","properties":{"tier":"arterial"},"geometry":{"type":"LineString","coordinates":[[138.523408,-34.838835],[138.523995,-34.839068]]}},{"type":"Feature","properties":{"tier":"high"},"geometry":{"type":"LineString","coordinates":[[138.518203,-34.869296],[138.51808,-34.869101]]}},{"type":"Feature","properties":{"tier":"regional"},"geometry":{"type":"LineString","coordinates":[[138.51471,-34.840527],[138.514725,-34.840226]]}},{"type":"Feature","properties":{"tier":"regional"},"geometry":{"type":"LineString","coordinates":[[138.51692,-34.851715],[138.516927,-34.851861],[138.516927,-34.85187],[138.516948,-34.851961]]}},{"type":"Feature","properties":{"tier":"high"},"geometry":{"type":"LineString","coordinates":[[138.519009,-34.870222],[138.518947,-34.870128],[138.518734,-34.869965]]}},{"type":"Feature","properties":{"tier":"arterial"},"geometry":{"type":"LineString","coordinates":[[138.542704,-34.873028],[138.54312,-34.872602]]}},{"type":"Feature","properties":{"tier":"arterial"},"geometry":{"type":"LineString","coordinates":[[138.528709,-34.870439],[138.528683,-34.870709]]}},{"type":"Feature","properties":{"tier":"arterial"},"geometry":{"type":"LineString","coordinates":[[138.528839,-34.869821],[138.528837,-34.869841],[138.52882,-34.870002],[138.528815,-34.870046],[138.528801,-34.870143],[138.528761,-34.870362],[138.528709,-34.870439]]}},{"type":"Feature","properties":{"tier":"regional"},"geometry":{"type":"LineString","coordinates":[[138.516529,-34.845937],[138.516664,-34.845933],[138.517341,-34.845907],[138.517622,-34.845893],[138.51777,-34.845885],[138.518276,-34.845854],[138.519365,-34.845804],[138.519425,-34.845798],[138.519455,-34.845795],[138.519552,-34.845764],[138.519712,-34.845686],[138.520013,-34.845501],[138.520045,-34.845485]]}},{"type":"Feature","properties":{"tier":"regional"},"geometry":{"type":"LineString","coordinates":[[138.520045,-34.845485],[138.520283,-34.845343],[138.520666,-34.845115],[138.521038,-34.844905],[138.521474,-34.844635]]}}]}
