{"type":"FeatureCollection","features":[{"type":"Feature","properties":{"tier":"regional"},"geometry":{"type":"LineString","coordinates":[[138.611425,-34.819263],[138.611423,-34.819368]]}},{"type":"Feature","properties":{"tier":"regional"},"geometry":{"type":"LineString","coordinates":[[138.607846,-34.816232],[138.607881,-34.816251],[138.607895,-34.816267],[138.607904,-34.816277],[138.607916,-34.816316],[138.607908,-34.816358],[138.607894,-34.816373],[138.607877,-34.816394]]}},{"type":"Feature","properties":{"tier":"regional"},"geometry":{"type":"LineString","coordinates":[[138.611533,-34.818927],[138.611548,-34.81895],[138.611555,-34.818986],[138.611542,-34.819028],[138.611533,-34.819039]]}},{"type":"Feature","properties":{"tier":"regional"},"geometry":{"type":"LineString","coordinates":[[138.611998,-34.822464],[138.612001,-34.822453],[138.612015,-34.822425],[138.612044,-34.822399],[138.612061,-34.822389]]}},{"type":"Feature","properties":{"tier":"high"},"geometry":{"type":"LineString","coordinates":[[138.597933,-34.819307],[138.597758,-34.817224],[138.597681,-34.816497]]}},{"type":"Feature","properties":{"tier":"high"},"geometry":{"type":"LineString","coordinates":[[138.597985,-34.820242],[138.597971,-34.81998],[138.597933,-34.819307]]}},{"type":"Feature","properties":{"tier":"high"},"geometry":{"type":"LineString","coordinates":[[138.598084,-34.81916],[138.598093,-34.819305],[138.598144,-34.820141]]}},{"type":"Feature","properties":{"tier":"high"},"geometry":{"type":"LineString","coordinates":[[138.598144,-34.820141],[138.598382,-34.823449],[138.598426,-34.824056],[138.598482,-34.824838]]}},{"type":"Feature","properties":{"tier":"high"},"geometry":{"type":"LineString","coordinates":[[138.599534,-34.84172],[138.599384,-34.839577],[138.599377,-34.839457],[138.599346,-34.83912]]}},{"type":"Feature","properties":{"tier":"arterial"},"geometry":{"type":"LineString","coordinates":[[138.598662,-34.827449],[138.598772,-34.827404],[138.598864,-34.827366],[138.598926,-34.827337],[138.59903,-34.827294]]}},{"type":"Feature","properties":{"tier":"regional"},"geometry":{"type":"LineString","coordinates":[[138.612389,-34.822671],[138.612539,-34.822774],[138.612857,-34.82297]]}},{"type":"Feature","properties":{"tier":"regional"},"geometry":{"type":"LineString","coordinates":[[138.608343,-34.812566],[138.6081,-34.812827],[138.607996,-34.812953],[138.607875,-34.813155]]}},{"type":"Feature","properties":{"tier":"arterial"},"geometry":{"type":"LineString","coordinates":[[138.58416,-34.874542],[138.584024,-34.874549]]}},{"type":"Feature","properties":{"tier":"arterial"},"geometry":{"type":"LineString","coordinates":[[138.580678,-34.874711],[138.581144,-34.874722]]}},{"type":"Feature","properties":{"tier":"arterial"},"geometry":{"type":"LineString","coordinates":[[138.582031,-34.87472],[138.58157,-34.874765],[138.581161,-34.874791]]}},{"type":"Feature","properties":{"tier":"arterial"},"geometry":{"type":"LineString","coordinates":[[138.58401,-34.874431],[138.584001,-34.874368],[138.583983,-34.874198]]}},{"type":"Feature","properties":{"tier":"arterial"},"geometry":{"type":"LineString","coordinates":[[138.583999,-34.872124],[138.584068,-34.873089],[138.58408,-34.873254],[138.584103,-34.873821]]}},{"type":"Feature","properties":{"tier":"arterial"},"geometry":{"type":"LineString","coordinates":[[138.583572,-34.874452],[138.583751,-34.874377],[138.583849,-34.874339],[138.58393,-34.874266],[138.583983,-34.874198]]}},{"type":"Feature","properties":{"tier":"arterial"},"geometry":{"type":"LineString","coordinates":[[138.583925,-34.871108],[138.58393,-34.87122],[138.583999,-34.872124]]}},{"type":"Feature","properties":{"tier":"arterial"},"geometry":{"type":"LineString","coordinates":[[138.582339,-34.849546],[138.582295,-34.849435],[138.582247,-34.84937],[138.582193,-34.849309],[138.582123,-34.849254],[138.582049,-34.849212]]}},{"type":"Feature","properties":{"tier":"high"},"geometry":{"type":"LineString","coordinates":[[138.583317,-34.849036],[138.582746,-34.849175],[138.582658,-34.849207],[138.582628,-34.849222],[138.582586,-34.849246],[138.582529,-34.849289],[138.582469,-34.849361]]}},{"type":"Feature","properties":{"tier":"high"},"geometry":{"type":"LineString","coordinates":[[138.577622,-34.849602],[138.577791,-34.849595]]}},{"type":"Feature","properties":{"tier":"high"},"geometry":{"type":"LineString","coordinates":[[138.588985,-34.848586],[138.589757,-34.848548],[138.590516,-34.84851]]}},{"type":"Feature","properties":{"tier":"high"},"geometry":{"type":"LineString","coordinates":[[138.579495,-34.849593],[138.579125,-34.849632]]}},{"type":"Feature","properties":{"tier":"high"},"geometry":{"type":"LineString","coordinates":[[138.57379,-34.849892],[138.573671,-34.849894],[138.573482,-34.849903]]}},{"type":"Feature","properties":{"tier":"regional"},"geometry":{"type":"LineString","coordinates":[[138.574285,-34.849871],[138.574056,-34.849995],[138.574021,-34.850025],[138.573963,-34.850082]]}},{"type":"Feature","properties":{"tier":"arterial"},"geometry":{"type":"LineString","coordinates":[[138.582392,-34.848683],[138.582424,-34.848623],[138.582527,-34.848491],[138.582612,-34.848399],[138.582733,-34.848294],[138.583169,-34.847956]]}},{"type":"Feature","properties":{"tier":"high"},"geometry":{"type":"LineString","coordinates":[[138.582794,-34.848467],[138.582785,-34.848576],[138.582764,-34.848645],[138.582773,-34.848706],[138.582805,-34.848761],[138.582854,-34.848805],[138.582939,-34.848849],[138.583077,-34.84886],[138.583616,-34.848852]]}},{"type":"Feature","properties":{"tier":"regional"},"geometry":{"type":"LineString","coordinates":[[138.583305,-34.84762],[138.583286,-34.847605],[138.582465,-34.846909],[138.5824,-34.846817],[138.582328,-34.846703],[138.582263,-34.846565],[138.582231,-34.846428],[138.582215,-34.846323],[138.582123,-34.845098],[138.582115,-34.844907]]}},{"type":"Feature","properties":{"tier":"arterial"},"geometry":{"type":"LineString","coordinates":[[138.583169,-34.847956],[138.583277,-34.847775],[138.583305,-34.84762]]}},{"type":"Feature","properties":{"tier":"regional"},"geometry":{"type":"LineString","coordinates":[[138.56248,-34.84061],[138.562645,-34.840572],[138.563355,-34.840531]]}},{"type":"Feature","properties":{"tier":"regional"},"geometry":{"type":"LineString","coordinates":[[138.56503,-34.840568],[138.565017,-34.840451]]}},{"type":"Feature","properties":{"tier":"regional"},"geometry":{"type":"LineString","coordinates":[[138.595053,-34.830816],[138.595456,-34.830509],[138.595772,-34.830252],[138.595955,-34.830153]]}},{"type":"Feature","properties":{"tier":"regional"},"geometry":{"type":"LineString","coordinates":[[138.596252,-34.829912],[138.595955,-34.830153]]}},{"type":"Feature","properties":{"tier":"regional"},"geometry":{"type":"LineString","coordinates":[[138.595955,-34.830153],[138.59582,-34.830323],[138.595126,-34.830872]]}},{"type":"Feature","properties":{"tier":"regional"},"geometry":{"type":"LineString","coordinates":[[138.596252,-34.829912],[138.596352,-34.829775],[138.596566,-34.829535],[138.596621,-34.829448],[138.596711,-34.829307],[138.596981,-34.828899],[138.597244,-34.828547]]}},{"type":"Feature","properties":{"tier":"regional"},"geometry":{"type":"LineString","coordinates":[[138.597244,-34.828547],[138.597311,-34.828659]]}},{"type":"Feature","properties":{"tier":"high"},"geometry":{"type":"LineString","coordinates":[[138.597369,-34.812857],[138.597313,-34.812694],[138.597295,-34.812666],[138.597271,-34.812642],[138.597228,-34.812625],[138.597186,-34.812615],[138.597129,-34.812616],[138.597075,-34.812632]]}},{"type":"Feature","properties":{"tier":"high"},"geometry":{"type":"LineString","coordinates":[[138.597485,-34.813985],[138.597546,-34.813334],[138.597549,-34.81248]]}},{"type":"Feature","properties":{"tier":"high"},"geometry":{"type":"LineString","coordinates":[[138.595131,-34.813923],[138.595438,-34.813492],[138.596206,-34.81248]]}},{"type":"Feature","properties":{"tier":"high"},"geometry":{"type":"LineString","coordinates":[[138.587113,-34.823243],[138.586928,-34.823682],[138.586764,-34.824134],[138.585299,-34.828814],[138.585164,-34.829187],[138.584931,-34.829677],[138.584749,-34.830032],[138.584555,-34.830322],[138.584224,-34.830754],[138.583972,-34.831008],[138.583866,-34.831117],[138.583381,-34.831521],[138.582812,-34.831931],[138.582483,-34.832119],[138.582189,-34.832267],[138.581871,-34.832402],[138.581203,-34.832639],[138.580589,-34.832791],[138.580168,-34.832862]]}},{"type":"Feature","properties":{"tier":"high"},"geometry":{"type":"LineString","coordinates":[[138.596732,-34.81248],[138.596079,-34.813208],[138.595373,-34.814],[138.595166,-34.814248],[138.595038,-34.814437]]}},{"type":"Feature","properties":{"tier":"arterial"},"geometry":{"type":"LineString","coordinates":[[138.571588,-34.874932],[138.571613,-34.87502]]}},{"type":"Feature","properties":{"tier":"arterial"},"geometry":{"type":"LineString","coordinates":[[138.56445,-34.840593],[138.564227,-34.840652],[138.564099,-34.840713],[138.563912,-34.840857]]}},{"type":"Feature","properties":{"tier":"arterial"},"geometry":{"type":"LineString","coordinates":[[138.593125,-34.874096],[138.59312,-34.874006]]}},{"type":"Feature","properties":{"tier":"arterial"},"geometry":{"type":"LineString","coordinates":[[138.59312,-34.874006],[138.593214,-34.874002],[138.594359,-34.873948],[138.594691,-34.873933]]}},{"type":"Feature","properties":{"tier":"arterial"},"geometry":{"type":"LineString","coordinates":[[138.59344,-34.874085],[138.593381,-34.874109],[138.59333,-34.87413],[138.593253,-34.874168],[138.593217,-34.874206],[138.593176,-34.874262],[138.593143,-34.874322]]}},{"type":"Feature","properties":{"tier":"arterial"},"geometry":{"type":"LineString","coordinates":[[138.593125,-34.874096],[138.593027,-34.8741],[138.592869,-34.874108]]}},{"type":"Feature","properties":{"tier":"arterial"},"geometry":{"type":"LineString","coordinates":[[138.584152,-34.874427],[138.584272,-34.874419],[138.584318,-34.874417]]}},{"type":"Feature","properties":{"tier":"arterial"},"geometry":{"type":"LineString","coordinates":[[138.593143,-34.874322],[138.59308,-34.874259],[138.593032,-34.874215],[138.592997,-34.874187],[138.592955,-34.874158],[138.592869,-34.874108]]}},{"type":"Feature","properties":{"tier":"arterial"},"geometry":{"type":"LineString","coordinates":[[138.583766,-34.868669],[138.583786,-34.868998],[138.583792,-34.869124],[138.583799,-34.869284],[138.583832,-34.869735],[138.583842,-34.869876]]}},{"type":"Feature","properties":{"tier":"arterial"},"geometry":{"type":"LineString","coordinates":[[138.582978,-34.857327],[138.583032,-34.858106],[138.583062,-34.858512],[138.583099,-34.859124],[138.583139,-34.859753],[138.58315,-34.85998],[138.583183,-34.860447],[138.583228,-34.861072],[138.583245,-34.861386],[138.583291,-34.862195],[138.583301,-34.862339]]}},{"type":"Feature","properties":{"tier":"arterial"},"geometry":{"type":"LineString","coordinates":[[138.583225,-34.862578],[138.583206,-34.862306],[138.583198,-34.8622],[138.58313,-34.861076],[138.583054,-34.859925],[138.582997,-34.859105],[138.582966,-34.858516],[138.582931,-34.858114],[138.582909,-34.857832],[138.582871,-34.857332]]}},{"type":"Feature","properties":{"tier":"high"},"geometry":{"type":"LineString","coordinates":[[138.582049,-34.849212],[138.581914,-34.849229],[138.581252,-34.849335],[138.579495,-34.849593]]}},{"type":"Feature","properties":{"tier":"high"},"geometry":{"type":"LineString","coordinates":[[138.564226,-34.849856],[138.563402,-34.849853],[138.562941,-34.849865],[138.562507,-34.849876],[138.56248,-34.849878]]}},{"type":"Feature","properties":{"tier":"regional"},"geometry":{"type":"LineString","coordinates":[[138.580674,-34.83982],[138.576445,-34.840026],[138.57394,-34.840149],[138.572746,-34.840208]]}},{"type":"Feature","properties":{"tier":"regional"},"geometry":{"type":"LineString","coordinates":[[138.563883,-34.840619],[138.562958,-34.840667],[138.56267,-34.840682],[138.56248,-34.840664]]}},{"type":"Feature","properties":{"tier":"arterial"},"geometry":{"type":"LineString","coordinates":[[138.584036,-34.874807],[138.583989,-34.87478],[138.583943,-34.874714],[138.5839,-34.874648],[138.583824,-34.87456]]}},{"type":"Feature","properties":{"tier":"arterial"},"geometry":{"type":"LineString","coordinates":[[138.571066,-34.87502],[138.571058,-34.874966]]}},{"type":"Feature","properties":{"tier":"arterial"},"geometry":{"type":"LineString","coordinates":[[138.592388,-34.840458],[138.593355,-34.839666]]}},{"type":"Feature","properties":{"tier":"high"},"geometry":{"type":"LineString","coordinates":[[138.565066,-34.854889],[138.565089,-34.855209],[138.565121,-34.855618],[138.565164,-34.855934],[138.5652,-34.856222]]}},{"type":"Feature","properties":{"tier":"high"},"geometry":{"type":"LineString","coordinates":[[138.587248,-34.848753],[138.587245,-34.848674]]}},{"type":"Feature","properties":{"tier":"high"},"geometry":{"type":"LineString","coordinates":[[138.591279,-34.848577],[138.590996,-34.84859],[138.590415,-34.848615],[138.589539,-34.848653],[138.588993,-34.848677],[138.587248,-34.848753],[138.585038,-34.848858]]}},{"type":"Feature","properties":{"tier":"regional"},"geometry":{"type":"LineString","coordinates":[[138.59112,-34.845269],[138.591352,-34.848053],[138.591368,-34.848349]]}},{"type":"Feature","properties":{"tier":"high"},"geometry":{"type":"LineString","coordinates":[[138.593352,-34.848399],[138.593366,-34.848505]]}},{"type":"Feature","properties":{"tier":"high"},"geometry":{"type":"LineString","coordinates":[[138.597753,-34.848162],[138.597763,-34.848285]]}},{"type":"Feature","properties":{"tier":"high"},"geometry":{"type":"LineString","coordinates":[[138.600398,-34.852319],[138.60037,-34.851917]]}},{"type":"Feature","properties":{"tier":"arterial"},"geometry":{"type":"LineString","coordinates":[[138.570564,-34.87502],[138.57067,-34.874949],[138.57089,-34.87493],[138.570957,-34.874893],[138.571023,-34.874857],[138.571018,-34.874723]]}},{"type":"Feature","properties":{"tier":"arterial"},"geometry":{"type":"LineString","coordinates":[[138.571289,-34.873788],[138.571599,-34.874621],[138.571658,-34.874767],[138.571718,-34.874847],[138.571844,-34.874942]]}},{"type":"Feature","properties":{"tier":"arterial"},"geometry":{"type":"LineString","coordinates":[[138.584024,-34.874549],[138.583927,-34.874553],[138.583824,-34.87456]]}},{"type":"Feature","properties":{"tier":"arterial"},"geometry":{"type":"LineString","coordinates":[[138.58401,-34.874431],[138.584152,-34.874427]]}},{"type":"Feature","properties":{"tier":"regional"},"geometry":{"type":"LineString","coordinates":[[138.613012,-34.832799],[138.613318,-34.832951],[138.613853,-34.8332],[138.614378,-34.833444],[138.614746,-34.833615],[138.614848,-34.833661]]}},{"type":"Feature","properties":{"tier":"regional"},"geometry":{"type":"LineString","coordinates":[[138.62325,-34.858523],[138.623231,-34.858507],[138.62322,-34.858487],[138.623216,-34.858464],[138.623221,-34.858442],[138.623238,-34.858419],[138.623264,-34.858402],[138.623296,-34.858394],[138.623327,-34.858396],[138.623355,-34.858406],[138.623377,-34.858423],[138.62339,-34.858446],[138.623394,-34.85847],[138.623387,-34.858495],[138.623375,-34.858512],[138.623355,-34.858527],[138.623329,-34.858537],[138.623301,-34.858539],[138.623274,-34.858535],[138.62325,-34.858523]]}},{"type":"Feature","properties":{"tier":"arterial"},"geometry":{"type":"LineString","coordinates":[[138.583305,-34.84762],[138.583473,-34.847611],[138.583663,-34.847546]]}},{"type":"Feature","properties":{"tier":"arterial"},"geometry":{"type":"LineString","coordinates":[[138.583572,-34.874452],[138.58387,-34.874437],[138.583902,-34.874436],[138.58401,-34.874431]]}},{"type":"Feature","properties":{"tier":"regional"},"geometry":{"type":"LineString","coordinates":[[138.607875,-34.813155],[138.607863,-34.813241],[138.607856,-34.813361]]}},{"type":"Feature","properties":{"tier":"regional"},"geometry":{"type":"LineString","coordinates":[[138.607856,-34.813361],[138.607854,-34.813432],[138.607847,-34.81378]]}},{"type":"Feature","properties":{"tier":"regional"},"geometry":{"type":"LineString","coordinates":[[138.565964,-34.859247],[138.565811,-34.859102],[138.565648,-34.85881],[138.565582,-34.858763],[138.56554,-34.858752],[138.565423,-34.858742]]}},{"type":"Feature","properties":{"tier":"regional"},"geometry":{"type":"LineString","coordinates":[[138.566216,-34.87502],[138.566211,-34.874906],[138.566245,-34.874837]]}},{"type":"Feature","properties":{"tier":"regional"},"geometry":{"type":"LineString","coordinates":[[138.566245,-34.874837],[138.566293,-34.874909],[138.566298,-34.875016],[138.566298,-34.87502]]}},{"type":"Feature","properties":{"tier":"regional"},"geometry":{"type":"LineString","coordinates":[[138.57345,-34.851187],[138.573611,-34.851188]]}},{"type":"Feature","properties":{"tier":"high"},"geometry":{"type":"LineString","coordinates":[[138.601895,-34.873594],[138.601889,-34.873532],[138.601878,-34.873418]]}},{"type":"Feature","properties":{"tier":"high"},"geometry":{"type":"LineString","coordinates":[[138.579157,-34.849509],[138.579519,-34.849474]]}},{"type":"Feature","properties":{"tier":"high"},"geometry":{"type":"LineString","coordinates":[[138.579125,-34.849632],[138.578817,-34.849657],[138.578478,-34.849681],[138.577806,-34.849725]]}},{"type":"Feature","properties":{"tier":"high"},"geometry":{"type":"LineString","coordinates":[[138.577806,-34.849725],[138.577632,-34.849732]]}},{"type":"Feature","properties":{"tier":"high"},"geometry":{"type":"LineString","coordinates":[[138.577791,-34.849595],[138.578467,-34.849553],[138.578811,-34.849532],[138.579157,-34.849509]]}},{"type":"Feature","properties":{"tier":"high"},"geometry":{"type":"LineString","coordinates":[[138.597075,-34.812632],[138.596253,-34.813346],[138.595936,-34.813627]]}},{"type":"Feature","properties":{"tier":"regional"},"geometry":{"type":"LineString","coordinates":[[138.564329,-34.847581],[138.564268,-34.847539],[138.564209,-34.847471]]}},{"type":"Feature","properties":{"tier":"high"},"geometry":{"type":"LineString","coordinates":[[138.602354,-34.873658],[138.602312,-34.873691],[138.602248,-34.873717],[138.602135,-34.873761],[138.602093,-34.873782],[138.602061,-34.87381],[138.602036,-34.873838]]}},{"type":"Feature","properties":{"tier":"arterial"},"geometry":{"type":"LineString","coordinates":[[138.601918,-34.873849],[138.601864,-34.8738],[138.601806,-34.873773],[138.60175,-34.873747],[138.601558,-34.8737]]}},{"type":"Feature","properties":{"tier":"regional"},"geometry":{"type":"LineString","coordinates":[[138.574501,-34.862872],[138.574472,-34.862904],[138.574414,-34.862988],[138.574368,-34.863104],[138.57436,-34.86319],[138.574304,-34.863293]]}},{"type":"Feature","properties":{"tier":"arterial"},"geometry":{"type":"LineString","coordinates":[[138.571588,-34.874932],[138.57169,-34.874936],[138.571844,-34.874942]]}},{"type":"Feature","properties":{"tier":"arterial"},"geometry":{"type":"LineString","coordinates":[[138.570573,-34.87502],[138.570922,-34.874984],[138.570999,-34.874972],[138.571018,-34.87497],[138.571058,-34.874966]]}},{"type":"Feature","properties":{"tier":"arterial"},"geometry":{"type":"LineString","coordinates":[[138.610174,-34.873278],[138.609612,-34.873305],[138.609447,-34.873313]]}},{"type":"Feature","properties":{"tier":"arterial"},"geometry":{"type":"LineString","coordinates":[[138.59344,-34.874085],[138.593296,-34.874087],[138.593293,-34.874087],[138.593217,-34.874091],[138.593125,-34.874096]]}},{"type":"Feature","properties":{"tier":"regional"},"geometry":{"type":"LineString","coordinates":[[138.62502,-34.858397],[138.624572,-34.858421],[138.624131,-34.858436],[138.623979,-34.858447],[138.623732,-34.858447]]}},{"type":"Feature","properties":{"tier":"regional"},"geometry":{"type":"LineString","coordinates":[[138.623732,-34.858447],[138.623569,-34.85847],[138.62349,-34.858481],[138.623387,-34.858495]]}},{"type":"Feature","properties":{"tier":"regional"},"geometry":{"type":"LineString","coordinates":[[138.61391,-34.873305],[138.613909,-34.873287],[138.613904,-34.873161],[138.613902,-34.873096]]}},{"type":"Feature","properties":{"tier":"regional"},"geometry":{"type":"LineString","coordinates":[[138.6229,-34.858485],[138.622474,-34.858507],[138.622286,-34.858516],[138.621537,-34.858554],[138.62138,-34.858564],[138.62103,-34.858586],[138.619604,-34.858655],[138.619363,-34.858666]]}},{"type":"Feature","properties":{"tier":"arterial"},"geometry":{"type":"LineString","coordinates":[[138.591736,-34.874163],[138.590802,-34.87421],[138.590748,-34.874213],[138.590663,-34.874217],[138.590373,-34.874232]]}},{"type":"Feature","properties":{"tier":"high"},"geometry":{"type":"LineString","coordinates":[[138.618545,-34.863091],[138.618559,-34.863271]]}},{"type":"Feature","properties":{"tier":"arterial"},"geometry":{"type":"LineString","coordinates":[[138.584317,-34.874535],[138.584284,-34.874535],[138.58416,-34.874542]]}},{"type":"Feature","properties":{"tier":"arterial"},"geometry":{"type":"LineString","coordinates":[[138.591732,-34.874088],[138.592984,-34.874013],[138.593019,-34.874011],[138.59312,-34.874006]]}},{"type":"Feature","properties":{"tier":"arterial"},"geometry":{"type":"LineString","coordinates":[[138.600655,-34.873655],[138.600899,-34.873644],[138.601549,-34.873613],[138.601607,-34.87361]]}},{"type":"Feature","properties":{"tier":"arterial"},"geometry":{"type":"LineString","coordinates":[[138.587997,-34.87426],[138.588954,-34.874215],[138.589036,-34.874211],[138.589129,-34.874208],[138.590367,-34.87415]]}},{"type":"Feature","properties":{"tier":"arterial"},"geometry":{"type":"LineString","coordinates":[[138.607983,-34.873304],[138.608035,-34.873302],[138.608486,-34.87328],[138.60861,-34.873274],[138.609075,-34.873252],[138.609442,-34.873234],[138.610169,-34.873199]]}},{"type":"Feature","properties":{"tier":"regional"},"geometry":{"type":"LineString","coordinates":[[138.61403,-34.87502],[138.613977,-34.874266],[138.61391,-34.873305]]}},{"type":"Feature","properties":{"tier":"arterial"},"geometry":{"type":"LineString","coordinates":[[138.6033,-34.873611],[138.603039,-34.873623],[138.602354,-34.873658]]}},{"type":"Feature","properties":{"tier":"regional"},"geometry":{"type":"LineString","coordinates":[[138.573902,-34.85117],[138.573958,-34.851132],[138.574016,-34.851083]]}},{"type":"Feature","properties":{"tier":"regional"},"geometry":{"type":"LineString","coordinates":[[138.56534,-34.861615],[138.565422,-34.862512],[138.565462,-34.863185]]}},{"type":"Feature","properties":{"tier":"arterial"},"geometry":{"type":"LineString","coordinates":[[138.619856,-34.872044],[138.620088,-34.871967],[138.620378,-34.871919],[138.620523,-34.871909],[138.620721,-34.871896]]}},{"type":"Feature","properties":{"tier":"high"},"geometry":{"type":"LineString","coordinates":[[138.573881,-34.849724],[138.573918,-34.849885]]}},{"type":"Feature","properties":{"tier":"high"},"geometry":{"type":"LineString","coordinates":[[138.573196,-34.849749],[138.57348,-34.849665],[138.573605,-34.849603],[138.573701,-34.849549]]}},{"type":"Feature","properties":{"tier":"regional"},"geometry":{"type":"LineString","coordinates":[[138.573892,-34.85039],[138.573742,-34.850067],[138.573685,-34.849996],[138.573659,-34.849964],[138.573596,-34.849933],[138.573482,-34.849903]]}},{"type":"Feature","properties":{"tier":"high"},"geometry":{"type":"LineString","coordinates":[[138.573828,-34.849447],[138.573915,-34.849513],[138.574002,-34.849611],[138.574074,-34.849662],[138.574218,-34.84971]]}},{"type":"Feature","properties":{"tier":"regional"},"geometry":{"type":"LineString","coordinates":[[138.574073,-34.851309],[138.574135,-34.852227],[138.574176,-34.852711],[138.574233,-34.853573],[138.574458,-34.856839],[138.574646,-34.859604],[138.57473,-34.860686],[138.574777,-34.86146],[138.574798,-34.86183],[138.57483,-34.862047]]}},{"type":"Feature","properties":{"tier":"high"},"geometry":{"type":"LineString","coordinates":[[138.599706,-34.841448],[138.599663,-34.841575],[138.599648,-34.841641],[138.599616,-34.84168],[138.599534,-34.84172]]}},{"type":"Feature","properties":{"tier":"high"},"geometry":{"type":"LineString","coordinates":[[138.597717,-34.81248],[138.597697,-34.812641]]}},{"type":"Feature","properties":{"tier":"high"},"geometry":{"type":"LineString","coordinates":[[138.597685,-34.81248],[138.597697,-34.812641]]}},{"type":"Feature","properties":{"tier":"high"},"geometry":{"type":"LineString","coordinates":[[138.597697,-34.812641],[138.597735,-34.813386]]}},{"type":"Feature","properties":{"tier":"regional"},"geometry":{"type":"LineString","coordinates":[[138.574812,-34.862565],[138.574825,-34.862636],[138.574812,-34.862707],[138.574773,-34.862772],[138.574714,-34.862825],[138.574637,-34.86286],[138.574501,-34.862872],[138.574459,-34.862868],[138.574373,-34.862837],[138.574304,-34.862786],[138.574275,-34.86275],[138.574254,-34.86271],[138.57424,-34.862637],[138.574253,-34.862564],[138.57427,-34.86253],[138.574318,-34.862473],[138.574383,-34.86243],[138.57446,-34.862404],[138.57452,-34.862396],[138.574581,-34.8624],[138.57464,-34.862413],[138.574715,-34.862449],[138.574774,-34.862501],[138.574812,-34.862565]]}},{"type":"Feature","properties":{"tier":"regional"},"geometry":{"type":"LineString","coordinates":[[138.573963,-34.850082],[138.574049,-34.85066],[138.574092,-34.850955],[138.574099,-34.85106],[138.574104,-34.85114],[138.574073,-34.851309]]}},{"type":"Feature","properties":{"tier":"regional"},"geometry":{"type":"LineString","coordinates":[[138.57464,-34.862413],[138.574681,-34.862383],[138.574725,-34.862347],[138.574767,-34.862277],[138.574791,-34.862203],[138.5748,-34.862111],[138.57483,-34.862047]]}},{"type":"Feature","properties":{"tier":"regional"},"geometry":{"type":"LineString","coordinates":[[138.573892,-34.85039],[138.573817,-34.850022],[138.573807,-34.849972],[138.57379,-34.849892]]}},{"type":"Feature","properties":{"tier":"regional"},"geometry":{"type":"LineString","coordinates":[[138.574304,-34.863293],[138.574311,-34.863377],[138.574321,-34.863509],[138.574366,-34.864108],[138.574394,-34.864444],[138.574398,-34.86454],[138.574432,-34.864826],[138.574455,-34.864946],[138.574517,-34.865252],[138.574568,-34.865481],[138.574599,-34.865611],[138.574649,-34.865888],[138.57468,-34.866086],[138.57482,-34.868037],[138.574844,-34.868228],[138.574877,-34.868391],[138.574922,-34.868537],[138.575005,-34.868693],[138.575188,-34.868973],[138.575399,-34.869291],[138.575518,-34.869567],[138.575589,-34.869892],[138.575604,-34.870095],[138.57566,-34.870836],[138.575661,-34.871107],[138.575641,-34.871331],[138.575594,-34.871515],[138.575569,-34.871568],[138.57548,-34.871767],[138.575428,-34.871902],[138.575386,-34.872078],[138.575365,-34.872285],[138.575375,-34.872597],[138.57542,-34.873009]]}},{"type":"Feature","properties":{"tier":"high"},"geometry":{"type":"LineString","coordinates":[[138.589434,-34.820015],[138.590641,-34.818784],[138.59272,-34.816636],[138.59455,-34.814738]]}},{"type":"Feature","properties":{"tier":"high"},"geometry":{"type":"LineString","coordinates":[[138.584054,-34.83066],[138.58407,-34.83064],[138.584455,-34.830143],[138.584788,-34.829575],[138.58504,-34.82897],[138.585877,-34.826345],[138.586465,-34.824423],[138.586719,-34.823621],[138.587064,-34.822842],[138.587515,-34.822137],[138.587807,-34.821747],[138.588174,-34.821318],[138.588706,-34.820775],[138.58895,-34.820511]]}},{"type":"Feature","properties":{"tier":"high"},"geometry":{"type":"LineString","coordinates":[[138.568405,-34.862051],[138.5682,-34.86195],[138.567443,-34.861184],[138.56644,-34.859958]]}},{"type":"Feature","properties":{"tier":"regional"},"geometry":{"type":"LineString","coordinates":[[138.570322,-34.84032],[138.570199,-34.840373],[138.570036,-34.840414],[138.569965,-34.840471],[138.569913,-34.840557]]}},{"type":"Feature","properties":{"tier":"arterial"},"geometry":{"type":"LineString","coordinates":[[138.62072,-34.842578],[138.620545,-34.84291],[138.620459,-34.843028],[138.620438,-34.843057],[138.62037,-34.84315]]}},{"type":"Feature","properties":{"tier":"high"},"geometry":{"type":"LineString","coordinates":[[138.56541,-34.832745],[138.563829,-34.83282],[138.562765,-34.83285],[138.56248,-34.832842]]}},{"type":"Feature","properties":{"tier":"high"},"geometry":{"type":"LineString","coordinates":[[138.562698,-34.835197],[138.562542,-34.834962],[138.56248,-34.834762]]}},{"type":"Feature","properties":{"tier":"arterial"},"geometry":{"type":"LineString","coordinates":[[138.620327,-34.843064],[138.620362,-34.843019],[138.620462,-34.842888]]}},{"type":"Feature","properties":{"tier":"high"},"geometry":{"type":"LineString","coordinates":[[138.565033,-34.857259],[138.564973,-34.857001],[138.56495,-34.856702],[138.564945,-34.856589],[138.564923,-34.856244]]}},{"type":"Feature","properties":{"tier":"high"},"geometry":{"type":"LineString","coordinates":[[138.619843,-34.822268],[138.619386,-34.822769]]}},{"type":"Feature","properties":{"tier":"high"},"geometry":{"type":"LineString","coordinates":[[138.617592,-34.824495],[138.617684,-34.82439],[138.618044,-34.823974],[138.618829,-34.823077]]}},{"type":"Feature","properties":{"tier":"regional"},"geometry":{"type":"LineString","coordinates":[[138.619202,-34.81248],[138.619611,-34.812735],[138.620193,-34.813094],[138.620552,-34.813316],[138.620935,-34.813532]]}},{"type":"Feature","properties":{"tier":"regional"},"geometry":{"type":"LineString","coordinates":[[138.62502,-34.816097],[138.625018,-34.816097],[138.624973,-34.816093],[138.624921,-34.816078],[138.624876,-34.816062],[138.62484,-34.816047]]}},{"type":"Feature","properties":{"tier":"high"},"geometry":{"type":"LineString","coordinates":[[138.597735,-34.813386],[138.597775,-34.814968],[138.597886,-34.816514]]}},{"type":"Feature","properties":{"tier":"high"},"geometry":{"type":"LineString","coordinates":[[138.617424,-34.850238],[138.617419,-34.850177],[138.617384,-34.84974],[138.617374,-34.849612],[138.617355,-34.849443]]}},{"type":"Feature","properties":{"tier":"high"},"geometry":{"type":"LineString","coordinates":[[138.617327,-34.847647],[138.617347,-34.847966],[138.617464,-34.849438]]}},{"type":"Feature","properties":{"tier":"high"},"geometry":{"type":"LineString","coordinates":[[138.617198,-34.847832],[138.617191,-34.847521],[138.617197,-34.847461],[138.617202,-34.847387],[138.617206,-34.847345]]}},{"type":"Feature","properties":{"tier":"arterial"},"geometry":{"type":"LineString","coordinates":[[138.619495,-34.824432],[138.619839,-34.824426]]}},{"type":"Feature","properties":{"tier":"arterial"},"geometry":{"type":"LineString","coordinates":[[138.599117,-34.827403],[138.598813,-34.827536],[138.598785,-34.827548],[138.598672,-34.827598]]}},{"type":"Feature","properties":{"tier":"arterial"},"geometry":{"type":"LineString","coordinates":[[138.616004,-34.824674],[138.616653,-34.824581],[138.61693,-34.824548],[138.616998,-34.82454]]}},{"type":"Feature","properties":{"tier":"arterial"},"geometry":{"type":"LineString","coordinates":[[138.617724,-34.824596],[138.617511,-34.824606]]}},{"type":"Feature","properties":{"tier":"arterial"},"geometry":{"type":"LineString","coordinates":[[138.613267,-34.825058],[138.613994,-34.824958],[138.61415,-34.824936]]}},{"type":"Feature","properties":{"tier":"high"},"geometry":{"type":"LineString","coordinates":[[138.57052,-34.866761],[138.570485,-34.866343],[138.570457,-34.866187],[138.57038,-34.86562],[138.57029,-34.865167],[138.570114,-34.864661],[138.569844,-34.864063],[138.56958,-34.863627],[138.568971,-34.862784],[138.568405,-34.862051],[138.568242,-34.861851],[138.567556,-34.861034],[138.566748,-34.860101],[138.566441,-34.859713]]}},{"type":"Feature","properties":{"tier":"high"},"geometry":{"type":"LineString","coordinates":[[138.566563,-34.859651],[138.566861,-34.860033],[138.567701,-34.861014],[138.568437,-34.861857],[138.569068,-34.862642],[138.569468,-34.863231],[138.569753,-34.863616],[138.569929,-34.86391],[138.570197,-34.864423],[138.570394,-34.864987],[138.570522,-34.865582],[138.570619,-34.866326],[138.570843,-34.869286],[138.570846,-34.869906],[138.570882,-34.870992]]}},{"type":"Feature","properties":{"tier":"high"},"geometry":{"type":"LineString","coordinates":[[138.566441,-34.859713],[138.566161,-34.859311],[138.565872,-34.8588],[138.565614,-34.858261],[138.565407,-34.857782],[138.565204,-34.857181],[138.565029,-34.856406],[138.564981,-34.856064],[138.564941,-34.855728],[138.564359,-34.845984],[138.564257,-34.844537],[138.564093,-34.84279],[138.564019,-34.842596]]}},{"type":"Feature","properties":{"tier":"regional"},"geometry":{"type":"LineString","coordinates":[[138.563324,-34.845166],[138.564028,-34.845137]]}},{"type":"Feature","properties":{"tier":"arterial"},"geometry":{"type":"LineString","coordinates":[[138.564597,-34.847049],[138.564502,-34.846987],[138.564473,-34.846912],[138.564365,-34.845132],[138.564264,-34.843683],[138.564089,-34.842296]]}},{"type":"Feature","properties":{"tier":"high"},"geometry":{"type":"LineString","coordinates":[[138.610137,-34.834197],[138.610163,-34.834023],[138.610168,-34.83397],[138.610168,-34.833918],[138.610155,-34.833869],[138.610137,-34.83384],[138.610112,-34.833806],[138.610077,-34.833779],[138.609913,-34.833679]]}},{"type":"Feature","properties":{"tier":"high"},"geometry":{"type":"LineString","coordinates":[[138.609913,-34.833679],[138.610242,-34.833694],[138.610488,-34.833667]]}},{"type":"Feature","properties":{"tier":"regional"},"geometry":{"type":"LineString","coordinates":[[138.615699,-34.825932],[138.61583,-34.825978],[138.615885,-34.826002],[138.61592,-34.826021],[138.615953,-34.826043],[138.616029,-34.826095]]}},{"type":"Feature","properties":{"tier":"high"},"geometry":{"type":"LineString","coordinates":[[138.615699,-34.825932],[138.615842,-34.825935],[138.615939,-34.825919],[138.616002,-34.825909],[138.616095,-34.825879],[138.616298,-34.825804]]}},{"type":"Feature","properties":{"tier":"high"},"geometry":{"type":"LineString","coordinates":[[138.615758,-34.826438],[138.61576,-34.826308],[138.615754,-34.826249],[138.615747,-34.826203],[138.615733,-34.826171],[138.615708,-34.826144],[138.615645,-34.826095]]}},{"type":"Feature","properties":{"tier":"high"},"geometry":{"type":"LineString","coordinates":[[138.61638,-34.825969],[138.616181,-34.826032],[138.616116,-34.826062],[138.616029,-34.826095]]}},{"type":"Feature","properties":{"tier":"high"},"geometry":{"type":"LineString","coordinates":[[138.598189,-34.848134],[138.599656,-34.84804]]}},{"type":"Feature","properties":{"tier":"high"},"geometry":{"type":"LineString","coordinates":[[138.606862,-34.839234],[138.606803,-34.839316]]}},{"type":"Feature","properties":{"tier":"high"},"geometry":{"type":"LineString","coordinates":[[138.603121,-34.843987],[138.603174,-34.843915],[138.603345,-34.843685]]}},{"type":"Feature","properties":{"tier":"high"},"geometry":{"type":"LineString","coordinates":[[138.614754,-34.828142],[138.614657,-34.828272]]}},{"type":"Feature","properties":{"tier":"high"},"geometry":{"type":"LineString","coordinates":[[138.62502,-34.816465],[138.62499,-34.816497],[138.624874,-34.816625],[138.624743,-34.816769],[138.624317,-34.817249],[138.624068,-34.817527],[138.623813,-34.817814],[138.623736,-34.817899],[138.623074,-34.818644],[138.62217,-34.819665],[138.621178,-34.820761],[138.620379,-34.821655],[138.619843,-34.822268]]}},{"type":"Feature","properties":{"tier":"high"},"geometry":{"type":"LineString","coordinates":[[138.61818,-34.824092],[138.617929,-34.824362],[138.61789,-34.824404],[138.617823,-34.824477]]}},{"type":"Feature","properties":{"tier":"high"},"geometry":{"type":"LineString","coordinates":[[138.61295,-34.830272],[138.612952,-34.830344],[138.612952,-34.830403],[138.612942,-34.830472],[138.612919,-34.830641]]}},{"type":"Feature","properties":{"tier":"high"},"geometry":{"type":"LineString","coordinates":[[138.607768,-34.838016],[138.607653,-34.838176],[138.60763,-34.838207],[138.606979,-34.839102]]}},{"type":"Feature","properties":{"tier":"high"},"geometry":{"type":"LineString","coordinates":[[138.60334,-34.844059],[138.602803,-34.844811],[138.602616,-34.845065]]}},{"type":"Feature","properties":{"tier":"high"},"geometry":{"type":"LineString","coordinates":[[138.609982,-34.834862],[138.609874,-34.835028],[138.609562,-34.83551],[138.609477,-34.83564],[138.609016,-34.836298]]}},{"type":"Feature","properties":{"tier":"high"},"geometry":{"type":"LineString","coordinates":[[138.616029,-34.826095],[138.616042,-34.826112],[138.61605,-34.826139],[138.616046,-34.826177],[138.616011,-34.826264],[138.615974,-34.82647]]}},{"type":"Feature","properties":{"tier":"high"},"geometry":{"type":"LineString","coordinates":[[138.601116,-34.847061],[138.601021,-34.847193],[138.6007,-34.847619]]}},{"type":"Feature","properties":{"tier":"high"},"geometry":{"type":"LineString","coordinates":[[138.600114,-34.848161],[138.600095,-34.848019]]}},{"type":"Feature","properties":{"tier":"high"},"geometry":{"type":"LineString","coordinates":[[138.611785,-34.832192],[138.611755,-34.832138],[138.611755,-34.832103],[138.611764,-34.832047],[138.611778,-34.831989],[138.611811,-34.831938],[138.611864,-34.831851],[138.611956,-34.831587]]}},{"type":"Feature","properties":{"tier":"high"},"geometry":{"type":"LineString","coordinates":[[138.601304,-34.8465],[138.601606,-34.846078],[138.601666,-34.845996],[138.601837,-34.845756],[138.602059,-34.845447]]}},{"type":"Feature","properties":{"tier":"high"},"geometry":{"type":"LineString","coordinates":[[138.612732,-34.830556],[138.612716,-34.830441],[138.612724,-34.830354],[138.61271,-34.830293],[138.612681,-34.83024],[138.61256,-34.830115]]}},{"type":"Feature","properties":{"tier":"high"},"geometry":{"type":"LineString","coordinates":[[138.607592,-34.8379],[138.607633,-34.837654],[138.607634,-34.837614],[138.60763,-34.837562]]}},{"type":"Feature","properties":{"tier":"high"},"geometry":{"type":"LineString","coordinates":[[138.607601,-34.837423],[138.607727,-34.837407],[138.607792,-34.837407],[138.607824,-34.837403],[138.607852,-34.8374],[138.607922,-34.837383],[138.607988,-34.837358]]}},{"type":"Feature","properties":{"tier":"high"},"geometry":{"type":"LineString","coordinates":[[138.62482,-34.816372],[138.624857,-34.816238],[138.624862,-34.816208],[138.624863,-34.816165],[138.624858,-34.816136],[138.624852,-34.816104],[138.62484,-34.816047]]}},{"type":"Feature","properties":{"tier":"arterial"},"geometry":{"type":"LineString","coordinates":[[138.618339,-34.824451],[138.619495,-34.824432]]}},{"type":"Feature","properties":{"tier":"arterial"},"geometry":{"type":"LineString","coordinates":[[138.617592,-34.824495],[138.617823,-34.824477]]}},{"type":"Feature","properties":{"tier":"arterial"},"geometry":{"type":"LineString","coordinates":[[138.616998,-34.82454],[138.617187,-34.824526],[138.617216,-34.824523]]}},{"type":"Feature","properties":{"tier":"high"},"geometry":{"type":"LineString","coordinates":[[138.617153,-34.824988],[138.617163,-34.824883],[138.617164,-34.824836],[138.61716,-34.824793],[138.617148,-34.824742],[138.617115,-34.8247],[138.617035,-34.824648]]}},{"type":"Feature","properties":{"tier":"arterial"},"geometry":{"type":"LineString","coordinates":[[138.61616,-34.824761],[138.614339,-34.825019]]}},{"type":"Feature","properties":{"tier":"high"},"geometry":{"type":"LineString","coordinates":[[138.61818,-34.824092],[138.618192,-34.824207],[138.618185,-34.824261],[138.618186,-34.8243],[138.61819,-34.824328],[138.618201,-34.824354],[138.61822,-34.824382],[138.618238,-34.824401],[138.618305,-34.824453]]}},{"type":"Feature","properties":{"tier":"high"},"geometry":{"type":"LineString","coordinates":[[138.612004,-34.832311],[138.61187,-34.832301],[138.611809,-34.832301],[138.611766,-34.832301],[138.61169,-34.832316]]}},{"type":"Feature","properties":{"tier":"high"},"geometry":{"type":"LineString","coordinates":[[138.611311,-34.832468],[138.611443,-34.832405],[138.611517,-34.832335],[138.611578,-34.832279],[138.611626,-34.83224],[138.611651,-34.832223],[138.611711,-34.832198],[138.611735,-34.832194],[138.611785,-34.832192]]}},{"type":"Feature","properties":{"tier":"high"},"geometry":{"type":"LineString","coordinates":[[138.624777,-34.815883],[138.624911,-34.815917],[138.624954,-34.815921],[138.625001,-34.815919],[138.62502,-34.815917]]}},{"type":"Feature","properties":{"tier":"high"},"geometry":{"type":"LineString","coordinates":[[138.61516,-34.827243],[138.615341,-34.827329]]}},{"type":"Feature","properties":{"tier":"high"},"geometry":{"type":"LineString","coordinates":[[138.600227,-34.847481],[138.600261,-34.847561],[138.600296,-34.847593],[138.600319,-34.847602],[138.600355,-34.847605],[138.6004,-34.847602],[138.600443,-34.847592],[138.600487,-34.847577]]}},{"type":"Feature","properties":{"tier":"high"},"geometry":{"type":"LineString","coordinates":[[138.6007,-34.847619],[138.600673,-34.847824],[138.60069,-34.847884],[138.600716,-34.847921],[138.600739,-34.847939],[138.600765,-34.847959],[138.600805,-34.847984]]}},{"type":"Feature","properties":{"tier":"high"},"geometry":{"type":"LineString","coordinates":[[138.605066,-34.841329],[138.605139,-34.841309],[138.605169,-34.84129],[138.605211,-34.841264],[138.605242,-34.841246],[138.605287,-34.841231],[138.605337,-34.841225],[138.605411,-34.841234]]}},{"type":"Feature","properties":{"tier":"high"},"geometry":{"type":"LineString","coordinates":[[138.605411,-34.841234],[138.605369,-34.841176],[138.60536,-34.841154],[138.605358,-34.84112],[138.605379,-34.841037],[138.605411,-34.840959],[138.605424,-34.840921],[138.605434,-34.840837]]}},{"type":"Feature","properties":{"tier":"high"},"geometry":{"type":"LineString","coordinates":[[138.617376,-34.847345],[138.617206,-34.847345]]}},{"type":"Feature","properties":{"tier":"high"},"geometry":{"type":"LineString","coordinates":[[138.617198,-34.847832],[138.61707,-34.847563],[138.617046,-34.847516],[138.617017,-34.847462],[138.616872,-34.847349]]}},{"type":"Feature","properties":{"tier":"high"},"geometry":{"type":"LineString","coordinates":[[138.616542,-34.847212],[138.617041,-34.847069],[138.617124,-34.847046],[138.617243,-34.847005],[138.617311,-34.846962]]}},{"type":"Feature","properties":{"tier":"high"},"geometry":{"type":"LineString","coordinates":[[138.593366,-34.848505],[138.592116,-34.84853],[138.591727,-34.848553]]}},{"type":"Feature","properties":{"tier":"high"},"geometry":{"type":"LineString","coordinates":[[138.610449,-34.847511],[138.610802,-34.847494],[138.611149,-34.847477],[138.612689,-34.847403],[138.613619,-34.847358],[138.613689,-34.847354],[138.61375,-34.847352],[138.613823,-34.84735],[138.614091,-34.847341]]}},{"type":"Feature","properties":{"tier":"high"},"geometry":{"type":"LineString","coordinates":[[138.616296,-34.847363],[138.616108,-34.84737],[138.615094,-34.847424],[138.61462,-34.847445],[138.614592,-34.847446],[138.613833,-34.847484],[138.613694,-34.847491],[138.613504,-34.8475],[138.613353,-34.847509],[138.612699,-34.84754],[138.61255,-34.847547],[138.610816,-34.847636],[138.6104,-34.847657]]}},{"type":"Feature","properties":{"tier":"high"},"geometry":{"type":"LineString","coordinates":[[138.622713,-34.847305],[138.622954,-34.847307],[138.623357,-34.847309],[138.623623,-34.847309],[138.623741,-34.847304]]}},{"type":"Feature","properties":{"tier":"high"},"geometry":{"type":"LineString","coordinates":[[138.617206,-34.847345],[138.617221,-34.847218]]}},{"type":"Feature","properties":{"tier":"arterial"},"geometry":{"type":"LineString","coordinates":[[138.61749,-34.846993],[138.617467,-34.847052],[138.617449,-34.847089],[138.617408,-34.84722]]}},{"type":"Feature","properties":{"tier":"high"},"geometry":{"type":"LineString","coordinates":[[138.617408,-34.84722],[138.61739,-34.847289],[138.617376,-34.847345]]}},{"type":"Feature","properties":{"tier":"high"},"geometry":{"type":"LineString","coordinates":[[138.600118,-34.845725],[138.600144,-34.846088],[138.600162,-34.846331],[138.600185,-34.846736]]}},{"type":"Feature","properties":{"tier":"high"},"geometry":{"type":"LineString","coordinates":[[138.600156,-34.8487],[138.600123,-34.848279],[138.600122,-34.848267],[138.60012,-34.848239],[138.600114,-34.848161]]}},{"type":"Feature","properties":{"tier":"high"},"geometry":{"type":"LineString","coordinates":[[138.600487,-34.847577],[138.600811,-34.847171],[138.600876,-34.847082],[138.601021,-34.846885]]}},{"type":"Feature","properties":{"tier":"high"},"geometry":{"type":"LineString","coordinates":[[138.600054,-34.847664],[138.599994,-34.846744],[138.599966,-34.846335],[138.599882,-34.845131],[138.599871,-34.84497]]}},{"type":"Feature","properties":{"tier":"high"},"geometry":{"type":"LineString","coordinates":[[138.598672,-34.827598],[138.598687,-34.827807],[138.598711,-34.828159]]}},{"type":"Feature","properties":{"tier":"arterial"},"geometry":{"type":"LineString","coordinates":[[138.598839,-34.83746],[138.598235,-34.837595],[138.59803,-34.837641]]}},{"type":"Feature","properties":{"tier":"arterial"},"geometry":{"type":"LineString","coordinates":[[138.596734,-34.837814],[138.598539,-34.837421]]}},{"type":"Feature","properties":{"tier":"arterial"},"geometry":{"type":"LineString","coordinates":[[138.59927,-34.837327],[138.59919,-34.837367],[138.599153,-34.837382],[138.599087,-34.837402],[138.598839,-34.83746]]}},{"type":"Feature","properties":{"tier":"high"},"geometry":{"type":"LineString","coordinates":[[138.599357,-34.836866],[138.599339,-34.837012],[138.599335,-34.837088],[138.599321,-34.837194],[138.599313,-34.837229],[138.599301,-34.837265],[138.599286,-34.837299],[138.59927,-34.837327]]}},{"type":"Feature","properties":{"tier":"regional"},"geometry":{"type":"LineString","coordinates":[[138.59848,-34.827685],[138.598386,-34.82774],[138.598252,-34.827828],[138.598152,-34.827901]]}},{"type":"Feature","properties":{"tier":"regional"},"geometry":{"type":"LineString","coordinates":[[138.598069,-34.827813],[138.598342,-34.827639],[138.598375,-34.827618],[138.598471,-34.827557]]}},{"type":"Feature","properties":{"tier":"high"},"geometry":{"type":"LineString","coordinates":[[138.59852,-34.828219],[138.59843,-34.828057],[138.5984,-34.828011],[138.598379,-34.827983],[138.598343,-34.827941],[138.598312,-34.827926],[138.598263,-34.827905],[138.598218,-34.8279],[138.598152,-34.827901]]}},{"type":"Feature","properties":{"tier":"regional"},"geometry":{"type":"LineString","coordinates":[[138.598152,-34.827901],[138.597904,-34.828083],[138.597715,-34.828245],[138.597452,-34.828494],[138.597311,-34.828659]]}},{"type":"Feature","properties":{"tier":"high"},"geometry":{"type":"LineString","coordinates":[[138.598623,-34.826881],[138.598744,-34.827132],[138.598766,-34.827173],[138.598813,-34.827232],[138.598872,-34.827272],[138.598909,-34.827284],[138.59903,-34.827294]]}},{"type":"Feature","properties":{"tier":"regional"},"geometry":{"type":"LineString","coordinates":[[138.602768,-34.831186],[138.602698,-34.831214]]}},{"type":"Feature","properties":{"tier":"high"},"geometry":{"type":"LineString","coordinates":[[138.598539,-34.837421],[138.598662,-34.837348],[138.598764,-34.837285],[138.598858,-34.837211],[138.598932,-34.837133],[138.599016,-34.837033],[138.599071,-34.83694],[138.599112,-34.836831],[138.599131,-34.836718],[138.599135,-34.836602],[138.599152,-34.836281],[138.599163,-34.83596]]}},{"type":"Feature","properties":{"tier":"arterial"},"geometry":{"type":"LineString","coordinates":[[138.598539,-34.837421],[138.59895,-34.837328],[138.59909,-34.837308],[138.599132,-34.837306],[138.59919,-34.837312],[138.59927,-34.837327]]}},{"type":"Feature","properties":{"tier":"high"},"geometry":{"type":"LineString","coordinates":[[138.599525,-34.838593],[138.599536,-34.839056]]}},{"type":"Feature","properties":{"tier":"high"},"geometry":{"type":"LineString","coordinates":[[138.598884,-34.832638],[138.598839,-34.832106],[138.598828,-34.831981],[138.5988,-34.831639],[138.598793,-34.831563],[138.598755,-34.831114]]}},{"type":"Feature","properties":{"tier":"high"},"geometry":{"type":"LineString","coordinates":[[138.597886,-34.816514],[138.597921,-34.816985],[138.598084,-34.81916]]}},{"type":"Feature","properties":{"tier":"regional"},"geometry":{"type":"LineString","coordinates":[[138.599306,-34.831631],[138.599099,-34.831624],[138.599062,-34.831623],[138.598996,-34.831604]]}},{"type":"Feature","properties":{"tier":"high"},"geometry":{"type":"LineString","coordinates":[[138.597231,-34.816223],[138.597315,-34.816198],[138.597352,-34.816181],[138.597399,-34.816156],[138.597457,-34.816114],[138.597489,-34.816067],[138.597501,-34.816042],[138.597512,-34.816019],[138.597613,-34.815829]]}},{"type":"Feature","properties":{"tier":"high"},"geometry":{"type":"LineString","coordinates":[[138.598069,-34.827813],[138.598279,-34.827504],[138.598319,-34.827421],[138.598348,-34.827333],[138.598363,-34.827242],[138.598366,-34.827194],[138.598404,-34.826667]]}},{"type":"Feature","properties":{"tier":"high"},"geometry":{"type":"LineString","coordinates":[[138.595255,-34.813955],[138.595449,-34.813737],[138.596114,-34.812993],[138.596571,-34.81248]]}},{"type":"Feature","properties":{"tier":"high"},"geometry":{"type":"LineString","coordinates":[[138.598593,-34.829343],[138.598674,-34.829184],[138.598698,-34.829156],[138.598731,-34.829142],[138.598781,-34.829133]]}},{"type":"Feature","properties":{"tier":"high"},"geometry":{"type":"LineString","coordinates":[[138.597681,-34.816497],[138.597613,-34.816416],[138.597578,-34.816352],[138.597552,-34.816324],[138.597515,-34.816302],[138.597471,-34.816279],[138.597428,-34.816262],[138.597357,-34.816239],[138.597231,-34.816223]]}},{"type":"Feature","properties":{"tier":"high"},"geometry":{"type":"LineString","coordinates":[[138.59978,-34.844069],[138.59998,-34.844064]]}},{"type":"Feature","properties":{"tier":"high"},"geometry":{"type":"LineString","coordinates":[[138.601447,-34.863655],[138.60144,-34.863666],[138.60143,-34.863679],[138.601339,-34.863729]]}},{"type":"Feature","properties":{"tier":"high"},"geometry":{"type":"LineString","coordinates":[[138.601328,-34.863584],[138.601425,-34.863634],[138.601439,-34.863647],[138.601447,-34.863655]]}},{"type":"Feature","properties":{"tier":"regional"},"geometry":{"type":"LineString","coordinates":[[138.601626,-34.867852],[138.601712,-34.867848],[138.601967,-34.867837],[138.602688,-34.867806],[138.6034,-34.867776],[138.603762,-34.86776],[138.603827,-34.867758],[138.603896,-34.867755],[138.604809,-34.867715],[138.605388,-34.867691],[138.605755,-34.867675],[138.605796,-34.867673],[138.606605,-34.867638],[138.606803,-34.86763],[138.607758,-34.867589],[138.609585,-34.867492],[138.612063,-34.867355]]}},{"type":"Feature","properties":{"tier":"high"},"geometry":{"type":"LineString","coordinates":[[138.600312,-34.849043],[138.600329,-34.849385]]}},{"type":"Feature","properties":{"tier":"high"},"geometry":{"type":"LineString","coordinates":[[138.602024,-34.873674],[138.602029,-34.873736],[138.602036,-34.873838]]}},{"type":"Feature","properties":{"tier":"high"},"geometry":{"type":"LineString","coordinates":[[138.60068,-34.854308],[138.600721,-34.854966]]}},{"type":"Feature","properties":{"tier":"high"},"geometry":{"type":"LineString","coordinates":[[138.601607,-34.87361],[138.601744,-34.873555],[138.601785,-34.873535],[138.601808,-34.873514],[138.60184,-34.873477],[138.601878,-34.873418]]}},{"type":"Feature","properties":{"tier":"high"},"geometry":{"type":"LineString","coordinates":[[138.600529,-34.852316],[138.600398,-34.852319]]}},{"type":"Feature","properties":{"tier":"high"},"geometry":{"type":"LineString","coordinates":[[138.600377,-34.850146],[138.60026,-34.850154]]}},{"type":"Feature","properties":{"tier":"arterial"},"geometry":{"type":"LineString","coordinates":[[138.599464,-34.873801],[138.599153,-34.873816]]}},{"type":"Feature","properties":{"tier":"arterial"},"geometry":{"type":"LineString","coordinates":[[138.602017,-34.873587],[138.602104,-34.873582],[138.6024,-34.873565],[138.60258,-34.873558],[138.6027,-34.873553],[138.603194,-34.873532],[138.603722,-34.873509],[138.604202,-34.873485]]}},{"type":"Feature","properties":{"tier":"high"},"geometry":{"type":"LineString","coordinates":[[138.60103,-34.860798],[138.601137,-34.860793]]}},{"type":"Feature","properties":{"tier":"high"},"geometry":{"type":"LineString","coordinates":[[138.600314,-34.851135],[138.60044,-34.85113]]}},{"type":"Feature","properties":{"tier":"high"},"geometry":{"type":"LineString","coordinates":[[138.590195,-34.819508],[138.590056,-34.819745],[138.59004,-34.819781],[138.590033,-34.819812],[138.590044,-34.819844],[138.590062,-34.819873],[138.590099,-34.819908],[138.590128,-34.819931],[138.590174,-34.819952],[138.590286,-34.819997]]}},{"type":"Feature","properties":{"tier":"high"},"geometry":{"type":"LineString","coordinates":[[138.590286,-34.819997],[138.590097,-34.820002],[138.589998,-34.820007],[138.589925,-34.820016],[138.589855,-34.820035],[138.589803,-34.820052],[138.589735,-34.820095],[138.589648,-34.820162],[138.589427,-34.820307]]}},{"type":"Feature","properties":{"tier":"high"},"geometry":{"type":"LineString","coordinates":[[138.570538,-34.832767],[138.568829,-34.832714],[138.568412,-34.832695],[138.567795,-34.832679],[138.567452,-34.832673],[138.567085,-34.832673],[138.566375,-34.832693],[138.56555,-34.832733],[138.56541,-34.832745]]}},{"type":"Feature","properties":{"tier":"high"},"geometry":{"type":"LineString","coordinates":[[138.594193,-34.815363],[138.593823,-34.815768],[138.592696,-34.816934],[138.592489,-34.817147]]}},{"type":"Feature","properties":{"tier":"high"},"geometry":{"type":"LineString","coordinates":[[138.570538,-34.832767],[138.570314,-34.832808],[138.568566,-34.832759],[138.568252,-34.832753],[138.567703,-34.832763],[138.566682,-34.832794],[138.565208,-34.832874],[138.565032,-34.832889],[138.564744,-34.832936],[138.564523,-34.832993],[138.564342,-34.833055],[138.564098,-34.833161]]}},{"type":"Feature","properties":{"tier":"arterial"},"geometry":{"type":"LineString","coordinates":[[138.582794,-34.848467],[138.582718,-34.848547],[138.582626,-34.848653],[138.582571,-34.84873],[138.582518,-34.848829],[138.582499,-34.848903],[138.582495,-34.848932],[138.582482,-34.849021]]}},{"type":"Feature","properties":{"tier":"high"},"geometry":{"type":"LineString","coordinates":[[138.581335,-34.849193],[138.581799,-34.849057],[138.58194,-34.849007],[138.582057,-34.848955],[138.582143,-34.848915],[138.582201,-34.848877],[138.582277,-34.848819],[138.582327,-34.848762],[138.582392,-34.848683]]}},{"type":"Feature","properties":{"tier":"high"},"geometry":{"type":"LineString","coordinates":[[138.595388,-34.848292],[138.595393,-34.848378]]}},{"type":"Feature","properties":{"tier":"arterial"},"geometry":{"type":"LineString","coordinates":[[138.592352,-34.862914],[138.592341,-34.862773],[138.592333,-34.862667],[138.592352,-34.862535]]}},{"type":"Feature","properties":{"tier":"high"},"geometry":{"type":"LineString","coordinates":[[138.564445,-34.849848],[138.564372,-34.849851],[138.564226,-34.849856]]}},{"type":"Feature","properties":{"tier":"high"},"geometry":{"type":"LineString","coordinates":[[138.575437,-34.849673],[138.576519,-34.849637],[138.577622,-34.849602]]}},{"type":"Feature","properties":{"tier":"high"},"geometry":{"type":"LineString","coordinates":[[138.56248,-34.849733],[138.562944,-34.849689],[138.563297,-34.849662],[138.563408,-34.849659],[138.563522,-34.849656],[138.563603,-34.849657],[138.564032,-34.849663]]}},{"type":"Feature","properties":{"tier":"high"},"geometry":{"type":"LineString","coordinates":[[138.591386,-34.848572],[138.591279,-34.848577]]}},{"type":"Feature","properties":{"tier":"high"},"geometry":{"type":"LineString","coordinates":[[138.569187,-34.849631],[138.571498,-34.849765],[138.573196,-34.849749]]}},{"type":"Feature","properties":{"tier":"high"},"geometry":{"type":"LineString","coordinates":[[138.565027,-34.849645],[138.565966,-34.849593],[138.567011,-34.849573],[138.567537,-34.849575],[138.568482,-34.849603]]}},{"type":"Feature","properties":{"tier":"high"},"geometry":{"type":"LineString","coordinates":[[138.564775,-34.849655],[138.564857,-34.849651],[138.565027,-34.849645]]}},{"type":"Feature","properties":{"tier":"high"},"geometry":{"type":"LineString","coordinates":[[138.568482,-34.849603],[138.569013,-34.849623]]}},{"type":"Feature","properties":{"tier":"high"},"geometry":{"type":"LineString","coordinates":[[138.564981,-34.849818],[138.564869,-34.849826],[138.564837,-34.849828],[138.564788,-34.849831]]}},{"type":"Feature","properties":{"tier":"high"},"geometry":{"type":"LineString","coordinates":[[138.573881,-34.849724],[138.574218,-34.84971]]}},{"type":"Feature","properties":{"tier":"high"},"geometry":{"type":"LineString","coordinates":[[138.564454,-34.850376],[138.564395,-34.850239],[138.564382,-34.850115],[138.564372,-34.850054],[138.564355,-34.850001],[138.564328,-34.849944],[138.564311,-34.849916],[138.564226,-34.849856]]}},{"type":"Feature","properties":{"tier":"arterial"},"geometry":{"type":"LineString","coordinates":[[138.591378,-34.848468],[138.591386,-34.848572]]}},{"type":"Feature","properties":{"tier":"regional"},"geometry":{"type":"LineString","coordinates":[[138.591368,-34.848349],[138.59137,-34.848375],[138.591372,-34.848401],[138.591378,-34.848468]]}},{"type":"Feature","properties":{"tier":"arterial"},"geometry":{"type":"LineString","coordinates":[[138.591386,-34.848572],[138.591391,-34.848629],[138.591393,-34.848656],[138.591404,-34.848795]]}},{"type":"Feature","properties":{"tier":"arterial"},"geometry":{"type":"LineString","coordinates":[[138.591404,-34.848795],[138.59143,-34.849121]]}},{"type":"Feature","properties":{"tier":"arterial"},"geometry":{"type":"LineString","coordinates":[[138.591459,-34.849479],[138.591478,-34.849753],[138.591487,-34.849876],[138.591535,-34.85056],[138.591546,-34.850711],[138.591676,-34.852735],[138.591699,-34.853066]]}},{"type":"Feature","properties":{"tier":"high"},"geometry":{"type":"LineString","coordinates":[[138.591727,-34.848553],[138.591583,-34.848599],[138.591557,-34.84861],[138.591529,-34.848631],[138.59152,-34.848639],[138.591505,-34.848653],[138.591483,-34.848681],[138.591463,-34.848711],[138.591439,-34.848741],[138.591404,-34.848795]]}},{"type":"Feature","properties":{"tier":"high"},"geometry":{"type":"LineString","coordinates":[[138.564441,-34.849375],[138.564378,-34.84834],[138.564329,-34.847581]]}},{"type":"Feature","properties":{"tier":"high"},"geometry":{"type":"LineString","coordinates":[[138.56444,-34.849664],[138.564439,-34.849579],[138.564441,-34.849375]]}},{"type":"Feature","properties":{"tier":"high"},"geometry":{"type":"LineString","coordinates":[[138.564032,-34.849663],[138.564172,-34.849615],[138.564265,-34.849585],[138.564355,-34.849565],[138.564401,-34.849516],[138.56442,-34.849472],[138.564441,-34.849375]]}},{"type":"Feature","properties":{"tier":"high"},"geometry":{"type":"LineString","coordinates":[[138.565464,-34.849796],[138.565236,-34.849876],[138.565019,-34.849901],[138.564869,-34.849946],[138.564818,-34.849982],[138.564782,-34.850073]]}},{"type":"Feature","properties":{"tier":"high"},"geometry":{"type":"LineString","coordinates":[[138.575327,-34.849816],[138.575205,-34.849758],[138.575157,-34.849685],[138.575157,-34.84948],[138.575148,-34.849345],[138.575178,-34.849236]]}},{"type":"Feature","properties":{"tier":"high"},"geometry":{"type":"LineString","coordinates":[[138.575178,-34.849236],[138.575266,-34.849354],[138.575268,-34.849493],[138.575279,-34.84955],[138.575308,-34.849587],[138.575344,-34.849612],[138.575437,-34.849673]]}},{"type":"Feature","properties":{"tier":"regional"},"geometry":{"type":"LineString","coordinates":[[138.618763,-34.858711],[138.618696,-34.858713],[138.61848,-34.858715]]}},{"type":"Feature","properties":{"tier":"high"},"geometry":{"type":"LineString","coordinates":[[138.618005,-34.855652],[138.617905,-34.855656]]}},{"type":"Feature","properties":{"tier":"high"},"geometry":{"type":"LineString","coordinates":[[138.617542,-34.851346],[138.617636,-34.851345]]}},{"type":"Feature","properties":{"tier":"high"},"geometry":{"type":"LineString","coordinates":[[138.618572,-34.8651],[138.61856,-34.864761],[138.618525,-34.864132]]}},{"type":"Feature","properties":{"tier":"high"},"geometry":{"type":"LineString","coordinates":[[138.618211,-34.859717],[138.618204,-34.85963],[138.618175,-34.859289],[138.618135,-34.858819],[138.618135,-34.858817],[138.618131,-34.858776],[138.61813,-34.858723]]}},{"type":"Feature","properties":{"tier":"arterial"},"geometry":{"type":"LineString","coordinates":[[138.619173,-34.873099],[138.619084,-34.872977],[138.619039,-34.872921],[138.61899,-34.872876]]}},{"type":"Feature","properties":{"tier":"arterial"},"geometry":{"type":"LineString","coordinates":[[138.619194,-34.871883],[138.619321,-34.872134],[138.619335,-34.87216],[138.619365,-34.872185],[138.619384,-34.872199],[138.61941,-34.872213],[138.619455,-34.872225],[138.619485,-34.872229],[138.61952,-34.872231]]}},{"type":"Feature","properties":{"tier":"high"},"geometry":{"type":"LineString","coordinates":[[138.618346,-34.860344],[138.618248,-34.860349]]}},{"type":"Feature","properties":{"tier":"high"},"geometry":{"type":"LineString","coordinates":[[138.617633,-34.852364],[138.617749,-34.852357]]}},{"type":"Feature","properties":{"tier":"high"},"geometry":{"type":"LineString","coordinates":[[138.618653,-34.866278],[138.61878,-34.866272]]}},{"type":"Feature","properties":{"tier":"high"},"geometry":{"type":"LineString","coordinates":[[138.618518,-34.862735],[138.618426,-34.862738]]}},{"type":"Feature","properties":{"tier":"arterial"},"geometry":{"type":"LineString","coordinates":[[138.593143,-34.874322],[138.593132,-34.874168],[138.593129,-34.874141],[138.593125,-34.874096]]}},{"type":"Feature","properties":{"tier":"arterial"},"geometry":{"type":"LineString","coordinates":[[138.563355,-34.840531],[138.563667,-34.840445],[138.563849,-34.840305]]}},{"type":"Feature","properties":{"tier":"arterial"},"geometry":{"type":"LineString","coordinates":[[138.593355,-34.839666],[138.59332,-34.839884]]}},{"type":"Feature","properties":{"tier":"high"},"geometry":{"type":"LineString","coordinates":[[138.599525,-34.838593],[138.599578,-34.83876],[138.599589,-34.83883],[138.599598,-34.83886],[138.599612,-34.838888],[138.599635,-34.838918],[138.59973,-34.839032]]}},{"type":"Feature","properties":{"tier":"arterial"},"geometry":{"type":"LineString","coordinates":[[138.594232,-34.839145],[138.594113,-34.839047]]}},{"type":"Feature","properties":{"tier":"arterial"},"geometry":{"type":"LineString","coordinates":[[138.583959,-34.873111],[138.583915,-34.872437],[138.583894,-34.87213]]}},{"type":"Feature","properties":{"tier":"arterial"},"geometry":{"type":"LineString","coordinates":[[138.583536,-34.865696],[138.583594,-34.866388],[138.583613,-34.866618],[138.583622,-34.866749],[138.583686,-34.867584],[138.583715,-34.868018],[138.583719,-34.868078]]}},{"type":"Feature","properties":{"tier":"arterial"},"geometry":{"type":"LineString","coordinates":[[138.582634,-34.853776],[138.58274,-34.853771]]}},{"type":"Feature","properties":{"tier":"arterial"},"geometry":{"type":"LineString","coordinates":[[138.582781,-34.855994],[138.582889,-34.855989]]}},{"type":"Feature","properties":{"tier":"arterial"},"geometry":{"type":"LineString","coordinates":[[138.58246,-34.851018],[138.582562,-34.851012]]}},{"type":"Feature","properties":{"tier":"arterial"},"geometry":{"type":"LineString","coordinates":[[138.585328,-34.846202],[138.585469,-34.846086]]}},{"type":"Feature","properties":{"tier":"arterial"},"geometry":{"type":"LineString","coordinates":[[138.585469,-34.846086],[138.585883,-34.845743]]}},{"type":"Feature","properties":{"tier":"arterial"},"geometry":{"type":"LineString","coordinates":[[138.585606,-34.846174],[138.58548,-34.846273]]}},{"type":"Feature","properties":{"tier":"high"},"geometry":{"type":"LineString","coordinates":[[138.59928,-34.837756],[138.599184,-34.837603],[138.59915,-34.837552],[138.599122,-34.83753],[138.59909,-34.837511],[138.599056,-34.837499],[138.599011,-34.837489],[138.598839,-34.83746]]}},{"type":"Feature","properties":{"tier":"high"},"geometry":{"type":"LineString","coordinates":[[138.57379,-34.849892],[138.573757,-34.849729]]}},{"type":"Feature","properties":{"tier":"regional"},"geometry":{"type":"LineString","coordinates":[[138.573918,-34.849885],[138.573937,-34.849967],[138.573963,-34.850082]]}},{"type":"Feature","properties":{"tier":"regional"},"geometry":{"type":"LineString","coordinates":[[138.594635,-34.83124],[138.593764,-34.831943],[138.593548,-34.832118],[138.590973,-34.834213]]}},{"type":"Feature","properties":{"tier":"regional"},"geometry":{"type":"LineString","coordinates":[[138.583044,-34.840737],[138.582994,-34.840795],[138.582667,-34.841058],[138.582439,-34.841245],[138.582376,-34.841296],[138.582335,-34.841344],[138.582299,-34.841396],[138.582266,-34.841456],[138.582229,-34.841587],[138.582113,-34.841984],[138.582059,-34.842028]]}},{"type":"Feature","properties":{"tier":"regional"},"geometry":{"type":"LineString","coordinates":[[138.582059,-34.842028],[138.58205,-34.841965],[138.582175,-34.841461],[138.582199,-34.841405],[138.582253,-34.841325],[138.582342,-34.841234],[138.582703,-34.840931],[138.582781,-34.840867],[138.582823,-34.84079],[138.582848,-34.840739]]}},{"type":"Feature","properties":{"tier":"regional"},"geometry":{"type":"LineString","coordinates":[[138.582703,-34.840931],[138.582724,-34.840858],[138.582737,-34.8408],[138.582742,-34.840764],[138.582742,-34.840718],[138.582731,-34.840644]]}},{"type":"Feature","properties":{"tier":"high"},"geometry":{"type":"LineString","coordinates":[[138.580168,-34.832862],[138.57982,-34.832912],[138.579483,-34.832938],[138.579016,-34.832949],[138.578676,-34.832939],[138.577236,-34.832913],[138.575295,-34.832883],[138.572957,-34.832816],[138.572145,-34.832798],[138.571385,-34.832782],[138.570538,-34.832767]]}},{"type":"Feature","properties":{"tier":"high"},"geometry":{"type":"LineString","coordinates":[[138.601008,-34.85407],[138.600875,-34.854115],[138.600832,-34.854137],[138.600807,-34.854156],[138.600784,-34.854174],[138.600754,-34.854199],[138.600734,-34.854223],[138.600716,-34.854248],[138.60068,-34.854308]]}},{"type":"Feature","properties":{"tier":"arterial"},"geometry":{"type":"LineString","coordinates":[[138.623773,-34.837907],[138.623889,-34.837916],[138.623953,-34.837911],[138.623982,-34.837906],[138.624002,-34.837902],[138.624062,-34.837881],[138.624147,-34.83783]]}},{"type":"Feature","properties":{"tier":"arterial"},"geometry":{"type":"LineString","coordinates":[[138.624086,-34.838081],[138.623887,-34.838338]]}},{"type":"Feature","properties":{"tier":"arterial"},"geometry":{"type":"LineString","coordinates":[[138.623791,-34.838385],[138.62381,-34.838307],[138.623855,-34.838243]]}},{"type":"Feature","properties":{"tier":"arterial"},"geometry":{"type":"LineString","coordinates":[[138.621275,-34.841844],[138.621585,-34.841423],[138.621652,-34.841333],[138.621742,-34.841207],[138.622413,-34.840271],[138.623622,-34.838607],[138.623791,-34.838385]]}},{"type":"Feature","properties":{"tier":"arterial"},"geometry":{"type":"LineString","coordinates":[[138.619677,-34.84395],[138.619756,-34.843989]]}},{"type":"Feature","properties":{"tier":"arterial"},"geometry":{"type":"LineString","coordinates":[[138.62502,-34.836725],[138.624975,-34.836703]]}},{"type":"Feature","properties":{"tier":"regional"},"geometry":{"type":"LineString","coordinates":[[138.624,-34.838039],[138.624086,-34.838081]]}},{"type":"Feature","properties":{"tier":"regional"},"geometry":{"type":"LineString","coordinates":[[138.623412,-34.83775],[138.623695,-34.83787],[138.623773,-34.837907],[138.62392,-34.837976],[138.623947,-34.837989],[138.624,-34.838039]]}},{"type":"Feature","properties":{"tier":"arterial"},"geometry":{"type":"LineString","coordinates":[[138.623855,-34.838243],[138.623861,-34.83815],[138.623861,-34.838111],[138.623858,-34.838073],[138.623844,-34.838042],[138.623808,-34.837978]]}},{"type":"Feature","properties":{"tier":"regional"},"geometry":{"type":"LineString","coordinates":[[138.565182,-34.859156],[138.565204,-34.859515],[138.565215,-34.859697],[138.565242,-34.860116],[138.565268,-34.860484],[138.565271,-34.860527],[138.565291,-34.860793],[138.565293,-34.860824],[138.565322,-34.861222],[138.56534,-34.861615]]}},{"type":"Feature","properties":{"tier":"regional"},"geometry":{"type":"LineString","coordinates":[[138.573611,-34.851188],[138.573844,-34.85118],[138.573902,-34.85117]]}},{"type":"Feature","properties":{"tier":"regional"},"geometry":{"type":"LineString","coordinates":[[138.611453,-34.818677],[138.611448,-34.818215],[138.611436,-34.818091],[138.611403,-34.818023],[138.611382,-34.817977],[138.611377,-34.817972],[138.611302,-34.817893],[138.611216,-34.817831],[138.611099,-34.817783],[138.610947,-34.817753],[138.610813,-34.817753],[138.610559,-34.81775],[138.6104,-34.817749],[138.609684,-34.817741],[138.609187,-34.817735],[138.609094,-34.817734]]}},{"type":"Feature","properties":{"tier":"regional"},"geometry":{"type":"LineString","coordinates":[[138.608838,-34.817727],[138.608704,-34.817727],[138.608522,-34.81769],[138.60838,-34.817647],[138.608261,-34.817595],[138.608106,-34.817511],[138.60802,-34.817446],[138.607895,-34.817302],[138.607821,-34.817191],[138.607781,-34.817076],[138.607755,-34.816933],[138.607748,-34.816796],[138.607753,-34.816648],[138.607757,-34.816524],[138.607747,-34.816452],[138.607712,-34.816389]]}},{"type":"Feature","properties":{"tier":"regional"},"geometry":{"type":"LineString","coordinates":[[138.61415,-34.824936],[138.614082,-34.824877],[138.61406,-34.824787]]}},{"type":"Feature","properties":{"tier":"arterial"},"geometry":{"type":"LineString","coordinates":[[138.613267,-34.825058],[138.613866,-34.824905],[138.613963,-34.824848],[138.61406,-34.824787]]}},{"type":"Feature","properties":{"tier":"arterial"},"geometry":{"type":"LineString","coordinates":[[138.614077,-34.824289],[138.614198,-34.824536],[138.614227,-34.824664],[138.614334,-34.824809],[138.614392,-34.824844],[138.614645,-34.824868]]}},{"type":"Feature","properties":{"tier":"regional"},"geometry":{"type":"LineString","coordinates":[[138.616029,-34.826095],[138.615985,-34.826111],[138.615933,-34.826115],[138.615844,-34.826113],[138.615732,-34.826104],[138.615645,-34.826095]]}},{"type":"Feature","properties":{"tier":"regional"},"geometry":{"type":"LineString","coordinates":[[138.602732,-34.831128],[138.602805,-34.831098],[138.602905,-34.831057]]}},{"type":"Feature","properties":{"tier":"regional"},"geometry":{"type":"LineString","coordinates":[[138.605771,-34.829915],[138.606242,-34.829724],[138.607132,-34.829353],[138.608354,-34.828856],[138.608868,-34.828643],[138.609012,-34.828584],[138.609527,-34.828377],[138.610395,-34.828029],[138.610678,-34.827915],[138.611411,-34.82761],[138.61159,-34.827536],[138.612029,-34.827359],[138.612649,-34.827107],[138.614964,-34.826169]]}},{"type":"Feature","properties":{"tier":"regional"},"geometry":{"type":"LineString","coordinates":[[138.614054,-34.873378],[138.614096,-34.873971],[138.614102,-34.874063],[138.614114,-34.874261],[138.614136,-34.874597],[138.614141,-34.874671],[138.614167,-34.87502]]}},{"type":"Feature","properties":{"tier":"regional"},"geometry":{"type":"LineString","coordinates":[[138.613986,-34.873014],[138.614016,-34.873092]]}},{"type":"Feature","properties":{"tier":"arterial"},"geometry":{"type":"LineString","coordinates":[[138.614339,-34.825019],[138.61415,-34.824936]]}},{"type":"Feature","properties":{"tier":"high"},"geometry":{"type":"LineString","coordinates":[[138.598996,-34.831604],[138.598963,-34.831582],[138.598909,-34.831533],[138.598854,-34.831414],[138.598755,-34.831114]]}},{"type":"Feature","properties":{"tier":"high"},"geometry":{"type":"LineString","coordinates":[[138.599306,-34.831631],[138.599165,-34.831661],[138.599132,-34.831676],[138.599083,-34.83172],[138.599051,-34.83175],[138.599019,-34.831836]]}},{"type":"Feature","properties":{"tier":"regional"},"geometry":{"type":"LineString","coordinates":[[138.56248,-34.863584],[138.564166,-34.863499],[138.564219,-34.863497]]}},{"type":"Feature","properties":{"tier":"regional"},"geometry":{"type":"LineString","coordinates":[[138.62325,-34.858523],[138.623128,-34.85851],[138.623057,-34.858502],[138.6229,-34.858485]]}},{"type":"Feature","properties":{"tier":"regional"},"geometry":{"type":"LineString","coordinates":[[138.614748,-34.867223],[138.615857,-34.867165],[138.616366,-34.867139],[138.618165,-34.867045],[138.618277,-34.867039],[138.618524,-34.867027],[138.618639,-34.867021],[138.618704,-34.867017]]}},{"type":"Feature","properties":{"tier":"regional"},"geometry":{"type":"LineString","coordinates":[[138.612201,-34.867348],[138.6122,-34.867372],[138.612187,-34.867394],[138.612165,-34.867409],[138.612137,-34.867415],[138.612108,-34.867412],[138.612084,-34.867399],[138.612068,-34.867379],[138.612063,-34.867355],[138.612069,-34.867335],[138.612083,-34.867318],[138.612104,-34.867306],[138.612129,-34.867301],[138.612154,-34.867304],[138.612176,-34.867314],[138.612193,-34.867329],[138.612201,-34.867348]]}},{"type":"Feature","properties":{"tier":"regional"},"geometry":{"type":"LineString","coordinates":[[138.602643,-34.830963],[138.602905,-34.831057]]}},{"type":"Feature","properties":{"tier":"regional"},"geometry":{"type":"LineString","coordinates":[[138.604687,-34.830315],[138.604806,-34.83031],[138.604919,-34.830313]]}},{"type":"Feature","properties":{"tier":"regional"},"geometry":{"type":"LineString","coordinates":[[138.605081,-34.830651],[138.604925,-34.830486],[138.604775,-34.830422],[138.604701,-34.830406]]}},{"type":"Feature","properties":{"tier":"regional"},"geometry":{"type":"LineString","coordinates":[[138.615923,-34.834166],[138.618496,-34.835397]]}},{"type":"Feature","properties":{"tier":"regional"},"geometry":{"type":"LineString","coordinates":[[138.618997,-34.835633],[138.619464,-34.835858],[138.619715,-34.835979],[138.62031,-34.836265],[138.621742,-34.836953],[138.623227,-34.837667],[138.623412,-34.83775]]}},{"type":"Feature","properties":{"tier":"regional"},"geometry":{"type":"LineString","coordinates":[[138.618663,-34.835529],[138.618496,-34.835397]]}},{"type":"Feature","properties":{"tier":"regional"},"geometry":{"type":"LineString","coordinates":[[138.618834,-34.835518],[138.618997,-34.835633]]}},{"type":"Feature","properties":{"tier":"regional"},"geometry":{"type":"LineString","coordinates":[[138.615113,-34.83387],[138.614886,-34.833718],[138.614848,-34.833661]]}},{"type":"Feature","properties":{"tier":"regional"},"geometry":{"type":"LineString","coordinates":[[138.615272,-34.833884],[138.615498,-34.833954],[138.615715,-34.834049],[138.615923,-34.834166]]}},{"type":"Feature","properties":{"tier":"regional"},"geometry":{"type":"LineString","coordinates":[[138.615144,-34.833922],[138.615125,-34.833906],[138.615116,-34.833889],[138.615113,-34.83387],[138.615116,-34.833852],[138.615125,-34.833835],[138.615139,-34.833821],[138.615158,-34.833811],[138.615182,-34.833805],[138.615208,-34.833805],[138.615232,-34.833812],[138.615252,-34.833825],[138.615267,-34.833843],[138.615274,-34.833863],[138.615272,-34.833884],[138.615264,-34.833903],[138.615249,-34.833918],[138.615236,-34.833927],[138.615221,-34.833933],[138.615194,-34.833936],[138.615167,-34.833933],[138.615144,-34.833922]]}},{"type":"Feature","properties":{"tier":"regional"},"geometry":{"type":"LineString","coordinates":[[138.618663,-34.835529],[138.618674,-34.835473],[138.618704,-34.835456],[138.618731,-34.835441],[138.618754,-34.835444],[138.618799,-34.835451],[138.618819,-34.835475],[138.618838,-34.835498],[138.618834,-34.835518],[138.618826,-34.835553],[138.618791,-34.835574]]}},{"type":"Feature","properties":{"tier":"arterial"},"geometry":{"type":"LineString","coordinates":[[138.599583,-34.827113],[138.59984,-34.826978],[138.600249,-34.826857],[138.600338,-34.826821],[138.60042,-34.826777],[138.600464,-34.826744],[138.600498,-34.82671],[138.60052,-34.826676]]}},{"type":"Feature","properties":{"tier":"regional"},"geometry":{"type":"LineString","coordinates":[[138.611813,-34.822338],[138.611872,-34.822351],[138.611918,-34.82236],[138.612061,-34.822389]]}},{"type":"Feature","properties":{"tier":"regional"},"geometry":{"type":"LineString","coordinates":[[138.611488,-34.819074],[138.611462,-34.819141],[138.611444,-34.819195],[138.611425,-34.819263]]}},{"type":"Feature","properties":{"tier":"regional"},"geometry":{"type":"LineString","coordinates":[[138.611377,-34.818885],[138.611413,-34.818815],[138.611431,-34.818772],[138.611434,-34.818762],[138.611453,-34.818677]]}},{"type":"Feature","properties":{"tier":"regional"},"geometry":{"type":"LineString","coordinates":[[138.611453,-34.818677],[138.611472,-34.818762],[138.611475,-34.818773],[138.611486,-34.818843],[138.611495,-34.818895]]}},{"type":"Feature","properties":{"tier":"regional"},"geometry":{"type":"LineString","coordinates":[[138.611998,-34.822464],[138.611942,-34.822421],[138.611893,-34.822391],[138.611859,-34.822369],[138.611813,-34.822338]]}},{"type":"Feature","properties":{"tier":"regional"},"geometry":{"type":"LineString","coordinates":[[138.612243,-34.822485],[138.612281,-34.82254],[138.612311,-34.822588],[138.612389,-34.822671]]}},{"type":"Feature","properties":{"tier":"regional"},"geometry":{"type":"LineString","coordinates":[[138.608343,-34.812566],[138.608386,-34.812492],[138.608394,-34.81248]]}},{"type":"Feature","properties":{"tier":"regional"},"geometry":{"type":"LineString","coordinates":[[138.611425,-34.819263],[138.611409,-34.819193],[138.611393,-34.81914],[138.611367,-34.819077]]}},{"type":"Feature","properties":{"tier":"regional"},"geometry":{"type":"LineString","coordinates":[[138.612389,-34.822671],[138.612283,-34.822618],[138.612225,-34.822592],[138.612162,-34.822572]]}},{"type":"Feature","properties":{"tier":"regional"},"geometry":{"type":"LineString","coordinates":[[138.607804,-34.815957],[138.607819,-34.8161],[138.607821,-34.81611],[138.607831,-34.816163],[138.607846,-34.816232]]}},{"type":"Feature","properties":{"tier":"regional"},"geometry":{"type":"LineString","coordinates":[[138.608453,-34.81248],[138.608423,-34.812505],[138.608343,-34.812566]]}},{"type":"Feature","properties":{"tier":"regional"},"geometry":{"type":"LineString","coordinates":[[138.607746,-34.816233],[138.607761,-34.816171],[138.60777,-34.81611],[138.607773,-34.816093],[138.607804,-34.815957]]}},{"type":"Feature","properties":{"tier":"arterial"},"geometry":{"type":"LineString","coordinates":[[138.601407,-34.826835],[138.600712,-34.826882],[138.600666,-34.826864],[138.600613,-34.826842]]}},{"type":"Feature","properties":{"tier":"arterial"},"geometry":{"type":"LineString","coordinates":[[138.600577,-34.826397],[138.600672,-34.826589],[138.600762,-34.826719],[138.6008,-34.826749],[138.600838,-34.82677],[138.600899,-34.826795]]}},{"type":"Feature","properties":{"tier":"arterial"},"geometry":{"type":"LineString","coordinates":[[138.605997,-34.825762],[138.605989,-34.825827],[138.605998,-34.825863],[138.60601,-34.825894],[138.606025,-34.825922],[138.606044,-34.825941],[138.606073,-34.825962],[138.60612,-34.825978],[138.606188,-34.825986],[138.606616,-34.825988]]}},{"type":"Feature","properties":{"tier":"arterial"},"geometry":{"type":"LineString","coordinates":[[138.605031,-34.826213],[138.605453,-34.82609],[138.605682,-34.826057],[138.605721,-34.826047],[138.605751,-34.826034],[138.605778,-34.826016],[138.605811,-34.825984],[138.605862,-34.825921],[138.605997,-34.825762]]}},{"type":"Feature","properties":{"tier":"regional"},"geometry":{"type":"LineString","coordinates":[[138.621125,-34.813328],[138.621105,-34.813446],[138.621094,-34.813512],[138.62109,-34.813541],[138.621088,-34.813583],[138.621126,-34.813646]]}},{"type":"Feature","properties":{"tier":"regional"},"geometry":{"type":"LineString","coordinates":[[138.620552,-34.813316],[138.620803,-34.813383],[138.620906,-34.813391],[138.620959,-34.813386],[138.620999,-34.813376],[138.621043,-34.81336]]}},{"type":"Feature","properties":{"tier":"regional"},"geometry":{"type":"LineString","coordinates":[[138.614848,-34.833661],[138.614922,-34.833678],[138.61513,-34.833785],[138.615158,-34.833811]]}},{"type":"Feature","properties":{"tier":"regional"},"geometry":{"type":"LineString","coordinates":[[138.615923,-34.834166],[138.615696,-34.834098],[138.615459,-34.834003],[138.615377,-34.833966],[138.615249,-34.833918]]}},{"type":"Feature","properties":{"tier":"arterial"},"geometry":{"type":"LineString","coordinates":[[138.622245,-34.824479],[138.622243,-34.824386]]}},{"type":"Feature","properties":{"tier":"arterial"},"geometry":{"type":"LineString","coordinates":[[138.62399,-34.824357],[138.62502,-34.82434]]}},{"type":"Feature","properties":{"tier":"high"},"geometry":{"type":"LineString","coordinates":[[138.564774,-34.849436],[138.564853,-34.849479],[138.56489,-34.849551],[138.565027,-34.849645]]}},{"type":"Feature","properties":{"tier":"arterial"},"geometry":{"type":"LineString","coordinates":[[138.576219,-34.874898],[138.576209,-34.874791]]}},{"type":"Feature","properties":{"tier":"arterial"},"geometry":{"type":"LineString","coordinates":[[138.578863,-34.874488],[138.578879,-34.874541],[138.578926,-34.874589],[138.579023,-34.874643],[138.579152,-34.874698]]}},{"type":"Feature","properties":{"tier":"arterial"},"geometry":{"type":"LineString","coordinates":[[138.578553,-34.874704],[138.578662,-34.874651],[138.57873,-34.874611],[138.578796,-34.874546],[138.578863,-34.874488]]}},{"type":"Feature","properties":{"tier":"arterial"},"geometry":{"type":"LineString","coordinates":[[138.57888,-34.874974],[138.578833,-34.874953],[138.578793,-34.874917],[138.578773,-34.874893],[138.578724,-34.87487],[138.578676,-34.874854],[138.578482,-34.87478]]}},{"type":"Feature","properties":{"tier":"arterial"},"geometry":{"type":"LineString","coordinates":[[138.579162,-34.874768],[138.578991,-34.874839],[138.578957,-34.874858],[138.578935,-34.874879],[138.578915,-34.874911],[138.578902,-34.874955],[138.57888,-34.874974]]}},{"type":"Feature","properties":{"tier":"arterial"},"geometry":{"type":"LineString","coordinates":[[138.595424,-34.873899],[138.595539,-34.873935],[138.595643,-34.873932],[138.595718,-34.873936],[138.595805,-34.873971]]}},{"type":"Feature","properties":{"tier":"high"},"geometry":{"type":"LineString","coordinates":[[138.607846,-34.837551],[138.608016,-34.837674]]}},{"type":"Feature","properties":{"tier":"high"},"geometry":{"type":"LineString","coordinates":[[138.600264,-34.848151],[138.600271,-34.848241],[138.600312,-34.849043]]}},{"type":"Feature","properties":{"tier":"regional"},"geometry":{"type":"LineString","coordinates":[[138.619363,-34.858666],[138.619267,-34.858692],[138.619206,-34.858694],[138.619112,-34.858694],[138.618889,-34.858707]]}},{"type":"Feature","properties":{"tier":"high"},"geometry":{"type":"LineString","coordinates":[[138.564329,-34.847581],[138.564323,-34.84747],[138.564315,-34.847383],[138.564303,-34.846921],[138.564198,-34.845913]]}},{"type":"Feature","properties":{"tier":"high"},"geometry":{"type":"LineString","coordinates":[[138.564198,-34.845913],[138.564174,-34.845431],[138.564145,-34.844902],[138.564079,-34.843972],[138.564001,-34.84286],[138.564019,-34.842596]]}},{"type":"Feature","properties":{"tier":"high"},"geometry":{"type":"LineString","coordinates":[[138.562603,-34.826456],[138.562588,-34.826231],[138.56248,-34.825259]]}},{"type":"Feature","properties":{"tier":"high"},"geometry":{"type":"LineString","coordinates":[[138.562851,-34.827258],[138.562884,-34.828417],[138.562874,-34.828699],[138.562854,-34.828975],[138.562669,-34.830511]]}},{"type":"Feature","properties":{"tier":"high"},"geometry":{"type":"LineString","coordinates":[[138.562759,-34.834468],[138.562862,-34.83487],[138.562962,-34.83536]]}},{"type":"Feature","properties":{"tier":"high"},"geometry":{"type":"LineString","coordinates":[[138.562972,-34.827232],[138.563068,-34.827722],[138.563119,-34.827974],[138.563174,-34.828173],[138.563308,-34.82843],[138.563434,-34.828619],[138.563537,-34.828727],[138.563684,-34.828851],[138.563812,-34.82896],[138.563938,-34.829043],[138.564147,-34.829165],[138.564355,-34.829276],[138.564637,-34.829379],[138.564933,-34.829486],[138.565196,-34.829599],[138.565379,-34.829702],[138.565535,-34.829799],[138.565695,-34.829923],[138.565837,-34.830075],[138.565942,-34.830237],[138.56603,-34.830376],[138.56609,-34.830526],[138.566133,-34.830661],[138.56616,-34.83083],[138.566173,-34.831015],[138.566159,-34.831312],[138.566094,-34.831563],[138.565909,-34.8319],[138.565679,-34.83217],[138.56549,-34.832321],[138.565233,-34.83247],[138.565041,-34.832557],[138.564728,-34.832645],[138.564357,-34.832693],[138.562958,-34.83278],[138.56248,-34.832838]]}},{"type":"Feature","properties":{"tier":"high"},"geometry":{"type":"LineString","coordinates":[[138.564774,-34.849436],[138.564779,-34.849563],[138.564776,-34.849595],[138.564775,-34.849655]]}},{"type":"Feature","properties":{"tier":"high"},"geometry":{"type":"LineString","coordinates":[[138.564437,-34.844745],[138.564549,-34.845184],[138.564645,-34.845951],[138.564698,-34.846538],[138.564723,-34.847139],[138.564746,-34.847709],[138.564766,-34.848189]]}},{"type":"Feature","properties":{"tier":"high"},"geometry":{"type":"LineString","coordinates":[[138.562669,-34.830511],[138.562624,-34.830852],[138.56259,-34.831197],[138.562565,-34.831668],[138.56255,-34.832303]]}},{"type":"Feature","properties":{"tier":"regional"},"geometry":{"type":"LineString","coordinates":[[138.581766,-34.839658],[138.581521,-34.839776]]}},{"type":"Feature","properties":{"tier":"high"},"geometry":{"type":"LineString","coordinates":[[138.60779,-34.837627],[138.607846,-34.837551]]}},{"type":"Feature","properties":{"tier":"high"},"geometry":{"type":"LineString","coordinates":[[138.607846,-34.837551],[138.607894,-34.837485],[138.607988,-34.837358],[138.608253,-34.836996],[138.608282,-34.836957]]}},{"type":"Feature","properties":{"tier":"high"},"geometry":{"type":"LineString","coordinates":[[138.608016,-34.837674],[138.60779,-34.837627]]}},{"type":"Feature","properties":{"tier":"arterial"},"geometry":{"type":"LineString","coordinates":[[138.617221,-34.847218],[138.61726,-34.847094],[138.617311,-34.846962]]}},{"type":"Feature","properties":{"tier":"arterial"},"geometry":{"type":"LineString","coordinates":[[138.619235,-34.824548],[138.619117,-34.824554],[138.617936,-34.824584],[138.617892,-34.824586],[138.617724,-34.824596]]}},{"type":"Feature","properties":{"tier":"regional"},"geometry":{"type":"LineString","coordinates":[[138.61406,-34.824787],[138.61402,-34.824515],[138.61397,-34.824321],[138.613836,-34.824039],[138.613668,-34.823771],[138.613542,-34.823602],[138.613399,-34.823452],[138.613225,-34.823269]]}},{"type":"Feature","properties":{"tier":"regional"},"geometry":{"type":"LineString","coordinates":[[138.614077,-34.824289],[138.614142,-34.824574],[138.614189,-34.824819],[138.614189,-34.824836],[138.614188,-34.824863],[138.61415,-34.824936]]}},{"type":"Feature","properties":{"tier":"arterial"},"geometry":{"type":"LineString","coordinates":[[138.62502,-34.824435],[138.624556,-34.824442],[138.623993,-34.824453]]}},{"type":"Feature","properties":{"tier":"regional"},"geometry":{"type":"LineString","coordinates":[[138.612857,-34.82297],[138.61292,-34.823006]]}},{"type":"Feature","properties":{"tier":"regional"},"geometry":{"type":"LineString","coordinates":[[138.620861,-34.813605],[138.62049,-34.813379],[138.620133,-34.813162],[138.619014,-34.81248]]}},{"type":"Feature","properties":{"tier":"regional"},"geometry":{"type":"LineString","coordinates":[[138.624777,-34.815883],[138.624954,-34.81599],[138.625005,-34.816023],[138.625018,-34.816034],[138.62502,-34.816036]]}},{"type":"Feature","properties":{"tier":"regional"},"geometry":{"type":"LineString","coordinates":[[138.621824,-34.814224],[138.620861,-34.813605]]}},{"type":"Feature","properties":{"tier":"regional"},"geometry":{"type":"LineString","coordinates":[[138.620861,-34.813605],[138.620935,-34.813532]]}},{"type":"Feature","properties":{"tier":"regional"},"geometry":{"type":"LineString","coordinates":[[138.620935,-34.813532],[138.621126,-34.813646]]}},{"type":"Feature","properties":{"tier":"regional"},"geometry":{"type":"LineString","coordinates":[[138.607847,-34.81378],[138.607838,-34.814207]]}},{"type":"Feature","properties":{"tier":"regional"},"geometry":{"type":"LineString","coordinates":[[138.607838,-34.814207],[138.607838,-34.814236],[138.607828,-34.814723],[138.607826,-34.814815],[138.607825,-34.81485],[138.607825,-34.814859],[138.607804,-34.815957]]}},{"type":"Feature","properties":{"tier":"regional"},"geometry":{"type":"LineString","coordinates":[[138.607746,-34.816233],[138.607782,-34.816224],[138.60782,-34.816225],[138.607846,-34.816232]]}},{"type":"Feature","properties":{"tier":"regional"},"geometry":{"type":"LineString","coordinates":[[138.607877,-34.816394],[138.607838,-34.816413],[138.607793,-34.816419],[138.607751,-34.816411],[138.607712,-34.816389]]}},{"type":"Feature","properties":{"tier":"regional"},"geometry":{"type":"LineString","coordinates":[[138.607712,-34.816389],[138.607689,-34.816361],[138.607678,-34.816319],[138.60769,-34.816279],[138.607698,-34.81627],[138.607714,-34.816251],[138.607746,-34.816233]]}},{"type":"Feature","properties":{"tier":"regional"},"geometry":{"type":"LineString","coordinates":[[138.61142,-34.819496],[138.611416,-34.819707],[138.611412,-34.819949],[138.6114,-34.820602],[138.611391,-34.821055],[138.611382,-34.821523]]}},{"type":"Feature","properties":{"tier":"regional"},"geometry":{"type":"LineString","coordinates":[[138.607877,-34.816394],[138.607841,-34.816449],[138.60782,-34.816524],[138.607819,-34.816646],[138.607817,-34.816799],[138.607821,-34.816911],[138.607831,-34.816997],[138.607853,-34.817082],[138.607888,-34.817171],[138.607956,-34.817276],[138.608084,-34.817418],[138.608148,-34.817467],[138.608206,-34.817504],[138.608274,-34.817545],[138.608395,-34.817595],[138.60853,-34.817639],[138.608688,-34.81768],[138.608772,-34.817706],[138.608838,-34.817727]]}},{"type":"Feature","properties":{"tier":"regional"},"geometry":{"type":"LineString","coordinates":[[138.611423,-34.819368],[138.61142,-34.819496]]}},{"type":"Feature","properties":{"tier":"regional"},"geometry":{"type":"LineString","coordinates":[[138.609094,-34.817734],[138.60899,-34.817734],[138.608931,-34.817731],[138.608838,-34.817727]]}},{"type":"Feature","properties":{"tier":"regional"},"geometry":{"type":"LineString","coordinates":[[138.611377,-34.818885],[138.611395,-34.818879],[138.611439,-34.818877],[138.611484,-34.818888],[138.611495,-34.818895]]}},{"type":"Feature","properties":{"tier":"regional"},"geometry":{"type":"LineString","coordinates":[[138.611488,-34.819074],[138.611469,-34.819083],[138.611429,-34.819089],[138.611386,-34.819084],[138.611367,-34.819077]]}},{"type":"Feature","properties":{"tier":"regional"},"geometry":{"type":"LineString","coordinates":[[138.611367,-34.819077],[138.611348,-34.819068],[138.611319,-34.819044],[138.611301,-34.819015],[138.611295,-34.818975],[138.611304,-34.818944],[138.611324,-34.818916],[138.611354,-34.818893],[138.611377,-34.818885]]}},{"type":"Feature","properties":{"tier":"high"},"geometry":{"type":"LineString","coordinates":[[138.61638,-34.825969],[138.616317,-34.826046],[138.616151,-34.826243],[138.616005,-34.826428],[138.615974,-34.82647]]}},{"type":"Feature","properties":{"tier":"high"},"geometry":{"type":"LineString","coordinates":[[138.617724,-34.824596],[138.617631,-34.824719],[138.617545,-34.82481],[138.617364,-34.825014],[138.617229,-34.825152],[138.617148,-34.825235],[138.61698,-34.825391],[138.616939,-34.825428]]}},{"type":"Feature","properties":{"tier":"regional"},"geometry":{"type":"LineString","coordinates":[[138.613225,-34.823269],[138.612857,-34.82297]]}},{"type":"Feature","properties":{"tier":"regional"},"geometry":{"type":"LineString","coordinates":[[138.613403,-34.823327],[138.613574,-34.823501],[138.613784,-34.823728],[138.613947,-34.824011],[138.614077,-34.824289]]}},{"type":"Feature","properties":{"tier":"arterial"},"geometry":{"type":"LineString","coordinates":[[138.617823,-34.824477],[138.617962,-34.82447],[138.618305,-34.824453],[138.618339,-34.824451]]}},{"type":"Feature","properties":{"tier":"regional"},"geometry":{"type":"LineString","coordinates":[[138.612061,-34.822389],[138.612081,-34.822382],[138.612124,-34.822377],[138.612144,-34.822381],[138.612166,-34.822384],[138.612187,-34.822394],[138.612219,-34.822418],[138.612224,-34.822426],[138.612238,-34.822449],[138.612243,-34.822485]]}},{"type":"Feature","properties":{"tier":"regional"},"geometry":{"type":"LineString","coordinates":[[138.612243,-34.822485],[138.612233,-34.822519],[138.612212,-34.822545],[138.612181,-34.822566],[138.612162,-34.822572]]}},{"type":"Feature","properties":{"tier":"regional"},"geometry":{"type":"LineString","coordinates":[[138.612162,-34.822572],[138.612141,-34.822578],[138.612117,-34.822577],[138.61209,-34.822576],[138.612051,-34.822562],[138.61202,-34.822538],[138.611997,-34.822487],[138.611998,-34.822464]]}},{"type":"Feature","properties":{"tier":"regional"},"geometry":{"type":"LineString","coordinates":[[138.611381,-34.821739],[138.611381,-34.821798],[138.611387,-34.821822],[138.611415,-34.821936],[138.611497,-34.82207],[138.611541,-34.822136],[138.611598,-34.822191],[138.611676,-34.822257],[138.611777,-34.822321],[138.611813,-34.822338]]}},{"type":"Feature","properties":{"tier":"high"},"geometry":{"type":"LineString","coordinates":[[138.613074,-34.830104],[138.613767,-34.829176],[138.61385,-34.829058]]}},{"type":"Feature","properties":{"tier":"high"},"geometry":{"type":"LineString","coordinates":[[138.608282,-34.836957],[138.60882,-34.836243],[138.609036,-34.835921],[138.609096,-34.835833],[138.609468,-34.83529],[138.609904,-34.834614],[138.610137,-34.834197]]}},{"type":"Feature","properties":{"tier":"high"},"geometry":{"type":"LineString","coordinates":[[138.600213,-34.849445],[138.600156,-34.8487]]}},{"type":"Feature","properties":{"tier":"high"},"geometry":{"type":"LineString","coordinates":[[138.603408,-34.843968],[138.60334,-34.844059]]}},{"type":"Feature","properties":{"tier":"high"},"geometry":{"type":"LineString","coordinates":[[138.616029,-34.826095],[138.616153,-34.82595],[138.616298,-34.825804]]}},{"type":"Feature","properties":{"tier":"high"},"geometry":{"type":"LineString","coordinates":[[138.610823,-34.833536],[138.610083,-34.834702],[138.609982,-34.834862]]}},{"type":"Feature","properties":{"tier":"high"},"geometry":{"type":"LineString","coordinates":[[138.602365,-34.845407],[138.602318,-34.845471],[138.601962,-34.845955],[138.601736,-34.846257]]}},{"type":"Feature","properties":{"tier":"high"},"geometry":{"type":"LineString","coordinates":[[138.604695,-34.842218],[138.603408,-34.843968]]}},{"type":"Feature","properties":{"tier":"high"},"geometry":{"type":"LineString","coordinates":[[138.605411,-34.841234],[138.605187,-34.841537],[138.604695,-34.842218]]}},{"type":"Feature","properties":{"tier":"high"},"geometry":{"type":"LineString","coordinates":[[138.60874,-34.836678],[138.608493,-34.837015],[138.60827,-34.837323]]}},{"type":"Feature","properties":{"tier":"high"},"geometry":{"type":"LineString","coordinates":[[138.605084,-34.841303],[138.605255,-34.841069],[138.605434,-34.840837],[138.605652,-34.840529],[138.606261,-34.839695],[138.60648,-34.839411]]}},{"type":"Feature","properties":{"tier":"high"},"geometry":{"type":"LineString","coordinates":[[138.600329,-34.849385],[138.600377,-34.850146]]}},{"type":"Feature","properties":{"tier":"high"},"geometry":{"type":"LineString","coordinates":[[138.61169,-34.832316],[138.611521,-34.832538],[138.610879,-34.833448],[138.610823,-34.833536]]}},{"type":"Feature","properties":{"tier":"high"},"geometry":{"type":"LineString","coordinates":[[138.614657,-34.828272],[138.61449,-34.828496],[138.614068,-34.829073],[138.613999,-34.829166],[138.613757,-34.829497],[138.613306,-34.830115],[138.613098,-34.830398]]}},{"type":"Feature","properties":{"tier":"high"},"geometry":{"type":"LineString","coordinates":[[138.601158,-34.862744],[138.601131,-34.862346]]}},{"type":"Feature","properties":{"tier":"high"},"geometry":{"type":"LineString","coordinates":[[138.601929,-34.872561],[138.60199,-34.873267],[138.602007,-34.873464],[138.602008,-34.873481],[138.602011,-34.873519],[138.602017,-34.873587]]}},{"type":"Feature","properties":{"tier":"high"},"geometry":{"type":"LineString","coordinates":[[138.601807,-34.870613],[138.601857,-34.871393],[138.601859,-34.871436]]}},{"type":"Feature","properties":{"tier":"high"},"geometry":{"type":"LineString","coordinates":[[138.601359,-34.864014],[138.601407,-34.864701],[138.601417,-34.864834]]}},{"type":"Feature","properties":{"tier":"high"},"geometry":{"type":"LineString","coordinates":[[138.600585,-34.853126],[138.600606,-34.853373],[138.600633,-34.853694]]}},{"type":"Feature","properties":{"tier":"high"},"geometry":{"type":"LineString","coordinates":[[138.601989,-34.874828],[138.601918,-34.873849]]}},{"type":"Feature","properties":{"tier":"high"},"geometry":{"type":"LineString","coordinates":[[138.600344,-34.851552],[138.600314,-34.851135]]}},{"type":"Feature","properties":{"tier":"high"},"geometry":{"type":"LineString","coordinates":[[138.600958,-34.859933],[138.60083,-34.85852]]}},{"type":"Feature","properties":{"tier":"high"},"geometry":{"type":"LineString","coordinates":[[138.600769,-34.857648],[138.600739,-34.857218]]}},{"type":"Feature","properties":{"tier":"high"},"geometry":{"type":"LineString","coordinates":[[138.600548,-34.854486],[138.600527,-34.854182],[138.600526,-34.854158],[138.60052,-34.854085]]}},{"type":"Feature","properties":{"tier":"high"},"geometry":{"type":"LineString","coordinates":[[138.600746,-34.855351],[138.600785,-34.85589]]}},{"type":"Feature","properties":{"tier":"high"},"geometry":{"type":"LineString","coordinates":[[138.600923,-34.857838],[138.600963,-34.858397],[138.601028,-34.859278]]}},{"type":"Feature","properties":{"tier":"high"},"geometry":{"type":"LineString","coordinates":[[138.602116,-34.874975],[138.602119,-34.87502]]}},{"type":"Feature","properties":{"tier":"high"},"geometry":{"type":"LineString","coordinates":[[138.60151,-34.866207],[138.60154,-34.86659],[138.601584,-34.86723],[138.601626,-34.867852]]}},{"type":"Feature","properties":{"tier":"high"},"geometry":{"type":"LineString","coordinates":[[138.601318,-34.865055],[138.601277,-34.864476]]}},{"type":"Feature","properties":{"tier":"high"},"geometry":{"type":"LineString","coordinates":[[138.601597,-34.869423],[138.60153,-34.868464]]}},{"type":"Feature","properties":{"tier":"high"},"geometry":{"type":"LineString","coordinates":[[138.603345,-34.843685],[138.604283,-34.8424],[138.605066,-34.841329]]}},{"type":"Feature","properties":{"tier":"high"},"geometry":{"type":"LineString","coordinates":[[138.617153,-34.824988],[138.617385,-34.824741],[138.617405,-34.824719],[138.617511,-34.824606]]}},{"type":"Feature","properties":{"tier":"high"},"geometry":{"type":"LineString","coordinates":[[138.611311,-34.832468],[138.61152,-34.832179],[138.611572,-34.832107],[138.611956,-34.831587]]}},{"type":"Feature","properties":{"tier":"high"},"geometry":{"type":"LineString","coordinates":[[138.602059,-34.845447],[138.602149,-34.845323],[138.602408,-34.844966]]}},{"type":"Feature","properties":{"tier":"arterial"},"geometry":{"type":"LineString","coordinates":[[138.617035,-34.824648],[138.61616,-34.824761]]}},{"type":"Feature","properties":{"tier":"regional"},"geometry":{"type":"LineString","coordinates":[[138.611382,-34.821523],[138.611381,-34.821595],[138.61138,-34.821711],[138.611381,-34.821739]]}},{"type":"Feature","properties":{"tier":"arterial"},"geometry":{"type":"LineString","coordinates":[[138.592436,-34.863722],[138.592397,-34.863647],[138.592391,-34.863569],[138.592389,-34.863542],[138.592417,-34.863433]]}},{"type":"Feature","properties":{"tier":"regional"},"geometry":{"type":"LineString","coordinates":[[138.565477,-34.863437],[138.565489,-34.863643],[138.565512,-34.864044],[138.565524,-34.864258],[138.565548,-34.864663],[138.565557,-34.864826],[138.565582,-34.865254],[138.565609,-34.865708],[138.56564,-34.866102],[138.565675,-34.866538],[138.565706,-34.866917],[138.56575,-34.86755],[138.565834,-34.868602],[138.565854,-34.868857],[138.565875,-34.869209],[138.565886,-34.869386],[138.565948,-34.870409],[138.565954,-34.870513],[138.566002,-34.871381],[138.566015,-34.871628],[138.566046,-34.872065],[138.566056,-34.872215],[138.566077,-34.872502],[138.566086,-34.872635],[138.566133,-34.873326],[138.566245,-34.874837]]}},{"type":"Feature","properties":{"tier":"regional"},"geometry":{"type":"LineString","coordinates":[[138.565462,-34.863185],[138.565477,-34.863437]]}},{"type":"Feature","properties":{"tier":"regional"},"geometry":{"type":"LineString","coordinates":[[138.56439,-34.863514],[138.564377,-34.863535],[138.564357,-34.863551],[138.564331,-34.863561],[138.564303,-34.863564],[138.564278,-34.86356],[138.564255,-34.86355],[138.564237,-34.863535],[138.564224,-34.863517],[138.564219,-34.863497],[138.56422,-34.863476],[138.56423,-34.863456],[138.564245,-34.863439],[138.564266,-34.863427],[138.564291,-34.86342],[138.564316,-34.863419],[138.564341,-34.863425],[138.564363,-34.863436],[138.56438,-34.863451],[138.564391,-34.863471],[138.564395,-34.863492],[138.56439,-34.863514]]}},{"type":"Feature","properties":{"tier":"regional"},"geometry":{"type":"LineString","coordinates":[[138.564395,-34.863492],[138.564445,-34.863489],[138.56478,-34.863472],[138.565352,-34.863444],[138.565477,-34.863437]]}},{"type":"Feature","properties":{"tier":"high"},"geometry":{"type":"LineString","coordinates":[[138.56541,-34.832745],[138.564318,-34.832887],[138.56393,-34.832978],[138.563714,-34.833066],[138.563547,-34.833156],[138.563368,-34.833298],[138.563229,-34.833418],[138.563157,-34.833491],[138.563063,-34.833617],[138.562979,-34.833755],[138.562878,-34.834042],[138.562843,-34.834349],[138.562819,-34.834509],[138.562818,-34.834768],[138.562833,-34.834951],[138.562864,-34.835157],[138.562927,-34.835523],[138.563204,-34.836565]]}},{"type":"Feature","properties":{"tier":"arterial"},"geometry":{"type":"LineString","coordinates":[[138.571155,-34.872626],[138.571245,-34.873472],[138.571289,-34.873788],[138.571358,-34.874063],[138.571486,-34.874537],[138.571528,-34.874709],[138.571555,-34.874778],[138.571573,-34.874861],[138.571588,-34.874932]]}},{"type":"Feature","properties":{"tier":"regional"},"geometry":{"type":"LineString","coordinates":[[138.564083,-34.847473],[138.563988,-34.847478],[138.563861,-34.847484],[138.563668,-34.8475],[138.563582,-34.847474],[138.563514,-34.847413],[138.563478,-34.847293],[138.563441,-34.846979],[138.563415,-34.846505],[138.563395,-34.846191]]}},{"type":"Feature","properties":{"tier":"high"},"geometry":{"type":"LineString","coordinates":[[138.567344,-34.8602],[138.567349,-34.86029],[138.567856,-34.86098]]}},{"type":"Feature","properties":{"tier":"high"},"geometry":{"type":"LineString","coordinates":[[138.565066,-34.854889],[138.565028,-34.85511],[138.564937,-34.855213],[138.564853,-34.855228]]}},{"type":"Feature","properties":{"tier":"high"},"geometry":{"type":"LineString","coordinates":[[138.564437,-34.844745],[138.564546,-34.846607],[138.564756,-34.851137],[138.565057,-34.855757],[138.565152,-34.856394],[138.565336,-34.857206],[138.565532,-34.857746],[138.565743,-34.858228],[138.56597,-34.858736],[138.566563,-34.859651]]}},{"type":"Feature","properties":{"tier":"arterial"},"geometry":{"type":"LineString","coordinates":[[138.563727,-34.838783],[138.563703,-34.838659],[138.563699,-34.83864],[138.563666,-34.83847],[138.56355,-34.83791],[138.563471,-34.83751],[138.563425,-34.837331],[138.563204,-34.836565]]}},{"type":"Feature","properties":{"tier":"regional"},"geometry":{"type":"LineString","coordinates":[[138.590973,-34.834213],[138.5903,-34.834765],[138.590141,-34.834895],[138.589625,-34.835317],[138.58941,-34.835492],[138.589255,-34.835619],[138.588682,-34.836096],[138.58791,-34.836725],[138.587652,-34.836933],[138.587082,-34.837397],[138.586239,-34.838076],[138.586119,-34.838179],[138.585539,-34.838654],[138.585125,-34.838992],[138.585021,-34.839077],[138.583644,-34.840192]]}},{"type":"Feature","properties":{"tier":"arterial"},"geometry":{"type":"LineString","coordinates":[[138.591716,-34.85342],[138.591756,-34.853982],[138.591761,-34.85406],[138.591764,-34.8541],[138.591812,-34.854786],[138.591853,-34.855379],[138.59186,-34.855477],[138.591868,-34.85559],[138.591917,-34.856298],[138.591964,-34.856957],[138.592013,-34.857662],[138.592067,-34.858446],[138.592076,-34.858575],[138.592102,-34.85894],[138.592135,-34.859557],[138.592148,-34.859698],[138.592171,-34.859926],[138.592222,-34.860649],[138.592238,-34.86089],[138.59225,-34.861066]]}},{"type":"Feature","properties":{"tier":"arterial"},"geometry":{"type":"LineString","coordinates":[[138.59309,-34.873559],[138.593114,-34.873927],[138.593116,-34.873957],[138.59312,-34.874006]]}},{"type":"Feature","properties":{"tier":"arterial"},"geometry":{"type":"LineString","coordinates":[[138.59229,-34.861672],[138.5923,-34.861772],[138.592352,-34.862535]]}},{"type":"Feature","properties":{"tier":"arterial"},"geometry":{"type":"LineString","coordinates":[[138.59239,-34.863083],[138.592396,-34.863144]]}},{"type":"Feature","properties":{"tier":"arterial"},"geometry":{"type":"LineString","coordinates":[[138.591716,-34.85342],[138.591676,-34.853284],[138.591669,-34.853193],[138.591672,-34.853184],[138.591699,-34.853066]]}},{"type":"Feature","properties":{"tier":"arterial"},"geometry":{"type":"LineString","coordinates":[[138.592417,-34.863433],[138.592468,-34.863544],[138.592469,-34.863566],[138.592475,-34.863642],[138.592436,-34.863722]]}},{"type":"Feature","properties":{"tier":"arterial"},"geometry":{"type":"LineString","coordinates":[[138.591699,-34.853066],[138.591739,-34.853181],[138.591743,-34.853191],[138.591748,-34.853279],[138.591716,-34.85342]]}},{"type":"Feature","properties":{"tier":"arterial"},"geometry":{"type":"LineString","coordinates":[[138.592352,-34.862535],[138.592401,-34.862675],[138.592406,-34.86277],[138.592417,-34.862917]]}},{"type":"Feature","properties":{"tier":"arterial"},"geometry":{"type":"LineString","coordinates":[[138.59229,-34.861672],[138.592247,-34.86156],[138.592234,-34.861333],[138.592221,-34.861176],[138.59225,-34.861066]]}},{"type":"Feature","properties":{"tier":"arterial"},"geometry":{"type":"LineString","coordinates":[[138.59225,-34.861066],[138.592302,-34.861191],[138.592306,-34.861334],[138.592317,-34.861486],[138.592323,-34.861561],[138.59229,-34.861672]]}},{"type":"Feature","properties":{"tier":"arterial"},"geometry":{"type":"LineString","coordinates":[[138.571058,-34.874966],[138.571053,-34.874933],[138.571018,-34.874723]]}},{"type":"Feature","properties":{"tier":"high"},"geometry":{"type":"LineString","coordinates":[[138.591112,-34.818567],[138.59103,-34.818713],[138.590981,-34.818845],[138.590986,-34.818928],[138.590997,-34.819026],[138.591034,-34.819113],[138.591102,-34.819222],[138.591223,-34.819338]]}},{"type":"Feature","properties":{"tier":"regional"},"geometry":{"type":"LineString","coordinates":[[138.621884,-34.862914],[138.621988,-34.862909],[138.622574,-34.862882],[138.622996,-34.862863],[138.623256,-34.862851],[138.623326,-34.862848],[138.623391,-34.862816],[138.623435,-34.862769],[138.623445,-34.862682],[138.623459,-34.862593],[138.623533,-34.862515],[138.623592,-34.862483],[138.623605,-34.86248],[138.623642,-34.862474],[138.624162,-34.86245],[138.624903,-34.862414],[138.624989,-34.862411],[138.62502,-34.86241]]}},{"type":"Feature","properties":{"tier":"regional"},"geometry":{"type":"LineString","coordinates":[[138.618997,-34.835633],[138.618791,-34.835574]]}},{"type":"Feature","properties":{"tier":"regional"},"geometry":{"type":"LineString","coordinates":[[138.623808,-34.837978],[138.623657,-34.837907],[138.623412,-34.83775]]}},{"type":"Feature","properties":{"tier":"regional"},"geometry":{"type":"LineString","coordinates":[[138.618791,-34.835574],[138.618771,-34.835586],[138.618703,-34.835576],[138.618663,-34.835529]]}},{"type":"Feature","properties":{"tier":"high"},"geometry":{"type":"LineString","coordinates":[[138.56248,-34.814104],[138.562564,-34.813931],[138.56266,-34.81374],[138.562768,-34.813536],[138.562878,-34.813342],[138.562995,-34.813148],[138.563108,-34.812965],[138.563193,-34.812835],[138.563243,-34.812761],[138.563319,-34.812651],[138.563413,-34.812516],[138.563439,-34.81248]]}},{"type":"Feature","properties":{"tier":"high"},"geometry":{"type":"LineString","coordinates":[[138.563686,-34.81248],[138.563662,-34.812512],[138.563551,-34.812666],[138.563475,-34.812774],[138.563407,-34.812873],[138.563296,-34.813046],[138.563222,-34.81316],[138.563104,-34.813352],[138.562993,-34.813548],[138.562896,-34.813727],[138.562841,-34.813833],[138.562795,-34.81392],[138.562738,-34.814036],[138.562693,-34.81413],[138.562647,-34.814229],[138.562598,-34.81434],[138.562548,-34.814452],[138.562503,-34.814558],[138.56248,-34.814615]]}},{"type":"Feature","properties":{"tier":"high"},"geometry":{"type":"LineString","coordinates":[[138.56575,-34.857937],[138.565803,-34.858106],[138.565829,-34.858198],[138.565833,-34.858264],[138.565825,-34.858324],[138.565814,-34.85834],[138.565747,-34.858441]]}},{"type":"Feature","properties":{"tier":"regional"},"geometry":{"type":"LineString","coordinates":[[138.619003,-34.863069],[138.619031,-34.863068],[138.619194,-34.86306],[138.619638,-34.863039],[138.620158,-34.863014],[138.62048,-34.862998],[138.620643,-34.862991],[138.621013,-34.862967],[138.621686,-34.862923]]}},{"type":"Feature","properties":{"tier":"regional"},"geometry":{"type":"LineString","coordinates":[[138.621709,-34.862971],[138.621693,-34.862948],[138.621686,-34.862923],[138.621689,-34.862897],[138.621702,-34.862874],[138.621724,-34.862855],[138.621751,-34.862842],[138.621782,-34.862837],[138.621812,-34.86284],[138.62184,-34.862851],[138.621862,-34.862868],[138.621877,-34.862889],[138.621884,-34.862914],[138.621881,-34.862938],[138.621869,-34.862962],[138.621849,-34.86298],[138.621823,-34.862994],[138.621793,-34.863],[138.621762,-34.862998],[138.621733,-34.862988],[138.621709,-34.862971]]}},{"type":"Feature","properties":{"tier":"regional"},"geometry":{"type":"LineString","coordinates":[[138.624,-34.838039],[138.623924,-34.838023],[138.623914,-34.838021],[138.623808,-34.837978]]}},{"type":"Feature","properties":{"tier":"regional"},"geometry":{"type":"LineString","coordinates":[[138.57483,-34.862047],[138.574885,-34.862109],[138.574884,-34.862246],[138.574866,-34.862348],[138.574834,-34.862434],[138.574812,-34.862565]]}},{"type":"Feature","properties":{"tier":"regional"},"geometry":{"type":"LineString","coordinates":[[138.574073,-34.851309],[138.574036,-34.851228],[138.574016,-34.851083],[138.57399,-34.850918],[138.573922,-34.85055],[138.573892,-34.85039]]}},{"type":"Feature","properties":{"tier":"regional"},"geometry":{"type":"LineString","coordinates":[[138.563869,-34.84051],[138.565017,-34.840451]]}},{"type":"Feature","properties":{"tier":"regional"},"geometry":{"type":"LineString","coordinates":[[138.566612,-34.840501],[138.566339,-34.840515],[138.565206,-34.840561],[138.56503,-34.840568]]}},{"type":"Feature","properties":{"tier":"regional"},"geometry":{"type":"LineString","coordinates":[[138.582099,-34.844638],[138.58198,-34.842773],[138.581966,-34.842603],[138.581957,-34.842493],[138.581986,-34.842244],[138.582059,-34.842028]]}},{"type":"Feature","properties":{"tier":"regional"},"geometry":{"type":"LineString","coordinates":[[138.582115,-34.844907],[138.582112,-34.844844],[138.582099,-34.844638]]}},{"type":"Feature","properties":{"tier":"regional"},"geometry":{"type":"LineString","coordinates":[[138.574304,-34.863293],[138.574259,-34.863194],[138.574268,-34.863109],[138.574295,-34.862942],[138.574302,-34.862873],[138.574304,-34.862786]]}},{"type":"Feature","properties":{"tier":"regional"},"geometry":{"type":"LineString","coordinates":[[138.618496,-34.835397],[138.618704,-34.835456]]}},{"type":"Feature","properties":{"tier":"regional"},"geometry":{"type":"LineString","coordinates":[[138.623377,-34.858423],[138.623488,-34.858431],[138.623732,-34.858447]]}},{"type":"Feature","properties":{"tier":"regional"},"geometry":{"type":"LineString","coordinates":[[138.6229,-34.858485],[138.623123,-34.858455],[138.623221,-34.858442]]}},{"type":"Feature","properties":{"tier":"high"},"geometry":{"type":"LineString","coordinates":[[138.600238,-34.849817],[138.600231,-34.849732],[138.600213,-34.849445]]}},{"type":"Feature","properties":{"tier":"regional"},"geometry":{"type":"LineString","coordinates":[[138.62484,-34.816047],[138.624818,-34.816038],[138.62312,-34.815013],[138.622166,-34.81439],[138.622006,-34.814294]]}},{"type":"Feature","properties":{"tier":"high"},"geometry":{"type":"LineString","coordinates":[[138.599656,-34.84804],[138.599785,-34.847999],[138.599879,-34.847944],[138.599936,-34.847885],[138.599951,-34.847869],[138.600021,-34.84775],[138.600054,-34.847664]]}},{"type":"Feature","properties":{"tier":"high"},"geometry":{"type":"LineString","coordinates":[[138.601269,-34.846548],[138.601428,-34.846627]]}},{"type":"Feature","properties":{"tier":"high"},"geometry":{"type":"LineString","coordinates":[[138.600095,-34.848019],[138.600256,-34.848011]]}},{"type":"Feature","properties":{"tier":"high"},"geometry":{"type":"LineString","coordinates":[[138.56248,-34.830256],[138.562484,-34.830228],[138.562544,-34.82983],[138.562659,-34.829029],[138.562714,-34.828364]]}},{"type":"Feature","properties":{"tier":"high"},"geometry":{"type":"LineString","coordinates":[[138.598243,-34.824296],[138.598183,-34.823394],[138.598078,-34.821715],[138.597985,-34.820242]]}},{"type":"Feature","properties":{"tier":"arterial"},"geometry":{"type":"LineString","coordinates":[[138.583445,-34.864547],[138.583491,-34.865045],[138.583496,-34.865099],[138.583502,-34.865164],[138.58353,-34.865572]]}},{"type":"Feature","properties":{"tier":"arterial"},"geometry":{"type":"LineString","coordinates":[[138.58353,-34.865572],[138.583536,-34.865696]]}},{"type":"Feature","properties":{"tier":"regional"},"geometry":{"type":"LineString","coordinates":[[138.61292,-34.823006],[138.613149,-34.823138],[138.613403,-34.823327]]}},{"type":"Feature","properties":{"tier":"regional"},"geometry":{"type":"LineString","coordinates":[[138.594847,-34.831005],[138.594839,-34.830944],[138.594895,-34.830825],[138.594911,-34.830782],[138.59492,-34.830756],[138.594924,-34.830736],[138.594924,-34.830702]]}},{"type":"Feature","properties":{"tier":"high"},"geometry":{"type":"LineString","coordinates":[[138.599121,-34.833683],[138.599199,-34.834681]]}},{"type":"Feature","properties":{"tier":"high"},"geometry":{"type":"LineString","coordinates":[[138.59927,-34.837327],[138.599163,-34.83596]]}},{"type":"Feature","properties":{"tier":"high"},"geometry":{"type":"LineString","coordinates":[[138.605862,-34.840623],[138.605411,-34.841234]]}},{"type":"Feature","properties":{"tier":"high"},"geometry":{"type":"LineString","coordinates":[[138.607357,-34.838227],[138.607569,-34.838148],[138.607653,-34.838176]]}},{"type":"Feature","properties":{"tier":"high"},"geometry":{"type":"LineString","coordinates":[[138.612153,-34.831681],[138.611852,-34.83209],[138.611785,-34.832192]]}},{"type":"Feature","properties":{"tier":"high"},"geometry":{"type":"LineString","coordinates":[[138.617823,-34.824477],[138.617724,-34.824596]]}},{"type":"Feature","properties":{"tier":"regional"},"geometry":{"type":"LineString","coordinates":[[138.595126,-34.830872],[138.594746,-34.831196],[138.594635,-34.83124]]}},{"type":"Feature","properties":{"tier":"regional"},"geometry":{"type":"LineString","coordinates":[[138.594635,-34.83124],[138.594685,-34.831155],[138.594847,-34.831005],[138.595053,-34.830816]]}},{"type":"Feature","properties":{"tier":"high"},"geometry":{"type":"LineString","coordinates":[[138.59852,-34.828219],[138.598491,-34.827825],[138.59849,-34.827814],[138.59848,-34.827685]]}},{"type":"Feature","properties":{"tier":"high"},"geometry":{"type":"LineString","coordinates":[[138.598781,-34.829133],[138.598837,-34.829864],[138.598858,-34.830137],[138.59892,-34.830822]]}},{"type":"Feature","properties":{"tier":"arterial"},"geometry":{"type":"LineString","coordinates":[[138.613811,-34.825094],[138.601407,-34.826835]]}},{"type":"Feature","properties":{"tier":"arterial"},"geometry":{"type":"LineString","coordinates":[[138.600613,-34.826842],[138.600899,-34.826795]]}},{"type":"Feature","properties":{"tier":"high"},"geometry":{"type":"LineString","coordinates":[[138.573307,-34.849748],[138.573582,-34.849736],[138.57363,-34.849734],[138.573757,-34.849729]]}},{"type":"Feature","properties":{"tier":"high"},"geometry":{"type":"LineString","coordinates":[[138.577632,-34.849732],[138.576201,-34.849784],[138.575683,-34.849803],[138.575327,-34.849816],[138.574285,-34.849871],[138.574074,-34.849879],[138.573918,-34.849885]]}},{"type":"Feature","properties":{"tier":"high"},"geometry":{"type":"LineString","coordinates":[[138.573918,-34.849885],[138.57379,-34.849892]]}},{"type":"Feature","properties":{"tier":"high"},"geometry":{"type":"LineString","coordinates":[[138.573757,-34.849729],[138.573881,-34.849724]]}},{"type":"Feature","properties":{"tier":"arterial"},"geometry":{"type":"LineString","coordinates":[[138.588885,-34.843316],[138.590997,-34.841586]]}},{"type":"Feature","properties":{"tier":"arterial"},"geometry":{"type":"LineString","coordinates":[[138.571058,-34.874966],[138.571588,-34.874932]]}},{"type":"Feature","properties":{"tier":"arterial"},"geometry":{"type":"LineString","coordinates":[[138.58406,-34.87502],[138.584036,-34.874807]]}},{"type":"Feature","properties":{"tier":"high"},"geometry":{"type":"LineString","coordinates":[[138.617221,-34.847218],[138.617408,-34.84722]]}},{"type":"Feature","properties":{"tier":"high"},"geometry":{"type":"LineString","coordinates":[[138.609329,-34.847567],[138.610449,-34.847511]]}},{"type":"Feature","properties":{"tier":"high"},"geometry":{"type":"LineString","coordinates":[[138.605121,-34.847777],[138.606114,-34.847729],[138.606744,-34.847697],[138.608833,-34.847592],[138.609329,-34.847567]]}},{"type":"Feature","properties":{"tier":"high"},"geometry":{"type":"LineString","coordinates":[[138.609342,-34.847704],[138.609249,-34.847708],[138.608552,-34.847745],[138.607658,-34.847792],[138.606753,-34.847837],[138.606124,-34.847869],[138.605752,-34.847887],[138.60515,-34.847914],[138.605066,-34.847918],[138.604042,-34.847963]]}},{"type":"Feature","properties":{"tier":"high"},"geometry":{"type":"LineString","coordinates":[[138.6104,-34.847657],[138.609342,-34.847704]]}},{"type":"Feature","properties":{"tier":"high"},"geometry":{"type":"LineString","coordinates":[[138.604042,-34.847963],[138.602788,-34.848032]]}},{"type":"Feature","properties":{"tier":"high"},"geometry":{"type":"LineString","coordinates":[[138.602784,-34.84789],[138.604266,-34.847818],[138.605043,-34.84778],[138.605121,-34.847777]]}},{"type":"Feature","properties":{"tier":"high"},"geometry":{"type":"LineString","coordinates":[[138.602124,-34.847916],[138.602784,-34.84789]]}},{"type":"Feature","properties":{"tier":"high"},"geometry":{"type":"LineString","coordinates":[[138.602788,-34.848032],[138.602263,-34.848056]]}},{"type":"Feature","properties":{"tier":"high"},"geometry":{"type":"LineString","coordinates":[[138.600805,-34.847984],[138.602124,-34.847916]]}},{"type":"Feature","properties":{"tier":"high"},"geometry":{"type":"LineString","coordinates":[[138.600397,-34.848004],[138.600602,-34.847994],[138.600805,-34.847984]]}},{"type":"Feature","properties":{"tier":"high"},"geometry":{"type":"LineString","coordinates":[[138.59978,-34.844069],[138.599534,-34.84172]]}},{"type":"Feature","properties":{"tier":"high"},"geometry":{"type":"LineString","coordinates":[[138.599534,-34.84172],[138.599629,-34.841785],[138.599687,-34.841834],[138.59974,-34.841889]]}},{"type":"Feature","properties":{"tier":"high"},"geometry":{"type":"LineString","coordinates":[[138.599871,-34.84497],[138.59978,-34.844069]]}},{"type":"Feature","properties":{"tier":"high"},"geometry":{"type":"LineString","coordinates":[[138.600095,-34.848019],[138.600054,-34.847664]]}},{"type":"Feature","properties":{"tier":"high"},"geometry":{"type":"LineString","coordinates":[[138.600256,-34.848011],[138.600397,-34.848004]]}},{"type":"Feature","properties":{"tier":"high"},"geometry":{"type":"LineString","coordinates":[[138.6007,-34.847619],[138.600478,-34.8479],[138.600397,-34.848004]]}},{"type":"Feature","properties":{"tier":"high"},"geometry":{"type":"LineString","coordinates":[[138.600397,-34.848004],[138.600264,-34.848151]]}},{"type":"Feature","properties":{"tier":"high"},"geometry":{"type":"LineString","coordinates":[[138.600264,-34.848151],[138.600114,-34.848161]]}},{"type":"Feature","properties":{"tier":"high"},"geometry":{"type":"LineString","coordinates":[[138.600114,-34.848161],[138.600016,-34.848165],[138.599007,-34.848219],[138.598249,-34.848259]]}},{"type":"Feature","properties":{"tier":"high"},"geometry":{"type":"LineString","coordinates":[[138.60055,-34.848133],[138.600549,-34.848133],[138.600522,-34.848135],[138.600264,-34.848151]]}},{"type":"Feature","properties":{"tier":"high"},"geometry":{"type":"LineString","coordinates":[[138.600256,-34.848011],[138.600264,-34.848151]]}},{"type":"Feature","properties":{"tier":"high"},"geometry":{"type":"LineString","coordinates":[[138.599656,-34.84804],[138.599945,-34.848026],[138.599948,-34.848026],[138.600007,-34.848023],[138.600095,-34.848019]]}},{"type":"Feature","properties":{"tier":"high"},"geometry":{"type":"LineString","coordinates":[[138.600633,-34.853694],[138.600635,-34.853707],[138.60067,-34.854079]]}},{"type":"Feature","properties":{"tier":"high"},"geometry":{"type":"LineString","coordinates":[[138.60052,-34.854085],[138.60067,-34.854079]]}},{"type":"Feature","properties":{"tier":"high"},"geometry":{"type":"LineString","coordinates":[[138.60052,-34.854085],[138.600442,-34.852951],[138.600398,-34.852319]]}},{"type":"Feature","properties":{"tier":"high"},"geometry":{"type":"LineString","coordinates":[[138.600529,-34.852316],[138.600552,-34.852636],[138.600578,-34.853008],[138.600585,-34.853126]]}},{"type":"Feature","properties":{"tier":"high"},"geometry":{"type":"LineString","coordinates":[[138.612732,-34.830556],[138.61295,-34.830272]]}},{"type":"Feature","properties":{"tier":"high"},"geometry":{"type":"LineString","coordinates":[[138.611956,-34.831587],[138.612134,-34.831347],[138.612245,-34.831199]]}},{"type":"Feature","properties":{"tier":"high"},"geometry":{"type":"LineString","coordinates":[[138.614793,-34.827742],[138.615046,-34.827398],[138.61516,-34.827243]]}},{"type":"Feature","properties":{"tier":"high"},"geometry":{"type":"LineString","coordinates":[[138.615341,-34.827329],[138.615252,-34.827451],[138.615164,-34.827579],[138.614754,-34.828142]]}},{"type":"Feature","properties":{"tier":"high"},"geometry":{"type":"LineString","coordinates":[[138.615758,-34.826438],[138.615803,-34.826379],[138.615902,-34.826241],[138.616029,-34.826095]]}},{"type":"Feature","properties":{"tier":"arterial"},"geometry":{"type":"LineString","coordinates":[[138.61415,-34.824936],[138.614645,-34.824868]]}},{"type":"Feature","properties":{"tier":"high"},"geometry":{"type":"LineString","coordinates":[[138.617511,-34.824606],[138.617592,-34.824495]]}},{"type":"Feature","properties":{"tier":"arterial"},"geometry":{"type":"LineString","coordinates":[[138.617511,-34.824606],[138.617344,-34.824621],[138.617035,-34.824648]]}},{"type":"Feature","properties":{"tier":"arterial"},"geometry":{"type":"LineString","coordinates":[[138.619839,-34.824426],[138.621713,-34.824395],[138.621852,-34.824392],[138.622243,-34.824386]]}},{"type":"Feature","properties":{"tier":"arterial"},"geometry":{"type":"LineString","coordinates":[[138.622245,-34.824479],[138.621872,-34.824481],[138.621135,-34.824487],[138.619839,-34.82452]]}},{"type":"Feature","properties":{"tier":"arterial"},"geometry":{"type":"LineString","coordinates":[[138.623993,-34.824453],[138.62288,-34.824474],[138.622245,-34.824479]]}},{"type":"Feature","properties":{"tier":"arterial"},"geometry":{"type":"LineString","coordinates":[[138.622243,-34.824386],[138.62399,-34.824357]]}},{"type":"Feature","properties":{"tier":"high"},"geometry":{"type":"LineString","coordinates":[[138.62482,-34.816372],[138.624989,-34.816189],[138.62502,-34.816155]]}},{"type":"Feature","properties":{"tier":"high"},"geometry":{"type":"LineString","coordinates":[[138.619194,-34.871883],[138.619225,-34.872223],[138.619231,-34.872284],[138.619241,-34.872394]]}},{"type":"Feature","properties":{"tier":"high"},"geometry":{"type":"LineString","coordinates":[[138.619102,-34.872122],[138.619084,-34.871929],[138.618994,-34.870994]]}},{"type":"Feature","properties":{"tier":"arterial"},"geometry":{"type":"LineString","coordinates":[[138.619241,-34.872394],[138.619349,-34.872321]]}},{"type":"Feature","properties":{"tier":"arterial"},"geometry":{"type":"LineString","coordinates":[[138.619131,-34.872472],[138.619241,-34.872394]]}},{"type":"Feature","properties":{"tier":"arterial"},"geometry":{"type":"LineString","coordinates":[[138.618441,-34.872733],[138.618744,-34.87266],[138.619003,-34.872544],[138.619039,-34.872527],[138.619131,-34.872472]]}},{"type":"Feature","properties":{"tier":"arterial"},"geometry":{"type":"LineString","coordinates":[[138.619146,-34.872619],[138.619031,-34.872687],[138.61898,-34.872717],[138.618822,-34.872788]]}},{"type":"Feature","properties":{"tier":"arterial"},"geometry":{"type":"LineString","coordinates":[[138.619257,-34.872538],[138.619146,-34.872619]]}},{"type":"Feature","properties":{"tier":"arterial"},"geometry":{"type":"LineString","coordinates":[[138.619884,-34.872165],[138.619635,-34.872306],[138.619384,-34.872451],[138.619358,-34.872468],[138.619257,-34.872538]]}},{"type":"Feature","properties":{"tier":"high"},"geometry":{"type":"LineString","coordinates":[[138.619146,-34.872619],[138.619131,-34.872472]]}},{"type":"Feature","properties":{"tier":"high"},"geometry":{"type":"LineString","coordinates":[[138.619241,-34.872394],[138.619257,-34.872538]]}},{"type":"Feature","properties":{"tier":"arterial"},"geometry":{"type":"LineString","coordinates":[[138.617072,-34.872945],[138.61611,-34.872991]]}},{"type":"Feature","properties":{"tier":"high"},"geometry":{"type":"LineString","coordinates":[[138.618704,-34.867017],[138.61883,-34.867011]]}},{"type":"Feature","properties":{"tier":"high"},"geometry":{"type":"LineString","coordinates":[[138.61883,-34.867011],[138.618911,-34.867961]]}},{"type":"Feature","properties":{"tier":"high"},"geometry":{"type":"LineString","coordinates":[[138.618784,-34.867961],[138.618704,-34.867017]]}},{"type":"Feature","properties":{"tier":"high"},"geometry":{"type":"LineString","coordinates":[[138.618911,-34.867961],[138.618784,-34.867961]]}},{"type":"Feature","properties":{"tier":"high"},"geometry":{"type":"LineString","coordinates":[[138.618956,-34.868665],[138.61883,-34.86867]]}},{"type":"Feature","properties":{"tier":"high"},"geometry":{"type":"LineString","coordinates":[[138.61883,-34.86867],[138.618809,-34.868345],[138.618801,-34.868227],[138.618784,-34.867961]]}},{"type":"Feature","properties":{"tier":"high"},"geometry":{"type":"LineString","coordinates":[[138.618911,-34.867961],[138.618956,-34.868665]]}},{"type":"Feature","properties":{"tier":"high"},"geometry":{"type":"LineString","coordinates":[[138.618836,-34.868863],[138.61883,-34.86867]]}},{"type":"Feature","properties":{"tier":"high"},"geometry":{"type":"LineString","coordinates":[[138.618956,-34.868665],[138.61897,-34.868856]]}},{"type":"Feature","properties":{"tier":"high"},"geometry":{"type":"LineString","coordinates":[[138.618836,-34.868863],[138.61897,-34.868856]]}},{"type":"Feature","properties":{"tier":"high"},"geometry":{"type":"LineString","coordinates":[[138.61897,-34.868856],[138.619052,-34.86997]]}},{"type":"Feature","properties":{"tier":"high"},"geometry":{"type":"LineString","coordinates":[[138.618919,-34.869977],[138.618836,-34.868863]]}},{"type":"Feature","properties":{"tier":"high"},"geometry":{"type":"LineString","coordinates":[[138.618291,-34.861034],[138.618285,-34.860934]]}},{"type":"Feature","properties":{"tier":"high"},"geometry":{"type":"LineString","coordinates":[[138.618394,-34.861026],[138.618413,-34.861326]]}},{"type":"Feature","properties":{"tier":"high"},"geometry":{"type":"LineString","coordinates":[[138.618413,-34.861326],[138.61831,-34.861331]]}},{"type":"Feature","properties":{"tier":"high"},"geometry":{"type":"LineString","coordinates":[[138.618413,-34.861326],[138.618455,-34.861804]]}},{"type":"Feature","properties":{"tier":"high"},"geometry":{"type":"LineString","coordinates":[[138.618338,-34.861803],[138.61831,-34.861331]]}},{"type":"Feature","properties":{"tier":"high"},"geometry":{"type":"LineString","coordinates":[[138.618346,-34.860344],[138.618362,-34.860568],[138.618394,-34.861026]]}},{"type":"Feature","properties":{"tier":"high"},"geometry":{"type":"LineString","coordinates":[[138.61831,-34.861331],[138.618291,-34.861034]]}},{"type":"Feature","properties":{"tier":"high"},"geometry":{"type":"LineString","coordinates":[[138.618269,-34.859262],[138.618303,-34.859742],[138.618307,-34.859798],[138.618346,-34.860344]]}},{"type":"Feature","properties":{"tier":"high"},"geometry":{"type":"LineString","coordinates":[[138.618248,-34.860349],[138.618211,-34.859717]]}},{"type":"Feature","properties":{"tier":"arterial"},"geometry":{"type":"LineString","coordinates":[[138.613325,-34.873126],[138.611762,-34.873201],[138.611123,-34.873232]]}},{"type":"Feature","properties":{"tier":"arterial"},"geometry":{"type":"LineString","coordinates":[[138.614016,-34.873092],[138.613902,-34.873096]]}},{"type":"Feature","properties":{"tier":"arterial"},"geometry":{"type":"LineString","coordinates":[[138.615091,-34.873041],[138.614302,-34.873079],[138.614061,-34.87309],[138.614016,-34.873092]]}},{"type":"Feature","properties":{"tier":"arterial"},"geometry":{"type":"LineString","coordinates":[[138.61611,-34.872991],[138.615467,-34.873022],[138.615091,-34.873041]]}},{"type":"Feature","properties":{"tier":"arterial"},"geometry":{"type":"LineString","coordinates":[[138.618822,-34.872788],[138.618563,-34.872869],[138.618277,-34.872908]]}},{"type":"Feature","properties":{"tier":"arterial"},"geometry":{"type":"LineString","coordinates":[[138.61767,-34.872813],[138.617801,-34.872801],[138.618102,-34.872773],[138.618205,-34.872761],[138.618441,-34.872733]]}},{"type":"Feature","properties":{"tier":"arterial"},"geometry":{"type":"LineString","coordinates":[[138.616106,-34.872913],[138.617068,-34.872868]]}},{"type":"Feature","properties":{"tier":"arterial"},"geometry":{"type":"LineString","coordinates":[[138.615083,-34.872962],[138.616004,-34.872918],[138.616106,-34.872913]]}},{"type":"Feature","properties":{"tier":"arterial"},"geometry":{"type":"LineString","coordinates":[[138.613897,-34.873018],[138.613986,-34.873014]]}},{"type":"Feature","properties":{"tier":"arterial"},"geometry":{"type":"LineString","coordinates":[[138.611119,-34.873153],[138.613319,-34.873047]]}},{"type":"Feature","properties":{"tier":"arterial"},"geometry":{"type":"LineString","coordinates":[[138.62502,-34.871779],[138.624681,-34.871796]]}},{"type":"Feature","properties":{"tier":"arterial"},"geometry":{"type":"LineString","coordinates":[[138.624292,-34.871737],[138.6245,-34.871726],[138.624675,-34.871716]]}},{"type":"Feature","properties":{"tier":"arterial"},"geometry":{"type":"LineString","coordinates":[[138.624298,-34.871816],[138.623509,-34.871849]]}},{"type":"Feature","properties":{"tier":"arterial"},"geometry":{"type":"LineString","coordinates":[[138.624681,-34.871796],[138.624506,-34.871805],[138.624298,-34.871816]]}},{"type":"Feature","properties":{"tier":"arterial"},"geometry":{"type":"LineString","coordinates":[[138.624675,-34.871716],[138.62502,-34.871697]]}},{"type":"Feature","properties":{"tier":"arterial"},"geometry":{"type":"LineString","coordinates":[[138.621738,-34.87185],[138.622392,-34.871821],[138.624292,-34.871737]]}},{"type":"Feature","properties":{"tier":"arterial"},"geometry":{"type":"LineString","coordinates":[[138.620719,-34.871981],[138.620543,-34.871995],[138.620463,-34.872002],[138.620241,-34.872045]]}},{"type":"Feature","properties":{"tier":"arterial"},"geometry":{"type":"LineString","coordinates":[[138.623509,-34.871849],[138.622854,-34.871883],[138.621889,-34.871932],[138.621744,-34.87194]]}},{"type":"Feature","properties":{"tier":"high"},"geometry":{"type":"LineString","coordinates":[[138.619403,-34.874771],[138.619298,-34.874775]]}},{"type":"Feature","properties":{"tier":"high"},"geometry":{"type":"LineString","coordinates":[[138.619403,-34.874771],[138.619419,-34.87502]]}},{"type":"Feature","properties":{"tier":"high"},"geometry":{"type":"LineString","coordinates":[[138.619293,-34.873023],[138.619315,-34.873364],[138.619326,-34.873539],[138.619403,-34.874771]]}},{"type":"Feature","properties":{"tier":"high"},"geometry":{"type":"LineString","coordinates":[[138.619257,-34.872538],[138.619268,-34.872691],[138.619293,-34.873023]]}},{"type":"Feature","properties":{"tier":"high"},"geometry":{"type":"LineString","coordinates":[[138.619298,-34.874775],[138.619245,-34.873906],[138.619223,-34.873598]]}},{"type":"Feature","properties":{"tier":"high"},"geometry":{"type":"LineString","coordinates":[[138.619314,-34.87502],[138.619312,-34.874985],[138.619298,-34.874775]]}},{"type":"Feature","properties":{"tier":"high"},"geometry":{"type":"LineString","coordinates":[[138.618525,-34.864132],[138.618512,-34.863937],[138.618466,-34.863299]]}},{"type":"Feature","properties":{"tier":"high"},"geometry":{"type":"LineString","coordinates":[[138.618518,-34.862735],[138.618521,-34.86277]]}},{"type":"Feature","properties":{"tier":"high"},"geometry":{"type":"LineString","coordinates":[[138.618455,-34.861804],[138.618475,-34.862111],[138.618518,-34.862735]]}},{"type":"Feature","properties":{"tier":"high"},"geometry":{"type":"LineString","coordinates":[[138.618426,-34.862738],[138.618338,-34.861803]]}},{"type":"Feature","properties":{"tier":"high"},"geometry":{"type":"LineString","coordinates":[[138.618768,-34.866093],[138.618641,-34.866101]]}},{"type":"Feature","properties":{"tier":"high"},"geometry":{"type":"LineString","coordinates":[[138.618653,-34.866278],[138.618641,-34.866101]]}},{"type":"Feature","properties":{"tier":"high"},"geometry":{"type":"LineString","coordinates":[[138.61878,-34.866272],[138.61883,-34.867011]]}},{"type":"Feature","properties":{"tier":"high"},"geometry":{"type":"LineString","coordinates":[[138.6187,-34.865095],[138.618768,-34.866093]]}},{"type":"Feature","properties":{"tier":"high"},"geometry":{"type":"LineString","coordinates":[[138.618641,-34.866101],[138.61861,-34.865653],[138.618603,-34.865546],[138.618572,-34.8651]]}},{"type":"Feature","properties":{"tier":"high"},"geometry":{"type":"LineString","coordinates":[[138.6187,-34.865095],[138.618572,-34.8651]]}},{"type":"Feature","properties":{"tier":"high"},"geometry":{"type":"LineString","coordinates":[[138.618768,-34.866093],[138.61878,-34.866272]]}},{"type":"Feature","properties":{"tier":"high"},"geometry":{"type":"LineString","coordinates":[[138.618704,-34.867017],[138.618653,-34.866278]]}},{"type":"Feature","properties":{"tier":"arterial"},"geometry":{"type":"LineString","coordinates":[[138.613319,-34.873047],[138.613839,-34.873021],[138.613897,-34.873018]]}},{"type":"Feature","properties":{"tier":"high"},"geometry":{"type":"LineString","coordinates":[[138.618109,-34.857031],[138.618135,-34.857373]]}},{"type":"Feature","properties":{"tier":"high"},"geometry":{"type":"LineString","coordinates":[[138.618109,-34.857031],[138.618005,-34.857035]]}},{"type":"Feature","properties":{"tier":"high"},"geometry":{"type":"LineString","coordinates":[[138.619052,-34.86997],[138.618919,-34.869977]]}},{"type":"Feature","properties":{"tier":"high"},"geometry":{"type":"LineString","coordinates":[[138.61794,-34.856139],[138.618042,-34.856133]]}},{"type":"Feature","properties":{"tier":"high"},"geometry":{"type":"LineString","coordinates":[[138.61794,-34.856139],[138.617905,-34.855656]]}},{"type":"Feature","properties":{"tier":"high"},"geometry":{"type":"LineString","coordinates":[[138.618005,-34.857035],[138.61794,-34.856139]]}},{"type":"Feature","properties":{"tier":"high"},"geometry":{"type":"LineString","coordinates":[[138.618109,-34.858437],[138.618005,-34.857035]]}},{"type":"Feature","properties":{"tier":"high"},"geometry":{"type":"LineString","coordinates":[[138.618238,-34.85872],[138.61824,-34.858755],[138.61825,-34.858905]]}},{"type":"Feature","properties":{"tier":"high"},"geometry":{"type":"LineString","coordinates":[[138.618042,-34.856133],[138.618109,-34.857031]]}},{"type":"Feature","properties":{"tier":"high"},"geometry":{"type":"LineString","coordinates":[[138.618005,-34.855652],[138.618042,-34.856133]]}},{"type":"Feature","properties":{"tier":"high"},"geometry":{"type":"LineString","coordinates":[[138.618994,-34.870994],[138.619116,-34.870991]]}},{"type":"Feature","properties":{"tier":"high"},"geometry":{"type":"LineString","coordinates":[[138.619052,-34.86997],[138.619086,-34.870518]]}},{"type":"Feature","properties":{"tier":"high"},"geometry":{"type":"LineString","coordinates":[[138.618994,-34.870994],[138.618919,-34.869977]]}},{"type":"Feature","properties":{"tier":"arterial"},"geometry":{"type":"LineString","coordinates":[[138.582889,-34.855989],[138.582962,-34.857022]]}},{"type":"Feature","properties":{"tier":"arterial"},"geometry":{"type":"LineString","coordinates":[[138.582469,-34.849361],[138.582475,-34.849588],[138.582513,-34.850207]]}},{"type":"Feature","properties":{"tier":"arterial"},"geometry":{"type":"LineString","coordinates":[[138.582401,-34.850353],[138.582351,-34.849689]]}},{"type":"Feature","properties":{"tier":"arterial"},"geometry":{"type":"LineString","coordinates":[[138.582857,-34.857027],[138.582781,-34.855994]]}},{"type":"Feature","properties":{"tier":"arterial"},"geometry":{"type":"LineString","coordinates":[[138.582871,-34.857332],[138.582857,-34.857027]]}},{"type":"Feature","properties":{"tier":"arterial"},"geometry":{"type":"LineString","coordinates":[[138.582962,-34.857022],[138.582978,-34.857327]]}},{"type":"Feature","properties":{"tier":"arterial"},"geometry":{"type":"LineString","coordinates":[[138.583301,-34.862339],[138.583285,-34.862354],[138.583277,-34.862378],[138.583278,-34.862452],[138.583275,-34.862494],[138.583273,-34.862538],[138.583263,-34.86257],[138.583225,-34.862578]]}},{"type":"Feature","properties":{"tier":"arterial"},"geometry":{"type":"LineString","coordinates":[[138.583301,-34.862339],[138.583363,-34.863252],[138.58338,-34.863497]]}},{"type":"Feature","properties":{"tier":"arterial"},"geometry":{"type":"LineString","coordinates":[[138.583303,-34.863501],[138.583282,-34.863255],[138.583225,-34.862578]]}},{"type":"Feature","properties":{"tier":"arterial"},"geometry":{"type":"LineString","coordinates":[[138.583613,-34.868082],[138.583607,-34.868019],[138.583597,-34.867898]]}},{"type":"Feature","properties":{"tier":"arterial"},"geometry":{"type":"LineString","coordinates":[[138.58338,-34.863497],[138.583431,-34.864351],[138.583445,-34.864547]]}},{"type":"Feature","properties":{"tier":"arterial"},"geometry":{"type":"LineString","coordinates":[[138.59239,-34.863083],[138.592352,-34.862914]]}},{"type":"Feature","properties":{"tier":"arterial"},"geometry":{"type":"LineString","coordinates":[[138.592417,-34.862917],[138.59239,-34.863083]]}},{"type":"Feature","properties":{"tier":"arterial"},"geometry":{"type":"LineString","coordinates":[[138.583851,-34.871504],[138.583828,-34.87123],[138.583815,-34.871114]]}},{"type":"Feature","properties":{"tier":"arterial"},"geometry":{"type":"LineString","coordinates":[[138.583735,-34.869878],[138.583727,-34.869751],[138.583727,-34.869739],[138.583679,-34.868816],[138.583642,-34.868415],[138.583619,-34.868162]]}},{"type":"Feature","properties":{"tier":"arterial"},"geometry":{"type":"LineString","coordinates":[[138.583894,-34.87213],[138.583851,-34.871504]]}},{"type":"Feature","properties":{"tier":"arterial"},"geometry":{"type":"LineString","coordinates":[[138.584036,-34.874807],[138.584031,-34.874684],[138.584031,-34.874682],[138.584028,-34.874627],[138.584024,-34.874549]]}},{"type":"Feature","properties":{"tier":"arterial"},"geometry":{"type":"LineString","coordinates":[[138.58416,-34.874542],[138.584168,-34.874631],[138.584199,-34.87502]]}},{"type":"Feature","properties":{"tier":"arterial"},"geometry":{"type":"LineString","coordinates":[[138.585322,-34.874486],[138.585118,-34.874496],[138.584712,-34.874517],[138.584317,-34.874535]]}},{"type":"Feature","properties":{"tier":"arterial"},"geometry":{"type":"LineString","coordinates":[[138.584318,-34.874417],[138.584638,-34.874406],[138.585228,-34.874379]]}},{"type":"Feature","properties":{"tier":"arterial"},"geometry":{"type":"LineString","coordinates":[[138.583824,-34.87456],[138.582967,-34.874625],[138.582431,-34.874671],[138.582031,-34.87472]]}},{"type":"Feature","properties":{"tier":"arterial"},"geometry":{"type":"LineString","coordinates":[[138.582019,-34.874651],[138.58247,-34.874592],[138.582995,-34.874515],[138.583311,-34.874474],[138.583572,-34.874452]]}},{"type":"Feature","properties":{"tier":"arterial"},"geometry":{"type":"LineString","coordinates":[[138.583983,-34.874198],[138.583959,-34.873111]]}},{"type":"Feature","properties":{"tier":"arterial"},"geometry":{"type":"LineString","coordinates":[[138.584024,-34.874549],[138.58401,-34.874431]]}},{"type":"Feature","properties":{"tier":"arterial"},"geometry":{"type":"LineString","coordinates":[[138.584152,-34.874427],[138.58416,-34.874542]]}},{"type":"Feature","properties":{"tier":"arterial"},"geometry":{"type":"LineString","coordinates":[[138.584103,-34.873821],[138.584126,-34.874106],[138.584143,-34.874322],[138.584146,-34.874357],[138.584152,-34.874427]]}},{"type":"Feature","properties":{"tier":"arterial"},"geometry":{"type":"LineString","coordinates":[[138.57748,-34.874746],[138.57749,-34.874832]]}},{"type":"Feature","properties":{"tier":"regional"},"geometry":{"type":"LineString","coordinates":[[138.575507,-34.874824],[138.575517,-34.874934]]}},{"type":"Feature","properties":{"tier":"arterial"},"geometry":{"type":"LineString","coordinates":[[138.575517,-34.874934],[138.575423,-34.874939],[138.574627,-34.87498]]}},{"type":"Feature","properties":{"tier":"arterial"},"geometry":{"type":"LineString","coordinates":[[138.574612,-34.874863],[138.575179,-34.874837]]}},{"type":"Feature","properties":{"tier":"arterial"},"geometry":{"type":"LineString","coordinates":[[138.57748,-34.874746],[138.577792,-34.874727],[138.578553,-34.874704]]}},{"type":"Feature","properties":{"tier":"arterial"},"geometry":{"type":"LineString","coordinates":[[138.575507,-34.874824],[138.575637,-34.874818],[138.57578,-34.874812]]}},{"type":"Feature","properties":{"tier":"arterial"},"geometry":{"type":"LineString","coordinates":[[138.576219,-34.874898],[138.57564,-34.874928],[138.575517,-34.874934]]}},{"type":"Feature","properties":{"tier":"arterial"},"geometry":{"type":"LineString","coordinates":[[138.579162,-34.874768],[138.578482,-34.87478],[138.578199,-34.874794],[138.57749,-34.874832]]}},{"type":"Feature","properties":{"tier":"arterial"},"geometry":{"type":"LineString","coordinates":[[138.574627,-34.87498],[138.573859,-34.875019],[138.573833,-34.87502]]}},{"type":"Feature","properties":{"tier":"arterial"},"geometry":{"type":"LineString","coordinates":[[138.587641,-34.874279],[138.587997,-34.87426]]}},{"type":"Feature","properties":{"tier":"arterial"},"geometry":{"type":"LineString","coordinates":[[138.586483,-34.874332],[138.586784,-34.874315],[138.587495,-34.874285]]}},{"type":"Feature","properties":{"tier":"arterial"},"geometry":{"type":"LineString","coordinates":[[138.587651,-34.874369],[138.586788,-34.874412],[138.58649,-34.874427]]}},{"type":"Feature","properties":{"tier":"arterial"},"geometry":{"type":"LineString","coordinates":[[138.588001,-34.874351],[138.587651,-34.874369]]}},{"type":"Feature","properties":{"tier":"arterial"},"geometry":{"type":"LineString","coordinates":[[138.592532,-34.874124],[138.592219,-34.874138],[138.591736,-34.874163]]}},{"type":"Feature","properties":{"tier":"high"},"geometry":{"type":"LineString","coordinates":[[138.60153,-34.868464],[138.601508,-34.86816]]}},{"type":"Feature","properties":{"tier":"high"},"geometry":{"type":"LineString","coordinates":[[138.601648,-34.868185],[138.601663,-34.868459]]}},{"type":"Feature","properties":{"tier":"high"},"geometry":{"type":"LineString","coordinates":[[138.601663,-34.868459],[138.60153,-34.868464]]}},{"type":"Feature","properties":{"tier":"high"},"geometry":{"type":"LineString","coordinates":[[138.601681,-34.870617],[138.601807,-34.870613]]}},{"type":"Feature","properties":{"tier":"high"},"geometry":{"type":"LineString","coordinates":[[138.601722,-34.869416],[138.601781,-34.870271]]}},{"type":"Feature","properties":{"tier":"high"},"geometry":{"type":"LineString","coordinates":[[138.601681,-34.870617],[138.60166,-34.870316]]}},{"type":"Feature","properties":{"tier":"high"},"geometry":{"type":"LineString","coordinates":[[138.601597,-34.869423],[138.601722,-34.869416]]}},{"type":"Feature","properties":{"tier":"high"},"geometry":{"type":"LineString","coordinates":[[138.601663,-34.868459],[138.601722,-34.869416]]}},{"type":"Feature","properties":{"tier":"high"},"geometry":{"type":"LineString","coordinates":[[138.601622,-34.869776],[138.601597,-34.869423]]}},{"type":"Feature","properties":{"tier":"high"},"geometry":{"type":"LineString","coordinates":[[138.601428,-34.86505],[138.601455,-34.865369]]}},{"type":"Feature","properties":{"tier":"high"},"geometry":{"type":"LineString","coordinates":[[138.601357,-34.866011],[138.601341,-34.865375]]}},{"type":"Feature","properties":{"tier":"high"},"geometry":{"type":"LineString","coordinates":[[138.601373,-34.866241],[138.601357,-34.866011]]}},{"type":"Feature","properties":{"tier":"high"},"geometry":{"type":"LineString","coordinates":[[138.601455,-34.865369],[138.601341,-34.865375]]}},{"type":"Feature","properties":{"tier":"high"},"geometry":{"type":"LineString","coordinates":[[138.600578,-34.854935],[138.600548,-34.854486]]}},{"type":"Feature","properties":{"tier":"high"},"geometry":{"type":"LineString","coordinates":[[138.600739,-34.857218],[138.600671,-34.855894]]}},{"type":"Feature","properties":{"tier":"high"},"geometry":{"type":"LineString","coordinates":[[138.600671,-34.855894],[138.600578,-34.854935]]}},{"type":"Feature","properties":{"tier":"high"},"geometry":{"type":"LineString","coordinates":[[138.600878,-34.857211],[138.600923,-34.857838]]}},{"type":"Feature","properties":{"tier":"high"},"geometry":{"type":"LineString","coordinates":[[138.600785,-34.85589],[138.600878,-34.857211]]}},{"type":"Feature","properties":{"tier":"high"},"geometry":{"type":"LineString","coordinates":[[138.600878,-34.857211],[138.600739,-34.857218]]}},{"type":"Feature","properties":{"tier":"arterial"},"geometry":{"type":"LineString","coordinates":[[138.605831,-34.873408],[138.605865,-34.873406],[138.606817,-34.873359]]}},{"type":"Feature","properties":{"tier":"arterial"},"geometry":{"type":"LineString","coordinates":[[138.606823,-34.87344],[138.606432,-34.873459]]}},{"type":"Feature","properties":{"tier":"arterial"},"geometry":{"type":"LineString","coordinates":[[138.604854,-34.873455],[138.605831,-34.873408]]}},{"type":"Feature","properties":{"tier":"arterial"},"geometry":{"type":"LineString","coordinates":[[138.605869,-34.873487],[138.604859,-34.873535]]}},{"type":"Feature","properties":{"tier":"arterial"},"geometry":{"type":"LineString","coordinates":[[138.604859,-34.873535],[138.603728,-34.87359],[138.6033,-34.873611]]}},{"type":"Feature","properties":{"tier":"arterial"},"geometry":{"type":"LineString","coordinates":[[138.604202,-34.873485],[138.604343,-34.873479],[138.604854,-34.873455]]}},{"type":"Feature","properties":{"tier":"arterial"},"geometry":{"type":"LineString","coordinates":[[138.601895,-34.873594],[138.602017,-34.873587]]}},{"type":"Feature","properties":{"tier":"arterial"},"geometry":{"type":"LineString","coordinates":[[138.600407,-34.873753],[138.599886,-34.873778],[138.599464,-34.873801]]}},{"type":"Feature","properties":{"tier":"arterial"},"geometry":{"type":"LineString","coordinates":[[138.601903,-34.873681],[138.601834,-34.873685],[138.601558,-34.8737]]}},{"type":"Feature","properties":{"tier":"arterial"},"geometry":{"type":"LineString","coordinates":[[138.599458,-34.873718],[138.600401,-34.873671]]}},{"type":"Feature","properties":{"tier":"arterial"},"geometry":{"type":"LineString","coordinates":[[138.600401,-34.873671],[138.600655,-34.873655]]}},{"type":"Feature","properties":{"tier":"arterial"},"geometry":{"type":"LineString","coordinates":[[138.596067,-34.873874],[138.596475,-34.873861],[138.596857,-34.873842]]}},{"type":"Feature","properties":{"tier":"high"},"geometry":{"type":"LineString","coordinates":[[138.601202,-34.86174],[138.601211,-34.86189],[138.601218,-34.862028],[138.601234,-34.862242],[138.601241,-34.86234]]}},{"type":"Feature","properties":{"tier":"high"},"geometry":{"type":"LineString","coordinates":[[138.601131,-34.862346],[138.601113,-34.862086],[138.601092,-34.861746]]}},{"type":"Feature","properties":{"tier":"high"},"geometry":{"type":"LineString","coordinates":[[138.601202,-34.86174],[138.601092,-34.861746]]}},{"type":"Feature","properties":{"tier":"high"},"geometry":{"type":"LineString","coordinates":[[138.601191,-34.861589],[138.601202,-34.86174]]}},{"type":"Feature","properties":{"tier":"high"},"geometry":{"type":"LineString","coordinates":[[138.601092,-34.861746],[138.601082,-34.861595]]}},{"type":"Feature","properties":{"tier":"high"},"geometry":{"type":"LineString","coordinates":[[138.601487,-34.867858],[138.601626,-34.867852]]}},{"type":"Feature","properties":{"tier":"high"},"geometry":{"type":"LineString","coordinates":[[138.601479,-34.865696],[138.601497,-34.866005]]}},{"type":"Feature","properties":{"tier":"high"},"geometry":{"type":"LineString","coordinates":[[138.601487,-34.867858],[138.601373,-34.866241]]}},{"type":"Feature","properties":{"tier":"high"},"geometry":{"type":"LineString","coordinates":[[138.601626,-34.867852],[138.601643,-34.868092],[138.601648,-34.868185]]}},{"type":"Feature","properties":{"tier":"high"},"geometry":{"type":"LineString","coordinates":[[138.601508,-34.86816],[138.601487,-34.867858]]}},{"type":"Feature","properties":{"tier":"high"},"geometry":{"type":"LineString","coordinates":[[138.601131,-34.862346],[138.601241,-34.86234]]}},{"type":"Feature","properties":{"tier":"arterial"},"geometry":{"type":"LineString","coordinates":[[138.611123,-34.873232],[138.610174,-34.873278]]}},{"type":"Feature","properties":{"tier":"arterial"},"geometry":{"type":"LineString","coordinates":[[138.610169,-34.873199],[138.611119,-34.873153]]}},{"type":"Feature","properties":{"tier":"high"},"geometry":{"type":"LineString","coordinates":[[138.601455,-34.865369],[138.601479,-34.865696]]}},{"type":"Feature","properties":{"tier":"high"},"geometry":{"type":"LineString","coordinates":[[138.601341,-34.865375],[138.601318,-34.865055]]}},{"type":"Feature","properties":{"tier":"high"},"geometry":{"type":"LineString","coordinates":[[138.601206,-34.863564],[138.601158,-34.862744]]}},{"type":"Feature","properties":{"tier":"high"},"geometry":{"type":"LineString","coordinates":[[138.601255,-34.864177],[138.601206,-34.863564]]}},{"type":"Feature","properties":{"tier":"high"},"geometry":{"type":"LineString","coordinates":[[138.601327,-34.863558],[138.601328,-34.863584]]}},{"type":"Feature","properties":{"tier":"high"},"geometry":{"type":"LineString","coordinates":[[138.601241,-34.86234],[138.601291,-34.863049],[138.601327,-34.863558]]}},{"type":"Feature","properties":{"tier":"high"},"geometry":{"type":"LineString","coordinates":[[138.601327,-34.863558],[138.601206,-34.863564]]}},{"type":"Feature","properties":{"tier":"high"},"geometry":{"type":"LineString","coordinates":[[138.617996,-34.855531],[138.618005,-34.855652]]}},{"type":"Feature","properties":{"tier":"high"},"geometry":{"type":"LineString","coordinates":[[138.617896,-34.855537],[138.617996,-34.855531]]}},{"type":"Feature","properties":{"tier":"high"},"geometry":{"type":"LineString","coordinates":[[138.617905,-34.855656],[138.617896,-34.855537]]}},{"type":"Feature","properties":{"tier":"high"},"geometry":{"type":"LineString","coordinates":[[138.617832,-34.853341],[138.617841,-34.853436]]}},{"type":"Feature","properties":{"tier":"high"},"geometry":{"type":"LineString","coordinates":[[138.617707,-34.853349],[138.617832,-34.853341]]}},{"type":"Feature","properties":{"tier":"high"},"geometry":{"type":"LineString","coordinates":[[138.617716,-34.853444],[138.617707,-34.853349]]}},{"type":"Feature","properties":{"tier":"high"},"geometry":{"type":"LineString","coordinates":[[138.617841,-34.853436],[138.617716,-34.853444]]}},{"type":"Feature","properties":{"tier":"high"},"geometry":{"type":"LineString","coordinates":[[138.617823,-34.854523],[138.61792,-34.854519]]}},{"type":"Feature","properties":{"tier":"high"},"geometry":{"type":"LineString","coordinates":[[138.617823,-34.854523],[138.617806,-34.854357],[138.617716,-34.853444]]}},{"type":"Feature","properties":{"tier":"high"},"geometry":{"type":"LineString","coordinates":[[138.617896,-34.855537],[138.617823,-34.854523]]}},{"type":"Feature","properties":{"tier":"high"},"geometry":{"type":"LineString","coordinates":[[138.61792,-34.854519],[138.617996,-34.855531]]}},{"type":"Feature","properties":{"tier":"high"},"geometry":{"type":"LineString","coordinates":[[138.617841,-34.853436],[138.617908,-34.854352],[138.61792,-34.854519]]}},{"type":"Feature","properties":{"tier":"high"},"geometry":{"type":"LineString","coordinates":[[138.617591,-34.851896],[138.61758,-34.851799]]}},{"type":"Feature","properties":{"tier":"high"},"geometry":{"type":"LineString","coordinates":[[138.617633,-34.852364],[138.617602,-34.852032],[138.6176,-34.852009],[138.617591,-34.851896]]}},{"type":"Feature","properties":{"tier":"high"},"geometry":{"type":"LineString","coordinates":[[138.617707,-34.853349],[138.617633,-34.852364]]}},{"type":"Feature","properties":{"tier":"high"},"geometry":{"type":"LineString","coordinates":[[138.617707,-34.851889],[138.617591,-34.851896]]}},{"type":"Feature","properties":{"tier":"high"},"geometry":{"type":"LineString","coordinates":[[138.617749,-34.852357],[138.617832,-34.853341]]}},{"type":"Feature","properties":{"tier":"high"},"geometry":{"type":"LineString","coordinates":[[138.617707,-34.851889],[138.617717,-34.852006],[138.617719,-34.852025],[138.617749,-34.852357]]}},{"type":"Feature","properties":{"tier":"high"},"geometry":{"type":"LineString","coordinates":[[138.617692,-34.851792],[138.617707,-34.851889]]}},{"type":"Feature","properties":{"tier":"high"},"geometry":{"type":"LineString","coordinates":[[138.61758,-34.851799],[138.617692,-34.851792]]}},{"type":"Feature","properties":{"tier":"high"},"geometry":{"type":"LineString","coordinates":[[138.617424,-34.850238],[138.617529,-34.85023]]}},{"type":"Feature","properties":{"tier":"high"},"geometry":{"type":"LineString","coordinates":[[138.617543,-34.850327],[138.61743,-34.85033]]}},{"type":"Feature","properties":{"tier":"high"},"geometry":{"type":"LineString","coordinates":[[138.61743,-34.85033],[138.617424,-34.850238]]}},{"type":"Feature","properties":{"tier":"high"},"geometry":{"type":"LineString","coordinates":[[138.617542,-34.851346],[138.61743,-34.85033]]}},{"type":"Feature","properties":{"tier":"high"},"geometry":{"type":"LineString","coordinates":[[138.61758,-34.851799],[138.617542,-34.851346]]}},{"type":"Feature","properties":{"tier":"high"},"geometry":{"type":"LineString","coordinates":[[138.617636,-34.851345],[138.617692,-34.851792]]}},{"type":"Feature","properties":{"tier":"high"},"geometry":{"type":"LineString","coordinates":[[138.617543,-34.850327],[138.617636,-34.851345]]}},{"type":"Feature","properties":{"tier":"high"},"geometry":{"type":"LineString","coordinates":[[138.617529,-34.85023],[138.617543,-34.850327]]}},{"type":"Feature","properties":{"tier":"high"},"geometry":{"type":"LineString","coordinates":[[138.617355,-34.849443],[138.617464,-34.849438]]}},{"type":"Feature","properties":{"tier":"high"},"geometry":{"type":"LineString","coordinates":[[138.617355,-34.849443],[138.617256,-34.848389]]}},{"type":"Feature","properties":{"tier":"high"},"geometry":{"type":"LineString","coordinates":[[138.617464,-34.849438],[138.617472,-34.849608],[138.617529,-34.85023]]}},{"type":"Feature","properties":{"tier":"arterial"},"geometry":{"type":"LineString","coordinates":[[138.617998,-34.846169],[138.618359,-34.845734],[138.618576,-34.845477]]}},{"type":"Feature","properties":{"tier":"arterial"},"geometry":{"type":"LineString","coordinates":[[138.618804,-34.845311],[138.618451,-34.845774],[138.618225,-34.846067],[138.618037,-34.846309]]}},{"type":"Feature","properties":{"tier":"arterial"},"geometry":{"type":"LineString","coordinates":[[138.62037,-34.84315],[138.619849,-34.843862],[138.619756,-34.843989]]}},{"type":"Feature","properties":{"tier":"arterial"},"geometry":{"type":"LineString","coordinates":[[138.619677,-34.84395],[138.61977,-34.843824],[138.620247,-34.843173],[138.620327,-34.843064]]}},{"type":"Feature","properties":{"tier":"arterial"},"geometry":{"type":"LineString","coordinates":[[138.618576,-34.845477],[138.618686,-34.845324],[138.61909,-34.844765],[138.619319,-34.844446]]}},{"type":"Feature","properties":{"tier":"arterial"},"geometry":{"type":"LineString","coordinates":[[138.619396,-34.844489],[138.619171,-34.844802],[138.618804,-34.845311]]}},{"type":"Feature","properties":{"tier":"arterial"},"geometry":{"type":"LineString","coordinates":[[138.623887,-34.838338],[138.623791,-34.838385]]}},{"type":"Feature","properties":{"tier":"arterial"},"geometry":{"type":"LineString","coordinates":[[138.623855,-34.838243],[138.623951,-34.838108],[138.624,-34.838039]]}},{"type":"Feature","properties":{"tier":"arterial"},"geometry":{"type":"LineString","coordinates":[[138.624396,-34.837678],[138.624143,-34.838007],[138.624127,-34.838028],[138.624086,-34.838081]]}},{"type":"Feature","properties":{"tier":"arterial"},"geometry":{"type":"LineString","coordinates":[[138.624,-34.838039],[138.624039,-34.837983],[138.624147,-34.83783],[138.624274,-34.837652]]}},{"type":"Feature","properties":{"tier":"arterial"},"geometry":{"type":"LineString","coordinates":[[138.62502,-34.836887],[138.624907,-34.83703],[138.62488,-34.837064],[138.624396,-34.837678]]}},{"type":"Feature","properties":{"tier":"arterial"},"geometry":{"type":"LineString","coordinates":[[138.624274,-34.837652],[138.624761,-34.837003],[138.624975,-34.836703]]}},{"type":"Feature","properties":{"tier":"high"},"geometry":{"type":"LineString","coordinates":[[138.61774,-34.847223],[138.618623,-34.847247]]}},{"type":"Feature","properties":{"tier":"high"},"geometry":{"type":"LineString","coordinates":[[138.61803,-34.847348],[138.617666,-34.847345],[138.617628,-34.847345],[138.617573,-34.847345]]}},{"type":"Feature","properties":{"tier":"high"},"geometry":{"type":"LineString","coordinates":[[138.617408,-34.84722],[138.617614,-34.847223],[138.61774,-34.847223]]}},{"type":"Feature","properties":{"tier":"high"},"geometry":{"type":"LineString","coordinates":[[138.618622,-34.847354],[138.618623,-34.847247]]}},{"type":"Feature","properties":{"tier":"high"},"geometry":{"type":"LineString","coordinates":[[138.621761,-34.847295],[138.621759,-34.847379]]}},{"type":"Feature","properties":{"tier":"high"},"geometry":{"type":"LineString","coordinates":[[138.620471,-34.847282],[138.621761,-34.847295]]}},{"type":"Feature","properties":{"tier":"high"},"geometry":{"type":"LineString","coordinates":[[138.618623,-34.847247],[138.620471,-34.847282]]}},{"type":"Feature","properties":{"tier":"high"},"geometry":{"type":"LineString","coordinates":[[138.620471,-34.847365],[138.620088,-34.847363],[138.619175,-34.847359]]}},{"type":"Feature","properties":{"tier":"high"},"geometry":{"type":"LineString","coordinates":[[138.622374,-34.847385],[138.621877,-34.84738],[138.621759,-34.847379]]}},{"type":"Feature","properties":{"tier":"high"},"geometry":{"type":"LineString","coordinates":[[138.620471,-34.847365],[138.620471,-34.847282]]}},{"type":"Feature","properties":{"tier":"high"},"geometry":{"type":"LineString","coordinates":[[138.621759,-34.847379],[138.620471,-34.847365]]}},{"type":"Feature","properties":{"tier":"high"},"geometry":{"type":"LineString","coordinates":[[138.621761,-34.847295],[138.622713,-34.847305]]}},{"type":"Feature","properties":{"tier":"high"},"geometry":{"type":"LineString","coordinates":[[138.622713,-34.847305],[138.622711,-34.847389]]}},{"type":"Feature","properties":{"tier":"high"},"geometry":{"type":"LineString","coordinates":[[138.623746,-34.847383],[138.6236,-34.847388],[138.623323,-34.847392],[138.623208,-34.847394],[138.622953,-34.847391],[138.622711,-34.847389]]}},{"type":"Feature","properties":{"tier":"high"},"geometry":{"type":"LineString","coordinates":[[138.622711,-34.847389],[138.622374,-34.847385]]}},{"type":"Feature","properties":{"tier":"high"},"geometry":{"type":"LineString","coordinates":[[138.62502,-34.847331],[138.624407,-34.847358],[138.624276,-34.847364],[138.623746,-34.847383]]}},{"type":"Feature","properties":{"tier":"high"},"geometry":{"type":"LineString","coordinates":[[138.623741,-34.847304],[138.62502,-34.84725]]}},{"type":"Feature","properties":{"tier":"arterial"},"geometry":{"type":"LineString","coordinates":[[138.585228,-34.874379],[138.586483,-34.874332]]}},{"type":"Feature","properties":{"tier":"arterial"},"geometry":{"type":"LineString","coordinates":[[138.58649,-34.874427],[138.585322,-34.874486]]}},{"type":"Feature","properties":{"tier":"high"},"geometry":{"type":"LineString","coordinates":[[138.601781,-34.870271],[138.601807,-34.870613]]}},{"type":"Feature","properties":{"tier":"high"},"geometry":{"type":"LineString","coordinates":[[138.601713,-34.871077],[138.601681,-34.870617]]}},{"type":"Feature","properties":{"tier":"high"},"geometry":{"type":"LineString","coordinates":[[138.601859,-34.871436],[138.601891,-34.872013]]}},{"type":"Feature","properties":{"tier":"high"},"geometry":{"type":"LineString","coordinates":[[138.601891,-34.872013],[138.601929,-34.872561]]}},{"type":"Feature","properties":{"tier":"high"},"geometry":{"type":"LineString","coordinates":[[138.601818,-34.872567],[138.601788,-34.872143],[138.601749,-34.871578],[138.601713,-34.871077]]}},{"type":"Feature","properties":{"tier":"high"},"geometry":{"type":"LineString","coordinates":[[138.601818,-34.872567],[138.601929,-34.872561]]}},{"type":"Feature","properties":{"tier":"arterial"},"geometry":{"type":"LineString","coordinates":[[138.608496,-34.873359],[138.606823,-34.87344]]}},{"type":"Feature","properties":{"tier":"arterial"},"geometry":{"type":"LineString","coordinates":[[138.606817,-34.873359],[138.607983,-34.873304]]}},{"type":"Feature","properties":{"tier":"arterial"},"geometry":{"type":"LineString","coordinates":[[138.609447,-34.873313],[138.608496,-34.873359]]}},{"type":"Feature","properties":{"tier":"high"},"geometry":{"type":"LineString","coordinates":[[138.602017,-34.873587],[138.602024,-34.873674]]}},{"type":"Feature","properties":{"tier":"high"},"geometry":{"type":"LineString","coordinates":[[138.601903,-34.873681],[138.601895,-34.873594]]}},{"type":"Feature","properties":{"tier":"high"},"geometry":{"type":"LineString","coordinates":[[138.60191,-34.873762],[138.601907,-34.873736],[138.601903,-34.873681]]}},{"type":"Feature","properties":{"tier":"arterial"},"geometry":{"type":"LineString","coordinates":[[138.602024,-34.873674],[138.601903,-34.873681]]}},{"type":"Feature","properties":{"tier":"high"},"geometry":{"type":"LineString","coordinates":[[138.601357,-34.866011],[138.601497,-34.866005]]}},{"type":"Feature","properties":{"tier":"high"},"geometry":{"type":"LineString","coordinates":[[138.601497,-34.866005],[138.60151,-34.866207]]}},{"type":"Feature","properties":{"tier":"high"},"geometry":{"type":"LineString","coordinates":[[138.60103,-34.860798],[138.600967,-34.860041],[138.600958,-34.859933]]}},{"type":"Feature","properties":{"tier":"high"},"geometry":{"type":"LineString","coordinates":[[138.601055,-34.861177],[138.60103,-34.860798]]}},{"type":"Feature","properties":{"tier":"high"},"geometry":{"type":"LineString","coordinates":[[138.601137,-34.860793],[138.601169,-34.861295],[138.601191,-34.861589]]}},{"type":"Feature","properties":{"tier":"high"},"geometry":{"type":"LineString","coordinates":[[138.601028,-34.859278],[138.601082,-34.860035],[138.601137,-34.860793]]}},{"type":"Feature","properties":{"tier":"high"},"geometry":{"type":"LineString","coordinates":[[138.564445,-34.849848],[138.56444,-34.849664]]}},{"type":"Feature","properties":{"tier":"high"},"geometry":{"type":"LineString","coordinates":[[138.564775,-34.849655],[138.564788,-34.849831]]}},{"type":"Feature","properties":{"tier":"high"},"geometry":{"type":"LineString","coordinates":[[138.564788,-34.849831],[138.564445,-34.849848]]}},{"type":"Feature","properties":{"tier":"high"},"geometry":{"type":"LineString","coordinates":[[138.56444,-34.849664],[138.564775,-34.849655]]}},{"type":"Feature","properties":{"tier":"arterial"},"geometry":{"type":"LineString","coordinates":[[138.583815,-34.871114],[138.583812,-34.871027],[138.583805,-34.870939],[138.583783,-34.87065],[138.583735,-34.869878]]}},{"type":"Feature","properties":{"tier":"arterial"},"geometry":{"type":"LineString","coordinates":[[138.583842,-34.869876],[138.583915,-34.87099],[138.583917,-34.871021],[138.583925,-34.871108]]}},{"type":"Feature","properties":{"tier":"arterial"},"geometry":{"type":"LineString","coordinates":[[138.583724,-34.868159],[138.583757,-34.868486],[138.583766,-34.868669]]}},{"type":"Feature","properties":{"tier":"arterial"},"geometry":{"type":"LineString","coordinates":[[138.583719,-34.868078],[138.583724,-34.868159]]}},{"type":"Feature","properties":{"tier":"arterial"},"geometry":{"type":"LineString","coordinates":[[138.583285,-34.868099],[138.583286,-34.868093],[138.583364,-34.868057],[138.583466,-34.868021],[138.583513,-34.867994],[138.58356,-34.867968],[138.583585,-34.867901],[138.583597,-34.867898]]}},{"type":"Feature","properties":{"tier":"high"},"geometry":{"type":"LineString","coordinates":[[138.562671,-34.834868],[138.562525,-34.83433],[138.56248,-34.8341]]}},{"type":"Feature","properties":{"tier":"high"},"geometry":{"type":"LineString","coordinates":[[138.56248,-34.823818],[138.562786,-34.826445]]}},{"type":"Feature","properties":{"tier":"high"},"geometry":{"type":"LineString","coordinates":[[138.56255,-34.832303],[138.562562,-34.832739],[138.562598,-34.833181],[138.562628,-34.833602],[138.562688,-34.834032]]}},{"type":"Feature","properties":{"tier":"high"},"geometry":{"type":"LineString","coordinates":[[138.564066,-34.828704],[138.5642,-34.828705],[138.564354,-34.828714],[138.564498,-34.828733],[138.564651,-34.828762],[138.564822,-34.828806],[138.564991,-34.828863],[138.565161,-34.828933],[138.565315,-34.829013],[138.565442,-34.829091],[138.565547,-34.829165],[138.565641,-34.829241],[138.565729,-34.829317],[138.565806,-34.829397],[138.565883,-34.829487],[138.565944,-34.829569],[138.565998,-34.829648],[138.566062,-34.829757],[138.566136,-34.829894],[138.566256,-34.830137],[138.566343,-34.830308],[138.566414,-34.83046],[138.566479,-34.830587],[138.566539,-34.830703],[138.566619,-34.830841],[138.566704,-34.830976],[138.566788,-34.831092],[138.566872,-34.831195],[138.566962,-34.831294],[138.567053,-34.831389],[138.567175,-34.831497],[138.567338,-34.831625],[138.567462,-34.831712],[138.567597,-34.831792],[138.567722,-34.831858],[138.56784,-34.831917],[138.567969,-34.831974],[138.5681,-34.832025],[138.568235,-34.832072],[138.568379,-34.832111],[138.568504,-34.832143],[138.569059,-34.832268],[138.569603,-34.832382],[138.569901,-34.832435],[138.570157,-34.832471],[138.570541,-34.832514],[138.570951,-34.832542],[138.571232,-34.832555],[138.572053,-34.832581],[138.572224,-34.832632]]}},{"type":"Feature","properties":{"tier":"high"},"geometry":{"type":"LineString","coordinates":[[138.56248,-34.828579],[138.562508,-34.828485],[138.562617,-34.827762],[138.562624,-34.827304],[138.562616,-34.827181]]}},{"type":"Feature","properties":{"tier":"high"},"geometry":{"type":"LineString","coordinates":[[138.567856,-34.86098],[138.568332,-34.861573],[138.568437,-34.861857]]}},{"type":"Feature","properties":{"tier":"high"},"geometry":{"type":"LineString","coordinates":[[138.597485,-34.813985],[138.597423,-34.813386]]}},{"type":"Feature","properties":{"tier":"arterial"},"geometry":{"type":"LineString","coordinates":[[138.57749,-34.874832],[138.576219,-34.874898]]}},{"type":"Feature","properties":{"tier":"arterial"},"geometry":{"type":"LineString","coordinates":[[138.598471,-34.827557],[138.598662,-34.827449]]}},{"type":"Feature","properties":{"tier":"high"},"geometry":{"type":"LineString","coordinates":[[138.598404,-34.826667],[138.598377,-34.826321],[138.598355,-34.826023]]}},{"type":"Feature","properties":{"tier":"high"},"geometry":{"type":"LineString","coordinates":[[138.59848,-34.827685],[138.598471,-34.827557]]}},{"type":"Feature","properties":{"tier":"high"},"geometry":{"type":"LineString","coordinates":[[138.597613,-34.815829],[138.59759,-34.81554],[138.597521,-34.814483]]}},{"type":"Feature","properties":{"tier":"high"},"geometry":{"type":"LineString","coordinates":[[138.598575,-34.829045],[138.59852,-34.828219]]}},{"type":"Feature","properties":{"tier":"high"},"geometry":{"type":"LineString","coordinates":[[138.565464,-34.849796],[138.564981,-34.849818]]}},{"type":"Feature","properties":{"tier":"high"},"geometry":{"type":"LineString","coordinates":[[138.564782,-34.850073],[138.564789,-34.850184],[138.564806,-34.850477],[138.564816,-34.850652],[138.564841,-34.85108],[138.564969,-34.853291]]}},{"type":"Feature","properties":{"tier":"high"},"geometry":{"type":"LineString","coordinates":[[138.56575,-34.857937],[138.565984,-34.858317],[138.565998,-34.858335],[138.566352,-34.858815]]}},{"type":"Feature","properties":{"tier":"high"},"geometry":{"type":"LineString","coordinates":[[138.562698,-34.835197],[138.562671,-34.834868]]}},{"type":"Feature","properties":{"tier":"high"},"geometry":{"type":"LineString","coordinates":[[138.599071,-34.834986],[138.598982,-34.833929],[138.59897,-34.833767]]}},{"type":"Feature","properties":{"tier":"high"},"geometry":{"type":"LineString","coordinates":[[138.605066,-34.841329],[138.605084,-34.841303]]}},{"type":"Feature","properties":{"tier":"high"},"geometry":{"type":"LineString","coordinates":[[138.590857,-34.818832],[138.590195,-34.819508]]}},{"type":"Feature","properties":{"tier":"high"},"geometry":{"type":"LineString","coordinates":[[138.597681,-34.816497],[138.597613,-34.815829]]}},{"type":"Feature","properties":{"tier":"high"},"geometry":{"type":"LineString","coordinates":[[138.564454,-34.850376],[138.56445,-34.850115],[138.56445,-34.849967],[138.56445,-34.849941],[138.564445,-34.849848]]}},{"type":"Feature","properties":{"tier":"high"},"geometry":{"type":"LineString","coordinates":[[138.564032,-34.849663],[138.564335,-34.849665],[138.564371,-34.849665],[138.56444,-34.849664]]}},{"type":"Feature","properties":{"tier":"high"},"geometry":{"type":"LineString","coordinates":[[138.582311,-34.849176],[138.582319,-34.849046]]}},{"type":"Feature","properties":{"tier":"high"},"geometry":{"type":"LineString","coordinates":[[138.58247,-34.849154],[138.582311,-34.849176]]}},{"type":"Feature","properties":{"tier":"high"},"geometry":{"type":"LineString","coordinates":[[138.583919,-34.848957],[138.583317,-34.849036]]}},{"type":"Feature","properties":{"tier":"high"},"geometry":{"type":"LineString","coordinates":[[138.583317,-34.849036],[138.582594,-34.849137],[138.58256,-34.849141],[138.58247,-34.849154]]}},{"type":"Feature","properties":{"tier":"arterial"},"geometry":{"type":"LineString","coordinates":[[138.582482,-34.849021],[138.58247,-34.849154]]}},{"type":"Feature","properties":{"tier":"arterial"},"geometry":{"type":"LineString","coordinates":[[138.583585,-34.847852],[138.582794,-34.848467]]}},{"type":"Feature","properties":{"tier":"arterial"},"geometry":{"type":"LineString","coordinates":[[138.600899,-34.826795],[138.604145,-34.826339],[138.605031,-34.826213]]}},{"type":"Feature","properties":{"tier":"arterial"},"geometry":{"type":"LineString","coordinates":[[138.617795,-34.846563],[138.61769,-34.846674],[138.617587,-34.846811],[138.61749,-34.846993]]}},{"type":"Feature","properties":{"tier":"arterial"},"geometry":{"type":"LineString","coordinates":[[138.585883,-34.845743],[138.586702,-34.845084],[138.587855,-34.844136]]}},{"type":"Feature","properties":{"tier":"high"},"geometry":{"type":"LineString","coordinates":[[138.607592,-34.8379],[138.607727,-34.837715],[138.60779,-34.837627]]}},{"type":"Feature","properties":{"tier":"high"},"geometry":{"type":"LineString","coordinates":[[138.598662,-34.827449],[138.598672,-34.827598]]}},{"type":"Feature","properties":{"tier":"high"},"geometry":{"type":"LineString","coordinates":[[138.598623,-34.826881],[138.598655,-34.827349],[138.598662,-34.827449]]}},{"type":"Feature","properties":{"tier":"high"},"geometry":{"type":"LineString","coordinates":[[138.598482,-34.824838],[138.598623,-34.826881]]}},{"type":"Feature","properties":{"tier":"high"},"geometry":{"type":"LineString","coordinates":[[138.619116,-34.870991],[138.619183,-34.871729]]}},{"type":"Feature","properties":{"tier":"regional"},"geometry":{"type":"LineString","coordinates":[[138.563395,-34.846191],[138.563338,-34.845366],[138.563324,-34.845166]]}},{"type":"Feature","properties":{"tier":"regional"},"geometry":{"type":"LineString","coordinates":[[138.563324,-34.845166],[138.56248,-34.845204]]}},{"type":"Feature","properties":{"tier":"regional"},"geometry":{"type":"LineString","coordinates":[[138.564028,-34.845137],[138.564365,-34.845132]]}},{"type":"Feature","properties":{"tier":"high"},"geometry":{"type":"LineString","coordinates":[[138.616542,-34.847212],[138.617108,-34.847216],[138.617221,-34.847218]]}},{"type":"Feature","properties":{"tier":"arterial"},"geometry":{"type":"LineString","coordinates":[[138.563869,-34.84051],[138.563862,-34.840427],[138.563856,-34.840351],[138.563849,-34.840305]]}},{"type":"Feature","properties":{"tier":"regional"},"geometry":{"type":"LineString","coordinates":[[138.563355,-34.840531],[138.563673,-34.84052],[138.563717,-34.840518],[138.563869,-34.84051]]}},{"type":"Feature","properties":{"tier":"arterial"},"geometry":{"type":"LineString","coordinates":[[138.563849,-34.840305],[138.5638,-34.839637]]}},{"type":"Feature","properties":{"tier":"high"},"geometry":{"type":"LineString","coordinates":[[138.61818,-34.85795],[138.618228,-34.858579],[138.618235,-34.858678]]}},{"type":"Feature","properties":{"tier":"arterial"},"geometry":{"type":"LineString","coordinates":[[138.580709,-34.874798],[138.580383,-34.874791],[138.579162,-34.874768]]}},{"type":"Feature","properties":{"tier":"regional"},"geometry":{"type":"LineString","coordinates":[[138.598672,-34.827598],[138.59848,-34.827685]]}},{"type":"Feature","properties":{"tier":"regional"},"geometry":{"type":"LineString","coordinates":[[138.572746,-34.840208],[138.570322,-34.84032]]}},{"type":"Feature","properties":{"tier":"high"},"geometry":{"type":"LineString","coordinates":[[138.616828,-34.825529],[138.616759,-34.825592],[138.61638,-34.825969]]}},{"type":"Feature","properties":{"tier":"arterial"},"geometry":{"type":"LineString","coordinates":[[138.605031,-34.826213],[138.605811,-34.826102],[138.606616,-34.825988],[138.613267,-34.825058]]}},{"type":"Feature","properties":{"tier":"high"},"geometry":{"type":"LineString","coordinates":[[138.573196,-34.849749],[138.573307,-34.849748]]}},{"type":"Feature","properties":{"tier":"high"},"geometry":{"type":"LineString","coordinates":[[138.581335,-34.849193],[138.582159,-34.84907],[138.582195,-34.849064],[138.582319,-34.849046]]}},{"type":"Feature","properties":{"tier":"high"},"geometry":{"type":"LineString","coordinates":[[138.579519,-34.849474],[138.581222,-34.84921],[138.581335,-34.849193]]}},{"type":"Feature","properties":{"tier":"high"},"geometry":{"type":"LineString","coordinates":[[138.593352,-34.848399],[138.594308,-34.848346],[138.59454,-34.848333],[138.595388,-34.848292]]}},{"type":"Feature","properties":{"tier":"high"},"geometry":{"type":"LineString","coordinates":[[138.591727,-34.848553],[138.591511,-34.848566],[138.59148,-34.848567],[138.591386,-34.848572]]}},{"type":"Feature","properties":{"tier":"high"},"geometry":{"type":"LineString","coordinates":[[138.599199,-34.834681],[138.599357,-34.836866]]}},{"type":"Feature","properties":{"tier":"high"},"geometry":{"type":"LineString","coordinates":[[138.61516,-34.827243],[138.615587,-34.826665],[138.615758,-34.826438]]}},{"type":"Feature","properties":{"tier":"high"},"geometry":{"type":"LineString","coordinates":[[138.618337,-34.82392],[138.61818,-34.824092]]}},{"type":"Feature","properties":{"tier":"arterial"},"geometry":{"type":"LineString","coordinates":[[138.578553,-34.874704],[138.579152,-34.874698],[138.580084,-34.874701],[138.580678,-34.874711]]}},{"type":"Feature","properties":{"tier":"arterial"},"geometry":{"type":"LineString","coordinates":[[138.601607,-34.87361],[138.60177,-34.873601],[138.601788,-34.8736],[138.601831,-34.873598],[138.601895,-34.873594]]}},{"type":"Feature","properties":{"tier":"high"},"geometry":{"type":"LineString","coordinates":[[138.610809,-34.833174],[138.61087,-34.833085],[138.610942,-34.83299]]}},{"type":"Feature","properties":{"tier":"high"},"geometry":{"type":"LineString","coordinates":[[138.619173,-34.873099],[138.619154,-34.872762],[138.619152,-34.872726],[138.619146,-34.872619]]}},{"type":"Feature","properties":{"tier":"high"},"geometry":{"type":"LineString","coordinates":[[138.610371,-34.833859],[138.610484,-34.833678],[138.610488,-34.833667]]}},{"type":"Feature","properties":{"tier":"high"},"geometry":{"type":"LineString","coordinates":[[138.60827,-34.837323],[138.608093,-34.837567]]}},{"type":"Feature","properties":{"tier":"arterial"},"geometry":{"type":"LineString","coordinates":[[138.587984,-34.844242],[138.585606,-34.846174]]}},{"type":"Feature","properties":{"tier":"regional"},"geometry":{"type":"LineString","coordinates":[[138.618545,-34.863091],[138.618642,-34.863086],[138.61878,-34.86308]]}},{"type":"Feature","properties":{"tier":"regional"},"geometry":{"type":"LineString","coordinates":[[138.618466,-34.863299],[138.618515,-34.863234],[138.618509,-34.863117],[138.618545,-34.863091]]}},{"type":"Feature","properties":{"tier":"regional"},"geometry":{"type":"LineString","coordinates":[[138.618521,-34.86277],[138.618622,-34.862899],[138.618671,-34.86299],[138.618681,-34.863007],[138.61878,-34.86308]]}},{"type":"Feature","properties":{"tier":"high"},"geometry":{"type":"LineString","coordinates":[[138.619003,-34.863069],[138.618831,-34.863113],[138.6187,-34.863152],[138.618673,-34.863173],[138.618622,-34.863214],[138.618559,-34.863271]]}},{"type":"Feature","properties":{"tier":"arterial"},"geometry":{"type":"LineString","coordinates":[[138.583619,-34.868162],[138.583613,-34.868082]]}},{"type":"Feature","properties":{"tier":"arterial"},"geometry":{"type":"LineString","coordinates":[[138.583597,-34.867898],[138.58349,-34.866393],[138.583417,-34.865389],[138.583402,-34.865169],[138.583399,-34.865104],[138.583394,-34.865045],[138.583388,-34.864965],[138.583347,-34.864359],[138.583303,-34.863501]]}},{"type":"Feature","properties":{"tier":"high"},"geometry":{"type":"LineString","coordinates":[[138.564766,-34.848189],[138.564767,-34.848856],[138.564774,-34.849436]]}},{"type":"Feature","properties":{"tier":"high"},"geometry":{"type":"LineString","coordinates":[[138.565964,-34.859247],[138.56587,-34.859038],[138.56565,-34.858625],[138.565614,-34.858557]]}},{"type":"Feature","properties":{"tier":"high"},"geometry":{"type":"LineString","coordinates":[[138.582482,-34.849021],[138.582583,-34.849007],[138.583616,-34.848852]]}},{"type":"Feature","properties":{"tier":"high"},"geometry":{"type":"LineString","coordinates":[[138.582311,-34.849176],[138.582206,-34.84919],[138.582049,-34.849212]]}},{"type":"Feature","properties":{"tier":"arterial"},"geometry":{"type":"LineString","coordinates":[[138.582339,-34.849546],[138.582321,-34.849313],[138.582318,-34.849269],[138.582311,-34.849176]]}},{"type":"Feature","properties":{"tier":"high"},"geometry":{"type":"LineString","coordinates":[[138.61813,-34.858723],[138.618127,-34.858681]]}},{"type":"Feature","properties":{"tier":"high"},"geometry":{"type":"LineString","coordinates":[[138.61825,-34.858905],[138.618269,-34.859262]]}},{"type":"Feature","properties":{"tier":"regional"},"geometry":{"type":"LineString","coordinates":[[138.618889,-34.858707],[138.618792,-34.85871],[138.618763,-34.858711]]}},{"type":"Feature","properties":{"tier":"high"},"geometry":{"type":"LineString","coordinates":[[138.601918,-34.873849],[138.60191,-34.873762]]}},{"type":"Feature","properties":{"tier":"arterial"},"geometry":{"type":"LineString","coordinates":[[138.601558,-34.8737],[138.601346,-34.87371],[138.601237,-34.873715],[138.601114,-34.87372],[138.600809,-34.873735]]}},{"type":"Feature","properties":{"tier":"arterial"},"geometry":{"type":"LineString","coordinates":[[138.594089,-34.874047],[138.59344,-34.874085]]}},{"type":"Feature","properties":{"tier":"arterial"},"geometry":{"type":"LineString","coordinates":[[138.592869,-34.874108],[138.59271,-34.874115],[138.592532,-34.874124]]}},{"type":"Feature","properties":{"tier":"arterial"},"geometry":{"type":"LineString","coordinates":[[138.593194,-34.87502],[138.593178,-34.874795],[138.593143,-34.874322]]}},{"type":"Feature","properties":{"tier":"regional"},"geometry":{"type":"LineString","coordinates":[[138.611785,-34.832192],[138.611839,-34.832221],[138.611854,-34.83223],[138.612004,-34.832311]]}},{"type":"Feature","properties":{"tier":"regional"},"geometry":{"type":"LineString","coordinates":[[138.569891,-34.840245],[138.569939,-34.840243],[138.57274,-34.840103]]}},{"type":"Feature","properties":{"tier":"regional"},"geometry":{"type":"LineString","coordinates":[[138.567294,-34.840366],[138.569711,-34.840253],[138.569891,-34.840245]]}},{"type":"Feature","properties":{"tier":"regional"},"geometry":{"type":"LineString","coordinates":[[138.570322,-34.84032],[138.570027,-34.840335],[138.569987,-34.840337],[138.569899,-34.840341]]}},{"type":"Feature","properties":{"tier":"high"},"geometry":{"type":"LineString","coordinates":[[138.619175,-34.847359],[138.618622,-34.847354]]}},{"type":"Feature","properties":{"tier":"high"},"geometry":{"type":"LineString","coordinates":[[138.617219,-34.847997],[138.617207,-34.847906],[138.617198,-34.847832]]}},{"type":"Feature","properties":{"tier":"high"},"geometry":{"type":"LineString","coordinates":[[138.616872,-34.847349],[138.616694,-34.847351],[138.616296,-34.847363]]}},{"type":"Feature","properties":{"tier":"high"},"geometry":{"type":"LineString","coordinates":[[138.617206,-34.847345],[138.617086,-34.847345],[138.616872,-34.847349]]}},{"type":"Feature","properties":{"tier":"high"},"geometry":{"type":"LineString","coordinates":[[138.617376,-34.847345],[138.617341,-34.847487],[138.617331,-34.847579],[138.617327,-34.847647]]}},{"type":"Feature","properties":{"tier":"high"},"geometry":{"type":"LineString","coordinates":[[138.616098,-34.847235],[138.616542,-34.847212]]}},{"type":"Feature","properties":{"tier":"regional"},"geometry":{"type":"LineString","coordinates":[[138.612004,-34.832311],[138.613012,-34.832799]]}},{"type":"Feature","properties":{"tier":"high"},"geometry":{"type":"LineString","coordinates":[[138.583616,-34.848852],[138.584282,-34.848801],[138.585027,-34.848767]]}},{"type":"Feature","properties":{"tier":"arterial"},"geometry":{"type":"LineString","coordinates":[[138.59803,-34.837641],[138.5979,-34.837671],[138.596311,-34.838033]]}},{"type":"Feature","properties":{"tier":"arterial"},"geometry":{"type":"LineString","coordinates":[[138.596311,-34.838033],[138.596031,-34.838101],[138.595801,-34.838172],[138.595557,-34.83827],[138.595301,-34.838391],[138.595146,-34.838471],[138.594993,-34.838563],[138.594783,-34.838707],[138.594488,-34.838938],[138.594232,-34.839145],[138.59332,-34.839884]]}},{"type":"Feature","properties":{"tier":"high"},"geometry":{"type":"LineString","coordinates":[[138.599163,-34.83596],[138.599071,-34.834986]]}},{"type":"Feature","properties":{"tier":"high"},"geometry":{"type":"LineString","coordinates":[[138.59927,-34.837327],[138.599324,-34.837462],[138.599348,-34.837524],[138.599368,-34.837587],[138.599472,-34.837963]]}},{"type":"Feature","properties":{"tier":"high"},"geometry":{"type":"LineString","coordinates":[[138.599346,-34.83912],[138.59928,-34.837756]]}},{"type":"Feature","properties":{"tier":"high"},"geometry":{"type":"LineString","coordinates":[[138.59928,-34.837756],[138.599274,-34.837498],[138.59927,-34.837327]]}},{"type":"Feature","properties":{"tier":"high"},"geometry":{"type":"LineString","coordinates":[[138.599472,-34.837963],[138.599525,-34.838593]]}},{"type":"Feature","properties":{"tier":"high"},"geometry":{"type":"LineString","coordinates":[[138.599357,-34.836866],[138.599472,-34.837963]]}},{"type":"Feature","properties":{"tier":"high"},"geometry":{"type":"LineString","coordinates":[[138.610488,-34.833667],[138.610624,-34.833462],[138.610809,-34.833174]]}},{"type":"Feature","properties":{"tier":"high"},"geometry":{"type":"LineString","coordinates":[[138.610137,-34.834197],[138.610371,-34.833859]]}},{"type":"Feature","properties":{"tier":"high"},"geometry":{"type":"LineString","coordinates":[[138.598674,-34.830387],[138.598649,-34.83007],[138.598593,-34.829343]]}},{"type":"Feature","properties":{"tier":"high"},"geometry":{"type":"LineString","coordinates":[[138.598755,-34.831114],[138.598674,-34.830387]]}},{"type":"Feature","properties":{"tier":"high"},"geometry":{"type":"LineString","coordinates":[[138.599019,-34.831836],[138.599089,-34.833196],[138.599121,-34.833683]]}},{"type":"Feature","properties":{"tier":"high"},"geometry":{"type":"LineString","coordinates":[[138.598996,-34.831604],[138.599019,-34.831836]]}},{"type":"Feature","properties":{"tier":"high"},"geometry":{"type":"LineString","coordinates":[[138.59892,-34.830822],[138.598951,-34.831141],[138.598977,-34.831402],[138.598987,-34.831508],[138.598996,-34.831604]]}},{"type":"Feature","properties":{"tier":"regional"},"geometry":{"type":"LineString","coordinates":[[138.599305,-34.831539],[138.600286,-34.831522]]}},{"type":"Feature","properties":{"tier":"regional"},"geometry":{"type":"LineString","coordinates":[[138.598996,-34.831604],[138.599053,-34.831573],[138.599089,-34.831565],[138.599216,-34.831545],[138.599305,-34.831539]]}},{"type":"Feature","properties":{"tier":"high"},"geometry":{"type":"LineString","coordinates":[[138.59897,-34.833767],[138.598884,-34.832638]]}},{"type":"Feature","properties":{"tier":"arterial"},"geometry":{"type":"LineString","coordinates":[[138.588502,-34.843616],[138.588885,-34.843316]]}},{"type":"Feature","properties":{"tier":"arterial"},"geometry":{"type":"LineString","coordinates":[[138.589312,-34.843173],[138.588629,-34.843716]]}},{"type":"Feature","properties":{"tier":"arterial"},"geometry":{"type":"LineString","coordinates":[[138.588629,-34.843716],[138.587984,-34.844242]]}},{"type":"Feature","properties":{"tier":"arterial"},"geometry":{"type":"LineString","coordinates":[[138.587855,-34.844136],[138.588502,-34.843616]]}},{"type":"Feature","properties":{"tier":"high"},"geometry":{"type":"LineString","coordinates":[[138.56644,-34.859958],[138.566363,-34.859862],[138.56625,-34.859696],[138.565964,-34.859247]]}},{"type":"Feature","properties":{"tier":"high"},"geometry":{"type":"LineString","coordinates":[[138.566352,-34.858815],[138.566777,-34.85941],[138.567344,-34.8602]]}},{"type":"Feature","properties":{"tier":"high"},"geometry":{"type":"LineString","coordinates":[[138.565452,-34.858253],[138.565295,-34.857915],[138.565115,-34.857503],[138.565033,-34.857259]]}},{"type":"Feature","properties":{"tier":"high"},"geometry":{"type":"LineString","coordinates":[[138.565208,-34.858791],[138.565234,-34.858644],[138.565416,-34.858391],[138.565445,-34.85834],[138.565452,-34.858253]]}},{"type":"Feature","properties":{"tier":"arterial"},"geometry":{"type":"LineString","coordinates":[[138.5638,-34.839637],[138.563761,-34.83921],[138.563754,-34.839138],[138.56375,-34.839086],[138.563738,-34.838931],[138.563737,-34.838909],[138.563727,-34.838783]]}},{"type":"Feature","properties":{"tier":"arterial"},"geometry":{"type":"LineString","coordinates":[[138.564089,-34.842296],[138.564049,-34.84192],[138.563973,-34.841331],[138.563912,-34.840857]]}},{"type":"Feature","properties":{"tier":"arterial"},"geometry":{"type":"LineString","coordinates":[[138.563912,-34.840857],[138.563905,-34.840803],[138.563893,-34.840705],[138.563883,-34.840619]]}},{"type":"Feature","properties":{"tier":"high"},"geometry":{"type":"LineString","coordinates":[[138.564969,-34.853291],[138.565008,-34.85405],[138.565066,-34.854889]]}},{"type":"Feature","properties":{"tier":"high"},"geometry":{"type":"LineString","coordinates":[[138.564788,-34.849831],[138.564785,-34.849911],[138.564783,-34.84994],[138.564782,-34.850073]]}},{"type":"Feature","properties":{"tier":"high"},"geometry":{"type":"LineString","coordinates":[[138.598593,-34.829343],[138.598575,-34.829045]]}},{"type":"Feature","properties":{"tier":"arterial"},"geometry":{"type":"LineString","coordinates":[[138.576209,-34.874791],[138.576982,-34.874772],[138.577206,-34.87476],[138.57748,-34.874746]]}},{"type":"Feature","properties":{"tier":"high"},"geometry":{"type":"LineString","coordinates":[[138.590516,-34.84851],[138.591254,-34.848473],[138.591271,-34.848472],[138.591378,-34.848468]]}},{"type":"Feature","properties":{"tier":"high"},"geometry":{"type":"LineString","coordinates":[[138.611785,-34.832192],[138.611752,-34.832235],[138.61169,-34.832316]]}},{"type":"Feature","properties":{"tier":"arterial"},"geometry":{"type":"LineString","coordinates":[[138.592633,-34.866671],[138.592667,-34.867166],[138.592695,-34.867612],[138.592725,-34.868068],[138.592749,-34.868431],[138.592786,-34.868985],[138.592833,-34.869694],[138.592841,-34.86981],[138.592872,-34.870281],[138.592878,-34.870376],[138.592894,-34.870611],[138.592908,-34.87082],[138.592964,-34.871696],[138.592991,-34.872203],[138.593018,-34.872659],[138.59307,-34.873313],[138.59309,-34.873559]]}},{"type":"Feature","properties":{"tier":"arterial"},"geometry":{"type":"LineString","coordinates":[[138.617311,-34.846962],[138.617407,-34.84677],[138.617535,-34.846599],[138.617756,-34.846393],[138.617998,-34.846169]]}},{"type":"Feature","properties":{"tier":"high"},"geometry":{"type":"LineString","coordinates":[[138.598711,-34.828159],[138.598749,-34.828691]]}},{"type":"Feature","properties":{"tier":"arterial"},"geometry":{"type":"LineString","coordinates":[[138.599583,-34.827113],[138.600076,-34.826956],[138.600483,-34.826865],[138.600613,-34.826842]]}},{"type":"Feature","properties":{"tier":"arterial"},"geometry":{"type":"LineString","coordinates":[[138.59903,-34.827294],[138.599079,-34.827274],[138.599583,-34.827113]]}},{"type":"Feature","properties":{"tier":"high"},"geometry":{"type":"LineString","coordinates":[[138.598471,-34.827557],[138.598404,-34.826667]]}},{"type":"Feature","properties":{"tier":"arterial"},"geometry":{"type":"LineString","coordinates":[[138.583169,-34.847956],[138.583437,-34.84773]]}},{"type":"Feature","properties":{"tier":"arterial"},"geometry":{"type":"LineString","coordinates":[[138.58548,-34.846273],[138.583585,-34.847852]]}},{"type":"Feature","properties":{"tier":"arterial"},"geometry":{"type":"LineString","coordinates":[[138.582319,-34.849046],[138.582329,-34.84896],[138.582342,-34.84887],[138.582362,-34.848774],[138.582392,-34.848683]]}},{"type":"Feature","properties":{"tier":"arterial"},"geometry":{"type":"LineString","coordinates":[[138.58247,-34.849154],[138.582469,-34.849232],[138.582469,-34.849361]]}},{"type":"Feature","properties":{"tier":"high"},"geometry":{"type":"LineString","coordinates":[[138.591378,-34.848468],[138.59147,-34.848464],[138.592046,-34.848441],[138.593352,-34.848399]]}},{"type":"Feature","properties":{"tier":"high"},"geometry":{"type":"LineString","coordinates":[[138.585027,-34.848767],[138.587245,-34.848674],[138.588985,-34.848586]]}},{"type":"Feature","properties":{"tier":"high"},"geometry":{"type":"LineString","coordinates":[[138.564758,-34.854153],[138.564629,-34.85238],[138.564454,-34.850376]]}},{"type":"Feature","properties":{"tier":"arterial"},"geometry":{"type":"LineString","coordinates":[[138.57578,-34.874812],[138.576209,-34.874791]]}},{"type":"Feature","properties":{"tier":"arterial"},"geometry":{"type":"LineString","coordinates":[[138.575179,-34.874837],[138.575423,-34.874827],[138.575507,-34.874824]]}},{"type":"Feature","properties":{"tier":"regional"},"geometry":{"type":"LineString","coordinates":[[138.575497,-34.874581],[138.575505,-34.874777],[138.575507,-34.874824]]}},{"type":"Feature","properties":{"tier":"arterial"},"geometry":{"type":"LineString","coordinates":[[138.575179,-34.874837],[138.575313,-34.874781],[138.575363,-34.874759],[138.575376,-34.874749],[138.575411,-34.874719],[138.575497,-34.874581]]}},{"type":"Feature","properties":{"tier":"arterial"},"geometry":{"type":"LineString","coordinates":[[138.575497,-34.874581],[138.575597,-34.874647],[138.57566,-34.874726],[138.575667,-34.874752],[138.57578,-34.874812]]}},{"type":"Feature","properties":{"tier":"regional"},"geometry":{"type":"LineString","coordinates":[[138.57542,-34.873009],[138.575497,-34.874581]]}},{"type":"Feature","properties":{"tier":"high"},"geometry":{"type":"LineString","coordinates":[[138.60067,-34.854079],[138.600673,-34.85415],[138.60068,-34.854308]]}},{"type":"Feature","properties":{"tier":"high"},"geometry":{"type":"LineString","coordinates":[[138.598355,-34.826023],[138.598302,-34.825197],[138.598243,-34.824296]]}},{"type":"Feature","properties":{"tier":"arterial"},"geometry":{"type":"LineString","coordinates":[[138.600228,-34.827033],[138.599743,-34.827168],[138.599386,-34.827288],[138.599117,-34.827403]]}},{"type":"Feature","properties":{"tier":"arterial"},"geometry":{"type":"LineString","coordinates":[[138.601407,-34.826835],[138.600984,-34.826894],[138.600619,-34.826951],[138.600478,-34.826977],[138.600228,-34.827033]]}},{"type":"Feature","properties":{"tier":"arterial"},"geometry":{"type":"LineString","coordinates":[[138.582351,-34.849689],[138.582339,-34.849546]]}},{"type":"Feature","properties":{"tier":"arterial"},"geometry":{"type":"LineString","coordinates":[[138.582781,-34.855994],[138.582747,-34.85538],[138.582712,-34.854817],[138.582694,-34.854492],[138.582634,-34.853776],[138.582571,-34.85271],[138.582511,-34.851945],[138.58246,-34.851018],[138.582401,-34.850353]]}},{"type":"Feature","properties":{"tier":"arterial"},"geometry":{"type":"LineString","coordinates":[[138.582513,-34.850207],[138.582562,-34.851012],[138.582615,-34.851844],[138.582621,-34.85194],[138.582667,-34.852709],[138.582732,-34.853596],[138.58274,-34.853771],[138.582791,-34.854487],[138.582852,-34.855375],[138.582889,-34.855989]]}},{"type":"Feature","properties":{"tier":"high"},"geometry":{"type":"LineString","coordinates":[[138.585038,-34.848858],[138.584724,-34.848877],[138.584275,-34.848911],[138.583919,-34.848957]]}},{"type":"Feature","properties":{"tier":"arterial"},"geometry":{"type":"LineString","coordinates":[[138.61952,-34.872231],[138.619667,-34.872147],[138.619856,-34.872044]]}},{"type":"Feature","properties":{"tier":"arterial"},"geometry":{"type":"LineString","coordinates":[[138.619349,-34.872321],[138.61952,-34.872231]]}},{"type":"Feature","properties":{"tier":"high"},"geometry":{"type":"LineString","coordinates":[[138.619131,-34.872472],[138.619119,-34.872333],[138.619102,-34.872122]]}},{"type":"Feature","properties":{"tier":"arterial"},"geometry":{"type":"LineString","coordinates":[[138.618277,-34.872908],[138.618176,-34.872912],[138.617651,-34.872935],[138.617162,-34.872944],[138.617072,-34.872945]]}},{"type":"Feature","properties":{"tier":"high"},"geometry":{"type":"LineString","coordinates":[[138.61919,-34.873236],[138.619173,-34.873099]]}},{"type":"Feature","properties":{"tier":"high"},"geometry":{"type":"LineString","coordinates":[[138.602616,-34.845065],[138.602365,-34.845407]]}},{"type":"Feature","properties":{"tier":"high"},"geometry":{"type":"LineString","coordinates":[[138.601736,-34.846257],[138.601428,-34.846627]]}},{"type":"Feature","properties":{"tier":"high"},"geometry":{"type":"LineString","coordinates":[[138.597237,-34.848194],[138.597753,-34.848162]]}},{"type":"Feature","properties":{"tier":"high"},"geometry":{"type":"LineString","coordinates":[[138.564889,-34.832276],[138.565065,-34.83225],[138.565249,-34.832226],[138.565399,-34.832211],[138.565626,-34.832191],[138.565852,-34.832175]]}},{"type":"Feature","properties":{"tier":"high"},"geometry":{"type":"LineString","coordinates":[[138.565852,-34.832175],[138.566052,-34.832164],[138.566285,-34.832153],[138.566477,-34.832151],[138.566744,-34.83215],[138.567038,-34.832156],[138.567283,-34.832169],[138.567607,-34.832192],[138.567885,-34.832219],[138.568135,-34.832246],[138.568414,-34.832287],[138.568694,-34.832335],[138.569092,-34.832407],[138.569457,-34.832467],[138.569696,-34.832507],[138.569964,-34.832541],[138.570237,-34.83257],[138.570502,-34.832591]]}},{"type":"Feature","properties":{"tier":"high"},"geometry":{"type":"LineString","coordinates":[[138.571243,-34.832615],[138.571695,-34.832622],[138.572224,-34.832632],[138.572514,-34.832641],[138.573463,-34.832666],[138.574914,-34.832689],[138.576301,-34.832732],[138.577721,-34.832752],[138.578643,-34.832766],[138.579412,-34.832752],[138.580163,-34.832678],[138.580904,-34.832524],[138.581625,-34.832295],[138.582301,-34.831995],[138.582604,-34.831833],[138.582674,-34.831789],[138.582934,-34.831625],[138.583497,-34.831203],[138.583891,-34.830833],[138.584054,-34.83066]]}},{"type":"Feature","properties":{"tier":"high"},"geometry":{"type":"LineString","coordinates":[[138.56248,-34.832645],[138.562722,-34.832594],[138.563378,-34.832458],[138.563879,-34.832333],[138.564544,-34.832148],[138.564812,-34.832068],[138.564944,-34.832018],[138.565091,-34.831943],[138.56525,-34.83184],[138.565394,-34.831718],[138.565513,-34.831591],[138.565612,-34.831439],[138.565692,-34.831265],[138.565735,-34.831091],[138.565751,-34.830906],[138.56573,-34.830712],[138.565687,-34.830556],[138.565588,-34.830375],[138.565475,-34.830219],[138.565268,-34.830025],[138.56507,-34.829889],[138.564847,-34.829788],[138.564635,-34.829726],[138.564432,-34.829689],[138.564209,-34.829678],[138.563973,-34.829697],[138.563745,-34.82975],[138.563512,-34.829838],[138.563337,-34.829931],[138.5632,-34.830028],[138.563044,-34.830185]]}},{"type":"Feature","properties":{"tier":"high"},"geometry":{"type":"LineString","coordinates":[[138.563044,-34.830185],[138.562975,-34.83029],[138.562889,-34.83041],[138.56282,-34.83054],[138.562768,-34.830723],[138.562723,-34.83098],[138.562706,-34.831233],[138.562656,-34.831647],[138.56255,-34.832303]]}},{"type":"Feature","properties":{"tier":"high"},"geometry":{"type":"LineString","coordinates":[[138.56248,-34.832652],[138.562757,-34.832638],[138.563064,-34.832599],[138.563257,-34.832571],[138.563632,-34.832507],[138.564046,-34.832425],[138.564587,-34.832326],[138.564833,-34.832283],[138.564889,-34.832276]]}},{"type":"Feature","properties":{"tier":"high"},"geometry":{"type":"LineString","coordinates":[[138.570502,-34.832591],[138.570763,-34.832603],[138.571243,-34.832615]]}},{"type":"Feature","properties":{"tier":"arterial"},"geometry":{"type":"LineString","coordinates":[[138.570798,-34.873706],[138.570619,-34.872651]]}},{"type":"Feature","properties":{"tier":"regional"},"geometry":{"type":"LineString","coordinates":[[138.602976,-34.831102],[138.602768,-34.831186]]}},{"type":"Feature","properties":{"tier":"regional"},"geometry":{"type":"LineString","coordinates":[[138.605771,-34.829915],[138.605659,-34.830013],[138.604919,-34.830313]]}},{"type":"Feature","properties":{"tier":"regional"},"geometry":{"type":"LineString","coordinates":[[138.601597,-34.831453],[138.601744,-34.831428],[138.601916,-34.831392],[138.602118,-34.831341],[138.602313,-34.831285],[138.602502,-34.83122],[138.60252,-34.831213],[138.602654,-34.831159]]}},{"type":"Feature","properties":{"tier":"regional"},"geometry":{"type":"LineString","coordinates":[[138.600286,-34.831522],[138.600713,-34.831511],[138.601098,-34.831493],[138.601393,-34.831474],[138.601597,-34.831453]]}},{"type":"Feature","properties":{"tier":"regional"},"geometry":{"type":"LineString","coordinates":[[138.614964,-34.826169],[138.615065,-34.826087],[138.615256,-34.826007],[138.615392,-34.825964],[138.615488,-34.825942],[138.615567,-34.825934],[138.615643,-34.82593],[138.615699,-34.825932]]}},{"type":"Feature","properties":{"tier":"regional"},"geometry":{"type":"LineString","coordinates":[[138.57274,-34.840103],[138.573164,-34.840083],[138.573933,-34.840045],[138.580664,-34.839713]]}},{"type":"Feature","properties":{"tier":"regional"},"geometry":{"type":"LineString","coordinates":[[138.582848,-34.840739],[138.582731,-34.840644]]}},{"type":"Feature","properties":{"tier":"regional"},"geometry":{"type":"LineString","coordinates":[[138.568447,-34.840412],[138.566612,-34.840501]]}},{"type":"Feature","properties":{"tier":"regional"},"geometry":{"type":"LineString","coordinates":[[138.611495,-34.818895],[138.611523,-34.818913],[138.611533,-34.818927]]}},{"type":"Feature","properties":{"tier":"regional"},"geometry":{"type":"LineString","coordinates":[[138.611533,-34.819039],[138.611511,-34.819062],[138.611488,-34.819074]]}},{"type":"Feature","properties":{"tier":"arterial"},"geometry":{"type":"LineString","coordinates":[[138.581144,-34.874722],[138.581552,-34.874699],[138.582019,-34.874651]]}},{"type":"Feature","properties":{"tier":"arterial"},"geometry":{"type":"LineString","coordinates":[[138.581161,-34.874791],[138.580709,-34.874798]]}},{"type":"Feature","properties":{"tier":"high"},"geometry":{"type":"LineString","coordinates":[[138.57128,-34.874436],[138.571381,-34.874892],[138.571406,-34.87502]]}},{"type":"Feature","properties":{"tier":"high"},"geometry":{"type":"LineString","coordinates":[[138.570882,-34.870992],[138.570965,-34.872451],[138.571117,-34.873442],[138.57128,-34.874436]]}},{"type":"Feature","properties":{"tier":"high"},"geometry":{"type":"LineString","coordinates":[[138.571281,-34.87502],[138.571262,-34.874908],[138.571163,-34.874461]]}},{"type":"Feature","properties":{"tier":"high"},"geometry":{"type":"LineString","coordinates":[[138.571163,-34.874461],[138.571029,-34.87371],[138.570811,-34.872634],[138.570747,-34.871721],[138.57068,-34.870882],[138.570682,-34.870165],[138.570682,-34.870028],[138.570683,-34.869888],[138.570638,-34.86908],[138.570578,-34.86739],[138.570547,-34.867105],[138.57052,-34.866761]]}},{"type":"Feature","properties":{"tier":"high"},"geometry":{"type":"LineString","coordinates":[[138.570492,-34.870515],[138.5705,-34.870413],[138.570544,-34.869837],[138.570638,-34.86908]]}},{"type":"Feature","properties":{"tier":"arterial"},"geometry":{"type":"LineString","coordinates":[[138.571089,-34.871327],[138.571095,-34.871436],[138.571155,-34.872626]]}},{"type":"Feature","properties":{"tier":"high"},"geometry":{"type":"LineString","coordinates":[[138.570843,-34.869286],[138.571089,-34.871327]]}},{"type":"Feature","properties":{"tier":"arterial"},"geometry":{"type":"LineString","coordinates":[[138.570619,-34.872651],[138.570572,-34.871836],[138.570511,-34.87105],[138.570494,-34.870579],[138.570492,-34.870515]]}},{"type":"Feature","properties":{"tier":"high"},"geometry":{"type":"LineString","coordinates":[[138.562786,-34.826445],[138.562846,-34.826588],[138.562903,-34.826866],[138.562972,-34.827232]]}},{"type":"Feature","properties":{"tier":"high"},"geometry":{"type":"LineString","coordinates":[[138.562786,-34.826445],[138.562774,-34.826592],[138.562851,-34.827258]]}},{"type":"Feature","properties":{"tier":"high"},"geometry":{"type":"LineString","coordinates":[[138.600377,-34.850146],[138.600411,-34.850681],[138.60044,-34.85113]]}},{"type":"Feature","properties":{"tier":"high"},"geometry":{"type":"LineString","coordinates":[[138.60026,-34.850154],[138.600238,-34.849817]]}},{"type":"Feature","properties":{"tier":"high"},"geometry":{"type":"LineString","coordinates":[[138.60044,-34.85113],[138.600529,-34.852316]]}},{"type":"Feature","properties":{"tier":"high"},"geometry":{"type":"LineString","coordinates":[[138.600314,-34.851135],[138.600291,-34.850708],[138.60026,-34.850154]]}},{"type":"Feature","properties":{"tier":"high"},"geometry":{"type":"LineString","coordinates":[[138.60083,-34.85852],[138.600769,-34.857648]]}},{"type":"Feature","properties":{"tier":"high"},"geometry":{"type":"LineString","coordinates":[[138.600721,-34.854966],[138.600746,-34.855351]]}},{"type":"Feature","properties":{"tier":"high"},"geometry":{"type":"LineString","coordinates":[[138.601082,-34.861595],[138.601067,-34.861367]]}},{"type":"Feature","properties":{"tier":"high"},"geometry":{"type":"LineString","coordinates":[[138.601067,-34.861367],[138.601055,-34.861177]]}},{"type":"Feature","properties":{"tier":"high"},"geometry":{"type":"LineString","coordinates":[[138.601339,-34.863729],[138.601359,-34.864014]]}},{"type":"Feature","properties":{"tier":"high"},"geometry":{"type":"LineString","coordinates":[[138.601328,-34.863584],[138.601339,-34.863729]]}},{"type":"Feature","properties":{"tier":"high"},"geometry":{"type":"LineString","coordinates":[[138.601277,-34.864476],[138.601255,-34.864177]]}},{"type":"Feature","properties":{"tier":"high"},"geometry":{"type":"LineString","coordinates":[[138.601417,-34.864834],[138.601428,-34.86505]]}},{"type":"Feature","properties":{"tier":"high"},"geometry":{"type":"LineString","coordinates":[[138.60166,-34.870316],[138.601652,-34.870201],[138.601622,-34.869776]]}},{"type":"Feature","properties":{"tier":"high"},"geometry":{"type":"LineString","coordinates":[[138.601878,-34.873418],[138.601818,-34.872567]]}},{"type":"Feature","properties":{"tier":"high"},"geometry":{"type":"LineString","coordinates":[[138.602036,-34.873838],[138.602052,-34.874113],[138.602093,-34.874644]]}},{"type":"Feature","properties":{"tier":"high"},"geometry":{"type":"LineString","coordinates":[[138.602093,-34.874644],[138.602116,-34.874975]]}},{"type":"Feature","properties":{"tier":"high"},"geometry":{"type":"LineString","coordinates":[[138.602003,-34.87502],[138.601989,-34.874828]]}},{"type":"Feature","properties":{"tier":"high"},"geometry":{"type":"LineString","coordinates":[[138.582319,-34.849046],[138.582482,-34.849021]]}},{"type":"Feature","properties":{"tier":"high"},"geometry":{"type":"LineString","coordinates":[[138.59974,-34.841889],[138.59998,-34.844064],[138.600005,-34.84437]]}},{"type":"Feature","properties":{"tier":"regional"},"geometry":{"type":"LineString","coordinates":[[138.621126,-34.813646],[138.621502,-34.813892],[138.621621,-34.813995],[138.621725,-34.814056],[138.621858,-34.814099],[138.62194,-34.814115]]}},{"type":"Feature","properties":{"tier":"arterial"},"geometry":{"type":"LineString","coordinates":[[138.600613,-34.826842],[138.600575,-34.826879],[138.600435,-34.826956],[138.600228,-34.827033]]}},{"type":"Feature","properties":{"tier":"arterial"},"geometry":{"type":"LineString","coordinates":[[138.61415,-34.824936],[138.61407,-34.82501],[138.613984,-34.825043],[138.613811,-34.825094]]}},{"type":"Feature","properties":{"tier":"arterial"},"geometry":{"type":"LineString","coordinates":[[138.614339,-34.825019],[138.613811,-34.825094]]}},{"type":"Feature","properties":{"tier":"arterial"},"geometry":{"type":"LineString","coordinates":[[138.563883,-34.840619],[138.563869,-34.84051]]}},{"type":"Feature","properties":{"tier":"arterial"},"geometry":{"type":"LineString","coordinates":[[138.571018,-34.874723],[138.570994,-34.874583],[138.570798,-34.873706]]}},{"type":"Feature","properties":{"tier":"arterial"},"geometry":{"type":"LineString","coordinates":[[138.571844,-34.874942],[138.572559,-34.874897],[138.573044,-34.874893],[138.573622,-34.874903],[138.573708,-34.874904],[138.573899,-34.874899],[138.574612,-34.874863]]}},{"type":"Feature","properties":{"tier":"arterial"},"geometry":{"type":"LineString","coordinates":[[138.624975,-34.836703],[138.62502,-34.83664]]}},{"type":"Feature","properties":{"tier":"regional"},"geometry":{"type":"LineString","coordinates":[[138.569899,-34.840341],[138.568447,-34.840412]]}},{"type":"Feature","properties":{"tier":"arterial"},"geometry":{"type":"LineString","coordinates":[[138.61899,-34.872876],[138.618959,-34.872849],[138.618888,-34.872807],[138.618822,-34.872788]]}},{"type":"Feature","properties":{"tier":"high"},"geometry":{"type":"LineString","coordinates":[[138.602408,-34.844966],[138.603121,-34.843987]]}},{"type":"Feature","properties":{"tier":"arterial"},"geometry":{"type":"LineString","coordinates":[[138.583437,-34.84773],[138.583663,-34.847546]]}},{"type":"Feature","properties":{"tier":"arterial"},"geometry":{"type":"LineString","coordinates":[[138.583663,-34.847546],[138.585328,-34.846202]]}},{"type":"Feature","properties":{"tier":"arterial"},"geometry":{"type":"LineString","coordinates":[[138.620462,-34.842888],[138.62072,-34.842578]]}},{"type":"Feature","properties":{"tier":"arterial"},"geometry":{"type":"LineString","coordinates":[[138.592396,-34.863144],[138.592417,-34.863433]]}},{"type":"Feature","properties":{"tier":"high"},"geometry":{"type":"LineString","coordinates":[[138.599384,-34.839577],[138.599441,-34.839476],[138.599444,-34.839114],[138.599484,-34.839071],[138.599536,-34.839056]]}},{"type":"Feature","properties":{"tier":"high"},"geometry":{"type":"LineString","coordinates":[[138.600095,-34.848019],[138.600249,-34.847885]]}},{"type":"Feature","properties":{"tier":"high"},"geometry":{"type":"LineString","coordinates":[[138.600227,-34.847481],[138.600244,-34.847785],[138.600249,-34.847885]]}},{"type":"Feature","properties":{"tier":"high"},"geometry":{"type":"LineString","coordinates":[[138.602263,-34.848056],[138.602124,-34.847916]]}},{"type":"Feature","properties":{"tier":"high"},"geometry":{"type":"LineString","coordinates":[[138.602124,-34.847916],[138.602019,-34.848067]]}},{"type":"Feature","properties":{"tier":"high"},"geometry":{"type":"LineString","coordinates":[[138.602019,-34.848067],[138.60055,-34.848133]]}},{"type":"Feature","properties":{"tier":"high"},"geometry":{"type":"LineString","coordinates":[[138.602263,-34.848056],[138.602019,-34.848067]]}},{"type":"Feature","properties":{"tier":"high"},"geometry":{"type":"LineString","coordinates":[[138.597763,-34.848285],[138.597,-34.84831],[138.596857,-34.848316]]}},{"type":"Feature","properties":{"tier":"high"},"geometry":{"type":"LineString","coordinates":[[138.596846,-34.848216],[138.597001,-34.848208],[138.597237,-34.848194]]}},{"type":"Feature","properties":{"tier":"high"},"geometry":{"type":"LineString","coordinates":[[138.596857,-34.848316],[138.595393,-34.848378]]}},{"type":"Feature","properties":{"tier":"high"},"geometry":{"type":"LineString","coordinates":[[138.595393,-34.848378],[138.594547,-34.848416],[138.593366,-34.848505]]}},{"type":"Feature","properties":{"tier":"high"},"geometry":{"type":"LineString","coordinates":[[138.595388,-34.848292],[138.595626,-34.848279],[138.596258,-34.848247],[138.596567,-34.848231],[138.596846,-34.848216]]}},{"type":"Feature","properties":{"tier":"high"},"geometry":{"type":"LineString","coordinates":[[138.599966,-34.846335],[138.600162,-34.846331]]}},{"type":"Feature","properties":{"tier":"regional"},"geometry":{"type":"LineString","coordinates":[[138.599693,-34.831614],[138.599306,-34.831631]]}},{"type":"Feature","properties":{"tier":"regional"},"geometry":{"type":"LineString","coordinates":[[138.60029,-34.831587],[138.599693,-34.831614]]}},{"type":"Feature","properties":{"tier":"arterial"},"geometry":{"type":"LineString","coordinates":[[138.621744,-34.87194],[138.620719,-34.871981]]}},{"type":"Feature","properties":{"tier":"arterial"},"geometry":{"type":"LineString","coordinates":[[138.620721,-34.871896],[138.621738,-34.87185]]}},{"type":"Feature","properties":{"tier":"high"},"geometry":{"type":"LineString","coordinates":[[138.600249,-34.847885],[138.600256,-34.848011]]}},{"type":"Feature","properties":{"tier":"high"},"geometry":{"type":"LineString","coordinates":[[138.600249,-34.847885],[138.600487,-34.847577]]}},{"type":"Feature","properties":{"tier":"high"},"geometry":{"type":"LineString","coordinates":[[138.56445,-34.850115],[138.564568,-34.85001],[138.564661,-34.850002],[138.564782,-34.850073]]}},{"type":"Feature","properties":{"tier":"regional"},"geometry":{"type":"LineString","coordinates":[[138.614748,-34.867223],[138.614747,-34.867243],[138.614734,-34.867264],[138.614712,-34.867279],[138.614683,-34.867285],[138.614655,-34.867282],[138.614631,-34.867269],[138.614615,-34.867249],[138.614611,-34.86723],[138.614616,-34.867205],[138.61463,-34.867188],[138.614651,-34.867176],[138.614675,-34.867172],[138.614701,-34.867174],[138.614723,-34.867184],[138.61474,-34.867199],[138.614748,-34.867223]]}},{"type":"Feature","properties":{"tier":"regional"},"geometry":{"type":"LineString","coordinates":[[138.612201,-34.867348],[138.613429,-34.867291],[138.614611,-34.86723]]}},{"type":"Feature","properties":{"tier":"regional"},"geometry":{"type":"LineString","coordinates":[[138.614042,-34.873243],[138.614046,-34.87328],[138.614051,-34.873332],[138.614054,-34.873378]]}},{"type":"Feature","properties":{"tier":"arterial"},"geometry":{"type":"LineString","coordinates":[[138.60066,-34.873742],[138.600407,-34.873753]]}},{"type":"Feature","properties":{"tier":"arterial"},"geometry":{"type":"LineString","coordinates":[[138.600809,-34.873735],[138.60066,-34.873742]]}},{"type":"Feature","properties":{"tier":"arterial"},"geometry":{"type":"LineString","coordinates":[[138.598127,-34.87386],[138.597101,-34.873912]]}},{"type":"Feature","properties":{"tier":"arterial"},"geometry":{"type":"LineString","coordinates":[[138.599147,-34.87373],[138.599458,-34.873718]]}},{"type":"Feature","properties":{"tier":"arterial"},"geometry":{"type":"LineString","coordinates":[[138.596857,-34.873842],[138.598107,-34.873773]]}},{"type":"Feature","properties":{"tier":"arterial"},"geometry":{"type":"LineString","coordinates":[[138.596862,-34.873923],[138.596482,-34.873941],[138.595805,-34.873971],[138.594698,-34.87402]]}},{"type":"Feature","properties":{"tier":"arterial"},"geometry":{"type":"LineString","coordinates":[[138.597101,-34.873912],[138.596862,-34.873923]]}},{"type":"Feature","properties":{"tier":"arterial"},"geometry":{"type":"LineString","coordinates":[[138.594698,-34.87402],[138.594089,-34.874047]]}},{"type":"Feature","properties":{"tier":"arterial"},"geometry":{"type":"LineString","coordinates":[[138.594691,-34.873933],[138.595424,-34.873899],[138.595615,-34.87389],[138.596067,-34.873874]]}},{"type":"Feature","properties":{"tier":"arterial"},"geometry":{"type":"LineString","coordinates":[[138.590373,-34.874232],[138.589956,-34.874252],[138.589888,-34.874256],[138.589619,-34.874269],[138.589577,-34.874271],[138.589135,-34.874294],[138.589042,-34.874299],[138.588963,-34.874303],[138.588001,-34.874351]]}},{"type":"Feature","properties":{"tier":"arterial"},"geometry":{"type":"LineString","coordinates":[[138.590367,-34.87415],[138.590657,-34.874134],[138.59077,-34.874131]]}},{"type":"Feature","properties":{"tier":"arterial"},"geometry":{"type":"LineString","coordinates":[[138.59077,-34.874131],[138.591732,-34.874088]]}},{"type":"Feature","properties":{"tier":"arterial"},"geometry":{"type":"LineString","coordinates":[[138.587495,-34.874285],[138.587641,-34.874279]]}},{"type":"Feature","properties":{"tier":"regional"},"geometry":{"type":"LineString","coordinates":[[138.564209,-34.847471],[138.564279,-34.847434]]}},{"type":"Feature","properties":{"tier":"regional"},"geometry":{"type":"LineString","coordinates":[[138.564279,-34.847434],[138.564315,-34.847383]]}},{"type":"Feature","properties":{"tier":"regional"},"geometry":{"type":"LineString","coordinates":[[138.564209,-34.847471],[138.564083,-34.847473]]}},{"type":"Feature","properties":{"tier":"arterial"},"geometry":{"type":"LineString","coordinates":[[138.617216,-34.824523],[138.617372,-34.824512],[138.617419,-34.824508],[138.617592,-34.824495]]}},{"type":"Feature","properties":{"tier":"high"},"geometry":{"type":"LineString","coordinates":[[138.564923,-34.856244],[138.564914,-34.856121],[138.56489,-34.855689],[138.564883,-34.855622],[138.564853,-34.855228],[138.564758,-34.854153]]}},{"type":"Feature","properties":{"tier":"high"},"geometry":{"type":"LineString","coordinates":[[138.5652,-34.856222],[138.565253,-34.856465],[138.565338,-34.856927],[138.565433,-34.857241],[138.565691,-34.857812],[138.56575,-34.857937]]}},{"type":"Feature","properties":{"tier":"regional"},"geometry":{"type":"LineString","coordinates":[[138.565182,-34.859156],[138.565139,-34.85912],[138.565147,-34.859048],[138.565161,-34.858952],[138.565175,-34.858902]]}},{"type":"Feature","properties":{"tier":"regional"},"geometry":{"type":"LineString","coordinates":[[138.565469,-34.858516],[138.565495,-34.858504],[138.565568,-34.858471]]}},{"type":"Feature","properties":{"tier":"regional"},"geometry":{"type":"LineString","coordinates":[[138.565175,-34.858902],[138.565208,-34.858791]]}},{"type":"Feature","properties":{"tier":"regional"},"geometry":{"type":"LineString","coordinates":[[138.565423,-34.858742],[138.565322,-34.858894],[138.565265,-34.859016]]}},{"type":"Feature","properties":{"tier":"regional"},"geometry":{"type":"LineString","coordinates":[[138.565208,-34.858791],[138.565272,-34.858697],[138.565348,-34.858611],[138.565442,-34.858533],[138.565469,-34.858516]]}},{"type":"Feature","properties":{"tier":"high"},"geometry":{"type":"LineString","coordinates":[[138.565747,-34.858441],[138.565816,-34.858436],[138.565881,-34.858439],[138.565949,-34.858457],[138.566015,-34.858481],[138.566068,-34.858506],[138.566114,-34.858533],[138.566151,-34.858561],[138.566174,-34.858581],[138.566352,-34.858815]]}},{"type":"Feature","properties":{"tier":"high"},"geometry":{"type":"LineString","coordinates":[[138.565747,-34.858441],[138.565614,-34.858557]]}},{"type":"Feature","properties":{"tier":"high"},"geometry":{"type":"LineString","coordinates":[[138.565568,-34.858471],[138.565688,-34.858446],[138.565747,-34.858441]]}},{"type":"Feature","properties":{"tier":"high"},"geometry":{"type":"LineString","coordinates":[[138.565568,-34.858471],[138.565525,-34.858391],[138.565452,-34.858253]]}},{"type":"Feature","properties":{"tier":"high"},"geometry":{"type":"LineString","coordinates":[[138.565614,-34.858557],[138.565547,-34.858615],[138.565499,-34.858657],[138.565423,-34.858742]]}},{"type":"Feature","properties":{"tier":"high"},"geometry":{"type":"LineString","coordinates":[[138.565614,-34.858557],[138.565568,-34.858471]]}},{"type":"Feature","properties":{"tier":"high"},"geometry":{"type":"LineString","coordinates":[[138.56587,-34.859038],[138.565886,-34.858937],[138.565926,-34.858862],[138.565995,-34.858804],[138.566084,-34.858768],[138.566183,-34.858759],[138.566273,-34.858775],[138.566352,-34.858815]]}},{"type":"Feature","properties":{"tier":"high"},"geometry":{"type":"LineString","coordinates":[[138.565691,-34.857812],[138.565694,-34.857859],[138.565678,-34.857914],[138.565641,-34.857963],[138.565586,-34.857999],[138.56552,-34.858017],[138.565451,-34.858017],[138.565385,-34.857998],[138.565331,-34.857962],[138.565295,-34.857915]]}},{"type":"Feature","properties":{"tier":"regional"},"geometry":{"type":"LineString","coordinates":[[138.565265,-34.859016],[138.565257,-34.859043],[138.565232,-34.859126],[138.565182,-34.859156]]}},{"type":"Feature","properties":{"tier":"high"},"geometry":{"type":"LineString","coordinates":[[138.620291,-34.821405],[138.620617,-34.821038]]}},{"type":"Feature","properties":{"tier":"high"},"geometry":{"type":"LineString","coordinates":[[138.620617,-34.821038],[138.624251,-34.817003]]}},{"type":"Feature","properties":{"tier":"high"},"geometry":{"type":"LineString","coordinates":[[138.616298,-34.825804],[138.616474,-34.825625],[138.616757,-34.825361]]}},{"type":"Feature","properties":{"tier":"regional"},"geometry":{"type":"LineString","coordinates":[[138.615645,-34.826095],[138.615587,-34.826089],[138.615494,-34.826083],[138.615406,-34.826081],[138.615318,-34.826089],[138.615242,-34.826104],[138.615168,-34.826127],[138.6151,-34.826155],[138.614964,-34.826169]]}},{"type":"Feature","properties":{"tier":"high"},"geometry":{"type":"LineString","coordinates":[[138.612919,-34.830641],[138.612553,-34.831138],[138.612449,-34.831278],[138.612301,-34.831471],[138.612153,-34.831681]]}},{"type":"Feature","properties":{"tier":"high"},"geometry":{"type":"LineString","coordinates":[[138.613098,-34.830398],[138.612919,-34.830641]]}},{"type":"Feature","properties":{"tier":"high"},"geometry":{"type":"LineString","coordinates":[[138.606741,-34.839402],[138.606699,-34.83946],[138.606615,-34.839578]]}},{"type":"Feature","properties":{"tier":"high"},"geometry":{"type":"LineString","coordinates":[[138.606615,-34.839578],[138.605862,-34.840623]]}},{"type":"Feature","properties":{"tier":"high"},"geometry":{"type":"LineString","coordinates":[[138.606803,-34.839316],[138.606741,-34.839402]]}},{"type":"Feature","properties":{"tier":"high"},"geometry":{"type":"LineString","coordinates":[[138.606979,-34.839102],[138.606862,-34.839234]]}},{"type":"Feature","properties":{"tier":"high"},"geometry":{"type":"LineString","coordinates":[[138.60648,-34.839411],[138.606496,-34.839388],[138.606577,-34.839275],[138.606663,-34.839153]]}},{"type":"Feature","properties":{"tier":"high"},"geometry":{"type":"LineString","coordinates":[[138.56248,-34.829345],[138.562564,-34.829261],[138.562813,-34.829068],[138.563055,-34.828938],[138.563331,-34.828834],[138.563495,-34.828787],[138.563649,-34.828748],[138.563839,-34.828718],[138.564066,-34.828704]]}},{"type":"Feature","properties":{"tier":"high"},"geometry":{"type":"LineString","coordinates":[[138.590195,-34.819508],[138.589993,-34.819728],[138.589605,-34.820121]]}},{"type":"Feature","properties":{"tier":"high"},"geometry":{"type":"LineString","coordinates":[[138.589427,-34.820307],[138.58912,-34.820633]]}},{"type":"Feature","properties":{"tier":"high"},"geometry":{"type":"LineString","coordinates":[[138.58895,-34.820511],[138.589315,-34.820136]]}},{"type":"Feature","properties":{"tier":"high"},"geometry":{"type":"LineString","coordinates":[[138.589315,-34.820136],[138.589434,-34.820015]]}},{"type":"Feature","properties":{"tier":"high"},"geometry":{"type":"LineString","coordinates":[[138.618466,-34.863299],[138.618426,-34.862738]]}},{"type":"Feature","properties":{"tier":"regional"},"geometry":{"type":"LineString","coordinates":[[138.61878,-34.86308],[138.619003,-34.863069]]}},{"type":"Feature","properties":{"tier":"high"},"geometry":{"type":"LineString","coordinates":[[138.618559,-34.863271],[138.618588,-34.863658],[138.618609,-34.863933],[138.61863,-34.864202],[138.6187,-34.865095]]}},{"type":"Feature","properties":{"tier":"high"},"geometry":{"type":"LineString","coordinates":[[138.618521,-34.86277],[138.618545,-34.863091]]}},{"type":"Feature","properties":{"tier":"regional"},"geometry":{"type":"LineString","coordinates":[[138.613902,-34.873096],[138.613897,-34.873018]]}},{"type":"Feature","properties":{"tier":"arterial"},"geometry":{"type":"LineString","coordinates":[[138.613902,-34.873096],[138.613844,-34.873099],[138.613712,-34.873107]]}},{"type":"Feature","properties":{"tier":"arterial"},"geometry":{"type":"LineString","coordinates":[[138.613712,-34.873107],[138.613653,-34.87311],[138.613325,-34.873126]]}},{"type":"Feature","properties":{"tier":"regional"},"geometry":{"type":"LineString","coordinates":[[138.614016,-34.873092],[138.614027,-34.873155],[138.614042,-34.873243]]}},{"type":"Feature","properties":{"tier":"arterial"},"geometry":{"type":"LineString","coordinates":[[138.613986,-34.873014],[138.614022,-34.873012],[138.615083,-34.872962]]}},{"type":"Feature","properties":{"tier":"regional"},"geometry":{"type":"LineString","coordinates":[[138.61878,-34.866272],[138.618884,-34.866267],[138.620035,-34.866216],[138.621929,-34.866134],[138.62415,-34.866032],[138.624222,-34.866046],[138.624281,-34.866069],[138.624406,-34.866006],[138.624617,-34.865881],[138.624886,-34.865741],[138.62502,-34.865688]]}},{"type":"Feature","properties":{"tier":"arterial"},"geometry":{"type":"LineString","coordinates":[[138.59143,-34.849121],[138.591444,-34.84929],[138.591444,-34.849292],[138.591459,-34.849479]]}},{"type":"Feature","properties":{"tier":"arterial"},"geometry":{"type":"LineString","coordinates":[[138.606432,-34.873459],[138.605869,-34.873487]]}},{"type":"Feature","properties":{"tier":"regional"},"geometry":{"type":"LineString","coordinates":[[138.621902,-34.814121],[138.62194,-34.814115],[138.621977,-34.81412],[138.622011,-34.814134],[138.622038,-34.814156],[138.622055,-34.814184],[138.62206,-34.814215],[138.622052,-34.814246],[138.622034,-34.814273],[138.622006,-34.814294],[138.621971,-34.814306],[138.621933,-34.814309],[138.621894,-34.814301],[138.62186,-34.814283],[138.621836,-34.814256],[138.621824,-34.814224],[138.621826,-34.814191],[138.621842,-34.81416],[138.621869,-34.814136],[138.621902,-34.814121]]}},{"type":"Feature","properties":{"tier":"regional"},"geometry":{"type":"LineString","coordinates":[[138.597311,-34.828659],[138.597074,-34.828973],[138.596834,-34.829354],[138.596645,-34.829586],[138.596507,-34.82972],[138.596252,-34.829912]]}},{"type":"Feature","properties":{"tier":"regional"},"geometry":{"type":"LineString","coordinates":[[138.597244,-34.828547],[138.597363,-34.828405],[138.59751,-34.82826],[138.598069,-34.827813]]}},{"type":"Feature","properties":{"tier":"arterial"},"geometry":{"type":"LineString","coordinates":[[138.591122,-34.84169],[138.589312,-34.843173]]}},{"type":"Feature","properties":{"tier":"arterial"},"geometry":{"type":"LineString","coordinates":[[138.590997,-34.841586],[138.592388,-34.840458]]}},{"type":"Feature","properties":{"tier":"arterial"},"geometry":{"type":"LineString","coordinates":[[138.592501,-34.84055],[138.591122,-34.84169]]}},{"type":"Feature","properties":{"tier":"arterial"},"geometry":{"type":"LineString","coordinates":[[138.593355,-34.839666],[138.594113,-34.839047]]}},{"type":"Feature","properties":{"tier":"arterial"},"geometry":{"type":"LineString","coordinates":[[138.59332,-34.839884],[138.592501,-34.84055]]}},{"type":"Feature","properties":{"tier":"arterial"},"geometry":{"type":"LineString","coordinates":[[138.594113,-34.839047],[138.594451,-34.838779],[138.594737,-34.838562],[138.594932,-34.838445],[138.5951,-34.838347],[138.595244,-34.838269],[138.59545,-34.838178],[138.595742,-34.838066],[138.595975,-34.837991],[138.596269,-34.83792]]}},{"type":"Feature","properties":{"tier":"arterial"},"geometry":{"type":"LineString","coordinates":[[138.596269,-34.83792],[138.596734,-34.837814]]}},{"type":"Feature","properties":{"tier":"high"},"geometry":{"type":"LineString","coordinates":[[138.598749,-34.828691],[138.598781,-34.829133]]}},{"type":"Feature","properties":{"tier":"high"},"geometry":{"type":"LineString","coordinates":[[138.599536,-34.839056],[138.599545,-34.839195]]}},{"type":"Feature","properties":{"tier":"high"},"geometry":{"type":"LineString","coordinates":[[138.599545,-34.839195],[138.599706,-34.841448],[138.59974,-34.841889]]}},{"type":"Feature","properties":{"tier":"arterial"},"geometry":{"type":"LineString","coordinates":[[138.602354,-34.873658],[138.602144,-34.873668],[138.602111,-34.873669],[138.602024,-34.873674]]}},{"type":"Feature","properties":{"tier":"high"},"geometry":{"type":"LineString","coordinates":[[138.618285,-34.860934],[138.618262,-34.860575],[138.61826,-34.860537],[138.618248,-34.860349]]}},{"type":"Feature","properties":{"tier":"regional"},"geometry":{"type":"LineString","coordinates":[[138.604919,-34.830313],[138.604701,-34.830406]]}},{"type":"Feature","properties":{"tier":"regional"},"geometry":{"type":"LineString","coordinates":[[138.604919,-34.830313],[138.60494,-34.830357],[138.604994,-34.830448]]}},{"type":"Feature","properties":{"tier":"regional"},"geometry":{"type":"LineString","coordinates":[[138.604994,-34.830448],[138.605081,-34.830651]]}},{"type":"Feature","properties":{"tier":"regional"},"geometry":{"type":"LineString","coordinates":[[138.604701,-34.830406],[138.603893,-34.83072],[138.603234,-34.830998],[138.602976,-34.831102]]}},{"type":"Feature","properties":{"tier":"regional"},"geometry":{"type":"LineString","coordinates":[[138.602654,-34.831159],[138.602732,-34.831128]]}},{"type":"Feature","properties":{"tier":"regional"},"geometry":{"type":"LineString","coordinates":[[138.602905,-34.831057],[138.603076,-34.830987],[138.603905,-34.830641],[138.60428,-34.830485],[138.604687,-34.830315],[138.605608,-34.829939],[138.605771,-34.829915]]}},{"type":"Feature","properties":{"tier":"regional"},"geometry":{"type":"LineString","coordinates":[[138.602698,-34.831214],[138.602506,-34.831292],[138.602265,-34.831365],[138.602114,-34.831408],[138.601987,-34.831443],[138.601858,-34.831471],[138.601611,-34.831508],[138.601335,-34.831538],[138.601033,-34.831557],[138.600601,-34.831579],[138.60029,-34.831587]]}},{"type":"Feature","properties":{"tier":"regional"},"geometry":{"type":"LineString","coordinates":[[138.583044,-34.840737],[138.582947,-34.840758],[138.582889,-34.840753],[138.582848,-34.840739]]}},{"type":"Feature","properties":{"tier":"regional"},"geometry":{"type":"LineString","coordinates":[[138.583048,-34.840607],[138.583276,-34.840437],[138.583417,-34.840373]]}},{"type":"Feature","properties":{"tier":"regional"},"geometry":{"type":"LineString","coordinates":[[138.583417,-34.840373],[138.583342,-34.840499],[138.583044,-34.840737]]}},{"type":"Feature","properties":{"tier":"high"},"geometry":{"type":"LineString","coordinates":[[138.609016,-34.836298],[138.60874,-34.836678]]}},{"type":"Feature","properties":{"tier":"high"},"geometry":{"type":"LineString","coordinates":[[138.608093,-34.837567],[138.608079,-34.837587],[138.608016,-34.837674]]}},{"type":"Feature","properties":{"tier":"high"},"geometry":{"type":"LineString","coordinates":[[138.607357,-34.838227],[138.607592,-34.8379]]}},{"type":"Feature","properties":{"tier":"high"},"geometry":{"type":"LineString","coordinates":[[138.607041,-34.838663],[138.607357,-34.838227]]}},{"type":"Feature","properties":{"tier":"high"},"geometry":{"type":"LineString","coordinates":[[138.606663,-34.839153],[138.606967,-34.838767],[138.607041,-34.838663]]}},{"type":"Feature","properties":{"tier":"high"},"geometry":{"type":"LineString","coordinates":[[138.562921,-34.835919],[138.562698,-34.835197]]}},{"type":"Feature","properties":{"tier":"high"},"geometry":{"type":"LineString","coordinates":[[138.564019,-34.842596],[138.56381,-34.841101]]}},{"type":"Feature","properties":{"tier":"high"},"geometry":{"type":"LineString","coordinates":[[138.56381,-34.841101],[138.563642,-34.839655],[138.563577,-34.83899],[138.563299,-34.837425],[138.563166,-34.836889],[138.563042,-34.836366],[138.562921,-34.835919]]}},{"type":"Feature","properties":{"tier":"high"},"geometry":{"type":"LineString","coordinates":[[138.563088,-34.835784],[138.563257,-34.836385],[138.563412,-34.836881],[138.563451,-34.83701],[138.563552,-34.837356],[138.563672,-34.837891],[138.563784,-34.838433],[138.563852,-34.838877],[138.563908,-34.839304],[138.564001,-34.840184],[138.564174,-34.841837],[138.564341,-34.843451],[138.564437,-34.844745]]}},{"type":"Feature","properties":{"tier":"high"},"geometry":{"type":"LineString","coordinates":[[138.562962,-34.83536],[138.563088,-34.835784]]}},{"type":"Feature","properties":{"tier":"high"},"geometry":{"type":"LineString","coordinates":[[138.562688,-34.834032],[138.562759,-34.834468]]}},{"type":"Feature","properties":{"tier":"high"},"geometry":{"type":"LineString","coordinates":[[138.562714,-34.828364],[138.562733,-34.827987],[138.562715,-34.827288]]}},{"type":"Feature","properties":{"tier":"high"},"geometry":{"type":"LineString","coordinates":[[138.617573,-34.847345],[138.617376,-34.847345]]}},{"type":"Feature","properties":{"tier":"high"},"geometry":{"type":"LineString","coordinates":[[138.574218,-34.84971],[138.575157,-34.849685],[138.575245,-34.849681],[138.575437,-34.849673]]}},{"type":"Feature","properties":{"tier":"high"},"geometry":{"type":"LineString","coordinates":[[138.573482,-34.849903],[138.572978,-34.849919],[138.572237,-34.849936],[138.571662,-34.849916],[138.569007,-34.849774]]}},{"type":"Feature","properties":{"tier":"high"},"geometry":{"type":"LineString","coordinates":[[138.569013,-34.849623],[138.569187,-34.849631]]}},{"type":"Feature","properties":{"tier":"high"},"geometry":{"type":"LineString","coordinates":[[138.569007,-34.849774],[138.568094,-34.849729],[138.567311,-34.849715],[138.566542,-34.849713],[138.565729,-34.849781],[138.565464,-34.849796]]}},{"type":"Feature","properties":{"tier":"regional"},"geometry":{"type":"LineString","coordinates":[[138.56503,-34.840568],[138.56445,-34.840593],[138.564147,-34.840607],[138.564106,-34.840609],[138.563883,-34.840619]]}},{"type":"Feature","properties":{"tier":"regional"},"geometry":{"type":"LineString","coordinates":[[138.565017,-34.840451],[138.567294,-34.840366]]}},{"type":"Feature","properties":{"tier":"regional"},"geometry":{"type":"LineString","coordinates":[[138.581766,-34.839658],[138.581849,-34.83967],[138.581951,-34.839691],[138.582033,-34.839726],[138.582119,-34.839772],[138.582238,-34.839872],[138.58236,-34.840007],[138.582475,-34.84015],[138.582554,-34.840248],[138.582587,-34.840289],[138.582604,-34.84031],[138.582774,-34.840521],[138.582829,-34.840574],[138.582887,-34.840602],[138.582943,-34.840608],[138.583048,-34.840607]]}},{"type":"Feature","properties":{"tier":"regional"},"geometry":{"type":"LineString","coordinates":[[138.581521,-34.839776],[138.580674,-34.83982]]}},{"type":"Feature","properties":{"tier":"regional"},"geometry":{"type":"LineString","coordinates":[[138.582731,-34.840644],[138.582608,-34.840497],[138.582527,-34.840399],[138.582495,-34.840361],[138.582417,-34.840267],[138.582341,-34.840181],[138.582117,-34.83993],[138.582093,-34.839909],[138.581987,-34.839844],[138.581866,-34.839795],[138.581737,-34.839772],[138.581602,-34.83977],[138.581521,-34.839776]]}},{"type":"Feature","properties":{"tier":"regional"},"geometry":{"type":"LineString","coordinates":[[138.583644,-34.840192],[138.583417,-34.840373]]}},{"type":"Feature","properties":{"tier":"regional"},"geometry":{"type":"LineString","coordinates":[[138.580664,-34.839713],[138.580741,-34.839707],[138.581412,-34.839659],[138.581683,-34.839651],[138.581766,-34.839658]]}},{"type":"Feature","properties":{"tier":"regional"},"geometry":{"type":"LineString","coordinates":[[138.582117,-34.83993],[138.581965,-34.839776],[138.581766,-34.839658]]}},{"type":"Feature","properties":{"tier":"high"},"geometry":{"type":"LineString","coordinates":[[138.608016,-34.837674],[138.60795,-34.837765],[138.607768,-34.838016]]}},{"type":"Feature","properties":{"tier":"high"},"geometry":{"type":"LineString","coordinates":[[138.610942,-34.83299],[138.611311,-34.832468]]}},{"type":"Feature","properties":{"tier":"high"},"geometry":{"type":"LineString","coordinates":[[138.612245,-34.831199],[138.612412,-34.830981]]}},{"type":"Feature","properties":{"tier":"high"},"geometry":{"type":"LineString","coordinates":[[138.612412,-34.830981],[138.612732,-34.830556]]}},{"type":"Feature","properties":{"tier":"high"},"geometry":{"type":"LineString","coordinates":[[138.61295,-34.830272],[138.613074,-34.830104]]}},{"type":"Feature","properties":{"tier":"high"},"geometry":{"type":"LineString","coordinates":[[138.61385,-34.829058],[138.61431,-34.828406]]}},{"type":"Feature","properties":{"tier":"high"},"geometry":{"type":"LineString","coordinates":[[138.61431,-34.828406],[138.614485,-34.82816],[138.614793,-34.827742]]}},{"type":"Feature","properties":{"tier":"high"},"geometry":{"type":"LineString","coordinates":[[138.615737,-34.826783],[138.615341,-34.827329]]}},{"type":"Feature","properties":{"tier":"high"},"geometry":{"type":"LineString","coordinates":[[138.615974,-34.82647],[138.615787,-34.826714],[138.615737,-34.826783]]}},{"type":"Feature","properties":{"tier":"high"},"geometry":{"type":"LineString","coordinates":[[138.616939,-34.825428],[138.616828,-34.825529]]}},{"type":"Feature","properties":{"tier":"arterial"},"geometry":{"type":"LineString","coordinates":[[138.615169,-34.824793],[138.615612,-34.82473],[138.616004,-34.824674]]}},{"type":"Feature","properties":{"tier":"arterial"},"geometry":{"type":"LineString","coordinates":[[138.614645,-34.824868],[138.615169,-34.824793]]}},{"type":"Feature","properties":{"tier":"high"},"geometry":{"type":"LineString","coordinates":[[138.616757,-34.825361],[138.616973,-34.82516],[138.617153,-34.824988]]}},{"type":"Feature","properties":{"tier":"arterial"},"geometry":{"type":"LineString","coordinates":[[138.619839,-34.82452],[138.619639,-34.824527],[138.619235,-34.824548]]}},{"type":"Feature","properties":{"tier":"high"},"geometry":{"type":"LineString","coordinates":[[138.619386,-34.822769],[138.618893,-34.82331]]}},{"type":"Feature","properties":{"tier":"high"},"geometry":{"type":"LineString","coordinates":[[138.618893,-34.82331],[138.618337,-34.82392]]}},{"type":"Feature","properties":{"tier":"high"},"geometry":{"type":"LineString","coordinates":[[138.618829,-34.823077],[138.619673,-34.822113]]}},{"type":"Feature","properties":{"tier":"high"},"geometry":{"type":"LineString","coordinates":[[138.619673,-34.822113],[138.620291,-34.821405]]}},{"type":"Feature","properties":{"tier":"high"},"geometry":{"type":"LineString","coordinates":[[138.624251,-34.817003],[138.62482,-34.816372]]}},{"type":"Feature","properties":{"tier":"regional"},"geometry":{"type":"LineString","coordinates":[[138.623558,-34.815148],[138.624777,-34.815883]]}},{"type":"Feature","properties":{"tier":"regional"},"geometry":{"type":"LineString","coordinates":[[138.62336,-34.815027],[138.623558,-34.815148]]}},{"type":"Feature","properties":{"tier":"regional"},"geometry":{"type":"LineString","coordinates":[[138.622055,-34.814184],[138.623196,-34.814926],[138.62336,-34.815027]]}},{"type":"Feature","properties":{"tier":"regional"},"geometry":{"type":"LineString","coordinates":[[138.581412,-34.839659],[138.581588,-34.839587],[138.581676,-34.839503],[138.581751,-34.839434]]}},{"type":"Feature","properties":{"tier":"high"},"geometry":{"type":"LineString","coordinates":[[138.5627,-34.8271],[138.562662,-34.826601],[138.562603,-34.826456]]}},{"type":"Feature","properties":{"tier":"high"},"geometry":{"type":"LineString","coordinates":[[138.562715,-34.827288],[138.562705,-34.827164]]}},{"type":"Feature","properties":{"tier":"high"},"geometry":{"type":"LineString","coordinates":[[138.562705,-34.827164],[138.5627,-34.8271]]}},{"type":"Feature","properties":{"tier":"high"},"geometry":{"type":"LineString","coordinates":[[138.562612,-34.827118],[138.562583,-34.826608],[138.562603,-34.826456]]}},{"type":"Feature","properties":{"tier":"high"},"geometry":{"type":"LineString","coordinates":[[138.562616,-34.827181],[138.562612,-34.827118]]}},{"type":"Feature","properties":{"tier":"high"},"geometry":{"type":"LineString","coordinates":[[138.564098,-34.833161],[138.563835,-34.833317],[138.563666,-34.833449],[138.563414,-34.833695],[138.563283,-34.83388],[138.563215,-34.833976],[138.563078,-34.834277],[138.563013,-34.834516],[138.562982,-34.834824],[138.563001,-34.835053],[138.563048,-34.835353],[138.563105,-34.835585],[138.563088,-34.835784]]}},{"type":"Feature","properties":{"tier":"arterial"},"geometry":{"type":"LineString","coordinates":[[138.573859,-34.875019],[138.573708,-34.874904]]}},{"type":"Feature","properties":{"tier":"regional"},"geometry":{"type":"LineString","coordinates":[[138.583437,-34.84773],[138.583305,-34.84762]]}},{"type":"Feature","properties":{"tier":"regional"},"geometry":{"type":"LineString","coordinates":[[138.583585,-34.847852],[138.583437,-34.84773]]}},{"type":"Feature","properties":{"tier":"arterial"},"geometry":{"type":"LineString","coordinates":[[138.583851,-34.871504],[138.583704,-34.871251],[138.583536,-34.871123]]}},{"type":"Feature","properties":{"tier":"arterial"},"geometry":{"type":"LineString","coordinates":[[138.583536,-34.871123],[138.5837,-34.870992],[138.583805,-34.870939]]}},{"type":"Feature","properties":{"tier":"arterial"},"geometry":{"type":"LineString","coordinates":[[138.592436,-34.863722],[138.592455,-34.86398],[138.592463,-34.86411],[138.592534,-34.865139],[138.59258,-34.86579],[138.5926,-34.866188],[138.592617,-34.866437]]}},{"type":"Feature","properties":{"tier":"arterial"},"geometry":{"type":"LineString","coordinates":[[138.592617,-34.866437],[138.592631,-34.866638],[138.592633,-34.866671]]}},{"type":"Feature","properties":{"tier":"high"},"geometry":{"type":"LineString","coordinates":[[138.618622,-34.847354],[138.618316,-34.847351]]}},{"type":"Feature","properties":{"tier":"high"},"geometry":{"type":"LineString","coordinates":[[138.598837,-34.829864],[138.598784,-34.830061],[138.598749,-34.830077],[138.598649,-34.83007]]}},{"type":"Feature","properties":{"tier":"high"},"geometry":{"type":"LineString","coordinates":[[138.599071,-34.834986],[138.599148,-34.834698],[138.599199,-34.834681]]}},{"type":"Feature","properties":{"tier":"high"},"geometry":{"type":"LineString","coordinates":[[138.600442,-34.852951],[138.600484,-34.852723],[138.600552,-34.852636]]}},{"type":"Feature","properties":{"tier":"arterial"},"geometry":{"type":"LineString","coordinates":[[138.624761,-34.837003],[138.62488,-34.837064]]}},{"type":"Feature","properties":{"tier":"regional"},"geometry":{"type":"LineString","coordinates":[[138.582848,-34.840739],[138.583048,-34.840607]]}},{"type":"Feature","properties":{"tier":"arterial"},"geometry":{"type":"LineString","coordinates":[[138.583054,-34.859925],[138.58315,-34.85998]]}},{"type":"Feature","properties":{"tier":"arterial"},"geometry":{"type":"LineString","coordinates":[[138.621713,-34.824395],[138.621852,-34.824361],[138.622085,-34.824305],[138.622114,-34.82428],[138.622152,-34.824247],[138.622191,-34.824213]]}},{"type":"Feature","properties":{"tier":"arterial"},"geometry":{"type":"LineString","coordinates":[[138.62072,-34.842578],[138.621026,-34.842184],[138.621275,-34.841844]]}},{"type":"Feature","properties":{"tier":"arterial"},"geometry":{"type":"LineString","coordinates":[[138.619756,-34.843989],[138.619396,-34.844489]]}},{"type":"Feature","properties":{"tier":"arterial"},"geometry":{"type":"LineString","coordinates":[[138.619319,-34.844446],[138.619677,-34.84395]]}},{"type":"Feature","properties":{"tier":"high"},"geometry":{"type":"LineString","coordinates":[[138.619223,-34.873598],[138.619209,-34.873436],[138.61919,-34.873236]]}},{"type":"Feature","properties":{"tier":"high"},"geometry":{"type":"LineString","coordinates":[[138.597753,-34.848162],[138.598189,-34.848134]]}},{"type":"Feature","properties":{"tier":"high"},"geometry":{"type":"LineString","coordinates":[[138.600201,-34.847011],[138.600227,-34.847481]]}},{"type":"Feature","properties":{"tier":"high"},"geometry":{"type":"LineString","coordinates":[[138.600185,-34.846736],[138.600201,-34.847011]]}},{"type":"Feature","properties":{"tier":"high"},"geometry":{"type":"LineString","coordinates":[[138.60037,-34.851917],[138.600344,-34.851552]]}},{"type":"Feature","properties":{"tier":"high"},"geometry":{"type":"LineString","coordinates":[[138.601137,-34.846727],[138.601269,-34.846548]]}},{"type":"Feature","properties":{"tier":"high"},"geometry":{"type":"LineString","coordinates":[[138.601021,-34.846885],[138.601064,-34.846826],[138.601137,-34.846727]]}},{"type":"Feature","properties":{"tier":"high"},"geometry":{"type":"LineString","coordinates":[[138.601269,-34.846548],[138.601304,-34.8465]]}},{"type":"Feature","properties":{"tier":"high"},"geometry":{"type":"LineString","coordinates":[[138.598249,-34.848259],[138.597763,-34.848285]]}},{"type":"Feature","properties":{"tier":"high"},"geometry":{"type":"LineString","coordinates":[[138.601428,-34.846627],[138.601116,-34.847061]]}},{"type":"Feature","properties":{"tier":"high"},"geometry":{"type":"LineString","coordinates":[[138.614582,-34.847321],[138.614592,-34.847446]]}},{"type":"Feature","properties":{"tier":"high"},"geometry":{"type":"LineString","coordinates":[[138.614992,-34.847302],[138.61551,-34.847275],[138.615852,-34.847252]]}},{"type":"Feature","properties":{"tier":"high"},"geometry":{"type":"LineString","coordinates":[[138.614091,-34.847341],[138.614582,-34.847321]]}},{"type":"Feature","properties":{"tier":"high"},"geometry":{"type":"LineString","coordinates":[[138.614582,-34.847321],[138.614992,-34.847302]]}},{"type":"Feature","properties":{"tier":"high"},"geometry":{"type":"LineString","coordinates":[[138.615852,-34.847252],[138.616098,-34.847235]]}},{"type":"Feature","properties":{"tier":"arterial"},"geometry":{"type":"LineString","coordinates":[[138.599153,-34.873816],[138.598127,-34.87386]]}},{"type":"Feature","properties":{"tier":"arterial"},"geometry":{"type":"LineString","coordinates":[[138.598107,-34.873773],[138.599147,-34.87373]]}},{"type":"Feature","properties":{"tier":"high"},"geometry":{"type":"LineString","coordinates":[[138.618135,-34.857373],[138.61818,-34.85795]]}},{"type":"Feature","properties":{"tier":"high"},"geometry":{"type":"LineString","coordinates":[[138.61848,-34.858715],[138.61836,-34.85877],[138.618329,-34.858787],[138.618302,-34.858807],[138.618282,-34.85883],[138.61827,-34.858856],[138.61825,-34.858905]]}},{"type":"Feature","properties":{"tier":"regional"},"geometry":{"type":"LineString","coordinates":[[138.618693,-34.858666],[138.619102,-34.858653],[138.619265,-34.858647],[138.619363,-34.858666]]}},{"type":"Feature","properties":{"tier":"regional"},"geometry":{"type":"LineString","coordinates":[[138.618235,-34.858678],[138.618309,-34.858676],[138.618527,-34.858671],[138.618693,-34.858666]]}},{"type":"Feature","properties":{"tier":"high"},"geometry":{"type":"LineString","coordinates":[[138.618235,-34.858678],[138.618238,-34.85872]]}},{"type":"Feature","properties":{"tier":"regional"},"geometry":{"type":"LineString","coordinates":[[138.61848,-34.858715],[138.618343,-34.858716],[138.618311,-34.858718],[138.618238,-34.85872]]}},{"type":"Feature","properties":{"tier":"high"},"geometry":{"type":"LineString","coordinates":[[138.619086,-34.870518],[138.619116,-34.870991]]}},{"type":"Feature","properties":{"tier":"high"},"geometry":{"type":"LineString","coordinates":[[138.619183,-34.871729],[138.619194,-34.871883]]}},{"type":"Feature","properties":{"tier":"arterial"},"geometry":{"type":"LineString","coordinates":[[138.617068,-34.872868],[138.61767,-34.872813]]}},{"type":"Feature","properties":{"tier":"arterial"},"geometry":{"type":"LineString","coordinates":[[138.620241,-34.872045],[138.620046,-34.87209]]}},{"type":"Feature","properties":{"tier":"arterial"},"geometry":{"type":"LineString","coordinates":[[138.620046,-34.87209],[138.619884,-34.872165]]}},{"type":"Feature","properties":{"tier":"regional"},"geometry":{"type":"LineString","coordinates":[[138.618127,-34.858681],[138.618235,-34.858678]]}},{"type":"Feature","properties":{"tier":"high"},"geometry":{"type":"LineString","coordinates":[[138.618127,-34.858681],[138.618109,-34.858437]]}},{"type":"Feature","properties":{"tier":"regional"},"geometry":{"type":"LineString","coordinates":[[138.618238,-34.85872],[138.61813,-34.858723]]}},{"type":"Feature","properties":{"tier":"high"},"geometry":{"type":"LineString","coordinates":[[138.600005,-34.84437],[138.600037,-34.844758],[138.600068,-34.84512],[138.600083,-34.845307],[138.600118,-34.845725]]}},{"type":"Feature","properties":{"tier":"high"},"geometry":{"type":"LineString","coordinates":[[138.59455,-34.814738],[138.594865,-34.814394],[138.595255,-34.813955]]}},{"type":"Feature","properties":{"tier":"high"},"geometry":{"type":"LineString","coordinates":[[138.59455,-34.814738],[138.595131,-34.813923]]}},{"type":"Feature","properties":{"tier":"high"},"geometry":{"type":"LineString","coordinates":[[138.597521,-34.814483],[138.597485,-34.813985]]}},{"type":"Feature","properties":{"tier":"high"},"geometry":{"type":"LineString","coordinates":[[138.597423,-34.813386],[138.597369,-34.812857]]}},{"type":"Feature","properties":{"tier":"high"},"geometry":{"type":"LineString","coordinates":[[138.595936,-34.813627],[138.595442,-34.814063],[138.595249,-34.814264],[138.595038,-34.814437]]}},{"type":"Feature","properties":{"tier":"high"},"geometry":{"type":"LineString","coordinates":[[138.595038,-34.814437],[138.594193,-34.815363]]}},{"type":"Feature","properties":{"tier":"high"},"geometry":{"type":"LineString","coordinates":[[138.59161,-34.818058],[138.591112,-34.818567]]}},{"type":"Feature","properties":{"tier":"high"},"geometry":{"type":"LineString","coordinates":[[138.592489,-34.817147],[138.591837,-34.817814]]}},{"type":"Feature","properties":{"tier":"high"},"geometry":{"type":"LineString","coordinates":[[138.591837,-34.817814],[138.59161,-34.818058]]}},{"type":"Feature","properties":{"tier":"high"},"geometry":{"type":"LineString","coordinates":[[138.591112,-34.818567],[138.590857,-34.818832]]}},{"type":"Feature","properties":{"tier":"high"},"geometry":{"type":"LineString","coordinates":[[138.589605,-34.820121],[138.589427,-34.820307]]}},{"type":"Feature","properties":{"tier":"high"},"geometry":{"type":"LineString","coordinates":[[138.58912,-34.820633],[138.588351,-34.821428],[138.588019,-34.821813],[138.587645,-34.82231],[138.587445,-34.822626],[138.587263,-34.822937],[138.587113,-34.823243]]}},{"type":"Feature","properties":{"tier":"high"},"geometry":{"type":"LineString","coordinates":[[138.618316,-34.847351],[138.61803,-34.847348]]}},{"type":"Feature","properties":{"tier":"high"},"geometry":{"type":"LineString","coordinates":[[138.617256,-34.848389],[138.617219,-34.847997]]}},{"type":"Feature","properties":{"tier":"arterial"},"geometry":{"type":"LineString","coordinates":[[138.618037,-34.846309],[138.617795,-34.846563]]}},{"type":"Feature","properties":{"tier":"high"},"geometry":{"type":"LineString","coordinates":[[138.597253,-34.81248],[138.597075,-34.812632]]}},{"type":"Feature","properties":{"tier":"high"},"geometry":{"type":"LineString","coordinates":[[138.597369,-34.812857],[138.597355,-34.812539],[138.597354,-34.81252],[138.597353,-34.81248]]}},{"type":"Feature","properties":{"tier":"high"},"geometry":{"type":"LineString","coordinates":[[138.598828,-34.831981],[138.598899,-34.831704],[138.598907,-34.831682],[138.598925,-34.831658],[138.598963,-34.831626],[138.598996,-34.831604]]}},{"type":"Feature","properties":{"tier":"high"},"geometry":{"type":"LineString","coordinates":[[138.598951,-34.831141],[138.599075,-34.831391],[138.599119,-34.831454],[138.599149,-34.831474],[138.599182,-34.831493],[138.599305,-34.831539]]}}]}
