{"type":"FeatureCollection","features":[{"type":"Feature","properties":{"tier":"arterial"},"geometry":{"type":"LineString","coordinates":[[138.66807,-34.925844],[138.668145,-34.926884],[138.668153,-34.926969],[138.668196,-34.927532],[138.668229,-34.928054],[138.668283,-34.928759],[138.668292,-34.928939],[138.668309,-34.92942],[138.668328,-34.929602],[138.668458,-34.930594],[138.668494,-34.931141],[138.66852,-34.931524],[138.668541,-34.931722],[138.668601,-34.932452],[138.668635,-34.932756],[138.668747,-34.93381],[138.66879,-34.934313],[138.668812,-34.934733]]}},{"type":"Feature","properties":{"tier":"regional"},"geometry":{"type":"LineString","coordinates":[[138.660875,-34.947725],[138.660933,-34.948513],[138.660971,-34.949087],[138.661002,-34.949542],[138.661034,-34.950016],[138.66104,-34.950108],[138.661058,-34.950389],[138.661069,-34.950527],[138.661072,-34.950575]]}},{"type":"Feature","properties":{"tier":"arterial"},"geometry":{"type":"LineString","coordinates":[[138.682525,-34.91895],[138.681836,-34.918992],[138.681418,-34.919013],[138.681339,-34.919018],[138.680904,-34.919036],[138.679386,-34.919123],[138.678147,-34.91918],[138.676604,-34.91925]]}},{"type":"Feature","properties":{"tier":"arterial"},"geometry":{"type":"LineString","coordinates":[[138.627299,-34.975869],[138.627239,-34.975238],[138.627179,-34.97444],[138.627158,-34.974158],[138.627105,-34.973208],[138.6271,-34.973152],[138.627013,-34.971988],[138.62701,-34.971953],[138.626929,-34.970886],[138.626928,-34.970863],[138.626921,-34.970776]]}},{"type":"Feature","properties":{"tier":"regional"},"geometry":{"type":"LineString","coordinates":[[138.67268,-34.929784],[138.673138,-34.929852],[138.673266,-34.929895],[138.675172,-34.930689],[138.675731,-34.930922],[138.676277,-34.931082],[138.676452,-34.931133],[138.677102,-34.931217],[138.677318,-34.931245],[138.677379,-34.931252]]}},{"type":"Feature","properties":{"tier":"arterial"},"geometry":{"type":"LineString","coordinates":[[138.633611,-34.939713],[138.633556,-34.939715],[138.633449,-34.93972]]}},{"type":"Feature","properties":{"tier":"regional"},"geometry":{"type":"LineString","coordinates":[[138.651652,-34.94225],[138.651672,-34.942588],[138.651769,-34.943835],[138.651782,-34.943979],[138.651857,-34.944845]]}},{"type":"Feature","properties":{"tier":"arterial"},"geometry":{"type":"LineString","coordinates":[[138.660327,-34.938295],[138.660416,-34.938285],[138.660793,-34.938258],[138.661163,-34.93824],[138.661282,-34.938235],[138.661342,-34.938233]]}},{"type":"Feature","properties":{"tier":"arterial"},"geometry":{"type":"LineString","coordinates":[[138.660114,-34.938014],[138.660105,-34.937925],[138.66009,-34.937694],[138.660081,-34.937526],[138.660076,-34.937447]]}},{"type":"Feature","properties":{"tier":"arterial"},"geometry":{"type":"LineString","coordinates":[[138.660133,-34.938186],[138.660172,-34.938182],[138.660212,-34.938186],[138.660246,-34.938198],[138.660275,-34.938215],[138.660309,-34.93825],[138.660321,-34.938272],[138.660327,-34.938295]]}},{"type":"Feature","properties":{"tier":"high"},"geometry":{"type":"LineString","coordinates":[[138.668004,-34.966868],[138.668125,-34.966867],[138.668328,-34.966868],[138.668403,-34.966873],[138.66847,-34.96688],[138.668764,-34.966907],[138.668825,-34.966914],[138.668914,-34.966927],[138.669015,-34.966943],[138.669118,-34.966962],[138.669253,-34.966988],[138.669434,-34.967026],[138.669575,-34.967061],[138.669663,-34.967087],[138.669842,-34.967144],[138.670354,-34.967311],[138.670864,-34.967506],[138.671292,-34.967683],[138.671356,-34.967714],[138.671395,-34.967737],[138.671437,-34.967768],[138.671466,-34.967791],[138.6715,-34.967827],[138.671532,-34.967873],[138.671546,-34.967899],[138.671558,-34.967929],[138.671572,-34.96797],[138.67158,-34.967998],[138.671584,-34.968027],[138.671586,-34.968054],[138.671583,-34.968086],[138.671572,-34.968128],[138.671554,-34.968173],[138.671539,-34.968201],[138.671518,-34.968232],[138.671494,-34.968262],[138.671474,-34.968282],[138.671453,-34.968302],[138.671421,-34.968326],[138.671378,-34.968351],[138.671336,-34.968369],[138.671306,-34.968378],[138.671267,-34.968388],[138.67123,-34.968395],[138.671198,-34.968399],[138.671162,-34.968401]]}},{"type":"Feature","properties":{"tier":"high"},"geometry":{"type":"LineString","coordinates":[[138.69474,-34.988777],[138.694566,-34.988473],[138.69441,-34.988186],[138.694245,-34.987919],[138.694072,-34.987704],[138.693928,-34.987535],[138.693738,-34.987378],[138.693552,-34.987227],[138.693356,-34.987095],[138.693021,-34.986919]]}},{"type":"Feature","properties":{"tier":"arterial"},"geometry":{"type":"LineString","coordinates":[[138.674374,-34.889952],[138.674393,-34.890197],[138.674414,-34.890498],[138.674451,-34.890941],[138.674553,-34.892216],[138.674565,-34.892364],[138.674596,-34.89287],[138.67462,-34.893248],[138.674733,-34.894777]]}},{"type":"Feature","properties":{"tier":"regional"},"geometry":{"type":"LineString","coordinates":[[138.652383,-34.951109],[138.652338,-34.951215],[138.65236,-34.951549],[138.652389,-34.951839],[138.652429,-34.95244],[138.65249,-34.953327],[138.652492,-34.953362],[138.652497,-34.953445]]}},{"type":"Feature","properties":{"tier":"high"},"geometry":{"type":"LineString","coordinates":[[138.659349,-34.970153],[138.659859,-34.969793],[138.660091,-34.969663],[138.660371,-34.969503],[138.660669,-34.969308],[138.660701,-34.969265],[138.660724,-34.969224],[138.660732,-34.969179],[138.660729,-34.969145],[138.660717,-34.9691],[138.66067,-34.969043],[138.660604,-34.969003],[138.660525,-34.968988],[138.660448,-34.968998]]}},{"type":"Feature","properties":{"tier":"high"},"geometry":{"type":"LineString","coordinates":[[138.660039,-34.969458],[138.660137,-34.969275],[138.660206,-34.969135],[138.660285,-34.969011],[138.660344,-34.968966],[138.660403,-34.968943]]}},{"type":"Feature","properties":{"tier":"high"},"geometry":{"type":"LineString","coordinates":[[138.661772,-34.969134],[138.661267,-34.969394],[138.660655,-34.969668],[138.660478,-34.969762],[138.660247,-34.969905],[138.660033,-34.970056],[138.659987,-34.970095],[138.659948,-34.970135],[138.659926,-34.970163],[138.659904,-34.970202],[138.659888,-34.970239],[138.65988,-34.970275],[138.65988,-34.970317],[138.659885,-34.970351],[138.659898,-34.97039],[138.659919,-34.970424],[138.659956,-34.97047],[138.660001,-34.970516],[138.660066,-34.97055],[138.660119,-34.970569],[138.660169,-34.970581],[138.660208,-34.970588],[138.660264,-34.970589],[138.660377,-34.970586]]}},{"type":"Feature","properties":{"tier":"regional"},"geometry":{"type":"LineString","coordinates":[[138.660422,-34.969903],[138.66056,-34.970079],[138.660594,-34.970126],[138.660612,-34.970156],[138.660632,-34.970193],[138.66064,-34.970236],[138.660642,-34.970295],[138.660634,-34.970361],[138.660619,-34.970402],[138.660596,-34.97044],[138.66056,-34.97048],[138.660527,-34.970511],[138.66048,-34.970545],[138.660439,-34.970565],[138.660399,-34.97058],[138.660377,-34.970586]]}},{"type":"Feature","properties":{"tier":"regional"},"geometry":{"type":"LineString","coordinates":[[138.660114,-34.969517],[138.660065,-34.969476],[138.660039,-34.969458]]}},{"type":"Feature","properties":{"tier":"high"},"geometry":{"type":"LineString","coordinates":[[138.665458,-34.967532],[138.665886,-34.967306],[138.666256,-34.967192],[138.666596,-34.967071],[138.666959,-34.966985],[138.66724,-34.966938],[138.667515,-34.966901],[138.668004,-34.966868]]}},{"type":"Feature","properties":{"tier":"high"},"geometry":{"type":"LineString","coordinates":[[138.7115,-34.999618],[138.711377,-34.999546],[138.710812,-34.99926],[138.710669,-34.9992],[138.710276,-34.999033],[138.709711,-34.998859],[138.709573,-34.998818],[138.709057,-34.998663],[138.708507,-34.998538],[138.707762,-34.998416],[138.707567,-34.998389],[138.707208,-34.998356]]}},{"type":"Feature","properties":{"tier":"high"},"geometry":{"type":"LineString","coordinates":[[138.689622,-34.9844],[138.690361,-34.984589],[138.690696,-34.984676],[138.691252,-34.984861],[138.691486,-34.984953],[138.691766,-34.985095],[138.691976,-34.985217],[138.692508,-34.985568],[138.692703,-34.985701],[138.692906,-34.985841],[138.693217,-34.986055],[138.693368,-34.986174],[138.693742,-34.986532],[138.694004,-34.986845],[138.694244,-34.987172],[138.694451,-34.987497],[138.694549,-34.987672],[138.694619,-34.987812],[138.69473,-34.988053],[138.694904,-34.988508],[138.694976,-34.98877],[138.695046,-34.989078],[138.695101,-34.989413],[138.695125,-34.989744],[138.695114,-34.990075],[138.695097,-34.990402],[138.695069,-34.990716]]}},{"type":"Feature","properties":{"tier":"high"},"geometry":{"type":"LineString","coordinates":[[138.690823,-34.985205],[138.690713,-34.985075],[138.690603,-34.984963]]}},{"type":"Feature","properties":{"tier":"high"},"geometry":{"type":"LineString","coordinates":[[138.691407,-34.985974],[138.690823,-34.985205]]}},{"type":"Feature","properties":{"tier":"high"},"geometry":{"type":"LineString","coordinates":[[138.701087,-34.997655],[138.700673,-34.996765],[138.700625,-34.996644],[138.700516,-34.996393],[138.700386,-34.996122],[138.700368,-34.99609],[138.700016,-34.995588],[138.699996,-34.995563],[138.699923,-34.995471],[138.699647,-34.995223],[138.699357,-34.995022],[138.699087,-34.994849],[138.698831,-34.994685],[138.698755,-34.994637]]}},{"type":"Feature","properties":{"tier":"arterial"},"geometry":{"type":"LineString","coordinates":[[138.676537,-34.919178],[138.676569,-34.919196],[138.676592,-34.919221],[138.676604,-34.91925],[138.676604,-34.919281],[138.676592,-34.919309],[138.67657,-34.919334],[138.676539,-34.919351],[138.676504,-34.91936],[138.676473,-34.919359],[138.676444,-34.919353],[138.676417,-34.91934],[138.676396,-34.919322],[138.676379,-34.919294],[138.676374,-34.919263],[138.676381,-34.919232],[138.676399,-34.919205],[138.676427,-34.919185],[138.676463,-34.919173],[138.6765,-34.91917],[138.676537,-34.919178]]}},{"type":"Feature","properties":{"tier":"regional"},"geometry":{"type":"LineString","coordinates":[[138.682525,-34.91895],[138.68254,-34.919003],[138.682557,-34.919217],[138.682579,-34.919402],[138.682673,-34.920454],[138.682683,-34.920803],[138.682731,-34.921142],[138.68338,-34.922427],[138.683429,-34.922515],[138.683483,-34.922591],[138.683526,-34.922635],[138.683592,-34.922686],[138.683665,-34.922724],[138.683723,-34.922738],[138.683818,-34.922752],[138.683918,-34.922753],[138.684866,-34.922674],[138.685782,-34.922606],[138.686483,-34.922617],[138.686621,-34.922619],[138.686891,-34.922629],[138.687411,-34.922679],[138.688116,-34.92277],[138.68918,-34.922946],[138.689643,-34.923007],[138.690175,-34.923076],[138.691576,-34.923432],[138.692577,-34.923706],[138.692753,-34.923755],[138.693195,-34.923943],[138.69399,-34.924365],[138.694189,-34.924492],[138.694231,-34.924602],[138.69421,-34.925864],[138.694176,-34.926205],[138.693997,-34.926951],[138.69384,-34.927721],[138.693588,-34.929018],[138.693582,-34.9292],[138.693695,-34.929311],[138.694216,-34.929604],[138.694574,-34.929831],[138.694892,-34.930059],[138.695264,-34.930249],[138.695759,-34.930448],[138.696529,-34.931037],[138.697536,-34.931853]]}},{"type":"Feature","properties":{"tier":"regional"},"geometry":{"type":"LineString","coordinates":[[138.682525,-34.91895],[138.68266,-34.918901],[138.682787,-34.918843],[138.682873,-34.918787],[138.683175,-34.91849],[138.683444,-34.918167],[138.683512,-34.918076],[138.683932,-34.917474],[138.684174,-34.917027],[138.684229,-34.916529],[138.684278,-34.915793],[138.684324,-34.915615],[138.684383,-34.915443],[138.684552,-34.915115],[138.684635,-34.914979],[138.684719,-34.914861],[138.684813,-34.914743],[138.684941,-34.91462],[138.685048,-34.914522],[138.685094,-34.914481],[138.685154,-34.914402],[138.685181,-34.914339],[138.685191,-34.914288],[138.685174,-34.914187]]}},{"type":"Feature","properties":{"tier":"arterial"},"geometry":{"type":"LineString","coordinates":[[138.683545,-34.912791],[138.683792,-34.912813],[138.685067,-34.912914],[138.686157,-34.913022],[138.68792,-34.9132],[138.688225,-34.913262],[138.68848,-34.913334],[138.688707,-34.913419],[138.689569,-34.91384],[138.689814,-34.913943],[138.689914,-34.913985],[138.690274,-34.914102],[138.691272,-34.914387],[138.691627,-34.914488],[138.691901,-34.914588]]}},{"type":"Feature","properties":{"tier":"high"},"geometry":{"type":"LineString","coordinates":[[138.702848,-34.998959],[138.702719,-34.998971],[138.702653,-34.998981],[138.702608,-34.998989],[138.702574,-34.998998],[138.702541,-34.999009],[138.702513,-34.999021],[138.702488,-34.999034],[138.702459,-34.999049],[138.702438,-34.999069],[138.702423,-34.999086],[138.702411,-34.999104],[138.702399,-34.999127],[138.70239,-34.999153],[138.702382,-34.999182],[138.702377,-34.999216]]}},{"type":"Feature","properties":{"tier":"regional"},"geometry":{"type":"LineString","coordinates":[[138.648404,-34.901334],[138.648385,-34.901313],[138.648373,-34.901272],[138.648321,-34.900409],[138.648278,-34.899879],[138.648255,-34.899495],[138.64819,-34.898631],[138.64816,-34.898341],[138.648097,-34.897598],[138.648083,-34.897406],[138.648065,-34.897168],[138.648053,-34.897007],[138.64805,-34.896966],[138.648036,-34.896927]]}},{"type":"Feature","properties":{"tier":"regional"},"geometry":{"type":"LineString","coordinates":[[138.670942,-34.950606],[138.671001,-34.950626],[138.671468,-34.950986],[138.671841,-34.951237],[138.672228,-34.951509],[138.67239,-34.951649],[138.672516,-34.951812],[138.672611,-34.952014],[138.672692,-34.952265],[138.672757,-34.952504],[138.672807,-34.95283],[138.672801,-34.953207],[138.672728,-34.953536],[138.672533,-34.954066],[138.672504,-34.954204],[138.672513,-34.954307],[138.672791,-34.955043],[138.67285,-34.955339],[138.672805,-34.955612],[138.672806,-34.955909],[138.672829,-34.95603],[138.673024,-34.956476],[138.67368,-34.957611],[138.673778,-34.957746],[138.673878,-34.957826],[138.673977,-34.957878],[138.674328,-34.957992],[138.674434,-34.958029],[138.674783,-34.958184],[138.674981,-34.958325],[138.675101,-34.958507],[138.675396,-34.959163],[138.675585,-34.959397],[138.675875,-34.95965],[138.676036,-34.959827],[138.676081,-34.959915],[138.676115,-34.960042],[138.67611,-34.960329],[138.676074,-34.960484],[138.676068,-34.960806],[138.676026,-34.960987],[138.676027,-34.961202],[138.675986,-34.961419],[138.675985,-34.961931],[138.676018,-34.962076],[138.676126,-34.962292],[138.676738,-34.963218],[138.67678,-34.963317],[138.677001,-34.96424],[138.677069,-34.964385],[138.677232,-34.964602],[138.677481,-34.964858],[138.678009,-34.965339],[138.678074,-34.96539],[138.678202,-34.96548],[138.678652,-34.965724],[138.678709,-34.965755],[138.67875,-34.965792],[138.678804,-34.965839],[138.678947,-34.966013],[138.67928,-34.966457],[138.679379,-34.966589],[138.679424,-34.966667],[138.679493,-34.966774],[138.679696,-34.967371],[138.679787,-34.967559],[138.680112,-34.968131],[138.680126,-34.968214]]}},{"type":"Feature","properties":{"tier":"arterial"},"geometry":{"type":"LineString","coordinates":[[138.716609,-34.994522],[138.716576,-34.994534],[138.71653,-34.994536],[138.716476,-34.994519],[138.716452,-34.994501],[138.716432,-34.994473],[138.716425,-34.994434],[138.716437,-34.994395],[138.716466,-34.994364],[138.716505,-34.994346],[138.71654,-34.99434],[138.716586,-34.994346],[138.71663,-34.994369],[138.716654,-34.994397],[138.716665,-34.994432],[138.71666,-34.994466],[138.716643,-34.994495],[138.716609,-34.994522]]}},{"type":"Feature","properties":{"tier":"arterial"},"geometry":{"type":"LineString","coordinates":[[138.725407,-34.998594],[138.725147,-34.998363],[138.724602,-34.997921],[138.724479,-34.997832],[138.724118,-34.997646],[138.723871,-34.997549],[138.723633,-34.997482],[138.723301,-34.997425],[138.722888,-34.997376],[138.722636,-34.997319]]}},{"type":"Feature","properties":{"tier":"arterial"},"geometry":{"type":"LineString","coordinates":[[138.726379,-34.99935],[138.725407,-34.998594]]}},{"type":"Feature","properties":{"tier":"arterial"},"geometry":{"type":"LineString","coordinates":[[138.625134,-34.947605],[138.625119,-34.947462],[138.625064,-34.946953]]}},{"type":"Feature","properties":{"tier":"arterial"},"geometry":{"type":"LineString","coordinates":[[138.625143,-34.946679],[138.625152,-34.946948]]}},{"type":"Feature","properties":{"tier":"arterial"},"geometry":{"type":"LineString","coordinates":[[138.62498,-34.94009],[138.625212,-34.940078]]}},{"type":"Feature","properties":{"tier":"high"},"geometry":{"type":"LineString","coordinates":[[138.642269,-34.961228],[138.642593,-34.961573],[138.642897,-34.961954]]}},{"type":"Feature","properties":{"tier":"high"},"geometry":{"type":"LineString","coordinates":[[138.643359,-34.962741],[138.643473,-34.962679]]}},{"type":"Feature","properties":{"tier":"high"},"geometry":{"type":"LineString","coordinates":[[138.64703,-34.965179],[138.646895,-34.96501],[138.646846,-34.964916],[138.646852,-34.964808]]}},{"type":"Feature","properties":{"tier":"high"},"geometry":{"type":"LineString","coordinates":[[138.646852,-34.964808],[138.64677,-34.964867],[138.646654,-34.964888],[138.646493,-34.964867]]}},{"type":"Feature","properties":{"tier":"arterial"},"geometry":{"type":"LineString","coordinates":[[138.703153,-34.996742],[138.703085,-34.996884],[138.703073,-34.996915],[138.703068,-34.996933],[138.703064,-34.996946],[138.703057,-34.996979],[138.703057,-34.997031]]}},{"type":"Feature","properties":{"tier":"arterial"},"geometry":{"type":"LineString","coordinates":[[138.703065,-34.997045],[138.703068,-34.997065],[138.703067,-34.997084],[138.703064,-34.997097],[138.703056,-34.997113],[138.703043,-34.997128],[138.703027,-34.997141],[138.703006,-34.997154],[138.702989,-34.997162]]}},{"type":"Feature","properties":{"tier":"arterial"},"geometry":{"type":"LineString","coordinates":[[138.702886,-34.996972],[138.702941,-34.996933],[138.702965,-34.996911],[138.702971,-34.996905],[138.702985,-34.99689],[138.703011,-34.996859],[138.703085,-34.996721]]}},{"type":"Feature","properties":{"tier":"arterial"},"geometry":{"type":"LineString","coordinates":[[138.702216,-34.998742],[138.70224,-34.998778],[138.702244,-34.998791],[138.702239,-34.998837],[138.702231,-34.998856]]}},{"type":"Feature","properties":{"tier":"arterial"},"geometry":{"type":"LineString","coordinates":[[138.702628,-34.997846],[138.702623,-34.997856],[138.702565,-34.997975],[138.702513,-34.998086],[138.702436,-34.998233]]}},{"type":"Feature","properties":{"tier":"arterial"},"geometry":{"type":"LineString","coordinates":[[138.702436,-34.998233],[138.702396,-34.998305],[138.702363,-34.998362],[138.702324,-34.998418],[138.702282,-34.998482]]}},{"type":"Feature","properties":{"tier":"arterial"},"geometry":{"type":"LineString","coordinates":[[138.702336,-34.998204],[138.702417,-34.99804],[138.702488,-34.997907],[138.702538,-34.997805]]}},{"type":"Feature","properties":{"tier":"arterial"},"geometry":{"type":"LineString","coordinates":[[138.702787,-34.997335],[138.702803,-34.997304],[138.702816,-34.997275],[138.702827,-34.997237],[138.702832,-34.997198],[138.702834,-34.997126]]}},{"type":"Feature","properties":{"tier":"arterial"},"geometry":{"type":"LineString","coordinates":[[138.7028,-35.00002],[138.70273,-34.999888],[138.70243,-34.99942],[138.702369,-34.999328],[138.702344,-34.999282],[138.702308,-34.999217],[138.702263,-34.999123],[138.702231,-34.999053],[138.702214,-34.999026],[138.702196,-34.999],[138.702189,-34.998992],[138.702176,-34.998976],[138.70215,-34.99895],[138.702125,-34.99893],[138.702073,-34.998897]]}},{"type":"Feature","properties":{"tier":"arterial"},"geometry":{"type":"LineString","coordinates":[[138.726585,-34.999524],[138.726527,-34.999458],[138.726379,-34.99935]]}},{"type":"Feature","properties":{"tier":"arterial"},"geometry":{"type":"LineString","coordinates":[[138.673773,-34.88155],[138.673783,-34.881692],[138.673818,-34.882195],[138.673822,-34.882253],[138.673845,-34.882586],[138.673882,-34.883169],[138.673901,-34.883441]]}},{"type":"Feature","properties":{"tier":"arterial"},"geometry":{"type":"LineString","coordinates":[[138.625328,-34.992747],[138.62537,-34.992743],[138.625427,-34.992737],[138.625539,-34.99276],[138.626291,-34.992905],[138.626541,-34.992918],[138.626751,-34.992959],[138.626881,-34.993027],[138.62708,-34.993158],[138.627255,-34.993241],[138.627377,-34.993255],[138.627558,-34.993266],[138.627689,-34.993309],[138.627776,-34.993383],[138.627828,-34.993436],[138.62793,-34.993614],[138.628057,-34.993784],[138.628291,-34.994077],[138.62839,-34.994229],[138.628718,-34.994584],[138.628751,-34.994649],[138.628866,-34.995038],[138.628918,-34.995073],[138.629002,-34.995091],[138.629135,-34.995078],[138.629295,-34.995049],[138.629467,-34.995039],[138.629575,-34.99505],[138.629668,-34.995088],[138.629763,-34.995151],[138.62979,-34.995192],[138.629818,-34.995234],[138.629825,-34.995345],[138.629794,-34.99548],[138.629711,-34.995664],[138.629626,-34.99581],[138.629572,-34.995937],[138.629554,-34.996042],[138.629549,-34.996194],[138.629577,-34.996342],[138.629609,-34.9964]]}},{"type":"Feature","properties":{"tier":"arterial"},"geometry":{"type":"LineString","coordinates":[[138.631003,-34.99822],[138.632307,-34.998759],[138.632458,-34.998881],[138.632509,-34.99911],[138.632578,-35.00002]]}},{"type":"Feature","properties":{"tier":"arterial"},"geometry":{"type":"LineString","coordinates":[[138.68413,-34.900508],[138.684124,-34.900486],[138.684128,-34.900463],[138.68414,-34.900442],[138.684161,-34.900423],[138.684189,-34.900411],[138.684219,-34.900408],[138.68425,-34.900413],[138.684276,-34.900426],[138.684294,-34.900442],[138.684305,-34.900461],[138.684309,-34.900483],[138.684305,-34.900504],[138.684295,-34.900523],[138.684278,-34.90054],[138.684256,-34.900552],[138.684226,-34.900558],[138.684194,-34.900557],[138.684166,-34.900546],[138.684143,-34.900529],[138.68413,-34.900508]]}},{"type":"Feature","properties":{"tier":"arterial"},"geometry":{"type":"LineString","coordinates":[[138.681282,-34.912756],[138.681278,-34.912715],[138.681274,-34.91265],[138.681284,-34.912588],[138.681309,-34.91254],[138.681336,-34.912494],[138.68176,-34.911813]]}},{"type":"Feature","properties":{"tier":"arterial"},"geometry":{"type":"LineString","coordinates":[[138.697898,-34.921281],[138.698739,-34.921729],[138.69882,-34.921754],[138.69897,-34.921772],[138.699079,-34.921769],[138.699303,-34.921735],[138.699727,-34.921629],[138.70013,-34.921626],[138.700529,-34.921659],[138.700758,-34.92166],[138.700973,-34.921634],[138.701411,-34.921535],[138.701562,-34.921519],[138.701867,-34.921534],[138.702554,-34.921633],[138.702793,-34.921641],[138.703268,-34.921609],[138.703833,-34.921686],[138.704335,-34.921695],[138.704691,-34.921725],[138.70533,-34.921823],[138.705558,-34.921834],[138.705831,-34.921818],[138.706105,-34.921821],[138.706746,-34.921868],[138.707353,-34.921759],[138.707895,-34.921559],[138.708387,-34.921426],[138.708603,-34.921323],[138.708912,-34.921112],[138.709113,-34.921008],[138.709222,-34.92097],[138.709349,-34.920949],[138.709499,-34.920953],[138.710057,-34.921053],[138.710439,-34.92106],[138.71072,-34.921045],[138.711121,-34.921075],[138.711383,-34.921122],[138.712383,-34.921358],[138.712856,-34.92144],[138.713354,-34.92146],[138.713764,-34.921448],[138.714108,-34.92148],[138.714511,-34.921547],[138.714663,-34.921555],[138.71497,-34.921554],[138.715241,-34.921536],[138.715525,-34.921542],[138.71563,-34.921562],[138.715914,-34.921654],[138.71608,-34.92169],[138.716189,-34.921696],[138.716451,-34.921692],[138.716952,-34.921628],[138.717113,-34.92164],[138.717235,-34.921675],[138.717379,-34.921754],[138.717479,-34.921835],[138.717637,-34.921998]]}},{"type":"Feature","properties":{"tier":"arterial"},"geometry":{"type":"LineString","coordinates":[[138.72417,-34.923662],[138.724228,-34.923581],[138.724265,-34.9235],[138.724292,-34.923353],[138.724295,-34.923239],[138.724319,-34.923156],[138.724343,-34.923105],[138.724377,-34.923047],[138.724443,-34.922985],[138.724509,-34.922949],[138.724738,-34.922867],[138.724816,-34.922837]]}},{"type":"Feature","properties":{"tier":"arterial"},"geometry":{"type":"LineString","coordinates":[[138.667919,-34.925464],[138.667921,-34.925452],[138.667936,-34.925427],[138.667961,-34.925408],[138.667993,-34.925397],[138.668027,-34.925396],[138.66806,-34.925404],[138.668087,-34.925421],[138.668104,-34.925451],[138.668111,-34.925462],[138.668111,-34.92549],[138.668099,-34.925516],[138.668077,-34.925537],[138.668047,-34.925551]]}},{"type":"Feature","properties":{"tier":"arterial"},"geometry":{"type":"LineString","coordinates":[[138.656249,-34.889607],[138.655527,-34.88989],[138.655363,-34.889955]]}},{"type":"Feature","properties":{"tier":"arterial"},"geometry":{"type":"LineString","coordinates":[[138.638419,-34.897099],[138.638503,-34.897007]]}},{"type":"Feature","properties":{"tier":"arterial"},"geometry":{"type":"LineString","coordinates":[[138.735304,-35.00002],[138.734949,-34.999886],[138.7345,-34.999715],[138.734104,-34.999488],[138.733793,-34.999316],[138.733464,-34.99922],[138.7331,-34.99919]]}},{"type":"Feature","properties":{"tier":"arterial"},"geometry":{"type":"LineString","coordinates":[[138.689508,-34.9845],[138.689321,-34.984416],[138.689122,-34.984304],[138.688903,-34.98414],[138.688588,-34.983845],[138.688427,-34.983647],[138.688319,-34.983498],[138.688216,-34.983329],[138.688123,-34.983204],[138.688044,-34.983033],[138.687992,-34.982853],[138.687957,-34.982665],[138.687909,-34.982401],[138.687861,-34.982242],[138.6878,-34.982092],[138.687621,-34.981825],[138.687459,-34.981622],[138.687239,-34.981321],[138.687135,-34.981148],[138.687007,-34.980839],[138.686924,-34.980647],[138.686801,-34.98033],[138.686768,-34.980249],[138.686726,-34.980154],[138.686647,-34.979933]]}},{"type":"Feature","properties":{"tier":"arterial"},"geometry":{"type":"LineString","coordinates":[[138.645313,-34.893953],[138.644873,-34.894133]]}},{"type":"Feature","properties":{"tier":"arterial"},"geometry":{"type":"LineString","coordinates":[[138.700898,-34.886026],[138.700775,-34.884162],[138.700743,-34.883753],[138.700659,-34.882665],[138.70064,-34.882363],[138.700631,-34.882214],[138.700552,-34.880986],[138.700515,-34.880441],[138.700402,-34.878778]]}},{"type":"Feature","properties":{"tier":"regional"},"geometry":{"type":"LineString","coordinates":[[138.729503,-34.943432],[138.729205,-34.943379],[138.729,-34.943349],[138.728825,-34.943334],[138.728734,-34.943326],[138.728626,-34.943325],[138.72846,-34.943324],[138.728321,-34.943323],[138.727982,-34.943366],[138.727476,-34.943482],[138.727339,-34.943534],[138.727278,-34.943608],[138.727256,-34.943707],[138.72727,-34.943978],[138.727249,-34.94407],[138.727237,-34.944122],[138.727141,-34.944247],[138.727039,-34.944347],[138.726997,-34.944389],[138.726902,-34.944449],[138.726718,-34.944528],[138.726519,-34.944576],[138.726121,-34.944603],[138.725952,-34.944629],[138.725816,-34.944674],[138.725699,-34.944771],[138.725635,-34.944897],[138.725472,-34.945343],[138.725413,-34.945438],[138.725297,-34.945545],[138.725187,-34.945602],[138.72505,-34.945652],[138.724862,-34.945664],[138.724426,-34.945602],[138.724256,-34.945632],[138.724178,-34.945662],[138.723796,-34.945888],[138.72365,-34.945969],[138.723534,-34.946083],[138.72348,-34.9462],[138.723459,-34.94635],[138.723448,-34.946664],[138.723396,-34.946828],[138.723297,-34.946945],[138.723138,-34.947068],[138.722662,-34.947356],[138.722539,-34.947444],[138.722449,-34.947554],[138.722426,-34.947623],[138.722425,-34.947702],[138.722547,-34.948008],[138.722601,-34.9482],[138.722614,-34.948316],[138.722595,-34.948583],[138.722535,-34.948698],[138.722453,-34.948793],[138.722331,-34.948896],[138.721899,-34.949214],[138.721777,-34.949328],[138.721736,-34.949391],[138.721707,-34.949503],[138.721746,-34.949688],[138.721892,-34.950015],[138.721952,-34.95016],[138.721993,-34.950285],[138.721982,-34.950405],[138.721848,-34.950664],[138.721802,-34.950777],[138.721789,-34.95092],[138.721838,-34.951194],[138.722004,-34.951885],[138.722013,-34.951983],[138.721997,-34.952108],[138.721956,-34.952209],[138.72188,-34.952295],[138.721729,-34.952384],[138.721483,-34.952483],[138.721246,-34.952551],[138.721105,-34.952565],[138.720842,-34.952567],[138.720473,-34.95253],[138.720299,-34.952534],[138.720186,-34.952556],[138.720067,-34.95264],[138.719836,-34.952858],[138.719172,-34.953351],[138.719113,-34.953425],[138.719062,-34.953542],[138.719033,-34.953693],[138.718946,-34.95434],[138.718788,-34.955574],[138.718718,-34.95617]]}},{"type":"Feature","properties":{"tier":"regional"},"geometry":{"type":"LineString","coordinates":[[138.666826,-34.958747],[138.666878,-34.958682],[138.666915,-34.958606],[138.66693,-34.958466],[138.666915,-34.958318],[138.666895,-34.958221],[138.666864,-34.958123],[138.666831,-34.958022],[138.666782,-34.95792],[138.666721,-34.957821],[138.666618,-34.957712],[138.666039,-34.957274],[138.665906,-34.957177],[138.665779,-34.957107],[138.665624,-34.957046],[138.665614,-34.957043],[138.665312,-34.95697],[138.665002,-34.956918],[138.664741,-34.95692],[138.664497,-34.95695],[138.664197,-34.95696],[138.664074,-34.956946],[138.66389,-34.956902],[138.663865,-34.956899],[138.663839,-34.956903],[138.663822,-34.95691],[138.663805,-34.95692],[138.663795,-34.956935],[138.66379,-34.956952],[138.663789,-34.956964],[138.663792,-34.956974],[138.663795,-34.956983],[138.6638,-34.956995],[138.663809,-34.957011],[138.663826,-34.957021],[138.663845,-34.957029],[138.664016,-34.95709],[138.664206,-34.957131],[138.664635,-34.957193],[138.664712,-34.957212],[138.664786,-34.957237],[138.664864,-34.957282],[138.664919,-34.957332],[138.665089,-34.957509],[138.665234,-34.957695],[138.665253,-34.957758],[138.665262,-34.957792],[138.66526,-34.957828],[138.665261,-34.957855],[138.66525,-34.957881],[138.665219,-34.957913],[138.665181,-34.957942],[138.665119,-34.957958],[138.665053,-34.957966],[138.664802,-34.957952],[138.664478,-34.957936],[138.664024,-34.957993],[138.663907,-34.958029],[138.663854,-34.958054],[138.663809,-34.958089],[138.663732,-34.958177],[138.663686,-34.958259],[138.663635,-34.958288],[138.663569,-34.958294],[138.663513,-34.95827],[138.663472,-34.95823],[138.66329,-34.957974],[138.663123,-34.957795],[138.66295,-34.957684],[138.662841,-34.957622],[138.662612,-34.95751],[138.662466,-34.957452],[138.66235,-34.95743],[138.662237,-34.957417],[138.661876,-34.957394],[138.661678,-34.957364],[138.661372,-34.957319],[138.660956,-34.957197],[138.660766,-34.957155],[138.66057,-34.957105],[138.660402,-34.957001],[138.66026,-34.956887],[138.660052,-34.95675],[138.659821,-34.956656],[138.659657,-34.956603],[138.659445,-34.956537],[138.659201,-34.956422],[138.658885,-34.956204],[138.658568,-34.955938],[138.658366,-34.95575],[138.658112,-34.955515]]}},{"type":"Feature","properties":{"tier":"regional"},"geometry":{"type":"LineString","coordinates":[[138.656046,-34.953582],[138.655975,-34.953547],[138.65569,-34.953398],[138.654789,-34.952857],[138.654291,-34.952575],[138.65363,-34.952245],[138.653176,-34.951977],[138.65297,-34.951872],[138.652786,-34.951811],[138.652494,-34.951831],[138.652389,-34.951839]]}},{"type":"Feature","properties":{"tier":"arterial"},"geometry":{"type":"LineString","coordinates":[[138.662948,-34.879343],[138.662613,-34.879878],[138.662346,-34.880304]]}},{"type":"Feature","properties":{"tier":"arterial"},"geometry":{"type":"LineString","coordinates":[[138.658654,-34.938415],[138.658458,-34.938423],[138.658446,-34.938423],[138.658313,-34.938431],[138.657811,-34.938464],[138.657688,-34.93844]]}},{"type":"Feature","properties":{"tier":"arterial"},"geometry":{"type":"LineString","coordinates":[[138.6765,-34.91917],[138.676495,-34.919098],[138.676435,-34.918278],[138.676422,-34.918129],[138.676366,-34.917333],[138.676256,-34.915848],[138.676248,-34.91571],[138.676185,-34.914919]]}},{"type":"Feature","properties":{"tier":"arterial"},"geometry":{"type":"LineString","coordinates":[[138.7331,-34.99919],[138.733224,-34.999102],[138.735265,-34.997738],[138.73607,-34.99722],[138.73644,-34.996809],[138.736649,-34.996122]]}},{"type":"Feature","properties":{"tier":"high"},"geometry":{"type":"LineString","coordinates":[[138.737358,-34.994796],[138.736783,-34.994745]]}},{"type":"Feature","properties":{"tier":"high"},"geometry":{"type":"LineString","coordinates":[[138.736931,-34.994432],[138.737476,-34.994494]]}},{"type":"Feature","properties":{"tier":"regional"},"geometry":{"type":"LineString","coordinates":[[138.743243,-34.985564],[138.743245,-34.985549],[138.743257,-34.985466],[138.74332,-34.985301],[138.743749,-34.984924],[138.743668,-34.984753],[138.743683,-34.984556],[138.74364,-34.984351],[138.743368,-34.983855],[138.743326,-34.983684],[138.743373,-34.983471],[138.743469,-34.983294],[138.743602,-34.983143],[138.743912,-34.983031],[138.744104,-34.983039],[138.744749,-34.983174],[138.74546,-34.983295],[138.746066,-34.98356],[138.747024,-34.984341],[138.747779,-34.984499],[138.748155,-34.984562],[138.748627,-34.984531],[138.748771,-34.98419],[138.74885,-34.983496],[138.748909,-34.982813],[138.749146,-34.982506],[138.749493,-34.982443],[138.75002,-34.982515]]}},{"type":"Feature","properties":{"tier":"arterial"},"geometry":{"type":"LineString","coordinates":[[138.688391,-34.877206],[138.6883,-34.877174],[138.68814,-34.877105],[138.687785,-34.876943],[138.687398,-34.876755],[138.686241,-34.876193],[138.685934,-34.876054],[138.685685,-34.875959],[138.685547,-34.875909],[138.68532,-34.875852],[138.685078,-34.875813],[138.684843,-34.875796],[138.684502,-34.8758],[138.684278,-34.875811],[138.684001,-34.875825],[138.683829,-34.875833],[138.683572,-34.875847],[138.68336,-34.875858]]}},{"type":"Feature","properties":{"tier":"arterial"},"geometry":{"type":"LineString","coordinates":[[138.651319,-34.926411],[138.652056,-34.926374],[138.652479,-34.926352],[138.652611,-34.926345],[138.652806,-34.926335],[138.653547,-34.926297],[138.653758,-34.926287],[138.654382,-34.926255],[138.655004,-34.926223],[138.655707,-34.926187],[138.655747,-34.926185],[138.656468,-34.926148],[138.657107,-34.926116],[138.657976,-34.926071],[138.658588,-34.92604],[138.659062,-34.926016],[138.659104,-34.926013],[138.659223,-34.926007],[138.659343,-34.926001],[138.659383,-34.925999],[138.660624,-34.925929],[138.661184,-34.925901],[138.661452,-34.925888],[138.661968,-34.925863],[138.662388,-34.925842],[138.662611,-34.925834],[138.662796,-34.925825],[138.662915,-34.925819],[138.663326,-34.925798],[138.66388,-34.925769],[138.664715,-34.925727],[138.664912,-34.925717],[138.666073,-34.925657],[138.667439,-34.925588]]}},{"type":"Feature","properties":{"tier":"arterial"},"geometry":{"type":"LineString","coordinates":[[138.659176,-34.925383],[138.659148,-34.924968],[138.659103,-34.924339],[138.659074,-34.923937],[138.659016,-34.92316],[138.659008,-34.92307],[138.658837,-34.920995]]}},{"type":"Feature","properties":{"tier":"arterial"},"geometry":{"type":"LineString","coordinates":[[138.668812,-34.934733],[138.668863,-34.935284],[138.668915,-34.93595],[138.668924,-34.936011],[138.66899,-34.936829]]}},{"type":"Feature","properties":{"tier":"regional"},"geometry":{"type":"LineString","coordinates":[[138.660628,-34.944497],[138.660589,-34.943934],[138.660494,-34.94281],[138.660423,-34.941837],[138.660403,-34.941604]]}},{"type":"Feature","properties":{"tier":"arterial"},"geometry":{"type":"LineString","coordinates":[[138.668189,-34.919593],[138.666977,-34.919654],[138.6657,-34.919716],[138.665608,-34.919719],[138.664242,-34.919788],[138.663481,-34.919823],[138.662885,-34.919852],[138.66237,-34.919879],[138.662285,-34.919884],[138.661514,-34.91992]]}},{"type":"Feature","properties":{"tier":"arterial"},"geometry":{"type":"LineString","coordinates":[[138.743243,-34.985564],[138.743026,-34.985425],[138.742827,-34.985225],[138.742601,-34.984886],[138.742402,-34.984781],[138.742197,-34.98469]]}},{"type":"Feature","properties":{"tier":"regional"},"geometry":{"type":"LineString","coordinates":[[138.74343,-34.955535],[138.74304,-34.956111],[138.742818,-34.956508],[138.742696,-34.956791],[138.742585,-34.957212],[138.742479,-34.957443],[138.742125,-34.957997],[138.741866,-34.958695],[138.741671,-34.959201],[138.741615,-34.959349],[138.741389,-34.959901],[138.741196,-34.960434],[138.741082,-34.960716],[138.740967,-34.962202],[138.740945,-34.963256],[138.740943,-34.963344],[138.740957,-34.964129],[138.740958,-34.964207],[138.740921,-34.964836]]}},{"type":"Feature","properties":{"tier":"arterial"},"geometry":{"type":"LineString","coordinates":[[138.665258,-34.974395],[138.665167,-34.974504],[138.665143,-34.974528],[138.66512,-34.974547],[138.665093,-34.974567]]}},{"type":"Feature","properties":{"tier":"regional"},"geometry":{"type":"LineString","coordinates":[[138.729503,-34.943432],[138.72948,-34.943481],[138.729005,-34.944418],[138.728937,-34.944615],[138.728884,-34.944913],[138.728882,-34.94497],[138.728859,-34.945403],[138.728834,-34.946599],[138.728756,-34.947786],[138.728726,-34.948235],[138.728684,-34.948864],[138.728679,-34.948916],[138.728567,-34.950241],[138.728555,-34.950347],[138.728489,-34.950949],[138.728475,-34.951081],[138.728326,-34.952443],[138.728293,-34.952773],[138.728276,-34.95294],[138.728171,-34.953841],[138.728157,-34.953955]]}},{"type":"Feature","properties":{"tier":"regional"},"geometry":{"type":"LineString","coordinates":[[138.729503,-34.943432],[138.729856,-34.943534],[138.73072,-34.943818],[138.730923,-34.943855],[138.731076,-34.943862],[138.731379,-34.943838],[138.731636,-34.943794],[138.732005,-34.943684],[138.732508,-34.943447],[138.732705,-34.943334],[138.733152,-34.942945],[138.733851,-34.942379],[138.734156,-34.94208],[138.734319,-34.94192],[138.734461,-34.941823],[138.734904,-34.941648],[138.735205,-34.9415],[138.735952,-34.941061],[138.736461,-34.940781],[138.736741,-34.940594],[138.736858,-34.940488],[138.736986,-34.940342],[138.737156,-34.940111],[138.737267,-34.939946],[138.737381,-34.939774]]}},{"type":"Feature","properties":{"tier":"arterial"},"geometry":{"type":"LineString","coordinates":[[138.732561,-34.931613],[138.732548,-34.931737],[138.732584,-34.931868],[138.732651,-34.931989],[138.732865,-34.932159],[138.733437,-34.93242],[138.733837,-34.932623],[138.734354,-34.932817],[138.734495,-34.932885],[138.73457,-34.932937],[138.734694,-34.933062],[138.735067,-34.933762],[138.735218,-34.93395],[138.73555,-34.934361],[138.735648,-34.934606],[138.735734,-34.93476],[138.735822,-34.934851],[138.736044,-34.935024],[138.736284,-34.935244],[138.736425,-34.935414],[138.73655,-34.935641],[138.73661,-34.935895],[138.736589,-34.936243],[138.736478,-34.936615],[138.736337,-34.937182],[138.736249,-34.937384],[138.736029,-34.937765],[138.735899,-34.937942],[138.735618,-34.93825],[138.735507,-34.938415],[138.735352,-34.93872],[138.735328,-34.938861],[138.735342,-34.938939],[138.735393,-34.939016],[138.735468,-34.939064],[138.735949,-34.939184],[138.736606,-34.939402],[138.737381,-34.939774],[138.737436,-34.9398],[138.73754,-34.93986],[138.737598,-34.939913],[138.737665,-34.940005],[138.737722,-34.940146],[138.737786,-34.940247],[138.737883,-34.940345]]}},{"type":"Feature","properties":{"tier":"arterial"},"geometry":{"type":"LineString","coordinates":[[138.730317,-34.927872],[138.73047,-34.927954],[138.730588,-34.927985],[138.731061,-34.928047],[138.731257,-34.928074],[138.731335,-34.928098],[138.731401,-34.928148],[138.731442,-34.928181],[138.73147,-34.928224],[138.731508,-34.92838],[138.731577,-34.929024]]}},{"type":"Feature","properties":{"tier":"arterial"},"geometry":{"type":"LineString","coordinates":[[138.625991,-34.977628],[138.625639,-34.977723],[138.625403,-34.977814],[138.625216,-34.977927]]}},{"type":"Feature","properties":{"tier":"regional"},"geometry":{"type":"LineString","coordinates":[[138.731577,-34.929024],[138.731529,-34.929046],[138.731401,-34.92922],[138.731107,-34.929497],[138.731034,-34.929587],[138.730711,-34.930051],[138.730658,-34.930149],[138.73065,-34.93023],[138.73067,-34.930305],[138.730731,-34.930379],[138.730824,-34.93042],[138.731153,-34.930497],[138.731299,-34.930557],[138.731521,-34.930678],[138.731623,-34.930776],[138.731707,-34.930923],[138.731769,-34.931047],[138.731869,-34.931375],[138.731908,-34.931648],[138.731921,-34.931951],[138.731913,-34.932299],[138.731849,-34.932435],[138.731746,-34.932561],[138.731448,-34.932801],[138.731339,-34.932923],[138.731287,-34.933038],[138.731273,-34.933131],[138.731292,-34.933256],[138.731339,-34.933374],[138.731393,-34.93344],[138.731503,-34.933526],[138.731637,-34.933584],[138.732183,-34.933687],[138.732318,-34.933742],[138.732394,-34.933793],[138.73261,-34.934004]]}},{"type":"Feature","properties":{"tier":"arterial"},"geometry":{"type":"LineString","coordinates":[[138.656526,-34.889256],[138.656714,-34.888974],[138.656887,-34.888708]]}},{"type":"Feature","properties":{"tier":"arterial"},"geometry":{"type":"LineString","coordinates":[[138.74677,-34.942267],[138.746949,-34.942151],[138.74717,-34.94205],[138.747421,-34.941965],[138.747697,-34.941914],[138.748488,-34.941835],[138.748896,-34.941739],[138.749399,-34.941495],[138.749923,-34.94124],[138.75002,-34.941199]]}},{"type":"Feature","properties":{"tier":"regional"},"geometry":{"type":"LineString","coordinates":[[138.658564,-34.944621],[138.658548,-34.944655],[138.658517,-34.944682],[138.658473,-34.944697],[138.658415,-34.944695],[138.65838,-34.94468],[138.658353,-34.944657],[138.658337,-34.944629],[138.658333,-34.944609],[138.658338,-34.944576],[138.658354,-34.94455],[138.65837,-34.944537],[138.658383,-34.944526],[138.658421,-34.944512],[138.65846,-34.944509],[138.658498,-34.944517],[138.658532,-34.944537],[138.658556,-34.944566],[138.658563,-34.944584],[138.658564,-34.944621]]}},{"type":"Feature","properties":{"tier":"regional"},"geometry":{"type":"LineString","coordinates":[[138.654683,-34.950952],[138.65466,-34.950971],[138.654632,-34.950983]]}},{"type":"Feature","properties":{"tier":"arterial"},"geometry":{"type":"LineString","coordinates":[[138.705003,-34.911826],[138.704899,-34.911795],[138.704794,-34.911734],[138.704085,-34.911291],[138.703743,-34.911097],[138.703542,-34.911005],[138.703295,-34.910915],[138.701427,-34.910357],[138.701259,-34.910288],[138.700688,-34.909997],[138.700361,-34.909876],[138.700027,-34.909772],[138.699904,-34.909721],[138.699814,-34.909657],[138.699547,-34.909414],[138.699298,-34.909302],[138.698972,-34.909232],[138.698645,-34.909197],[138.698494,-34.909157],[138.69836,-34.909089],[138.698118,-34.908911],[138.697709,-34.908611],[138.697425,-34.908429],[138.697107,-34.908254],[138.696819,-34.908124],[138.696621,-34.908054],[138.696531,-34.908044],[138.696461,-34.908051],[138.696401,-34.908069],[138.696325,-34.908118],[138.696259,-34.90821],[138.696231,-34.908296],[138.696226,-34.908484],[138.69625,-34.908635],[138.696286,-34.908738],[138.696364,-34.908856],[138.696969,-34.909302],[138.697538,-34.909636],[138.697639,-34.909714],[138.697712,-34.909779],[138.697747,-34.909852],[138.697714,-34.909963],[138.697635,-34.910041],[138.697512,-34.910114],[138.697236,-34.9102],[138.696401,-34.910381],[138.696104,-34.91047],[138.695958,-34.910547],[138.695902,-34.910601],[138.695855,-34.910668],[138.695848,-34.910753],[138.695889,-34.910828],[138.69597,-34.910924],[138.696246,-34.911152],[138.696695,-34.911406],[138.697265,-34.911768],[138.697604,-34.91197],[138.697718,-34.912051],[138.697804,-34.912145],[138.697938,-34.912333],[138.698017,-34.912453],[138.698027,-34.912514],[138.698021,-34.912559],[138.697999,-34.912599],[138.697966,-34.912629],[138.69792,-34.912648],[138.697858,-34.91265],[138.697788,-34.912632],[138.697619,-34.912544],[138.697399,-34.912423],[138.697208,-34.912322],[138.697116,-34.912286],[138.696985,-34.912263],[138.696658,-34.912229],[138.696548,-34.91221],[138.696451,-34.912166],[138.696077,-34.911969],[138.695184,-34.91161],[138.694769,-34.911404],[138.69455,-34.911272],[138.694393,-34.911151],[138.694242,-34.910993],[138.694146,-34.910821],[138.693913,-34.910386],[138.693818,-34.910245],[138.693493,-34.909829]]}},{"type":"Feature","properties":{"tier":"regional"},"geometry":{"type":"LineString","coordinates":[[138.633973,-34.945783],[138.633976,-34.945775],[138.633996,-34.945754],[138.634013,-34.945745]]}},{"type":"Feature","properties":{"tier":"high"},"geometry":{"type":"LineString","coordinates":[[138.67107,-34.968222],[138.671093,-34.9682],[138.671107,-34.96818],[138.671118,-34.968159],[138.671124,-34.968139],[138.671126,-34.968118],[138.671123,-34.968097],[138.671117,-34.968075],[138.671109,-34.968059],[138.671097,-34.968039],[138.67108,-34.96802],[138.671059,-34.968003],[138.671034,-34.967984],[138.67099,-34.967958],[138.670931,-34.967928],[138.670632,-34.967791],[138.670427,-34.967706],[138.670231,-34.967628],[138.670009,-34.967549],[138.66984,-34.967494],[138.669558,-34.967412],[138.669305,-34.967353],[138.668174,-34.967138]]}},{"type":"Feature","properties":{"tier":"arterial"},"geometry":{"type":"LineString","coordinates":[[138.667606,-34.968487],[138.66764,-34.968145]]}},{"type":"Feature","properties":{"tier":"arterial"},"geometry":{"type":"LineString","coordinates":[[138.67107,-34.968222],[138.671091,-34.968259],[138.671147,-34.968361],[138.671162,-34.968401]]}},{"type":"Feature","properties":{"tier":"high"},"geometry":{"type":"LineString","coordinates":[[138.671681,-34.968157],[138.671476,-34.968052]]}},{"type":"Feature","properties":{"tier":"high"},"geometry":{"type":"LineString","coordinates":[[138.671699,-34.968026],[138.6722,-34.968278],[138.672531,-34.968456],[138.672852,-34.968645],[138.673171,-34.968843],[138.673343,-34.968956],[138.673472,-34.969039],[138.673766,-34.969248],[138.67406,-34.969469],[138.674339,-34.969696],[138.674611,-34.969935],[138.674869,-34.970181],[138.675108,-34.970435],[138.675345,-34.970703],[138.675558,-34.970971],[138.675753,-34.97124],[138.67595,-34.971533],[138.676127,-34.971831],[138.67628,-34.972123],[138.676425,-34.972428],[138.676553,-34.97273],[138.676696,-34.973072]]}},{"type":"Feature","properties":{"tier":"high"},"geometry":{"type":"LineString","coordinates":[[138.671432,-34.967905],[138.671699,-34.968026]]}},{"type":"Feature","properties":{"tier":"high"},"geometry":{"type":"LineString","coordinates":[[138.660377,-34.970586],[138.6603,-34.970607],[138.660231,-34.970621],[138.660121,-34.970625],[138.660035,-34.970625],[138.65985,-34.970609],[138.659552,-34.970615],[138.659383,-34.97062],[138.659245,-34.97063],[138.65911,-34.970647]]}},{"type":"Feature","properties":{"tier":"regional"},"geometry":{"type":"LineString","coordinates":[[138.660114,-34.969517],[138.660422,-34.969903]]}},{"type":"Feature","properties":{"tier":"high"},"geometry":{"type":"LineString","coordinates":[[138.647726,-34.965663],[138.647638,-34.965603],[138.647355,-34.965382]]}},{"type":"Feature","properties":{"tier":"regional"},"geometry":{"type":"LineString","coordinates":[[138.655535,-34.970849],[138.654909,-34.971091],[138.654791,-34.971125],[138.654514,-34.971153],[138.654221,-34.971148],[138.654035,-34.971131],[138.653854,-34.971092],[138.653778,-34.971068],[138.653717,-34.971042],[138.653634,-34.970988],[138.653574,-34.97092],[138.653538,-34.97086],[138.65352,-34.970793],[138.653514,-34.970745],[138.653513,-34.9707],[138.653517,-34.97066],[138.653525,-34.970614],[138.653549,-34.970543],[138.653621,-34.970407],[138.653709,-34.970246],[138.653733,-34.970158],[138.653749,-34.970063],[138.653724,-34.969836],[138.65371,-34.969691],[138.653711,-34.969597],[138.65372,-34.969516],[138.653746,-34.969434],[138.65377,-34.969381],[138.653799,-34.969342],[138.65383,-34.969311],[138.65388,-34.969276],[138.653921,-34.969252],[138.654087,-34.969198],[138.654259,-34.969154],[138.654314,-34.969135],[138.654358,-34.969115],[138.654426,-34.969057],[138.654458,-34.969012],[138.65448,-34.968957],[138.654492,-34.968909],[138.654492,-34.968857],[138.654483,-34.968752],[138.654461,-34.968663],[138.654441,-34.968583],[138.654402,-34.968429],[138.65424,-34.968098],[138.654105,-34.967844],[138.653937,-34.967519],[138.653783,-34.967234],[138.653674,-34.966991],[138.653667,-34.966929],[138.653668,-34.966875],[138.653691,-34.966775],[138.653709,-34.966722],[138.653741,-34.966678],[138.653795,-34.966609],[138.653851,-34.966557],[138.653907,-34.966514],[138.654005,-34.966483],[138.654065,-34.966474],[138.654115,-34.966473],[138.654181,-34.966479],[138.654252,-34.966493],[138.654339,-34.966518],[138.654581,-34.966615],[138.655063,-34.966808],[138.655415,-34.966975],[138.655559,-34.967022],[138.655619,-34.967037],[138.65569,-34.967048],[138.655796,-34.967047],[138.655902,-34.96703],[138.656084,-34.966963],[138.656179,-34.966879],[138.656264,-34.966787],[138.656333,-34.966679],[138.656381,-34.96656],[138.656575,-34.966117],[138.656639,-34.965965],[138.656749,-34.965721],[138.656933,-34.965435],[138.657134,-34.965155],[138.657199,-34.965028],[138.657274,-34.96485],[138.657286,-34.964757],[138.657296,-34.964673],[138.657274,-34.964572],[138.657207,-34.964464],[138.657053,-34.964203],[138.656914,-34.963863],[138.656831,-34.963644],[138.656787,-34.963413],[138.656813,-34.963176],[138.656843,-34.963023],[138.657556,-34.962932],[138.657743,-34.962926],[138.658164,-34.962915],[138.658406,-34.962922],[138.658669,-34.962923],[138.658863,-34.962906],[138.659228,-34.962842],[138.659418,-34.962846],[138.659587,-34.962875],[138.659924,-34.962941],[138.660063,-34.962956],[138.660296,-34.96295],[138.660525,-34.962899],[138.660671,-34.962838],[138.66082,-34.962761],[138.661359,-34.962329],[138.661911,-34.961872],[138.662064,-34.961705],[138.662197,-34.961557],[138.662254,-34.961443],[138.662248,-34.961368],[138.662228,-34.961311],[138.662195,-34.961253],[138.662102,-34.961136],[138.661727,-34.960674],[138.661638,-34.960564],[138.661568,-34.960445],[138.661508,-34.960285],[138.661501,-34.960135],[138.66152,-34.960079],[138.661555,-34.960034],[138.661613,-34.959994],[138.661719,-34.959959],[138.661871,-34.959934],[138.662134,-34.959959],[138.662398,-34.959996],[138.662911,-34.960149],[138.663406,-34.960367],[138.663829,-34.960583],[138.66418,-34.960751],[138.664387,-34.960833],[138.664576,-34.960882],[138.664719,-34.960892],[138.664893,-34.960864],[138.665065,-34.960814],[138.665318,-34.960724],[138.66556,-34.96063],[138.665611,-34.960576],[138.665636,-34.960522],[138.665666,-34.960409],[138.665739,-34.960223],[138.665803,-34.96014],[138.66592,-34.960046],[138.666051,-34.959971],[138.666174,-34.959855],[138.666202,-34.959807],[138.666211,-34.959747],[138.666153,-34.959493],[138.666144,-34.959399],[138.666192,-34.959248],[138.666291,-34.959148],[138.666386,-34.95905],[138.666581,-34.95891],[138.666765,-34.958797],[138.666826,-34.958747]]}},{"type":"Feature","properties":{"tier":"high"},"geometry":{"type":"LineString","coordinates":[[138.644428,-34.96381],[138.644108,-34.963573],[138.644006,-34.963491]]}},{"type":"Feature","properties":{"tier":"high"},"geometry":{"type":"LineString","coordinates":[[138.644372,-34.963555],[138.644531,-34.963673],[138.644769,-34.963823],[138.645087,-34.963995],[138.645421,-34.96417],[138.645475,-34.964196],[138.645757,-34.964335],[138.646093,-34.964491],[138.646441,-34.964639],[138.646852,-34.964808]]}},{"type":"Feature","properties":{"tier":"regional"},"geometry":{"type":"LineString","coordinates":[[138.660343,-34.940855],[138.660285,-34.940752],[138.660236,-34.940379],[138.660233,-34.940312]]}},{"type":"Feature","properties":{"tier":"regional"},"geometry":{"type":"LineString","coordinates":[[138.660373,-34.940227],[138.660418,-34.940213],[138.661498,-34.940157],[138.661781,-34.940139]]}},{"type":"Feature","properties":{"tier":"regional"},"geometry":{"type":"LineString","coordinates":[[138.660183,-34.940274],[138.660176,-34.940256],[138.660174,-34.940227],[138.660184,-34.940199],[138.660197,-34.940183]]}},{"type":"Feature","properties":{"tier":"regional"},"geometry":{"type":"LineString","coordinates":[[138.66024,-34.939995],[138.660194,-34.939358]]}},{"type":"Feature","properties":{"tier":"regional"},"geometry":{"type":"LineString","coordinates":[[138.660288,-34.938399],[138.660249,-34.938518],[138.660221,-34.938624],[138.660217,-34.93872],[138.660229,-34.938965]]}},{"type":"Feature","properties":{"tier":"regional"},"geometry":{"type":"LineString","coordinates":[[138.660344,-34.940295],[138.660345,-34.940373],[138.660349,-34.94076],[138.660343,-34.940855]]}},{"type":"Feature","properties":{"tier":"arterial"},"geometry":{"type":"LineString","coordinates":[[138.639148,-34.887221],[138.639234,-34.88718]]}},{"type":"Feature","properties":{"tier":"arterial"},"geometry":{"type":"LineString","coordinates":[[138.684276,-34.900426],[138.684588,-34.900423]]}},{"type":"Feature","properties":{"tier":"arterial"},"geometry":{"type":"LineString","coordinates":[[138.684256,-34.900552],[138.684182,-34.900772]]}},{"type":"Feature","properties":{"tier":"arterial"},"geometry":{"type":"LineString","coordinates":[[138.634148,-34.902099],[138.634186,-34.902055],[138.634211,-34.902026],[138.634286,-34.90194],[138.634559,-34.901628]]}},{"type":"Feature","properties":{"tier":"arterial"},"geometry":{"type":"LineString","coordinates":[[138.62498,-34.912946],[138.625116,-34.912786],[138.625265,-34.912612],[138.625563,-34.912256],[138.625776,-34.912002],[138.626106,-34.911608],[138.62655,-34.911079],[138.62676,-34.910828]]}},{"type":"Feature","properties":{"tier":"arterial"},"geometry":{"type":"LineString","coordinates":[[138.629856,-34.907184],[138.63014,-34.906846],[138.630489,-34.90643],[138.630742,-34.906127],[138.630994,-34.905831],[138.631373,-34.905381],[138.632144,-34.904478],[138.632496,-34.904066],[138.632527,-34.904029],[138.632906,-34.903585],[138.633285,-34.903141],[138.633417,-34.902987],[138.633491,-34.9029]]}},{"type":"Feature","properties":{"tier":"arterial"},"geometry":{"type":"LineString","coordinates":[[138.628004,-34.90937],[138.628063,-34.9093],[138.628078,-34.909282],[138.628079,-34.909281],[138.628222,-34.909111]]}},{"type":"Feature","properties":{"tier":"arterial"},"geometry":{"type":"LineString","coordinates":[[138.676097,-34.913002],[138.676169,-34.912999],[138.676203,-34.912997],[138.676592,-34.912978],[138.677185,-34.912951]]}},{"type":"Feature","properties":{"tier":"regional"},"geometry":{"type":"LineString","coordinates":[[138.684276,-34.902263],[138.684295,-34.90249],[138.684414,-34.903877],[138.68446,-34.904508],[138.684515,-34.90524],[138.68454,-34.905577],[138.684559,-34.905834],[138.684617,-34.906615],[138.684694,-34.907658],[138.684736,-34.908197],[138.684741,-34.90827],[138.684781,-34.90884],[138.684843,-34.909797],[138.684858,-34.909865],[138.684878,-34.909903],[138.684915,-34.909941]]}},{"type":"Feature","properties":{"tier":"arterial"},"geometry":{"type":"LineString","coordinates":[[138.641677,-34.939202],[138.642219,-34.939168],[138.642255,-34.939166],[138.642381,-34.939158]]}},{"type":"Feature","properties":{"tier":"arterial"},"geometry":{"type":"LineString","coordinates":[[138.639517,-34.896244],[138.639701,-34.896144],[138.639795,-34.896091],[138.63989,-34.896035],[138.640085,-34.895957],[138.640403,-34.895829],[138.640749,-34.89569],[138.641337,-34.895454]]}},{"type":"Feature","properties":{"tier":"high"},"geometry":{"type":"LineString","coordinates":[[138.644125,-34.963365],[138.644372,-34.963555]]}},{"type":"Feature","properties":{"tier":"arterial"},"geometry":{"type":"LineString","coordinates":[[138.741607,-34.936779],[138.741427,-34.936796],[138.741231,-34.936727],[138.741084,-34.936594],[138.741053,-34.936406],[138.740951,-34.936164],[138.740874,-34.936032],[138.740742,-34.935936],[138.740544,-34.935864],[138.74018,-34.935829],[138.739705,-34.935738],[138.739446,-34.935634],[138.739114,-34.935437],[138.738802,-34.93522],[138.738427,-34.935072],[138.737957,-34.935013],[138.737523,-34.934978],[138.737387,-34.934937],[138.737062,-34.934839],[138.736552,-34.934541],[138.736053,-34.934311],[138.735594,-34.93415],[138.735366,-34.934027],[138.735218,-34.93395]]}},{"type":"Feature","properties":{"tier":"regional"},"geometry":{"type":"LineString","coordinates":[[138.741607,-34.936779],[138.74145,-34.937307],[138.741269,-34.937802],[138.741143,-34.938209],[138.741079,-34.938323],[138.740996,-34.938426],[138.740873,-34.938527],[138.740675,-34.938636],[138.740495,-34.938699],[138.740272,-34.938735],[138.739506,-34.938813],[138.738696,-34.938983],[138.738441,-34.939059],[138.738173,-34.939169],[138.737771,-34.939379],[138.737647,-34.939466],[138.737417,-34.939716],[138.737381,-34.939774]]}},{"type":"Feature","properties":{"tier":"arterial"},"geometry":{"type":"LineString","coordinates":[[138.644824,-34.894067],[138.645146,-34.893937],[138.645452,-34.893814],[138.645531,-34.893782],[138.645658,-34.89373],[138.645894,-34.893636],[138.646126,-34.893542],[138.646897,-34.893232],[138.647938,-34.892813]]}},{"type":"Feature","properties":{"tier":"arterial"},"geometry":{"type":"LineString","coordinates":[[138.656873,-34.889504],[138.656694,-34.889511],[138.656692,-34.889512],[138.656638,-34.889516],[138.656568,-34.889521]]}},{"type":"Feature","properties":{"tier":"arterial"},"geometry":{"type":"LineString","coordinates":[[138.664735,-34.889103],[138.663218,-34.889185],[138.662631,-34.889217]]}},{"type":"Feature","properties":{"tier":"arterial"},"geometry":{"type":"LineString","coordinates":[[138.639393,-34.896431],[138.639222,-34.896546],[138.63919,-34.896567],[138.639119,-34.896615]]}},{"type":"Feature","properties":{"tier":"arterial"},"geometry":{"type":"LineString","coordinates":[[138.668423,-34.888927],[138.667872,-34.888956],[138.667439,-34.888979],[138.66716,-34.888995],[138.665875,-34.889055],[138.665067,-34.889086],[138.664895,-34.889097]]}},{"type":"Feature","properties":{"tier":"arterial"},"geometry":{"type":"LineString","coordinates":[[138.645617,-34.893835],[138.645593,-34.893844]]}},{"type":"Feature","properties":{"tier":"arterial"},"geometry":{"type":"LineString","coordinates":[[138.652312,-34.89118],[138.651659,-34.891442],[138.651496,-34.891508],[138.651464,-34.891521],[138.650562,-34.891882]]}},{"type":"Feature","properties":{"tier":"arterial"},"geometry":{"type":"LineString","coordinates":[[138.688806,-34.887691],[138.688595,-34.887779],[138.688413,-34.887835],[138.688149,-34.887897],[138.687872,-34.887942],[138.687239,-34.887978],[138.686688,-34.888013],[138.686351,-34.88803],[138.686146,-34.888036],[138.683952,-34.888147],[138.68124,-34.888286],[138.681209,-34.888288],[138.681136,-34.88829],[138.681074,-34.888293],[138.678831,-34.88841]]}},{"type":"Feature","properties":{"tier":"arterial"},"geometry":{"type":"LineString","coordinates":[[138.656577,-34.889428],[138.656651,-34.889419],[138.656666,-34.889418]]}},{"type":"Feature","properties":{"tier":"arterial"},"geometry":{"type":"LineString","coordinates":[[138.692847,-34.877194],[138.693191,-34.877076],[138.693521,-34.876925],[138.693556,-34.876901],[138.693862,-34.876697],[138.694073,-34.876538]]}},{"type":"Feature","properties":{"tier":"arterial"},"geometry":{"type":"LineString","coordinates":[[138.662856,-34.879307],[138.663241,-34.878697],[138.663449,-34.878367],[138.663464,-34.878343],[138.663504,-34.878281],[138.66355,-34.87821],[138.664354,-34.87699],[138.664372,-34.876962],[138.664476,-34.876815],[138.664564,-34.876726],[138.664597,-34.876692],[138.664634,-34.876656]]}},{"type":"Feature","properties":{"tier":"arterial"},"geometry":{"type":"LineString","coordinates":[[138.659387,-34.884775],[138.659667,-34.884341],[138.65985,-34.884047]]}},{"type":"Feature","properties":{"tier":"arterial"},"geometry":{"type":"LineString","coordinates":[[138.691117,-34.87754],[138.691018,-34.877529],[138.690921,-34.877501],[138.690829,-34.877483],[138.690742,-34.877479],[138.690396,-34.877493],[138.690032,-34.877496],[138.689603,-34.877475],[138.689232,-34.87742],[138.688912,-34.877363]]}},{"type":"Feature","properties":{"tier":"arterial"},"geometry":{"type":"LineString","coordinates":[[138.660679,-34.882728],[138.660695,-34.882703],[138.660777,-34.882574],[138.660859,-34.882446],[138.661117,-34.88204]]}},{"type":"Feature","properties":{"tier":"arterial"},"geometry":{"type":"LineString","coordinates":[[138.67156,-34.876358],[138.671584,-34.876356],[138.672873,-34.876305]]}},{"type":"Feature","properties":{"tier":"arterial"},"geometry":{"type":"LineString","coordinates":[[138.657694,-34.887619],[138.657656,-34.88768],[138.657169,-34.888444]]}},{"type":"Feature","properties":{"tier":"high"},"geometry":{"type":"LineString","coordinates":[[138.643426,-34.963593],[138.643528,-34.963573],[138.643606,-34.963552],[138.643675,-34.963526],[138.643712,-34.963507]]}},{"type":"Feature","properties":{"tier":"high"},"geometry":{"type":"LineString","coordinates":[[138.640772,-34.917628],[138.64078,-34.917706],[138.640784,-34.917742],[138.640789,-34.917809]]}},{"type":"Feature","properties":{"tier":"high"},"geometry":{"type":"LineString","coordinates":[[138.639776,-34.905448],[138.639771,-34.905374],[138.639769,-34.905346],[138.639744,-34.905125]]}},{"type":"Feature","properties":{"tier":"high"},"geometry":{"type":"LineString","coordinates":[[138.640009,-34.908606],[138.639919,-34.907451],[138.639905,-34.90726],[138.639885,-34.90699]]}},{"type":"Feature","properties":{"tier":"high"},"geometry":{"type":"LineString","coordinates":[[138.640041,-34.909102],[138.640009,-34.908606]]}},{"type":"Feature","properties":{"tier":"high"},"geometry":{"type":"LineString","coordinates":[[138.639808,-34.905894],[138.639776,-34.905448]]}},{"type":"Feature","properties":{"tier":"high"},"geometry":{"type":"LineString","coordinates":[[138.639443,-34.899543],[138.639498,-34.900274],[138.639558,-34.901076],[138.639562,-34.901132]]}},{"type":"Feature","properties":{"tier":"high"},"geometry":{"type":"LineString","coordinates":[[138.639885,-34.90699],[138.639836,-34.906293],[138.639834,-34.906257],[138.639808,-34.905894]]}},{"type":"Feature","properties":{"tier":"high"},"geometry":{"type":"LineString","coordinates":[[138.639784,-34.904219],[138.639823,-34.904651],[138.639848,-34.904925]]}},{"type":"Feature","properties":{"tier":"regional"},"geometry":{"type":"LineString","coordinates":[[138.631629,-34.915232],[138.631685,-34.915352],[138.631692,-34.915372]]}},{"type":"Feature","properties":{"tier":"regional"},"geometry":{"type":"LineString","coordinates":[[138.631941,-34.920383],[138.631903,-34.91992],[138.631879,-34.919336],[138.631875,-34.919258],[138.63187,-34.919185],[138.631827,-34.918576],[138.631807,-34.918358],[138.631803,-34.918313],[138.631799,-34.918277]]}},{"type":"Feature","properties":{"tier":"regional"},"geometry":{"type":"LineString","coordinates":[[138.63202,-34.92149],[138.632019,-34.921464],[138.632014,-34.921388],[138.63201,-34.921294]]}},{"type":"Feature","properties":{"tier":"arterial"},"geometry":{"type":"LineString","coordinates":[[138.627395,-34.910093],[138.62785,-34.909552],[138.627868,-34.909531],[138.627937,-34.90945]]}},{"type":"Feature","properties":{"tier":"arterial"},"geometry":{"type":"LineString","coordinates":[[138.675041,-34.913058],[138.675345,-34.913042],[138.675569,-34.91303],[138.675882,-34.913013],[138.675906,-34.913012],[138.675931,-34.913011],[138.675994,-34.913008]]}},{"type":"Feature","properties":{"tier":"arterial"},"geometry":{"type":"LineString","coordinates":[[138.633738,-34.902611],[138.633812,-34.902518],[138.633969,-34.902322],[138.634056,-34.902213],[138.634073,-34.902192],[138.634116,-34.902137],[138.634136,-34.902113],[138.634148,-34.902099]]}},{"type":"Feature","properties":{"tier":"arterial"},"geometry":{"type":"LineString","coordinates":[[138.658983,-34.913862],[138.659611,-34.913833],[138.659951,-34.913816],[138.66091,-34.913768],[138.661107,-34.913758],[138.662218,-34.913702],[138.662805,-34.913673],[138.663882,-34.91362],[138.664924,-34.913567],[138.66508,-34.91356]]}},{"type":"Feature","properties":{"tier":"arterial"},"geometry":{"type":"LineString","coordinates":[[138.648889,-34.920628],[138.6487,-34.920636],[138.648315,-34.92065],[138.648004,-34.920665],[138.647652,-34.920683],[138.647592,-34.920686],[138.647536,-34.920688],[138.647357,-34.920697],[138.647148,-34.920707],[138.647092,-34.92071],[138.647069,-34.920711],[138.646821,-34.920723],[138.646391,-34.920742],[138.646145,-34.920755],[138.645779,-34.920772],[138.64573,-34.920774],[138.645477,-34.920784],[138.645252,-34.920794],[138.645185,-34.920797],[138.644986,-34.920807],[138.644871,-34.920812],[138.644758,-34.920817],[138.644718,-34.920819],[138.644656,-34.920822],[138.644554,-34.920826],[138.644246,-34.920841],[138.644103,-34.920847],[138.643959,-34.920854],[138.64381,-34.920861]]}},{"type":"Feature","properties":{"tier":"arterial"},"geometry":{"type":"LineString","coordinates":[[138.675246,-34.91924],[138.674932,-34.919256],[138.674553,-34.919276]]}},{"type":"Feature","properties":{"tier":"arterial"},"geometry":{"type":"LineString","coordinates":[[138.628623,-34.908617],[138.629097,-34.908066],[138.629204,-34.907941],[138.62948,-34.907621],[138.629661,-34.907411],[138.629816,-34.907231],[138.629838,-34.907205],[138.629856,-34.907184]]}},{"type":"Feature","properties":{"tier":"arterial"},"geometry":{"type":"LineString","coordinates":[[138.63768,-34.897961],[138.637694,-34.897944],[138.637991,-34.897617],[138.638029,-34.897574]]}},{"type":"Feature","properties":{"tier":"high"},"geometry":{"type":"LineString","coordinates":[[138.62498,-34.885317],[138.625129,-34.885441],[138.625593,-34.885823],[138.625594,-34.885824],[138.625636,-34.885859],[138.626241,-34.886377],[138.626929,-34.886972],[138.627123,-34.887138],[138.627162,-34.887173]]}},{"type":"Feature","properties":{"tier":"high"},"geometry":{"type":"LineString","coordinates":[[138.638764,-34.896148],[138.63884,-34.896215],[138.638981,-34.896363],[138.639018,-34.896411],[138.63904,-34.896444],[138.639069,-34.896505]]}},{"type":"Feature","properties":{"tier":"high"},"geometry":{"type":"LineString","coordinates":[[138.639044,-34.896934],[138.639016,-34.896835],[138.639004,-34.896799],[138.63898,-34.89673]]}},{"type":"Feature","properties":{"tier":"arterial"},"geometry":{"type":"LineString","coordinates":[[138.634559,-34.901628],[138.634851,-34.901285],[138.635131,-34.900957],[138.635232,-34.90084],[138.635705,-34.900288],[138.635774,-34.900207],[138.636177,-34.899731],[138.636278,-34.899613],[138.63669,-34.899126],[138.636865,-34.898921],[138.636985,-34.898779],[138.637344,-34.898356],[138.637471,-34.898207],[138.637674,-34.897968],[138.63768,-34.897961]]}},{"type":"Feature","properties":{"tier":"arterial"},"geometry":{"type":"LineString","coordinates":[[138.658721,-34.91959],[138.658696,-34.919302],[138.658607,-34.918102],[138.65856,-34.917528],[138.658538,-34.917189],[138.658521,-34.917005],[138.658489,-34.916537],[138.658427,-34.915975],[138.658406,-34.915674],[138.658388,-34.915341],[138.658367,-34.914967]]}},{"type":"Feature","properties":{"tier":"regional"},"geometry":{"type":"LineString","coordinates":[[138.632358,-34.925897],[138.632528,-34.92589]]}},{"type":"Feature","properties":{"tier":"arterial"},"geometry":{"type":"LineString","coordinates":[[138.627299,-34.975869],[138.627362,-34.976261]]}},{"type":"Feature","properties":{"tier":"arterial"},"geometry":{"type":"LineString","coordinates":[[138.627259,-34.97725],[138.627204,-34.977289],[138.627125,-34.977333],[138.626955,-34.977399],[138.626767,-34.97745],[138.625991,-34.977628]]}},{"type":"Feature","properties":{"tier":"arterial"},"geometry":{"type":"LineString","coordinates":[[138.626857,-34.977367],[138.626966,-34.977318]]}},{"type":"Feature","properties":{"tier":"arterial"},"geometry":{"type":"LineString","coordinates":[[138.62726,-34.977011],[138.6273,-34.976914],[138.627317,-34.976814],[138.627314,-34.976603],[138.627287,-34.976256]]}},{"type":"Feature","properties":{"tier":"arterial"},"geometry":{"type":"LineString","coordinates":[[138.627287,-34.976256],[138.627299,-34.975869]]}},{"type":"Feature","properties":{"tier":"arterial"},"geometry":{"type":"LineString","coordinates":[[138.627362,-34.976261],[138.627406,-34.97692],[138.627387,-34.97705],[138.627333,-34.977166]]}},{"type":"Feature","properties":{"tier":"arterial"},"geometry":{"type":"LineString","coordinates":[[138.62498,-34.927819],[138.625004,-34.927818],[138.625149,-34.92781],[138.625359,-34.927799],[138.62585,-34.927772]]}},{"type":"Feature","properties":{"tier":"arterial"},"geometry":{"type":"LineString","coordinates":[[138.726067,-34.924661],[138.726168,-34.924816],[138.726305,-34.924962],[138.726452,-34.925084],[138.726706,-34.925295],[138.727229,-34.925779],[138.727478,-34.925982],[138.728215,-34.926477],[138.728732,-34.926865],[138.729306,-34.927241],[138.729826,-34.927639],[138.730069,-34.927776],[138.730317,-34.927872]]}},{"type":"Feature","properties":{"tier":"regional"},"geometry":{"type":"LineString","coordinates":[[138.728157,-34.953955],[138.728004,-34.95565],[138.727966,-34.956073],[138.727861,-34.956991],[138.727751,-34.957945],[138.727695,-34.958367],[138.727683,-34.958456]]}},{"type":"Feature","properties":{"tier":"regional"},"geometry":{"type":"LineString","coordinates":[[138.733015,-34.972022],[138.732928,-34.972021],[138.732851,-34.972029],[138.732814,-34.972038],[138.732786,-34.972044],[138.732646,-34.972065],[138.732532,-34.972064],[138.732492,-34.972064],[138.732362,-34.972043]]}},{"type":"Feature","properties":{"tier":"regional"},"geometry":{"type":"LineString","coordinates":[[138.733015,-34.972022],[138.732994,-34.971996],[138.732938,-34.971929],[138.732912,-34.971873],[138.732908,-34.971863],[138.732895,-34.971778]]}},{"type":"Feature","properties":{"tier":"arterial"},"geometry":{"type":"LineString","coordinates":[[138.706826,-34.99703],[138.706945,-34.996978],[138.707191,-34.996874],[138.707431,-34.99673],[138.707658,-34.996569],[138.707858,-34.996426],[138.708096,-34.996241],[138.708243,-34.996124],[138.7085,-34.995934],[138.708696,-34.995788],[138.708903,-34.995689],[138.708965,-34.995665],[138.709218,-34.995532],[138.709938,-34.994989],[138.71012,-34.994883],[138.710336,-34.994838],[138.710652,-34.994819],[138.710826,-34.994788],[138.710969,-34.994748],[138.711438,-34.994618],[138.711627,-34.994546],[138.711832,-34.994427],[138.712055,-34.994256],[138.712237,-34.994117],[138.712302,-34.994078],[138.712438,-34.993997],[138.712598,-34.993927],[138.712792,-34.993897],[138.712887,-34.993891],[138.713015,-34.993899],[138.713244,-34.993908],[138.713842,-34.993955],[138.714511,-34.994008],[138.714804,-34.994031],[138.715143,-34.994057],[138.715335,-34.994072],[138.715394,-34.994077],[138.715854,-34.994112],[138.716025,-34.994159]]}},{"type":"Feature","properties":{"tier":"arterial"},"geometry":{"type":"LineString","coordinates":[[138.704792,-34.997637],[138.704908,-34.997642],[138.704927,-34.997641],[138.704949,-34.997639],[138.70497,-34.997637],[138.704992,-34.997634],[138.705018,-34.997628],[138.705046,-34.99762],[138.705141,-34.997591],[138.70533,-34.997541],[138.705559,-34.997483]]}},{"type":"Feature","properties":{"tier":"arterial"},"geometry":{"type":"LineString","coordinates":[[138.716586,-34.994346],[138.716812,-34.994368]]}},{"type":"Feature","properties":{"tier":"arterial"},"geometry":{"type":"LineString","coordinates":[[138.716437,-34.994395],[138.716402,-34.99434],[138.716335,-34.994271]]}},{"type":"Feature","properties":{"tier":"arterial"},"geometry":{"type":"LineString","coordinates":[[138.716643,-34.994495],[138.716624,-34.99468]]}},{"type":"Feature","properties":{"tier":"high"},"geometry":{"type":"LineString","coordinates":[[138.705368,-34.997558],[138.705353,-34.997573],[138.705339,-34.997587],[138.705324,-34.997608],[138.705314,-34.997628],[138.705307,-34.997647],[138.705305,-34.997662],[138.705305,-34.997676],[138.705307,-34.997691],[138.70531,-34.997703],[138.705317,-34.997716],[138.705326,-34.99773],[138.705345,-34.997753],[138.705363,-34.997769],[138.705388,-34.997788]]}},{"type":"Feature","properties":{"tier":"arterial"},"geometry":{"type":"LineString","coordinates":[[138.705559,-34.997483],[138.705368,-34.997558],[138.70526,-34.997601],[138.705223,-34.997616],[138.705197,-34.997629],[138.70517,-34.997643],[138.705154,-34.997653],[138.705137,-34.997665],[138.705114,-34.997684],[138.705104,-34.997691],[138.70509,-34.997697]]}},{"type":"Feature","properties":{"tier":"arterial"},"geometry":{"type":"LineString","coordinates":[[138.703505,-34.997247],[138.703355,-34.997215],[138.703181,-34.997178],[138.703149,-34.997172],[138.703104,-34.997166],[138.703006,-34.997154]]}},{"type":"Feature","properties":{"tier":"arterial"},"geometry":{"type":"LineString","coordinates":[[138.702226,-34.998863],[138.70227,-34.998973],[138.702296,-34.999039],[138.702377,-34.999216],[138.702402,-34.999263],[138.702432,-34.999317],[138.702513,-34.999438],[138.70279,-34.999854],[138.702867,-35.00002]]}},{"type":"Feature","properties":{"tier":"arterial"},"geometry":{"type":"LineString","coordinates":[[138.702066,-34.998713],[138.702144,-34.998573],[138.70217,-34.998526],[138.702203,-34.998455]]}},{"type":"Feature","properties":{"tier":"arterial"},"geometry":{"type":"LineString","coordinates":[[138.701227,-34.997938],[138.701247,-34.997938],[138.701267,-34.997941],[138.701283,-34.997946],[138.701297,-34.997957],[138.701304,-34.997965],[138.701319,-34.99799],[138.701396,-34.998145],[138.701426,-34.998203],[138.701468,-34.998276],[138.701498,-34.998326],[138.701524,-34.998361],[138.701584,-34.998438]]}},{"type":"Feature","properties":{"tier":"arterial"},"geometry":{"type":"LineString","coordinates":[[138.702014,-34.998852],[138.701957,-34.99881],[138.701918,-34.998785],[138.701878,-34.998762],[138.701853,-34.998748],[138.701797,-34.998715],[138.701747,-34.99868],[138.701625,-34.998578],[138.701565,-34.998518],[138.701513,-34.998462],[138.701475,-34.998412],[138.701436,-34.998356],[138.701409,-34.998313],[138.701381,-34.998263]]}},{"type":"Feature","properties":{"tier":"high"},"geometry":{"type":"LineString","coordinates":[[138.700862,-34.998012],[138.70094,-34.997961],[138.700985,-34.997927],[138.701015,-34.997898],[138.701043,-34.997862],[138.701065,-34.997826],[138.701077,-34.997795],[138.701085,-34.99776],[138.70109,-34.997721],[138.70109,-34.997692],[138.701087,-34.997655]]}},{"type":"Feature","properties":{"tier":"arterial"},"geometry":{"type":"LineString","coordinates":[[138.627652,-34.915427],[138.627769,-34.915422]]}},{"type":"Feature","properties":{"tier":"arterial"},"geometry":{"type":"LineString","coordinates":[[138.642301,-34.914715],[138.64248,-34.914706],[138.642738,-34.914692],[138.64291,-34.914683],[138.643026,-34.914678],[138.643333,-34.914665],[138.644006,-34.914634],[138.644048,-34.914632],[138.644474,-34.914613],[138.645179,-34.914576],[138.64536,-34.914566],[138.645657,-34.914549],[138.645753,-34.914544],[138.645849,-34.914538],[138.645935,-34.914533],[138.645963,-34.914532],[138.646286,-34.914513],[138.647027,-34.914473],[138.647407,-34.914457],[138.648221,-34.914417],[138.648719,-34.914392],[138.649196,-34.914368],[138.649238,-34.914366],[138.649419,-34.914357],[138.649907,-34.914332],[138.650476,-34.914302],[138.650507,-34.914301],[138.650616,-34.914295],[138.650952,-34.914277],[138.651016,-34.914274],[138.651082,-34.91427],[138.651162,-34.914266],[138.651251,-34.914262],[138.651543,-34.914246],[138.651953,-34.914228],[138.652385,-34.914209],[138.65245,-34.914206],[138.652625,-34.914199],[138.65289,-34.914186],[138.65299,-34.914181],[138.653044,-34.914178],[138.653079,-34.914177],[138.653378,-34.914162],[138.653593,-34.914152],[138.653774,-34.914143],[138.653925,-34.914135],[138.653944,-34.914134],[138.65422,-34.914119],[138.654384,-34.91411],[138.654934,-34.914086],[138.655593,-34.914054],[138.655682,-34.914049],[138.655944,-34.914032],[138.656032,-34.914026],[138.65616,-34.914018],[138.656222,-34.914014],[138.65695,-34.913967],[138.656969,-34.913966],[138.657085,-34.91396],[138.657149,-34.913956],[138.657248,-34.913951],[138.657348,-34.913946],[138.657453,-34.91394],[138.657531,-34.913936]]}},{"type":"Feature","properties":{"tier":"arterial"},"geometry":{"type":"LineString","coordinates":[[138.628116,-34.909472],[138.628313,-34.909708]]}},{"type":"Feature","properties":{"tier":"arterial"},"geometry":{"type":"LineString","coordinates":[[138.630323,-34.913245],[138.630045,-34.912793],[138.629795,-34.912377],[138.629485,-34.91186],[138.629477,-34.911846],[138.629412,-34.911737]]}},{"type":"Feature","properties":{"tier":"arterial"},"geometry":{"type":"LineString","coordinates":[[138.628032,-34.90955],[138.628014,-34.909531],[138.627937,-34.90945]]}},{"type":"Feature","properties":{"tier":"arterial"},"geometry":{"type":"LineString","coordinates":[[138.633263,-34.875299],[138.633248,-34.875266],[138.633158,-34.875066],[138.633119,-34.87498]]}},{"type":"Feature","properties":{"tier":"arterial"},"geometry":{"type":"LineString","coordinates":[[138.626921,-34.970776],[138.626918,-34.970725],[138.626915,-34.970697],[138.626764,-34.968601],[138.626693,-34.96757],[138.626684,-34.967424]]}},{"type":"Feature","properties":{"tier":"high"},"geometry":{"type":"LineString","coordinates":[[138.706323,-34.998035],[138.706544,-34.998078],[138.706714,-34.998105],[138.707065,-34.998155],[138.707872,-34.998267],[138.708329,-34.998387]]}},{"type":"Feature","properties":{"tier":"high"},"geometry":{"type":"LineString","coordinates":[[138.698451,-34.994377],[138.698582,-34.994416],[138.699199,-34.994603],[138.699748,-34.994812],[138.699779,-34.994825],[138.700052,-34.99495],[138.70008,-34.994965],[138.700451,-34.99519]]}},{"type":"Feature","properties":{"tier":"high"},"geometry":{"type":"LineString","coordinates":[[138.702008,-34.996758],[138.702103,-34.99681],[138.70219,-34.996851],[138.702266,-34.996885],[138.702364,-34.996923],[138.702453,-34.996956],[138.702511,-34.996974],[138.702549,-34.996984],[138.702591,-34.996993],[138.702631,-34.996999],[138.702668,-34.997],[138.702712,-34.996998],[138.702763,-34.996992],[138.70287,-34.996979]]}},{"type":"Feature","properties":{"tier":"high"},"geometry":{"type":"LineString","coordinates":[[138.707208,-34.998356],[138.707084,-34.998376],[138.706424,-34.998403],[138.70638,-34.998406],[138.705715,-34.998479],[138.705229,-34.998549],[138.704633,-34.998663],[138.704335,-34.998722],[138.703679,-34.998846],[138.703368,-34.99891],[138.703245,-34.998924],[138.703173,-34.998932],[138.703149,-34.998932],[138.702848,-34.998959]]}},{"type":"Feature","properties":{"tier":"high"},"geometry":{"type":"LineString","coordinates":[[138.705388,-34.997788],[138.705597,-34.997852],[138.705794,-34.99791],[138.706062,-34.997978],[138.706197,-34.998009],[138.706323,-34.998035]]}},{"type":"Feature","properties":{"tier":"high"},"geometry":{"type":"LineString","coordinates":[[138.642591,-34.963787],[138.640952,-34.963854],[138.640486,-34.963882]]}},{"type":"Feature","properties":{"tier":"high"},"geometry":{"type":"LineString","coordinates":[[138.711934,-34.999693],[138.712222,-34.999837],[138.712435,-34.999947],[138.71256,-35.00002]]}},{"type":"Feature","properties":{"tier":"high"},"geometry":{"type":"LineString","coordinates":[[138.64703,-34.965179],[138.647023,-34.965175],[138.646819,-34.965056],[138.646662,-34.964965],[138.646493,-34.964867]]}},{"type":"Feature","properties":{"tier":"high"},"geometry":{"type":"LineString","coordinates":[[138.711934,-34.999693],[138.712269,-34.999917],[138.712431,-35.00002]]}},{"type":"Feature","properties":{"tier":"high"},"geometry":{"type":"LineString","coordinates":[[138.736783,-34.994745],[138.736591,-34.994738],[138.736338,-34.994726],[138.735865,-34.994718],[138.735471,-34.994766],[138.734936,-34.994846],[138.734397,-34.994976],[138.733615,-34.995229],[138.733164,-34.995415],[138.7328,-34.995595],[138.732151,-34.995925],[138.731506,-34.996291],[138.730656,-34.996757],[138.729683,-34.99728],[138.728797,-34.997734],[138.727953,-34.998156],[138.727061,-34.99856],[138.727011,-34.998582],[138.726349,-34.998875],[138.725965,-34.999041],[138.725245,-34.999351]]}},{"type":"Feature","properties":{"tier":"high"},"geometry":{"type":"LineString","coordinates":[[138.7246,-34.99946],[138.72526,-34.999185],[138.725677,-34.998999],[138.72694,-34.998429],[138.727256,-34.998286],[138.728041,-34.99789],[138.728818,-34.997504],[138.729577,-34.997079],[138.7303,-34.996675],[138.730674,-34.996453],[138.731824,-34.995761],[138.732227,-34.995492],[138.732726,-34.995226],[138.733263,-34.994985],[138.73377,-34.99479],[138.73413,-34.99467],[138.734709,-34.994527],[138.735171,-34.994438],[138.735741,-34.99439],[138.736099,-34.994389],[138.736931,-34.994432]]}},{"type":"Feature","properties":{"tier":"high"},"geometry":{"type":"LineString","coordinates":[[138.723855,-34.999918],[138.723712,-34.999978],[138.723609,-35.000016],[138.723597,-35.00002]]}},{"type":"Feature","properties":{"tier":"high"},"geometry":{"type":"LineString","coordinates":[[138.64862,-34.966506],[138.648755,-34.966717],[138.648931,-34.967002],[138.649117,-34.967294],[138.649299,-34.967581],[138.649478,-34.967867],[138.649659,-34.968157],[138.649837,-34.968447],[138.64999,-34.968754],[138.650108,-34.969079],[138.650193,-34.969395],[138.650242,-34.969721],[138.650274,-34.970046],[138.650303,-34.970369],[138.650348,-34.970689],[138.650427,-34.971003],[138.650548,-34.971299],[138.650714,-34.971596],[138.650929,-34.971876],[138.651161,-34.972116],[138.651434,-34.972336],[138.651743,-34.972532],[138.652082,-34.972704],[138.652432,-34.972834],[138.652805,-34.972934],[138.653185,-34.972995],[138.653575,-34.973017],[138.653964,-34.973009],[138.654347,-34.972958],[138.654726,-34.972874],[138.655089,-34.972748],[138.655423,-34.972597],[138.655741,-34.972417],[138.656056,-34.972209],[138.656351,-34.971999],[138.65696,-34.97158],[138.657267,-34.971388],[138.657582,-34.971191],[138.65773,-34.971103],[138.657901,-34.971],[138.658223,-34.970807],[138.658569,-34.970604],[138.658894,-34.970416],[138.659349,-34.970153],[138.659541,-34.970054],[138.659865,-34.969879],[138.660196,-34.969696],[138.660562,-34.969501]]}},{"type":"Feature","properties":{"tier":"high"},"geometry":{"type":"LineString","coordinates":[[138.650941,-34.972135],[138.650932,-34.972125],[138.650711,-34.97188],[138.650513,-34.971605],[138.650352,-34.971302],[138.650236,-34.971005],[138.65017,-34.970688],[138.650119,-34.970371],[138.650095,-34.970044],[138.650064,-34.96972],[138.650024,-34.969402],[138.649945,-34.969079],[138.649827,-34.968769],[138.649677,-34.968468],[138.649515,-34.968189]]}},{"type":"Feature","properties":{"tier":"high"},"geometry":{"type":"LineString","coordinates":[[138.65736,-34.971487],[138.655851,-34.972534],[138.655536,-34.972722],[138.655194,-34.972879],[138.654837,-34.973],[138.654459,-34.97309],[138.654078,-34.973144],[138.653695,-34.973167],[138.6533,-34.973156],[138.65291,-34.973113],[138.652533,-34.973027],[138.652176,-34.972909],[138.652148,-34.972897],[138.651825,-34.972758],[138.651507,-34.972582],[138.651314,-34.972449],[138.651125,-34.972301],[138.650941,-34.972135]]}},{"type":"Feature","properties":{"tier":"high"},"geometry":{"type":"LineString","coordinates":[[138.676449,-34.973156],[138.676375,-34.972928],[138.676263,-34.972589],[138.676143,-34.972282],[138.676004,-34.971975],[138.675847,-34.971677],[138.675675,-34.971388],[138.675481,-34.971103],[138.675273,-34.970831],[138.675046,-34.970565],[138.6748,-34.970304],[138.674547,-34.970057],[138.674287,-34.969822],[138.674166,-34.969723],[138.674008,-34.969594],[138.673697,-34.969364],[138.673416,-34.969159],[138.67311,-34.968958],[138.672797,-34.968763],[138.672474,-34.968575],[138.672356,-34.968511],[138.672149,-34.968398],[138.671818,-34.968225],[138.671681,-34.968157]]}},{"type":"Feature","properties":{"tier":"high"},"geometry":{"type":"LineString","coordinates":[[138.701073,-34.996635],[138.701097,-34.996673],[138.701258,-34.996928],[138.701483,-34.997197],[138.701734,-34.99744],[138.702028,-34.997667],[138.702349,-34.997863],[138.702686,-34.998023],[138.702902,-34.998104],[138.702961,-34.998123],[138.703299,-34.998218],[138.703424,-34.998246],[138.703803,-34.998301],[138.703957,-34.998313],[138.704201,-34.998322],[138.70433,-34.998317],[138.704572,-34.998301],[138.70471,-34.99829],[138.705134,-34.998255],[138.705816,-34.998212],[138.706436,-34.998201],[138.706997,-34.998227],[138.707594,-34.998285],[138.708329,-34.998387]]}},{"type":"Feature","properties":{"tier":"high"},"geometry":{"type":"LineString","coordinates":[[138.679784,-34.976576],[138.6802,-34.976796],[138.680547,-34.976947],[138.680896,-34.977088],[138.681247,-34.977224],[138.681595,-34.977362],[138.681947,-34.977516],[138.682049,-34.977567],[138.682287,-34.977688],[138.682603,-34.977858],[138.682901,-34.978066],[138.68317,-34.978279],[138.683426,-34.978509],[138.683653,-34.978774],[138.683854,-34.979043],[138.684018,-34.979333],[138.684155,-34.979634],[138.684253,-34.979924],[138.684324,-34.98023],[138.684365,-34.980571],[138.684372,-34.980883],[138.684352,-34.981229],[138.684333,-34.981589],[138.684328,-34.981723],[138.68435,-34.982001],[138.684404,-34.982313],[138.684473,-34.982562],[138.684605,-34.982899],[138.684746,-34.983195],[138.68493,-34.983481],[138.685131,-34.983748],[138.685387,-34.984025],[138.685653,-34.984259],[138.685952,-34.98448],[138.686266,-34.984674],[138.6866,-34.984845],[138.686946,-34.984991],[138.687314,-34.98511],[138.687683,-34.985203],[138.688075,-34.985273],[138.688466,-34.98531],[138.688855,-34.985331],[138.689155,-34.985331],[138.689237,-34.985331],[138.689622,-34.985336],[138.690013,-34.985355],[138.6904,-34.985394],[138.690768,-34.985452],[138.691169,-34.985536],[138.69152,-34.98564],[138.691879,-34.985762],[138.692224,-34.985909],[138.692554,-34.986072],[138.692873,-34.986262],[138.693174,-34.986462],[138.69327,-34.986531],[138.693546,-34.986756],[138.693801,-34.987],[138.694123,-34.987359],[138.694309,-34.98759],[138.6945,-34.987884],[138.694653,-34.988182],[138.694783,-34.988481],[138.694888,-34.988781],[138.694968,-34.989091],[138.69503,-34.98942],[138.695051,-34.989743],[138.695057,-34.990072],[138.695059,-34.9904],[138.695069,-34.990716],[138.695075,-34.990775],[138.695105,-34.991048],[138.695171,-34.991365],[138.695266,-34.991679],[138.695388,-34.991974],[138.695554,-34.992281],[138.69574,-34.99257],[138.695959,-34.992844],[138.696198,-34.993099],[138.696457,-34.993337],[138.696752,-34.993566],[138.697055,-34.993758],[138.697389,-34.993941],[138.697739,-34.994106],[138.698093,-34.99425],[138.698451,-34.994377]]}},{"type":"Feature","properties":{"tier":"high"},"geometry":{"type":"LineString","coordinates":[[138.647239,-34.965003],[138.64725,-34.96501],[138.647446,-34.965136]]}},{"type":"Feature","properties":{"tier":"high"},"geometry":{"type":"LineString","coordinates":[[138.671476,-34.968052],[138.671142,-34.967906],[138.670788,-34.967763],[138.670438,-34.967632],[138.670074,-34.967497],[138.669695,-34.967383],[138.669617,-34.967365],[138.669327,-34.967297],[138.668952,-34.967226],[138.668562,-34.967168],[138.668174,-34.967138],[138.667779,-34.967138],[138.667395,-34.967169],[138.667008,-34.967227],[138.666617,-34.967299],[138.66625,-34.967388],[138.665877,-34.967508],[138.665523,-34.967644],[138.665184,-34.967796],[138.664846,-34.967964],[138.664508,-34.968132],[138.664159,-34.968289],[138.663812,-34.968432],[138.663452,-34.968574],[138.663153,-34.968681],[138.662918,-34.968762],[138.662384,-34.968931],[138.661772,-34.969134],[138.661605,-34.969187],[138.661245,-34.969327],[138.660918,-34.969473],[138.660663,-34.969591],[138.660396,-34.96974]]}},{"type":"Feature","properties":{"tier":"high"},"geometry":{"type":"LineString","coordinates":[[138.69474,-34.988777],[138.694713,-34.988706],[138.694621,-34.988463],[138.694483,-34.988163],[138.694322,-34.987879],[138.694122,-34.987589],[138.693914,-34.987326],[138.693683,-34.987071],[138.693427,-34.986832],[138.693144,-34.986607],[138.692849,-34.986398],[138.692535,-34.986209],[138.692212,-34.98604],[138.691876,-34.985893],[138.69152,-34.985764],[138.691179,-34.985664],[138.690766,-34.985575],[138.690382,-34.985515],[138.690005,-34.985475],[138.689617,-34.985461],[138.689231,-34.985462],[138.688847,-34.985462],[138.688711,-34.985459],[138.688299,-34.98544],[138.687927,-34.985394],[138.68755,-34.985321],[138.68718,-34.98522],[138.686812,-34.985093],[138.686463,-34.984943],[138.686133,-34.984772],[138.685823,-34.984579],[138.685532,-34.98436],[138.685262,-34.984122],[138.685173,-34.984038],[138.684945,-34.983777],[138.684743,-34.983497],[138.684557,-34.983202],[138.684419,-34.982902],[138.684309,-34.982587],[138.684231,-34.982311],[138.684172,-34.982015],[138.684156,-34.981735],[138.684179,-34.981368],[138.684208,-34.980999],[138.684215,-34.980671],[138.684191,-34.980356],[138.684129,-34.980039],[138.684033,-34.979731],[138.683903,-34.97943],[138.683732,-34.979113],[138.683613,-34.978956],[138.6834,-34.978693],[138.683153,-34.978451],[138.682893,-34.978234],[138.682599,-34.978019],[138.682285,-34.97784],[138.68195,-34.977674],[138.681595,-34.977529],[138.681234,-34.97741],[138.680747,-34.977255],[138.680382,-34.977137],[138.680022,-34.976999],[138.679678,-34.976848],[138.679366,-34.976684]]}},{"type":"Feature","properties":{"tier":"high"},"geometry":{"type":"LineString","coordinates":[[138.75002,-34.999796],[138.749739,-34.999605],[138.749211,-34.999297],[138.748523,-34.998962],[138.748148,-34.998817],[138.747763,-34.998683],[138.746612,-34.998389],[138.745797,-34.998171],[138.744913,-34.997925],[138.744106,-34.997679],[138.74299,-34.997222],[138.742029,-34.996779],[138.741377,-34.996413],[138.740656,-34.996005],[138.739686,-34.995499],[138.739048,-34.995207],[138.738693,-34.995078],[138.738319,-34.994972],[138.737902,-34.994877]]}},{"type":"Feature","properties":{"tier":"high"},"geometry":{"type":"LineString","coordinates":[[138.648781,-34.96702],[138.648758,-34.966984],[138.648605,-34.966741],[138.648419,-34.966454],[138.648212,-34.96617]]}},{"type":"Feature","properties":{"tier":"high"},"geometry":{"type":"LineString","coordinates":[[138.676696,-34.973072],[138.676938,-34.973674],[138.677276,-34.974295],[138.677673,-34.974843],[138.677958,-34.975238],[138.678478,-34.975701],[138.678994,-34.976078],[138.679784,-34.976576]]}},{"type":"Feature","properties":{"tier":"high"},"geometry":{"type":"LineString","coordinates":[[138.679366,-34.976684],[138.678859,-34.976364],[138.678459,-34.976091],[138.678131,-34.975812],[138.677847,-34.97551],[138.677296,-34.974845],[138.676955,-34.974334],[138.676793,-34.974024],[138.676612,-34.973613],[138.676449,-34.973156]]}},{"type":"Feature","properties":{"tier":"high"},"geometry":{"type":"LineString","coordinates":[[138.708601,-34.998439],[138.708849,-34.998497],[138.709034,-34.99854],[138.709571,-34.99869],[138.710145,-34.998875],[138.710187,-34.998892],[138.710778,-34.999125],[138.711463,-34.999447],[138.711934,-34.999693]]}},{"type":"Feature","properties":{"tier":"high"},"geometry":{"type":"LineString","coordinates":[[138.626929,-34.886972],[138.626943,-34.887019],[138.626947,-34.887055],[138.626947,-34.887085],[138.626938,-34.887141]]}},{"type":"Feature","properties":{"tier":"high"},"geometry":{"type":"LineString","coordinates":[[138.62943,-34.889336],[138.629845,-34.889656]]}},{"type":"Feature","properties":{"tier":"high"},"geometry":{"type":"LineString","coordinates":[[138.631338,-34.890716],[138.631434,-34.890774],[138.631469,-34.890796]]}},{"type":"Feature","properties":{"tier":"high"},"geometry":{"type":"LineString","coordinates":[[138.631469,-34.890796],[138.631664,-34.890918],[138.631914,-34.891075],[138.632378,-34.891371],[138.633015,-34.891758],[138.633709,-34.892208],[138.633785,-34.892254],[138.634059,-34.892438]]}},{"type":"Feature","properties":{"tier":"high"},"geometry":{"type":"LineString","coordinates":[[138.626938,-34.887141],[138.626999,-34.887134],[138.627043,-34.88713],[138.627081,-34.887134],[138.627123,-34.887138]]}},{"type":"Feature","properties":{"tier":"high"},"geometry":{"type":"LineString","coordinates":[[138.629293,-34.889414],[138.629261,-34.889388],[138.629142,-34.889282],[138.628961,-34.889117],[138.628666,-34.888844],[138.628364,-34.888554]]}},{"type":"Feature","properties":{"tier":"high"},"geometry":{"type":"LineString","coordinates":[[138.628261,-34.887982],[138.62825,-34.888068],[138.62825,-34.888099],[138.628254,-34.888133],[138.62826,-34.888176],[138.628274,-34.888213],[138.628297,-34.888275]]}},{"type":"Feature","properties":{"tier":"high"},"geometry":{"type":"LineString","coordinates":[[138.629845,-34.889656],[138.630002,-34.889785],[138.630291,-34.890012]]}},{"type":"Feature","properties":{"tier":"high"},"geometry":{"type":"LineString","coordinates":[[138.627809,-34.888339],[138.627849,-34.888238],[138.627857,-34.888215],[138.627859,-34.888189],[138.627857,-34.888148],[138.627853,-34.888106],[138.627845,-34.88806],[138.627833,-34.888019]]}},{"type":"Feature","properties":{"tier":"high"},"geometry":{"type":"LineString","coordinates":[[138.644125,-34.963365],[138.644006,-34.963491]]}},{"type":"Feature","properties":{"tier":"high"},"geometry":{"type":"LineString","coordinates":[[138.644428,-34.96381],[138.64406,-34.963695],[138.643988,-34.963673],[138.643795,-34.963644]]}},{"type":"Feature","properties":{"tier":"high"},"geometry":{"type":"LineString","coordinates":[[138.640235,-34.912476],[138.640183,-34.912321],[138.640167,-34.912294],[138.640151,-34.912276],[138.640126,-34.91225],[138.640064,-34.912223]]}},{"type":"Feature","properties":{"tier":"high"},"geometry":{"type":"LineString","coordinates":[[138.644006,-34.963491],[138.643877,-34.963377]]}},{"type":"Feature","properties":{"tier":"high"},"geometry":{"type":"LineString","coordinates":[[138.643994,-34.963237],[138.644125,-34.963365]]}},{"type":"Feature","properties":{"tier":"arterial"},"geometry":{"type":"LineString","coordinates":[[138.643427,-34.939197],[138.642979,-34.93922]]}},{"type":"Feature","properties":{"tier":"high"},"geometry":{"type":"LineString","coordinates":[[138.635728,-34.893841],[138.635705,-34.893777],[138.635699,-34.893723],[138.635695,-34.893664]]}},{"type":"Feature","properties":{"tier":"high"},"geometry":{"type":"LineString","coordinates":[[138.641462,-34.926545],[138.641635,-34.926822],[138.641693,-34.926862],[138.64179,-34.926916]]}},{"type":"Feature","properties":{"tier":"high"},"geometry":{"type":"LineString","coordinates":[[138.641443,-34.927321],[138.641319,-34.927083],[138.641245,-34.927017],[138.64118,-34.926974]]}},{"type":"Feature","properties":{"tier":"high"},"geometry":{"type":"LineString","coordinates":[[138.631219,-34.890781],[138.631,-34.890647],[138.630829,-34.890546],[138.630695,-34.890455],[138.630584,-34.890379],[138.630454,-34.89029],[138.630202,-34.890102]]}},{"type":"Feature","properties":{"tier":"high"},"geometry":{"type":"LineString","coordinates":[[138.631362,-34.890866],[138.631219,-34.890781]]}},{"type":"Feature","properties":{"tier":"high"},"geometry":{"type":"LineString","coordinates":[[138.629685,-34.889724],[138.629293,-34.889414]]}},{"type":"Feature","properties":{"tier":"high"},"geometry":{"type":"LineString","coordinates":[[138.63898,-34.89673],[138.638938,-34.896614]]}},{"type":"Feature","properties":{"tier":"high"},"geometry":{"type":"LineString","coordinates":[[138.635695,-34.893664],[138.635649,-34.893663],[138.635573,-34.893658],[138.635471,-34.893636]]}},{"type":"Feature","properties":{"tier":"high"},"geometry":{"type":"LineString","coordinates":[[138.639848,-34.904925],[138.639791,-34.904869],[138.639759,-34.904828],[138.63971,-34.904753]]}},{"type":"Feature","properties":{"tier":"high"},"geometry":{"type":"LineString","coordinates":[[138.639741,-34.905098],[138.639769,-34.905039],[138.639787,-34.905009],[138.639813,-34.904973],[138.639848,-34.904925]]}},{"type":"Feature","properties":{"tier":"arterial"},"geometry":{"type":"LineString","coordinates":[[138.640341,-34.914758],[138.640235,-34.91476],[138.640202,-34.91476],[138.640002,-34.914767]]}},{"type":"Feature","properties":{"tier":"high"},"geometry":{"type":"LineString","coordinates":[[138.640648,-34.914653],[138.640683,-34.914685],[138.640722,-34.914715],[138.640755,-34.914736],[138.640792,-34.914757]]}},{"type":"Feature","properties":{"tier":"arterial"},"geometry":{"type":"LineString","coordinates":[[138.638722,-34.8968],[138.638884,-34.896659],[138.638886,-34.896658],[138.638891,-34.896653],[138.638938,-34.896614]]}},{"type":"Feature","properties":{"tier":"high"},"geometry":{"type":"LineString","coordinates":[[138.639044,-34.896934],[138.638999,-34.896889],[138.638973,-34.896877],[138.638952,-34.89687],[138.638905,-34.896869],[138.638863,-34.89687],[138.6388,-34.896876]]}},{"type":"Feature","properties":{"tier":"high"},"geometry":{"type":"LineString","coordinates":[[138.638764,-34.896148],[138.638969,-34.896266],[138.63903,-34.896297],[138.6391,-34.896325],[138.63915,-34.896343],[138.639186,-34.896353],[138.639213,-34.896358],[138.639247,-34.896363],[138.639286,-34.896367]]}},{"type":"Feature","properties":{"tier":"high"},"geometry":{"type":"LineString","coordinates":[[138.639069,-34.896505],[138.639119,-34.896615]]}},{"type":"Feature","properties":{"tier":"high"},"geometry":{"type":"LineString","coordinates":[[138.644311,-34.962953],[138.644299,-34.963003],[138.644281,-34.963077],[138.644247,-34.963168],[138.644213,-34.963245],[138.644196,-34.963275],[138.644185,-34.963289],[138.644125,-34.963365]]}},{"type":"Feature","properties":{"tier":"high"},"geometry":{"type":"LineString","coordinates":[[138.641157,-34.923954],[138.641128,-34.92359],[138.64112,-34.923499],[138.641114,-34.923437],[138.641064,-34.922678],[138.641021,-34.922026]]}},{"type":"Feature","properties":{"tier":"high"},"geometry":{"type":"LineString","coordinates":[[138.642937,-34.945334],[138.642892,-34.945301],[138.642861,-34.94527],[138.642839,-34.945232],[138.642823,-34.945208]]}},{"type":"Feature","properties":{"tier":"high"},"geometry":{"type":"LineString","coordinates":[[138.641903,-34.926905],[138.641622,-34.927075],[138.64153,-34.927185]]}},{"type":"Feature","properties":{"tier":"high"},"geometry":{"type":"LineString","coordinates":[[138.643737,-34.962959],[138.643802,-34.962992],[138.643857,-34.963009],[138.643932,-34.963017],[138.643983,-34.963019],[138.644018,-34.963013],[138.644071,-34.963001],[138.644135,-34.962977]]}},{"type":"Feature","properties":{"tier":"high"},"geometry":{"type":"LineString","coordinates":[[138.641348,-34.921036],[138.641156,-34.921127],[138.641126,-34.921144],[138.641104,-34.92116],[138.641084,-34.921178],[138.641063,-34.921199]]}},{"type":"Feature","properties":{"tier":"high"},"geometry":{"type":"LineString","coordinates":[[138.640581,-34.920902],[138.640705,-34.920854],[138.640834,-34.920811],[138.64088,-34.920783],[138.640927,-34.92074]]}},{"type":"Feature","properties":{"tier":"high"},"geometry":{"type":"LineString","coordinates":[[138.640961,-34.926995],[138.641058,-34.926955],[138.641248,-34.926877],[138.641309,-34.926838],[138.64135,-34.926801],[138.641394,-34.926757]]}},{"type":"Feature","properties":{"tier":"high"},"geometry":{"type":"LineString","coordinates":[[138.638722,-34.8968],[138.638817,-34.896634],[138.638832,-34.896608],[138.638845,-34.896577],[138.638852,-34.89654],[138.638855,-34.896512],[138.638856,-34.89648],[138.638857,-34.896455]]}},{"type":"Feature","properties":{"tier":"high"},"geometry":{"type":"LineString","coordinates":[[138.644311,-34.962953],[138.644324,-34.963178],[138.644337,-34.963351],[138.644338,-34.96338],[138.644352,-34.963459],[138.644362,-34.963512],[138.644372,-34.963555]]}},{"type":"Feature","properties":{"tier":"regional"},"geometry":{"type":"LineString","coordinates":[[138.642852,-34.945618],[138.642872,-34.94542],[138.642888,-34.945384],[138.642937,-34.945334]]}},{"type":"Feature","properties":{"tier":"regional"},"geometry":{"type":"LineString","coordinates":[[138.643748,-34.957535],[138.643856,-34.957529],[138.643912,-34.957527],[138.643935,-34.957525],[138.645052,-34.957467],[138.64681,-34.957375],[138.648045,-34.95731],[138.648731,-34.957274],[138.649239,-34.957247],[138.649553,-34.957231],[138.650037,-34.957205],[138.650384,-34.957187],[138.650579,-34.957177],[138.650937,-34.957158],[138.651662,-34.95712],[138.652279,-34.957088],[138.652434,-34.95708],[138.652591,-34.957071]]}},{"type":"Feature","properties":{"tier":"high"},"geometry":{"type":"LineString","coordinates":[[138.634389,-34.892813],[138.634373,-34.892763],[138.634363,-34.892719],[138.634353,-34.892648]]}},{"type":"Feature","properties":{"tier":"high"},"geometry":{"type":"LineString","coordinates":[[138.634353,-34.892648],[138.634293,-34.892655],[138.634225,-34.892658],[138.63417,-34.892654]]}},{"type":"Feature","properties":{"tier":"high"},"geometry":{"type":"LineString","coordinates":[[138.640364,-34.912218],[138.640326,-34.912174],[138.640299,-34.912144],[138.640269,-34.912107]]}},{"type":"Feature","properties":{"tier":"high"},"geometry":{"type":"LineString","coordinates":[[138.637494,-34.895155],[138.637439,-34.895151],[138.637394,-34.895146],[138.637348,-34.895136],[138.637292,-34.89512],[138.637237,-34.895104]]}},{"type":"Feature","properties":{"tier":"high"},"geometry":{"type":"LineString","coordinates":[[138.637571,-34.89535],[138.637513,-34.895255],[138.637507,-34.895232],[138.637497,-34.895205],[138.637495,-34.895185],[138.637494,-34.895155]]}},{"type":"Feature","properties":{"tier":"high"},"geometry":{"type":"LineString","coordinates":[[138.639393,-34.896431],[138.639315,-34.896591],[138.639308,-34.89661],[138.639291,-34.896652],[138.639277,-34.896696],[138.63926,-34.896766],[138.639248,-34.896823],[138.639226,-34.896913]]}},{"type":"Feature","properties":{"tier":"regional"},"geometry":{"type":"LineString","coordinates":[[138.634502,-34.951472],[138.634496,-34.951369],[138.634488,-34.951277],[138.634464,-34.950954],[138.634454,-34.950817],[138.634437,-34.950598],[138.634402,-34.950142],[138.634384,-34.949883],[138.634305,-34.94877],[138.634302,-34.948727],[138.634301,-34.948711],[138.634191,-34.947371],[138.634189,-34.947349],[138.634181,-34.947244],[138.634178,-34.94721],[138.634161,-34.947004],[138.634143,-34.946784],[138.63414,-34.946744],[138.634084,-34.946064],[138.634081,-34.946027]]}},{"type":"Feature","properties":{"tier":"arterial"},"geometry":{"type":"LineString","coordinates":[[138.625064,-34.946953],[138.625022,-34.946489],[138.625017,-34.946436],[138.625002,-34.946264]]}},{"type":"Feature","properties":{"tier":"arterial"},"geometry":{"type":"LineString","coordinates":[[138.625088,-34.94595],[138.625096,-34.946059],[138.625103,-34.946107],[138.625116,-34.946327]]}},{"type":"Feature","properties":{"tier":"arterial"},"geometry":{"type":"LineString","coordinates":[[138.625002,-34.946264],[138.624987,-34.946081],[138.62498,-34.945979]]}},{"type":"Feature","properties":{"tier":"high"},"geometry":{"type":"LineString","coordinates":[[138.62553,-34.946554],[138.625321,-34.946545],[138.625241,-34.946566],[138.625189,-34.946609],[138.625143,-34.946679]]}},{"type":"Feature","properties":{"tier":"high"},"geometry":{"type":"LineString","coordinates":[[138.625002,-34.946264],[138.625116,-34.946327]]}},{"type":"Feature","properties":{"tier":"high"},"geometry":{"type":"LineString","coordinates":[[138.62498,-34.946252],[138.625002,-34.946264]]}},{"type":"Feature","properties":{"tier":"high"},"geometry":{"type":"LineString","coordinates":[[138.690603,-34.984963],[138.690461,-34.98486],[138.690344,-34.984793],[138.690254,-34.984752],[138.690127,-34.9847],[138.689508,-34.9845]]}},{"type":"Feature","properties":{"tier":"high"},"geometry":{"type":"LineString","coordinates":[[138.639074,-34.963911],[138.639197,-34.96389],[138.639311,-34.963873],[138.639508,-34.96386],[138.639945,-34.963831],[138.640365,-34.963809]]}},{"type":"Feature","properties":{"tier":"high"},"geometry":{"type":"LineString","coordinates":[[138.633968,-34.964186],[138.633492,-34.964209],[138.632379,-34.964263],[138.631126,-34.964323],[138.629457,-34.964404],[138.628874,-34.964442]]}},{"type":"Feature","properties":{"tier":"high"},"geometry":{"type":"LineString","coordinates":[[138.638668,-34.963931],[138.637826,-34.963977],[138.636856,-34.964028],[138.636783,-34.964031]]}},{"type":"Feature","properties":{"tier":"high"},"geometry":{"type":"LineString","coordinates":[[138.644006,-34.963491],[138.643913,-34.963566],[138.643853,-34.963614],[138.643795,-34.963644]]}},{"type":"Feature","properties":{"tier":"high"},"geometry":{"type":"LineString","coordinates":[[138.633968,-34.964186],[138.634152,-34.964152],[138.634527,-34.964117],[138.634722,-34.964107],[138.635338,-34.964074],[138.635425,-34.96407],[138.635512,-34.964065]]}},{"type":"Feature","properties":{"tier":"high"},"geometry":{"type":"LineString","coordinates":[[138.636783,-34.964031],[138.636271,-34.964093],[138.636046,-34.964112],[138.635794,-34.964125],[138.635715,-34.964129],[138.635516,-34.964141]]}},{"type":"Feature","properties":{"tier":"high"},"geometry":{"type":"LineString","coordinates":[[138.627074,-34.964629],[138.626705,-34.964795],[138.626628,-34.964832],[138.626582,-34.964864],[138.626548,-34.964892],[138.626522,-34.96492],[138.626505,-34.964941]]}},{"type":"Feature","properties":{"tier":"regional"},"geometry":{"type":"LineString","coordinates":[[138.635516,-34.964141],[138.635518,-34.964175],[138.635519,-34.964191],[138.635583,-34.965196],[138.635645,-34.965982],[138.635694,-34.966698],[138.635716,-34.966986],[138.635747,-34.967401],[138.635823,-34.968403],[138.635826,-34.968444]]}},{"type":"Feature","properties":{"tier":"high"},"geometry":{"type":"LineString","coordinates":[[138.626391,-34.879334],[138.626461,-34.879398]]}},{"type":"Feature","properties":{"tier":"arterial"},"geometry":{"type":"LineString","coordinates":[[138.628004,-34.90937],[138.628103,-34.909461],[138.628116,-34.909472]]}},{"type":"Feature","properties":{"tier":"arterial"},"geometry":{"type":"LineString","coordinates":[[138.627937,-34.90945],[138.627861,-34.909371],[138.627664,-34.909165],[138.627495,-34.908947]]}},{"type":"Feature","properties":{"tier":"arterial"},"geometry":{"type":"LineString","coordinates":[[138.645146,-34.893937],[138.645264,-34.89391],[138.645305,-34.893911],[138.645338,-34.893916],[138.64538,-34.893927]]}},{"type":"Feature","properties":{"tier":"arterial"},"geometry":{"type":"LineString","coordinates":[[138.645593,-34.893844],[138.645563,-34.893922],[138.645561,-34.893933],[138.645559,-34.893943],[138.645558,-34.893965],[138.645558,-34.893986],[138.645564,-34.894011],[138.645578,-34.89403]]}},{"type":"Feature","properties":{"tier":"arterial"},"geometry":{"type":"LineString","coordinates":[[138.656577,-34.889428],[138.656568,-34.889521]]}},{"type":"Feature","properties":{"tier":"arterial"},"geometry":{"type":"LineString","coordinates":[[138.656873,-34.889504],[138.656718,-34.889542],[138.656673,-34.889567],[138.656661,-34.889576],[138.656645,-34.889588],[138.656625,-34.889611],[138.656608,-34.889638],[138.656592,-34.889678],[138.656575,-34.88973]]}},{"type":"Feature","properties":{"tier":"arterial"},"geometry":{"type":"LineString","coordinates":[[138.664762,-34.876649],[138.664831,-34.876684],[138.664892,-34.876686],[138.664969,-34.876686],[138.665056,-34.876683]]}},{"type":"Feature","properties":{"tier":"arterial"},"geometry":{"type":"LineString","coordinates":[[138.665012,-34.876775],[138.664915,-34.876757],[138.664802,-34.876739],[138.664781,-34.876733],[138.664748,-34.876717],[138.664708,-34.876697]]}},{"type":"Feature","properties":{"tier":"arterial"},"geometry":{"type":"LineString","coordinates":[[138.664708,-34.876697],[138.664634,-34.876656]]}},{"type":"Feature","properties":{"tier":"arterial"},"geometry":{"type":"LineString","coordinates":[[138.656482,-34.889459],[138.656496,-34.889355],[138.656506,-34.889308],[138.656526,-34.889256]]}},{"type":"Feature","properties":{"tier":"arterial"},"geometry":{"type":"LineString","coordinates":[[138.656704,-34.889184],[138.656691,-34.889201],[138.656621,-34.889319],[138.656607,-34.889346],[138.656591,-34.889377],[138.656587,-34.88939],[138.656577,-34.889428]]}},{"type":"Feature","properties":{"tier":"arterial"},"geometry":{"type":"LineString","coordinates":[[138.655518,-34.889777],[138.655858,-34.889646],[138.655971,-34.889602],[138.656136,-34.889541],[138.656202,-34.889516]]}},{"type":"Feature","properties":{"tier":"arterial"},"geometry":{"type":"LineString","coordinates":[[138.664532,-34.876896],[138.664457,-34.876982],[138.664042,-34.877639],[138.66388,-34.877881],[138.66365,-34.878226],[138.663633,-34.878255],[138.663594,-34.87832]]}},{"type":"Feature","properties":{"tier":"arterial"},"geometry":{"type":"LineString","coordinates":[[138.678825,-34.888319],[138.680588,-34.88823],[138.681037,-34.888207],[138.681077,-34.888205],[138.681134,-34.888199],[138.681209,-34.888198],[138.681507,-34.888182],[138.683944,-34.888068],[138.686145,-34.887954],[138.686345,-34.887946],[138.687236,-34.887898],[138.687888,-34.887858],[138.688135,-34.88781],[138.688417,-34.887744],[138.68861,-34.88767],[138.688785,-34.887611],[138.689213,-34.887379],[138.690081,-34.886868],[138.690417,-34.886718]]}},{"type":"Feature","properties":{"tier":"arterial"},"geometry":{"type":"LineString","coordinates":[[138.656704,-34.889184],[138.656717,-34.889274],[138.656725,-34.889298],[138.656733,-34.889315],[138.656745,-34.889331],[138.656766,-34.889347],[138.656791,-34.889363],[138.656821,-34.889378],[138.656885,-34.889408]]}},{"type":"Feature","properties":{"tier":"arterial"},"geometry":{"type":"LineString","coordinates":[[138.638308,-34.885418],[138.638439,-34.885571],[138.638514,-34.88571]]}},{"type":"Feature","properties":{"tier":"arterial"},"geometry":{"type":"LineString","coordinates":[[138.642532,-34.894983],[138.642506,-34.894938],[138.642487,-34.894904],[138.642482,-34.894894],[138.642383,-34.894747],[138.642365,-34.894718],[138.64163,-34.893646],[138.641477,-34.893424],[138.641148,-34.892931],[138.640926,-34.892599],[138.640639,-34.89217],[138.640625,-34.892148],[138.640578,-34.892077]]}},{"type":"Feature","properties":{"tier":"arterial"},"geometry":{"type":"LineString","coordinates":[[138.642454,-34.894693],[138.642585,-34.894801],[138.642611,-34.894817],[138.642642,-34.894827],[138.642658,-34.894833],[138.642695,-34.894841],[138.642728,-34.894843],[138.642768,-34.894843],[138.642824,-34.894838],[138.64292,-34.89483]]}},{"type":"Feature","properties":{"tier":"arterial"},"geometry":{"type":"LineString","coordinates":[[138.64538,-34.893927],[138.645386,-34.893904],[138.645396,-34.89388],[138.645406,-34.893857],[138.645422,-34.893833],[138.645452,-34.893814]]}},{"type":"Feature","properties":{"tier":"arterial"},"geometry":{"type":"LineString","coordinates":[[138.656494,-34.889833],[138.656446,-34.889717],[138.656425,-34.889672],[138.656397,-34.88964],[138.656373,-34.889629],[138.656347,-34.889618],[138.656249,-34.889607]]}},{"type":"Feature","properties":{"tier":"arterial"},"geometry":{"type":"LineString","coordinates":[[138.656474,-34.889532],[138.656418,-34.889544],[138.656364,-34.889565],[138.656249,-34.889607]]}},{"type":"Feature","properties":{"tier":"arterial"},"geometry":{"type":"LineString","coordinates":[[138.625634,-34.953854],[138.625627,-34.953762],[138.625625,-34.953743],[138.625577,-34.953142],[138.625573,-34.953086],[138.625557,-34.952896],[138.62554,-34.952683],[138.625515,-34.952363],[138.625506,-34.952257],[138.62548,-34.951932],[138.625472,-34.951826],[138.62546,-34.951672],[138.625456,-34.951624],[138.625418,-34.95115],[138.625395,-34.950867],[138.625394,-34.950855],[138.625353,-34.950341],[138.6253,-34.949671],[138.625233,-34.94884],[138.625207,-34.948511],[138.625175,-34.948107],[138.625168,-34.948021],[138.625164,-34.947981]]}},{"type":"Feature","properties":{"tier":"regional"},"geometry":{"type":"LineString","coordinates":[[138.62498,-34.970878],[138.626802,-34.970782],[138.626833,-34.970781],[138.626921,-34.970776]]}},{"type":"Feature","properties":{"tier":"regional"},"geometry":{"type":"LineString","coordinates":[[138.630297,-34.970631],[138.630424,-34.970625],[138.632932,-34.970501]]}},{"type":"Feature","properties":{"tier":"regional"},"geometry":{"type":"LineString","coordinates":[[138.626921,-34.970776],[138.627032,-34.970771],[138.627042,-34.970771],[138.630051,-34.970633],[138.630117,-34.97063]]}},{"type":"Feature","properties":{"tier":"regional"},"geometry":{"type":"LineString","coordinates":[[138.633112,-34.970491],[138.635769,-34.970367],[138.635837,-34.970364]]}},{"type":"Feature","properties":{"tier":"regional"},"geometry":{"type":"LineString","coordinates":[[138.635842,-34.968601],[138.635809,-34.968598],[138.635779,-34.968586],[138.635756,-34.968566],[138.635743,-34.96854],[138.635741,-34.968513],[138.635749,-34.968489],[138.635769,-34.968467],[138.635796,-34.968451],[138.635826,-34.968444]]}},{"type":"Feature","properties":{"tier":"regional"},"geometry":{"type":"LineString","coordinates":[[138.630117,-34.97063],[138.630138,-34.970589],[138.630163,-34.970573],[138.630182,-34.970567],[138.630213,-34.970564],[138.630244,-34.97057],[138.63026,-34.970578],[138.63027,-34.970585],[138.630288,-34.970606],[138.630297,-34.970631],[138.630287,-34.970672],[138.630266,-34.970694],[138.630239,-34.970707],[138.630208,-34.970712],[138.630177,-34.970708],[138.630142,-34.97069],[138.630124,-34.970669],[138.630117,-34.97063]]}},{"type":"Feature","properties":{"tier":"regional"},"geometry":{"type":"LineString","coordinates":[[138.635837,-34.970364],[138.635839,-34.970332],[138.635855,-34.970302],[138.635882,-34.970279],[138.635917,-34.970265],[138.635955,-34.970261]]}},{"type":"Feature","properties":{"tier":"regional"},"geometry":{"type":"LineString","coordinates":[[138.635898,-34.969699],[138.635881,-34.969527],[138.635873,-34.969333],[138.635842,-34.968601]]}},{"type":"Feature","properties":{"tier":"regional"},"geometry":{"type":"LineString","coordinates":[[138.633023,-34.970566],[138.633009,-34.970564],[138.632991,-34.970561],[138.632962,-34.970548],[138.632942,-34.970527],[138.632932,-34.970501],[138.632933,-34.970475],[138.632945,-34.970451],[138.632967,-34.970432],[138.632994,-34.97042],[138.633036,-34.970418],[138.633065,-34.970426],[138.633089,-34.970441],[138.633099,-34.970453],[138.633106,-34.970465],[138.633112,-34.970491],[138.633106,-34.970519],[138.633089,-34.970541],[138.633053,-34.970561],[138.633023,-34.970566]]}},{"type":"Feature","properties":{"tier":"regional"},"geometry":{"type":"LineString","coordinates":[[138.6262,-34.889193],[138.626233,-34.889197],[138.626269,-34.889215],[138.626288,-34.889237],[138.626298,-34.889268],[138.626294,-34.889295],[138.626283,-34.889314],[138.62626,-34.889334],[138.626238,-34.889344],[138.626206,-34.88935],[138.626175,-34.889347],[138.626145,-34.889334],[138.626128,-34.889321],[138.626112,-34.889297],[138.626107,-34.889276],[138.626111,-34.889249],[138.626135,-34.889215],[138.626163,-34.8892],[138.6262,-34.889193]]}},{"type":"Feature","properties":{"tier":"arterial"},"geometry":{"type":"LineString","coordinates":[[138.65682,-34.893144],[138.656847,-34.893503],[138.656854,-34.893578],[138.656919,-34.894474],[138.656975,-34.895273],[138.657004,-34.895724],[138.657015,-34.895885],[138.657033,-34.896181],[138.657123,-34.897283],[138.657141,-34.897481],[138.657187,-34.898123],[138.657246,-34.899036],[138.657272,-34.899262],[138.657331,-34.900222],[138.657372,-34.900687],[138.657381,-34.900793],[138.657384,-34.900829],[138.657392,-34.900922]]}},{"type":"Feature","properties":{"tier":"arterial"},"geometry":{"type":"LineString","coordinates":[[138.657268,-34.900929],[138.657262,-34.900839],[138.657222,-34.900228],[138.657199,-34.899952],[138.65715,-34.899267],[138.657129,-34.899044],[138.65707,-34.898131],[138.657036,-34.897485],[138.657025,-34.897284],[138.65693,-34.896186],[138.656893,-34.895482],[138.65688,-34.895276],[138.656823,-34.894478],[138.656721,-34.893148]]}},{"type":"Feature","properties":{"tier":"arterial"},"geometry":{"type":"LineString","coordinates":[[138.737231,-34.994201],[138.737323,-34.993989],[138.737595,-34.993324],[138.737736,-34.993086],[138.738848,-34.991214],[138.739205,-34.990684],[138.739661,-34.990005],[138.740013,-34.989521],[138.740296,-34.989275],[138.740791,-34.98906]]}},{"type":"Feature","properties":{"tier":"arterial"},"geometry":{"type":"LineString","coordinates":[[138.737019,-34.994969],[138.737231,-34.994201]]}},{"type":"Feature","properties":{"tier":"regional"},"geometry":{"type":"LineString","coordinates":[[138.652693,-34.956975],[138.652734,-34.956977],[138.652772,-34.956989],[138.652788,-34.957],[138.652802,-34.957012],[138.652817,-34.957034],[138.652825,-34.957058],[138.652823,-34.957091],[138.652813,-34.957114],[138.652796,-34.957135],[138.652781,-34.957146],[138.652764,-34.957155],[138.652735,-34.957164],[138.652694,-34.957166],[138.652674,-34.957162],[138.652655,-34.957156],[138.652638,-34.957147],[138.652622,-34.957136],[138.65261,-34.957122],[138.6526,-34.957108],[138.652594,-34.95709],[138.652591,-34.957071],[138.652593,-34.957055],[138.652598,-34.957039],[138.652611,-34.957017],[138.652631,-34.956999],[138.652666,-34.956981],[138.652693,-34.956975]]}},{"type":"Feature","properties":{"tier":"arterial"},"geometry":{"type":"LineString","coordinates":[[138.668027,-34.925396],[138.668274,-34.925349]]}},{"type":"Feature","properties":{"tier":"arterial"},"geometry":{"type":"LineString","coordinates":[[138.668274,-34.925349],[138.668167,-34.925411],[138.668104,-34.925451]]}},{"type":"Feature","properties":{"tier":"arterial"},"geometry":{"type":"LineString","coordinates":[[138.667964,-34.925544],[138.667885,-34.925556],[138.667768,-34.925549]]}},{"type":"Feature","properties":{"tier":"arterial"},"geometry":{"type":"LineString","coordinates":[[138.668792,-34.925183],[138.669004,-34.925115],[138.66916,-34.92505],[138.669228,-34.92502],[138.669559,-34.924876],[138.669776,-34.924799],[138.670039,-34.92472],[138.670285,-34.92466],[138.670364,-34.924646],[138.670578,-34.924613],[138.670628,-34.92461],[138.670856,-34.924596],[138.671152,-34.924593],[138.671388,-34.924602],[138.671487,-34.92461],[138.671704,-34.924623],[138.671897,-34.924629],[138.672234,-34.924624],[138.672621,-34.924612],[138.673046,-34.924595],[138.673294,-34.924588],[138.673571,-34.924579],[138.673782,-34.92457],[138.674063,-34.924553],[138.674228,-34.924544],[138.674428,-34.92453],[138.675206,-34.924481],[138.675334,-34.924474],[138.675687,-34.924453],[138.67577,-34.924446],[138.676104,-34.924425]]}},{"type":"Feature","properties":{"tier":"arterial"},"geometry":{"type":"LineString","coordinates":[[138.676799,-34.924433],[138.676754,-34.924433],[138.676715,-34.924429],[138.676653,-34.924416],[138.676596,-34.924401]]}},{"type":"Feature","properties":{"tier":"arterial"},"geometry":{"type":"LineString","coordinates":[[138.676596,-34.924401],[138.676642,-34.924378],[138.676708,-34.924356],[138.676737,-34.924345],[138.676787,-34.92433]]}},{"type":"Feature","properties":{"tier":"arterial"},"geometry":{"type":"LineString","coordinates":[[138.667768,-34.925549],[138.667798,-34.925531],[138.667876,-34.925493],[138.667919,-34.925464]]}},{"type":"Feature","properties":{"tier":"arterial"},"geometry":{"type":"LineString","coordinates":[[138.638101,-34.897455],[138.638186,-34.897357],[138.638257,-34.897273],[138.638292,-34.89723],[138.638419,-34.897099]]}},{"type":"Feature","properties":{"tier":"arterial"},"geometry":{"type":"LineString","coordinates":[[138.676932,-34.924306],[138.676955,-34.924323],[138.676971,-34.924345],[138.676977,-34.92437],[138.676974,-34.924396],[138.676962,-34.924419],[138.676942,-34.924439],[138.676915,-34.924453],[138.676885,-34.924459],[138.676853,-34.924458],[138.676824,-34.924449],[138.676799,-34.924433],[138.67678,-34.92441],[138.676772,-34.924383],[138.676774,-34.924355],[138.676787,-34.92433],[138.67681,-34.924309],[138.67684,-34.924296],[138.676873,-34.924291],[138.676904,-34.924295],[138.676932,-34.924306]]}},{"type":"Feature","properties":{"tier":"arterial"},"geometry":{"type":"LineString","coordinates":[[138.671519,-34.876699],[138.671353,-34.876613],[138.671298,-34.876587],[138.671254,-34.876563],[138.671211,-34.876539],[138.671162,-34.876515],[138.671059,-34.876472]]}},{"type":"Feature","properties":{"tier":"arterial"},"geometry":{"type":"LineString","coordinates":[[138.670783,-34.876395],[138.670831,-34.876387],[138.67089,-34.876364],[138.670929,-34.876339],[138.670957,-34.876312],[138.670978,-34.876283],[138.670994,-34.87625],[138.671001,-34.876222],[138.671003,-34.876194],[138.670991,-34.876134]]}},{"type":"Feature","properties":{"tier":"arterial"},"geometry":{"type":"LineString","coordinates":[[138.671884,-34.876435],[138.671784,-34.876462],[138.671735,-34.876492],[138.671697,-34.876532],[138.671685,-34.87655],[138.671679,-34.876562],[138.671674,-34.876573],[138.671663,-34.876611],[138.671661,-34.87664],[138.671675,-34.876706]]}},{"type":"Feature","properties":{"tier":"arterial"},"geometry":{"type":"LineString","coordinates":[[138.671519,-34.876699],[138.671459,-34.876638],[138.671376,-34.876549],[138.671348,-34.87652],[138.671294,-34.876461]]}},{"type":"Feature","properties":{"tier":"arterial"},"geometry":{"type":"LineString","coordinates":[[138.671165,-34.876173],[138.671399,-34.876287],[138.671462,-34.876315],[138.671499,-34.876331],[138.67156,-34.876358]]}},{"type":"Feature","properties":{"tier":"arterial"},"geometry":{"type":"LineString","coordinates":[[138.671165,-34.876173],[138.671268,-34.876289],[138.671291,-34.876314],[138.67134,-34.876369]]}},{"type":"Feature","properties":{"tier":"arterial"},"geometry":{"type":"LineString","coordinates":[[138.691188,-34.87731],[138.691212,-34.8773],[138.691267,-34.877293],[138.691301,-34.877296],[138.691312,-34.877299]]}},{"type":"Feature","properties":{"tier":"arterial"},"geometry":{"type":"LineString","coordinates":[[138.691317,-34.878121],[138.691348,-34.878548]]}},{"type":"Feature","properties":{"tier":"arterial"},"geometry":{"type":"LineString","coordinates":[[138.691387,-34.877566],[138.691349,-34.877676],[138.691332,-34.877751],[138.691326,-34.877908],[138.691317,-34.878121]]}},{"type":"Feature","properties":{"tier":"arterial"},"geometry":{"type":"LineString","coordinates":[[138.691317,-34.878121],[138.691272,-34.877911],[138.691253,-34.877808],[138.691241,-34.877755],[138.69122,-34.877709],[138.69119,-34.877645],[138.691142,-34.877562]]}},{"type":"Feature","properties":{"tier":"arterial"},"geometry":{"type":"LineString","coordinates":[[138.715973,-34.957506],[138.716023,-34.957595],[138.716058,-34.957668],[138.716071,-34.957741],[138.716045,-34.957903],[138.715984,-34.95803],[138.71585,-34.958305],[138.715751,-34.958465],[138.715621,-34.958611],[138.715146,-34.959139],[138.714626,-34.959673],[138.714461,-34.95979],[138.714351,-34.959856],[138.714212,-34.959894],[138.714099,-34.959961],[138.714023,-34.960061],[138.71396,-34.960195],[138.713893,-34.96044],[138.713835,-34.96076],[138.713825,-34.960856],[138.713861,-34.961079],[138.713935,-34.961208],[138.714011,-34.961297],[138.714559,-34.961746],[138.714623,-34.961811],[138.714669,-34.961875],[138.714875,-34.962277],[138.714894,-34.962317],[138.714899,-34.96236],[138.714878,-34.962441],[138.714721,-34.962698],[138.714696,-34.962748],[138.714686,-34.962809],[138.714684,-34.962919],[138.714662,-34.96298],[138.714641,-34.963033],[138.714396,-34.96354],[138.714341,-34.963665],[138.714223,-34.963971],[138.714143,-34.964288],[138.714097,-34.964384],[138.713945,-34.96454],[138.71387,-34.964585],[138.713778,-34.964608],[138.713654,-34.964603],[138.713339,-34.964549],[138.713156,-34.964545],[138.71294,-34.964571],[138.71281,-34.964623],[138.712745,-34.964742],[138.712781,-34.964893],[138.712858,-34.965141],[138.71285,-34.965203],[138.712819,-34.965252],[138.712739,-34.965314],[138.712594,-34.965384],[138.712386,-34.965472],[138.712196,-34.965538],[138.711925,-34.965692],[138.71168,-34.965801],[138.711399,-34.965886],[138.711226,-34.965941],[138.711077,-34.966021],[138.710892,-34.966192],[138.710786,-34.966316],[138.710721,-34.966435],[138.710712,-34.966567],[138.710757,-34.966649],[138.710868,-34.966766],[138.71129,-34.967092],[138.711573,-34.967281],[138.711758,-34.967377],[138.712399,-34.967843],[138.713038,-34.968173],[138.713435,-34.968421],[138.713563,-34.968511],[138.713686,-34.968613],[138.713777,-34.968797],[138.71382,-34.96894],[138.713835,-34.969039],[138.713827,-34.969145],[138.71378,-34.969294],[138.713716,-34.969363],[138.713653,-34.969436],[138.713277,-34.969867],[138.712865,-34.970492],[138.712611,-34.970806],[138.712473,-34.970945],[138.712221,-34.971157],[138.712006,-34.971309],[138.711724,-34.97152],[138.711553,-34.971652],[138.711422,-34.971768],[138.711265,-34.971946],[138.710741,-34.972442],[138.710575,-34.972543],[138.710433,-34.97259],[138.710283,-34.972614],[138.710119,-34.97262],[138.709945,-34.972607],[138.70968,-34.97255],[138.708765,-34.97229],[138.708474,-34.972213],[138.708285,-34.972184],[138.708117,-34.972193],[138.708017,-34.972226],[138.707888,-34.972277],[138.707795,-34.972362],[138.707711,-34.972514],[138.707585,-34.973266],[138.70749,-34.973687],[138.707456,-34.973887],[138.707461,-34.974055],[138.707513,-34.974207],[138.707613,-34.974363],[138.707658,-34.974455],[138.707666,-34.974567],[138.707612,-34.974861],[138.707625,-34.975065],[138.707672,-34.975209],[138.707761,-34.975347],[138.707933,-34.97559],[138.707978,-34.975672],[138.708013,-34.975773],[138.708032,-34.976063],[138.70807,-34.976213],[138.708151,-34.976335],[138.708212,-34.976394],[138.708313,-34.976439],[138.708446,-34.976455],[138.70861,-34.976455],[138.708843,-34.976454],[138.709053,-34.976488],[138.709216,-34.976545],[138.709384,-34.976626],[138.709429,-34.976653],[138.709539,-34.976731],[138.709629,-34.976821]]}},{"type":"Feature","properties":{"tier":"arterial"},"geometry":{"type":"LineString","coordinates":[[138.671806,-34.876839],[138.671901,-34.876914],[138.672003,-34.876973],[138.672051,-34.877001],[138.67228,-34.87711],[138.672541,-34.877232],[138.672904,-34.877455],[138.673027,-34.87756],[138.673123,-34.877648],[138.673197,-34.877729],[138.673341,-34.877894],[138.673388,-34.877989],[138.673446,-34.878093],[138.673512,-34.878234],[138.67355,-34.878382],[138.673565,-34.878456],[138.673581,-34.878538],[138.673589,-34.878594],[138.673619,-34.878804]]}},{"type":"Feature","properties":{"tier":"arterial"},"geometry":{"type":"LineString","coordinates":[[138.674553,-34.919276],[138.673921,-34.919308],[138.67338,-34.919334],[138.67241,-34.919383],[138.672307,-34.919387],[138.671826,-34.91941],[138.66988,-34.919507],[138.669471,-34.919529],[138.669201,-34.919541],[138.66835,-34.919585],[138.668189,-34.919593]]}},{"type":"Feature","properties":{"tier":"arterial"},"geometry":{"type":"LineString","coordinates":[[138.638894,-34.886446],[138.639031,-34.886718]]}},{"type":"Feature","properties":{"tier":"arterial"},"geometry":{"type":"LineString","coordinates":[[138.638782,-34.886507],[138.638681,-34.886284],[138.638587,-34.886088],[138.638463,-34.885828],[138.638426,-34.885754]]}},{"type":"Feature","properties":{"tier":"arterial"},"geometry":{"type":"LineString","coordinates":[[138.639492,-34.887831],[138.639622,-34.888331]]}},{"type":"Feature","properties":{"tier":"arterial"},"geometry":{"type":"LineString","coordinates":[[138.639622,-34.888331],[138.639622,-34.888334],[138.639638,-34.888424],[138.639645,-34.888459],[138.639716,-34.888925]]}},{"type":"Feature","properties":{"tier":"arterial"},"geometry":{"type":"LineString","coordinates":[[138.639031,-34.886718],[138.639126,-34.886916],[138.639147,-34.886958],[138.639234,-34.88718]]}},{"type":"Feature","properties":{"tier":"arterial"},"geometry":{"type":"LineString","coordinates":[[138.639517,-34.88835],[138.639396,-34.887838]]}},{"type":"Feature","properties":{"tier":"arterial"},"geometry":{"type":"LineString","coordinates":[[138.638919,-34.886769],[138.638782,-34.886507]]}},{"type":"Feature","properties":{"tier":"arterial"},"geometry":{"type":"LineString","coordinates":[[138.639396,-34.887838],[138.63936,-34.887749],[138.639345,-34.887711],[138.639148,-34.887221]]}},{"type":"Feature","properties":{"tier":"regional"},"geometry":{"type":"LineString","coordinates":[[138.651857,-34.944845],[138.651889,-34.944848],[138.651927,-34.944868],[138.651945,-34.944889],[138.651953,-34.944915],[138.651951,-34.944938],[138.651938,-34.944962],[138.651911,-34.944985],[138.651874,-34.944996]]}},{"type":"Feature","properties":{"tier":"regional"},"geometry":{"type":"LineString","coordinates":[[138.648561,-34.901384],[138.649191,-34.901352],[138.650299,-34.901298],[138.651672,-34.90123],[138.652041,-34.901212],[138.652225,-34.901202],[138.652468,-34.90119],[138.653708,-34.901129]]}},{"type":"Feature","properties":{"tier":"regional"},"geometry":{"type":"LineString","coordinates":[[138.653887,-34.901123],[138.654994,-34.901059],[138.655804,-34.901013],[138.656202,-34.90099],[138.656556,-34.90097],[138.65717,-34.900934],[138.657201,-34.900933],[138.657268,-34.900929],[138.657392,-34.900922]]}},{"type":"Feature","properties":{"tier":"regional"},"geometry":{"type":"LineString","coordinates":[[138.653708,-34.901129],[138.653712,-34.901108],[138.653731,-34.901081],[138.653772,-34.90106],[138.653814,-34.901058],[138.653852,-34.901072],[138.653878,-34.901096],[138.653887,-34.901123],[138.653883,-34.901153],[138.653861,-34.901183],[138.653833,-34.901198],[138.653801,-34.901204],[138.653774,-34.901201],[138.653732,-34.901181],[138.653712,-34.901153],[138.653708,-34.901129]]}},{"type":"Feature","properties":{"tier":"regional"},"geometry":{"type":"LineString","coordinates":[[138.657359,-34.895073],[138.657504,-34.894961],[138.657551,-34.894925],[138.657749,-34.894772],[138.658493,-34.894199],[138.658521,-34.894177],[138.658646,-34.894081],[138.658867,-34.89391],[138.659206,-34.893649],[138.659927,-34.893094],[138.66025,-34.892845],[138.660737,-34.892469],[138.661113,-34.892179],[138.661663,-34.891756],[138.661841,-34.891618],[138.662184,-34.891354],[138.662371,-34.89121],[138.662841,-34.890848],[138.6636,-34.890263],[138.663626,-34.890243],[138.664009,-34.889948],[138.664154,-34.889836],[138.664427,-34.889626],[138.6647,-34.889415]]}},{"type":"Feature","properties":{"tier":"arterial"},"geometry":{"type":"LineString","coordinates":[[138.742724,-34.888306],[138.742991,-34.88839],[138.743305,-34.888396],[138.743602,-34.888315],[138.743805,-34.888169],[138.743909,-34.887982],[138.743995,-34.887793],[138.744123,-34.887661],[138.744222,-34.887614],[138.744464,-34.887627],[138.74464,-34.887647],[138.744845,-34.887637],[138.745005,-34.887608],[138.745166,-34.887625],[138.745278,-34.887693],[138.745336,-34.887795],[138.745435,-34.887945],[138.745604,-34.888016],[138.745796,-34.888008],[138.745982,-34.887923],[138.746208,-34.887887],[138.746433,-34.887874],[138.746615,-34.887848],[138.746798,-34.887839],[138.746975,-34.887826],[138.747168,-34.887848],[138.747356,-34.887892],[138.747602,-34.887896],[138.747812,-34.887879],[138.748058,-34.887883],[138.74823,-34.887887],[138.748444,-34.887958],[138.748681,-34.888033],[138.748911,-34.888121],[138.749058,-34.888243],[138.749109,-34.888424],[138.749119,-34.888706],[138.749091,-34.889031],[138.749002,-34.889224],[138.748919,-34.889499],[138.748963,-34.889601],[138.749122,-34.889757],[138.749423,-34.890027],[138.749746,-34.890263],[138.75002,-34.890482]]}},{"type":"Feature","properties":{"tier":"arterial"},"geometry":{"type":"LineString","coordinates":[[138.746411,-34.884404],[138.746534,-34.884173],[138.74669,-34.883957],[138.746757,-34.883851],[138.746727,-34.88379],[138.74666,-34.883772],[138.746593,-34.883825],[138.74644,-34.883913],[138.746285,-34.884041],[138.746124,-34.884129],[138.745915,-34.884204],[138.745593,-34.884314],[138.745451,-34.884448],[138.745198,-34.884723],[138.745145,-34.884844],[138.745185,-34.884967],[138.745346,-34.885123],[138.745392,-34.885271],[138.745365,-34.885506],[138.745386,-34.885647],[138.745502,-34.885753],[138.745687,-34.885781],[138.745888,-34.885757],[138.746148,-34.885779],[138.746435,-34.885895],[138.746668,-34.886056],[138.746861,-34.886243],[138.747108,-34.886322],[138.747312,-34.88627],[138.747513,-34.886118],[138.747653,-34.886094],[138.747773,-34.886153],[138.7478,-34.886237],[138.74783,-34.886615],[138.747894,-34.88674],[138.748127,-34.886872],[138.748337,-34.886932],[138.748516,-34.886945],[138.748642,-34.887002],[138.748771,-34.887125],[138.74897,-34.887227],[138.749042,-34.887304],[138.749031,-34.887411],[138.748978,-34.887605],[138.74897,-34.887741],[138.749176,-34.888025],[138.749216,-34.888113],[138.749187,-34.888168],[138.74914,-34.888196],[138.749058,-34.888243]]}},{"type":"Feature","properties":{"tier":"arterial"},"geometry":{"type":"LineString","coordinates":[[138.692478,-34.886456],[138.692732,-34.886442],[138.694294,-34.886356],[138.695206,-34.886316],[138.697002,-34.886227],[138.697425,-34.886203],[138.697974,-34.886173],[138.698006,-34.886171],[138.69811,-34.886166],[138.700068,-34.886069],[138.700898,-34.886026]]}},{"type":"Feature","properties":{"tier":"regional"},"geometry":{"type":"LineString","coordinates":[[138.634044,-34.945615],[138.63401,-34.94522],[138.634001,-34.945093],[138.633954,-34.944441],[138.633936,-34.94419],[138.633893,-34.943608],[138.633837,-34.942829],[138.633802,-34.942349],[138.633797,-34.942274],[138.633777,-34.942006],[138.633768,-34.941875],[138.633757,-34.941719],[138.633756,-34.941708],[138.633748,-34.941609],[138.63371,-34.941071],[138.633673,-34.940574]]}},{"type":"Feature","properties":{"tier":"arterial"},"geometry":{"type":"LineString","coordinates":[[138.638752,-34.885669],[138.638654,-34.885776],[138.638587,-34.885848]]}},{"type":"Feature","properties":{"tier":"arterial"},"geometry":{"type":"LineString","coordinates":[[138.638439,-34.885571],[138.638566,-34.8856],[138.6387,-34.885631]]}},{"type":"Feature","properties":{"tier":"arterial"},"geometry":{"type":"LineString","coordinates":[[138.676072,-34.913389],[138.67602,-34.913133],[138.676015,-34.913112],[138.675994,-34.913008]]}},{"type":"Feature","properties":{"tier":"arterial"},"geometry":{"type":"LineString","coordinates":[[138.691905,-34.886096],[138.6919,-34.886037],[138.691899,-34.886019],[138.691872,-34.885569],[138.691845,-34.885116],[138.691791,-34.884604],[138.691759,-34.884308],[138.691739,-34.883959],[138.691735,-34.883878],[138.691669,-34.882714],[138.691554,-34.881292],[138.691495,-34.880687],[138.691445,-34.87991],[138.691413,-34.879494],[138.691394,-34.879208],[138.691348,-34.878548]]}},{"type":"Feature","properties":{"tier":"regional"},"geometry":{"type":"LineString","coordinates":[[138.679994,-34.87498],[138.68001,-34.875211],[138.680016,-34.875277],[138.680004,-34.87535],[138.680008,-34.875397],[138.680036,-34.875496],[138.680046,-34.875573],[138.68005,-34.875836],[138.680052,-34.875962]]}},{"type":"Feature","properties":{"tier":"arterial"},"geometry":{"type":"LineString","coordinates":[[138.629485,-34.91186],[138.629585,-34.911814]]}},{"type":"Feature","properties":{"tier":"arterial"},"geometry":{"type":"LineString","coordinates":[[138.627694,-34.90909],[138.627887,-34.909167],[138.627921,-34.909178],[138.627955,-34.909181],[138.627988,-34.90918],[138.628037,-34.909178],[138.628093,-34.909166],[138.628139,-34.909149],[138.628222,-34.909111]]}},{"type":"Feature","properties":{"tier":"arterial"},"geometry":{"type":"LineString","coordinates":[[138.674261,-34.888255],[138.674329,-34.888364],[138.674368,-34.888433],[138.674392,-34.888463],[138.674419,-34.888483],[138.674445,-34.888497],[138.674525,-34.888532]]}},{"type":"Feature","properties":{"tier":"arterial"},"geometry":{"type":"LineString","coordinates":[[138.631145,-34.915255],[138.631307,-34.915156],[138.63132,-34.915144],[138.63134,-34.915126],[138.631357,-34.915077],[138.631365,-34.915047],[138.631379,-34.914993]]}},{"type":"Feature","properties":{"tier":"arterial"},"geometry":{"type":"LineString","coordinates":[[138.673857,-34.888562],[138.674024,-34.888488],[138.674052,-34.888472],[138.674079,-34.888452],[138.674103,-34.888423],[138.67412,-34.888398],[138.674164,-34.888331]]}},{"type":"Feature","properties":{"tier":"arterial"},"geometry":{"type":"LineString","coordinates":[[138.674192,-34.888857],[138.674106,-34.888735],[138.674074,-34.888716],[138.674039,-34.888696],[138.674003,-34.888685],[138.673913,-34.888644]]}},{"type":"Feature","properties":{"tier":"arterial"},"geometry":{"type":"LineString","coordinates":[[138.632089,-34.915208],[138.631945,-34.915293],[138.631876,-34.915333],[138.631814,-34.915376],[138.631786,-34.915394],[138.631765,-34.915421],[138.63175,-34.915454],[138.63173,-34.915501]]}},{"type":"Feature","properties":{"tier":"arterial"},"geometry":{"type":"LineString","coordinates":[[138.674578,-34.888612],[138.67447,-34.88868],[138.674438,-34.888698],[138.674417,-34.888714],[138.6744,-34.888728],[138.67438,-34.888755],[138.674303,-34.888906]]}},{"type":"Feature","properties":{"tier":"arterial"},"geometry":{"type":"LineString","coordinates":[[138.654322,-34.890373],[138.654343,-34.890244]]}},{"type":"Feature","properties":{"tier":"regional"},"geometry":{"type":"LineString","coordinates":[[138.670494,-34.903513],[138.66995,-34.903543],[138.668949,-34.903588],[138.668634,-34.903606],[138.667969,-34.903639],[138.666438,-34.903723],[138.666331,-34.90373]]}},{"type":"Feature","properties":{"tier":"regional"},"geometry":{"type":"LineString","coordinates":[[138.657036,-34.897485],[138.657141,-34.897481],[138.65728,-34.897474],[138.657657,-34.897455],[138.657728,-34.897452],[138.658105,-34.897433],[138.658312,-34.897424],[138.659085,-34.897384],[138.659346,-34.897371],[138.660265,-34.897331],[138.661181,-34.897281],[138.661477,-34.897269],[138.663612,-34.897161],[138.664474,-34.897118],[138.66572,-34.897067],[138.665794,-34.897062],[138.665893,-34.897057]]}},{"type":"Feature","properties":{"tier":"arterial"},"geometry":{"type":"LineString","coordinates":[[138.675994,-34.913008],[138.675988,-34.912928]]}},{"type":"Feature","properties":{"tier":"arterial"},"geometry":{"type":"LineString","coordinates":[[138.676504,-34.91936],[138.676592,-34.920413],[138.676628,-34.920926],[138.67669,-34.921784],[138.67678,-34.922984],[138.676786,-34.923081],[138.676841,-34.92385]]}},{"type":"Feature","properties":{"tier":"arterial"},"geometry":{"type":"LineString","coordinates":[[138.70509,-34.995685],[138.705419,-34.995674],[138.705742,-34.995647],[138.70599,-34.995604],[138.70628,-34.995521],[138.70652,-34.995415],[138.706728,-34.995284],[138.706821,-34.995209],[138.706958,-34.995097],[138.707176,-34.994872],[138.708137,-34.993886],[138.708992,-34.992993],[138.709253,-34.992678],[138.709344,-34.992468],[138.709374,-34.992328],[138.709374,-34.992178],[138.709318,-34.991975],[138.709238,-34.991842],[138.709122,-34.99171],[138.708738,-34.991395],[138.70837,-34.991051],[138.708173,-34.990749],[138.708125,-34.990635],[138.708039,-34.990427],[138.708013,-34.990344],[138.707944,-34.990115],[138.707888,-34.989891],[138.707859,-34.989661],[138.707866,-34.989459]]}},{"type":"Feature","properties":{"tier":"arterial"},"geometry":{"type":"LineString","coordinates":[[138.684588,-34.900423],[138.685025,-34.900408],[138.685524,-34.900383],[138.686343,-34.900341],[138.6875,-34.900281],[138.688626,-34.900223],[138.688698,-34.90022],[138.690798,-34.900113],[138.690882,-34.900105],[138.690972,-34.900074],[138.691038,-34.900039]]}},{"type":"Feature","properties":{"tier":"arterial"},"geometry":{"type":"LineString","coordinates":[[138.710276,-34.911121],[138.710581,-34.911113],[138.710845,-34.911105],[138.711182,-34.91113],[138.711681,-34.911266],[138.712087,-34.911442],[138.712806,-34.911912],[138.713423,-34.912219],[138.713555,-34.912326],[138.713714,-34.912486],[138.714697,-34.913542],[138.714834,-34.913715],[138.715222,-34.914309],[138.71546,-34.914576],[138.715554,-34.914651],[138.715859,-34.914826],[138.716504,-34.915071],[138.716656,-34.915158],[138.716734,-34.915232],[138.716829,-34.915374],[138.717069,-34.915874],[138.71723,-34.916066],[138.718153,-34.916749],[138.718376,-34.916914],[138.718553,-34.917034],[138.718942,-34.917249],[138.719463,-34.917604],[138.71988,-34.917864],[138.720048,-34.918051],[138.720214,-34.918293],[138.720297,-34.918388],[138.720434,-34.918489],[138.720541,-34.918534],[138.720636,-34.918553],[138.720788,-34.918549],[138.720962,-34.918499],[138.721281,-34.918359],[138.721446,-34.918314],[138.721533,-34.918307],[138.721713,-34.918334],[138.721887,-34.918426],[138.722007,-34.918542],[138.722076,-34.918653],[138.722187,-34.918897],[138.722399,-34.919251],[138.722431,-34.919345],[138.722431,-34.919506],[138.722342,-34.919957],[138.722353,-34.920091],[138.722422,-34.920317],[138.72249,-34.920449],[138.722608,-34.920565],[138.72273,-34.920624],[138.722857,-34.920649],[138.723108,-34.920666],[138.723502,-34.920672],[138.723661,-34.920701],[138.723804,-34.92078],[138.723874,-34.920859],[138.723919,-34.92095],[138.723934,-34.921065],[138.723883,-34.921257],[138.723744,-34.921501],[138.723688,-34.921637],[138.723661,-34.921787],[138.723676,-34.921912],[138.723725,-34.922087],[138.723785,-34.922221],[138.723932,-34.922364],[138.724057,-34.922437],[138.724304,-34.922553],[138.724602,-34.922666],[138.724723,-34.922718],[138.724781,-34.922769]]}},{"type":"Feature","properties":{"tier":"arterial"},"geometry":{"type":"LineString","coordinates":[[138.684276,-34.902263],[138.683982,-34.902278]]}},{"type":"Feature","properties":{"tier":"arterial"},"geometry":{"type":"LineString","coordinates":[[138.628487,-34.910193],[138.628573,-34.910139]]}},{"type":"Feature","properties":{"tier":"arterial"},"geometry":{"type":"LineString","coordinates":[[138.64163,-34.893646],[138.641726,-34.893608]]}},{"type":"Feature","properties":{"tier":"arterial"},"geometry":{"type":"LineString","coordinates":[[138.633964,-34.915116],[138.633976,-34.915115],[138.634362,-34.915096],[138.634943,-34.915068],[138.635258,-34.915052],[138.63533,-34.915048],[138.635902,-34.91502],[138.636137,-34.915009],[138.636299,-34.915001],[138.636784,-34.914977],[138.63731,-34.914951],[138.637427,-34.914945]]}},{"type":"Feature","properties":{"tier":"arterial"},"geometry":{"type":"LineString","coordinates":[[138.632703,-34.915178],[138.633036,-34.915162],[138.633072,-34.91516]]}},{"type":"Feature","properties":{"tier":"arterial"},"geometry":{"type":"LineString","coordinates":[[138.629412,-34.911737],[138.629175,-34.911342],[138.629088,-34.911196],[138.628989,-34.911031],[138.628947,-34.910961]]}},{"type":"Feature","properties":{"tier":"arterial"},"geometry":{"type":"LineString","coordinates":[[138.628526,-34.910258],[138.628487,-34.910193],[138.62823,-34.909765],[138.628032,-34.90955]]}},{"type":"Feature","properties":{"tier":"regional"},"geometry":{"type":"LineString","coordinates":[[138.631834,-34.916213],[138.631837,-34.916254],[138.63185,-34.916459],[138.631897,-34.917203],[138.631968,-34.918193],[138.631971,-34.918234],[138.631973,-34.918269],[138.631976,-34.918304],[138.63198,-34.91835],[138.632002,-34.918745],[138.632038,-34.919205],[138.632049,-34.919344],[138.632096,-34.919929],[138.632132,-34.920374]]}},{"type":"Feature","properties":{"tier":"regional"},"geometry":{"type":"LineString","coordinates":[[138.631811,-34.915954],[138.631818,-34.916048],[138.631826,-34.916132],[138.631834,-34.916213]]}},{"type":"Feature","properties":{"tier":"arterial"},"geometry":{"type":"LineString","coordinates":[[138.640578,-34.892077],[138.640669,-34.892033]]}},{"type":"Feature","properties":{"tier":"arterial"},"geometry":{"type":"LineString","coordinates":[[138.630323,-34.913245],[138.630421,-34.913199]]}},{"type":"Feature","properties":{"tier":"arterial"},"geometry":{"type":"LineString","coordinates":[[138.639774,-34.890008],[138.639887,-34.889994]]}},{"type":"Feature","properties":{"tier":"regional"},"geometry":{"type":"LineString","coordinates":[[138.648035,-34.896806],[138.648033,-34.89676],[138.647968,-34.896156],[138.64796,-34.896077],[138.647852,-34.895796],[138.647615,-34.895546],[138.64737,-34.89525],[138.647255,-34.895142],[138.646855,-34.894814],[138.646817,-34.894785],[138.646661,-34.894666],[138.646566,-34.894606],[138.646463,-34.894542],[138.645713,-34.894108],[138.645578,-34.89403],[138.645465,-34.893971],[138.64538,-34.893927]]}},{"type":"Feature","properties":{"tier":"regional"},"geometry":{"type":"LineString","coordinates":[[138.64799,-34.896826],[138.64801,-34.896813],[138.648035,-34.896806],[138.648061,-34.896807],[138.64809,-34.896818],[138.648107,-34.896833],[138.648118,-34.896853],[138.648119,-34.896874],[138.648111,-34.896894],[138.648105,-34.896903],[138.648086,-34.896918],[138.648062,-34.896926],[138.648036,-34.896927],[138.64802,-34.896924],[138.647998,-34.896913],[138.647981,-34.896897],[138.647972,-34.896877],[138.647972,-34.896856],[138.647981,-34.896836],[138.64799,-34.896826]]}},{"type":"Feature","properties":{"tier":"arterial"},"geometry":{"type":"LineString","coordinates":[[138.724991,-34.922924],[138.725059,-34.923043],[138.725094,-34.923079],[138.725244,-34.923335],[138.725317,-34.923459],[138.725767,-34.923945],[138.725938,-34.924275],[138.726067,-34.924661]]}},{"type":"Feature","properties":{"tier":"regional"},"geometry":{"type":"LineString","coordinates":[[138.652407,-34.953495],[138.652414,-34.953472],[138.652429,-34.953456],[138.652455,-34.953445],[138.65248,-34.953443],[138.652497,-34.953445],[138.652533,-34.953458],[138.652558,-34.953484],[138.652566,-34.953501],[138.652573,-34.953529],[138.65257,-34.953549],[138.65256,-34.953566],[138.652533,-34.953581],[138.652489,-34.953582],[138.652465,-34.953575],[138.652445,-34.953564],[138.652428,-34.953547],[138.652413,-34.953526],[138.652407,-34.953495]]}},{"type":"Feature","properties":{"tier":"regional"},"geometry":{"type":"LineString","coordinates":[[138.652489,-34.953582],[138.65251,-34.953955],[138.652588,-34.954751],[138.652593,-34.954794],[138.652678,-34.955697],[138.652733,-34.956357],[138.652754,-34.956815],[138.652721,-34.956884],[138.652718,-34.956893],[138.652693,-34.956975]]}},{"type":"Feature","properties":{"tier":"regional"},"geometry":{"type":"LineString","coordinates":[[138.6545,-34.950923],[138.654376,-34.950943],[138.654256,-34.950949],[138.654161,-34.950954],[138.653717,-34.950973],[138.653206,-34.951001],[138.652565,-34.951037],[138.652486,-34.951047],[138.65242,-34.95108],[138.652383,-34.951109]]}},{"type":"Feature","properties":{"tier":"regional"},"geometry":{"type":"LineString","coordinates":[[138.65209,-34.947638],[138.652116,-34.947842],[138.65215,-34.948007],[138.652513,-34.948641],[138.652607,-34.948748],[138.652704,-34.948826],[138.652904,-34.948898],[138.653363,-34.949029],[138.653562,-34.949132],[138.653732,-34.949273],[138.654373,-34.949857],[138.654487,-34.949981],[138.654514,-34.950067],[138.654528,-34.950254],[138.65455,-34.950553],[138.654561,-34.95067],[138.654576,-34.950821]]}},{"type":"Feature","properties":{"tier":"regional"},"geometry":{"type":"LineString","coordinates":[[138.658333,-34.944609],[138.658247,-34.944615],[138.657006,-34.944698],[138.65626,-34.944741],[138.656225,-34.944742],[138.655742,-34.944768],[138.655003,-34.944801],[138.654113,-34.944867],[138.654097,-34.944868],[138.653921,-34.944873],[138.653027,-34.94492],[138.652201,-34.944967],[138.652072,-34.944961],[138.652045,-34.944956],[138.651951,-34.944938]]}},{"type":"Feature","properties":{"tier":"regional"},"geometry":{"type":"LineString","coordinates":[[138.660628,-34.944497],[138.660582,-34.944501],[138.660495,-34.944507],[138.658563,-34.944584]]}},{"type":"Feature","properties":{"tier":"arterial"},"geometry":{"type":"LineString","coordinates":[[138.684588,-34.900423],[138.684278,-34.90054]]}},{"type":"Feature","properties":{"tier":"regional"},"geometry":{"type":"LineString","coordinates":[[138.648469,-34.901468],[138.648428,-34.90146],[138.648393,-34.901438],[138.648383,-34.901421],[138.648377,-34.901409],[138.648374,-34.901384],[138.648387,-34.901352],[138.648404,-34.901334],[138.648434,-34.901319],[138.648482,-34.901315],[138.648522,-34.901329],[138.648551,-34.901356],[138.648561,-34.901384],[138.648557,-34.901413],[138.64854,-34.901439],[138.648506,-34.90146],[138.648469,-34.901468]]}},{"type":"Feature","properties":{"tier":"arterial"},"geometry":{"type":"LineString","coordinates":[[138.625116,-34.946327],[138.625128,-34.946484],[138.625143,-34.946679]]}},{"type":"Feature","properties":{"tier":"arterial"},"geometry":{"type":"LineString","coordinates":[[138.702989,-34.997162],[138.702926,-34.99728],[138.702879,-34.997368],[138.702683,-34.997729]]}},{"type":"Feature","properties":{"tier":"arterial"},"geometry":{"type":"LineString","coordinates":[[138.668423,-34.888927],[138.668355,-34.888906],[138.66833,-34.888883],[138.668307,-34.888838]]}},{"type":"Feature","properties":{"tier":"arterial"},"geometry":{"type":"LineString","coordinates":[[138.671123,-34.888796],[138.671109,-34.888775],[138.671099,-34.888761],[138.671088,-34.888738],[138.671077,-34.888707]]}},{"type":"Feature","properties":{"tier":"arterial"},"geometry":{"type":"LineString","coordinates":[[138.645894,-34.893636],[138.646032,-34.893598],[138.64607,-34.893605],[138.646091,-34.893616],[138.646107,-34.893642]]}},{"type":"Feature","properties":{"tier":"regional"},"geometry":{"type":"LineString","coordinates":[[138.666331,-34.90373],[138.664302,-34.903835],[138.662154,-34.903937],[138.662051,-34.903943],[138.661087,-34.903992],[138.66016,-34.904039],[138.660056,-34.904044],[138.659992,-34.904048],[138.659887,-34.904054],[138.658989,-34.9041],[138.658736,-34.904108],[138.658054,-34.904141]]}},{"type":"Feature","properties":{"tier":"regional"},"geometry":{"type":"LineString","coordinates":[[138.632132,-34.920374],[138.631941,-34.920383]]}},{"type":"Feature","properties":{"tier":"arterial"},"geometry":{"type":"LineString","coordinates":[[138.691038,-34.900039],[138.691082,-34.899991],[138.6911,-34.899952],[138.69111,-34.899884],[138.691094,-34.8997],[138.691042,-34.89907],[138.69092,-34.897604],[138.690882,-34.897142],[138.690869,-34.896979],[138.690831,-34.896429],[138.690787,-34.895788],[138.690763,-34.895499],[138.690756,-34.895332],[138.69074,-34.8951],[138.690663,-34.894108],[138.690672,-34.894058],[138.690699,-34.894021],[138.690782,-34.894005],[138.69242,-34.893921],[138.692458,-34.893906],[138.692491,-34.893861],[138.692461,-34.893328],[138.692386,-34.892307],[138.692315,-34.891343],[138.692248,-34.890435],[138.692242,-34.890359],[138.692237,-34.890279],[138.692174,-34.889532],[138.692151,-34.889109],[138.692113,-34.88863],[138.692086,-34.888259],[138.692044,-34.887775],[138.692011,-34.887392],[138.691978,-34.886946]]}},{"type":"Feature","properties":{"tier":"arterial"},"geometry":{"type":"LineString","coordinates":[[138.688423,-34.87712],[138.688711,-34.877212],[138.68902,-34.877286],[138.689312,-34.877338],[138.689617,-34.877381],[138.690068,-34.877407],[138.69042,-34.877404],[138.690456,-34.877403],[138.690911,-34.877381],[138.691015,-34.877368],[138.691115,-34.877357]]}},{"type":"Feature","properties":{"tier":"arterial"},"geometry":{"type":"LineString","coordinates":[[138.685275,-34.875784],[138.685455,-34.875825],[138.68565,-34.875875],[138.685888,-34.875968],[138.686099,-34.876061],[138.687415,-34.876702],[138.687878,-34.876918],[138.688182,-34.877038],[138.688228,-34.877056],[138.688423,-34.87712]]}},{"type":"Feature","properties":{"tier":"arterial"},"geometry":{"type":"LineString","coordinates":[[138.692074,-34.886378],[138.692185,-34.88641],[138.6923,-34.886431],[138.692322,-34.886434],[138.692478,-34.886456]]}},{"type":"Feature","properties":{"tier":"arterial"},"geometry":{"type":"LineString","coordinates":[[138.692478,-34.886456],[138.69233,-34.886487],[138.692304,-34.886492],[138.69222,-34.886516],[138.692108,-34.886553]]}},{"type":"Feature","properties":{"tier":"arterial"},"geometry":{"type":"LineString","coordinates":[[138.692084,-34.886583],[138.692039,-34.886695],[138.692015,-34.886794],[138.691978,-34.886946]]}},{"type":"Feature","properties":{"tier":"arterial"},"geometry":{"type":"LineString","coordinates":[[138.691905,-34.886096],[138.691939,-34.886164],[138.691949,-34.886183],[138.691985,-34.886257],[138.692028,-34.886351]]}},{"type":"Feature","properties":{"tier":"arterial"},"geometry":{"type":"LineString","coordinates":[[138.691833,-34.886367],[138.691865,-34.886276],[138.691885,-34.886176],[138.691887,-34.886168],[138.691905,-34.886096]]}},{"type":"Feature","properties":{"tier":"arterial"},"geometry":{"type":"LineString","coordinates":[[138.691978,-34.886946],[138.691923,-34.886803],[138.691883,-34.886722],[138.691861,-34.886671],[138.691842,-34.886634],[138.691831,-34.886606]]}},{"type":"Feature","properties":{"tier":"arterial"},"geometry":{"type":"LineString","coordinates":[[138.684182,-34.900772],[138.684143,-34.900529]]}},{"type":"Feature","properties":{"tier":"arterial"},"geometry":{"type":"LineString","coordinates":[[138.692084,-34.886583],[138.692074,-34.886592],[138.692043,-34.886613],[138.691992,-34.886632],[138.691944,-34.886637],[138.691888,-34.88663],[138.691855,-34.886616],[138.691831,-34.886606]]}},{"type":"Feature","properties":{"tier":"arterial"},"geometry":{"type":"LineString","coordinates":[[138.658303,-34.913712],[138.658359,-34.913758],[138.658399,-34.913784],[138.658446,-34.913805],[138.658504,-34.913829],[138.658622,-34.91388]]}},{"type":"Feature","properties":{"tier":"arterial"},"geometry":{"type":"LineString","coordinates":[[138.675773,-34.909916],[138.67576,-34.909709],[138.675735,-34.909296]]}},{"type":"Feature","properties":{"tier":"arterial"},"geometry":{"type":"LineString","coordinates":[[138.674192,-34.888857],[138.674184,-34.888729],[138.674182,-34.888703],[138.674179,-34.88863],[138.674178,-34.888547]]}},{"type":"Feature","properties":{"tier":"arterial"},"geometry":{"type":"LineString","coordinates":[[138.686647,-34.979933],[138.686463,-34.979415],[138.686419,-34.979282],[138.686378,-34.979064],[138.686363,-34.978859],[138.686365,-34.978714],[138.686375,-34.978601],[138.686384,-34.978471],[138.686402,-34.978176],[138.686402,-34.978018],[138.68639,-34.977807],[138.686312,-34.977472],[138.686259,-34.977336],[138.686199,-34.97723],[138.686147,-34.977136],[138.68609,-34.977045],[138.685962,-34.976895],[138.685759,-34.976709],[138.685553,-34.976566],[138.685311,-34.976447],[138.685143,-34.976375],[138.684953,-34.976319],[138.684826,-34.976284],[138.684608,-34.976242],[138.684281,-34.976201],[138.683859,-34.976178],[138.683292,-34.976147],[138.682743,-34.976121],[138.682116,-34.97609],[138.681869,-34.976073],[138.681587,-34.976042],[138.681253,-34.975984],[138.680935,-34.975915],[138.680601,-34.975841],[138.680091,-34.975737],[138.679776,-34.97568],[138.679515,-34.975648],[138.67913,-34.975618],[138.678497,-34.975555],[138.678134,-34.975496],[138.677991,-34.975465],[138.677858,-34.975427],[138.677556,-34.975343],[138.677187,-34.975229],[138.677078,-34.97519],[138.675113,-34.974489],[138.674665,-34.974329],[138.67439,-34.974228],[138.674257,-34.974183],[138.674114,-34.974144],[138.673974,-34.974114],[138.673837,-34.9741],[138.673693,-34.9741],[138.673567,-34.974109],[138.673488,-34.974137],[138.673379,-34.974186],[138.67322,-34.974271],[138.673092,-34.974378],[138.673016,-34.974469],[138.672917,-34.974611],[138.672747,-34.97494],[138.672573,-34.975266],[138.672462,-34.975471],[138.672349,-34.975611],[138.672211,-34.975713],[138.672107,-34.975757],[138.672004,-34.975788],[138.671753,-34.975809],[138.671509,-34.975746],[138.671387,-34.975683],[138.671266,-34.975587],[138.67116,-34.97544],[138.67112,-34.975338],[138.670853,-34.974427],[138.670771,-34.974262],[138.67065,-34.974114],[138.670493,-34.974002],[138.670322,-34.973918],[138.670127,-34.973846],[138.669674,-34.973672],[138.669536,-34.973593],[138.669389,-34.973438],[138.669271,-34.973222],[138.669149,-34.972998],[138.669076,-34.97289],[138.668974,-34.972785],[138.668844,-34.972711],[138.668687,-34.97265],[138.668524,-34.972607],[138.668304,-34.972595],[138.66806,-34.972632],[138.667825,-34.972678],[138.667535,-34.972788],[138.667363,-34.972886],[138.667144,-34.973044],[138.666421,-34.973722],[138.666273,-34.973914],[138.666215,-34.974002],[138.666123,-34.974162],[138.666038,-34.974311],[138.665988,-34.97439],[138.665923,-34.974467],[138.665876,-34.974512],[138.665812,-34.974564],[138.665756,-34.974599],[138.665708,-34.974621],[138.665647,-34.974642],[138.665584,-34.974658],[138.665508,-34.974668],[138.665428,-34.974668],[138.66535,-34.974664],[138.665275,-34.974648],[138.665194,-34.974621],[138.665134,-34.974592],[138.665093,-34.974567]]}},{"type":"Feature","properties":{"tier":"arterial"},"geometry":{"type":"LineString","coordinates":[[138.720232,-34.957998],[138.720071,-34.957841],[138.719641,-34.9575],[138.719539,-34.957396],[138.719456,-34.957275],[138.719178,-34.956781],[138.718865,-34.956344],[138.718718,-34.95617],[138.718622,-34.956079],[138.718363,-34.955828],[138.718268,-34.955774],[138.71818,-34.955748],[138.718083,-34.955748],[138.717991,-34.955773],[138.717927,-34.955814],[138.717877,-34.955868],[138.717634,-34.956164],[138.717464,-34.956277],[138.717149,-34.95644],[138.717042,-34.956516],[138.71685,-34.956688],[138.716573,-34.956892],[138.716452,-34.957008],[138.715973,-34.957506],[138.715914,-34.957588],[138.715619,-34.957846],[138.715435,-34.957956],[138.715299,-34.957986],[138.715106,-34.957968],[138.714735,-34.957843],[138.714262,-34.957622],[138.714013,-34.95757],[138.713879,-34.957581],[138.713582,-34.957649],[138.713114,-34.957885],[138.712894,-34.957942],[138.712702,-34.958003],[138.7126,-34.958045],[138.712518,-34.958109],[138.712493,-34.958189],[138.712457,-34.958416],[138.712403,-34.958494],[138.712282,-34.958545],[138.712172,-34.958556],[138.712043,-34.958525],[138.711926,-34.958475],[138.711737,-34.95838],[138.711165,-34.958065],[138.710973,-34.957981],[138.710768,-34.957926],[138.710604,-34.957894],[138.710448,-34.957902],[138.709815,-34.957996],[138.709656,-34.958007],[138.709449,-34.957997],[138.709303,-34.957961],[138.709057,-34.957863],[138.708845,-34.957786],[138.707851,-34.957632],[138.707462,-34.957539],[138.707262,-34.95746],[138.70659,-34.957127],[138.705227,-34.956561],[138.704286,-34.956145],[138.70417,-34.956064],[138.703889,-34.955754],[138.703772,-34.955622],[138.703643,-34.955553],[138.70346,-34.95551],[138.702825,-34.955504],[138.702437,-34.955473]]}},{"type":"Feature","properties":{"tier":"arterial"},"geometry":{"type":"LineString","coordinates":[[138.75002,-34.962868],[138.749866,-34.962707],[138.74958,-34.962626],[138.749291,-34.962565],[138.748996,-34.962448],[138.748923,-34.962105],[138.748984,-34.961761],[138.748942,-34.961342],[138.748869,-34.961171],[138.748756,-34.961016],[138.748555,-34.960841],[138.74828,-34.960599],[138.747781,-34.960299],[138.747546,-34.960124],[138.747471,-34.960049],[138.747415,-34.959943],[138.747302,-34.959643],[138.747176,-34.959428],[138.747011,-34.959324],[138.746927,-34.959288],[138.74657,-34.959133],[138.746434,-34.959074],[138.74615,-34.958945]]}},{"type":"Feature","properties":{"tier":"regional"},"geometry":{"type":"LineString","coordinates":[[138.661072,-34.950575],[138.660728,-34.950594],[138.660257,-34.950618],[138.659895,-34.950637],[138.65981,-34.950642],[138.65974,-34.950643],[138.659449,-34.950661]]}},{"type":"Feature","properties":{"tier":"regional"},"geometry":{"type":"LineString","coordinates":[[138.637765,-34.956271],[138.637319,-34.95629],[138.637205,-34.956294],[138.636929,-34.956306],[138.636636,-34.956318],[138.636022,-34.956355],[138.635264,-34.956398],[138.634839,-34.956421],[138.634164,-34.956455],[138.633893,-34.95647],[138.633283,-34.956495],[138.632728,-34.956518],[138.632601,-34.956524],[138.631371,-34.956595],[138.63086,-34.956622],[138.630061,-34.956663],[138.629789,-34.956677],[138.629464,-34.956693],[138.629075,-34.956713],[138.628865,-34.956724],[138.628698,-34.956732],[138.628502,-34.956742],[138.628256,-34.956754],[138.627871,-34.956774],[138.626475,-34.956845]]}},{"type":"Feature","properties":{"tier":"regional"},"geometry":{"type":"LineString","coordinates":[[138.63245,-34.92741],[138.632454,-34.92733],[138.632456,-34.927173],[138.632358,-34.925897],[138.632253,-34.924484],[138.63225,-34.924451],[138.632246,-34.924402],[138.632242,-34.924365],[138.632238,-34.92431],[138.632194,-34.923694],[138.632143,-34.922923],[138.632065,-34.921945],[138.632056,-34.921854],[138.63202,-34.92149]]}},{"type":"Feature","properties":{"tier":"arterial"},"geometry":{"type":"LineString","coordinates":[[138.650034,-34.938784],[138.650178,-34.938777],[138.650423,-34.938764]]}},{"type":"Feature","properties":{"tier":"arterial"},"geometry":{"type":"LineString","coordinates":[[138.655948,-34.938532],[138.654933,-34.93857],[138.653461,-34.938636],[138.653416,-34.938638],[138.652676,-34.938684],[138.652082,-34.938721]]}},{"type":"Feature","properties":{"tier":"arterial"},"geometry":{"type":"LineString","coordinates":[[138.638741,-34.939356],[138.638854,-34.93935],[138.640179,-34.939281],[138.640486,-34.939265],[138.640609,-34.939259],[138.640697,-34.939254],[138.641048,-34.939236],[138.641415,-34.939217],[138.641526,-34.939211]]}},{"type":"Feature","properties":{"tier":"arterial"},"geometry":{"type":"LineString","coordinates":[[138.627215,-34.940051],[138.626369,-34.940101],[138.625676,-34.94018],[138.62498,-34.940224]]}},{"type":"Feature","properties":{"tier":"regional"},"geometry":{"type":"LineString","coordinates":[[138.677379,-34.931252],[138.67738,-34.930102],[138.67738,-34.930031],[138.677376,-34.929879],[138.677356,-34.929161],[138.67719,-34.928706],[138.677141,-34.928004],[138.677106,-34.927663],[138.677056,-34.927025],[138.676991,-34.926145],[138.676914,-34.924863]]}},{"type":"Feature","properties":{"tier":"arterial"},"geometry":{"type":"LineString","coordinates":[[138.625216,-34.977927],[138.62498,-34.978102]]}},{"type":"Feature","properties":{"tier":"arterial"},"geometry":{"type":"LineString","coordinates":[[138.62531,-34.977803],[138.625471,-34.977728],[138.62561,-34.977677],[138.625974,-34.977589]]}},{"type":"Feature","properties":{"tier":"arterial"},"geometry":{"type":"LineString","coordinates":[[138.639148,-34.887221],[138.639125,-34.887163],[138.638919,-34.886769]]}},{"type":"Feature","properties":{"tier":"arterial"},"geometry":{"type":"LineString","coordinates":[[138.638528,-34.885736],[138.638587,-34.885848],[138.638674,-34.886018],[138.638894,-34.886446]]}},{"type":"Feature","properties":{"tier":"arterial"},"geometry":{"type":"LineString","coordinates":[[138.639234,-34.88718],[138.639349,-34.887468],[138.639492,-34.887831]]}},{"type":"Feature","properties":{"tier":"arterial"},"geometry":{"type":"LineString","coordinates":[[138.638212,-34.885222],[138.638097,-34.884978],[138.637797,-34.884339],[138.63776,-34.884265],[138.63763,-34.884008],[138.637464,-34.883678],[138.63726,-34.883274],[138.637233,-34.88322],[138.637098,-34.882955],[138.63707,-34.882899],[138.636933,-34.882629],[138.636822,-34.88241],[138.63668,-34.882128]]}},{"type":"Feature","properties":{"tier":"regional"},"geometry":{"type":"LineString","coordinates":[[138.62498,-34.88963],[138.625853,-34.889323],[138.625976,-34.889281],[138.626038,-34.889278],[138.626107,-34.889276]]}},{"type":"Feature","properties":{"tier":"arterial"},"geometry":{"type":"LineString","coordinates":[[138.681841,-34.911701],[138.681915,-34.911628],[138.682014,-34.911562],[138.682168,-34.911494],[138.683172,-34.911134],[138.683547,-34.910995],[138.683885,-34.910846],[138.684015,-34.910772],[138.684099,-34.910719],[138.684256,-34.910609]]}},{"type":"Feature","properties":{"tier":"arterial"},"geometry":{"type":"LineString","coordinates":[[138.68176,-34.911813],[138.681841,-34.911701]]}},{"type":"Feature","properties":{"tier":"arterial"},"geometry":{"type":"LineString","coordinates":[[138.62498,-34.921652],[138.625035,-34.92165],[138.625371,-34.921634],[138.625538,-34.921626],[138.625911,-34.921607],[138.62641,-34.921584],[138.626625,-34.921574],[138.627454,-34.921536],[138.627563,-34.921531]]}},{"type":"Feature","properties":{"tier":"arterial"},"geometry":{"type":"LineString","coordinates":[[138.62498,-34.906294],[138.625336,-34.906661],[138.625618,-34.906965],[138.625753,-34.907111],[138.62615,-34.907535],[138.626553,-34.907945],[138.626967,-34.908373],[138.627145,-34.908555],[138.627442,-34.90889]]}},{"type":"Feature","properties":{"tier":"arterial"},"geometry":{"type":"LineString","coordinates":[[138.634378,-34.921188],[138.634423,-34.921266]]}},{"type":"Feature","properties":{"tier":"arterial"},"geometry":{"type":"LineString","coordinates":[[138.75002,-34.924055],[138.749956,-34.924142],[138.749753,-34.924568],[138.749649,-34.924743],[138.749551,-34.924849],[138.749316,-34.925035],[138.749218,-34.92509],[138.749064,-34.92515],[138.748608,-34.925222],[138.748457,-34.925263],[138.748243,-34.925398],[138.747986,-34.925628],[138.747855,-34.925722],[138.747489,-34.925956],[138.747393,-34.926054],[138.747347,-34.926102],[138.747157,-34.926449],[138.746936,-34.927038],[138.746856,-34.927259],[138.746756,-34.92747],[138.746632,-34.927678],[138.746487,-34.927953],[138.746382,-34.928182],[138.746362,-34.928268],[138.746361,-34.928438],[138.746396,-34.928566],[138.746584,-34.928912],[138.746638,-34.929047],[138.746651,-34.929126],[138.746628,-34.929238],[138.746566,-34.92937],[138.746359,-34.929697],[138.746256,-34.929917],[138.746185,-34.930427],[138.746153,-34.930554],[138.746093,-34.930683],[138.745967,-34.930867],[138.744972,-34.932133],[138.74492,-34.932238],[138.744856,-34.932504],[138.744808,-34.9328],[138.744741,-34.933046],[138.744629,-34.933253],[138.744524,-34.933373],[138.74427,-34.933565],[138.743067,-34.934262],[138.742855,-34.934397],[138.742727,-34.934506],[138.742661,-34.934597],[138.742599,-34.934736],[138.742462,-34.935198],[138.742386,-34.935332],[138.742107,-34.935667],[138.742042,-34.935797],[138.742022,-34.935883],[138.742028,-34.935962],[138.742097,-34.936274],[138.742086,-34.936343],[138.74202,-34.936465],[138.741893,-34.936585],[138.741607,-34.936779]]}},{"type":"Feature","properties":{"tier":"arterial"},"geometry":{"type":"LineString","coordinates":[[138.671162,-34.968401],[138.671131,-34.968402],[138.671092,-34.968398],[138.671053,-34.968393],[138.671008,-34.968381],[138.670966,-34.968367],[138.670932,-34.968354],[138.670895,-34.968337],[138.670866,-34.968319],[138.670669,-34.96818],[138.670555,-34.968099],[138.67042,-34.968015],[138.670295,-34.967945],[138.670144,-34.967875],[138.669976,-34.967807],[138.669873,-34.967768],[138.669731,-34.967724],[138.669586,-34.967688],[138.669477,-34.967664],[138.669192,-34.967616],[138.669004,-34.967584],[138.66879,-34.96755],[138.668629,-34.967524],[138.668496,-34.96751],[138.668345,-34.96751],[138.668235,-34.967521],[138.668114,-34.967558],[138.668007,-34.967607],[138.667913,-34.967672],[138.667855,-34.967727],[138.667794,-34.967799],[138.667738,-34.96789],[138.667704,-34.967979],[138.667685,-34.968148]]}},{"type":"Feature","properties":{"tier":"arterial"},"geometry":{"type":"LineString","coordinates":[[138.665093,-34.974567],[138.665042,-34.974526],[138.665,-34.974485],[138.664964,-34.974442],[138.664936,-34.974401],[138.664914,-34.974357],[138.664897,-34.974317],[138.664886,-34.974287],[138.664877,-34.974249],[138.664869,-34.974183],[138.66486,-34.974093],[138.664854,-34.974001],[138.664846,-34.973855],[138.664827,-34.973321],[138.664894,-34.972466],[138.66488,-34.972284],[138.664852,-34.972184],[138.664826,-34.972121]]}},{"type":"Feature","properties":{"tier":"arterial"},"geometry":{"type":"LineString","coordinates":[[138.742854,-34.988254],[138.743472,-34.988016],[138.743614,-34.987915],[138.7437,-34.987802],[138.743737,-34.987629],[138.743744,-34.987424],[138.743688,-34.986814],[138.743669,-34.98664],[138.743588,-34.986311],[138.743424,-34.986022],[138.743298,-34.985774],[138.743243,-34.985564]]}},{"type":"Feature","properties":{"tier":"high"},"geometry":{"type":"LineString","coordinates":[[138.646493,-34.964867],[138.646388,-34.96481],[138.646257,-34.964739],[138.64622,-34.964721]]}},{"type":"Feature","properties":{"tier":"arterial"},"geometry":{"type":"LineString","coordinates":[[138.74615,-34.958945],[138.746025,-34.958882],[138.74593,-34.958836],[138.745867,-34.958767],[138.745841,-34.958725],[138.745809,-34.958659],[138.745813,-34.958569],[138.745834,-34.95815],[138.74585,-34.957831],[138.745855,-34.957738],[138.745878,-34.957285],[138.745888,-34.95709],[138.74582,-34.956964],[138.745661,-34.956829],[138.745484,-34.956729],[138.745348,-34.95665],[138.745221,-34.956582],[138.74496,-34.956426],[138.744425,-34.956105],[138.744353,-34.956062],[138.744265,-34.956011],[138.744071,-34.955898],[138.743614,-34.95564],[138.74343,-34.955535],[138.743181,-34.955382],[138.743002,-34.955318],[138.742816,-34.955291],[138.742611,-34.955277],[138.742402,-34.9553],[138.742106,-34.955359],[138.741937,-34.955441],[138.741811,-34.955532],[138.741687,-34.955679],[138.741356,-34.956162]]}},{"type":"Feature","properties":{"tier":"arterial"},"geometry":{"type":"LineString","coordinates":[[138.741356,-34.956162],[138.740587,-34.957249],[138.740346,-34.957589],[138.740107,-34.957822],[138.739955,-34.957952],[138.739638,-34.958224],[138.739395,-34.958404],[138.739284,-34.95846],[138.739121,-34.958511],[138.738917,-34.958544],[138.737419,-34.958606]]}},{"type":"Feature","properties":{"tier":"regional"},"geometry":{"type":"LineString","coordinates":[[138.740921,-34.964836],[138.740884,-34.965636],[138.740746,-34.96671],[138.740723,-34.966779],[138.740669,-34.966897],[138.739724,-34.968237],[138.739507,-34.968577],[138.739444,-34.968698],[138.739369,-34.968843],[138.739156,-34.971126],[138.739131,-34.971215],[138.739043,-34.97131],[138.739002,-34.971337],[138.738922,-34.971374],[138.738612,-34.971471],[138.738389,-34.971543],[138.737548,-34.972018],[138.736384,-34.972673],[138.736219,-34.972799],[138.736064,-34.972964],[138.735965,-34.973107],[138.735845,-34.973218],[138.735725,-34.973289],[138.735587,-34.973337],[138.735381,-34.97332],[138.735253,-34.973262],[138.735105,-34.973114],[138.734979,-34.972941],[138.734845,-34.972825],[138.734391,-34.972615],[138.733369,-34.972152],[138.733143,-34.972053],[138.733015,-34.972022]]}},{"type":"Feature","properties":{"tier":"arterial"},"geometry":{"type":"LineString","coordinates":[[138.722636,-34.997319],[138.722111,-34.997285],[138.721782,-34.997284],[138.721586,-34.997295],[138.720326,-34.997445],[138.719991,-34.997446],[138.719531,-34.997396],[138.719361,-34.99736],[138.718692,-34.997136],[138.718368,-34.996983],[138.718312,-34.996956],[138.71793,-34.99673],[138.717682,-34.99654],[138.717546,-34.996406],[138.717395,-34.996256],[138.717264,-34.996088],[138.717251,-34.996071]]}},{"type":"Feature","properties":{"tier":"arterial"},"geometry":{"type":"LineString","coordinates":[[138.716624,-34.99468],[138.71653,-34.994536]]}},{"type":"Feature","properties":{"tier":"arterial"},"geometry":{"type":"LineString","coordinates":[[138.716812,-34.994368],[138.71666,-34.994466]]}},{"type":"Feature","properties":{"tier":"arterial"},"geometry":{"type":"LineString","coordinates":[[138.716812,-34.994368],[138.716967,-34.994299]]}},{"type":"Feature","properties":{"tier":"arterial"},"geometry":{"type":"LineString","coordinates":[[138.716335,-34.994271],[138.716434,-34.994317],[138.716505,-34.994346]]}},{"type":"Feature","properties":{"tier":"arterial"},"geometry":{"type":"LineString","coordinates":[[138.729371,-34.976088],[138.729756,-34.975515],[138.730401,-34.974674],[138.730598,-34.974189],[138.730634,-34.973962],[138.730625,-34.97379],[138.730334,-34.973281],[138.730296,-34.973161],[138.730292,-34.97298],[138.730324,-34.972847],[138.730379,-34.97275],[138.730434,-34.972678],[138.730522,-34.972593],[138.731176,-34.972111],[138.731335,-34.972032],[138.731564,-34.972013],[138.732362,-34.972043],[138.732443,-34.972029],[138.732693,-34.971934],[138.732832,-34.971843],[138.732895,-34.971778],[138.732969,-34.971594],[138.733079,-34.970092],[138.73315,-34.969878],[138.733187,-34.969823],[138.733286,-34.969678],[138.733495,-34.969468],[138.733702,-34.969166],[138.733909,-34.968694],[138.734329,-34.967855],[138.734319,-34.967567],[138.734249,-34.967455],[138.733909,-34.967007],[138.733799,-34.966809],[138.733803,-34.966618],[138.733947,-34.966392],[138.73412,-34.966247],[138.734387,-34.966083],[138.734648,-34.965918],[138.734755,-34.965767],[138.734786,-34.965722],[138.734877,-34.96548],[138.734867,-34.96535],[138.734837,-34.964948],[138.734856,-34.964835],[138.735073,-34.964384],[138.735288,-34.96391],[138.735321,-34.963477],[138.735329,-34.963265],[138.735204,-34.962549],[138.735273,-34.962211],[138.735405,-34.961976]]}},{"type":"Feature","properties":{"tier":"arterial"},"geometry":{"type":"LineString","coordinates":[[138.717858,-34.993901],[138.718381,-34.99365],[138.718642,-34.993524],[138.718971,-34.993346],[138.720146,-34.99265],[138.721213,-34.992018],[138.721518,-34.991837],[138.722144,-34.991349],[138.722905,-34.99068],[138.724611,-34.989294],[138.725251,-34.988739],[138.725444,-34.988532],[138.725526,-34.988406],[138.725601,-34.988308],[138.726196,-34.986519],[138.726551,-34.985814],[138.72657,-34.985733],[138.726607,-34.985559],[138.72657,-34.985319],[138.726212,-34.984615],[138.725769,-34.983501],[138.725752,-34.983414],[138.725738,-34.983338],[138.725751,-34.983166],[138.72577,-34.983033],[138.725834,-34.982825],[138.72591,-34.982685],[138.725998,-34.982557],[138.726175,-34.982304],[138.726211,-34.982247],[138.726337,-34.982081],[138.726598,-34.981757],[138.726861,-34.981448],[138.726994,-34.981316],[138.727668,-34.980843],[138.729575,-34.979624],[138.72982,-34.97944],[138.730064,-34.979269],[138.730133,-34.979209],[138.730257,-34.979063],[138.730342,-34.978938],[138.730465,-34.97868],[138.730511,-34.978506],[138.730496,-34.97832],[138.730456,-34.978218],[138.730361,-34.978088],[138.730126,-34.977916],[138.729867,-34.977763]]}},{"type":"Feature","properties":{"tier":"arterial"},"geometry":{"type":"LineString","coordinates":[[138.735405,-34.961976],[138.735463,-34.961608],[138.735157,-34.961091],[138.735003,-34.960688],[138.734817,-34.960269],[138.734685,-34.95997],[138.734576,-34.959848],[138.734529,-34.959787],[138.734424,-34.959716],[138.734249,-34.959585]]}},{"type":"Feature","properties":{"tier":"high"},"geometry":{"type":"LineString","coordinates":[[138.700451,-34.99519],[138.700481,-34.995211],[138.700741,-34.995416],[138.700763,-34.995435],[138.700976,-34.99564],[138.700997,-34.995663],[138.701131,-34.995826],[138.701156,-34.995858],[138.701371,-34.996139]]}},{"type":"Feature","properties":{"tier":"arterial"},"geometry":{"type":"LineString","coordinates":[[138.741143,-34.88957],[138.741708,-34.88917],[138.741969,-34.888531],[138.742188,-34.888236],[138.742521,-34.888218],[138.742724,-34.888306]]}},{"type":"Feature","properties":{"tier":"arterial"},"geometry":{"type":"LineString","coordinates":[[138.702437,-34.955473],[138.702327,-34.955441],[138.702163,-34.955388],[138.701879,-34.955242],[138.701738,-34.955153],[138.701416,-34.954963],[138.70103,-34.954827],[138.700417,-34.954718],[138.699939,-34.954664],[138.69963,-34.954608],[138.698951,-34.954277],[138.698597,-34.954194],[138.698257,-34.954132],[138.69799,-34.954003],[138.69764,-34.953788],[138.697235,-34.953581],[138.696934,-34.953529],[138.696819,-34.953532],[138.696654,-34.95355],[138.696363,-34.953595],[138.696165,-34.953567],[138.69599,-34.953517],[138.695777,-34.953321],[138.695648,-34.953094],[138.695606,-34.952883],[138.695614,-34.952726],[138.695614,-34.952619],[138.695567,-34.952488],[138.695362,-34.952262],[138.694945,-34.952008],[138.694513,-34.951794],[138.69404,-34.951517],[138.693952,-34.951437],[138.693873,-34.951332],[138.693779,-34.951204],[138.693639,-34.950958],[138.693553,-34.950877],[138.693454,-34.950813],[138.693265,-34.950748],[138.693104,-34.950679],[138.692797,-34.950476],[138.692686,-34.950438],[138.692604,-34.950431],[138.69249,-34.950456],[138.6922,-34.95052],[138.691868,-34.950592],[138.691723,-34.950648],[138.691421,-34.950801],[138.691299,-34.950852],[138.691131,-34.950913],[138.690989,-34.950948],[138.690819,-34.950973],[138.690573,-34.95096],[138.690206,-34.95086],[138.689984,-34.950799],[138.689829,-34.950766],[138.689712,-34.950754],[138.689582,-34.950758],[138.689297,-34.950786],[138.689094,-34.950798],[138.688948,-34.950813],[138.688787,-34.950848],[138.688669,-34.950881],[138.688285,-34.951],[138.688091,-34.951062],[138.687971,-34.95111],[138.68787,-34.951159],[138.687532,-34.951356],[138.687172,-34.951475],[138.685659,-34.952034],[138.685,-34.952257],[138.684661,-34.95237],[138.684391,-34.952426],[138.684141,-34.952434],[138.683792,-34.952394],[138.683329,-34.952307],[138.683112,-34.952248],[138.68298,-34.952181],[138.682872,-34.952108],[138.682768,-34.952016],[138.682688,-34.951917],[138.682593,-34.951762],[138.682521,-34.951683],[138.682443,-34.95162],[138.682285,-34.95152],[138.681584,-34.951049],[138.681338,-34.950891],[138.681237,-34.950805],[138.681157,-34.950714],[138.680991,-34.950412],[138.680716,-34.949859],[138.680421,-34.949444],[138.680108,-34.949068],[138.679825,-34.948845],[138.679502,-34.948635],[138.679012,-34.948381],[138.678895,-34.948322],[138.678717,-34.948246],[138.677897,-34.947972],[138.677417,-34.947779],[138.677225,-34.94771],[138.676736,-34.947585],[138.676569,-34.94757],[138.676403,-34.947582],[138.675749,-34.947705],[138.675008,-34.947916],[138.674491,-34.948135],[138.67436,-34.948197],[138.674103,-34.948373],[138.673232,-34.949014],[138.673031,-34.949147],[138.672889,-34.949206],[138.672716,-34.94921],[138.672606,-34.949183],[138.67252,-34.949138],[138.67235,-34.948993],[138.672158,-34.948745],[138.671972,-34.948421],[138.67194,-34.948281],[138.671944,-34.948161],[138.671974,-34.948061],[138.672012,-34.948011],[138.672092,-34.947867],[138.672277,-34.947564],[138.672325,-34.947477],[138.672365,-34.947359],[138.672373,-34.947237],[138.672357,-34.947115],[138.672307,-34.946917],[138.672269,-34.946856],[138.672218,-34.9468],[138.672116,-34.946744],[138.671966,-34.946678],[138.671812,-34.946608],[138.671547,-34.946483],[138.671249,-34.946332],[138.671058,-34.946227],[138.670861,-34.946098],[138.670769,-34.946015],[138.670693,-34.945909],[138.670629,-34.945775],[138.670586,-34.945648],[138.670569,-34.945492],[138.670587,-34.945391],[138.670621,-34.945296],[138.67068,-34.945204],[138.670787,-34.945086],[138.67092,-34.945002],[138.67107,-34.944936],[138.671212,-34.944906],[138.671379,-34.944893],[138.671545,-34.944891],[138.671734,-34.944905],[138.671923,-34.944931],[138.672275,-34.944996],[138.672492,-34.945042],[138.672607,-34.945036],[138.672675,-34.944993],[138.672694,-34.944952],[138.672688,-34.944911],[138.672631,-34.944829],[138.672378,-34.944553],[138.672111,-34.944236],[138.672,-34.944083],[138.671945,-34.943989],[138.671918,-34.943894],[138.671901,-34.943778],[138.67192,-34.943705],[138.671956,-34.943636],[138.672058,-34.943582],[138.672187,-34.943562],[138.672288,-34.943548],[138.672346,-34.943528],[138.672389,-34.943472],[138.672392,-34.943394],[138.672305,-34.94318],[138.67219,-34.942949],[138.671958,-34.942486],[138.671642,-34.941882],[138.67157,-34.941657],[138.671573,-34.94152],[138.671612,-34.941421],[138.671691,-34.941328],[138.671789,-34.941275],[138.671897,-34.941241],[138.672047,-34.941211]]}},{"type":"Feature","properties":{"tier":"arterial"},"geometry":{"type":"LineString","coordinates":[[138.731577,-34.929024],[138.731686,-34.9292],[138.731948,-34.929427],[138.732056,-34.929551],[138.732338,-34.929972],[138.732398,-34.930086],[138.732484,-34.930548],[138.732586,-34.930952],[138.732606,-34.931293],[138.732561,-34.931613]]}},{"type":"Feature","properties":{"tier":"arterial"},"geometry":{"type":"LineString","coordinates":[[138.640165,-34.920984],[138.640162,-34.92091]]}},{"type":"Feature","properties":{"tier":"arterial"},"geometry":{"type":"LineString","coordinates":[[138.677858,-34.975427],[138.677889,-34.975329]]}},{"type":"Feature","properties":{"tier":"arterial"},"geometry":{"type":"LineString","coordinates":[[138.639579,-34.887011],[138.639536,-34.887082],[138.639495,-34.887134],[138.63945,-34.887189],[138.639403,-34.887275],[138.639374,-34.887371],[138.639349,-34.887468]]}},{"type":"Feature","properties":{"tier":"arterial"},"geometry":{"type":"LineString","coordinates":[[138.62498,-34.978046],[138.625197,-34.977878],[138.62531,-34.977803]]}},{"type":"Feature","properties":{"tier":"arterial"},"geometry":{"type":"LineString","coordinates":[[138.65415,-34.890321],[138.654322,-34.890373]]}},{"type":"Feature","properties":{"tier":"arterial"},"geometry":{"type":"LineString","coordinates":[[138.730757,-34.985561],[138.73115,-34.985613],[138.732376,-34.986171],[138.732584,-34.986265],[138.733786,-34.987049],[138.734464,-34.987498],[138.735354,-34.987705],[138.735795,-34.987738],[138.736602,-34.987762],[138.73666,-34.987768],[138.737789,-34.987892],[138.738468,-34.987946],[138.738593,-34.987977],[138.738674,-34.988044],[138.738958,-34.988402],[138.739127,-34.988766],[138.739396,-34.989621],[138.739661,-34.990005]]}},{"type":"Feature","properties":{"tier":"arterial"},"geometry":{"type":"LineString","coordinates":[[138.737883,-34.940345],[138.738153,-34.940362],[138.738368,-34.940331],[138.738493,-34.940334],[138.738666,-34.940376],[138.739111,-34.940599],[138.739424,-34.94082],[138.739567,-34.940898],[138.739993,-34.940978],[138.74009,-34.941016],[138.740404,-34.941195],[138.740581,-34.941252],[138.740752,-34.941265],[138.741197,-34.94125],[138.741326,-34.941265],[138.7415,-34.941315],[138.741833,-34.941487],[138.742477,-34.941881],[138.742669,-34.942025],[138.742853,-34.94219],[138.742919,-34.942234],[138.74297,-34.942253],[138.743023,-34.942264],[138.743355,-34.942296],[138.743964,-34.942306],[138.744461,-34.942346],[138.744713,-34.9424],[138.744968,-34.942496],[138.745063,-34.942512],[138.745231,-34.942486],[138.745511,-34.942362],[138.745687,-34.94232],[138.745872,-34.942323],[138.746056,-34.942374],[138.746304,-34.942478],[138.74635,-34.942489],[138.746393,-34.942499],[138.746472,-34.942497],[138.74655,-34.942476],[138.746654,-34.942398],[138.74677,-34.942267]]}},{"type":"Feature","properties":{"tier":"arterial"},"geometry":{"type":"LineString","coordinates":[[138.665093,-34.974567],[138.665045,-34.974461],[138.665031,-34.97442],[138.665026,-34.974392],[138.665027,-34.974371],[138.66503,-34.974353],[138.665036,-34.974335],[138.665047,-34.974319],[138.665058,-34.97431],[138.665082,-34.974296]]}},{"type":"Feature","properties":{"tier":"regional"},"geometry":{"type":"LineString","coordinates":[[138.660728,-34.950594],[138.66081,-34.950554],[138.660955,-34.950537],[138.660989,-34.950515],[138.661015,-34.950485],[138.661058,-34.950389]]}},{"type":"Feature","properties":{"tier":"regional"},"geometry":{"type":"LineString","coordinates":[[138.659449,-34.950661],[138.659256,-34.950716],[138.659145,-34.950701],[138.659022,-34.950685]]}},{"type":"Feature","properties":{"tier":"regional"},"geometry":{"type":"LineString","coordinates":[[138.659022,-34.950685],[138.659143,-34.950653],[138.659262,-34.950622],[138.659449,-34.950661]]}},{"type":"Feature","properties":{"tier":"arterial"},"geometry":{"type":"LineString","coordinates":[[138.66933,-34.972792],[138.669387,-34.972904]]}},{"type":"Feature","properties":{"tier":"arterial"},"geometry":{"type":"LineString","coordinates":[[138.669387,-34.972904],[138.669542,-34.973255],[138.669617,-34.973382],[138.669669,-34.973455],[138.669731,-34.973518],[138.669841,-34.973591],[138.669982,-34.973677],[138.670157,-34.973759],[138.670362,-34.973844],[138.670535,-34.97393],[138.670615,-34.973981],[138.670683,-34.97403],[138.670765,-34.974112],[138.670858,-34.974247],[138.67093,-34.974391],[138.670985,-34.974585],[138.671068,-34.97489],[138.671156,-34.975198],[138.671203,-34.975323],[138.671271,-34.97544],[138.671337,-34.975534],[138.671441,-34.975622],[138.671556,-34.975684],[138.671688,-34.975717],[138.67177,-34.975727],[138.67187,-34.975732],[138.671972,-34.975723],[138.672065,-34.975691],[138.672169,-34.975643],[138.672272,-34.975568],[138.672365,-34.975459],[138.67244,-34.975341],[138.672572,-34.975104],[138.672664,-34.974914],[138.672845,-34.974581],[138.672928,-34.974445],[138.672982,-34.974372],[138.673047,-34.974308],[138.673126,-34.974241],[138.673227,-34.974173],[138.67338,-34.974098],[138.673545,-34.974042],[138.673612,-34.974029],[138.67368,-34.974022],[138.673755,-34.974017],[138.673831,-34.974014],[138.673921,-34.974021],[138.674042,-34.974037],[138.674168,-34.974069],[138.674249,-34.974096],[138.674492,-34.974182],[138.674711,-34.974261],[138.674841,-34.974307],[138.675255,-34.974453],[138.675819,-34.974655],[138.676242,-34.974807],[138.676607,-34.974939],[138.677283,-34.97517],[138.677593,-34.97526],[138.677889,-34.975329],[138.67801,-34.975353],[138.678545,-34.975433],[138.679196,-34.975474],[138.679573,-34.975503],[138.68013,-34.975593],[138.680777,-34.975721],[138.681673,-34.975904],[138.682123,-34.976002]]}},{"type":"Feature","properties":{"tier":"arterial"},"geometry":{"type":"LineString","coordinates":[[138.70832,-34.988228],[138.70852,-34.987806],[138.708761,-34.987331],[138.708871,-34.987119],[138.708921,-34.986956],[138.708923,-34.986759],[138.708898,-34.986647],[138.708862,-34.986539],[138.708787,-34.98642],[138.708733,-34.986344],[138.708607,-34.986189],[138.708479,-34.98601],[138.708446,-34.985933],[138.708424,-34.98583],[138.708479,-34.985504],[138.708495,-34.985306],[138.708483,-34.985172],[138.708459,-34.984906],[138.708412,-34.984437],[138.708374,-34.98418],[138.708348,-34.983958],[138.708333,-34.983777],[138.70835,-34.983614],[138.708403,-34.983446],[138.708475,-34.98325],[138.708582,-34.982883],[138.70861,-34.982722],[138.70868,-34.982432],[138.708746,-34.982183],[138.70888,-34.981682],[138.708906,-34.98156],[138.708935,-34.981366],[138.708949,-34.981239],[138.708981,-34.981016],[138.709004,-34.980859],[138.709065,-34.980389],[138.709101,-34.980117],[138.709129,-34.979859],[138.709132,-34.979763],[138.709131,-34.979657],[138.709116,-34.979136],[138.709122,-34.978866],[138.70918,-34.978565],[138.709235,-34.978371],[138.709479,-34.97761],[138.709647,-34.977096],[138.70966,-34.976911],[138.709629,-34.976821]]}},{"type":"Feature","properties":{"tier":"arterial"},"geometry":{"type":"LineString","coordinates":[[138.707866,-34.989459],[138.70792,-34.989204],[138.708001,-34.988972],[138.708092,-34.988768],[138.708149,-34.988639],[138.70824,-34.988434],[138.70832,-34.988228]]}},{"type":"Feature","properties":{"tier":"arterial"},"geometry":{"type":"LineString","coordinates":[[138.701396,-34.998145],[138.701427,-34.998128],[138.701456,-34.998118],[138.701484,-34.998114],[138.701504,-34.998114],[138.701529,-34.998118],[138.701554,-34.998125],[138.701574,-34.998135],[138.701596,-34.998155],[138.701605,-34.998177],[138.701609,-34.998199],[138.701608,-34.99823],[138.701605,-34.998255],[138.701598,-34.99828],[138.70159,-34.998322],[138.701582,-34.998367],[138.701581,-34.998392],[138.701584,-34.998438]]}},{"type":"Feature","properties":{"tier":"regional"},"geometry":{"type":"LineString","coordinates":[[138.685174,-34.914187],[138.685141,-34.913745],[138.685075,-34.912999],[138.685072,-34.912966],[138.685067,-34.912914]]}},{"type":"Feature","properties":{"tier":"high"},"geometry":{"type":"LineString","coordinates":[[138.62786,-34.964577],[138.627261,-34.96462],[138.627074,-34.964629]]}},{"type":"Feature","properties":{"tier":"arterial"},"geometry":{"type":"LineString","coordinates":[[138.62635,-34.965206],[138.626305,-34.964821]]}},{"type":"Feature","properties":{"tier":"arterial"},"geometry":{"type":"LineString","coordinates":[[138.641899,-34.920961],[138.641655,-34.920972]]}},{"type":"Feature","properties":{"tier":"arterial"},"geometry":{"type":"LineString","coordinates":[[138.640425,-34.920904],[138.640581,-34.920902]]}},{"type":"Feature","properties":{"tier":"arterial"},"geometry":{"type":"LineString","coordinates":[[138.640707,-34.920899],[138.640827,-34.920908],[138.640843,-34.920911]]}},{"type":"Feature","properties":{"tier":"high"},"geometry":{"type":"LineString","coordinates":[[138.698451,-34.994377],[138.698798,-34.994507],[138.699155,-34.994663],[138.69947,-34.994848],[138.699771,-34.995048],[138.700051,-34.995277],[138.700205,-34.995412],[138.700227,-34.995433],[138.700455,-34.995688],[138.700669,-34.995978],[138.700843,-34.996258],[138.701073,-34.996635]]}},{"type":"Feature","properties":{"tier":"high"},"geometry":{"type":"LineString","coordinates":[[138.702798,-34.998192],[138.702655,-34.998143],[138.702321,-34.997998],[138.701983,-34.997794],[138.701686,-34.997578],[138.701416,-34.997332],[138.701258,-34.997159],[138.701066,-34.996891],[138.70087,-34.996592],[138.700696,-34.996307],[138.700672,-34.996268],[138.700637,-34.996208],[138.700448,-34.995935],[138.700236,-34.995676],[138.699989,-34.995416],[138.699707,-34.99518],[138.699414,-34.99498],[138.699096,-34.994797],[138.698755,-34.994637]]}},{"type":"Feature","properties":{"tier":"high"},"geometry":{"type":"LineString","coordinates":[[138.708329,-34.998387],[138.708601,-34.998439]]}},{"type":"Feature","properties":{"tier":"high"},"geometry":{"type":"LineString","coordinates":[[138.707208,-34.998356],[138.707086,-34.998347],[138.706682,-34.998321],[138.706648,-34.998319],[138.70617,-34.998314],[138.706152,-34.998314]]}},{"type":"Feature","properties":{"tier":"regional"},"geometry":{"type":"LineString","coordinates":[[138.632143,-34.922923],[138.632309,-34.922913]]}},{"type":"Feature","properties":{"tier":"arterial"},"geometry":{"type":"LineString","coordinates":[[138.676097,-34.913002],[138.67609,-34.913114],[138.676072,-34.913389]]}},{"type":"Feature","properties":{"tier":"high"},"geometry":{"type":"LineString","coordinates":[[138.635512,-34.964065],[138.63571,-34.964055],[138.636097,-34.964036],[138.636273,-34.964028],[138.636783,-34.964031]]}},{"type":"Feature","properties":{"tier":"high"},"geometry":{"type":"LineString","coordinates":[[138.635516,-34.964141],[138.635422,-34.964146],[138.634727,-34.964179],[138.634274,-34.964197],[138.633968,-34.964186]]}},{"type":"Feature","properties":{"tier":"high"},"geometry":{"type":"LineString","coordinates":[[138.638304,-34.956459],[138.638389,-34.956561],[138.63858,-34.956792],[138.638668,-34.956898],[138.638758,-34.957006],[138.638857,-34.957126],[138.639126,-34.95745],[138.639286,-34.957643],[138.639328,-34.957693],[138.639586,-34.958003],[138.639706,-34.958148],[138.64,-34.958501],[138.640238,-34.958787],[138.640467,-34.959063],[138.640961,-34.959656],[138.640998,-34.9597],[138.641466,-34.960264],[138.641534,-34.960345],[138.641598,-34.960422],[138.641643,-34.960476],[138.64188,-34.960761],[138.642043,-34.960956],[138.642055,-34.960972],[138.642269,-34.961228]]}},{"type":"Feature","properties":{"tier":"arterial"},"geometry":{"type":"LineString","coordinates":[[138.701381,-34.998263],[138.701378,-34.998234],[138.701377,-34.998206],[138.701378,-34.998187],[138.70138,-34.998173],[138.701383,-34.998163],[138.701387,-34.998155],[138.701391,-34.998149],[138.701396,-34.998145]]}},{"type":"Feature","properties":{"tier":"arterial"},"geometry":{"type":"LineString","coordinates":[[138.625328,-34.992747],[138.625254,-34.992562],[138.625219,-34.99242],[138.625222,-34.992023],[138.625197,-34.991874],[138.62498,-34.991447]]}},{"type":"Feature","properties":{"tier":"arterial"},"geometry":{"type":"LineString","coordinates":[[138.62498,-34.990558],[138.625076,-34.990408],[138.625382,-34.990037],[138.625488,-34.98988],[138.625535,-34.989761],[138.625546,-34.989666],[138.625586,-34.989315],[138.625581,-34.989179],[138.625575,-34.98901],[138.625523,-34.988855],[138.625405,-34.988651],[138.625307,-34.988483],[138.625093,-34.987909],[138.62498,-34.987692]]}},{"type":"Feature","properties":{"tier":"high"},"geometry":{"type":"LineString","coordinates":[[138.712164,-35.00002],[138.712094,-34.999973],[138.7115,-34.999618]]}},{"type":"Feature","properties":{"tier":"arterial"},"geometry":{"type":"LineString","coordinates":[[138.701381,-34.998263],[138.701314,-34.998129]]}},{"type":"Feature","properties":{"tier":"arterial"},"geometry":{"type":"LineString","coordinates":[[138.701584,-34.998438],[138.701617,-34.998474],[138.701668,-34.998524],[138.701794,-34.998627],[138.701838,-34.998654],[138.701887,-34.998681],[138.701935,-34.998699],[138.701972,-34.998709],[138.702006,-34.998716],[138.702053,-34.998719]]}},{"type":"Feature","properties":{"tier":"arterial"},"geometry":{"type":"LineString","coordinates":[[138.702683,-34.997729],[138.702628,-34.997846]]}},{"type":"Feature","properties":{"tier":"arterial"},"geometry":{"type":"LineString","coordinates":[[138.702736,-34.997419],[138.70274,-34.997445],[138.702742,-34.997467],[138.702743,-34.997483],[138.702742,-34.997511],[138.702679,-34.997665],[138.702683,-34.997729]]}},{"type":"Feature","properties":{"tier":"high"},"geometry":{"type":"LineString","coordinates":[[138.633989,-34.892528],[138.633753,-34.892378],[138.631672,-34.891077],[138.631562,-34.891002],[138.631362,-34.890866]]}},{"type":"Feature","properties":{"tier":"high"},"geometry":{"type":"LineString","coordinates":[[138.630202,-34.890102],[138.630165,-34.890074],[138.62989,-34.889882],[138.629813,-34.889821],[138.629685,-34.889724]]}},{"type":"Feature","properties":{"tier":"arterial"},"geometry":{"type":"LineString","coordinates":[[138.634766,-34.878374],[138.634746,-34.878337],[138.634599,-34.878033],[138.63453,-34.877891],[138.634454,-34.877733],[138.634253,-34.877318],[138.634099,-34.876968]]}},{"type":"Feature","properties":{"tier":"high"},"geometry":{"type":"LineString","coordinates":[[138.628297,-34.888275],[138.628919,-34.888891],[138.629369,-34.889282],[138.62943,-34.889336]]}},{"type":"Feature","properties":{"tier":"arterial"},"geometry":{"type":"LineString","coordinates":[[138.640669,-34.892033],[138.640709,-34.892093],[138.640747,-34.892149],[138.641142,-34.89274],[138.641241,-34.892887],[138.641726,-34.893608],[138.64209,-34.894151]]}},{"type":"Feature","properties":{"tier":"high"},"geometry":{"type":"LineString","coordinates":[[138.630291,-34.890012],[138.630498,-34.890164],[138.630599,-34.890236],[138.630655,-34.890277],[138.630709,-34.890316],[138.63099,-34.890499],[138.631338,-34.890716]]}},{"type":"Feature","properties":{"tier":"regional"},"geometry":{"type":"LineString","coordinates":[[138.627809,-34.888339],[138.627742,-34.888393],[138.627613,-34.888493],[138.62735,-34.888699],[138.627298,-34.88874]]}},{"type":"Feature","properties":{"tier":"high"},"geometry":{"type":"LineString","coordinates":[[138.626891,-34.887103],[138.626473,-34.886759],[138.626248,-34.886566],[138.626122,-34.886458],[138.625957,-34.886315],[138.625647,-34.886052],[138.625584,-34.885999],[138.625245,-34.885718],[138.625236,-34.88571],[138.625013,-34.885522],[138.62498,-34.885494]]}},{"type":"Feature","properties":{"tier":"arterial"},"geometry":{"type":"LineString","coordinates":[[138.639607,-34.888936],[138.639594,-34.888859],[138.639534,-34.888445],[138.639525,-34.888384],[138.639517,-34.88835]]}},{"type":"Feature","properties":{"tier":"high"},"geometry":{"type":"LineString","coordinates":[[138.634353,-34.892648],[138.634549,-34.892785],[138.634926,-34.893071],[138.635103,-34.893204],[138.635294,-34.893355],[138.635695,-34.893664]]}},{"type":"Feature","properties":{"tier":"arterial"},"geometry":{"type":"LineString","coordinates":[[138.673688,-34.91313],[138.674112,-34.913107],[138.674217,-34.913102],[138.674311,-34.913097],[138.674409,-34.913092],[138.674832,-34.913069],[138.675041,-34.913058]]}},{"type":"Feature","properties":{"tier":"arterial"},"geometry":{"type":"LineString","coordinates":[[138.669053,-34.937566],[138.669151,-34.937573],[138.669234,-34.937597],[138.669326,-34.937643],[138.669376,-34.937699],[138.669398,-34.937818],[138.669401,-34.937858]]}},{"type":"Feature","properties":{"tier":"arterial"},"geometry":{"type":"LineString","coordinates":[[138.669053,-34.937566],[138.669072,-34.937786],[138.669075,-34.937821]]}},{"type":"Feature","properties":{"tier":"arterial"},"geometry":{"type":"LineString","coordinates":[[138.672047,-34.941211],[138.672147,-34.941199],[138.672247,-34.941135],[138.672271,-34.941073],[138.672276,-34.941004],[138.672245,-34.940886],[138.672094,-34.940534],[138.671973,-34.940299],[138.67183,-34.940065],[138.671648,-34.939747],[138.671389,-34.939303],[138.671282,-34.939125],[138.671149,-34.938962],[138.671003,-34.938842],[138.670794,-34.938699],[138.669874,-34.93807],[138.669643,-34.937939],[138.669401,-34.937858]]}},{"type":"Feature","properties":{"tier":"arterial"},"geometry":{"type":"LineString","coordinates":[[138.682123,-34.976002],[138.682116,-34.97609]]}},{"type":"Feature","properties":{"tier":"arterial"},"geometry":{"type":"LineString","coordinates":[[138.682123,-34.976002],[138.68239,-34.976037],[138.682711,-34.976059],[138.683114,-34.976078],[138.683776,-34.976105],[138.684281,-34.976132],[138.684444,-34.976149],[138.684676,-34.976179],[138.684888,-34.976221],[138.685181,-34.976308],[138.685348,-34.976374],[138.685529,-34.976466],[138.685651,-34.976546],[138.685833,-34.976668],[138.686017,-34.97684],[138.686187,-34.977043],[138.686329,-34.977293],[138.686424,-34.977546],[138.686481,-34.977912],[138.686486,-34.978108],[138.686457,-34.978553],[138.686446,-34.978847],[138.686467,-34.979079],[138.686499,-34.979268],[138.686549,-34.979422],[138.686694,-34.979815],[138.686749,-34.979995],[138.686777,-34.980137],[138.686828,-34.980298],[138.686891,-34.980455],[138.687043,-34.980835],[138.687173,-34.981139],[138.687274,-34.981312],[138.687378,-34.981453],[138.687482,-34.981589],[138.687649,-34.981792],[138.687726,-34.981896],[138.687819,-34.982054],[138.687875,-34.982176],[138.687904,-34.982248],[138.687938,-34.982358],[138.687959,-34.982459],[138.687979,-34.982577],[138.687991,-34.982652],[138.687996,-34.982684],[138.688024,-34.982814],[138.688059,-34.98294],[138.688093,-34.983028],[138.688128,-34.98311],[138.688191,-34.983229],[138.688307,-34.983409],[138.688322,-34.983432],[138.688391,-34.983532],[138.688504,-34.983682],[138.688583,-34.983762],[138.688678,-34.98386],[138.688814,-34.983976],[138.688902,-34.984037],[138.689068,-34.984152],[138.689178,-34.984216],[138.68935,-34.984298],[138.689476,-34.984349],[138.689622,-34.9844]]}},{"type":"Feature","properties":{"tier":"arterial"},"geometry":{"type":"LineString","coordinates":[[138.64538,-34.893927],[138.645313,-34.893953]]}},{"type":"Feature","properties":{"tier":"arterial"},"geometry":{"type":"LineString","coordinates":[[138.645593,-34.893844],[138.64538,-34.893927]]}},{"type":"Feature","properties":{"tier":"arterial"},"geometry":{"type":"LineString","coordinates":[[138.656202,-34.889516],[138.656281,-34.889511],[138.656366,-34.889498],[138.656406,-34.889486],[138.656482,-34.889459]]}},{"type":"Feature","properties":{"tier":"arterial"},"geometry":{"type":"LineString","coordinates":[[138.656474,-34.889532],[138.656482,-34.889459]]}},{"type":"Feature","properties":{"tier":"arterial"},"geometry":{"type":"LineString","coordinates":[[138.656568,-34.889521],[138.656474,-34.889532]]}},{"type":"Feature","properties":{"tier":"regional"},"geometry":{"type":"LineString","coordinates":[[138.651363,-34.938707],[138.65137,-34.938796]]}},{"type":"Feature","properties":{"tier":"arterial"},"geometry":{"type":"LineString","coordinates":[[138.652082,-34.938721],[138.651524,-34.938779],[138.651476,-34.938784],[138.65137,-34.938796]]}},{"type":"Feature","properties":{"tier":"arterial"},"geometry":{"type":"LineString","coordinates":[[138.627333,-34.977166],[138.627259,-34.97725]]}},{"type":"Feature","properties":{"tier":"arterial"},"geometry":{"type":"LineString","coordinates":[[138.627259,-34.97725],[138.62726,-34.977011]]}},{"type":"Feature","properties":{"tier":"arterial"},"geometry":{"type":"LineString","coordinates":[[138.673499,-34.87881],[138.673475,-34.878604],[138.673467,-34.87854],[138.673452,-34.878477],[138.673416,-34.878325],[138.673358,-34.878169],[138.673265,-34.877989],[138.673178,-34.877859],[138.673075,-34.877734],[138.672926,-34.877592],[138.672805,-34.8775],[138.672647,-34.877403],[138.672491,-34.87731],[138.672291,-34.877209],[138.671976,-34.877059],[138.671837,-34.876983],[138.671804,-34.876955],[138.671638,-34.876818]]}},{"type":"Feature","properties":{"tier":"arterial"},"geometry":{"type":"LineString","coordinates":[[138.673998,-34.884812],[138.674003,-34.884898],[138.67403,-34.885316],[138.674106,-34.88624],[138.674169,-34.88713],[138.674216,-34.887661]]}},{"type":"Feature","properties":{"tier":"arterial"},"geometry":{"type":"LineString","coordinates":[[138.690417,-34.886718],[138.690623,-34.886642],[138.690776,-34.886596],[138.690821,-34.886582],[138.691116,-34.886519]]}},{"type":"Feature","properties":{"tier":"arterial"},"geometry":{"type":"LineString","coordinates":[[138.691812,-34.886593],[138.691746,-34.886588],[138.691656,-34.886584],[138.691495,-34.886574],[138.691354,-34.886587],[138.691208,-34.886604],[138.691062,-34.886632],[138.690874,-34.886677],[138.690834,-34.886686],[138.690712,-34.886714]]}},{"type":"Feature","properties":{"tier":"high"},"geometry":{"type":"LineString","coordinates":[[138.643392,-34.951914],[138.643428,-34.952398],[138.643447,-34.952631],[138.64347,-34.952913],[138.64348,-34.953032],[138.643504,-34.953322],[138.643527,-34.953608],[138.643539,-34.953765],[138.643552,-34.953928]]}},{"type":"Feature","properties":{"tier":"arterial"},"geometry":{"type":"LineString","coordinates":[[138.662918,-34.889118],[138.664696,-34.889023],[138.66473,-34.889022],[138.664892,-34.889013]]}},{"type":"Feature","properties":{"tier":"arterial"},"geometry":{"type":"LineString","coordinates":[[138.664895,-34.889097],[138.664735,-34.889103]]}},{"type":"Feature","properties":{"tier":"regional"},"geometry":{"type":"LineString","coordinates":[[138.664895,-34.889097],[138.664892,-34.889013]]}},{"type":"Feature","properties":{"tier":"arterial"},"geometry":{"type":"LineString","coordinates":[[138.662179,-34.889145],[138.662628,-34.889133]]}},{"type":"Feature","properties":{"tier":"arterial"},"geometry":{"type":"LineString","coordinates":[[138.662631,-34.889217],[138.662189,-34.889232]]}},{"type":"Feature","properties":{"tier":"arterial"},"geometry":{"type":"LineString","coordinates":[[138.660752,-34.889226],[138.662179,-34.889145]]}},{"type":"Feature","properties":{"tier":"arterial"},"geometry":{"type":"LineString","coordinates":[[138.662189,-34.889232],[138.660757,-34.889308]]}},{"type":"Feature","properties":{"tier":"arterial"},"geometry":{"type":"LineString","coordinates":[[138.660014,-34.889263],[138.660752,-34.889226]]}},{"type":"Feature","properties":{"tier":"arterial"},"geometry":{"type":"LineString","coordinates":[[138.660757,-34.889308],[138.660384,-34.889325],[138.66002,-34.889343]]}},{"type":"Feature","properties":{"tier":"arterial"},"geometry":{"type":"LineString","coordinates":[[138.66002,-34.889343],[138.659202,-34.889385],[138.659148,-34.889387],[138.658971,-34.889396],[138.658854,-34.889403],[138.658516,-34.88942],[138.657855,-34.889454],[138.65756,-34.889469]]}},{"type":"Feature","properties":{"tier":"arterial"},"geometry":{"type":"LineString","coordinates":[[138.65748,-34.88938],[138.657808,-34.889365],[138.658963,-34.889311],[138.659145,-34.889303],[138.660014,-34.889263]]}},{"type":"Feature","properties":{"tier":"arterial"},"geometry":{"type":"LineString","coordinates":[[138.665502,-34.876086],[138.664945,-34.876492],[138.664844,-34.876578],[138.664805,-34.876611],[138.664762,-34.876649]]}},{"type":"Feature","properties":{"tier":"arterial"},"geometry":{"type":"LineString","coordinates":[[138.661362,-34.881661],[138.66166,-34.881197],[138.661865,-34.880878],[138.662123,-34.880475]]}},{"type":"Feature","properties":{"tier":"arterial"},"geometry":{"type":"LineString","coordinates":[[138.663594,-34.87832],[138.663557,-34.878381],[138.663171,-34.87899],[138.662948,-34.879343]]}},{"type":"Feature","properties":{"tier":"arterial"},"geometry":{"type":"LineString","coordinates":[[138.661117,-34.88204],[138.661362,-34.881661]]}},{"type":"Feature","properties":{"tier":"arterial"},"geometry":{"type":"LineString","coordinates":[[138.661454,-34.881704],[138.660895,-34.882579],[138.660776,-34.882771]]}},{"type":"Feature","properties":{"tier":"arterial"},"geometry":{"type":"LineString","coordinates":[[138.660776,-34.882771],[138.660441,-34.883273],[138.66016,-34.883693]]}},{"type":"Feature","properties":{"tier":"arterial"},"geometry":{"type":"LineString","coordinates":[[138.65985,-34.884047],[138.660084,-34.883661]]}},{"type":"Feature","properties":{"tier":"arterial"},"geometry":{"type":"LineString","coordinates":[[138.66016,-34.883693],[138.659944,-34.884089]]}},{"type":"Feature","properties":{"tier":"arterial"},"geometry":{"type":"LineString","coordinates":[[138.659944,-34.884089],[138.659483,-34.884819]]}},{"type":"Feature","properties":{"tier":"arterial"},"geometry":{"type":"LineString","coordinates":[[138.658674,-34.885878],[138.65884,-34.885621],[138.65888,-34.88556],[138.65912,-34.885188],[138.659387,-34.884775]]}},{"type":"Feature","properties":{"tier":"arterial"},"geometry":{"type":"LineString","coordinates":[[138.659483,-34.884819],[138.659216,-34.885231],[138.658772,-34.885918]]}},{"type":"Feature","properties":{"tier":"arterial"},"geometry":{"type":"LineString","coordinates":[[138.658772,-34.885918],[138.658583,-34.886224]]}},{"type":"Feature","properties":{"tier":"arterial"},"geometry":{"type":"LineString","coordinates":[[138.658482,-34.886179],[138.658674,-34.885878]]}},{"type":"Feature","properties":{"tier":"arterial"},"geometry":{"type":"LineString","coordinates":[[138.658583,-34.886224],[138.658196,-34.886831],[138.657949,-34.887219]]}},{"type":"Feature","properties":{"tier":"arterial"},"geometry":{"type":"LineString","coordinates":[[138.657861,-34.887165],[138.658076,-34.886823],[138.65834,-34.886405],[138.658482,-34.886179]]}},{"type":"Feature","properties":{"tier":"arterial"},"geometry":{"type":"LineString","coordinates":[[138.657857,-34.887363],[138.657854,-34.887368],[138.657694,-34.887619]]}},{"type":"Feature","properties":{"tier":"arterial"},"geometry":{"type":"LineString","coordinates":[[138.656982,-34.888561],[138.657563,-34.887638],[138.657757,-34.88733]]}},{"type":"Feature","properties":{"tier":"arterial"},"geometry":{"type":"LineString","coordinates":[[138.65698,-34.88874],[138.656848,-34.888952],[138.656704,-34.889184]]}},{"type":"Feature","properties":{"tier":"arterial"},"geometry":{"type":"LineString","coordinates":[[138.656887,-34.888708],[138.656982,-34.888561]]}},{"type":"Feature","properties":{"tier":"arterial"},"geometry":{"type":"LineString","coordinates":[[138.654322,-34.890373],[138.653597,-34.890664]]}},{"type":"Feature","properties":{"tier":"arterial"},"geometry":{"type":"LineString","coordinates":[[138.65415,-34.890321],[138.654257,-34.890278],[138.654343,-34.890244]]}},{"type":"Feature","properties":{"tier":"arterial"},"geometry":{"type":"LineString","coordinates":[[138.653536,-34.890565],[138.65394,-34.890405],[138.65415,-34.890321]]}},{"type":"Feature","properties":{"tier":"arterial"},"geometry":{"type":"LineString","coordinates":[[138.65463,-34.890129],[138.654717,-34.890094],[138.654939,-34.890005],[138.655518,-34.889777]]}},{"type":"Feature","properties":{"tier":"arterial"},"geometry":{"type":"LineString","coordinates":[[138.653222,-34.89069],[138.653536,-34.890565]]}},{"type":"Feature","properties":{"tier":"arterial"},"geometry":{"type":"LineString","coordinates":[[138.653597,-34.890664],[138.65328,-34.890791]]}},{"type":"Feature","properties":{"tier":"arterial"},"geometry":{"type":"LineString","coordinates":[[138.655363,-34.889955],[138.654996,-34.890102],[138.654534,-34.890288],[138.654322,-34.890373]]}},{"type":"Feature","properties":{"tier":"arterial"},"geometry":{"type":"LineString","coordinates":[[138.656613,-34.891621],[138.656559,-34.891059]]}},{"type":"Feature","properties":{"tier":"arterial"},"geometry":{"type":"LineString","coordinates":[[138.656644,-34.891059],[138.656713,-34.891615]]}},{"type":"Feature","properties":{"tier":"arterial"},"geometry":{"type":"LineString","coordinates":[[138.656713,-34.891615],[138.656762,-34.892316],[138.65682,-34.893144]]}},{"type":"Feature","properties":{"tier":"arterial"},"geometry":{"type":"LineString","coordinates":[[138.656568,-34.889521],[138.656563,-34.889568],[138.656563,-34.889616],[138.656575,-34.88973],[138.656578,-34.889783]]}},{"type":"Feature","properties":{"tier":"arterial"},"geometry":{"type":"LineString","coordinates":[[138.656559,-34.891059],[138.65653,-34.890519],[138.656517,-34.890256]]}},{"type":"Feature","properties":{"tier":"arterial"},"geometry":{"type":"LineString","coordinates":[[138.656721,-34.893148],[138.656702,-34.892808],[138.656675,-34.89234],[138.656613,-34.891621]]}},{"type":"Feature","properties":{"tier":"arterial"},"geometry":{"type":"LineString","coordinates":[[138.664892,-34.889013],[138.665856,-34.888971],[138.667151,-34.888909],[138.667433,-34.888895],[138.667858,-34.888867],[138.668307,-34.888838]]}},{"type":"Feature","properties":{"tier":"arterial"},"geometry":{"type":"LineString","coordinates":[[138.672487,-34.888723],[138.671629,-34.888769],[138.671123,-34.888796],[138.670932,-34.888805]]}},{"type":"Feature","properties":{"tier":"regional"},"geometry":{"type":"LineString","coordinates":[[138.632248,-34.921843],[138.632255,-34.92193],[138.632309,-34.922913],[138.632407,-34.924304],[138.632411,-34.924354],[138.632415,-34.924394],[138.632418,-34.924442],[138.63242,-34.924472],[138.632528,-34.92589],[138.632636,-34.927299],[138.632638,-34.92732],[138.63265,-34.9274]]}},{"type":"Feature","properties":{"tier":"arterial"},"geometry":{"type":"LineString","coordinates":[[138.632202,-34.921282],[138.632212,-34.921379]]}},{"type":"Feature","properties":{"tier":"arterial"},"geometry":{"type":"LineString","coordinates":[[138.640617,-34.920963],[138.640401,-34.920971],[138.640215,-34.920981],[138.640165,-34.920984],[138.639881,-34.921],[138.638917,-34.921044],[138.638793,-34.92105],[138.638687,-34.921053],[138.63769,-34.921103],[138.637047,-34.921137]]}},{"type":"Feature","properties":{"tier":"arterial"},"geometry":{"type":"LineString","coordinates":[[138.632901,-34.921257],[138.633279,-34.921238],[138.634306,-34.921191],[138.634378,-34.921188]]}},{"type":"Feature","properties":{"tier":"high"},"geometry":{"type":"LineString","coordinates":[[138.646852,-34.964808],[138.647239,-34.965003]]}},{"type":"Feature","properties":{"tier":"high"},"geometry":{"type":"LineString","coordinates":[[138.643853,-34.957481],[138.643856,-34.957529],[138.64392,-34.958349],[138.643948,-34.95869],[138.643968,-34.95893],[138.643999,-34.95939],[138.644016,-34.959641],[138.644072,-34.960291],[138.644121,-34.960918],[138.644131,-34.961044],[138.64415,-34.961292]]}},{"type":"Feature","properties":{"tier":"high"},"geometry":{"type":"LineString","coordinates":[[138.643877,-34.963377],[138.643994,-34.963237]]}},{"type":"Feature","properties":{"tier":"arterial"},"geometry":{"type":"LineString","coordinates":[[138.626765,-34.939979],[138.627542,-34.939938]]}},{"type":"Feature","properties":{"tier":"arterial"},"geometry":{"type":"LineString","coordinates":[[138.629673,-34.939907],[138.629423,-34.93992],[138.629297,-34.939926],[138.628666,-34.939957]]}},{"type":"Feature","properties":{"tier":"arterial"},"geometry":{"type":"LineString","coordinates":[[138.628666,-34.939957],[138.62815,-34.939995],[138.627539,-34.940033]]}},{"type":"Feature","properties":{"tier":"arterial"},"geometry":{"type":"LineString","coordinates":[[138.628658,-34.939876],[138.629389,-34.939839],[138.629669,-34.939824]]}},{"type":"Feature","properties":{"tier":"arterial"},"geometry":{"type":"LineString","coordinates":[[138.630222,-34.939879],[138.629673,-34.939907]]}},{"type":"Feature","properties":{"tier":"arterial"},"geometry":{"type":"LineString","coordinates":[[138.629669,-34.939824],[138.630212,-34.939796]]}},{"type":"Feature","properties":{"tier":"arterial"},"geometry":{"type":"LineString","coordinates":[[138.630931,-34.939842],[138.630387,-34.939872],[138.630222,-34.939879]]}},{"type":"Feature","properties":{"tier":"arterial"},"geometry":{"type":"LineString","coordinates":[[138.630212,-34.939796],[138.630353,-34.939789],[138.630924,-34.93976]]}},{"type":"Feature","properties":{"tier":"arterial"},"geometry":{"type":"LineString","coordinates":[[138.630924,-34.93976],[138.631614,-34.939725],[138.631982,-34.939706]]}},{"type":"Feature","properties":{"tier":"arterial"},"geometry":{"type":"LineString","coordinates":[[138.63199,-34.939791],[138.631622,-34.939808],[138.631491,-34.939815],[138.630931,-34.939842]]}},{"type":"Feature","properties":{"tier":"arterial"},"geometry":{"type":"LineString","coordinates":[[138.627542,-34.939938],[138.628145,-34.939904],[138.628658,-34.939876]]}},{"type":"Feature","properties":{"tier":"arterial"},"geometry":{"type":"LineString","coordinates":[[138.666181,-34.875495],[138.666619,-34.875191]]}},{"type":"Feature","properties":{"tier":"arterial"},"geometry":{"type":"LineString","coordinates":[[138.665428,-34.876048],[138.666181,-34.875495]]}},{"type":"Feature","properties":{"tier":"arterial"},"geometry":{"type":"LineString","coordinates":[[138.666259,-34.875564],[138.665502,-34.876086]]}},{"type":"Feature","properties":{"tier":"arterial"},"geometry":{"type":"LineString","coordinates":[[138.666694,-34.875259],[138.666259,-34.875564]]}},{"type":"Feature","properties":{"tier":"arterial"},"geometry":{"type":"LineString","coordinates":[[138.666619,-34.875191],[138.666921,-34.87498]]}},{"type":"Feature","properties":{"tier":"arterial"},"geometry":{"type":"LineString","coordinates":[[138.667085,-34.87498],[138.666694,-34.875259]]}},{"type":"Feature","properties":{"tier":"arterial"},"geometry":{"type":"LineString","coordinates":[[138.674855,-34.897433],[138.674795,-34.896615]]}},{"type":"Feature","properties":{"tier":"arterial"},"geometry":{"type":"LineString","coordinates":[[138.674921,-34.898319],[138.674868,-34.897608],[138.674855,-34.897433]]}},{"type":"Feature","properties":{"tier":"arterial"},"geometry":{"type":"LineString","coordinates":[[138.675033,-34.898827],[138.675065,-34.899241],[138.675125,-34.900072]]}},{"type":"Feature","properties":{"tier":"arterial"},"geometry":{"type":"LineString","coordinates":[[138.675052,-34.900076],[138.674991,-34.899245],[138.674961,-34.898831]]}},{"type":"Feature","properties":{"tier":"arterial"},"geometry":{"type":"LineString","coordinates":[[138.675155,-34.900565],[138.675165,-34.900718]]}},{"type":"Feature","properties":{"tier":"arterial"},"geometry":{"type":"LineString","coordinates":[[138.675125,-34.900072],[138.675152,-34.900508],[138.675155,-34.900565]]}},{"type":"Feature","properties":{"tier":"arterial"},"geometry":{"type":"LineString","coordinates":[[138.675083,-34.900568],[138.675052,-34.900076]]}},{"type":"Feature","properties":{"tier":"arterial"},"geometry":{"type":"LineString","coordinates":[[138.675214,-34.902254],[138.675157,-34.901474],[138.675123,-34.901032],[138.675095,-34.900721],[138.675089,-34.900642],[138.675088,-34.900641],[138.675083,-34.900568]]}},{"type":"Feature","properties":{"tier":"arterial"},"geometry":{"type":"LineString","coordinates":[[138.675165,-34.900718],[138.675286,-34.90225]]}},{"type":"Feature","properties":{"tier":"arterial"},"geometry":{"type":"LineString","coordinates":[[138.675248,-34.902722],[138.675214,-34.902254]]}},{"type":"Feature","properties":{"tier":"arterial"},"geometry":{"type":"LineString","coordinates":[[138.675325,-34.903777],[138.675322,-34.903729],[138.675302,-34.9035],[138.675285,-34.903256],[138.675248,-34.902722]]}},{"type":"Feature","properties":{"tier":"arterial"},"geometry":{"type":"LineString","coordinates":[[138.675324,-34.902718],[138.675359,-34.90325],[138.675377,-34.903495],[138.675386,-34.90362],[138.675399,-34.903773]]}},{"type":"Feature","properties":{"tier":"arterial"},"geometry":{"type":"LineString","coordinates":[[138.675286,-34.90225],[138.675324,-34.902718]]}},{"type":"Feature","properties":{"tier":"arterial"},"geometry":{"type":"LineString","coordinates":[[138.675418,-34.905047],[138.675382,-34.904545],[138.675371,-34.904395]]}},{"type":"Feature","properties":{"tier":"arterial"},"geometry":{"type":"LineString","coordinates":[[138.675446,-34.90439],[138.675457,-34.904542],[138.675494,-34.905043]]}},{"type":"Feature","properties":{"tier":"arterial"},"geometry":{"type":"LineString","coordinates":[[138.675448,-34.905426],[138.675418,-34.905047]]}},{"type":"Feature","properties":{"tier":"arterial"},"geometry":{"type":"LineString","coordinates":[[138.675494,-34.905043],[138.675521,-34.905422]]}},{"type":"Feature","properties":{"tier":"arterial"},"geometry":{"type":"LineString","coordinates":[[138.675514,-34.906382],[138.675448,-34.905426]]}},{"type":"Feature","properties":{"tier":"arterial"},"geometry":{"type":"LineString","coordinates":[[138.675521,-34.905422],[138.675585,-34.90638]]}},{"type":"Feature","properties":{"tier":"arterial"},"geometry":{"type":"LineString","coordinates":[[138.675542,-34.906795],[138.675536,-34.90671],[138.675514,-34.906382]]}},{"type":"Feature","properties":{"tier":"arterial"},"geometry":{"type":"LineString","coordinates":[[138.675585,-34.90638],[138.675602,-34.906599],[138.675616,-34.906791]]}},{"type":"Feature","properties":{"tier":"arterial"},"geometry":{"type":"LineString","coordinates":[[138.67563,-34.906892],[138.675658,-34.907285]]}},{"type":"Feature","properties":{"tier":"arterial"},"geometry":{"type":"LineString","coordinates":[[138.675616,-34.906791],[138.67563,-34.906892]]}},{"type":"Feature","properties":{"tier":"arterial"},"geometry":{"type":"LineString","coordinates":[[138.675559,-34.906899],[138.675542,-34.906795]]}},{"type":"Feature","properties":{"tier":"arterial"},"geometry":{"type":"LineString","coordinates":[[138.675579,-34.907289],[138.675563,-34.907009],[138.675559,-34.906899]]}},{"type":"Feature","properties":{"tier":"arterial"},"geometry":{"type":"LineString","coordinates":[[138.675644,-34.90814],[138.67559,-34.907427],[138.675579,-34.907289]]}},{"type":"Feature","properties":{"tier":"arterial"},"geometry":{"type":"LineString","coordinates":[[138.675658,-34.907285],[138.675668,-34.907423],[138.675721,-34.908136]]}},{"type":"Feature","properties":{"tier":"arterial"},"geometry":{"type":"LineString","coordinates":[[138.675691,-34.908639],[138.675644,-34.90814]]}},{"type":"Feature","properties":{"tier":"arterial"},"geometry":{"type":"LineString","coordinates":[[138.675721,-34.908136],[138.675762,-34.908635]]}},{"type":"Feature","properties":{"tier":"arterial"},"geometry":{"type":"LineString","coordinates":[[138.675729,-34.909242],[138.675691,-34.908639]]}},{"type":"Feature","properties":{"tier":"arterial"},"geometry":{"type":"LineString","coordinates":[[138.675735,-34.909296],[138.675729,-34.909242]]}},{"type":"Feature","properties":{"tier":"arterial"},"geometry":{"type":"LineString","coordinates":[[138.675802,-34.909294],[138.675844,-34.909913]]}},{"type":"Feature","properties":{"tier":"arterial"},"geometry":{"type":"LineString","coordinates":[[138.675762,-34.908635],[138.675802,-34.909294]]}},{"type":"Feature","properties":{"tier":"arterial"},"geometry":{"type":"LineString","coordinates":[[138.675831,-34.91059],[138.675809,-34.91033],[138.675773,-34.909916]]}},{"type":"Feature","properties":{"tier":"arterial"},"geometry":{"type":"LineString","coordinates":[[138.675844,-34.909913],[138.6759,-34.910582]]}},{"type":"Feature","properties":{"tier":"arterial"},"geometry":{"type":"LineString","coordinates":[[138.675924,-34.910947],[138.675986,-34.911905]]}},{"type":"Feature","properties":{"tier":"arterial"},"geometry":{"type":"LineString","coordinates":[[138.67592,-34.911833],[138.675916,-34.911741],[138.675853,-34.910939]]}},{"type":"Feature","properties":{"tier":"arterial"},"geometry":{"type":"LineString","coordinates":[[138.675988,-34.912928],[138.675954,-34.91246],[138.675949,-34.912388],[138.675928,-34.911981],[138.67592,-34.911833]]}},{"type":"Feature","properties":{"tier":"arterial"},"geometry":{"type":"LineString","coordinates":[[138.676085,-34.912884],[138.676088,-34.912908],[138.676097,-34.913002]]}},{"type":"Feature","properties":{"tier":"arterial"},"geometry":{"type":"LineString","coordinates":[[138.675986,-34.911905],[138.675987,-34.911918],[138.676022,-34.912265],[138.676041,-34.912445],[138.676085,-34.912884]]}},{"type":"Feature","properties":{"tier":"arterial"},"geometry":{"type":"LineString","coordinates":[[138.674734,-34.895772],[138.674661,-34.894781]]}},{"type":"Feature","properties":{"tier":"arterial"},"geometry":{"type":"LineString","coordinates":[[138.674733,-34.894777],[138.674811,-34.895767]]}},{"type":"Feature","properties":{"tier":"arterial"},"geometry":{"type":"LineString","coordinates":[[138.674795,-34.896615],[138.674768,-34.896247],[138.674734,-34.895772]]}},{"type":"Feature","properties":{"tier":"arterial"},"geometry":{"type":"LineString","coordinates":[[138.674811,-34.895767],[138.674828,-34.896039],[138.674844,-34.896244],[138.674853,-34.896373],[138.674874,-34.896645],[138.674933,-34.897429],[138.674946,-34.897605],[138.674963,-34.89786],[138.674974,-34.898016],[138.674995,-34.898314]]}},{"type":"Feature","properties":{"tier":"arterial"},"geometry":{"type":"LineString","coordinates":[[138.670808,-34.88872],[138.671077,-34.888707],[138.671567,-34.888679],[138.671623,-34.888676],[138.672474,-34.888628],[138.672899,-34.888608],[138.673388,-34.888584],[138.673683,-34.88857],[138.673857,-34.888562]]}},{"type":"Feature","properties":{"tier":"arterial"},"geometry":{"type":"LineString","coordinates":[[138.675946,-34.888547],[138.674578,-34.888612],[138.67439,-34.88862],[138.674343,-34.888622],[138.67429,-34.888624]]}},{"type":"Feature","properties":{"tier":"arterial"},"geometry":{"type":"LineString","coordinates":[[138.674661,-34.894781],[138.674642,-34.894529],[138.674546,-34.89325],[138.674522,-34.892875],[138.674471,-34.892368]]}},{"type":"Feature","properties":{"tier":"arterial"},"geometry":{"type":"LineString","coordinates":[[138.677879,-34.88845],[138.677582,-34.888465],[138.677535,-34.888467],[138.676673,-34.88851],[138.675946,-34.888547]]}},{"type":"Feature","properties":{"tier":"arterial"},"geometry":{"type":"LineString","coordinates":[[138.675939,-34.888463],[138.677529,-34.888386],[138.67787,-34.88837]]}},{"type":"Feature","properties":{"tier":"arterial"},"geometry":{"type":"LineString","coordinates":[[138.67787,-34.88837],[138.678825,-34.888319]]}},{"type":"Feature","properties":{"tier":"arterial"},"geometry":{"type":"LineString","coordinates":[[138.678831,-34.88841],[138.677879,-34.88845]]}},{"type":"Feature","properties":{"tier":"arterial"},"geometry":{"type":"LineString","coordinates":[[138.673818,-34.883341],[138.673772,-34.882588],[138.673765,-34.882408],[138.673758,-34.882328],[138.673751,-34.882254],[138.673705,-34.881779],[138.673703,-34.881718],[138.673702,-34.881695],[138.67369,-34.881565],[138.673689,-34.881553]]}},{"type":"Feature","properties":{"tier":"arterial"},"geometry":{"type":"LineString","coordinates":[[138.67368,-34.880097],[138.673684,-34.880293],[138.673765,-34.881438],[138.673771,-34.881534],[138.673773,-34.88155]]}},{"type":"Feature","properties":{"tier":"arterial"},"geometry":{"type":"LineString","coordinates":[[138.673659,-34.879354],[138.673662,-34.879406],[138.673665,-34.879528],[138.673667,-34.879592],[138.67368,-34.880097]]}},{"type":"Feature","properties":{"tier":"arterial"},"geometry":{"type":"LineString","coordinates":[[138.673689,-34.881553],[138.673643,-34.88107],[138.673588,-34.880496],[138.67358,-34.880297],[138.673561,-34.879948]]}},{"type":"Feature","properties":{"tier":"arterial"},"geometry":{"type":"LineString","coordinates":[[138.673526,-34.879361],[138.673513,-34.878989],[138.673499,-34.87881]]}},{"type":"Feature","properties":{"tier":"arterial"},"geometry":{"type":"LineString","coordinates":[[138.673619,-34.878804],[138.673659,-34.879354]]}},{"type":"Feature","properties":{"tier":"arterial"},"geometry":{"type":"LineString","coordinates":[[138.676269,-34.876209],[138.675955,-34.876226],[138.67473,-34.876293]]}},{"type":"Feature","properties":{"tier":"arterial"},"geometry":{"type":"LineString","coordinates":[[138.681599,-34.875879],[138.681651,-34.875881],[138.682171,-34.875861],[138.682457,-34.875844],[138.682692,-34.87583],[138.682698,-34.87583],[138.682828,-34.875822]]}},{"type":"Feature","properties":{"tier":"arterial"},"geometry":{"type":"LineString","coordinates":[[138.676262,-34.876137],[138.677598,-34.876084]]}},{"type":"Feature","properties":{"tier":"arterial"},"geometry":{"type":"LineString","coordinates":[[138.677603,-34.876141],[138.676618,-34.876188],[138.676269,-34.876209]]}},{"type":"Feature","properties":{"tier":"arterial"},"geometry":{"type":"LineString","coordinates":[[138.677598,-34.876084],[138.677869,-34.87607]]}},{"type":"Feature","properties":{"tier":"arterial"},"geometry":{"type":"LineString","coordinates":[[138.677866,-34.876127],[138.677603,-34.876141]]}},{"type":"Feature","properties":{"tier":"regional"},"geometry":{"type":"LineString","coordinates":[[138.680052,-34.875962],[138.680068,-34.876018]]}},{"type":"Feature","properties":{"tier":"arterial"},"geometry":{"type":"LineString","coordinates":[[138.677869,-34.87607],[138.678663,-34.876028],[138.6788,-34.876023],[138.678906,-34.876018],[138.679107,-34.876008],[138.679536,-34.875987],[138.680052,-34.875962]]}},{"type":"Feature","properties":{"tier":"arterial"},"geometry":{"type":"LineString","coordinates":[[138.680068,-34.876018],[138.678718,-34.876087],[138.677866,-34.876127]]}},{"type":"Feature","properties":{"tier":"arterial"},"geometry":{"type":"LineString","coordinates":[[138.680706,-34.875928],[138.681599,-34.875879]]}},{"type":"Feature","properties":{"tier":"arterial"},"geometry":{"type":"LineString","coordinates":[[138.681604,-34.875946],[138.681018,-34.875973],[138.680268,-34.876008],[138.680068,-34.876018]]}},{"type":"Feature","properties":{"tier":"arterial"},"geometry":{"type":"LineString","coordinates":[[138.641531,-34.939298],[138.640771,-34.939334],[138.640701,-34.939337],[138.640614,-34.939342]]}},{"type":"Feature","properties":{"tier":"arterial"},"geometry":{"type":"LineString","coordinates":[[138.642695,-34.939138],[138.642913,-34.939129],[138.643027,-34.939124],[138.64354,-34.939106],[138.643905,-34.939093]]}},{"type":"Feature","properties":{"tier":"regional"},"geometry":{"type":"LineString","coordinates":[[138.633611,-34.939713],[138.633603,-34.939609]]}},{"type":"Feature","properties":{"tier":"arterial"},"geometry":{"type":"LineString","coordinates":[[138.633622,-34.939869],[138.633595,-34.939833],[138.633548,-34.939792],[138.63353,-34.939778],[138.633509,-34.939761],[138.633449,-34.93972]]}},{"type":"Feature","properties":{"tier":"arterial"},"geometry":{"type":"LineString","coordinates":[[138.648954,-34.938928],[138.647953,-34.938972],[138.647796,-34.938975],[138.646606,-34.939048]]}},{"type":"Feature","properties":{"tier":"arterial"},"geometry":{"type":"LineString","coordinates":[[138.645611,-34.939],[138.646245,-34.93897],[138.646596,-34.938953]]}},{"type":"Feature","properties":{"tier":"high"},"geometry":{"type":"LineString","coordinates":[[138.642741,-34.942373],[138.642761,-34.942699],[138.642851,-34.943779],[138.642861,-34.943902],[138.642907,-34.944736],[138.642937,-34.945334]]}},{"type":"Feature","properties":{"tier":"high"},"geometry":{"type":"LineString","coordinates":[[138.643648,-34.956193],[138.643589,-34.955604],[138.643567,-34.955303],[138.643564,-34.955263],[138.643561,-34.955222],[138.643555,-34.955152],[138.643522,-34.954784],[138.643516,-34.954713],[138.643484,-34.954313],[138.643477,-34.954233]]}},{"type":"Feature","properties":{"tier":"high"},"geometry":{"type":"LineString","coordinates":[[138.643017,-34.946447],[138.643033,-34.946661],[138.643052,-34.946918],[138.643072,-34.947171]]}},{"type":"Feature","properties":{"tier":"arterial"},"geometry":{"type":"LineString","coordinates":[[138.68336,-34.875858],[138.682829,-34.875887]]}},{"type":"Feature","properties":{"tier":"arterial"},"geometry":{"type":"LineString","coordinates":[[138.688912,-34.877363],[138.688611,-34.87728],[138.688391,-34.877206]]}},{"type":"Feature","properties":{"tier":"arterial"},"geometry":{"type":"LineString","coordinates":[[138.692572,-34.877256],[138.692606,-34.877252],[138.692847,-34.877194]]}},{"type":"Feature","properties":{"tier":"arterial"},"geometry":{"type":"LineString","coordinates":[[138.692809,-34.877279],[138.692604,-34.87733]]}},{"type":"Feature","properties":{"tier":"arterial"},"geometry":{"type":"LineString","coordinates":[[138.692604,-34.87733],[138.692582,-34.877336],[138.692379,-34.87738],[138.692129,-34.877417],[138.691951,-34.877436],[138.691895,-34.877443],[138.691784,-34.877458],[138.691652,-34.877485],[138.691524,-34.877519],[138.69141,-34.877546]]}},{"type":"Feature","properties":{"tier":"arterial"},"geometry":{"type":"LineString","coordinates":[[138.691401,-34.877339],[138.691482,-34.877341],[138.691551,-34.877343],[138.69171,-34.877344],[138.691879,-34.877332],[138.692147,-34.877313],[138.692572,-34.877256]]}},{"type":"Feature","properties":{"tier":"arterial"},"geometry":{"type":"LineString","coordinates":[[138.674123,-34.887667],[138.67411,-34.88746],[138.67409,-34.887137],[138.67403,-34.886246],[138.67402,-34.886001],[138.673959,-34.88532],[138.673934,-34.884923],[138.673929,-34.884853],[138.673927,-34.884815]]}},{"type":"Feature","properties":{"tier":"arterial"},"geometry":{"type":"LineString","coordinates":[[138.673927,-34.884815],[138.673924,-34.884764],[138.673899,-34.884414]]}},{"type":"Feature","properties":{"tier":"high"},"geometry":{"type":"LineString","coordinates":[[138.631164,-34.8757],[138.631236,-34.875764]]}},{"type":"Feature","properties":{"tier":"high"},"geometry":{"type":"LineString","coordinates":[[138.631236,-34.875764],[138.630874,-34.87604],[138.630151,-34.876593]]}},{"type":"Feature","properties":{"tier":"high"},"geometry":{"type":"LineString","coordinates":[[138.630019,-34.876561],[138.630799,-34.875975],[138.631164,-34.8757]]}},{"type":"Feature","properties":{"tier":"high"},"geometry":{"type":"LineString","coordinates":[[138.628893,-34.877417],[138.630019,-34.876561]]}},{"type":"Feature","properties":{"tier":"high"},"geometry":{"type":"LineString","coordinates":[[138.635695,-34.893664],[138.635788,-34.893738],[138.635979,-34.893904],[138.636205,-34.894099],[138.636438,-34.894282],[138.636673,-34.89447],[138.636846,-34.894613],[138.637494,-34.895155]]}},{"type":"Feature","properties":{"tier":"high"},"geometry":{"type":"LineString","coordinates":[[138.637494,-34.895155],[138.63765,-34.89528],[138.637996,-34.895539],[138.638049,-34.89558]]}},{"type":"Feature","properties":{"tier":"high"},"geometry":{"type":"LineString","coordinates":[[138.634059,-34.892438],[138.634353,-34.892648]]}},{"type":"Feature","properties":{"tier":"arterial"},"geometry":{"type":"LineString","coordinates":[[138.642614,-34.894951],[138.642655,-34.895024]]}},{"type":"Feature","properties":{"tier":"arterial"},"geometry":{"type":"LineString","coordinates":[[138.64374,-34.894601],[138.642979,-34.894897],[138.642731,-34.894994],[138.642703,-34.895005],[138.642655,-34.895024]]}},{"type":"Feature","properties":{"tier":"arterial"},"geometry":{"type":"LineString","coordinates":[[138.642614,-34.894951],[138.642662,-34.894932],[138.64292,-34.89483],[138.643704,-34.894517]]}},{"type":"Feature","properties":{"tier":"arterial"},"geometry":{"type":"LineString","coordinates":[[138.643704,-34.894517],[138.644824,-34.894067]]}},{"type":"Feature","properties":{"tier":"arterial"},"geometry":{"type":"LineString","coordinates":[[138.644313,-34.894364],[138.64374,-34.894601]]}},{"type":"Feature","properties":{"tier":"arterial"},"geometry":{"type":"LineString","coordinates":[[138.647987,-34.8929],[138.647718,-34.893006],[138.647206,-34.893208],[138.646107,-34.893642],[138.645617,-34.893835]]}},{"type":"Feature","properties":{"tier":"arterial"},"geometry":{"type":"LineString","coordinates":[[138.648488,-34.8927],[138.648133,-34.892841],[138.647987,-34.8929]]}},{"type":"Feature","properties":{"tier":"arterial"},"geometry":{"type":"LineString","coordinates":[[138.649084,-34.892466],[138.648488,-34.8927]]}},{"type":"Feature","properties":{"tier":"arterial"},"geometry":{"type":"LineString","coordinates":[[138.649552,-34.892283],[138.649084,-34.892466]]}},{"type":"Feature","properties":{"tier":"arterial"},"geometry":{"type":"LineString","coordinates":[[138.650086,-34.892077],[138.649552,-34.892283]]}},{"type":"Feature","properties":{"tier":"arterial"},"geometry":{"type":"LineString","coordinates":[[138.650562,-34.891882],[138.650086,-34.892077]]}},{"type":"Feature","properties":{"tier":"arterial"},"geometry":{"type":"LineString","coordinates":[[138.650496,-34.891783],[138.651604,-34.891337],[138.652251,-34.891077]]}},{"type":"Feature","properties":{"tier":"arterial"},"geometry":{"type":"LineString","coordinates":[[138.650027,-34.891972],[138.650496,-34.891783]]}},{"type":"Feature","properties":{"tier":"arterial"},"geometry":{"type":"LineString","coordinates":[[138.649497,-34.892185],[138.650027,-34.891972]]}},{"type":"Feature","properties":{"tier":"arterial"},"geometry":{"type":"LineString","coordinates":[[138.649031,-34.892373],[138.649497,-34.892185]]}},{"type":"Feature","properties":{"tier":"arterial"},"geometry":{"type":"LineString","coordinates":[[138.648443,-34.89261],[138.649031,-34.892373]]}},{"type":"Feature","properties":{"tier":"arterial"},"geometry":{"type":"LineString","coordinates":[[138.647938,-34.892813],[138.648081,-34.892755],[138.648443,-34.89261]]}},{"type":"Feature","properties":{"tier":"arterial"},"geometry":{"type":"LineString","coordinates":[[138.652251,-34.891077],[138.652452,-34.890997],[138.653222,-34.89069]]}},{"type":"Feature","properties":{"tier":"arterial"},"geometry":{"type":"LineString","coordinates":[[138.65328,-34.890791],[138.652312,-34.89118]]}},{"type":"Feature","properties":{"tier":"arterial"},"geometry":{"type":"LineString","coordinates":[[138.639763,-34.889236],[138.639887,-34.889994]]}},{"type":"Feature","properties":{"tier":"arterial"},"geometry":{"type":"LineString","coordinates":[[138.639887,-34.889994],[138.639976,-34.890538],[138.639983,-34.890584],[138.640107,-34.891158],[138.640453,-34.89171],[138.640562,-34.891871],[138.640669,-34.892033]]}},{"type":"Feature","properties":{"tier":"arterial"},"geometry":{"type":"LineString","coordinates":[[138.640578,-34.892077],[138.640459,-34.891907],[138.640234,-34.891561],[138.639997,-34.891195],[138.63987,-34.890642],[138.639774,-34.890008]]}},{"type":"Feature","properties":{"tier":"arterial"},"geometry":{"type":"LineString","coordinates":[[138.639716,-34.888925],[138.639738,-34.889071],[138.639763,-34.889236]]}},{"type":"Feature","properties":{"tier":"arterial"},"geometry":{"type":"LineString","coordinates":[[138.639774,-34.890008],[138.639696,-34.889499],[138.639607,-34.888936]]}},{"type":"Feature","properties":{"tier":"arterial"},"geometry":{"type":"LineString","coordinates":[[138.638212,-34.885222],[138.638281,-34.885359],[138.638308,-34.885418]]}},{"type":"Feature","properties":{"tier":"regional"},"geometry":{"type":"LineString","coordinates":[[138.642937,-34.945334],[138.643068,-34.945329],[138.643178,-34.945324],[138.643468,-34.945315],[138.643532,-34.945313],[138.643738,-34.945302],[138.644084,-34.945286],[138.644272,-34.945276],[138.64542,-34.94522],[138.645521,-34.945218],[138.645702,-34.94521],[138.646496,-34.945175],[138.646903,-34.945152],[138.6472,-34.945134],[138.647766,-34.945109],[138.647918,-34.945101],[138.647995,-34.945098],[138.648078,-34.945088],[138.648161,-34.945076],[138.648322,-34.945038]]}},{"type":"Feature","properties":{"tier":"high"},"geometry":{"type":"LineString","coordinates":[[138.642628,-34.941017],[138.642638,-34.941139],[138.642683,-34.941682],[138.642733,-34.942278],[138.642736,-34.942312],[138.642741,-34.942373]]}},{"type":"Feature","properties":{"tier":"arterial"},"geometry":{"type":"LineString","coordinates":[[138.635375,-34.939518],[138.636494,-34.939473]]}},{"type":"Feature","properties":{"tier":"arterial"},"geometry":{"type":"LineString","coordinates":[[138.636498,-34.939553],[138.636308,-34.939563],[138.63586,-34.939587],[138.635385,-34.939613]]}},{"type":"Feature","properties":{"tier":"arterial"},"geometry":{"type":"LineString","coordinates":[[138.631982,-34.939706],[138.632185,-34.93969]]}},{"type":"Feature","properties":{"tier":"arterial"},"geometry":{"type":"LineString","coordinates":[[138.638859,-34.939429],[138.638746,-34.939435],[138.637493,-34.939501],[138.637126,-34.93952],[138.637044,-34.939524]]}},{"type":"Feature","properties":{"tier":"high"},"geometry":{"type":"LineString","coordinates":[[138.643361,-34.951329],[138.643386,-34.95184],[138.643392,-34.951914]]}},{"type":"Feature","properties":{"tier":"high"},"geometry":{"type":"LineString","coordinates":[[138.643318,-34.950939],[138.643361,-34.951329]]}},{"type":"Feature","properties":{"tier":"high"},"geometry":{"type":"LineString","coordinates":[[138.643263,-34.951334],[138.643233,-34.950941]]}},{"type":"Feature","properties":{"tier":"high"},"geometry":{"type":"LineString","coordinates":[[138.643251,-34.950156],[138.643271,-34.950376],[138.643318,-34.950939]]}},{"type":"Feature","properties":{"tier":"high"},"geometry":{"type":"LineString","coordinates":[[138.643233,-34.950941],[138.643208,-34.950625],[138.643172,-34.950158]]}},{"type":"Feature","properties":{"tier":"arterial"},"geometry":{"type":"LineString","coordinates":[[138.646606,-34.939048],[138.645956,-34.939064],[138.645591,-34.939078]]}},{"type":"Feature","properties":{"tier":"arterial"},"geometry":{"type":"LineString","coordinates":[[138.649345,-34.938912],[138.648954,-34.938928]]}},{"type":"Feature","properties":{"tier":"arterial"},"geometry":{"type":"LineString","coordinates":[[138.648946,-34.938834],[138.649338,-34.938818]]}},{"type":"Feature","properties":{"tier":"arterial"},"geometry":{"type":"LineString","coordinates":[[138.65137,-34.938796],[138.651315,-34.938799],[138.651138,-34.938809]]}},{"type":"Feature","properties":{"tier":"arterial"},"geometry":{"type":"LineString","coordinates":[[138.646596,-34.938953],[138.64779,-34.938883],[138.648946,-34.938834]]}},{"type":"Feature","properties":{"tier":"arterial"},"geometry":{"type":"LineString","coordinates":[[138.636494,-34.939473],[138.637037,-34.939445],[138.637119,-34.93944],[138.638741,-34.939356]]}},{"type":"Feature","properties":{"tier":"arterial"},"geometry":{"type":"LineString","coordinates":[[138.640614,-34.939342],[138.638859,-34.939429]]}},{"type":"Feature","properties":{"tier":"arterial"},"geometry":{"type":"LineString","coordinates":[[138.650043,-34.938874],[138.649345,-34.938912]]}},{"type":"Feature","properties":{"tier":"arterial"},"geometry":{"type":"LineString","coordinates":[[138.649338,-34.938818],[138.649736,-34.938799],[138.650034,-34.938784]]}},{"type":"Feature","properties":{"tier":"arterial"},"geometry":{"type":"LineString","coordinates":[[138.637044,-34.939524],[138.637037,-34.939445]]}},{"type":"Feature","properties":{"tier":"arterial"},"geometry":{"type":"LineString","coordinates":[[138.637119,-34.93944],[138.637126,-34.93952]]}},{"type":"Feature","properties":{"tier":"arterial"},"geometry":{"type":"LineString","coordinates":[[138.637044,-34.939524],[138.636553,-34.93955],[138.636498,-34.939553]]}},{"type":"Feature","properties":{"tier":"high"},"geometry":{"type":"LineString","coordinates":[[138.643661,-34.955257],[138.643691,-34.955642],[138.643729,-34.956071],[138.643741,-34.956176],[138.643759,-34.956381],[138.643773,-34.95654],[138.643791,-34.956766],[138.643795,-34.956808],[138.6438,-34.956859]]}},{"type":"Feature","properties":{"tier":"high"},"geometry":{"type":"LineString","coordinates":[[138.642937,-34.945334],[138.643017,-34.946447]]}},{"type":"Feature","properties":{"tier":"high"},"geometry":{"type":"LineString","coordinates":[[138.643058,-34.948331],[138.643007,-34.947676],[138.643001,-34.947582],[138.642989,-34.94741],[138.642986,-34.947363]]}},{"type":"Feature","properties":{"tier":"high"},"geometry":{"type":"LineString","coordinates":[[138.642246,-34.937865],[138.642232,-34.937713],[138.642225,-34.937629],[138.642169,-34.936969],[138.642135,-34.93661]]}},{"type":"Feature","properties":{"tier":"arterial"},"geometry":{"type":"LineString","coordinates":[[138.645248,-34.939017],[138.645611,-34.939]]}},{"type":"Feature","properties":{"tier":"arterial"},"geometry":{"type":"LineString","coordinates":[[138.645591,-34.939078],[138.645253,-34.939092]]}},{"type":"Feature","properties":{"tier":"arterial"},"geometry":{"type":"LineString","coordinates":[[138.643905,-34.939093],[138.645248,-34.939017]]}},{"type":"Feature","properties":{"tier":"arterial"},"geometry":{"type":"LineString","coordinates":[[138.645253,-34.939092],[138.644371,-34.939145]]}},{"type":"Feature","properties":{"tier":"high"},"geometry":{"type":"LineString","coordinates":[[138.643552,-34.953928],[138.643576,-34.954231]]}},{"type":"Feature","properties":{"tier":"high"},"geometry":{"type":"LineString","coordinates":[[138.643477,-34.954233],[138.643468,-34.95393]]}},{"type":"Feature","properties":{"tier":"high"},"geometry":{"type":"LineString","coordinates":[[138.643576,-34.954231],[138.643603,-34.954582],[138.643643,-34.955023],[138.643661,-34.955257]]}},{"type":"Feature","properties":{"tier":"high"},"geometry":{"type":"LineString","coordinates":[[138.643468,-34.95393],[138.643457,-34.95378],[138.64342,-34.953315],[138.643398,-34.953038],[138.643396,-34.95302],[138.643309,-34.951919]]}},{"type":"Feature","properties":{"tier":"arterial"},"geometry":{"type":"LineString","coordinates":[[138.651363,-34.938707],[138.651436,-34.938709],[138.652082,-34.938721]]}},{"type":"Feature","properties":{"tier":"high"},"geometry":{"type":"LineString","coordinates":[[138.643152,-34.948328],[138.643176,-34.948802]]}},{"type":"Feature","properties":{"tier":"high"},"geometry":{"type":"LineString","coordinates":[[138.643065,-34.948637],[138.643058,-34.948331]]}},{"type":"Feature","properties":{"tier":"high"},"geometry":{"type":"LineString","coordinates":[[138.643176,-34.948802],[138.64318,-34.948973],[138.643214,-34.949502],[138.643221,-34.949629],[138.643251,-34.950156]]}},{"type":"Feature","properties":{"tier":"high"},"geometry":{"type":"LineString","coordinates":[[138.643172,-34.950158],[138.643168,-34.950111]]}},{"type":"Feature","properties":{"tier":"high"},"geometry":{"type":"LineString","coordinates":[[138.639517,-34.902028],[138.639493,-34.901612],[138.639483,-34.901426],[138.639466,-34.901135]]}},{"type":"Feature","properties":{"tier":"high"},"geometry":{"type":"LineString","coordinates":[[138.639562,-34.901132],[138.639613,-34.901796]]}},{"type":"Feature","properties":{"tier":"high"},"geometry":{"type":"LineString","coordinates":[[138.639613,-34.901796],[138.639646,-34.902335]]}},{"type":"Feature","properties":{"tier":"high"},"geometry":{"type":"LineString","coordinates":[[138.639466,-34.901135],[138.639423,-34.900596],[138.639398,-34.90028],[138.639395,-34.900237],[138.639369,-34.899899]]}},{"type":"Feature","properties":{"tier":"high"},"geometry":{"type":"LineString","coordinates":[[138.639535,-34.902339],[138.639517,-34.902028]]}},{"type":"Feature","properties":{"tier":"high"},"geometry":{"type":"LineString","coordinates":[[138.639646,-34.902335],[138.639712,-34.903319]]}},{"type":"Feature","properties":{"tier":"high"},"geometry":{"type":"LineString","coordinates":[[138.639606,-34.903324],[138.639582,-34.90303],[138.639559,-34.902686],[138.639535,-34.902339]]}},{"type":"Feature","properties":{"tier":"high"},"geometry":{"type":"LineString","coordinates":[[138.639712,-34.903319],[138.63978,-34.904168]]}},{"type":"Feature","properties":{"tier":"high"},"geometry":{"type":"LineString","coordinates":[[138.639673,-34.904217],[138.639652,-34.903912],[138.639642,-34.903766],[138.639606,-34.903324]]}},{"type":"Feature","properties":{"tier":"high"},"geometry":{"type":"LineString","coordinates":[[138.639848,-34.904925],[138.639903,-34.905783]]}},{"type":"Feature","properties":{"tier":"high"},"geometry":{"type":"LineString","coordinates":[[138.640264,-34.912032],[138.640144,-34.91068]]}},{"type":"Feature","properties":{"tier":"high"},"geometry":{"type":"LineString","coordinates":[[138.640144,-34.91068],[138.64009,-34.909855],[138.640074,-34.909614],[138.640064,-34.909467],[138.640046,-34.909195],[138.640041,-34.909102]]}},{"type":"Feature","properties":{"tier":"high"},"geometry":{"type":"LineString","coordinates":[[138.639974,-34.906779],[138.640019,-34.90741],[138.640104,-34.9086]]}},{"type":"Feature","properties":{"tier":"high"},"geometry":{"type":"LineString","coordinates":[[138.639229,-34.898097],[138.639146,-34.897507]]}},{"type":"Feature","properties":{"tier":"high"},"geometry":{"type":"LineString","coordinates":[[138.639349,-34.899546],[138.639327,-34.899291],[138.639317,-34.899152]]}},{"type":"Feature","properties":{"tier":"high"},"geometry":{"type":"LineString","coordinates":[[138.639402,-34.898758],[138.639443,-34.899543]]}},{"type":"Feature","properties":{"tier":"high"},"geometry":{"type":"LineString","coordinates":[[138.639361,-34.898331],[138.639402,-34.898758]]}},{"type":"Feature","properties":{"tier":"high"},"geometry":{"type":"LineString","coordinates":[[138.62516,-34.880392],[138.625076,-34.880319]]}},{"type":"Feature","properties":{"tier":"high"},"geometry":{"type":"LineString","coordinates":[[138.62516,-34.880392],[138.62498,-34.880528]]}},{"type":"Feature","properties":{"tier":"high"},"geometry":{"type":"LineString","coordinates":[[138.62498,-34.880392],[138.625076,-34.880319]]}},{"type":"Feature","properties":{"tier":"high"},"geometry":{"type":"LineString","coordinates":[[138.639295,-34.898765],[138.63927,-34.898508],[138.639229,-34.898097]]}},{"type":"Feature","properties":{"tier":"high"},"geometry":{"type":"LineString","coordinates":[[138.626941,-34.878892],[138.627024,-34.878966]]}},{"type":"Feature","properties":{"tier":"high"},"geometry":{"type":"LineString","coordinates":[[138.626461,-34.879398],[138.625637,-34.880027],[138.62516,-34.880392]]}},{"type":"Feature","properties":{"tier":"high"},"geometry":{"type":"LineString","coordinates":[[138.627024,-34.878966],[138.626659,-34.879247],[138.626461,-34.879398]]}},{"type":"Feature","properties":{"tier":"high"},"geometry":{"type":"LineString","coordinates":[[138.626391,-34.879334],[138.626573,-34.879187],[138.626941,-34.878892]]}},{"type":"Feature","properties":{"tier":"high"},"geometry":{"type":"LineString","coordinates":[[138.625076,-34.880319],[138.626391,-34.879334]]}},{"type":"Feature","properties":{"tier":"high"},"geometry":{"type":"LineString","coordinates":[[138.627826,-34.878238],[138.6279,-34.878298]]}},{"type":"Feature","properties":{"tier":"high"},"geometry":{"type":"LineString","coordinates":[[138.627826,-34.878238],[138.628893,-34.877417]]}},{"type":"Feature","properties":{"tier":"high"},"geometry":{"type":"LineString","coordinates":[[138.626941,-34.878892],[138.627826,-34.878238]]}},{"type":"Feature","properties":{"tier":"high"},"geometry":{"type":"LineString","coordinates":[[138.6279,-34.878298],[138.627041,-34.878953],[138.627024,-34.878966]]}},{"type":"Feature","properties":{"tier":"high"},"geometry":{"type":"LineString","coordinates":[[138.62901,-34.877439],[138.6279,-34.878298]]}},{"type":"Feature","properties":{"tier":"arterial"},"geometry":{"type":"LineString","coordinates":[[138.65813,-34.911367],[138.658179,-34.912056],[138.658205,-34.912443],[138.658232,-34.912832]]}},{"type":"Feature","properties":{"tier":"arterial"},"geometry":{"type":"LineString","coordinates":[[138.65827,-34.913897],[138.658228,-34.91381],[138.658211,-34.913668],[138.658193,-34.913516],[138.658178,-34.913295],[138.65812,-34.912447],[138.658094,-34.91206],[138.658017,-34.911372]]}},{"type":"Feature","properties":{"tier":"arterial"},"geometry":{"type":"LineString","coordinates":[[138.65798,-34.910733],[138.657913,-34.90971]]}},{"type":"Feature","properties":{"tier":"arterial"},"geometry":{"type":"LineString","coordinates":[[138.658024,-34.909705],[138.658101,-34.910726]]}},{"type":"Feature","properties":{"tier":"arterial"},"geometry":{"type":"LineString","coordinates":[[138.658017,-34.911372],[138.65798,-34.910733]]}},{"type":"Feature","properties":{"tier":"arterial"},"geometry":{"type":"LineString","coordinates":[[138.658101,-34.910726],[138.65813,-34.911367]]}},{"type":"Feature","properties":{"tier":"arterial"},"geometry":{"type":"LineString","coordinates":[[138.65791,-34.908237],[138.657962,-34.908948],[138.658024,-34.909705]]}},{"type":"Feature","properties":{"tier":"arterial"},"geometry":{"type":"LineString","coordinates":[[138.657913,-34.90971],[138.657813,-34.908243]]}},{"type":"Feature","properties":{"tier":"arterial"},"geometry":{"type":"LineString","coordinates":[[138.657748,-34.905853],[138.657772,-34.906202],[138.657792,-34.906497]]}},{"type":"Feature","properties":{"tier":"arterial"},"geometry":{"type":"LineString","coordinates":[[138.657792,-34.906497],[138.657823,-34.907038],[138.657828,-34.907116],[138.657897,-34.908018],[138.65791,-34.908237]]}},{"type":"Feature","properties":{"tier":"arterial"},"geometry":{"type":"LineString","coordinates":[[138.657696,-34.905211],[138.657748,-34.905853]]}},{"type":"Feature","properties":{"tier":"arterial"},"geometry":{"type":"LineString","coordinates":[[138.657686,-34.906503],[138.657661,-34.906207],[138.657632,-34.905859]]}},{"type":"Feature","properties":{"tier":"arterial"},"geometry":{"type":"LineString","coordinates":[[138.657813,-34.908243],[138.657795,-34.908022],[138.657764,-34.907571],[138.657731,-34.907122],[138.657725,-34.907041],[138.657686,-34.906503]]}},{"type":"Feature","properties":{"tier":"arterial"},"geometry":{"type":"LineString","coordinates":[[138.657627,-34.904155],[138.65763,-34.904209],[138.657637,-34.904305]]}},{"type":"Feature","properties":{"tier":"arterial"},"geometry":{"type":"LineString","coordinates":[[138.657603,-34.903852],[138.657619,-34.904062],[138.657627,-34.904155]]}},{"type":"Feature","properties":{"tier":"arterial"},"geometry":{"type":"LineString","coordinates":[[138.657508,-34.904161],[138.657487,-34.90386]]}},{"type":"Feature","properties":{"tier":"arterial"},"geometry":{"type":"LineString","coordinates":[[138.657632,-34.905859],[138.6576,-34.90545],[138.657557,-34.904878],[138.657555,-34.904853],[138.657547,-34.904693],[138.657545,-34.904625],[138.657514,-34.90425],[138.657511,-34.904213],[138.657508,-34.904161]]}},{"type":"Feature","properties":{"tier":"arterial"},"geometry":{"type":"LineString","coordinates":[[138.657335,-34.901765],[138.657329,-34.901609]]}},{"type":"Feature","properties":{"tier":"arterial"},"geometry":{"type":"LineString","coordinates":[[138.657364,-34.902163],[138.657335,-34.901765]]}},{"type":"Feature","properties":{"tier":"arterial"},"geometry":{"type":"LineString","coordinates":[[138.657487,-34.90386],[138.65746,-34.903436],[138.657444,-34.903214],[138.657415,-34.902811],[138.657402,-34.902624],[138.657364,-34.902163]]}},{"type":"Feature","properties":{"tier":"arterial"},"geometry":{"type":"LineString","coordinates":[[138.657392,-34.900922],[138.657406,-34.901115],[138.657415,-34.901254],[138.657426,-34.901407],[138.65745,-34.90176]]}},{"type":"Feature","properties":{"tier":"arterial"},"geometry":{"type":"LineString","coordinates":[[138.65745,-34.90176],[138.657483,-34.902155]]}},{"type":"Feature","properties":{"tier":"arterial"},"geometry":{"type":"LineString","coordinates":[[138.651059,-34.926425],[138.651319,-34.926411]]}},{"type":"Feature","properties":{"tier":"high"},"geometry":{"type":"LineString","coordinates":[[138.641371,-34.925412],[138.641386,-34.925587]]}},{"type":"Feature","properties":{"tier":"high"},"geometry":{"type":"LineString","coordinates":[[138.641536,-34.927232],[138.641573,-34.927626],[138.641565,-34.92802]]}},{"type":"Feature","properties":{"tier":"high"},"geometry":{"type":"LineString","coordinates":[[138.641411,-34.926952],[138.641403,-34.926854],[138.641394,-34.926757]]}},{"type":"Feature","properties":{"tier":"high"},"geometry":{"type":"LineString","coordinates":[[138.641493,-34.928025],[138.641467,-34.92766]]}},{"type":"Feature","properties":{"tier":"high"},"geometry":{"type":"LineString","coordinates":[[138.641918,-34.933698],[138.64187,-34.933034]]}},{"type":"Feature","properties":{"tier":"high"},"geometry":{"type":"LineString","coordinates":[[138.641951,-34.932956],[138.641972,-34.933232],[138.64201,-34.933693]]}},{"type":"Feature","properties":{"tier":"high"},"geometry":{"type":"LineString","coordinates":[[138.642135,-34.93661],[138.6421,-34.936045],[138.642095,-34.935983],[138.642072,-34.935689],[138.642048,-34.935441],[138.642026,-34.935139],[138.642018,-34.935013]]}},{"type":"Feature","properties":{"tier":"high"},"geometry":{"type":"LineString","coordinates":[[138.642206,-34.936381],[138.642221,-34.936602],[138.642316,-34.93762],[138.642327,-34.937744]]}},{"type":"Feature","properties":{"tier":"high"},"geometry":{"type":"LineString","coordinates":[[138.642018,-34.935013],[138.641991,-34.934662],[138.641961,-34.934274]]}},{"type":"Feature","properties":{"tier":"high"},"geometry":{"type":"LineString","coordinates":[[138.642108,-34.935009],[138.642144,-34.935482],[138.642164,-34.935733],[138.642179,-34.935973],[138.642206,-34.936381]]}},{"type":"Feature","properties":{"tier":"high"},"geometry":{"type":"LineString","coordinates":[[138.642053,-34.934268],[138.642081,-34.934639],[138.642108,-34.935009]]}},{"type":"Feature","properties":{"tier":"high"},"geometry":{"type":"LineString","coordinates":[[138.64201,-34.933693],[138.64203,-34.93395],[138.642053,-34.934268]]}},{"type":"Feature","properties":{"tier":"high"},"geometry":{"type":"LineString","coordinates":[[138.641961,-34.934274],[138.641941,-34.933988],[138.641918,-34.933698]]}},{"type":"Feature","properties":{"tier":"high"},"geometry":{"type":"LineString","coordinates":[[138.641757,-34.93036],[138.641777,-34.930603],[138.64179,-34.930818]]}},{"type":"Feature","properties":{"tier":"high"},"geometry":{"type":"LineString","coordinates":[[138.64179,-34.930818],[138.641795,-34.930914],[138.641832,-34.931377]]}},{"type":"Feature","properties":{"tier":"high"},"geometry":{"type":"LineString","coordinates":[[138.641701,-34.930821],[138.641684,-34.930608],[138.641658,-34.930364]]}},{"type":"Feature","properties":{"tier":"high"},"geometry":{"type":"LineString","coordinates":[[138.64187,-34.933034],[138.641837,-34.93254],[138.641788,-34.93198],[138.641769,-34.931756],[138.641748,-34.931449]]}},{"type":"Feature","properties":{"tier":"arterial"},"geometry":{"type":"LineString","coordinates":[[138.703085,-34.996721],[138.703153,-34.996742]]}},{"type":"Feature","properties":{"tier":"arterial"},"geometry":{"type":"LineString","coordinates":[[138.703085,-34.996721],[138.703116,-34.996663],[138.703264,-34.996333],[138.703381,-34.996139],[138.703402,-34.996105],[138.703503,-34.996],[138.703588,-34.995924],[138.703712,-34.995836],[138.703871,-34.995762],[138.704102,-34.995708],[138.704448,-34.995677],[138.70509,-34.995685]]}},{"type":"Feature","properties":{"tier":"arterial"},"geometry":{"type":"LineString","coordinates":[[138.70509,-34.995685],[138.704467,-34.995742],[138.704122,-34.995775],[138.703893,-34.995835],[138.703712,-34.995922],[138.703598,-34.996007],[138.703519,-34.996092],[138.703476,-34.99614],[138.70344,-34.996193],[138.703403,-34.996254],[138.703328,-34.996389],[138.703253,-34.996557]]}},{"type":"Feature","properties":{"tier":"arterial"},"geometry":{"type":"LineString","coordinates":[[138.702282,-34.998482],[138.702263,-34.998511],[138.70225,-34.998533],[138.702241,-34.998551],[138.702234,-34.998571],[138.702229,-34.998596],[138.702224,-34.998621],[138.70222,-34.998656],[138.702217,-34.998693],[138.702216,-34.998742]]}},{"type":"Feature","properties":{"tier":"arterial"},"geometry":{"type":"LineString","coordinates":[[138.702203,-34.998455],[138.702336,-34.998204]]}},{"type":"Feature","properties":{"tier":"regional"},"geometry":{"type":"LineString","coordinates":[[138.732916,-34.934731],[138.732914,-34.934921],[138.732792,-34.936205],[138.732832,-34.936445],[138.733044,-34.936998],[138.73321,-34.937625],[138.73323,-34.937793],[138.733224,-34.937871],[138.733206,-34.938092],[138.73306,-34.938689],[138.732943,-34.939345],[138.732886,-34.939515],[138.732813,-34.939614],[138.732752,-34.939667],[138.732724,-34.939691],[138.732327,-34.93989],[138.732093,-34.940046],[138.731586,-34.94042],[138.731505,-34.940517],[138.731407,-34.940674],[138.731318,-34.940863],[138.731156,-34.941114],[138.731124,-34.941149],[138.730814,-34.941495],[138.730654,-34.941695],[138.730298,-34.942217],[138.729899,-34.942673],[138.729804,-34.942803],[138.729674,-34.943129],[138.729529,-34.943383],[138.729503,-34.943432]]}},{"type":"Feature","properties":{"tier":"regional"},"geometry":{"type":"LineString","coordinates":[[138.73261,-34.934004],[138.73276,-34.93419],[138.732871,-34.93439],[138.732903,-34.9345],[138.732918,-34.934651],[138.732916,-34.934731]]}},{"type":"Feature","properties":{"tier":"regional"},"geometry":{"type":"LineString","coordinates":[[138.75002,-34.929757],[138.749902,-34.929843],[138.749734,-34.929922],[138.749528,-34.929976],[138.749333,-34.92998],[138.748999,-34.929961],[138.7488,-34.930029],[138.748622,-34.93016],[138.748525,-34.930283],[138.748293,-34.930725],[138.748163,-34.93093],[138.748092,-34.930963],[138.748006,-34.930985],[138.747758,-34.930998],[138.747548,-34.931034],[138.747389,-34.931124],[138.747175,-34.93127],[138.747054,-34.931316],[138.746909,-34.931364],[138.746227,-34.931534],[138.74596,-34.931659],[138.745728,-34.931795],[138.745105,-34.932225],[138.744856,-34.932504]]}},{"type":"Feature","properties":{"tier":"arterial"},"geometry":{"type":"LineString","coordinates":[[138.68013,-34.975593],[138.680091,-34.975737]]}},{"type":"Feature","properties":{"tier":"high"},"geometry":{"type":"LineString","coordinates":[[138.660403,-34.968943],[138.660429,-34.968934],[138.660462,-34.968927]]}},{"type":"Feature","properties":{"tier":"high"},"geometry":{"type":"LineString","coordinates":[[138.660462,-34.968927],[138.660545,-34.968918],[138.660671,-34.968928],[138.660817,-34.968941],[138.660995,-34.968956],[138.661119,-34.968957],[138.66131,-34.96896],[138.661411,-34.968963]]}},{"type":"Feature","properties":{"tier":"arterial"},"geometry":{"type":"LineString","coordinates":[[138.677185,-34.912951],[138.677225,-34.912949],[138.677444,-34.912938],[138.677541,-34.912934],[138.677636,-34.912929],[138.677919,-34.912916],[138.678212,-34.912902]]}},{"type":"Feature","properties":{"tier":"arterial"},"geometry":{"type":"LineString","coordinates":[[138.67867,-34.91288],[138.679379,-34.912845],[138.68002,-34.912816],[138.680477,-34.912794],[138.680499,-34.912793],[138.680554,-34.91279]]}},{"type":"Feature","properties":{"tier":"arterial"},"geometry":{"type":"LineString","coordinates":[[138.626966,-34.977318],[138.627126,-34.977268],[138.627165,-34.977263],[138.627259,-34.97725]]}},{"type":"Feature","properties":{"tier":"arterial"},"geometry":{"type":"LineString","coordinates":[[138.626966,-34.977318],[138.627084,-34.977235],[138.627103,-34.977215],[138.62717,-34.977145],[138.62726,-34.977011]]}},{"type":"Feature","properties":{"tier":"high"},"geometry":{"type":"LineString","coordinates":[[138.643795,-34.963644],[138.643725,-34.963671],[138.643691,-34.963683]]}},{"type":"Feature","properties":{"tier":"high"},"geometry":{"type":"LineString","coordinates":[[138.643712,-34.963507],[138.643761,-34.963482],[138.643781,-34.963464],[138.643877,-34.963377]]}},{"type":"Feature","properties":{"tier":"high"},"geometry":{"type":"LineString","coordinates":[[138.644051,-34.961295],[138.644033,-34.961048],[138.643994,-34.960502],[138.643959,-34.960082],[138.643922,-34.959645],[138.643911,-34.959502],[138.643863,-34.958909],[138.643845,-34.958697],[138.643824,-34.958443],[138.643805,-34.95822],[138.643795,-34.958083],[138.643753,-34.957598]]}},{"type":"Feature","properties":{"tier":"high"},"geometry":{"type":"LineString","coordinates":[[138.643877,-34.963377],[138.643788,-34.963286],[138.643359,-34.962741]]}},{"type":"Feature","properties":{"tier":"high"},"geometry":{"type":"LineString","coordinates":[[138.723188,-35.00002],[138.723337,-34.999964],[138.724046,-34.999682],[138.7246,-34.99946]]}},{"type":"Feature","properties":{"tier":"regional"},"geometry":{"type":"LineString","coordinates":[[138.672647,-34.929815],[138.672622,-34.929819],[138.672598,-34.929814],[138.672577,-34.929802],[138.672565,-34.929784],[138.672563,-34.929763],[138.67257,-34.929746],[138.672583,-34.929732],[138.672602,-34.929723],[138.672624,-34.92972],[138.672646,-34.929724],[138.672664,-34.929734],[138.672677,-34.929749],[138.672683,-34.929766],[138.67268,-34.929784],[138.672667,-34.929803],[138.672647,-34.929815]]}},{"type":"Feature","properties":{"tier":"regional"},"geometry":{"type":"LineString","coordinates":[[138.671471,-34.929534],[138.671815,-34.929602],[138.671892,-34.929617],[138.672563,-34.929763]]}},{"type":"Feature","properties":{"tier":"regional"},"geometry":{"type":"LineString","coordinates":[[138.670795,-34.903497],[138.670798,-34.903476],[138.670809,-34.903458],[138.670827,-34.903444],[138.67085,-34.903436],[138.670875,-34.903435],[138.670899,-34.903442],[138.670918,-34.903454],[138.670931,-34.903472],[138.670935,-34.903492],[138.670931,-34.903512],[138.670919,-34.903529],[138.6709,-34.903542],[138.670878,-34.903549],[138.670854,-34.903549],[138.670832,-34.903543],[138.670814,-34.903531],[138.670801,-34.903515],[138.670795,-34.903497]]}},{"type":"Feature","properties":{"tier":"regional"},"geometry":{"type":"LineString","coordinates":[[138.670918,-34.903454],[138.670989,-34.903461],[138.671165,-34.903476]]}},{"type":"Feature","properties":{"tier":"regional"},"geometry":{"type":"LineString","coordinates":[[138.671165,-34.903476],[138.670992,-34.903514],[138.670919,-34.903529]]}},{"type":"Feature","properties":{"tier":"regional"},"geometry":{"type":"LineString","coordinates":[[138.670494,-34.903513],[138.670719,-34.903474],[138.670809,-34.903458]]}},{"type":"Feature","properties":{"tier":"regional"},"geometry":{"type":"LineString","coordinates":[[138.670814,-34.903531],[138.670721,-34.903526],[138.670494,-34.903513]]}},{"type":"Feature","properties":{"tier":"regional"},"geometry":{"type":"LineString","coordinates":[[138.675359,-34.90325],[138.675285,-34.903256],[138.67523,-34.903259],[138.675175,-34.903262],[138.674901,-34.903277],[138.674803,-34.903282],[138.674698,-34.903288],[138.674282,-34.903311],[138.67356,-34.903351],[138.673097,-34.903377],[138.671981,-34.903434],[138.671516,-34.903459],[138.671165,-34.903476]]}},{"type":"Feature","properties":{"tier":"regional"},"geometry":{"type":"LineString","coordinates":[[138.648406,-34.945098],[138.648381,-34.945099],[138.648356,-34.945092],[138.648336,-34.945078],[138.648324,-34.945059],[138.648322,-34.945038],[138.648331,-34.945016],[138.648351,-34.944998],[138.648378,-34.944989],[138.648407,-34.94499],[138.648433,-34.945001],[138.648449,-34.945017],[138.648457,-34.945036],[138.648456,-34.945056],[138.648446,-34.945075],[138.648429,-34.945089],[138.648406,-34.945098]]}},{"type":"Feature","properties":{"tier":"regional"},"geometry":{"type":"LineString","coordinates":[[138.648457,-34.945036],[138.648592,-34.945046],[138.648647,-34.945047],[138.648735,-34.945046],[138.64883,-34.945043],[138.648953,-34.945035],[138.650112,-34.94497],[138.650425,-34.944956],[138.650588,-34.944948],[138.651082,-34.944925],[138.651679,-34.944895],[138.651694,-34.9449],[138.651769,-34.944921]]}},{"type":"Feature","properties":{"tier":"regional"},"geometry":{"type":"LineString","coordinates":[[138.660875,-34.947725],[138.660848,-34.947685],[138.660836,-34.947656],[138.660819,-34.947602],[138.660807,-34.947562]]}},{"type":"Feature","properties":{"tier":"regional"},"geometry":{"type":"LineString","coordinates":[[138.660898,-34.947559],[138.660894,-34.947637],[138.660875,-34.947725]]}},{"type":"Feature","properties":{"tier":"regional"},"geometry":{"type":"LineString","coordinates":[[138.660831,-34.94739],[138.660819,-34.947349],[138.660833,-34.947171]]}},{"type":"Feature","properties":{"tier":"regional"},"geometry":{"type":"LineString","coordinates":[[138.660833,-34.947171],[138.66086,-34.947228],[138.660876,-34.94728],[138.660884,-34.947314],[138.660896,-34.947344],[138.660917,-34.947373]]}},{"type":"Feature","properties":{"tier":"regional"},"geometry":{"type":"LineString","coordinates":[[138.660783,-34.947535],[138.66078,-34.947522],[138.660791,-34.9475],[138.660804,-34.947485],[138.660816,-34.947469],[138.660822,-34.947452],[138.660827,-34.947432],[138.660828,-34.947408],[138.660831,-34.94739],[138.660839,-34.947376],[138.660853,-34.947365],[138.660875,-34.947363],[138.660893,-34.947365],[138.660917,-34.947373],[138.660928,-34.947383],[138.660936,-34.947397],[138.660938,-34.947411],[138.660935,-34.947423],[138.660929,-34.947438],[138.660921,-34.94745],[138.660913,-34.947462],[138.660906,-34.947476],[138.660902,-34.947495],[138.660901,-34.947516],[138.660903,-34.947533],[138.660902,-34.947548],[138.660898,-34.947559],[138.660889,-34.947568],[138.66087,-34.947575],[138.660848,-34.947578],[138.660828,-34.947572],[138.660807,-34.947562],[138.660792,-34.94755],[138.660783,-34.947535]]}},{"type":"Feature","properties":{"tier":"regional"},"geometry":{"type":"LineString","coordinates":[[138.660628,-34.944497],[138.660697,-34.945389],[138.660713,-34.945592],[138.660763,-34.94625],[138.66077,-34.946371]]}},{"type":"Feature","properties":{"tier":"arterial"},"geometry":{"type":"LineString","coordinates":[[138.638029,-34.897574],[138.638101,-34.897455]]}},{"type":"Feature","properties":{"tier":"arterial"},"geometry":{"type":"LineString","coordinates":[[138.63817,-34.89747],[138.638029,-34.897574]]}},{"type":"Feature","properties":{"tier":"arterial"},"geometry":{"type":"LineString","coordinates":[[138.675371,-34.904395],[138.675325,-34.903777]]}},{"type":"Feature","properties":{"tier":"arterial"},"geometry":{"type":"LineString","coordinates":[[138.675399,-34.903773],[138.675446,-34.90439]]}},{"type":"Feature","properties":{"tier":"arterial"},"geometry":{"type":"LineString","coordinates":[[138.676396,-34.919322],[138.676322,-34.919308],[138.676049,-34.919322],[138.675521,-34.919283],[138.675246,-34.91924]]}},{"type":"Feature","properties":{"tier":"arterial"},"geometry":{"type":"LineString","coordinates":[[138.675246,-34.91924],[138.675523,-34.919199],[138.675988,-34.919213],[138.676318,-34.919202],[138.676399,-34.919205]]}},{"type":"Feature","properties":{"tier":"arterial"},"geometry":{"type":"LineString","coordinates":[[138.657688,-34.93844],[138.656264,-34.938514],[138.655948,-34.938532]]}},{"type":"Feature","properties":{"tier":"arterial"},"geometry":{"type":"LineString","coordinates":[[138.657688,-34.93844],[138.657781,-34.938397],[138.658311,-34.938363],[138.658649,-34.938345]]}},{"type":"Feature","properties":{"tier":"arterial"},"geometry":{"type":"LineString","coordinates":[[138.640361,-34.927024],[138.640674,-34.927009]]}},{"type":"Feature","properties":{"tier":"arterial"},"geometry":{"type":"LineString","coordinates":[[138.671059,-34.876472],[138.670825,-34.876484],[138.670582,-34.876495],[138.670392,-34.876505],[138.669171,-34.876563],[138.668845,-34.876579],[138.668336,-34.876611],[138.667445,-34.876668],[138.66701,-34.876695],[138.665977,-34.876736],[138.665696,-34.876748],[138.665326,-34.876762]]}},{"type":"Feature","properties":{"tier":"arterial"},"geometry":{"type":"LineString","coordinates":[[138.671425,-34.876455],[138.671493,-34.876523],[138.671675,-34.876706]]}},{"type":"Feature","properties":{"tier":"arterial"},"geometry":{"type":"LineString","coordinates":[[138.670141,-34.87498],[138.670506,-34.875413],[138.670605,-34.875529],[138.67088,-34.875855],[138.671165,-34.876173]]}},{"type":"Feature","properties":{"tier":"regional"},"geometry":{"type":"LineString","coordinates":[[138.749251,-34.957207],[138.74727,-34.957122],[138.746865,-34.957152],[138.746456,-34.9572],[138.746346,-34.957194],[138.746202,-34.957144],[138.746099,-34.957065],[138.746039,-34.956955],[138.745897,-34.956832],[138.745695,-34.956721],[138.745509,-34.956642],[138.745426,-34.956628],[138.745348,-34.95665]]}},{"type":"Feature","properties":{"tier":"arterial"},"geometry":{"type":"LineString","coordinates":[[138.726335,-34.958201],[138.725268,-34.95835],[138.724733,-34.958387],[138.723825,-34.958356],[138.723694,-34.958363],[138.723434,-34.958387],[138.721992,-34.958617],[138.721613,-34.958655],[138.721505,-34.958645],[138.721241,-34.958589],[138.72084,-34.958447],[138.720706,-34.958371],[138.720546,-34.958261],[138.720232,-34.957998]]}},{"type":"Feature","properties":{"tier":"arterial"},"geometry":{"type":"LineString","coordinates":[[138.733392,-34.959649],[138.733206,-34.959662],[138.732777,-34.959694],[138.731338,-34.959677],[138.730904,-34.95965],[138.730692,-34.959612],[138.730481,-34.959536],[138.73034,-34.959473],[138.730262,-34.959438],[138.73011,-34.95937],[138.729898,-34.959276],[138.729306,-34.959012],[138.728752,-34.95879],[138.727954,-34.958549],[138.727683,-34.958456],[138.727157,-34.958276],[138.726891,-34.958223],[138.726685,-34.9582],[138.726335,-34.958201]]}},{"type":"Feature","properties":{"tier":"high"},"geometry":{"type":"LineString","coordinates":[[138.701227,-34.997938],[138.701087,-34.997655]]}},{"type":"Feature","properties":{"tier":"high"},"geometry":{"type":"LineString","coordinates":[[138.737476,-34.994494],[138.737819,-34.994542],[138.738342,-34.994659],[138.739019,-34.994867],[138.739156,-34.994921],[138.739687,-34.995191],[138.740654,-34.995684],[138.741451,-34.996115],[138.742623,-34.996716],[138.743507,-34.997138],[138.744734,-34.997574],[138.746013,-34.997961],[138.747277,-34.998274],[138.748131,-34.998519],[138.748535,-34.99865],[138.748657,-34.998697],[138.749128,-34.998914],[138.75002,-34.999451]]}},{"type":"Feature","properties":{"tier":"high"},"geometry":{"type":"LineString","coordinates":[[138.698755,-34.994637],[138.698404,-34.994493],[138.698039,-34.994368],[138.6977,-34.994231],[138.697363,-34.994084],[138.697028,-34.993906],[138.696627,-34.993642],[138.696525,-34.993563],[138.696241,-34.993342],[138.695989,-34.993092],[138.695758,-34.992832],[138.695557,-34.99256],[138.695378,-34.99228],[138.695224,-34.991969],[138.695099,-34.991661],[138.695007,-34.991362],[138.69494,-34.991047],[138.69491,-34.990723],[138.694908,-34.990624],[138.694901,-34.990295],[138.694905,-34.989988],[138.694898,-34.989702],[138.694873,-34.989388],[138.694818,-34.989084],[138.69474,-34.988777]]}},{"type":"Feature","properties":{"tier":"arterial"},"geometry":{"type":"LineString","coordinates":[[138.736649,-34.996122],[138.736961,-34.995121],[138.737019,-34.994969]]}},{"type":"Feature","properties":{"tier":"arterial"},"geometry":{"type":"LineString","coordinates":[[138.7331,-34.99919],[138.732666,-34.999128],[138.731968,-34.999072],[138.731607,-34.999021],[138.73134,-34.99898],[138.730894,-34.998911],[138.730514,-34.998852],[138.729818,-34.998783],[138.729359,-34.998765],[138.728836,-34.998789],[138.728434,-34.998893],[138.727698,-34.999145],[138.727637,-34.999166],[138.726655,-34.999501],[138.726585,-34.999524]]}},{"type":"Feature","properties":{"tier":"arterial"},"geometry":{"type":"LineString","coordinates":[[138.665056,-34.876683],[138.665972,-34.876645],[138.667002,-34.876608],[138.669163,-34.876477],[138.670783,-34.876395]]}},{"type":"Feature","properties":{"tier":"arterial"},"geometry":{"type":"LineString","coordinates":[[138.656494,-34.889833],[138.656476,-34.889606],[138.656474,-34.889578],[138.656474,-34.889532]]}},{"type":"Feature","properties":{"tier":"high"},"geometry":{"type":"LineString","coordinates":[[138.643737,-34.962959],[138.643889,-34.963133],[138.643929,-34.963172],[138.643994,-34.963237]]}},{"type":"Feature","properties":{"tier":"arterial"},"geometry":{"type":"LineString","coordinates":[[138.638503,-34.897007],[138.638632,-34.896879],[138.638722,-34.8968]]}},{"type":"Feature","properties":{"tier":"high"},"geometry":{"type":"LineString","coordinates":[[138.639082,-34.897088],[138.639044,-34.896934]]}},{"type":"Feature","properties":{"tier":"arterial"},"geometry":{"type":"LineString","coordinates":[[138.641078,-34.895642],[138.640908,-34.895708],[138.640197,-34.895988],[138.640109,-34.896031]]}},{"type":"Feature","properties":{"tier":"arterial"},"geometry":{"type":"LineString","coordinates":[[138.64095,-34.921004],[138.640845,-34.920974],[138.640803,-34.920966],[138.640719,-34.920963],[138.640617,-34.920963]]}},{"type":"Feature","properties":{"tier":"high"},"geometry":{"type":"LineString","coordinates":[[138.64104,-34.920952],[138.64105,-34.921024]]}},{"type":"Feature","properties":{"tier":"arterial"},"geometry":{"type":"LineString","coordinates":[[138.64104,-34.920952],[138.641127,-34.920967],[138.641251,-34.920977],[138.641419,-34.920984],[138.641655,-34.920972]]}},{"type":"Feature","properties":{"tier":"high"},"geometry":{"type":"LineString","coordinates":[[138.641088,-34.92174],[138.6412,-34.923387],[138.6412,-34.923388],[138.641208,-34.923496],[138.641249,-34.923944]]}},{"type":"Feature","properties":{"tier":"high"},"geometry":{"type":"LineString","coordinates":[[138.640275,-34.914045],[138.64023,-34.913426],[138.640229,-34.913405],[138.640224,-34.913242]]}},{"type":"Feature","properties":{"tier":"high"},"geometry":{"type":"LineString","coordinates":[[138.640341,-34.914758],[138.640333,-34.914672],[138.640312,-34.914455]]}},{"type":"Feature","properties":{"tier":"arterial"},"geometry":{"type":"LineString","coordinates":[[138.640508,-34.914758],[138.640341,-34.914758]]}},{"type":"Feature","properties":{"tier":"arterial"},"geometry":{"type":"LineString","coordinates":[[138.641171,-34.914752],[138.64104,-34.914756],[138.640961,-34.914758]]}},{"type":"Feature","properties":{"tier":"arterial"},"geometry":{"type":"LineString","coordinates":[[138.641455,-34.914744],[138.641171,-34.914752]]}},{"type":"Feature","properties":{"tier":"arterial"},"geometry":{"type":"LineString","coordinates":[[138.671213,-34.876375],[138.671157,-34.876316],[138.671049,-34.8762],[138.670991,-34.876134]]}},{"type":"Feature","properties":{"tier":"arterial"},"geometry":{"type":"LineString","coordinates":[[138.671294,-34.876461],[138.671213,-34.876375]]}},{"type":"Feature","properties":{"tier":"arterial"},"geometry":{"type":"LineString","coordinates":[[138.671425,-34.876455],[138.671294,-34.876461]]}},{"type":"Feature","properties":{"tier":"arterial"},"geometry":{"type":"LineString","coordinates":[[138.672876,-34.876385],[138.672589,-34.876399],[138.672473,-34.876405],[138.672057,-34.876426],[138.671884,-34.876435]]}},{"type":"Feature","properties":{"tier":"arterial"},"geometry":{"type":"LineString","coordinates":[[138.671884,-34.876435],[138.671535,-34.87645],[138.671491,-34.876452],[138.671425,-34.876455]]}},{"type":"Feature","properties":{"tier":"arterial"},"geometry":{"type":"LineString","coordinates":[[138.674282,-34.888542],[138.674338,-34.88854],[138.674525,-34.888532],[138.675939,-34.888463]]}},{"type":"Feature","properties":{"tier":"arterial"},"geometry":{"type":"LineString","coordinates":[[138.674178,-34.888547],[138.674173,-34.888469],[138.674164,-34.888331]]}},{"type":"Feature","properties":{"tier":"arterial"},"geometry":{"type":"LineString","coordinates":[[138.674471,-34.892368],[138.674461,-34.892219],[138.674376,-34.890939],[138.674341,-34.890506],[138.674315,-34.890211],[138.674289,-34.889961]]}},{"type":"Feature","properties":{"tier":"arterial"},"geometry":{"type":"LineString","coordinates":[[138.63668,-34.882128],[138.636641,-34.882055]]}},{"type":"Feature","properties":{"tier":"arterial"},"geometry":{"type":"LineString","coordinates":[[138.642574,-34.895055],[138.642532,-34.894983]]}},{"type":"Feature","properties":{"tier":"arterial"},"geometry":{"type":"LineString","coordinates":[[138.642532,-34.894983],[138.642614,-34.894951]]}},{"type":"Feature","properties":{"tier":"arterial"},"geometry":{"type":"LineString","coordinates":[[138.631498,-34.915237],[138.631629,-34.915232]]}},{"type":"Feature","properties":{"tier":"arterial"},"geometry":{"type":"LineString","coordinates":[[138.632089,-34.915208],[138.632193,-34.915203],[138.632512,-34.915188],[138.632703,-34.915178]]}},{"type":"Feature","properties":{"tier":"arterial"},"geometry":{"type":"LineString","coordinates":[[138.65827,-34.913897],[138.658389,-34.913891],[138.658425,-34.91389],[138.658622,-34.91388],[138.658983,-34.913862]]}},{"type":"Feature","properties":{"tier":"high"},"geometry":{"type":"LineString","coordinates":[[138.625116,-34.946327],[138.625235,-34.946392],[138.625261,-34.946406],[138.62553,-34.946554]]}},{"type":"Feature","properties":{"tier":"arterial"},"geometry":{"type":"LineString","coordinates":[[138.62617,-34.960557],[138.626175,-34.960627],[138.626177,-34.960648],[138.626192,-34.960838],[138.626214,-34.961104],[138.626237,-34.961396],[138.626255,-34.96162],[138.626284,-34.961986],[138.626302,-34.9622],[138.626298,-34.962969]]}},{"type":"Feature","properties":{"tier":"arterial"},"geometry":{"type":"LineString","coordinates":[[138.67429,-34.888624],[138.674179,-34.88863],[138.67412,-34.888633],[138.673913,-34.888644],[138.672487,-34.888723]]}},{"type":"Feature","properties":{"tier":"arterial"},"geometry":{"type":"LineString","coordinates":[[138.674261,-34.888255],[138.674275,-34.888437],[138.674277,-34.888464],[138.674282,-34.888542]]}},{"type":"Feature","properties":{"tier":"arterial"},"geometry":{"type":"LineString","coordinates":[[138.674216,-34.887661],[138.674261,-34.888255]]}},{"type":"Feature","properties":{"tier":"arterial"},"geometry":{"type":"LineString","coordinates":[[138.62617,-34.960557],[138.626163,-34.960474],[138.626161,-34.96045],[138.626131,-34.960068],[138.626086,-34.959508],[138.626083,-34.959471],[138.626074,-34.959363],[138.626041,-34.958943],[138.62602,-34.958685],[138.625956,-34.957886],[138.62594,-34.957676],[138.625883,-34.956974],[138.625882,-34.956952],[138.625876,-34.956875]]}},{"type":"Feature","properties":{"tier":"arterial"},"geometry":{"type":"LineString","coordinates":[[138.642266,-34.926879],[138.642854,-34.926836]]}},{"type":"Feature","properties":{"tier":"high"},"geometry":{"type":"LineString","coordinates":[[138.641462,-34.926545],[138.641486,-34.926818],[138.641488,-34.926849],[138.641497,-34.926944]]}},{"type":"Feature","properties":{"tier":"high"},"geometry":{"type":"LineString","coordinates":[[138.641399,-34.925757],[138.641403,-34.925806]]}},{"type":"Feature","properties":{"tier":"high"},"geometry":{"type":"LineString","coordinates":[[138.627283,-34.947622],[138.627395,-34.947687]]}},{"type":"Feature","properties":{"tier":"high"},"geometry":{"type":"LineString","coordinates":[[138.641249,-34.923944],[138.641287,-34.924401],[138.641293,-34.924476],[138.641371,-34.925412]]}},{"type":"Feature","properties":{"tier":"arterial"},"geometry":{"type":"LineString","coordinates":[[138.630336,-34.997055],[138.630523,-34.997232]]}},{"type":"Feature","properties":{"tier":"arterial"},"geometry":{"type":"LineString","coordinates":[[138.629627,-34.996431],[138.629682,-34.996522],[138.629759,-34.996642],[138.629876,-34.996766],[138.630016,-34.996874],[138.630164,-34.99695],[138.630336,-34.997055]]}},{"type":"Feature","properties":{"tier":"arterial"},"geometry":{"type":"LineString","coordinates":[[138.675324,-34.902718],[138.675248,-34.902722]]}},{"type":"Feature","properties":{"tier":"arterial"},"geometry":{"type":"LineString","coordinates":[[138.625876,-34.956875],[138.625868,-34.956784],[138.625866,-34.956759],[138.625815,-34.956122],[138.625788,-34.95578],[138.625759,-34.955414],[138.625717,-34.954887],[138.625694,-34.954607],[138.625677,-34.954395],[138.625641,-34.95394],[138.625639,-34.953912],[138.625634,-34.953854]]}},{"type":"Feature","properties":{"tier":"regional"},"geometry":{"type":"LineString","coordinates":[[138.635017,-34.953373],[138.634475,-34.953394],[138.633932,-34.953415],[138.632707,-34.953471],[138.632362,-34.953492],[138.631762,-34.95353],[138.631163,-34.953559],[138.629889,-34.953627],[138.629544,-34.953646],[138.628953,-34.953678],[138.628931,-34.953679],[138.628315,-34.953711],[138.628276,-34.953714],[138.628021,-34.953727],[138.626686,-34.953798],[138.626656,-34.953799],[138.626206,-34.953823]]}},{"type":"Feature","properties":{"tier":"arterial"},"geometry":{"type":"LineString","coordinates":[[138.626393,-34.965379],[138.62635,-34.965206]]}},{"type":"Feature","properties":{"tier":"arterial"},"geometry":{"type":"LineString","coordinates":[[138.62498,-34.997725],[138.625177,-34.997575],[138.625377,-34.997377],[138.625509,-34.997107],[138.625554,-34.996898],[138.625567,-34.996793],[138.625554,-34.996669],[138.625508,-34.996525],[138.62544,-34.996416],[138.625259,-34.996187],[138.624994,-34.995852],[138.62498,-34.995834]]}},{"type":"Feature","properties":{"tier":"arterial"},"geometry":{"type":"LineString","coordinates":[[138.62498,-34.994235],[138.625281,-34.994342],[138.625395,-34.994367],[138.625563,-34.99436],[138.625646,-34.99431],[138.625672,-34.994272],[138.625676,-34.994152],[138.625532,-34.993764],[138.625503,-34.993552],[138.625474,-34.993099],[138.625328,-34.992747]]}},{"type":"Feature","properties":{"tier":"high"},"geometry":{"type":"LineString","coordinates":[[138.640442,-34.913981],[138.640461,-34.914216],[138.640474,-34.914383],[138.640478,-34.914438]]}},{"type":"Feature","properties":{"tier":"arterial"},"geometry":{"type":"LineString","coordinates":[[138.642389,-34.939252],[138.642261,-34.939259],[138.641531,-34.939298]]}},{"type":"Feature","properties":{"tier":"high"},"geometry":{"type":"LineString","coordinates":[[138.642483,-34.939151],[138.642496,-34.939246]]}},{"type":"Feature","properties":{"tier":"high"},"geometry":{"type":"LineString","coordinates":[[138.642437,-34.938743],[138.64247,-34.939053],[138.642472,-34.939069],[138.642483,-34.939151]]}},{"type":"Feature","properties":{"tier":"arterial"},"geometry":{"type":"LineString","coordinates":[[138.675994,-34.913008],[138.676097,-34.913002]]}},{"type":"Feature","properties":{"tier":"arterial"},"geometry":{"type":"LineString","coordinates":[[138.627125,-34.915453],[138.627161,-34.915452],[138.627241,-34.915448],[138.627274,-34.915446],[138.627652,-34.915427]]}},{"type":"Feature","properties":{"tier":"arterial"},"geometry":{"type":"LineString","coordinates":[[138.62498,-34.915564],[138.625298,-34.915548],[138.626331,-34.915494]]}},{"type":"Feature","properties":{"tier":"arterial"},"geometry":{"type":"LineString","coordinates":[[138.674282,-34.888542],[138.67429,-34.888624]]}},{"type":"Feature","properties":{"tier":"arterial"},"geometry":{"type":"LineString","coordinates":[[138.674178,-34.888547],[138.674282,-34.888542]]}},{"type":"Feature","properties":{"tier":"arterial"},"geometry":{"type":"LineString","coordinates":[[138.673857,-34.888562],[138.674082,-34.888551],[138.674113,-34.88855],[138.674178,-34.888547]]}},{"type":"Feature","properties":{"tier":"arterial"},"geometry":{"type":"LineString","coordinates":[[138.684182,-34.900772],[138.684249,-34.901831],[138.684258,-34.901969],[138.684276,-34.902263]]}},{"type":"Feature","properties":{"tier":"high"},"geometry":{"type":"LineString","coordinates":[[138.640478,-34.914438],[138.640495,-34.914631],[138.640499,-34.914665],[138.640508,-34.914758]]}},{"type":"Feature","properties":{"tier":"high"},"geometry":{"type":"LineString","coordinates":[[138.644236,-34.96213],[138.644295,-34.962422],[138.644299,-34.962451],[138.644343,-34.962724]]}},{"type":"Feature","properties":{"tier":"arterial"},"geometry":{"type":"LineString","coordinates":[[138.640997,-34.891881],[138.640876,-34.891995],[138.640805,-34.892069],[138.640798,-34.892076],[138.640747,-34.892149]]}},{"type":"Feature","properties":{"tier":"arterial"},"geometry":{"type":"LineString","coordinates":[[138.639286,-34.896367],[138.639395,-34.896305],[138.639484,-34.896261],[138.639517,-34.896244]]}},{"type":"Feature","properties":{"tier":"arterial"},"geometry":{"type":"LineString","coordinates":[[138.63849,-34.897145],[138.638343,-34.89729],[138.638242,-34.897395],[138.63817,-34.89747]]}},{"type":"Feature","properties":{"tier":"high"},"geometry":{"type":"LineString","coordinates":[[138.63839,-34.89582],[138.638764,-34.896148]]}},{"type":"Feature","properties":{"tier":"high"},"geometry":{"type":"LineString","coordinates":[[138.643994,-34.963237],[138.644046,-34.963161],[138.644084,-34.963105],[138.644118,-34.963024]]}},{"type":"Feature","properties":{"tier":"arterial"},"geometry":{"type":"LineString","coordinates":[[138.701314,-34.998129],[138.701227,-34.997938]]}},{"type":"Feature","properties":{"tier":"arterial"},"geometry":{"type":"LineString","coordinates":[[138.671294,-34.876461],[138.67122,-34.876465],[138.671059,-34.876472]]}},{"type":"Feature","properties":{"tier":"arterial"},"geometry":{"type":"LineString","coordinates":[[138.671638,-34.876818],[138.671519,-34.876699]]}},{"type":"Feature","properties":{"tier":"arterial"},"geometry":{"type":"LineString","coordinates":[[138.671675,-34.876706],[138.671806,-34.876839]]}},{"type":"Feature","properties":{"tier":"arterial"},"geometry":{"type":"LineString","coordinates":[[138.670783,-34.876395],[138.671076,-34.876382],[138.671129,-34.876379],[138.671213,-34.876375]]}},{"type":"Feature","properties":{"tier":"arterial"},"geometry":{"type":"LineString","coordinates":[[138.670991,-34.876134],[138.670745,-34.875849],[138.670004,-34.87498]]}},{"type":"Feature","properties":{"tier":"arterial"},"geometry":{"type":"LineString","coordinates":[[138.632955,-34.93964],[138.633526,-34.939613],[138.633562,-34.939611],[138.633603,-34.939609]]}},{"type":"Feature","properties":{"tier":"arterial"},"geometry":{"type":"LineString","coordinates":[[138.633603,-34.939609],[138.634058,-34.939585],[138.635375,-34.939518]]}},{"type":"Feature","properties":{"tier":"regional"},"geometry":{"type":"LineString","coordinates":[[138.633622,-34.939869],[138.633616,-34.939781],[138.633615,-34.939762],[138.633611,-34.939713]]}},{"type":"Feature","properties":{"tier":"arterial"},"geometry":{"type":"LineString","coordinates":[[138.635385,-34.939613],[138.634852,-34.939643],[138.634499,-34.939663],[138.634257,-34.939676],[138.634164,-34.939682],[138.634015,-34.93969],[138.633739,-34.939706],[138.633611,-34.939713]]}},{"type":"Feature","properties":{"tier":"arterial"},"geometry":{"type":"LineString","coordinates":[[138.631145,-34.915255],[138.631387,-34.915243],[138.6314,-34.915242],[138.631419,-34.915241],[138.631498,-34.915237]]}},{"type":"Feature","properties":{"tier":"arterial"},"geometry":{"type":"LineString","coordinates":[[138.656578,-34.889783],[138.656616,-34.890519],[138.656644,-34.891059]]}},{"type":"Feature","properties":{"tier":"arterial"},"geometry":{"type":"LineString","coordinates":[[138.657229,-34.889486],[138.656873,-34.889504]]}},{"type":"Feature","properties":{"tier":"high"},"geometry":{"type":"LineString","coordinates":[[138.642496,-34.939246],[138.642514,-34.939368],[138.642521,-34.939421]]}},{"type":"Feature","properties":{"tier":"arterial"},"geometry":{"type":"LineString","coordinates":[[138.642979,-34.93922],[138.642847,-34.939227],[138.642697,-34.939235],[138.642654,-34.939238],[138.642496,-34.939246]]}},{"type":"Feature","properties":{"tier":"high"},"geometry":{"type":"LineString","coordinates":[[138.642389,-34.939252],[138.642381,-34.939158]]}},{"type":"Feature","properties":{"tier":"arterial"},"geometry":{"type":"LineString","coordinates":[[138.642381,-34.939158],[138.642483,-34.939151]]}},{"type":"Feature","properties":{"tier":"arterial"},"geometry":{"type":"LineString","coordinates":[[138.642483,-34.939151],[138.642664,-34.93914],[138.642695,-34.939138]]}},{"type":"Feature","properties":{"tier":"high"},"geometry":{"type":"LineString","coordinates":[[138.642459,-34.940034],[138.6424,-34.939375],[138.642398,-34.939349],[138.642389,-34.939252]]}},{"type":"Feature","properties":{"tier":"arterial"},"geometry":{"type":"LineString","coordinates":[[138.642496,-34.939246],[138.642389,-34.939252]]}},{"type":"Feature","properties":{"tier":"high"},"geometry":{"type":"LineString","coordinates":[[138.642629,-34.94238],[138.64262,-34.942295],[138.64256,-34.941557],[138.642532,-34.941201],[138.642518,-34.941009],[138.642493,-34.940618]]}},{"type":"Feature","properties":{"tier":"arterial"},"geometry":{"type":"LineString","coordinates":[[138.674164,-34.888331],[138.674123,-34.887667]]}},{"type":"Feature","properties":{"tier":"arterial"},"geometry":{"type":"LineString","coordinates":[[138.67429,-34.888624],[138.674293,-34.888693],[138.674303,-34.888906]]}},{"type":"Feature","properties":{"tier":"high"},"geometry":{"type":"LineString","coordinates":[[138.62812,-34.888094],[138.628163,-34.888143],[138.628297,-34.888275]]}},{"type":"Feature","properties":{"tier":"high"},"geometry":{"type":"LineString","coordinates":[[138.627998,-34.88819],[138.627945,-34.888138],[138.627833,-34.888019]]}},{"type":"Feature","properties":{"tier":"regional"},"geometry":{"type":"LineString","coordinates":[[138.627998,-34.88819],[138.627943,-34.888233],[138.627917,-34.888254],[138.627809,-34.888339]]}},{"type":"Feature","properties":{"tier":"high"},"geometry":{"type":"LineString","coordinates":[[138.640637,-34.915947],[138.640742,-34.917295]]}},{"type":"Feature","properties":{"tier":"high"},"geometry":{"type":"LineString","coordinates":[[138.640672,-34.917653],[138.64064,-34.917166],[138.640575,-34.916674],[138.640526,-34.916352],[138.640489,-34.916165]]}},{"type":"Feature","properties":{"tier":"arterial"},"geometry":{"type":"LineString","coordinates":[[138.641497,-34.926944],[138.641587,-34.926935],[138.641642,-34.92693],[138.641644,-34.92693],[138.64179,-34.926916]]}},{"type":"Feature","properties":{"tier":"high"},"geometry":{"type":"LineString","coordinates":[[138.641443,-34.927321],[138.641423,-34.927085],[138.64142,-34.92705],[138.641411,-34.926952]]}},{"type":"Feature","properties":{"tier":"high"},"geometry":{"type":"LineString","coordinates":[[138.641497,-34.926944],[138.641514,-34.927045],[138.64153,-34.927185],[138.641536,-34.927232]]}},{"type":"Feature","properties":{"tier":"high"},"geometry":{"type":"LineString","coordinates":[[138.641394,-34.926757],[138.641347,-34.926174]]}},{"type":"Feature","properties":{"tier":"arterial"},"geometry":{"type":"LineString","coordinates":[[138.64118,-34.926974],[138.641291,-34.926964],[138.641347,-34.926958],[138.641411,-34.926952]]}},{"type":"Feature","properties":{"tier":"arterial"},"geometry":{"type":"LineString","coordinates":[[138.629792,-34.921496],[138.628723,-34.921548],[138.628656,-34.921551],[138.628504,-34.921558],[138.627714,-34.921597],[138.627602,-34.921602]]}},{"type":"Feature","properties":{"tier":"regional"},"geometry":{"type":"LineString","coordinates":[[138.63201,-34.921294],[138.632002,-34.921222],[138.632001,-34.921209]]}},{"type":"Feature","properties":{"tier":"arterial"},"geometry":{"type":"LineString","coordinates":[[138.63201,-34.921294],[138.632202,-34.921282]]}},{"type":"Feature","properties":{"tier":"arterial"},"geometry":{"type":"LineString","coordinates":[[138.632212,-34.921379],[138.632014,-34.921388]]}},{"type":"Feature","properties":{"tier":"arterial"},"geometry":{"type":"LineString","coordinates":[[138.64105,-34.921024],[138.64095,-34.921004]]}},{"type":"Feature","properties":{"tier":"high"},"geometry":{"type":"LineString","coordinates":[[138.640913,-34.920541],[138.640888,-34.920313],[138.640839,-34.919814],[138.640793,-34.919159],[138.640776,-34.918919],[138.640732,-34.918417],[138.64073,-34.918382]]}},{"type":"Feature","properties":{"tier":"arterial"},"geometry":{"type":"LineString","coordinates":[[138.628404,-34.908883],[138.628623,-34.908617]]}},{"type":"Feature","properties":{"tier":"high"},"geometry":{"type":"LineString","coordinates":[[138.70509,-34.997697],[138.705177,-34.997723],[138.705388,-34.997788]]}},{"type":"Feature","properties":{"tier":"regional"},"geometry":{"type":"LineString","coordinates":[[138.660324,-34.940166],[138.660342,-34.940177],[138.660363,-34.9402],[138.660373,-34.940227]]}},{"type":"Feature","properties":{"tier":"arterial"},"geometry":{"type":"LineString","coordinates":[[138.66468,-34.876608],[138.664714,-34.876572],[138.664773,-34.876519],[138.66494,-34.876399],[138.665428,-34.876048]]}},{"type":"Feature","properties":{"tier":"arterial"},"geometry":{"type":"LineString","coordinates":[[138.664708,-34.876697],[138.664669,-34.876732],[138.664532,-34.876896]]}},{"type":"Feature","properties":{"tier":"arterial"},"geometry":{"type":"LineString","coordinates":[[138.734249,-34.959585],[138.734011,-34.959603],[138.733392,-34.959649]]}},{"type":"Feature","properties":{"tier":"arterial"},"geometry":{"type":"LineString","coordinates":[[138.737419,-34.958606],[138.73724,-34.958614],[138.737014,-34.958624],[138.736784,-34.958661],[138.736594,-34.958755],[138.736442,-34.95882],[138.736213,-34.958916],[138.734898,-34.959478],[138.734658,-34.959537],[138.734346,-34.959578],[138.734249,-34.959585]]}},{"type":"Feature","properties":{"tier":"arterial"},"geometry":{"type":"LineString","coordinates":[[138.628222,-34.909111],[138.628404,-34.908883]]}},{"type":"Feature","properties":{"tier":"arterial"},"geometry":{"type":"LineString","coordinates":[[138.627937,-34.90945],[138.628004,-34.90937]]}},{"type":"Feature","properties":{"tier":"arterial"},"geometry":{"type":"LineString","coordinates":[[138.667439,-34.925588],[138.667768,-34.925549]]}},{"type":"Feature","properties":{"tier":"arterial"},"geometry":{"type":"LineString","coordinates":[[138.668274,-34.925349],[138.668635,-34.925232],[138.668792,-34.925183]]}},{"type":"Feature","properties":{"tier":"arterial"},"geometry":{"type":"LineString","coordinates":[[138.668047,-34.925551],[138.66807,-34.925844]]}},{"type":"Feature","properties":{"tier":"regional"},"geometry":{"type":"LineString","coordinates":[[138.676914,-34.924863],[138.676898,-34.92465],[138.676888,-34.924518],[138.676885,-34.924459]]}},{"type":"Feature","properties":{"tier":"arterial"},"geometry":{"type":"LineString","coordinates":[[138.676104,-34.924425],[138.676275,-34.924419],[138.676427,-34.924407],[138.676596,-34.924401]]}},{"type":"Feature","properties":{"tier":"arterial"},"geometry":{"type":"LineString","coordinates":[[138.676841,-34.92385],[138.676862,-34.924147],[138.67687,-34.924242],[138.676873,-34.924291]]}},{"type":"Feature","properties":{"tier":"arterial"},"geometry":{"type":"LineString","coordinates":[[138.660076,-34.937447],[138.660062,-34.937033],[138.660049,-34.936925],[138.660011,-34.936464],[138.659931,-34.935299],[138.659892,-34.934735],[138.659872,-34.934477],[138.659789,-34.933445]]}},{"type":"Feature","properties":{"tier":"regional"},"geometry":{"type":"LineString","coordinates":[[138.660241,-34.93922],[138.660252,-34.939355]]}},{"type":"Feature","properties":{"tier":"arterial"},"geometry":{"type":"LineString","coordinates":[[138.660034,-34.938378],[138.659834,-34.938367],[138.659416,-34.938378],[138.658998,-34.9384],[138.658654,-34.938415]]}},{"type":"Feature","properties":{"tier":"regional"},"geometry":{"type":"LineString","coordinates":[[138.660153,-34.938866],[138.660137,-34.938722],[138.660131,-34.938648],[138.66007,-34.938412]]}},{"type":"Feature","properties":{"tier":"arterial"},"geometry":{"type":"LineString","coordinates":[[138.661342,-34.938233],[138.662385,-34.938177],[138.662539,-34.938169],[138.664403,-34.938077],[138.664749,-34.938058],[138.665624,-34.938009],[138.667304,-34.937916],[138.668952,-34.937824],[138.669075,-34.937821]]}},{"type":"Feature","properties":{"tier":"arterial"},"geometry":{"type":"LineString","coordinates":[[138.642655,-34.895024],[138.642574,-34.895055]]}},{"type":"Feature","properties":{"tier":"high"},"geometry":{"type":"LineString","coordinates":[[138.701371,-34.996139],[138.701482,-34.996284],[138.701504,-34.996309],[138.701642,-34.996461],[138.701683,-34.996503],[138.701752,-34.996569],[138.701809,-34.996619],[138.70185,-34.996652]]}},{"type":"Feature","properties":{"tier":"arterial"},"geometry":{"type":"LineString","coordinates":[[138.704792,-34.997637],[138.704991,-34.997693],[138.705014,-34.997699],[138.705031,-34.997701],[138.705047,-34.997702],[138.705063,-34.997702],[138.705075,-34.997701],[138.705083,-34.997699],[138.70509,-34.997697]]}},{"type":"Feature","properties":{"tier":"arterial"},"geometry":{"type":"LineString","coordinates":[[138.703253,-34.996557],[138.703153,-34.996742]]}},{"type":"Feature","properties":{"tier":"arterial"},"geometry":{"type":"LineString","coordinates":[[138.717251,-34.996071],[138.717099,-34.995836],[138.717064,-34.995768],[138.717003,-34.995652],[138.716974,-34.995597],[138.71682,-34.995241],[138.716767,-34.99509],[138.716624,-34.99468]]}},{"type":"Feature","properties":{"tier":"arterial"},"geometry":{"type":"LineString","coordinates":[[138.716025,-34.994159],[138.716165,-34.994204],[138.716335,-34.994271]]}},{"type":"Feature","properties":{"tier":"arterial"},"geometry":{"type":"LineString","coordinates":[[138.716967,-34.994299],[138.71734,-34.99415],[138.717858,-34.993901]]}},{"type":"Feature","properties":{"tier":"high"},"geometry":{"type":"LineString","coordinates":[[138.702848,-34.998959],[138.702739,-34.998956],[138.70267,-34.998952],[138.702602,-34.998942],[138.702547,-34.998933],[138.70249,-34.99892],[138.702395,-34.998898],[138.702231,-34.998856]]}},{"type":"Feature","properties":{"tier":"arterial"},"geometry":{"type":"LineString","coordinates":[[138.656482,-34.889459],[138.656577,-34.889428]]}},{"type":"Feature","properties":{"tier":"high"},"geometry":{"type":"LineString","coordinates":[[138.639074,-34.963911],[138.638668,-34.963931]]}},{"type":"Feature","properties":{"tier":"high"},"geometry":{"type":"LineString","coordinates":[[138.645738,-34.964476],[138.645087,-34.96416]]}},{"type":"Feature","properties":{"tier":"high"},"geometry":{"type":"LineString","coordinates":[[138.64622,-34.964721],[138.64592,-34.964568],[138.645738,-34.964476]]}},{"type":"Feature","properties":{"tier":"high"},"geometry":{"type":"LineString","coordinates":[[138.645087,-34.96416],[138.644716,-34.963965]]}},{"type":"Feature","properties":{"tier":"high"},"geometry":{"type":"LineString","coordinates":[[138.643473,-34.962679],[138.643531,-34.962745],[138.643634,-34.962854]]}},{"type":"Feature","properties":{"tier":"high"},"geometry":{"type":"LineString","coordinates":[[138.644118,-34.963024],[138.644135,-34.962977],[138.644153,-34.962919],[138.644161,-34.962884],[138.644178,-34.962788]]}},{"type":"Feature","properties":{"tier":"high"},"geometry":{"type":"LineString","coordinates":[[138.640397,-34.913135],[138.640406,-34.913475],[138.640433,-34.913864],[138.640442,-34.913981]]}},{"type":"Feature","properties":{"tier":"high"},"geometry":{"type":"LineString","coordinates":[[138.640508,-34.914758],[138.640527,-34.91489],[138.640548,-34.915013]]}},{"type":"Feature","properties":{"tier":"high"},"geometry":{"type":"LineString","coordinates":[[138.640312,-34.914455],[138.640275,-34.914045]]}},{"type":"Feature","properties":{"tier":"arterial"},"geometry":{"type":"LineString","coordinates":[[138.642271,-34.914716],[138.642301,-34.914715]]}},{"type":"Feature","properties":{"tier":"arterial"},"geometry":{"type":"LineString","coordinates":[[138.641796,-34.914736],[138.641839,-34.914735],[138.642271,-34.914716]]}},{"type":"Feature","properties":{"tier":"arterial"},"geometry":{"type":"LineString","coordinates":[[138.641455,-34.914744],[138.64167,-34.914739],[138.641796,-34.914736]]}},{"type":"Feature","properties":{"tier":"high"},"geometry":{"type":"LineString","coordinates":[[138.640253,-34.910677],[138.640364,-34.912218]]}},{"type":"Feature","properties":{"tier":"arterial"},"geometry":{"type":"LineString","coordinates":[[138.637427,-34.914945],[138.63756,-34.914937],[138.637585,-34.914935]]}},{"type":"Feature","properties":{"tier":"arterial"},"geometry":{"type":"LineString","coordinates":[[138.637585,-34.914935],[138.637751,-34.914927],[138.638235,-34.914905],[138.638326,-34.914901],[138.638967,-34.914869],[138.639241,-34.914826]]}},{"type":"Feature","properties":{"tier":"high"},"geometry":{"type":"LineString","coordinates":[[138.626669,-34.947244],[138.62712,-34.94752],[138.627192,-34.947564],[138.627283,-34.947622]]}},{"type":"Feature","properties":{"tier":"high"},"geometry":{"type":"LineString","coordinates":[[138.626298,-34.947028],[138.62646,-34.947121],[138.626547,-34.947172],[138.626669,-34.947244]]}},{"type":"Feature","properties":{"tier":"high"},"geometry":{"type":"LineString","coordinates":[[138.62553,-34.946554],[138.625713,-34.946671],[138.625744,-34.946691],[138.625902,-34.946793],[138.626109,-34.946916],[138.626298,-34.947028]]}},{"type":"Feature","properties":{"tier":"arterial"},"geometry":{"type":"LineString","coordinates":[[138.625164,-34.947981],[138.625162,-34.947958],[138.625134,-34.947605]]}},{"type":"Feature","properties":{"tier":"arterial"},"geometry":{"type":"LineString","coordinates":[[138.625013,-34.944855],[138.625017,-34.944916],[138.625048,-34.945424],[138.625088,-34.94595]]}},{"type":"Feature","properties":{"tier":"high"},"geometry":{"type":"LineString","coordinates":[[138.632258,-34.87498],[138.632198,-34.875026],[138.632017,-34.875165],[138.631906,-34.87525],[138.631236,-34.875764]]}},{"type":"Feature","properties":{"tier":"arterial"},"geometry":{"type":"LineString","coordinates":[[138.633894,-34.87658],[138.633711,-34.876233]]}},{"type":"Feature","properties":{"tier":"arterial"},"geometry":{"type":"LineString","coordinates":[[138.633711,-34.876233],[138.633652,-34.876111],[138.63361,-34.876023],[138.633319,-34.875422]]}},{"type":"Feature","properties":{"tier":"arterial"},"geometry":{"type":"LineString","coordinates":[[138.634099,-34.876968],[138.633996,-34.876774],[138.633894,-34.87658]]}},{"type":"Feature","properties":{"tier":"high"},"geometry":{"type":"LineString","coordinates":[[138.631164,-34.8757],[138.631859,-34.875164],[138.632098,-34.87498]]}},{"type":"Feature","properties":{"tier":"arterial"},"geometry":{"type":"LineString","coordinates":[[138.625212,-34.940078],[138.625225,-34.940077],[138.625856,-34.940037],[138.626501,-34.939996],[138.626683,-34.939984],[138.626765,-34.939979]]}},{"type":"Feature","properties":{"tier":"arterial"},"geometry":{"type":"LineString","coordinates":[[138.627539,-34.940033],[138.627215,-34.940051]]}},{"type":"Feature","properties":{"tier":"high"},"geometry":{"type":"LineString","coordinates":[[138.641565,-34.92802],[138.641596,-34.928469],[138.641603,-34.928564],[138.641624,-34.928868],[138.641757,-34.93036]]}},{"type":"Feature","properties":{"tier":"high"},"geometry":{"type":"LineString","coordinates":[[138.641658,-34.930364],[138.6416,-34.929446],[138.641571,-34.929083],[138.641537,-34.928645],[138.641536,-34.928644],[138.64153,-34.928568],[138.641504,-34.928193],[138.641493,-34.928025]]}},{"type":"Feature","properties":{"tier":"high"},"geometry":{"type":"LineString","coordinates":[[138.641386,-34.925587],[138.641399,-34.925757]]}},{"type":"Feature","properties":{"tier":"arterial"},"geometry":{"type":"LineString","coordinates":[[138.646792,-34.926639],[138.646941,-34.926631],[138.647731,-34.926592],[138.64807,-34.926575],[138.649115,-34.926522],[138.649371,-34.926509],[138.649509,-34.926502],[138.649832,-34.926486],[138.650218,-34.926467],[138.650482,-34.926454],[138.650483,-34.926454],[138.650575,-34.926449],[138.65064,-34.926446],[138.650734,-34.926441],[138.651059,-34.926425]]}},{"type":"Feature","properties":{"tier":"arterial"},"geometry":{"type":"LineString","coordinates":[[138.62585,-34.927772],[138.626355,-34.927744],[138.626622,-34.92773],[138.627069,-34.927705],[138.627735,-34.927669],[138.627799,-34.927665],[138.627858,-34.927662],[138.628044,-34.927652],[138.629525,-34.92757],[138.629567,-34.927568],[138.630238,-34.927531],[138.63106,-34.927486],[138.631228,-34.927477],[138.631322,-34.927472],[138.631616,-34.927456],[138.63229,-34.927419],[138.63232,-34.927417],[138.63245,-34.92741]]}},{"type":"Feature","properties":{"tier":"high"},"geometry":{"type":"LineString","coordinates":[[138.625376,-34.964732],[138.62498,-34.964734]]}},{"type":"Feature","properties":{"tier":"arterial"},"geometry":{"type":"LineString","coordinates":[[138.626389,-34.963819],[138.626429,-34.964381]]}},{"type":"Feature","properties":{"tier":"high"},"geometry":{"type":"LineString","coordinates":[[138.628384,-34.964517],[138.62786,-34.964577]]}},{"type":"Feature","properties":{"tier":"high"},"geometry":{"type":"LineString","coordinates":[[138.640975,-34.92022],[138.641028,-34.920845],[138.641031,-34.920874],[138.64104,-34.920952]]}},{"type":"Feature","properties":{"tier":"high"},"geometry":{"type":"LineString","coordinates":[[138.640927,-34.92074],[138.640913,-34.920541]]}},{"type":"Feature","properties":{"tier":"high"},"geometry":{"type":"LineString","coordinates":[[138.64095,-34.921004],[138.640943,-34.920935]]}},{"type":"Feature","properties":{"tier":"high"},"geometry":{"type":"LineString","coordinates":[[138.641002,-34.921746],[138.640984,-34.921486],[138.640957,-34.921081],[138.640955,-34.921054],[138.64095,-34.921004]]}},{"type":"Feature","properties":{"tier":"high"},"geometry":{"type":"LineString","coordinates":[[138.64105,-34.921024],[138.641054,-34.921069],[138.641063,-34.921199]]}},{"type":"Feature","properties":{"tier":"high"},"geometry":{"type":"LineString","coordinates":[[138.6412,-34.924494],[138.641157,-34.923954]]}},{"type":"Feature","properties":{"tier":"arterial"},"geometry":{"type":"LineString","coordinates":[[138.676119,-34.913972],[138.676082,-34.91351],[138.676072,-34.913389]]}},{"type":"Feature","properties":{"tier":"regional"},"geometry":{"type":"LineString","coordinates":[[138.6647,-34.889415],[138.6648,-34.889338],[138.66485,-34.889293],[138.664878,-34.889246],[138.664889,-34.889207],[138.664891,-34.889173],[138.664895,-34.889097]]}},{"type":"Feature","properties":{"tier":"arterial"},"geometry":{"type":"LineString","coordinates":[[138.662628,-34.889133],[138.662918,-34.889118]]}},{"type":"Feature","properties":{"tier":"high"},"geometry":{"type":"LineString","coordinates":[[138.641347,-34.926174],[138.641343,-34.926121],[138.641314,-34.925773],[138.641311,-34.925726],[138.641305,-34.925662]]}},{"type":"Feature","properties":{"tier":"high"},"geometry":{"type":"LineString","coordinates":[[138.641285,-34.925416],[138.641247,-34.925008],[138.641203,-34.924535],[138.6412,-34.924494]]}},{"type":"Feature","properties":{"tier":"high"},"geometry":{"type":"LineString","coordinates":[[138.642412,-34.938471],[138.642437,-34.938743]]}},{"type":"Feature","properties":{"tier":"high"},"geometry":{"type":"LineString","coordinates":[[138.642327,-34.937744],[138.642378,-34.938179]]}},{"type":"Feature","properties":{"tier":"arterial"},"geometry":{"type":"LineString","coordinates":[[138.643912,-34.939173],[138.64376,-34.93918]]}},{"type":"Feature","properties":{"tier":"high"},"geometry":{"type":"LineString","coordinates":[[138.642574,-34.94031],[138.642588,-34.940598],[138.642628,-34.941017]]}},{"type":"Feature","properties":{"tier":"high"},"geometry":{"type":"LineString","coordinates":[[138.642521,-34.939421],[138.642528,-34.939483],[138.64255,-34.939754],[138.642562,-34.940054],[138.642574,-34.94031]]}},{"type":"Feature","properties":{"tier":"high"},"geometry":{"type":"LineString","coordinates":[[138.642365,-34.939017],[138.642336,-34.938748],[138.642313,-34.938523],[138.642246,-34.937865]]}},{"type":"Feature","properties":{"tier":"high"},"geometry":{"type":"LineString","coordinates":[[138.642736,-34.943784],[138.642686,-34.943149],[138.642651,-34.942714],[138.642637,-34.942489],[138.642629,-34.94238]]}},{"type":"Feature","properties":{"tier":"arterial"},"geometry":{"type":"LineString","coordinates":[[138.705992,-34.997349],[138.706277,-34.997253],[138.70661,-34.997118],[138.706826,-34.99703]]}},{"type":"Feature","properties":{"tier":"arterial"},"geometry":{"type":"LineString","coordinates":[[138.705559,-34.997483],[138.705887,-34.997383],[138.705992,-34.997349]]}},{"type":"Feature","properties":{"tier":"arterial"},"geometry":{"type":"LineString","coordinates":[[138.704333,-34.997502],[138.704494,-34.99755],[138.70457,-34.997572]]}},{"type":"Feature","properties":{"tier":"arterial"},"geometry":{"type":"LineString","coordinates":[[138.704158,-34.997446],[138.704333,-34.997502]]}},{"type":"Feature","properties":{"tier":"high"},"geometry":{"type":"LineString","coordinates":[[138.64073,-34.918382],[138.640706,-34.918086]]}},{"type":"Feature","properties":{"tier":"high"},"geometry":{"type":"LineString","coordinates":[[138.640386,-34.915198],[138.64036,-34.914946],[138.640358,-34.91493],[138.640355,-34.914893],[138.640341,-34.914758]]}},{"type":"Feature","properties":{"tier":"arterial"},"geometry":{"type":"LineString","coordinates":[[138.630173,-34.915303],[138.630702,-34.915276]]}},{"type":"Feature","properties":{"tier":"arterial"},"geometry":{"type":"LineString","coordinates":[[138.628667,-34.915377],[138.628895,-34.915366],[138.629254,-34.915348],[138.630173,-34.915303]]}},{"type":"Feature","properties":{"tier":"arterial"},"geometry":{"type":"LineString","coordinates":[[138.630421,-34.913199],[138.630552,-34.913417],[138.630686,-34.91364],[138.631222,-34.914511]]}},{"type":"Feature","properties":{"tier":"arterial"},"geometry":{"type":"LineString","coordinates":[[138.630702,-34.915276],[138.630914,-34.915266],[138.63106,-34.915259],[138.631145,-34.915255]]}},{"type":"Feature","properties":{"tier":"regional"},"geometry":{"type":"LineString","coordinates":[[138.631799,-34.918277],[138.631795,-34.918243],[138.631792,-34.918198],[138.631726,-34.917308],[138.631724,-34.917282]]}},{"type":"Feature","properties":{"tier":"regional"},"geometry":{"type":"LineString","coordinates":[[138.631724,-34.917282],[138.631699,-34.916951],[138.631694,-34.916887],[138.631686,-34.916784],[138.631678,-34.916684],[138.631647,-34.91633],[138.63163,-34.916138],[138.631624,-34.916059]]}},{"type":"Feature","properties":{"tier":"regional"},"geometry":{"type":"LineString","coordinates":[[138.631624,-34.916059],[138.631604,-34.915805],[138.631596,-34.915715],[138.631582,-34.915546],[138.631545,-34.91536],[138.631536,-34.915335],[138.631498,-34.915237]]}},{"type":"Feature","properties":{"tier":"arterial"},"geometry":{"type":"LineString","coordinates":[[138.631379,-34.914993],[138.630712,-34.913878],[138.630659,-34.913789],[138.630586,-34.913667],[138.630323,-34.913245]]}},{"type":"Feature","properties":{"tier":"arterial"},"geometry":{"type":"LineString","coordinates":[[138.63146,-34.915143],[138.631379,-34.914993]]}},{"type":"Feature","properties":{"tier":"regional"},"geometry":{"type":"LineString","coordinates":[[138.63173,-34.915501],[138.631749,-34.915589],[138.631785,-34.915755],[138.631811,-34.915954]]}},{"type":"Feature","properties":{"tier":"arterial"},"geometry":{"type":"LineString","coordinates":[[138.633423,-34.915143],[138.633713,-34.915128],[138.633778,-34.915125],[138.633847,-34.915122],[138.633964,-34.915116]]}},{"type":"Feature","properties":{"tier":"arterial"},"geometry":{"type":"LineString","coordinates":[[138.633072,-34.91516],[138.633307,-34.915148],[138.633423,-34.915143]]}},{"type":"Feature","properties":{"tier":"regional"},"geometry":{"type":"LineString","coordinates":[[138.632212,-34.921379],[138.632216,-34.921455],[138.632248,-34.921843]]}},{"type":"Feature","properties":{"tier":"arterial"},"geometry":{"type":"LineString","coordinates":[[138.629782,-34.921413],[138.629992,-34.921406],[138.630613,-34.921377],[138.630871,-34.921364],[138.631341,-34.92134],[138.631878,-34.921302],[138.631905,-34.9213],[138.63201,-34.921294]]}},{"type":"Feature","properties":{"tier":"arterial"},"geometry":{"type":"LineString","coordinates":[[138.632202,-34.921282],[138.632288,-34.921276],[138.632901,-34.921257]]}},{"type":"Feature","properties":{"tier":"arterial"},"geometry":{"type":"LineString","coordinates":[[138.632014,-34.921388],[138.631913,-34.921393],[138.630966,-34.921439],[138.630876,-34.921443],[138.629792,-34.921496]]}},{"type":"Feature","properties":{"tier":"regional"},"geometry":{"type":"LineString","coordinates":[[138.632155,-34.920687],[138.632195,-34.921189],[138.632197,-34.921213],[138.632202,-34.921282]]}},{"type":"Feature","properties":{"tier":"arterial"},"geometry":{"type":"LineString","coordinates":[[138.625382,-34.921714],[138.625042,-34.921731],[138.62498,-34.921734]]}},{"type":"Feature","properties":{"tier":"arterial"},"geometry":{"type":"LineString","coordinates":[[138.684782,-34.910084],[138.684915,-34.909941],[138.685068,-34.909817]]}},{"type":"Feature","properties":{"tier":"arterial"},"geometry":{"type":"LineString","coordinates":[[138.684568,-34.910324],[138.684682,-34.910196],[138.684782,-34.910084]]}},{"type":"Feature","properties":{"tier":"regional"},"geometry":{"type":"LineString","coordinates":[[138.627298,-34.88874],[138.626939,-34.889025],[138.626628,-34.889223],[138.626467,-34.889262],[138.626298,-34.889268]]}},{"type":"Feature","properties":{"tier":"high"},"geometry":{"type":"LineString","coordinates":[[138.693021,-34.986919],[138.692326,-34.986653],[138.692077,-34.986533],[138.691854,-34.986398],[138.691647,-34.986231],[138.691517,-34.986101],[138.691407,-34.985974]]}},{"type":"Feature","properties":{"tier":"arterial"},"geometry":{"type":"LineString","coordinates":[[138.746709,-34.88452],[138.746548,-34.884663],[138.746432,-34.884703],[138.746357,-34.884661],[138.746349,-34.884571],[138.746411,-34.884404]]}},{"type":"Feature","properties":{"tier":"arterial"},"geometry":{"type":"LineString","coordinates":[[138.75002,-34.883843],[138.748986,-34.883805],[138.748653,-34.883873],[138.748208,-34.884008],[138.747983,-34.884175],[138.747781,-34.884454],[138.747561,-34.88468],[138.747461,-34.88483],[138.747358,-34.884919],[138.74723,-34.884936],[138.747142,-34.884909],[138.747076,-34.884858],[138.74704,-34.88479],[138.747066,-34.884646],[138.74721,-34.884476],[138.747212,-34.884345],[138.747134,-34.884266],[138.747006,-34.884246],[138.746907,-34.884278],[138.746832,-34.884364],[138.746709,-34.88452]]}},{"type":"Feature","properties":{"tier":"regional"},"geometry":{"type":"LineString","coordinates":[[138.75002,-34.956809],[138.749454,-34.957123],[138.749251,-34.957207]]}},{"type":"Feature","properties":{"tier":"regional"},"geometry":{"type":"LineString","coordinates":[[138.668292,-34.928939],[138.668366,-34.928935],[138.668413,-34.928935],[138.668527,-34.928937],[138.668655,-34.928958],[138.669598,-34.92915]]}},{"type":"Feature","properties":{"tier":"regional"},"geometry":{"type":"LineString","coordinates":[[138.669598,-34.92915],[138.67009,-34.929247],[138.671471,-34.929534]]}},{"type":"Feature","properties":{"tier":"arterial"},"geometry":{"type":"LineString","coordinates":[[138.702053,-34.998719],[138.702066,-34.998713]]}},{"type":"Feature","properties":{"tier":"arterial"},"geometry":{"type":"LineString","coordinates":[[138.702014,-34.998852],[138.702007,-34.998835],[138.702004,-34.998819],[138.702003,-34.998802],[138.702005,-34.998786],[138.702016,-34.998757],[138.702029,-34.998737],[138.702053,-34.998719]]}},{"type":"Feature","properties":{"tier":"arterial"},"geometry":{"type":"LineString","coordinates":[[138.702073,-34.998897],[138.702062,-34.998893],[138.702049,-34.998886],[138.702033,-34.998876],[138.702022,-34.998865],[138.702014,-34.998852]]}},{"type":"Feature","properties":{"tier":"arterial"},"geometry":{"type":"LineString","coordinates":[[138.702226,-34.998863],[138.702208,-34.998879],[138.70219,-34.998889],[138.702169,-34.998896],[138.702151,-34.9989],[138.702129,-34.998902],[138.702111,-34.998903],[138.702093,-34.998902],[138.702073,-34.998897]]}},{"type":"Feature","properties":{"tier":"arterial"},"geometry":{"type":"LineString","coordinates":[[138.702231,-34.998856],[138.702226,-34.998863]]}},{"type":"Feature","properties":{"tier":"arterial"},"geometry":{"type":"LineString","coordinates":[[138.702066,-34.998713],[138.702099,-34.998706],[138.702123,-34.998704],[138.702152,-34.998707],[138.702178,-34.998716],[138.702199,-34.998727],[138.702216,-34.998742]]}},{"type":"Feature","properties":{"tier":"arterial"},"geometry":{"type":"LineString","coordinates":[[138.70287,-34.996979],[138.702886,-34.996972]]}},{"type":"Feature","properties":{"tier":"arterial"},"geometry":{"type":"LineString","coordinates":[[138.702824,-34.997112],[138.702817,-34.99709],[138.702814,-34.997068],[138.702816,-34.997047],[138.702822,-34.997028],[138.702832,-34.997011],[138.702849,-34.996995],[138.70287,-34.996979]]}},{"type":"Feature","properties":{"tier":"arterial"},"geometry":{"type":"LineString","coordinates":[[138.702834,-34.997126],[138.702824,-34.997112]]}},{"type":"Feature","properties":{"tier":"arterial"},"geometry":{"type":"LineString","coordinates":[[138.702989,-34.997162],[138.702965,-34.997169],[138.702945,-34.997172],[138.702919,-34.997171],[138.702896,-34.997165],[138.702876,-34.997157],[138.702853,-34.997143],[138.702834,-34.997126]]}},{"type":"Feature","properties":{"tier":"arterial"},"geometry":{"type":"LineString","coordinates":[[138.703057,-34.997031],[138.703065,-34.997045]]}},{"type":"Feature","properties":{"tier":"arterial"},"geometry":{"type":"LineString","coordinates":[[138.702886,-34.996972],[138.702912,-34.996967],[138.702938,-34.996966],[138.702965,-34.996969],[138.702984,-34.996974],[138.70301,-34.996985],[138.703032,-34.997],[138.703046,-34.997015],[138.703057,-34.997031]]}},{"type":"Feature","properties":{"tier":"arterial"},"geometry":{"type":"LineString","coordinates":[[138.702538,-34.997805],[138.702736,-34.997419]]}},{"type":"Feature","properties":{"tier":"high"},"geometry":{"type":"LineString","coordinates":[[138.70185,-34.996652],[138.701939,-34.996713],[138.702008,-34.996758]]}},{"type":"Feature","properties":{"tier":"high"},"geometry":{"type":"LineString","coordinates":[[138.661411,-34.968963],[138.661629,-34.968939],[138.661803,-34.968905],[138.662029,-34.96885],[138.662421,-34.968728],[138.663398,-34.968465]]}},{"type":"Feature","properties":{"tier":"high"},"geometry":{"type":"LineString","coordinates":[[138.660562,-34.969501],[138.660885,-34.96935],[138.661222,-34.969209],[138.661608,-34.969056],[138.661964,-34.968936],[138.662347,-34.968816],[138.662913,-34.968638],[138.663398,-34.968465]]}},{"type":"Feature","properties":{"tier":"high"},"geometry":{"type":"LineString","coordinates":[[138.663398,-34.968465],[138.66375,-34.968329],[138.664097,-34.96818],[138.664438,-34.968025],[138.664777,-34.967861],[138.665122,-34.96769],[138.665458,-34.967532],[138.665531,-34.967505],[138.665818,-34.9674],[138.666177,-34.967281],[138.666554,-34.967186],[138.66694,-34.967113],[138.667328,-34.967066],[138.667723,-34.967037],[138.66811,-34.967032],[138.668508,-34.967055],[138.66889,-34.9671],[138.669271,-34.967162],[138.669652,-34.96725],[138.670019,-34.967352],[138.670386,-34.967472],[138.670736,-34.967605],[138.671087,-34.967751],[138.671432,-34.967905]]}},{"type":"Feature","properties":{"tier":"high"},"geometry":{"type":"LineString","coordinates":[[138.65911,-34.970647],[138.659024,-34.97067],[138.658935,-34.970695],[138.658837,-34.970726],[138.658736,-34.970764],[138.65854,-34.97086],[138.658262,-34.971009],[138.657979,-34.971168],[138.65736,-34.971487]]}},{"type":"Feature","properties":{"tier":"high"},"geometry":{"type":"LineString","coordinates":[[138.657668,-34.971291],[138.657619,-34.971323],[138.65736,-34.971487]]}},{"type":"Feature","properties":{"tier":"high"},"geometry":{"type":"LineString","coordinates":[[138.660396,-34.96974],[138.659933,-34.969983],[138.659601,-34.970164],[138.659462,-34.970241],[138.659276,-34.970344],[138.658954,-34.970531],[138.658628,-34.970715],[138.658305,-34.970908],[138.657986,-34.971095],[138.657668,-34.971291]]}},{"type":"Feature","properties":{"tier":"arterial"},"geometry":{"type":"LineString","coordinates":[[138.700396,-34.878691],[138.70035,-34.878008],[138.700332,-34.877746],[138.700273,-34.876881],[138.700149,-34.875043]]}},{"type":"Feature","properties":{"tier":"arterial"},"geometry":{"type":"LineString","coordinates":[[138.700402,-34.878778],[138.700396,-34.878691]]}},{"type":"Feature","properties":{"tier":"regional"},"geometry":{"type":"LineString","coordinates":[[138.633673,-34.940574],[138.633644,-34.940174],[138.633622,-34.939869]]}},{"type":"Feature","properties":{"tier":"arterial"},"geometry":{"type":"LineString","coordinates":[[138.703666,-34.997295],[138.703742,-34.997321],[138.703814,-34.997341],[138.703845,-34.997352],[138.703922,-34.997376],[138.704024,-34.997407],[138.704158,-34.997446]]}},{"type":"Feature","properties":{"tier":"arterial"},"geometry":{"type":"LineString","coordinates":[[138.724816,-34.922837],[138.724891,-34.922852],[138.724946,-34.922879],[138.724991,-34.922924]]}},{"type":"Feature","properties":{"tier":"arterial"},"geometry":{"type":"LineString","coordinates":[[138.724781,-34.922769],[138.724807,-34.922802],[138.724816,-34.922837]]}},{"type":"Feature","properties":{"tier":"high"},"geometry":{"type":"LineString","coordinates":[[138.641305,-34.925662],[138.6413,-34.925602],[138.641285,-34.925416]]}},{"type":"Feature","properties":{"tier":"arterial"},"geometry":{"type":"LineString","coordinates":[[138.702736,-34.997419],[138.702787,-34.997335]]}},{"type":"Feature","properties":{"tier":"high"},"geometry":{"type":"LineString","coordinates":[[138.660448,-34.968998],[138.660388,-34.969017],[138.660338,-34.969058],[138.6603,-34.969098],[138.660252,-34.969161],[138.660176,-34.969267],[138.660082,-34.969394],[138.660039,-34.969458]]}},{"type":"Feature","properties":{"tier":"arterial"},"geometry":{"type":"LineString","coordinates":[[138.72657,-34.985733],[138.726677,-34.985732],[138.727211,-34.985705],[138.728626,-34.985617],[138.730007,-34.985534]]}},{"type":"Feature","properties":{"tier":"arterial"},"geometry":{"type":"LineString","coordinates":[[138.730007,-34.985534],[138.730316,-34.98552],[138.730757,-34.985561]]}},{"type":"Feature","properties":{"tier":"arterial"},"geometry":{"type":"LineString","coordinates":[[138.674303,-34.888906],[138.674364,-34.889758],[138.674371,-34.889871]]}},{"type":"Feature","properties":{"tier":"arterial"},"geometry":{"type":"LineString","coordinates":[[138.674371,-34.889871],[138.674374,-34.889952]]}},{"type":"Feature","properties":{"tier":"arterial"},"geometry":{"type":"LineString","coordinates":[[138.674285,-34.88988],[138.674278,-34.889808],[138.674274,-34.889763],[138.674227,-34.889241],[138.674192,-34.888857]]}},{"type":"Feature","properties":{"tier":"arterial"},"geometry":{"type":"LineString","coordinates":[[138.674289,-34.889961],[138.674285,-34.88988]]}},{"type":"Feature","properties":{"tier":"arterial"},"geometry":{"type":"LineString","coordinates":[[138.685864,-34.909569],[138.685629,-34.909592],[138.685528,-34.909614],[138.685394,-34.909654],[138.685195,-34.90974],[138.685068,-34.909817]]}},{"type":"Feature","properties":{"tier":"arterial"},"geometry":{"type":"LineString","coordinates":[[138.631629,-34.915232],[138.631741,-34.915226],[138.631753,-34.915225],[138.631772,-34.915224],[138.631889,-34.915218]]}},{"type":"Feature","properties":{"tier":"arterial"},"geometry":{"type":"LineString","coordinates":[[138.640792,-34.914757],[138.640675,-34.91476],[138.640652,-34.91476],[138.640624,-34.914758],[138.640508,-34.914758]]}},{"type":"Feature","properties":{"tier":"arterial"},"geometry":{"type":"LineString","coordinates":[[138.639704,-34.914777],[138.639432,-34.914796]]}},{"type":"Feature","properties":{"tier":"high"},"geometry":{"type":"LineString","coordinates":[[138.640221,-34.912715],[138.640235,-34.912476]]}},{"type":"Feature","properties":{"tier":"high"},"geometry":{"type":"LineString","coordinates":[[138.640265,-34.912142],[138.640269,-34.912107],[138.640264,-34.912032]]}},{"type":"Feature","properties":{"tier":"high"},"geometry":{"type":"LineString","coordinates":[[138.640242,-34.912336],[138.640265,-34.912142]]}},{"type":"Feature","properties":{"tier":"high"},"geometry":{"type":"LineString","coordinates":[[138.640104,-34.9086],[138.640134,-34.909013],[138.640134,-34.909014],[138.64014,-34.909099],[138.640166,-34.909466],[138.640194,-34.90985],[138.640253,-34.910677]]}},{"type":"Feature","properties":{"tier":"arterial"},"geometry":{"type":"LineString","coordinates":[[138.659643,-34.931538],[138.659641,-34.931521],[138.659622,-34.931281],[138.659589,-34.930848],[138.659516,-34.929856],[138.659415,-34.928487],[138.659323,-34.927303],[138.659276,-34.92669]]}},{"type":"Feature","properties":{"tier":"arterial"},"geometry":{"type":"LineString","coordinates":[[138.659652,-34.931642],[138.659643,-34.931538]]}},{"type":"Feature","properties":{"tier":"arterial"},"geometry":{"type":"LineString","coordinates":[[138.673387,-34.876282],[138.673389,-34.87636]]}},{"type":"Feature","properties":{"tier":"arterial"},"geometry":{"type":"LineString","coordinates":[[138.674064,-34.876246],[138.674184,-34.876321]]}},{"type":"Feature","properties":{"tier":"arterial"},"geometry":{"type":"LineString","coordinates":[[138.673389,-34.87636],[138.672876,-34.876385]]}},{"type":"Feature","properties":{"tier":"arterial"},"geometry":{"type":"LineString","coordinates":[[138.673387,-34.876282],[138.674064,-34.876246],[138.674311,-34.876232],[138.674386,-34.876228],[138.674802,-34.876205]]}},{"type":"Feature","properties":{"tier":"arterial"},"geometry":{"type":"LineString","coordinates":[[138.67473,-34.876293],[138.674802,-34.876205]]}},{"type":"Feature","properties":{"tier":"arterial"},"geometry":{"type":"LineString","coordinates":[[138.67473,-34.876293],[138.674592,-34.876301],[138.674479,-34.876306],[138.67439,-34.876311],[138.674184,-34.876321],[138.673389,-34.87636]]}},{"type":"Feature","properties":{"tier":"arterial"},"geometry":{"type":"LineString","coordinates":[[138.674802,-34.876205],[138.67534,-34.876176],[138.676262,-34.876137]]}},{"type":"Feature","properties":{"tier":"arterial"},"geometry":{"type":"LineString","coordinates":[[138.665012,-34.876775],[138.664804,-34.876793],[138.664749,-34.876805],[138.664671,-34.876836],[138.664532,-34.876896]]}},{"type":"Feature","properties":{"tier":"arterial"},"geometry":{"type":"LineString","coordinates":[[138.657803,-34.887258],[138.657861,-34.887165]]}},{"type":"Feature","properties":{"tier":"arterial"},"geometry":{"type":"LineString","coordinates":[[138.657757,-34.88733],[138.657803,-34.887258]]}},{"type":"Feature","properties":{"tier":"arterial"},"geometry":{"type":"LineString","coordinates":[[138.657949,-34.887219],[138.6579,-34.887296]]}},{"type":"Feature","properties":{"tier":"arterial"},"geometry":{"type":"LineString","coordinates":[[138.6579,-34.887296],[138.657857,-34.887363]]}},{"type":"Feature","properties":{"tier":"regional"},"geometry":{"type":"LineString","coordinates":[[138.661781,-34.940139],[138.661878,-34.940564],[138.661993,-34.94077],[138.662268,-34.941086],[138.662359,-34.941167],[138.662447,-34.941265],[138.662934,-34.941626],[138.663143,-34.941795],[138.663201,-34.941896],[138.663468,-34.942484],[138.663699,-34.942806],[138.664119,-34.943125],[138.664574,-34.943709],[138.664922,-34.944142],[138.665266,-34.944611],[138.665439,-34.944846],[138.666148,-34.945637],[138.666266,-34.945848],[138.666319,-34.946201]]}},{"type":"Feature","properties":{"tier":"regional"},"geometry":{"type":"LineString","coordinates":[[138.670846,-34.950572],[138.670942,-34.950606]]}},{"type":"Feature","properties":{"tier":"arterial"},"geometry":{"type":"LineString","coordinates":[[138.676185,-34.914919],[138.67617,-34.914712],[138.676145,-34.914363],[138.676129,-34.914169],[138.676119,-34.913972]]}},{"type":"Feature","properties":{"tier":"arterial"},"geometry":{"type":"LineString","coordinates":[[138.657402,-34.902624],[138.657446,-34.902441],[138.657502,-34.902388]]}},{"type":"Feature","properties":{"tier":"arterial"},"geometry":{"type":"LineString","coordinates":[[138.640943,-34.920935],[138.64104,-34.920952]]}},{"type":"Feature","properties":{"tier":"high"},"geometry":{"type":"LineString","coordinates":[[138.640943,-34.920935],[138.640936,-34.920865],[138.640927,-34.92074]]}},{"type":"Feature","properties":{"tier":"high"},"geometry":{"type":"LineString","coordinates":[[138.641063,-34.921199],[138.641069,-34.921286],[138.64107,-34.921297],[138.641088,-34.92174]]}},{"type":"Feature","properties":{"tier":"arterial"},"geometry":{"type":"LineString","coordinates":[[138.641655,-34.920972],[138.641402,-34.921029],[138.641348,-34.921036]]}},{"type":"Feature","properties":{"tier":"arterial"},"geometry":{"type":"LineString","coordinates":[[138.658303,-34.913712],[138.658311,-34.913778],[138.658315,-34.913804],[138.65827,-34.913897]]}},{"type":"Feature","properties":{"tier":"high"},"geometry":{"type":"LineString","coordinates":[[138.649515,-34.968189],[138.649505,-34.968173],[138.649325,-34.967887],[138.64914,-34.967596],[138.648956,-34.967306],[138.648781,-34.96702]]}},{"type":"Feature","properties":{"tier":"high"},"geometry":{"type":"LineString","coordinates":[[138.704708,-34.998404],[138.704543,-34.998419],[138.70428,-34.998434],[138.704166,-34.998438],[138.703953,-34.998429],[138.703791,-34.998416],[138.70342,-34.998364],[138.703252,-34.998327],[138.702954,-34.998242],[138.702869,-34.998217],[138.702798,-34.998192]]}},{"type":"Feature","properties":{"tier":"high"},"geometry":{"type":"LineString","coordinates":[[138.706152,-34.998314],[138.705833,-34.998318],[138.70518,-34.998359],[138.704708,-34.998404]]}},{"type":"Feature","properties":{"tier":"high"},"geometry":{"type":"LineString","coordinates":[[138.725245,-34.999351],[138.724492,-34.999655],[138.723855,-34.999918]]}},{"type":"Feature","properties":{"tier":"high"},"geometry":{"type":"LineString","coordinates":[[138.737902,-34.994877],[138.737855,-34.994866],[138.737358,-34.994796]]}},{"type":"Feature","properties":{"tier":"high"},"geometry":{"type":"LineString","coordinates":[[138.648046,-34.965657],[138.648126,-34.965749],[138.648209,-34.965866],[138.64826,-34.965944],[138.648405,-34.966158],[138.648586,-34.966454],[138.64862,-34.966506]]}},{"type":"Feature","properties":{"tier":"regional"},"geometry":{"type":"LineString","coordinates":[[138.635512,-34.964065],[138.635516,-34.964141]]}},{"type":"Feature","properties":{"tier":"regional"},"geometry":{"type":"LineString","coordinates":[[138.65137,-34.938796],[138.651377,-34.938895],[138.651379,-34.938928],[138.651401,-34.939223],[138.651409,-34.939325],[138.651415,-34.939417],[138.651449,-34.939872]]}},{"type":"Feature","properties":{"tier":"regional"},"geometry":{"type":"LineString","coordinates":[[138.651449,-34.939872],[138.6515,-34.94047],[138.651531,-34.940853],[138.651652,-34.94225]]}},{"type":"Feature","properties":{"tier":"arterial"},"geometry":{"type":"LineString","coordinates":[[138.735362,-34.892968],[138.735777,-34.8928],[138.736041,-34.892435],[138.736104,-34.89218],[138.736232,-34.891942],[138.736411,-34.8917],[138.736575,-34.891493],[138.736836,-34.89129],[138.737154,-34.891176],[138.737458,-34.89105],[138.737646,-34.891004],[138.737778,-34.890971],[138.738077,-34.890922],[138.738421,-34.890936],[138.738648,-34.890901],[138.738952,-34.890825],[138.739265,-34.890739],[138.739614,-34.890535],[138.739847,-34.890235],[138.740107,-34.890191],[138.740392,-34.890077],[138.741143,-34.88957]]}},{"type":"Feature","properties":{"tier":"arterial"},"geometry":{"type":"LineString","coordinates":[[138.735196,-34.893058],[138.735362,-34.892968]]}},{"type":"Feature","properties":{"tier":"arterial"},"geometry":{"type":"LineString","coordinates":[[138.672873,-34.876305],[138.673387,-34.876282]]}},{"type":"Feature","properties":{"tier":"arterial"},"geometry":{"type":"LineString","coordinates":[[138.691116,-34.886519],[138.691469,-34.886469],[138.691793,-34.886396]]}},{"type":"Feature","properties":{"tier":"arterial"},"geometry":{"type":"LineString","coordinates":[[138.625152,-34.946948],[138.625138,-34.947461],[138.625134,-34.947605]]}},{"type":"Feature","properties":{"tier":"arterial"},"geometry":{"type":"LineString","coordinates":[[138.657483,-34.902155],[138.657502,-34.902388]]}},{"type":"Feature","properties":{"tier":"arterial"},"geometry":{"type":"LineString","coordinates":[[138.657329,-34.901609],[138.657322,-34.901536],[138.657278,-34.901051],[138.657268,-34.900929]]}},{"type":"Feature","properties":{"tier":"arterial"},"geometry":{"type":"LineString","coordinates":[[138.657502,-34.902388],[138.657522,-34.90262],[138.65753,-34.902763],[138.657556,-34.903211],[138.657574,-34.903479],[138.657585,-34.903623],[138.657603,-34.903852]]}},{"type":"Feature","properties":{"tier":"regional"},"geometry":{"type":"LineString","coordinates":[[138.657627,-34.904155],[138.657508,-34.904161]]}},{"type":"Feature","properties":{"tier":"arterial"},"geometry":{"type":"LineString","coordinates":[[138.657867,-34.904148],[138.657733,-34.90424],[138.657637,-34.904305]]}},{"type":"Feature","properties":{"tier":"arterial"},"geometry":{"type":"LineString","coordinates":[[138.657637,-34.904305],[138.657647,-34.904486],[138.657653,-34.90456],[138.657668,-34.904839]]}},{"type":"Feature","properties":{"tier":"regional"},"geometry":{"type":"LineString","coordinates":[[138.657867,-34.904148],[138.657719,-34.90415],[138.657686,-34.904152],[138.657627,-34.904155]]}},{"type":"Feature","properties":{"tier":"regional"},"geometry":{"type":"LineString","coordinates":[[138.658054,-34.904141],[138.657867,-34.904148]]}},{"type":"Feature","properties":{"tier":"regional"},"geometry":{"type":"LineString","coordinates":[[138.65688,-34.895276],[138.656975,-34.895273],[138.657076,-34.895266],[138.657157,-34.895228]]}},{"type":"Feature","properties":{"tier":"regional"},"geometry":{"type":"LineString","coordinates":[[138.657157,-34.895228],[138.657359,-34.895073]]}},{"type":"Feature","properties":{"tier":"high"},"geometry":{"type":"LineString","coordinates":[[138.640411,-34.963806],[138.640477,-34.963802]]}},{"type":"Feature","properties":{"tier":"high"},"geometry":{"type":"LineString","coordinates":[[138.640477,-34.963802],[138.640945,-34.963776],[138.642152,-34.963701],[138.642564,-34.963669]]}},{"type":"Feature","properties":{"tier":"high"},"geometry":{"type":"LineString","coordinates":[[138.640486,-34.963882],[138.64042,-34.963888]]}},{"type":"Feature","properties":{"tier":"high"},"geometry":{"type":"LineString","coordinates":[[138.64042,-34.963888],[138.640411,-34.963806]]}},{"type":"Feature","properties":{"tier":"high"},"geometry":{"type":"LineString","coordinates":[[138.64042,-34.963888],[138.63995,-34.963907],[138.639513,-34.963922],[138.639318,-34.963929],[138.639198,-34.963924],[138.639074,-34.963911]]}},{"type":"Feature","properties":{"tier":"arterial"},"geometry":{"type":"LineString","coordinates":[[138.630728,-34.997712],[138.630647,-34.997855]]}},{"type":"Feature","properties":{"tier":"arterial"},"geometry":{"type":"LineString","coordinates":[[138.630523,-34.997232],[138.630592,-34.997327],[138.63062,-34.997365],[138.630655,-34.997413],[138.630691,-34.997463],[138.630735,-34.997557],[138.630745,-34.997636],[138.630728,-34.997712]]}},{"type":"Feature","properties":{"tier":"arterial"},"geometry":{"type":"LineString","coordinates":[[138.669401,-34.937858],[138.669218,-34.937828],[138.669075,-34.937821]]}},{"type":"Feature","properties":{"tier":"arterial"},"geometry":{"type":"LineString","coordinates":[[138.703505,-34.997247],[138.703632,-34.997285],[138.703666,-34.997295]]}},{"type":"Feature","properties":{"tier":"arterial"},"geometry":{"type":"LineString","coordinates":[[138.703065,-34.997045],[138.703454,-34.997223],[138.703505,-34.997247]]}},{"type":"Feature","properties":{"tier":"high"},"geometry":{"type":"LineString","coordinates":[[138.644173,-34.961623],[138.644236,-34.96213]]}},{"type":"Feature","properties":{"tier":"high"},"geometry":{"type":"LineString","coordinates":[[138.644149,-34.962429],[138.644104,-34.962044],[138.644078,-34.961702],[138.644074,-34.961642],[138.644064,-34.961498],[138.644057,-34.961393],[138.644051,-34.961295]]}},{"type":"Feature","properties":{"tier":"high"},"geometry":{"type":"LineString","coordinates":[[138.643691,-34.963683],[138.64358,-34.963717],[138.64346,-34.96374],[138.643184,-34.963769],[138.642892,-34.963775]]}},{"type":"Feature","properties":{"tier":"high"},"geometry":{"type":"LineString","coordinates":[[138.642897,-34.961954],[138.643105,-34.962206],[138.643306,-34.962464]]}},{"type":"Feature","properties":{"tier":"regional"},"geometry":{"type":"LineString","coordinates":[[138.659022,-34.950685],[138.658731,-34.950701]]}},{"type":"Feature","properties":{"tier":"regional"},"geometry":{"type":"LineString","coordinates":[[138.658731,-34.950701],[138.658236,-34.950727],[138.657046,-34.95079],[138.656878,-34.950799],[138.656344,-34.950828],[138.655845,-34.950854],[138.655444,-34.950876]]}},{"type":"Feature","properties":{"tier":"regional"},"geometry":{"type":"LineString","coordinates":[[138.654683,-34.950854],[138.655051,-34.950897]]}},{"type":"Feature","properties":{"tier":"regional"},"geometry":{"type":"LineString","coordinates":[[138.655051,-34.950897],[138.654683,-34.950952]]}},{"type":"Feature","properties":{"tier":"arterial"},"geometry":{"type":"LineString","coordinates":[[138.70457,-34.997572],[138.704622,-34.997586],[138.704792,-34.997637]]}},{"type":"Feature","properties":{"tier":"arterial"},"geometry":{"type":"LineString","coordinates":[[138.6759,-34.910582],[138.675918,-34.910856]]}},{"type":"Feature","properties":{"tier":"arterial"},"geometry":{"type":"LineString","coordinates":[[138.675918,-34.910856],[138.675924,-34.910947]]}},{"type":"Feature","properties":{"tier":"arterial"},"geometry":{"type":"LineString","coordinates":[[138.675848,-34.910858],[138.675831,-34.91059]]}},{"type":"Feature","properties":{"tier":"arterial"},"geometry":{"type":"LineString","coordinates":[[138.675853,-34.910939],[138.675848,-34.910858]]}},{"type":"Feature","properties":{"tier":"regional"},"geometry":{"type":"LineString","coordinates":[[138.66632,-34.946309],[138.666325,-34.946713],[138.666374,-34.947011],[138.666431,-34.947234],[138.666466,-34.947314],[138.666492,-34.947373],[138.666683,-34.947634],[138.666781,-34.94774],[138.666924,-34.947857],[138.667007,-34.947904],[138.667029,-34.947917],[138.667644,-34.94814],[138.668019,-34.94832],[138.668157,-34.948404],[138.668287,-34.948513],[138.668674,-34.949004],[138.668776,-34.94909],[138.669422,-34.949396],[138.669648,-34.949541],[138.669793,-34.949714],[138.670026,-34.950157],[138.670108,-34.950278],[138.670215,-34.950383],[138.670224,-34.950392],[138.670317,-34.950451],[138.67045,-34.950504],[138.670846,-34.950572]]}},{"type":"Feature","properties":{"tier":"regional"},"geometry":{"type":"LineString","coordinates":[[138.666319,-34.946201],[138.66632,-34.946309]]}},{"type":"Feature","properties":{"tier":"arterial"},"geometry":{"type":"LineString","coordinates":[[138.643128,-34.926822],[138.643385,-34.926809],[138.643755,-34.926791],[138.644,-34.926778],[138.644211,-34.926768],[138.644838,-34.926736],[138.645039,-34.926726],[138.645133,-34.926722],[138.645223,-34.926717],[138.64531,-34.926713],[138.645312,-34.926713],[138.646379,-34.926659]]}},{"type":"Feature","properties":{"tier":"arterial"},"geometry":{"type":"LineString","coordinates":[[138.646379,-34.926659],[138.646424,-34.926657]]}},{"type":"Feature","properties":{"tier":"arterial"},"geometry":{"type":"LineString","coordinates":[[138.71772,-34.922063],[138.718234,-34.922397],[138.718308,-34.922475],[138.718356,-34.922554],[138.718389,-34.922676],[138.718394,-34.923349],[138.718375,-34.923518],[138.718324,-34.923762],[138.718089,-34.924541],[138.71805,-34.924778],[138.718054,-34.924984],[138.718132,-34.925413],[138.718183,-34.925851],[138.718295,-34.926114],[138.718431,-34.926308],[138.718548,-34.926541],[138.718635,-34.926669],[138.718749,-34.926745],[138.718959,-34.926879],[138.719115,-34.926959],[138.719194,-34.926968],[138.719301,-34.926959],[138.719339,-34.926915],[138.719351,-34.926825],[138.719332,-34.926744],[138.719101,-34.926404],[138.718986,-34.925981],[138.718923,-34.925557],[138.718928,-34.925382],[138.718959,-34.925279],[138.71905,-34.925118],[138.719378,-34.924697],[138.719589,-34.924288],[138.719635,-34.924229],[138.7197,-34.924185],[138.719835,-34.92416],[138.719963,-34.924179],[138.721204,-34.9246],[138.721393,-34.924635],[138.721858,-34.924669],[138.722111,-34.924714],[138.722336,-34.924774],[138.722991,-34.924985],[138.723128,-34.925005],[138.723214,-34.925002],[138.723308,-34.924982],[138.723403,-34.92494],[138.723505,-34.924862],[138.723566,-34.924789],[138.723624,-34.924683],[138.723669,-34.924528],[138.723697,-34.924317],[138.723728,-34.924223],[138.723817,-34.92408],[138.72417,-34.923662]]}},{"type":"Feature","properties":{"tier":"arterial"},"geometry":{"type":"LineString","coordinates":[[138.717637,-34.921998],[138.717668,-34.92203],[138.71772,-34.922063]]}},{"type":"Feature","properties":{"tier":"arterial"},"geometry":{"type":"LineString","coordinates":[[138.66985,-34.888765],[138.670171,-34.88875],[138.670708,-34.888724]]}},{"type":"Feature","properties":{"tier":"arterial"},"geometry":{"type":"LineString","coordinates":[[138.670708,-34.888724],[138.670808,-34.88872]]}},{"type":"Feature","properties":{"tier":"arterial"},"geometry":{"type":"LineString","coordinates":[[138.670861,-34.888808],[138.670828,-34.88881],[138.670178,-34.88884],[138.669855,-34.888855]]}},{"type":"Feature","properties":{"tier":"arterial"},"geometry":{"type":"LineString","coordinates":[[138.670932,-34.888805],[138.670861,-34.888808]]}},{"type":"Feature","properties":{"tier":"arterial"},"geometry":{"type":"LineString","coordinates":[[138.694911,-34.917575],[138.69493,-34.917596],[138.695095,-34.91787],[138.695468,-34.918827],[138.695554,-34.918982],[138.695721,-34.919214],[138.695877,-34.919387],[138.696497,-34.919978],[138.696723,-34.920254],[138.696886,-34.920506],[138.697134,-34.92077],[138.697297,-34.920914],[138.697539,-34.921093],[138.697898,-34.921281]]}},{"type":"Feature","properties":{"tier":"arterial"},"geometry":{"type":"LineString","coordinates":[[138.694877,-34.91754],[138.694911,-34.917575]]}},{"type":"Feature","properties":{"tier":"arterial"},"geometry":{"type":"LineString","coordinates":[[138.657668,-34.904839],[138.657671,-34.904875],[138.657682,-34.905018],[138.657686,-34.90507]]}},{"type":"Feature","properties":{"tier":"arterial"},"geometry":{"type":"LineString","coordinates":[[138.657686,-34.90507],[138.657696,-34.905211]]}},{"type":"Feature","properties":{"tier":"arterial"},"geometry":{"type":"LineString","coordinates":[[138.687143,-34.909398],[138.687088,-34.909452],[138.687016,-34.909492],[138.686921,-34.909521],[138.686773,-34.909536],[138.686641,-34.90954],[138.685958,-34.909568],[138.685864,-34.909569]]}},{"type":"Feature","properties":{"tier":"arterial"},"geometry":{"type":"LineString","coordinates":[[138.687158,-34.909374],[138.687143,-34.909398]]}},{"type":"Feature","properties":{"tier":"arterial"},"geometry":{"type":"LineString","coordinates":[[138.70367,-34.885002],[138.703764,-34.884974],[138.70385,-34.884954],[138.703901,-34.884946],[138.703981,-34.884942],[138.704077,-34.884941],[138.704132,-34.884949],[138.704155,-34.884953],[138.704231,-34.884974],[138.704314,-34.885005],[138.704461,-34.885081],[138.704555,-34.885136],[138.704786,-34.88527],[138.704925,-34.885355],[138.704996,-34.885399],[138.705129,-34.885487],[138.705303,-34.885604],[138.705356,-34.885639],[138.705804,-34.885902],[138.705969,-34.885998],[138.706106,-34.88608],[138.706678,-34.886438],[138.706776,-34.886505],[138.706833,-34.886552],[138.70686,-34.886581],[138.707,-34.886764],[138.707346,-34.887217],[138.707425,-34.887306],[138.707499,-34.88738],[138.707587,-34.887455],[138.707683,-34.887514],[138.707747,-34.887544],[138.707828,-34.887577],[138.707932,-34.887605],[138.70804,-34.887628],[138.708286,-34.887676],[138.708427,-34.887716],[138.708556,-34.887768],[138.708678,-34.887829],[138.708943,-34.887982],[138.709019,-34.888019],[138.709105,-34.888047],[138.709196,-34.888061],[138.709282,-34.888062],[138.709402,-34.888049],[138.709531,-34.888018],[138.709732,-34.887917],[138.709906,-34.887811],[138.709981,-34.88776],[138.710079,-34.887705],[138.710173,-34.887666],[138.710259,-34.887644],[138.710315,-34.887639],[138.710789,-34.887638],[138.710923,-34.887635],[138.711058,-34.887623],[138.711202,-34.887604],[138.712021,-34.887493],[138.712167,-34.887477],[138.712336,-34.887463],[138.712416,-34.887462],[138.712578,-34.887479],[138.712948,-34.887544],[138.713121,-34.887572],[138.713207,-34.887581],[138.713307,-34.887587],[138.71345,-34.887592],[138.713575,-34.887586],[138.714393,-34.887524],[138.71448,-34.887524],[138.714556,-34.887531],[138.714639,-34.887543],[138.714739,-34.887566],[138.714818,-34.887594],[138.71487,-34.887618],[138.714928,-34.887649],[138.714986,-34.887685],[138.71505,-34.887734],[138.715133,-34.887805],[138.715294,-34.887966],[138.715677,-34.888378],[138.715791,-34.888487],[138.715864,-34.888546],[138.715949,-34.888608],[138.716005,-34.888644],[138.716064,-34.888675],[138.716151,-34.888712],[138.716203,-34.888727],[138.716273,-34.888744],[138.716393,-34.888765],[138.716574,-34.888791],[138.716649,-34.888805],[138.716702,-34.888819],[138.716752,-34.888835],[138.716809,-34.888857],[138.716861,-34.888883],[138.716912,-34.888915],[138.716961,-34.888951],[138.717008,-34.888994],[138.717083,-34.889073],[138.717124,-34.889119],[138.717171,-34.889172],[138.717202,-34.889204],[138.717234,-34.889232],[138.717271,-34.889261],[138.717312,-34.889289],[138.71736,-34.889314],[138.717418,-34.88934],[138.717513,-34.889372],[138.718231,-34.889588],[138.7183,-34.889606],[138.71836,-34.889619],[138.71843,-34.889625],[138.718498,-34.889624],[138.718562,-34.889617],[138.71863,-34.8896],[138.718683,-34.889583],[138.718764,-34.889543],[138.71889,-34.889466],[138.719477,-34.889063],[138.719567,-34.889001],[138.719659,-34.888942],[138.719696,-34.888921],[138.71973,-34.888904],[138.719778,-34.888885],[138.719819,-34.888871],[138.719868,-34.888858],[138.719904,-34.888851],[138.719939,-34.888846],[138.719984,-34.888844],[138.720028,-34.888846],[138.720069,-34.888852],[138.720117,-34.888863],[138.720165,-34.888878],[138.720202,-34.888895],[138.720238,-34.888915],[138.720283,-34.888945],[138.720345,-34.888997],[138.720397,-34.889054],[138.720488,-34.889171],[138.720742,-34.889519],[138.720777,-34.889562],[138.72083,-34.889616],[138.720884,-34.889663],[138.720936,-34.889699],[138.720996,-34.88973],[138.721057,-34.889755],[138.721122,-34.889777],[138.721199,-34.889794],[138.721256,-34.889803],[138.721343,-34.889807],[138.721419,-34.889799],[138.721621,-34.889776],[138.721771,-34.889754],[138.721945,-34.88973],[138.722078,-34.889713],[138.722228,-34.889698],[138.722455,-34.889679],[138.722721,-34.889665],[138.723007,-34.889635],[138.723146,-34.889612],[138.723274,-34.889581],[138.723408,-34.889534],[138.723509,-34.889493],[138.723635,-34.889434],[138.723802,-34.889342],[138.723915,-34.88928],[138.723982,-34.889244],[138.724048,-34.889219],[138.724094,-34.889205],[138.72413,-34.889197],[138.724159,-34.889191],[138.724214,-34.889185],[138.724274,-34.889187],[138.724304,-34.889191],[138.724344,-34.8892],[138.724392,-34.889214],[138.724434,-34.889231],[138.724484,-34.889255],[138.72453,-34.889281],[138.724566,-34.88931],[138.724607,-34.889348],[138.724654,-34.889402],[138.724754,-34.889529],[138.724805,-34.889586],[138.724842,-34.889624],[138.724891,-34.889669],[138.724942,-34.889707],[138.725001,-34.889742],[138.725056,-34.889767],[138.725129,-34.889791],[138.725187,-34.889803],[138.725245,-34.889809],[138.725342,-34.889818],[138.725466,-34.889823],[138.725883,-34.889834],[138.726017,-34.889837],[138.726108,-34.889841],[138.726209,-34.889847],[138.726304,-34.889855],[138.726455,-34.889876],[138.72667,-34.889917],[138.726813,-34.889945],[138.727016,-34.889986],[138.727339,-34.890055],[138.727428,-34.890077],[138.727509,-34.890103],[138.727599,-34.890145],[138.727696,-34.890202],[138.727752,-34.890239],[138.727847,-34.89031],[138.727996,-34.890435],[138.72817,-34.890579],[138.728236,-34.890633],[138.728365,-34.890727],[138.728488,-34.890808],[138.728605,-34.890877],[138.728684,-34.890929],[138.728765,-34.890987],[138.728831,-34.891042],[138.728934,-34.891144],[138.729098,-34.891308],[138.729179,-34.891387],[138.729459,-34.891666],[138.729618,-34.891824],[138.729707,-34.891912],[138.729757,-34.891957],[138.729806,-34.891993],[138.729868,-34.892032],[138.72996,-34.892078],[138.7301,-34.892122],[138.730234,-34.892152],[138.730335,-34.892175],[138.730455,-34.892223],[138.730719,-34.892366],[138.730862,-34.892433],[138.730988,-34.892473],[138.731152,-34.892505],[138.731353,-34.892518],[138.731532,-34.892514],[138.731904,-34.892487],[138.732046,-34.892472],[138.732282,-34.892448],[138.732434,-34.892448],[138.732562,-34.892473],[138.732689,-34.89252],[138.732816,-34.892609],[138.732912,-34.892719],[138.732985,-34.892815],[138.733105,-34.892934],[138.733176,-34.892991],[138.733258,-34.893035],[138.733343,-34.893044],[138.733447,-34.893055],[138.733544,-34.89309],[138.733649,-34.893174],[138.733735,-34.893272],[138.733803,-34.893346],[138.733902,-34.893439],[138.733971,-34.893491],[138.734053,-34.893514],[138.734188,-34.893528],[138.734312,-34.893509],[138.734498,-34.893457],[138.734626,-34.893384],[138.734854,-34.893253],[138.735196,-34.893058]]}},{"type":"Feature","properties":{"tier":"high"},"geometry":{"type":"LineString","coordinates":[[138.637571,-34.89535],[138.637494,-34.895289],[138.637237,-34.895104],[138.637022,-34.894924],[138.635728,-34.893841],[138.635701,-34.893819],[138.635471,-34.893636],[138.634452,-34.892859],[138.634389,-34.892813],[138.634362,-34.892794],[138.63417,-34.892654],[138.633989,-34.892528]]}},{"type":"Feature","properties":{"tier":"high"},"geometry":{"type":"LineString","coordinates":[[138.6377,-34.895453],[138.637571,-34.89535]]}},{"type":"Feature","properties":{"tier":"arterial"},"geometry":{"type":"LineString","coordinates":[[138.682829,-34.875887],[138.68275,-34.87589],[138.682694,-34.875892],[138.682471,-34.875901],[138.682159,-34.875914],[138.681604,-34.875946]]}},{"type":"Feature","properties":{"tier":"arterial"},"geometry":{"type":"LineString","coordinates":[[138.682828,-34.875822],[138.68293,-34.875816],[138.683141,-34.875803],[138.683355,-34.875795],[138.683568,-34.875786],[138.683857,-34.875774],[138.684089,-34.875763],[138.684272,-34.875754],[138.684549,-34.875741],[138.684589,-34.875741],[138.684797,-34.875738],[138.684985,-34.875748],[138.68514,-34.875765],[138.685275,-34.875784]]}},{"type":"Feature","properties":{"tier":"regional"},"geometry":{"type":"LineString","coordinates":[[138.660194,-34.939358],[138.660184,-34.93922]]}},{"type":"Feature","properties":{"tier":"regional"},"geometry":{"type":"LineString","coordinates":[[138.660252,-34.939355],[138.660294,-34.9399],[138.660299,-34.94001]]}},{"type":"Feature","properties":{"tier":"high"},"geometry":{"type":"LineString","coordinates":[[138.640365,-34.963809],[138.640411,-34.963806]]}},{"type":"Feature","properties":{"tier":"high"},"geometry":{"type":"LineString","coordinates":[[138.639945,-34.963831],[138.63995,-34.963907]]}},{"type":"Feature","properties":{"tier":"high"},"geometry":{"type":"LineString","coordinates":[[138.641832,-34.931377],[138.641837,-34.931442]]}},{"type":"Feature","properties":{"tier":"high"},"geometry":{"type":"LineString","coordinates":[[138.641837,-34.931442],[138.641861,-34.93174],[138.641878,-34.931976],[138.641951,-34.932956]]}},{"type":"Feature","properties":{"tier":"high"},"geometry":{"type":"LineString","coordinates":[[138.641748,-34.931449],[138.641743,-34.931384]]}},{"type":"Feature","properties":{"tier":"high"},"geometry":{"type":"LineString","coordinates":[[138.641743,-34.931384],[138.641709,-34.930953],[138.641701,-34.930821]]}},{"type":"Feature","properties":{"tier":"high"},"geometry":{"type":"LineString","coordinates":[[138.630151,-34.876593],[138.62901,-34.877439]]}},{"type":"Feature","properties":{"tier":"high"},"geometry":{"type":"LineString","coordinates":[[138.630019,-34.876561],[138.630151,-34.876593]]}},{"type":"Feature","properties":{"tier":"high"},"geometry":{"type":"LineString","coordinates":[[138.62901,-34.877439],[138.628893,-34.877417]]}},{"type":"Feature","properties":{"tier":"regional"},"geometry":{"type":"LineString","coordinates":[[138.62812,-34.888094],[138.627998,-34.88819]]}},{"type":"Feature","properties":{"tier":"arterial"},"geometry":{"type":"LineString","coordinates":[[138.740882,-34.98902],[138.741009,-34.988965],[138.742854,-34.988254]]}},{"type":"Feature","properties":{"tier":"arterial"},"geometry":{"type":"LineString","coordinates":[[138.740791,-34.98906],[138.740882,-34.98902]]}},{"type":"Feature","properties":{"tier":"arterial"},"geometry":{"type":"LineString","coordinates":[[138.633449,-34.93972],[138.632679,-34.939756],[138.632446,-34.939767],[138.632361,-34.939771],[138.63199,-34.939791]]}},{"type":"Feature","properties":{"tier":"regional"},"geometry":{"type":"LineString","coordinates":[[138.625046,-34.95388],[138.62498,-34.953883]]}},{"type":"Feature","properties":{"tier":"regional"},"geometry":{"type":"LineString","coordinates":[[138.62534,-34.956902],[138.62498,-34.95692]]}},{"type":"Feature","properties":{"tier":"arterial"},"geometry":{"type":"LineString","coordinates":[[138.65096,-34.93882],[138.650678,-34.938837],[138.650431,-34.938851]]}},{"type":"Feature","properties":{"tier":"arterial"},"geometry":{"type":"LineString","coordinates":[[138.6513,-34.93871],[138.651333,-34.938709],[138.651363,-34.938707]]}},{"type":"Feature","properties":{"tier":"arterial"},"geometry":{"type":"LineString","coordinates":[[138.651016,-34.938728],[138.6513,-34.93871]]}},{"type":"Feature","properties":{"tier":"arterial"},"geometry":{"type":"LineString","coordinates":[[138.63898,-34.89673],[138.638925,-34.896774],[138.638821,-34.896858],[138.6388,-34.896876]]}},{"type":"Feature","properties":{"tier":"high"},"geometry":{"type":"LineString","coordinates":[[138.638857,-34.896455],[138.638778,-34.896355],[138.638586,-34.896193],[138.638469,-34.896085],[138.638328,-34.895966],[138.638275,-34.895921],[138.638106,-34.895777]]}},{"type":"Feature","properties":{"tier":"arterial"},"geometry":{"type":"LineString","coordinates":[[138.639069,-34.896505],[138.63913,-34.896462],[138.639212,-34.896412],[138.639286,-34.896367]]}},{"type":"Feature","properties":{"tier":"high"},"geometry":{"type":"LineString","coordinates":[[138.639253,-34.897235],[138.639283,-34.897614],[138.639361,-34.898331]]}},{"type":"Feature","properties":{"tier":"high"},"geometry":{"type":"LineString","coordinates":[[138.638938,-34.896614],[138.638913,-34.896542],[138.638887,-34.896494],[138.638857,-34.896455]]}},{"type":"Feature","properties":{"tier":"arterial"},"geometry":{"type":"LineString","coordinates":[[138.638938,-34.896614],[138.639069,-34.896505]]}},{"type":"Feature","properties":{"tier":"arterial"},"geometry":{"type":"LineString","coordinates":[[138.639119,-34.896615],[138.63898,-34.89673]]}},{"type":"Feature","properties":{"tier":"high"},"geometry":{"type":"LineString","coordinates":[[138.639119,-34.896615],[138.639156,-34.896686],[138.639182,-34.896746],[138.63921,-34.89683],[138.639226,-34.896913]]}},{"type":"Feature","properties":{"tier":"regional"},"geometry":{"type":"LineString","coordinates":[[138.660039,-34.969458],[138.659852,-34.969589],[138.658943,-34.97002],[138.658813,-34.970072],[138.658621,-34.970121],[138.658415,-34.970149],[138.657346,-34.970271],[138.657154,-34.970303],[138.656958,-34.97036],[138.655943,-34.970683],[138.655535,-34.970849]]}},{"type":"Feature","properties":{"tier":"arterial"},"geometry":{"type":"LineString","coordinates":[[138.691901,-34.914588],[138.691985,-34.914619],[138.692115,-34.914684],[138.692405,-34.914873],[138.693104,-34.915426],[138.693231,-34.91556],[138.693356,-34.915729],[138.693764,-34.916353],[138.693987,-34.916661],[138.694157,-34.916847],[138.694677,-34.917329],[138.694877,-34.91754]]}},{"type":"Feature","properties":{"tier":"arterial"},"geometry":{"type":"LineString","coordinates":[[138.693384,-34.909717],[138.693304,-34.909658],[138.692995,-34.909525],[138.692308,-34.909293],[138.692117,-34.909207],[138.691322,-34.908651],[138.690864,-34.908304],[138.690313,-34.907967],[138.689834,-34.907699],[138.689635,-34.907606],[138.689173,-34.907445],[138.689005,-34.907405],[138.688833,-34.907379],[138.688475,-34.907372],[138.688235,-34.907396],[138.687899,-34.907464],[138.687658,-34.907536],[138.687355,-34.907656],[138.687216,-34.907752],[138.687118,-34.90784],[138.687071,-34.907884],[138.687011,-34.907941],[138.686906,-34.908049],[138.686814,-34.908176],[138.686769,-34.908317],[138.686774,-34.908422],[138.686841,-34.908609],[138.686903,-34.908723],[138.68713,-34.909114],[138.687174,-34.909215],[138.68718,-34.909305],[138.687158,-34.909374]]}},{"type":"Feature","properties":{"tier":"arterial"},"geometry":{"type":"LineString","coordinates":[[138.690712,-34.886714],[138.690353,-34.886868],[138.690113,-34.886984],[138.689302,-34.88747],[138.689065,-34.887592],[138.6889,-34.887655],[138.688806,-34.887691]]}},{"type":"Feature","properties":{"tier":"arterial"},"geometry":{"type":"LineString","coordinates":[[138.671213,-34.876375],[138.67134,-34.876369]]}},{"type":"Feature","properties":{"tier":"arterial"},"geometry":{"type":"LineString","coordinates":[[138.67134,-34.876369],[138.671425,-34.876455]]}},{"type":"Feature","properties":{"tier":"arterial"},"geometry":{"type":"LineString","coordinates":[[138.67134,-34.876369],[138.67142,-34.876365],[138.67156,-34.876358]]}},{"type":"Feature","properties":{"tier":"arterial"},"geometry":{"type":"LineString","coordinates":[[138.691387,-34.877566],[138.69135,-34.877586],[138.691305,-34.877598],[138.691267,-34.877601],[138.691233,-34.877599],[138.691185,-34.877586],[138.691142,-34.877562]]}},{"type":"Feature","properties":{"tier":"arterial"},"geometry":{"type":"LineString","coordinates":[[138.691401,-34.877339],[138.691413,-34.877349],[138.691432,-34.877373],[138.691451,-34.877414],[138.691455,-34.877448],[138.691452,-34.877477],[138.691427,-34.877529],[138.69141,-34.877546]]}},{"type":"Feature","properties":{"tier":"arterial"},"geometry":{"type":"LineString","coordinates":[[138.691115,-34.877357],[138.691134,-34.877339],[138.691162,-34.87732],[138.691188,-34.87731]]}},{"type":"Feature","properties":{"tier":"arterial"},"geometry":{"type":"LineString","coordinates":[[138.691312,-34.877299],[138.691358,-34.877312],[138.691401,-34.877339]]}},{"type":"Feature","properties":{"tier":"arterial"},"geometry":{"type":"LineString","coordinates":[[138.694118,-34.87658],[138.693889,-34.87676],[138.693646,-34.876918],[138.6934,-34.877052],[138.693079,-34.877191],[138.692809,-34.877279]]}},{"type":"Feature","properties":{"tier":"arterial"},"geometry":{"type":"LineString","coordinates":[[138.694073,-34.876538],[138.694206,-34.876437],[138.694768,-34.875975],[138.69493,-34.87583]]}},{"type":"Feature","properties":{"tier":"arterial"},"geometry":{"type":"LineString","coordinates":[[138.69493,-34.87583],[138.695844,-34.875089],[138.69592,-34.875027]]}},{"type":"Feature","properties":{"tier":"arterial"},"geometry":{"type":"LineString","coordinates":[[138.694986,-34.875875],[138.694945,-34.875909],[138.694278,-34.876453],[138.694118,-34.87658]]}},{"type":"Feature","properties":{"tier":"arterial"},"geometry":{"type":"LineString","coordinates":[[138.695981,-34.875068],[138.695075,-34.875802],[138.694986,-34.875875]]}},{"type":"Feature","properties":{"tier":"arterial"},"geometry":{"type":"LineString","coordinates":[[138.69592,-34.875027],[138.695977,-34.87498]]}},{"type":"Feature","properties":{"tier":"arterial"},"geometry":{"type":"LineString","coordinates":[[138.696089,-34.87498],[138.695981,-34.875068]]}},{"type":"Feature","properties":{"tier":"arterial"},"geometry":{"type":"LineString","coordinates":[[138.693493,-34.909829],[138.693384,-34.909717]]}},{"type":"Feature","properties":{"tier":"arterial"},"geometry":{"type":"LineString","coordinates":[[138.625974,-34.977589],[138.626263,-34.977519],[138.626684,-34.977419],[138.626857,-34.977367]]}},{"type":"Feature","properties":{"tier":"arterial"},"geometry":{"type":"LineString","coordinates":[[138.729586,-34.977599],[138.729376,-34.977457],[138.729191,-34.977291],[138.729082,-34.977079],[138.729027,-34.976972],[138.729014,-34.976865],[138.729038,-34.976597],[138.729172,-34.976323],[138.729255,-34.976207],[138.729371,-34.976088]]}},{"type":"Feature","properties":{"tier":"arterial"},"geometry":{"type":"LineString","coordinates":[[138.729867,-34.977763],[138.729586,-34.977599]]}},{"type":"Feature","properties":{"tier":"arterial"},"geometry":{"type":"LineString","coordinates":[[138.703379,-34.908075],[138.703376,-34.908106],[138.703405,-34.908292],[138.703478,-34.908554],[138.703769,-34.909161],[138.703992,-34.90951],[138.70424,-34.909772],[138.704475,-34.910095],[138.704838,-34.910692],[138.705122,-34.91124],[138.705219,-34.911471],[138.705247,-34.911584],[138.70524,-34.911659],[138.705227,-34.911704],[138.705193,-34.911742],[138.705124,-34.911784],[138.705075,-34.911807]]}},{"type":"Feature","properties":{"tier":"arterial"},"geometry":{"type":"LineString","coordinates":[[138.705075,-34.911807],[138.705003,-34.911826]]}},{"type":"Feature","properties":{"tier":"arterial"},"geometry":{"type":"LineString","coordinates":[[138.662255,-34.880264],[138.662521,-34.87984],[138.662856,-34.879307]]}},{"type":"Feature","properties":{"tier":"arterial"},"geometry":{"type":"LineString","coordinates":[[138.662123,-34.880475],[138.662255,-34.880264]]}},{"type":"Feature","properties":{"tier":"arterial"},"geometry":{"type":"LineString","coordinates":[[138.662215,-34.880511],[138.662067,-34.88074]]}},{"type":"Feature","properties":{"tier":"arterial"},"geometry":{"type":"LineString","coordinates":[[138.662346,-34.880304],[138.662215,-34.880511]]}},{"type":"Feature","properties":{"tier":"arterial"},"geometry":{"type":"LineString","coordinates":[[138.662067,-34.88074],[138.661753,-34.881234],[138.661454,-34.881704]]}},{"type":"Feature","properties":{"tier":"arterial"},"geometry":{"type":"LineString","coordinates":[[138.658649,-34.938345],[138.65938,-34.938302],[138.65975,-34.938288],[138.65983,-34.938282],[138.659925,-34.938274],[138.660028,-34.938255]]}},{"type":"Feature","properties":{"tier":"arterial"},"geometry":{"type":"LineString","coordinates":[[138.641411,-34.926952],[138.641497,-34.926944]]}},{"type":"Feature","properties":{"tier":"arterial"},"geometry":{"type":"LineString","coordinates":[[138.63265,-34.9274],[138.632739,-34.927394],[138.632768,-34.927393],[138.63342,-34.927361],[138.634847,-34.927292],[138.635333,-34.927268],[138.636089,-34.927232],[138.637056,-34.927185],[138.63802,-34.927138],[138.638326,-34.927123],[138.638684,-34.927106],[138.638824,-34.927099],[138.639267,-34.927077],[138.639825,-34.92705],[138.640361,-34.927024]]}},{"type":"Feature","properties":{"tier":"arterial"},"geometry":{"type":"LineString","coordinates":[[138.63245,-34.92741],[138.63265,-34.9274]]}},{"type":"Feature","properties":{"tier":"arterial"},"geometry":{"type":"LineString","coordinates":[[138.627694,-34.90909],[138.627904,-34.90928],[138.627905,-34.909281],[138.627923,-34.909297],[138.628004,-34.90937]]}},{"type":"Feature","properties":{"tier":"arterial"},"geometry":{"type":"LineString","coordinates":[[138.627442,-34.90889],[138.627495,-34.908947]]}},{"type":"Feature","properties":{"tier":"arterial"},"geometry":{"type":"LineString","coordinates":[[138.627495,-34.908947],[138.627694,-34.90909]]}},{"type":"Feature","properties":{"tier":"arterial"},"geometry":{"type":"LineString","coordinates":[[138.628313,-34.909708],[138.628573,-34.910139],[138.628604,-34.91019],[138.629047,-34.910923],[138.629139,-34.911076],[138.629585,-34.911814],[138.629897,-34.912331],[138.630151,-34.912751],[138.630236,-34.912893],[138.630421,-34.913199]]}},{"type":"Feature","properties":{"tier":"arterial"},"geometry":{"type":"LineString","coordinates":[[138.680554,-34.91279],[138.68062,-34.912787]]}},{"type":"Feature","properties":{"tier":"arterial"},"geometry":{"type":"LineString","coordinates":[[138.68062,-34.912787],[138.681282,-34.912756]]}},{"type":"Feature","properties":{"tier":"high"},"geometry":{"type":"LineString","coordinates":[[138.643359,-34.962741],[138.642825,-34.962012],[138.642475,-34.96157],[138.642269,-34.961228]]}},{"type":"Feature","properties":{"tier":"high"},"geometry":{"type":"LineString","coordinates":[[138.634546,-34.95194],[138.634933,-34.952405],[138.635021,-34.952511],[138.635056,-34.952553],[138.635432,-34.953006],[138.635556,-34.953156],[138.635707,-34.953337],[138.635792,-34.953439],[138.636236,-34.953974],[138.63663,-34.954447],[138.636869,-34.954736],[138.637061,-34.954966],[138.637372,-34.955341],[138.637491,-34.955483],[138.637672,-34.955702],[138.637763,-34.955811],[138.638094,-34.95621],[138.638181,-34.956313],[138.638228,-34.956371],[138.63825,-34.956396],[138.638304,-34.956459]]}},{"type":"Feature","properties":{"tier":"regional"},"geometry":{"type":"LineString","coordinates":[[138.654522,-34.950848],[138.654546,-34.950831],[138.654576,-34.950821]]}},{"type":"Feature","properties":{"tier":"regional"},"geometry":{"type":"LineString","coordinates":[[138.654632,-34.950983],[138.654598,-34.950987],[138.654565,-34.950982],[138.654536,-34.950969],[138.654513,-34.950948],[138.6545,-34.950923],[138.654497,-34.950896],[138.654505,-34.950871],[138.654522,-34.950848]]}},{"type":"Feature","properties":{"tier":"regional"},"geometry":{"type":"LineString","coordinates":[[138.654576,-34.950821],[138.654604,-34.950819],[138.654627,-34.950822],[138.654659,-34.950834],[138.654683,-34.950854]]}},{"type":"Feature","properties":{"tier":"regional"},"geometry":{"type":"LineString","coordinates":[[138.654683,-34.950854],[138.654697,-34.950877],[138.654702,-34.950903],[138.654697,-34.950929],[138.654683,-34.950952]]}},{"type":"Feature","properties":{"tier":"regional"},"geometry":{"type":"LineString","coordinates":[[138.655444,-34.950876],[138.655051,-34.950897]]}},{"type":"Feature","properties":{"tier":"high"},"geometry":{"type":"LineString","coordinates":[[138.644178,-34.962788],[138.644179,-34.962728],[138.644172,-34.962607]]}},{"type":"Feature","properties":{"tier":"high"},"geometry":{"type":"LineString","coordinates":[[138.63447,-34.951846],[138.63453,-34.95192],[138.634546,-34.95194]]}},{"type":"Feature","properties":{"tier":"regional"},"geometry":{"type":"LineString","coordinates":[[138.658112,-34.955515],[138.657885,-34.955289],[138.657765,-34.955159],[138.657331,-34.954704],[138.656852,-34.954187],[138.656452,-34.953879]]}},{"type":"Feature","properties":{"tier":"regional"},"geometry":{"type":"LineString","coordinates":[[138.656452,-34.953879],[138.656195,-34.953725],[138.6561,-34.95364],[138.656046,-34.953582]]}},{"type":"Feature","properties":{"tier":"regional"},"geometry":{"type":"LineString","coordinates":[[138.656046,-34.953582],[138.65617,-34.953615],[138.656276,-34.953718],[138.656452,-34.953879]]}},{"type":"Feature","properties":{"tier":"arterial"},"geometry":{"type":"LineString","coordinates":[[138.703379,-34.908075],[138.703427,-34.907869],[138.703508,-34.907671],[138.703658,-34.907402],[138.703811,-34.907195],[138.704122,-34.906836],[138.704367,-34.906607],[138.704619,-34.906467],[138.704745,-34.906441],[138.704821,-34.906442],[138.704891,-34.906458],[138.704925,-34.906466],[138.704979,-34.906487],[138.705039,-34.906528],[138.705129,-34.906647],[138.705239,-34.906823],[138.705354,-34.906941],[138.705637,-34.907125],[138.705726,-34.907204],[138.705793,-34.907324],[138.705806,-34.907395],[138.705798,-34.90788],[138.705829,-34.908021],[138.705942,-34.908264],[138.70601,-34.908355],[138.706152,-34.908452],[138.706554,-34.908588],[138.706704,-34.908663],[138.707042,-34.908905],[138.707326,-34.909142],[138.707464,-34.90923],[138.708159,-34.909514],[138.708726,-34.90985],[138.708868,-34.909986],[138.708952,-34.910102],[138.709342,-34.910715],[138.709488,-34.910871],[138.709628,-34.910971],[138.709859,-34.911049]]}},{"type":"Feature","properties":{"tier":"arterial"},"geometry":{"type":"LineString","coordinates":[[138.709859,-34.911049],[138.710276,-34.911121]]}},{"type":"Feature","properties":{"tier":"high"},"geometry":{"type":"LineString","coordinates":[[138.642381,-34.939158],[138.642371,-34.939073],[138.642365,-34.939017]]}},{"type":"Feature","properties":{"tier":"arterial"},"geometry":{"type":"LineString","coordinates":[[138.641526,-34.939211],[138.641677,-34.939202]]}},{"type":"Feature","properties":{"tier":"regional"},"geometry":{"type":"LineString","coordinates":[[138.660184,-34.93922],[138.660153,-34.938866]]}},{"type":"Feature","properties":{"tier":"arterial"},"geometry":{"type":"LineString","coordinates":[[138.658746,-34.919835],[138.658721,-34.91959]]}},{"type":"Feature","properties":{"tier":"arterial"},"geometry":{"type":"LineString","coordinates":[[138.658334,-34.914572],[138.65832,-34.91442],[138.658284,-34.914032],[138.658281,-34.914009],[138.65827,-34.913897]]}},{"type":"Feature","properties":{"tier":"arterial"},"geometry":{"type":"LineString","coordinates":[[138.651138,-34.938809],[138.65096,-34.93882]]}},{"type":"Feature","properties":{"tier":"high"},"geometry":{"type":"LineString","coordinates":[[138.640927,-34.919775],[138.640951,-34.919997]]}},{"type":"Feature","properties":{"tier":"arterial"},"geometry":{"type":"LineString","coordinates":[[138.682717,-34.912721],[138.683545,-34.912791]]}},{"type":"Feature","properties":{"tier":"arterial"},"geometry":{"type":"LineString","coordinates":[[138.681282,-34.912756],[138.682493,-34.912707],[138.682717,-34.912721]]}},{"type":"Feature","properties":{"tier":"arterial"},"geometry":{"type":"LineString","coordinates":[[138.668047,-34.925551],[138.667995,-34.925554],[138.667964,-34.925544]]}},{"type":"Feature","properties":{"tier":"arterial"},"geometry":{"type":"LineString","coordinates":[[138.667964,-34.925544],[138.667938,-34.925525],[138.667917,-34.925479],[138.667919,-34.925464]]}},{"type":"Feature","properties":{"tier":"regional"},"geometry":{"type":"LineString","coordinates":[[138.66077,-34.946371],[138.660792,-34.94662]]}},{"type":"Feature","properties":{"tier":"regional"},"geometry":{"type":"LineString","coordinates":[[138.660792,-34.94662],[138.660833,-34.947171]]}},{"type":"Feature","properties":{"tier":"regional"},"geometry":{"type":"LineString","coordinates":[[138.660197,-34.940183],[138.660224,-34.940165],[138.660257,-34.940156],[138.660291,-34.940156],[138.660324,-34.940166]]}},{"type":"Feature","properties":{"tier":"regional"},"geometry":{"type":"LineString","coordinates":[[138.660233,-34.940312],[138.660203,-34.940294],[138.660183,-34.940274]]}},{"type":"Feature","properties":{"tier":"regional"},"geometry":{"type":"LineString","coordinates":[[138.660344,-34.940295],[138.660315,-34.940311],[138.660281,-34.940319],[138.660233,-34.940312]]}},{"type":"Feature","properties":{"tier":"regional"},"geometry":{"type":"LineString","coordinates":[[138.660373,-34.940227],[138.660372,-34.940249],[138.660361,-34.940276],[138.660344,-34.940295]]}},{"type":"Feature","properties":{"tier":"arterial"},"geometry":{"type":"LineString","coordinates":[[138.660028,-34.938255],[138.660054,-34.938224],[138.66009,-34.9382],[138.660133,-34.938186]]}},{"type":"Feature","properties":{"tier":"arterial"},"geometry":{"type":"LineString","coordinates":[[138.660034,-34.938378],[138.660016,-34.938338],[138.660013,-34.938296],[138.660028,-34.938255]]}},{"type":"Feature","properties":{"tier":"arterial"},"geometry":{"type":"LineString","coordinates":[[138.66007,-34.938412],[138.66005,-34.938396],[138.660034,-34.938378]]}},{"type":"Feature","properties":{"tier":"arterial"},"geometry":{"type":"LineString","coordinates":[[138.660288,-34.938399],[138.66025,-34.938423],[138.660206,-34.938438],[138.660158,-34.938441],[138.660111,-34.938432],[138.66007,-34.938412]]}},{"type":"Feature","properties":{"tier":"arterial"},"geometry":{"type":"LineString","coordinates":[[138.660327,-34.938295],[138.660328,-34.938323],[138.660321,-34.93835],[138.660307,-34.938376],[138.660288,-34.938399]]}},{"type":"Feature","properties":{"tier":"arterial"},"geometry":{"type":"LineString","coordinates":[[138.659742,-34.932975],[138.659732,-34.932837],[138.65973,-34.932803],[138.659724,-34.932725],[138.659715,-34.93253],[138.659692,-34.932189],[138.659654,-34.931667],[138.659652,-34.931642]]}},{"type":"Feature","properties":{"tier":"arterial"},"geometry":{"type":"LineString","coordinates":[[138.650431,-34.938851],[138.650304,-34.938859],[138.650043,-34.938874]]}},{"type":"Feature","properties":{"tier":"regional"},"geometry":{"type":"LineString","coordinates":[[138.651874,-34.944996],[138.651842,-34.944995],[138.651801,-34.944979],[138.651781,-34.944958],[138.651769,-34.944921],[138.651774,-34.944895],[138.651793,-34.94487],[138.651818,-34.944854],[138.651857,-34.944845]]}},{"type":"Feature","properties":{"tier":"arterial"},"geometry":{"type":"LineString","coordinates":[[138.650423,-34.938764],[138.651016,-34.938728]]}},{"type":"Feature","properties":{"tier":"regional"},"geometry":{"type":"LineString","coordinates":[[138.635826,-34.968444],[138.635859,-34.968446],[138.63589,-34.968457],[138.635914,-34.968475],[138.635928,-34.968495],[138.635933,-34.968522],[138.635928,-34.96855],[138.635911,-34.968573],[138.635885,-34.968591],[138.635842,-34.968601]]}},{"type":"Feature","properties":{"tier":"arterial"},"geometry":{"type":"LineString","coordinates":[[138.62637,-34.96344],[138.626389,-34.963819]]}},{"type":"Feature","properties":{"tier":"arterial"},"geometry":{"type":"LineString","coordinates":[[138.659276,-34.92669],[138.659231,-34.926122],[138.659229,-34.926101],[138.659223,-34.926007]]}},{"type":"Feature","properties":{"tier":"arterial"},"geometry":{"type":"LineString","coordinates":[[138.658837,-34.920995],[138.658802,-34.920515]]}},{"type":"Feature","properties":{"tier":"arterial"},"geometry":{"type":"LineString","coordinates":[[138.632417,-34.921368],[138.632329,-34.921371],[138.632299,-34.921373]]}},{"type":"Feature","properties":{"tier":"arterial"},"geometry":{"type":"LineString","coordinates":[[138.632299,-34.921373],[138.632212,-34.921379]]}},{"type":"Feature","properties":{"tier":"high"},"geometry":{"type":"LineString","coordinates":[[138.640169,-34.914597],[138.640244,-34.914539],[138.640312,-34.914455]]}},{"type":"Feature","properties":{"tier":"arterial"},"geometry":{"type":"LineString","coordinates":[[138.673969,-34.884408],[138.673994,-34.884756],[138.673998,-34.884812]]}},{"type":"Feature","properties":{"tier":"arterial"},"geometry":{"type":"LineString","coordinates":[[138.691117,-34.87754],[138.691087,-34.877489],[138.69108,-34.877448],[138.691082,-34.877425],[138.691096,-34.877384],[138.691115,-34.877357]]}},{"type":"Feature","properties":{"tier":"arterial"},"geometry":{"type":"LineString","coordinates":[[138.691142,-34.877562],[138.691117,-34.87754]]}},{"type":"Feature","properties":{"tier":"arterial"},"geometry":{"type":"LineString","coordinates":[[138.69141,-34.877546],[138.6914,-34.877557],[138.691387,-34.877566]]}},{"type":"Feature","properties":{"tier":"arterial"},"geometry":{"type":"LineString","coordinates":[[138.660084,-34.883661],[138.660355,-34.883237],[138.660448,-34.883091],[138.660679,-34.882728]]}},{"type":"Feature","properties":{"tier":"arterial"},"geometry":{"type":"LineString","coordinates":[[138.638514,-34.88571],[138.638528,-34.885736]]}},{"type":"Feature","properties":{"tier":"arterial"},"geometry":{"type":"LineString","coordinates":[[138.626281,-34.96453],[138.626271,-34.964423],[138.626268,-34.964391],[138.626227,-34.963755]]}},{"type":"Feature","properties":{"tier":"arterial"},"geometry":{"type":"LineString","coordinates":[[138.626429,-34.964381],[138.626432,-34.964415],[138.626447,-34.964521]]}},{"type":"Feature","properties":{"tier":"high"},"geometry":{"type":"LineString","coordinates":[[138.626295,-34.964694],[138.626109,-34.964699]]}},{"type":"Feature","properties":{"tier":"high"},"geometry":{"type":"LineString","coordinates":[[138.626628,-34.964652],[138.626596,-34.964656],[138.626469,-34.964674]]}},{"type":"Feature","properties":{"tier":"arterial"},"geometry":{"type":"LineString","coordinates":[[138.659223,-34.926007],[138.659215,-34.925911],[138.659214,-34.925881],[138.659213,-34.925877],[138.659176,-34.925383]]}},{"type":"Feature","properties":{"tier":"arterial"},"geometry":{"type":"LineString","coordinates":[[138.700898,-34.886026],[138.700979,-34.886013],[138.701021,-34.886002],[138.701069,-34.88599],[138.702387,-34.885472],[138.70367,-34.885002]]}},{"type":"Feature","properties":{"tier":"arterial"},"geometry":{"type":"LineString","coordinates":[[138.692108,-34.886553],[138.692084,-34.886583]]}},{"type":"Feature","properties":{"tier":"arterial"},"geometry":{"type":"LineString","coordinates":[[138.692074,-34.886378],[138.692097,-34.886402],[138.692122,-34.886447],[138.692128,-34.886485],[138.692125,-34.886512],[138.692108,-34.886553]]}},{"type":"Feature","properties":{"tier":"arterial"},"geometry":{"type":"LineString","coordinates":[[138.692028,-34.886351],[138.692074,-34.886378]]}},{"type":"Feature","properties":{"tier":"arterial"},"geometry":{"type":"LineString","coordinates":[[138.691833,-34.886367],[138.69188,-34.886343],[138.691944,-34.886334],[138.691994,-34.88634],[138.692028,-34.886351]]}},{"type":"Feature","properties":{"tier":"arterial"},"geometry":{"type":"LineString","coordinates":[[138.691793,-34.886396],[138.691813,-34.886378],[138.691833,-34.886367]]}},{"type":"Feature","properties":{"tier":"arterial"},"geometry":{"type":"LineString","coordinates":[[138.691812,-34.886593],[138.691772,-34.886543],[138.691758,-34.886485],[138.691767,-34.886439],[138.691793,-34.886396]]}},{"type":"Feature","properties":{"tier":"arterial"},"geometry":{"type":"LineString","coordinates":[[138.691831,-34.886606],[138.691812,-34.886593]]}},{"type":"Feature","properties":{"tier":"arterial"},"geometry":{"type":"LineString","coordinates":[[138.639126,-34.886916],[138.639266,-34.887011],[138.639388,-34.887038],[138.639443,-34.88703],[138.639579,-34.887011]]}},{"type":"Feature","properties":{"tier":"arterial"},"geometry":{"type":"LineString","coordinates":[[138.636641,-34.882055],[138.636626,-34.882023],[138.636591,-34.881954]]}},{"type":"Feature","properties":{"tier":"arterial"},"geometry":{"type":"LineString","coordinates":[[138.636591,-34.881954],[138.636453,-34.881683],[138.635826,-34.88045],[138.635457,-34.879725]]}},{"type":"Feature","properties":{"tier":"high"},"geometry":{"type":"LineString","coordinates":[[138.640364,-34.912218],[138.640389,-34.912657]]}},{"type":"Feature","properties":{"tier":"arterial"},"geometry":{"type":"LineString","coordinates":[[138.628947,-34.910961],[138.628526,-34.910258]]}},{"type":"Feature","properties":{"tier":"arterial"},"geometry":{"type":"LineString","coordinates":[[138.626331,-34.915494],[138.626604,-34.91548],[138.626845,-34.915468],[138.626976,-34.915461],[138.627005,-34.915459],[138.627125,-34.915453]]}},{"type":"Feature","properties":{"tier":"high"},"geometry":{"type":"LineString","coordinates":[[138.648212,-34.96617],[138.64798,-34.965911],[138.647726,-34.965663]]}},{"type":"Feature","properties":{"tier":"high"},"geometry":{"type":"LineString","coordinates":[[138.647446,-34.965136],[138.647621,-34.965267],[138.647669,-34.965306],[138.647783,-34.965399],[138.647964,-34.965562],[138.648046,-34.965657]]}},{"type":"Feature","properties":{"tier":"arterial"},"geometry":{"type":"LineString","coordinates":[[138.628378,-34.915392],[138.628667,-34.915377]]}},{"type":"Feature","properties":{"tier":"regional"},"geometry":{"type":"LineString","coordinates":[[138.651874,-34.944996],[138.651878,-34.94505],[138.651898,-34.945298],[138.651904,-34.945356],[138.651908,-34.945514],[138.652026,-34.9469],[138.652042,-34.947049]]}},{"type":"Feature","properties":{"tier":"regional"},"geometry":{"type":"LineString","coordinates":[[138.652042,-34.947049],[138.652053,-34.947182],[138.65209,-34.947638]]}},{"type":"Feature","properties":{"tier":"high"},"geometry":{"type":"LineString","coordinates":[[138.638106,-34.895777],[138.637906,-34.895617],[138.6377,-34.895453]]}},{"type":"Feature","properties":{"tier":"arterial"},"geometry":{"type":"LineString","coordinates":[[138.64209,-34.894151],[138.642454,-34.894693]]}},{"type":"Feature","properties":{"tier":"high"},"geometry":{"type":"LineString","coordinates":[[138.643703,-34.956864],[138.643664,-34.956386],[138.643648,-34.956193]]}},{"type":"Feature","properties":{"tier":"high"},"geometry":{"type":"LineString","coordinates":[[138.643168,-34.950111],[138.643145,-34.949837],[138.643125,-34.949603],[138.643118,-34.949495],[138.64309,-34.949107],[138.643082,-34.948991],[138.643072,-34.948855],[138.643065,-34.948637]]}},{"type":"Feature","properties":{"tier":"high"},"geometry":{"type":"LineString","coordinates":[[138.643087,-34.947358],[138.643093,-34.947493],[138.643099,-34.947577],[138.643135,-34.948063],[138.643147,-34.948222],[138.643152,-34.948328]]}},{"type":"Feature","properties":{"tier":"high"},"geometry":{"type":"LineString","coordinates":[[138.642986,-34.947363],[138.642973,-34.947176]]}},{"type":"Feature","properties":{"tier":"high"},"geometry":{"type":"LineString","coordinates":[[138.642973,-34.947176],[138.642957,-34.94694],[138.642917,-34.946451],[138.642882,-34.946005],[138.642852,-34.945618],[138.642833,-34.945355],[138.642823,-34.945208],[138.642799,-34.944754],[138.642791,-34.944512],[138.64274,-34.943856],[138.642736,-34.943784]]}},{"type":"Feature","properties":{"tier":"high"},"geometry":{"type":"LineString","coordinates":[[138.643072,-34.947171],[138.643087,-34.947358]]}},{"type":"Feature","properties":{"tier":"high"},"geometry":{"type":"LineString","coordinates":[[138.643309,-34.951919],[138.643263,-34.951334]]}},{"type":"Feature","properties":{"tier":"high"},"geometry":{"type":"LineString","coordinates":[[138.639369,-34.899899],[138.639349,-34.899546]]}},{"type":"Feature","properties":{"tier":"arterial"},"geometry":{"type":"LineString","coordinates":[[138.638426,-34.885754],[138.638308,-34.885418]]}},{"type":"Feature","properties":{"tier":"regional"},"geometry":{"type":"LineString","coordinates":[[138.631818,-34.916048],[138.631624,-34.916059]]}},{"type":"Feature","properties":{"tier":"arterial"},"geometry":{"type":"LineString","coordinates":[[138.631222,-34.914511],[138.631582,-34.915114],[138.631587,-34.915127]]}},{"type":"Feature","properties":{"tier":"high"},"geometry":{"type":"LineString","coordinates":[[138.627395,-34.947687],[138.627468,-34.94773],[138.627721,-34.947876],[138.627855,-34.947953],[138.628096,-34.948093],[138.62874,-34.948468],[138.629333,-34.948813],[138.629461,-34.948887],[138.629665,-34.949005],[138.629742,-34.94905],[138.629915,-34.949149],[138.630113,-34.949263],[138.630224,-34.949327],[138.630347,-34.949399],[138.631451,-34.950042],[138.631703,-34.950189],[138.632118,-34.950431],[138.632417,-34.9506],[138.632912,-34.950881],[138.633226,-34.951059],[138.633949,-34.95149],[138.634327,-34.951749],[138.634362,-34.951773],[138.63447,-34.951846]]}},{"type":"Feature","properties":{"tier":"arterial"},"geometry":{"type":"LineString","coordinates":[[138.684256,-34.910609],[138.684506,-34.910389],[138.684568,-34.910324]]}},{"type":"Feature","properties":{"tier":"high"},"geometry":{"type":"LineString","coordinates":[[138.640687,-34.917864],[138.640685,-34.91783],[138.640681,-34.917772],[138.640672,-34.917653]]}},{"type":"Feature","properties":{"tier":"high"},"geometry":{"type":"LineString","coordinates":[[138.640789,-34.917809],[138.640792,-34.917841],[138.640802,-34.917956]]}},{"type":"Feature","properties":{"tier":"high"},"geometry":{"type":"LineString","coordinates":[[138.640802,-34.917956],[138.640825,-34.918296],[138.640844,-34.918664],[138.640862,-34.918908],[138.640879,-34.919144],[138.640899,-34.919405],[138.640927,-34.919775]]}},{"type":"Feature","properties":{"tier":"arterial"},"geometry":{"type":"LineString","coordinates":[[138.627602,-34.921602],[138.62757,-34.921605],[138.627481,-34.92161],[138.627458,-34.921612],[138.627167,-34.921626],[138.625382,-34.921714]]}},{"type":"Feature","properties":{"tier":"arterial"},"geometry":{"type":"LineString","coordinates":[[138.627563,-34.921531],[138.6276,-34.921529],[138.627685,-34.921524],[138.627708,-34.921523],[138.628479,-34.921484],[138.62865,-34.921475],[138.629436,-34.921432],[138.629782,-34.921413]]}},{"type":"Feature","properties":{"tier":"arterial"},"geometry":{"type":"LineString","coordinates":[[138.636598,-34.921073],[138.636683,-34.92107],[138.63768,-34.921025],[138.638681,-34.920978],[138.638794,-34.920972],[138.638914,-34.920966],[138.639876,-34.920917],[138.640162,-34.92091],[138.640425,-34.920904]]}},{"type":"Feature","properties":{"tier":"arterial"},"geometry":{"type":"LineString","coordinates":[[138.634423,-34.921266],[138.634326,-34.92127]]}},{"type":"Feature","properties":{"tier":"arterial"},"geometry":{"type":"LineString","coordinates":[[138.634378,-34.921188],[138.634483,-34.921183]]}},{"type":"Feature","properties":{"tier":"arterial"},"geometry":{"type":"LineString","coordinates":[[138.636605,-34.921158],[138.636505,-34.921161],[138.635824,-34.921196],[138.635482,-34.921212],[138.635384,-34.921217],[138.634511,-34.921262],[138.634423,-34.921266]]}},{"type":"Feature","properties":{"tier":"arterial"},"geometry":{"type":"LineString","coordinates":[[138.640843,-34.920911],[138.640858,-34.920914],[138.640943,-34.920935]]}},{"type":"Feature","properties":{"tier":"regional"},"geometry":{"type":"LineString","coordinates":[[138.632132,-34.920374],[138.632137,-34.920454],[138.632155,-34.920687]]}},{"type":"Feature","properties":{"tier":"regional"},"geometry":{"type":"LineString","coordinates":[[138.632001,-34.921209],[138.631941,-34.920383]]}},{"type":"Feature","properties":{"tier":"arterial"},"geometry":{"type":"LineString","coordinates":[[138.631889,-34.915218],[138.632089,-34.915208]]}},{"type":"Feature","properties":{"tier":"arterial"},"geometry":{"type":"LineString","coordinates":[[138.631498,-34.915237],[138.63146,-34.915143]]}},{"type":"Feature","properties":{"tier":"arterial"},"geometry":{"type":"LineString","coordinates":[[138.631587,-34.915127],[138.631593,-34.91514],[138.631629,-34.915232]]}},{"type":"Feature","properties":{"tier":"arterial"},"geometry":{"type":"LineString","coordinates":[[138.684295,-34.90249],[138.684189,-34.902354],[138.684082,-34.902302],[138.683982,-34.902278]]}},{"type":"Feature","properties":{"tier":"arterial"},"geometry":{"type":"LineString","coordinates":[[138.683982,-34.902278],[138.682867,-34.902335],[138.682352,-34.902361],[138.681524,-34.902403],[138.68025,-34.902468],[138.680172,-34.902472],[138.679079,-34.902527],[138.678805,-34.902541],[138.678173,-34.902573],[138.677922,-34.902586],[138.675404,-34.902714],[138.675324,-34.902718]]}},{"type":"Feature","properties":{"tier":"arterial"},"geometry":{"type":"LineString","coordinates":[[138.632185,-34.93969],[138.63264,-34.939655],[138.632955,-34.93964]]}},{"type":"Feature","properties":{"tier":"arterial"},"geometry":{"type":"LineString","coordinates":[[138.62498,-34.943155],[138.624984,-34.943157],[138.625113,-34.943231]]}},{"type":"Feature","properties":{"tier":"arterial"},"geometry":{"type":"LineString","coordinates":[[138.62498,-34.944514],[138.625013,-34.944855]]}},{"type":"Feature","properties":{"tier":"high"},"geometry":{"type":"LineString","coordinates":[[138.639734,-34.905022],[138.63971,-34.904753]]}},{"type":"Feature","properties":{"tier":"high"},"geometry":{"type":"LineString","coordinates":[[138.639741,-34.905098],[138.639739,-34.905073],[138.639734,-34.905022]]}},{"type":"Feature","properties":{"tier":"high"},"geometry":{"type":"LineString","coordinates":[[138.639744,-34.905125],[138.639741,-34.905098]]}},{"type":"Feature","properties":{"tier":"high"},"geometry":{"type":"LineString","coordinates":[[138.63978,-34.904168],[138.639784,-34.904219]]}},{"type":"Feature","properties":{"tier":"high"},"geometry":{"type":"LineString","coordinates":[[138.63971,-34.904753],[138.639704,-34.904674],[138.639673,-34.904217]]}},{"type":"Feature","properties":{"tier":"arterial"},"geometry":{"type":"LineString","coordinates":[[138.657949,-34.913914],[138.65809,-34.913835],[138.658125,-34.913802],[138.658178,-34.91375],[138.658211,-34.913668]]}},{"type":"Feature","properties":{"tier":"arterial"},"geometry":{"type":"LineString","coordinates":[[138.634257,-34.939676],[138.634058,-34.939585]]}},{"type":"Feature","properties":{"tier":"arterial"},"geometry":{"type":"LineString","coordinates":[[138.634326,-34.92127],[138.634313,-34.92127],[138.633291,-34.921326],[138.632417,-34.921368]]}},{"type":"Feature","properties":{"tier":"arterial"},"geometry":{"type":"LineString","coordinates":[[138.634483,-34.921183],[138.634505,-34.921182],[138.635246,-34.921147],[138.635379,-34.921141],[138.636168,-34.921097]]}},{"type":"Feature","properties":{"tier":"arterial"},"geometry":{"type":"LineString","coordinates":[[138.64381,-34.920861],[138.643752,-34.920865],[138.643337,-34.920889],[138.642945,-34.920906],[138.642553,-34.920927],[138.642459,-34.920932],[138.641899,-34.920961]]}},{"type":"Feature","properties":{"tier":"arterial"},"geometry":{"type":"LineString","coordinates":[[138.651535,-34.920453],[138.651284,-34.920466],[138.65107,-34.920477],[138.650583,-34.920497],[138.650306,-34.920515],[138.649976,-34.920544],[138.649906,-34.920556],[138.649766,-34.920573],[138.649661,-34.920586],[138.649206,-34.920611],[138.649,-34.920622],[138.648889,-34.920628]]}},{"type":"Feature","properties":{"tier":"arterial"},"geometry":{"type":"LineString","coordinates":[[138.658202,-34.920089],[138.657417,-34.920129],[138.657053,-34.920149],[138.655989,-34.920205],[138.655807,-34.920212],[138.65533,-34.920241],[138.654447,-34.920288],[138.654024,-34.920312],[138.65285,-34.920375],[138.651786,-34.92044],[138.651535,-34.920453]]}},{"type":"Feature","properties":{"tier":"arterial"},"geometry":{"type":"LineString","coordinates":[[138.65812,-34.912447],[138.658205,-34.912443]]}},{"type":"Feature","properties":{"tier":"regional"},"geometry":{"type":"LineString","coordinates":[[138.634142,-34.945851],[138.634121,-34.945872],[138.634108,-34.945878]]}},{"type":"Feature","properties":{"tier":"regional"},"geometry":{"type":"LineString","coordinates":[[138.633979,-34.945852],[138.633967,-34.945827],[138.633966,-34.9458],[138.633973,-34.945783]]}},{"type":"Feature","properties":{"tier":"regional"},"geometry":{"type":"LineString","coordinates":[[138.634108,-34.945878],[138.634081,-34.946027]]}},{"type":"Feature","properties":{"tier":"regional"},"geometry":{"type":"LineString","coordinates":[[138.634151,-34.945834],[138.634142,-34.945851]]}},{"type":"Feature","properties":{"tier":"regional"},"geometry":{"type":"LineString","coordinates":[[138.634108,-34.945878],[138.634093,-34.945885],[138.634062,-34.945889],[138.634029,-34.945885]]}},{"type":"Feature","properties":{"tier":"regional"},"geometry":{"type":"LineString","coordinates":[[138.634143,-34.945773],[138.634147,-34.945778],[138.634155,-34.9458],[138.634154,-34.945827],[138.634151,-34.945834]]}},{"type":"Feature","properties":{"tier":"regional"},"geometry":{"type":"LineString","coordinates":[[138.634081,-34.946027],[138.634029,-34.945885]]}},{"type":"Feature","properties":{"tier":"regional"},"geometry":{"type":"LineString","coordinates":[[138.634029,-34.945885],[138.634001,-34.945872],[138.633979,-34.945852]]}},{"type":"Feature","properties":{"tier":"regional"},"geometry":{"type":"LineString","coordinates":[[138.634013,-34.945745],[138.634034,-34.945658],[138.634044,-34.945615]]}},{"type":"Feature","properties":{"tier":"regional"},"geometry":{"type":"LineString","coordinates":[[138.634044,-34.945615],[138.634058,-34.945657],[138.634083,-34.945735]]}},{"type":"Feature","properties":{"tier":"regional"},"geometry":{"type":"LineString","coordinates":[[138.634083,-34.945735],[138.634109,-34.945744],[138.634131,-34.945759],[138.634143,-34.945773]]}},{"type":"Feature","properties":{"tier":"regional"},"geometry":{"type":"LineString","coordinates":[[138.634013,-34.945745],[138.634023,-34.945739],[138.634055,-34.945733],[138.634083,-34.945735]]}},{"type":"Feature","properties":{"tier":"arterial"},"geometry":{"type":"LineString","coordinates":[[138.664826,-34.972121],[138.664757,-34.971999],[138.66458,-34.971818],[138.664422,-34.97167],[138.664342,-34.971576],[138.66424,-34.971369],[138.66422,-34.971242],[138.664234,-34.971126],[138.664267,-34.971035],[138.66433,-34.970922],[138.664418,-34.97083],[138.664584,-34.970729],[138.665697,-34.970261],[138.665837,-34.970182],[138.665896,-34.97012],[138.66594,-34.970038]]}},{"type":"Feature","properties":{"tier":"arterial"},"geometry":{"type":"LineString","coordinates":[[138.664911,-34.97209],[138.66494,-34.972163],[138.664965,-34.972271],[138.664978,-34.97244],[138.664915,-34.973073],[138.664906,-34.973321],[138.664925,-34.973878],[138.664931,-34.973965],[138.66494,-34.974022],[138.664953,-34.974079],[138.66497,-34.974128],[138.664988,-34.974172],[138.665015,-34.974219],[138.66504,-34.974253],[138.665064,-34.97428],[138.665082,-34.974296],[138.665092,-34.974304],[138.665131,-34.974331],[138.665168,-34.974353],[138.665214,-34.974377],[138.665258,-34.974395],[138.665298,-34.974406],[138.665332,-34.974412],[138.665396,-34.974418],[138.665477,-34.974418],[138.665537,-34.974413],[138.665594,-34.974401],[138.665634,-34.974387],[138.665679,-34.974369],[138.665751,-34.974329],[138.665817,-34.974277],[138.66586,-34.974235],[138.665917,-34.974169],[138.665965,-34.974099],[138.66601,-34.974023],[138.666103,-34.973868],[138.66616,-34.973782],[138.666222,-34.973708],[138.66631,-34.973609],[138.666631,-34.973308],[138.666937,-34.973018],[138.667088,-34.972893],[138.667236,-34.972786],[138.667425,-34.972693],[138.667701,-34.972583],[138.667868,-34.972538],[138.668073,-34.972492],[138.668286,-34.972453],[138.668496,-34.972425],[138.668658,-34.972419],[138.668821,-34.972437],[138.66893,-34.972467],[138.669027,-34.972499],[138.669113,-34.97255],[138.669196,-34.972617],[138.66933,-34.972792]]}},{"type":"Feature","properties":{"tier":"arterial"},"geometry":{"type":"LineString","coordinates":[[138.66594,-34.970038],[138.665962,-34.969954],[138.665956,-34.969871],[138.665942,-34.969801],[138.665895,-34.969612],[138.665898,-34.969487],[138.665917,-34.9694],[138.66595,-34.969324],[138.666016,-34.969243],[138.666111,-34.969178],[138.666213,-34.969134],[138.666321,-34.969101],[138.666451,-34.969097]]}},{"type":"Feature","properties":{"tier":"arterial"},"geometry":{"type":"LineString","coordinates":[[138.66604,-34.970064],[138.666003,-34.970137],[138.665947,-34.970197],[138.665901,-34.970236],[138.665666,-34.970351],[138.665277,-34.97051],[138.664745,-34.970725],[138.664569,-34.970814],[138.664488,-34.970866],[138.664416,-34.970933],[138.66433,-34.971075],[138.664308,-34.971151],[138.664299,-34.971233],[138.664319,-34.971346],[138.664362,-34.971454],[138.664435,-34.971553],[138.664527,-34.971659],[138.664715,-34.971832],[138.664835,-34.971957],[138.664911,-34.97209]]}},{"type":"Feature","properties":{"tier":"arterial"},"geometry":{"type":"LineString","coordinates":[[138.666451,-34.969097],[138.666553,-34.969111],[138.666659,-34.969139],[138.666766,-34.9692],[138.666944,-34.969337],[138.667071,-34.969447],[138.66715,-34.969503],[138.667278,-34.969527],[138.667384,-34.969507],[138.66745,-34.969456],[138.667516,-34.969349],[138.667542,-34.969197],[138.667606,-34.968487]]}},{"type":"Feature","properties":{"tier":"arterial"},"geometry":{"type":"LineString","coordinates":[[138.666452,-34.969171],[138.666305,-34.96918],[138.666198,-34.969216],[138.666083,-34.969287],[138.666051,-34.969333],[138.666,-34.969423],[138.66598,-34.969498],[138.665975,-34.969578],[138.665984,-34.969646],[138.666012,-34.969736],[138.666047,-34.969882],[138.66606,-34.969978],[138.66604,-34.970064]]}},{"type":"Feature","properties":{"tier":"arterial"},"geometry":{"type":"LineString","coordinates":[[138.66764,-34.968145],[138.667662,-34.967972],[138.6677,-34.967871],[138.667765,-34.967768],[138.667854,-34.967674],[138.667926,-34.967616],[138.667987,-34.967575],[138.668096,-34.967523],[138.668222,-34.967489],[138.66835,-34.967472],[138.668493,-34.967474],[138.66863,-34.967491],[138.669063,-34.967562],[138.669195,-34.967583],[138.669441,-34.967625],[138.669574,-34.967651],[138.669672,-34.967674],[138.669811,-34.967713],[138.669956,-34.967762],[138.670085,-34.967811],[138.670193,-34.967859],[138.670293,-34.967907],[138.670381,-34.967953],[138.670513,-34.968029],[138.670611,-34.968093],[138.670744,-34.968185],[138.670786,-34.96821],[138.670816,-34.968225],[138.670846,-34.968239],[138.670876,-34.968249],[138.670906,-34.968255],[138.670932,-34.968259],[138.670955,-34.96826],[138.67098,-34.968258],[138.671002,-34.968253],[138.671024,-34.968246],[138.671048,-34.968235],[138.67107,-34.968222]]}},{"type":"Feature","properties":{"tier":"arterial"},"geometry":{"type":"LineString","coordinates":[[138.667685,-34.968148],[138.667678,-34.968222],[138.667666,-34.968493],[138.66765,-34.968923],[138.667627,-34.969203],[138.667605,-34.969346],[138.667583,-34.96945],[138.667532,-34.969548],[138.667453,-34.969604],[138.667332,-34.969637],[138.667208,-34.969622],[138.667126,-34.969584],[138.66703,-34.969522],[138.666757,-34.969277],[138.666639,-34.969209],[138.666537,-34.969179],[138.666452,-34.969171]]}},{"type":"Feature","properties":{"tier":"regional"},"geometry":{"type":"LineString","coordinates":[[138.660197,-34.940183],[138.660217,-34.94009],[138.660234,-34.940046],[138.66024,-34.939995]]}},{"type":"Feature","properties":{"tier":"regional"},"geometry":{"type":"LineString","coordinates":[[138.660299,-34.94001],[138.660309,-34.94009],[138.660324,-34.940166]]}},{"type":"Feature","properties":{"tier":"regional"},"geometry":{"type":"LineString","coordinates":[[138.660229,-34.938965],[138.660241,-34.93922]]}},{"type":"Feature","properties":{"tier":"arterial"},"geometry":{"type":"LineString","coordinates":[[138.660133,-34.938186],[138.660114,-34.938014]]}},{"type":"Feature","properties":{"tier":"high"},"geometry":{"type":"LineString","coordinates":[[138.626109,-34.964699],[138.625376,-34.964732]]}},{"type":"Feature","properties":{"tier":"regional"},"geometry":{"type":"LineString","coordinates":[[138.635955,-34.970261],[138.635949,-34.970199],[138.635924,-34.969957],[138.635898,-34.969699]]}},{"type":"Feature","properties":{"tier":"high"},"geometry":{"type":"LineString","coordinates":[[138.644172,-34.962607],[138.644171,-34.962594],[138.64416,-34.962514],[138.644149,-34.962429]]}},{"type":"Feature","properties":{"tier":"high"},"geometry":{"type":"LineString","coordinates":[[138.64415,-34.961292],[138.644173,-34.961623]]}},{"type":"Feature","properties":{"tier":"high"},"geometry":{"type":"LineString","coordinates":[[138.640951,-34.919997],[138.640975,-34.92022]]}},{"type":"Feature","properties":{"tier":"arterial"},"geometry":{"type":"LineString","coordinates":[[138.669005,-34.937015],[138.669036,-34.937403],[138.669053,-34.937566]]}},{"type":"Feature","properties":{"tier":"arterial"},"geometry":{"type":"LineString","coordinates":[[138.66899,-34.936829],[138.669005,-34.937015]]}},{"type":"Feature","properties":{"tier":"regional"},"geometry":{"type":"LineString","coordinates":[[138.635955,-34.970261],[138.635993,-34.970268],[138.636026,-34.970286],[138.63605,-34.970312],[138.636062,-34.970349]]}},{"type":"Feature","properties":{"tier":"regional"},"geometry":{"type":"LineString","coordinates":[[138.636062,-34.970349],[138.636057,-34.970381],[138.636039,-34.97041],[138.635993,-34.970439],[138.635955,-34.970446]]}},{"type":"Feature","properties":{"tier":"regional"},"geometry":{"type":"LineString","coordinates":[[138.635955,-34.970446],[138.635916,-34.970442],[138.635881,-34.970427],[138.635854,-34.970404],[138.635837,-34.970364]]}},{"type":"Feature","properties":{"tier":"arterial"},"geometry":{"type":"LineString","coordinates":[[138.700149,-34.875043],[138.700144,-34.87498]]}},{"type":"Feature","properties":{"tier":"regional"},"geometry":{"type":"LineString","coordinates":[[138.665916,-34.897094],[138.665895,-34.897073],[138.665893,-34.897057],[138.665891,-34.897045],[138.665904,-34.89702],[138.665929,-34.897004],[138.665961,-34.897],[138.665991,-34.89701],[138.666011,-34.89703],[138.666015,-34.897048],[138.666017,-34.897056],[138.666006,-34.897082],[138.665981,-34.8971],[138.665948,-34.897104],[138.665916,-34.897094]]}},{"type":"Feature","properties":{"tier":"regional"},"geometry":{"type":"LineString","coordinates":[[138.666015,-34.897048],[138.666114,-34.897045],[138.666208,-34.897043],[138.666939,-34.896999],[138.667252,-34.896981],[138.667851,-34.896952],[138.668643,-34.896912],[138.669241,-34.896882],[138.669898,-34.89685],[138.670352,-34.896827],[138.670464,-34.896822],[138.671096,-34.89679],[138.671412,-34.896775],[138.671827,-34.896754],[138.672431,-34.896724],[138.673563,-34.896668],[138.673632,-34.896665],[138.674439,-34.89663],[138.674726,-34.896618],[138.674743,-34.896617],[138.674795,-34.896615]]}},{"type":"Feature","properties":{"tier":"arterial"},"geometry":{"type":"LineString","coordinates":[[138.62865,-34.921475],[138.628656,-34.921551]]}},{"type":"Feature","properties":{"tier":"arterial"},"geometry":{"type":"LineString","coordinates":[[138.630871,-34.921364],[138.630876,-34.921443]]}},{"type":"Feature","properties":{"tier":"arterial"},"geometry":{"type":"LineString","coordinates":[[138.680052,-34.875962],[138.680409,-34.875945],[138.680706,-34.875928]]}},{"type":"Feature","properties":{"tier":"arterial"},"geometry":{"type":"LineString","coordinates":[[138.627809,-34.91542],[138.628378,-34.915392]]}},{"type":"Feature","properties":{"tier":"arterial"},"geometry":{"type":"LineString","coordinates":[[138.627769,-34.915422],[138.627809,-34.91542]]}},{"type":"Feature","properties":{"tier":"high"},"geometry":{"type":"LineString","coordinates":[[138.643753,-34.957598],[138.643748,-34.957535],[138.643703,-34.956864]]}},{"type":"Feature","properties":{"tier":"high"},"geometry":{"type":"LineString","coordinates":[[138.6438,-34.956859],[138.643853,-34.957481]]}},{"type":"Feature","properties":{"tier":"arterial"},"geometry":{"type":"LineString","coordinates":[[138.678212,-34.912902],[138.67867,-34.91288]]}},{"type":"Feature","properties":{"tier":"arterial"},"geometry":{"type":"LineString","coordinates":[[138.669855,-34.888855],[138.668423,-34.888927]]}},{"type":"Feature","properties":{"tier":"arterial"},"geometry":{"type":"LineString","coordinates":[[138.668307,-34.888838],[138.669678,-34.888773],[138.66985,-34.888765]]}},{"type":"Feature","properties":{"tier":"arterial"},"geometry":{"type":"LineString","coordinates":[[138.673901,-34.883441],[138.673969,-34.884408]]}},{"type":"Feature","properties":{"tier":"arterial"},"geometry":{"type":"LineString","coordinates":[[138.673899,-34.884414],[138.673824,-34.883445],[138.673818,-34.883341]]}},{"type":"Feature","properties":{"tier":"arterial"},"geometry":{"type":"LineString","coordinates":[[138.673561,-34.879948],[138.673541,-34.879599],[138.673531,-34.879409],[138.673526,-34.879361]]}},{"type":"Feature","properties":{"tier":"arterial"},"geometry":{"type":"LineString","coordinates":[[138.66784,-34.913422],[138.668442,-34.913392],[138.668923,-34.913368],[138.669261,-34.913351],[138.669883,-34.91332],[138.67008,-34.91331],[138.670437,-34.913292],[138.670715,-34.913279],[138.670868,-34.913271],[138.671095,-34.91326],[138.671274,-34.913251],[138.671464,-34.913241],[138.671564,-34.913236],[138.672096,-34.913207],[138.672316,-34.913199],[138.672416,-34.913193],[138.672514,-34.913189],[138.67347,-34.913141],[138.673573,-34.913136],[138.673688,-34.91313]]}},{"type":"Feature","properties":{"tier":"arterial"},"geometry":{"type":"LineString","coordinates":[[138.66508,-34.91356],[138.665688,-34.913529],[138.666435,-34.913492],[138.666504,-34.913489],[138.666576,-34.913485],[138.666668,-34.91348],[138.666769,-34.913475],[138.667729,-34.913427],[138.66784,-34.913422]]}},{"type":"Feature","properties":{"tier":"arterial"},"geometry":{"type":"LineString","coordinates":[[138.630647,-34.997855],[138.630637,-34.997921],[138.630655,-34.997989],[138.630695,-34.998051],[138.630766,-34.998104],[138.630965,-34.998204],[138.631003,-34.99822]]}},{"type":"Feature","properties":{"tier":"arterial"},"geometry":{"type":"LineString","coordinates":[[138.629609,-34.9964],[138.629627,-34.996431]]}},{"type":"Feature","properties":{"tier":"regional"},"geometry":{"type":"LineString","coordinates":[[138.631692,-34.915372],[138.63172,-34.915456],[138.63173,-34.915501]]}},{"type":"Feature","properties":{"tier":"regional"},"geometry":{"type":"LineString","coordinates":[[138.635707,-34.953337],[138.635617,-34.953345],[138.635589,-34.953347],[138.635017,-34.953373]]}},{"type":"Feature","properties":{"tier":"regional"},"geometry":{"type":"LineString","coordinates":[[138.626206,-34.953823],[138.625756,-34.953847],[138.625729,-34.953849],[138.625634,-34.953854]]}},{"type":"Feature","properties":{"tier":"regional"},"geometry":{"type":"LineString","coordinates":[[138.625634,-34.953854],[138.625529,-34.953859],[138.625499,-34.95386],[138.625046,-34.95388]]}},{"type":"Feature","properties":{"tier":"regional"},"geometry":{"type":"LineString","coordinates":[[138.625876,-34.956875],[138.625769,-34.95688],[138.625739,-34.956882],[138.62539,-34.956899],[138.62534,-34.956902]]}},{"type":"Feature","properties":{"tier":"regional"},"geometry":{"type":"LineString","coordinates":[[138.626475,-34.956845],[138.625998,-34.956869],[138.625969,-34.95687],[138.625876,-34.956875]]}},{"type":"Feature","properties":{"tier":"regional"},"geometry":{"type":"LineString","coordinates":[[138.638094,-34.95621],[138.638021,-34.956238],[138.637999,-34.956247],[138.637958,-34.956263],[138.637765,-34.956271]]}},{"type":"Feature","properties":{"tier":"arterial"},"geometry":{"type":"LineString","coordinates":[[138.635457,-34.879725],[138.635419,-34.879651],[138.635231,-34.879264],[138.635211,-34.879223],[138.63519,-34.87918]]}},{"type":"Feature","properties":{"tier":"arterial"},"geometry":{"type":"LineString","coordinates":[[138.63519,-34.87918],[138.635151,-34.879106],[138.635136,-34.879077],[138.635057,-34.878927],[138.634822,-34.878481],[138.634766,-34.878374]]}},{"type":"Feature","properties":{"tier":"arterial"},"geometry":{"type":"LineString","coordinates":[[138.633319,-34.875422],[138.633278,-34.875332],[138.633263,-34.875299]]}},{"type":"Feature","properties":{"tier":"arterial"},"geometry":{"type":"LineString","coordinates":[[138.642574,-34.895055],[138.642025,-34.895269],[138.641378,-34.895524]]}},{"type":"Feature","properties":{"tier":"arterial"},"geometry":{"type":"LineString","coordinates":[[138.633491,-34.9029],[138.633566,-34.902813],[138.633738,-34.902611]]}},{"type":"Feature","properties":{"tier":"arterial"},"geometry":{"type":"LineString","coordinates":[[138.62676,-34.910828],[138.626845,-34.910727],[138.626883,-34.910683],[138.627005,-34.910542],[138.627395,-34.910093]]}},{"type":"Feature","properties":{"tier":"regional"},"geometry":{"type":"LineString","coordinates":[[138.660403,-34.941604],[138.660377,-34.941299],[138.660374,-34.941264],[138.660343,-34.940855]]}},{"type":"Feature","properties":{"tier":"high"},"geometry":{"type":"LineString","coordinates":[[138.641403,-34.925806],[138.641462,-34.926545]]}},{"type":"Feature","properties":{"tier":"high"},"geometry":{"type":"LineString","coordinates":[[138.628364,-34.888554],[138.628283,-34.888478],[138.628072,-34.888262],[138.628052,-34.888243],[138.627998,-34.88819]]}},{"type":"Feature","properties":{"tier":"high"},"geometry":{"type":"LineString","coordinates":[[138.627739,-34.887694],[138.628026,-34.888005],[138.628058,-34.888037],[138.62812,-34.888094]]}},{"type":"Feature","properties":{"tier":"arterial"},"geometry":{"type":"LineString","coordinates":[[138.626531,-34.965263],[138.626712,-34.967258],[138.626684,-34.967424]]}},{"type":"Feature","properties":{"tier":"arterial"},"geometry":{"type":"LineString","coordinates":[[138.626469,-34.964674],[138.626475,-34.964723]]}},{"type":"Feature","properties":{"tier":"arterial"},"geometry":{"type":"LineString","coordinates":[[138.626498,-34.966158],[138.626393,-34.965379]]}},{"type":"Feature","properties":{"tier":"arterial"},"geometry":{"type":"LineString","coordinates":[[138.626475,-34.964723],[138.626482,-34.964774],[138.62649,-34.964816],[138.626505,-34.964941],[138.626531,-34.965263]]}},{"type":"Feature","properties":{"tier":"arterial"},"geometry":{"type":"LineString","coordinates":[[138.626684,-34.967424],[138.626629,-34.96727],[138.626568,-34.96668]]}},{"type":"Feature","properties":{"tier":"arterial"},"geometry":{"type":"LineString","coordinates":[[138.626568,-34.96668],[138.626498,-34.966158]]}},{"type":"Feature","properties":{"tier":"high"},"geometry":{"type":"LineString","coordinates":[[138.626469,-34.964674],[138.626295,-34.964694]]}},{"type":"Feature","properties":{"tier":"arterial"},"geometry":{"type":"LineString","coordinates":[[138.626305,-34.964821],[138.626303,-34.964782],[138.626295,-34.964694]]}},{"type":"Feature","properties":{"tier":"arterial"},"geometry":{"type":"LineString","coordinates":[[138.626244,-34.963383],[138.626256,-34.963125],[138.626298,-34.962969]]}},{"type":"Feature","properties":{"tier":"arterial"},"geometry":{"type":"LineString","coordinates":[[138.626298,-34.962969],[138.626357,-34.963123],[138.62637,-34.963353],[138.62637,-34.96344]]}},{"type":"Feature","properties":{"tier":"high"},"geometry":{"type":"LineString","coordinates":[[138.628874,-34.964442],[138.628543,-34.964505],[138.628384,-34.964517]]}},{"type":"Feature","properties":{"tier":"high"},"geometry":{"type":"LineString","coordinates":[[138.625309,-34.964582],[138.626074,-34.964541],[138.626093,-34.96454],[138.626281,-34.96453]]}},{"type":"Feature","properties":{"tier":"arterial"},"geometry":{"type":"LineString","coordinates":[[138.626447,-34.964521],[138.626469,-34.964674]]}},{"type":"Feature","properties":{"tier":"high"},"geometry":{"type":"LineString","coordinates":[[138.627362,-34.964472],[138.628389,-34.964416]]}},{"type":"Feature","properties":{"tier":"high"},"geometry":{"type":"LineString","coordinates":[[138.626281,-34.96453],[138.626447,-34.964521]]}},{"type":"Feature","properties":{"tier":"arterial"},"geometry":{"type":"LineString","coordinates":[[138.626295,-34.964694],[138.626281,-34.96453]]}},{"type":"Feature","properties":{"tier":"high"},"geometry":{"type":"LineString","coordinates":[[138.627074,-34.964629],[138.626874,-34.964638],[138.626628,-34.964652]]}},{"type":"Feature","properties":{"tier":"high"},"geometry":{"type":"LineString","coordinates":[[138.62498,-34.9646],[138.625309,-34.964582]]}},{"type":"Feature","properties":{"tier":"high"},"geometry":{"type":"LineString","coordinates":[[138.626447,-34.964521],[138.626556,-34.964515],[138.627362,-34.964472]]}},{"type":"Feature","properties":{"tier":"high"},"geometry":{"type":"LineString","coordinates":[[138.638049,-34.89558],[138.63839,-34.89582]]}},{"type":"Feature","properties":{"tier":"high"},"geometry":{"type":"LineString","coordinates":[[138.639226,-34.896913],[138.639248,-34.897171],[138.639253,-34.897235]]}},{"type":"Feature","properties":{"tier":"high"},"geometry":{"type":"LineString","coordinates":[[138.639317,-34.899152],[138.639295,-34.898765]]}},{"type":"Feature","properties":{"tier":"high"},"geometry":{"type":"LineString","coordinates":[[138.639146,-34.897507],[138.639109,-34.897242],[138.639082,-34.897088]]}},{"type":"Feature","properties":{"tier":"arterial"},"geometry":{"type":"LineString","coordinates":[[138.659789,-34.933445],[138.659762,-34.933211],[138.659742,-34.932975]]}},{"type":"Feature","properties":{"tier":"arterial"},"geometry":{"type":"LineString","coordinates":[[138.626227,-34.963755],[138.626244,-34.963383]]}},{"type":"Feature","properties":{"tier":"high"},"geometry":{"type":"LineString","coordinates":[[138.628389,-34.964416],[138.628549,-34.964408],[138.628874,-34.964442]]}},{"type":"Feature","properties":{"tier":"arterial"},"geometry":{"type":"LineString","coordinates":[[138.641378,-34.895524],[138.641304,-34.895553],[138.641234,-34.89558],[138.641078,-34.895642]]}},{"type":"Feature","properties":{"tier":"arterial"},"geometry":{"type":"LineString","coordinates":[[138.640109,-34.896031],[138.639955,-34.896106],[138.639768,-34.896206],[138.639578,-34.896315],[138.639393,-34.896431]]}},{"type":"Feature","properties":{"tier":"arterial"},"geometry":{"type":"LineString","coordinates":[[138.6388,-34.896876],[138.638714,-34.896949],[138.638596,-34.897052],[138.63849,-34.897145]]}},{"type":"Feature","properties":{"tier":"arterial"},"geometry":{"type":"LineString","coordinates":[[138.641863,-34.895247],[138.642431,-34.895023],[138.642461,-34.895011],[138.642532,-34.894983]]}},{"type":"Feature","properties":{"tier":"high"},"geometry":{"type":"LineString","coordinates":[[138.640961,-34.914758],[138.640702,-34.914884],[138.640662,-34.914907],[138.640632,-34.914926],[138.640606,-34.914949],[138.640586,-34.914966],[138.640548,-34.915013]]}},{"type":"Feature","properties":{"tier":"high"},"geometry":{"type":"LineString","coordinates":[[138.640489,-34.916165],[138.640448,-34.915782]]}},{"type":"Feature","properties":{"tier":"high"},"geometry":{"type":"LineString","coordinates":[[138.640448,-34.915782],[138.640386,-34.915198]]}},{"type":"Feature","properties":{"tier":"high"},"geometry":{"type":"LineString","coordinates":[[138.640224,-34.913242],[138.640221,-34.912821],[138.640221,-34.912715]]}},{"type":"Feature","properties":{"tier":"high"},"geometry":{"type":"LineString","coordinates":[[138.640242,-34.912336],[138.640288,-34.912289],[138.640321,-34.91226],[138.640364,-34.912218]]}},{"type":"Feature","properties":{"tier":"high"},"geometry":{"type":"LineString","coordinates":[[138.640235,-34.912476],[138.640242,-34.912336]]}},{"type":"Feature","properties":{"tier":"high"},"geometry":{"type":"LineString","coordinates":[[138.640389,-34.912657],[138.64039,-34.912886]]}},{"type":"Feature","properties":{"tier":"high"},"geometry":{"type":"LineString","coordinates":[[138.64039,-34.912886],[138.640397,-34.913135]]}},{"type":"Feature","properties":{"tier":"high"},"geometry":{"type":"LineString","coordinates":[[138.640548,-34.915013],[138.640622,-34.915766],[138.640637,-34.915947]]}},{"type":"Feature","properties":{"tier":"arterial"},"geometry":{"type":"LineString","coordinates":[[138.639241,-34.914826],[138.639432,-34.914796]]}},{"type":"Feature","properties":{"tier":"high"},"geometry":{"type":"LineString","coordinates":[[138.640706,-34.918086],[138.640742,-34.91796],[138.640744,-34.917921],[138.640772,-34.917844],[138.640789,-34.917809]]}},{"type":"Feature","properties":{"tier":"high"},"geometry":{"type":"LineString","coordinates":[[138.640772,-34.917628],[138.640731,-34.917757],[138.640731,-34.917787],[138.640709,-34.917827],[138.640687,-34.917864]]}},{"type":"Feature","properties":{"tier":"high"},"geometry":{"type":"LineString","coordinates":[[138.640706,-34.918086],[138.640698,-34.917987],[138.640696,-34.917963],[138.640687,-34.917864]]}},{"type":"Feature","properties":{"tier":"high"},"geometry":{"type":"LineString","coordinates":[[138.640742,-34.917295],[138.640755,-34.917488],[138.640772,-34.917628]]}},{"type":"Feature","properties":{"tier":"arterial"},"geometry":{"type":"LineString","coordinates":[[138.641348,-34.921036],[138.641293,-34.921044],[138.641165,-34.921037],[138.641128,-34.921033],[138.64105,-34.921024]]}},{"type":"Feature","properties":{"tier":"arterial"},"geometry":{"type":"LineString","coordinates":[[138.640581,-34.920902],[138.640707,-34.920899]]}},{"type":"Feature","properties":{"tier":"high"},"geometry":{"type":"LineString","coordinates":[[138.641021,-34.922026],[138.641014,-34.921928],[138.641002,-34.921746]]}},{"type":"Feature","properties":{"tier":"arterial"},"geometry":{"type":"LineString","coordinates":[[138.661514,-34.91992],[138.660785,-34.919957],[138.660691,-34.919961],[138.660152,-34.919988],[138.659379,-34.920029]]}},{"type":"Feature","properties":{"tier":"arterial"},"geometry":{"type":"LineString","coordinates":[[138.658802,-34.920515],[138.658774,-34.920193],[138.658771,-34.920155],[138.658765,-34.920059]]}},{"type":"Feature","properties":{"tier":"arterial"},"geometry":{"type":"LineString","coordinates":[[138.658509,-34.920074],[138.658202,-34.920089]]}},{"type":"Feature","properties":{"tier":"arterial"},"geometry":{"type":"LineString","coordinates":[[138.658765,-34.920059],[138.658668,-34.920065],[138.658648,-34.920066],[138.658637,-34.920067],[138.658509,-34.920074]]}},{"type":"Feature","properties":{"tier":"arterial"},"geometry":{"type":"LineString","coordinates":[[138.659087,-34.920045],[138.658884,-34.920055],[138.658869,-34.920056],[138.658855,-34.920057],[138.658765,-34.920059]]}},{"type":"Feature","properties":{"tier":"arterial"},"geometry":{"type":"LineString","coordinates":[[138.659219,-34.920038],[138.659087,-34.920045]]}},{"type":"Feature","properties":{"tier":"arterial"},"geometry":{"type":"LineString","coordinates":[[138.659379,-34.920029],[138.659219,-34.920038]]}},{"type":"Feature","properties":{"tier":"arterial"},"geometry":{"type":"LineString","coordinates":[[138.658765,-34.920059],[138.658755,-34.919954],[138.658751,-34.919888],[138.658746,-34.919835]]}},{"type":"Feature","properties":{"tier":"high"},"geometry":{"type":"LineString","coordinates":[[138.641467,-34.92766],[138.641443,-34.927321]]}},{"type":"Feature","properties":{"tier":"arterial"},"geometry":{"type":"LineString","coordinates":[[138.640674,-34.927009],[138.640961,-34.926995]]}},{"type":"Feature","properties":{"tier":"arterial"},"geometry":{"type":"LineString","coordinates":[[138.642854,-34.926836],[138.643128,-34.926822]]}},{"type":"Feature","properties":{"tier":"arterial"},"geometry":{"type":"LineString","coordinates":[[138.641903,-34.926905],[138.642266,-34.926879]]}},{"type":"Feature","properties":{"tier":"arterial"},"geometry":{"type":"LineString","coordinates":[[138.642454,-34.894693],[138.642564,-34.894868],[138.642567,-34.894873],[138.642584,-34.894906],[138.642614,-34.894951]]}},{"type":"Feature","properties":{"tier":"arterial"},"geometry":{"type":"LineString","coordinates":[[138.641337,-34.895454],[138.641863,-34.895247]]}},{"type":"Feature","properties":{"tier":"arterial"},"geometry":{"type":"LineString","coordinates":[[138.644873,-34.894133],[138.644313,-34.894364]]}},{"type":"Feature","properties":{"tier":"arterial"},"geometry":{"type":"LineString","coordinates":[[138.657169,-34.888444],[138.65698,-34.88874]]}},{"type":"Feature","properties":{"tier":"high"},"geometry":{"type":"LineString","coordinates":[[138.642564,-34.963669],[138.642997,-34.963636]]}},{"type":"Feature","properties":{"tier":"high"},"geometry":{"type":"LineString","coordinates":[[138.642997,-34.963636],[138.643284,-34.963614]]}},{"type":"Feature","properties":{"tier":"high"},"geometry":{"type":"LineString","coordinates":[[138.643284,-34.963614],[138.643349,-34.963605],[138.643426,-34.963593]]}},{"type":"Feature","properties":{"tier":"high"},"geometry":{"type":"LineString","coordinates":[[138.644716,-34.963965],[138.644428,-34.96381]]}},{"type":"Feature","properties":{"tier":"high"},"geometry":{"type":"LineString","coordinates":[[138.647355,-34.965382],[138.647134,-34.965245],[138.64703,-34.965179]]}},{"type":"Feature","properties":{"tier":"high"},"geometry":{"type":"LineString","coordinates":[[138.647669,-34.965306],[138.64775,-34.965494],[138.647759,-34.965547],[138.647756,-34.96559],[138.647726,-34.965663]]}},{"type":"Feature","properties":{"tier":"high"},"geometry":{"type":"LineString","coordinates":[[138.643306,-34.962464],[138.643473,-34.962679]]}},{"type":"Feature","properties":{"tier":"high"},"geometry":{"type":"LineString","coordinates":[[138.643634,-34.962854],[138.643713,-34.962938],[138.643737,-34.962959]]}},{"type":"Feature","properties":{"tier":"high"},"geometry":{"type":"LineString","coordinates":[[138.642892,-34.963775],[138.642591,-34.963787]]}},{"type":"Feature","properties":{"tier":"high"},"geometry":{"type":"LineString","coordinates":[[138.642378,-34.938179],[138.642412,-34.938471]]}},{"type":"Feature","properties":{"tier":"arterial"},"geometry":{"type":"LineString","coordinates":[[138.644371,-34.939145],[138.643912,-34.939173]]}},{"type":"Feature","properties":{"tier":"arterial"},"geometry":{"type":"LineString","coordinates":[[138.64376,-34.93918],[138.643427,-34.939197]]}},{"type":"Feature","properties":{"tier":"high"},"geometry":{"type":"LineString","coordinates":[[138.642493,-34.940618],[138.642467,-34.940184],[138.642459,-34.940034]]}},{"type":"Feature","properties":{"tier":"arterial"},"geometry":{"type":"LineString","coordinates":[[138.640961,-34.914758],[138.640792,-34.914757]]}},{"type":"Feature","properties":{"tier":"high"},"geometry":{"type":"LineString","coordinates":[[138.639704,-34.914777],[138.640139,-34.914608],[138.640169,-34.914597]]}},{"type":"Feature","properties":{"tier":"high"},"geometry":{"type":"LineString","coordinates":[[138.640386,-34.915198],[138.640243,-34.91498],[138.640184,-34.914917],[138.640088,-34.91483],[138.640002,-34.914767]]}},{"type":"Feature","properties":{"tier":"arterial"},"geometry":{"type":"LineString","coordinates":[[138.640002,-34.914767],[138.639704,-34.914777]]}},{"type":"Feature","properties":{"tier":"high"},"geometry":{"type":"LineString","coordinates":[[138.644343,-34.962724],[138.644311,-34.962953]]}},{"type":"Feature","properties":{"tier":"regional"},"geometry":{"type":"LineString","coordinates":[[138.63447,-34.951846],[138.634516,-34.951683],[138.634515,-34.951666],[138.634502,-34.951472]]}},{"type":"Feature","properties":{"tier":"arterial"},"geometry":{"type":"LineString","coordinates":[[138.636168,-34.921097],[138.636468,-34.92108],[138.6365,-34.921078],[138.636598,-34.921073]]}},{"type":"Feature","properties":{"tier":"arterial"},"geometry":{"type":"LineString","coordinates":[[138.637047,-34.921137],[138.636728,-34.921153],[138.636694,-34.921155],[138.636605,-34.921158]]}},{"type":"Feature","properties":{"tier":"arterial"},"geometry":{"type":"LineString","coordinates":[[138.658232,-34.912832],[138.658278,-34.91351],[138.658303,-34.913712]]}},{"type":"Feature","properties":{"tier":"arterial"},"geometry":{"type":"LineString","coordinates":[[138.658367,-34.914967],[138.658359,-34.91484],[138.658334,-34.914572]]}},{"type":"Feature","properties":{"tier":"arterial"},"geometry":{"type":"LineString","coordinates":[[138.657531,-34.913936],[138.657949,-34.913914],[138.658091,-34.913906],[138.658139,-34.913905],[138.65827,-34.913897]]}},{"type":"Feature","properties":{"tier":"arterial"},"geometry":{"type":"LineString","coordinates":[[138.656517,-34.890256],[138.656494,-34.889833]]}},{"type":"Feature","properties":{"tier":"arterial"},"geometry":{"type":"LineString","coordinates":[[138.65756,-34.889469],[138.657229,-34.889486]]}},{"type":"Feature","properties":{"tier":"arterial"},"geometry":{"type":"LineString","coordinates":[[138.654343,-34.890244],[138.654416,-34.890215],[138.65463,-34.890129]]}},{"type":"Feature","properties":{"tier":"arterial"},"geometry":{"type":"LineString","coordinates":[[138.656202,-34.889516],[138.656243,-34.889489],[138.656352,-34.88941],[138.656421,-34.88936],[138.656484,-34.889301],[138.656526,-34.889256]]}},{"type":"Feature","properties":{"tier":"arterial"},"geometry":{"type":"LineString","coordinates":[[138.656666,-34.889418],[138.656885,-34.889408],[138.65748,-34.88938]]}},{"type":"Feature","properties":{"tier":"arterial"},"geometry":{"type":"LineString","coordinates":[[138.665326,-34.876762],[138.665012,-34.876775]]}},{"type":"Feature","properties":{"tier":"arterial"},"geometry":{"type":"LineString","coordinates":[[138.664762,-34.876649],[138.664708,-34.876697]]}},{"type":"Feature","properties":{"tier":"arterial"},"geometry":{"type":"LineString","coordinates":[[138.66468,-34.876608],[138.664762,-34.876649]]}},{"type":"Feature","properties":{"tier":"arterial"},"geometry":{"type":"LineString","coordinates":[[138.674995,-34.898314],[138.675033,-34.898827]]}},{"type":"Feature","properties":{"tier":"arterial"},"geometry":{"type":"LineString","coordinates":[[138.674961,-34.898831],[138.674921,-34.898319]]}},{"type":"Feature","properties":{"tier":"arterial"},"geometry":{"type":"LineString","coordinates":[[138.646424,-34.926657],[138.646792,-34.926639]]}},{"type":"Feature","properties":{"tier":"high"},"geometry":{"type":"LineString","coordinates":[[138.639903,-34.905783],[138.639936,-34.906255],[138.639939,-34.906288],[138.639974,-34.906779]]}},{"type":"Feature","properties":{"tier":"high"},"geometry":{"type":"LineString","coordinates":[[138.627833,-34.888019],[138.627409,-34.88757],[138.62721,-34.887382],[138.627061,-34.887242],[138.626938,-34.887141],[138.626891,-34.887103]]}},{"type":"Feature","properties":{"tier":"high"},"geometry":{"type":"LineString","coordinates":[[138.627162,-34.887173],[138.627739,-34.887694]]}},{"type":"Feature","properties":{"tier":"high"},"geometry":{"type":"LineString","coordinates":[[138.640478,-34.914438],[138.640553,-34.914551],[138.640648,-34.914653]]}},{"type":"Feature","properties":{"tier":"arterial"},"geometry":{"type":"LineString","coordinates":[[138.640961,-34.926995],[138.64118,-34.926974]]}},{"type":"Feature","properties":{"tier":"arterial"},"geometry":{"type":"LineString","coordinates":[[138.64179,-34.926916],[138.641903,-34.926905]]}},{"type":"Feature","properties":{"tier":"arterial"},"geometry":{"type":"LineString","coordinates":[[138.664634,-34.876656],[138.66468,-34.876608]]}},{"type":"Feature","properties":{"tier":"high"},"geometry":{"type":"LineString","coordinates":[[138.644118,-34.963024],[138.644164,-34.963038],[138.644178,-34.963051],[138.644184,-34.963071],[138.644179,-34.963096],[138.644128,-34.963201],[138.644128,-34.963226],[138.644125,-34.963365]]}}]}
