{"type":"FeatureCollection","features":[{"type":"Feature","properties":{"tier":"regional"},"geometry":{"type":"LineString","coordinates":[[138.614841,-34.811037],[138.614853,-34.811029],[138.614889,-34.811021],[138.614926,-34.811025],[138.61494,-34.811031]]}},{"type":"Feature","properties":{"tier":"regional"},"geometry":{"type":"LineString","coordinates":[[138.611121,-34.811105],[138.61109,-34.81113],[138.611059,-34.811142],[138.611018,-34.811146],[138.610995,-34.811144],[138.610971,-34.811137],[138.610956,-34.811129],[138.610945,-34.811123],[138.61092,-34.811098]]}},{"type":"Feature","properties":{"tier":"regional"},"geometry":{"type":"LineString","coordinates":[[138.608481,-34.812335],[138.608469,-34.812305],[138.608463,-34.812271],[138.608483,-34.812243],[138.60851,-34.812216],[138.608527,-34.812198],[138.608559,-34.812195],[138.608607,-34.812194]]}},{"type":"Feature","properties":{"tier":"high"},"geometry":{"type":"LineString","coordinates":[[138.596604,-34.801934],[138.596518,-34.800763]]}},{"type":"Feature","properties":{"tier":"high"},"geometry":{"type":"LineString","coordinates":[[138.596805,-34.793709],[138.596781,-34.794063],[138.596774,-34.79417]]}},{"type":"Feature","properties":{"tier":"high"},"geometry":{"type":"LineString","coordinates":[[138.596735,-34.800921],[138.596821,-34.801959]]}},{"type":"Feature","properties":{"tier":"high"},"geometry":{"type":"LineString","coordinates":[[138.596821,-34.801959],[138.597252,-34.807621],[138.597266,-34.80777]]}},{"type":"Feature","properties":{"tier":"regional"},"geometry":{"type":"LineString","coordinates":[[138.610346,-34.811033],[138.610392,-34.811034]]}},{"type":"Feature","properties":{"tier":"high"},"geometry":{"type":"LineString","coordinates":[[138.596572,-34.794073],[138.596579,-34.793392]]}},{"type":"Feature","properties":{"tier":"high"},"geometry":{"type":"LineString","coordinates":[[138.59752,-34.810213],[138.59761,-34.810458],[138.597651,-34.810502],[138.597681,-34.810515],[138.597732,-34.81052],[138.597772,-34.810514],[138.597846,-34.81049]]}},{"type":"Feature","properties":{"tier":"high"},"geometry":{"type":"LineString","coordinates":[[138.597549,-34.81252],[138.59755,-34.812292],[138.59748,-34.810962],[138.597483,-34.810897],[138.597487,-34.810884],[138.597509,-34.810821],[138.597552,-34.810753]]}},{"type":"Feature","properties":{"tier":"high"},"geometry":{"type":"LineString","coordinates":[[138.597377,-34.808997],[138.597339,-34.809231],[138.597343,-34.809992],[138.597368,-34.811175],[138.597418,-34.811966],[138.59743,-34.812213],[138.597399,-34.812315],[138.59735,-34.812397]]}},{"type":"Feature","properties":{"tier":"high"},"geometry":{"type":"LineString","coordinates":[[138.596176,-34.81252],[138.596695,-34.811836],[138.596924,-34.811507],[138.597026,-34.811314],[138.597077,-34.811175]]}},{"type":"Feature","properties":{"tier":"high"},"geometry":{"type":"LineString","coordinates":[[138.597103,-34.811883],[138.597832,-34.811062]]}},{"type":"Feature","properties":{"tier":"high"},"geometry":{"type":"LineString","coordinates":[[138.597094,-34.812077],[138.596696,-34.81252]]}},{"type":"Feature","properties":{"tier":"high"},"geometry":{"type":"LineString","coordinates":[[138.597835,-34.81124],[138.597094,-34.812077]]}},{"type":"Feature","properties":{"tier":"arterial"},"geometry":{"type":"LineString","coordinates":[[138.599774,-34.755726],[138.599816,-34.755693],[138.599841,-34.755666],[138.599892,-34.755612],[138.600207,-34.755257],[138.600656,-34.754741]]}},{"type":"Feature","properties":{"tier":"arterial"},"geometry":{"type":"LineString","coordinates":[[138.596119,-34.759768],[138.596158,-34.759738],[138.596207,-34.759689],[138.59642,-34.759478],[138.596617,-34.759251]]}},{"type":"Feature","properties":{"tier":"arterial"},"geometry":{"type":"LineString","coordinates":[[138.595568,-34.760466],[138.595685,-34.760315],[138.595706,-34.760287],[138.595884,-34.76006],[138.59593,-34.760002],[138.595966,-34.759961],[138.595998,-34.759897],[138.59602,-34.759865]]}},{"type":"Feature","properties":{"tier":"regional"},"geometry":{"type":"LineString","coordinates":[[138.623262,-34.765366],[138.623232,-34.765395],[138.623186,-34.765434],[138.623126,-34.765479],[138.623083,-34.765514],[138.622845,-34.765782]]}},{"type":"Feature","properties":{"tier":"regional"},"geometry":{"type":"LineString","coordinates":[[138.617005,-34.811099],[138.616955,-34.81113]]}},{"type":"Feature","properties":{"tier":"arterial"},"geometry":{"type":"LineString","coordinates":[[138.611884,-34.803107],[138.611059,-34.802633]]}},{"type":"Feature","properties":{"tier":"arterial"},"geometry":{"type":"LineString","coordinates":[[138.613619,-34.804108],[138.611884,-34.803107]]}},{"type":"Feature","properties":{"tier":"arterial"},"geometry":{"type":"LineString","coordinates":[[138.618844,-34.806171],[138.618104,-34.806071],[138.61738,-34.805878],[138.617262,-34.805873],[138.617208,-34.80588],[138.617148,-34.805902],[138.617101,-34.80593]]}},{"type":"Feature","properties":{"tier":"regional"},"geometry":{"type":"LineString","coordinates":[[138.616955,-34.81113],[138.616923,-34.81108]]}},{"type":"Feature","properties":{"tier":"regional"},"geometry":{"type":"LineString","coordinates":[[138.616916,-34.810702],[138.616924,-34.810349],[138.616924,-34.810329],[138.616926,-34.810216]]}},{"type":"Feature","properties":{"tier":"regional"},"geometry":{"type":"LineString","coordinates":[[138.617222,-34.81138],[138.617099,-34.81133],[138.617027,-34.811293],[138.616854,-34.811187],[138.616694,-34.811149]]}},{"type":"Feature","properties":{"tier":"high"},"geometry":{"type":"LineString","coordinates":[[138.599939,-34.808643],[138.600345,-34.808216],[138.600602,-34.807936]]}},{"type":"Feature","properties":{"tier":"high"},"geometry":{"type":"LineString","coordinates":[[138.599436,-34.809436],[138.598566,-34.810414],[138.597835,-34.81124]]}},{"type":"Feature","properties":{"tier":"high"},"geometry":{"type":"LineString","coordinates":[[138.589338,-34.762625],[138.589792,-34.764002],[138.590567,-34.766345],[138.590621,-34.76649],[138.590676,-34.766695],[138.590752,-34.767012],[138.590793,-34.76721],[138.590856,-34.767534],[138.590892,-34.767772],[138.590923,-34.768008],[138.590953,-34.768298],[138.590968,-34.768513],[138.590984,-34.768836],[138.590986,-34.769064],[138.590984,-34.769383],[138.590961,-34.76976],[138.590906,-34.77032],[138.590798,-34.771046],[138.590607,-34.771777],[138.590424,-34.772336],[138.590089,-34.77317],[138.589607,-34.774073],[138.589174,-34.774691],[138.588835,-34.775174]]}},{"type":"Feature","properties":{"tier":"regional"},"geometry":{"type":"LineString","coordinates":[[138.596539,-34.775087],[138.596966,-34.775051],[138.597063,-34.775058],[138.597188,-34.775099],[138.597325,-34.775176],[138.597938,-34.775557],[138.598942,-34.776166],[138.600111,-34.776874],[138.600308,-34.776994],[138.601307,-34.777599],[138.602158,-34.778114]]}},{"type":"Feature","properties":{"tier":"regional"},"geometry":{"type":"LineString","coordinates":[[138.622845,-34.765782],[138.622522,-34.766147],[138.621721,-34.767043],[138.621534,-34.767251],[138.621334,-34.767491]]}},{"type":"Feature","properties":{"tier":"regional"},"geometry":{"type":"LineString","coordinates":[[138.623554,-34.767311],[138.624217,-34.767059],[138.624367,-34.767002]]}},{"type":"Feature","properties":{"tier":"arterial"},"geometry":{"type":"LineString","coordinates":[[138.59722,-34.758711],[138.596882,-34.759088]]}},{"type":"Feature","properties":{"tier":"arterial"},"geometry":{"type":"LineString","coordinates":[[138.597546,-34.758346],[138.59722,-34.758711]]}},{"type":"Feature","properties":{"tier":"regional"},"geometry":{"type":"LineString","coordinates":[[138.607447,-34.754661],[138.607431,-34.754675],[138.607412,-34.754686],[138.607387,-34.754692],[138.607361,-34.754691],[138.607342,-34.754687],[138.607326,-34.754678],[138.607312,-34.754667],[138.607302,-34.754654],[138.607293,-34.754625],[138.607297,-34.754605],[138.607308,-34.754586],[138.607325,-34.754571],[138.607346,-34.754561],[138.607378,-34.754557],[138.607409,-34.754562],[138.607435,-34.754577],[138.607453,-34.754599],[138.607459,-34.754625],[138.607456,-34.754644],[138.607447,-34.754661]]}},{"type":"Feature","properties":{"tier":"arterial"},"geometry":{"type":"LineString","coordinates":[[138.596106,-34.759915],[138.596079,-34.759942],[138.596003,-34.760001],[138.595977,-34.760028],[138.595935,-34.760087],[138.595849,-34.760215],[138.595768,-34.760312],[138.595738,-34.760346],[138.595619,-34.760481],[138.595492,-34.760588]]}},{"type":"Feature","properties":{"tier":"regional"},"geometry":{"type":"LineString","coordinates":[[138.620919,-34.767882],[138.620958,-34.767864],[138.621014,-34.767829],[138.621058,-34.767797],[138.621334,-34.767491]]}},{"type":"Feature","properties":{"tier":"high"},"geometry":{"type":"LineString","coordinates":[[138.594565,-34.770551],[138.594605,-34.77098]]}},{"type":"Feature","properties":{"tier":"regional"},"geometry":{"type":"LineString","coordinates":[[138.621334,-34.767491],[138.621119,-34.767795],[138.621085,-34.767932],[138.621077,-34.767962]]}},{"type":"Feature","properties":{"tier":"arterial"},"geometry":{"type":"LineString","coordinates":[[138.605903,-34.766737],[138.605952,-34.766768],[138.606307,-34.766992]]}},{"type":"Feature","properties":{"tier":"regional"},"geometry":{"type":"LineString","coordinates":[[138.595364,-34.773984],[138.596182,-34.774471],[138.596257,-34.774524],[138.596308,-34.774575],[138.596375,-34.774651],[138.596438,-34.774741],[138.596485,-34.774838],[138.596523,-34.774965],[138.596539,-34.775087]]}},{"type":"Feature","properties":{"tier":"high"},"geometry":{"type":"LineString","coordinates":[[138.595364,-34.773984],[138.595257,-34.773996],[138.595169,-34.774026],[138.595074,-34.774071],[138.594934,-34.774131]]}},{"type":"Feature","properties":{"tier":"arterial"},"geometry":{"type":"LineString","coordinates":[[138.606307,-34.766992],[138.606492,-34.767102],[138.606743,-34.767252],[138.607134,-34.76749],[138.607398,-34.767648]]}},{"type":"Feature","properties":{"tier":"high"},"geometry":{"type":"LineString","coordinates":[[138.59273,-34.76242],[138.592848,-34.762765],[138.592857,-34.762791],[138.593014,-34.763243]]}},{"type":"Feature","properties":{"tier":"regional"},"geometry":{"type":"LineString","coordinates":[[138.615963,-34.759816],[138.615314,-34.759438],[138.615243,-34.759388]]}},{"type":"Feature","properties":{"tier":"regional"},"geometry":{"type":"LineString","coordinates":[[138.615243,-34.759388],[138.614274,-34.758798],[138.613677,-34.75842]]}},{"type":"Feature","properties":{"tier":"regional"},"geometry":{"type":"LineString","coordinates":[[138.608189,-34.764099],[138.60823,-34.764054],[138.60889,-34.763311],[138.608902,-34.763297],[138.609634,-34.762472],[138.610276,-34.761748],[138.611254,-34.760654],[138.611482,-34.760399]]}},{"type":"Feature","properties":{"tier":"regional"},"geometry":{"type":"LineString","coordinates":[[138.617519,-34.753645],[138.618025,-34.753059],[138.618233,-34.752839]]}},{"type":"Feature","properties":{"tier":"regional"},"geometry":{"type":"LineString","coordinates":[[138.617285,-34.753908],[138.61736,-34.753822],[138.61748,-34.753689],[138.617519,-34.753645]]}},{"type":"Feature","properties":{"tier":"arterial"},"geometry":{"type":"LineString","coordinates":[[138.609131,-34.802199],[138.608992,-34.802183]]}},{"type":"Feature","properties":{"tier":"high"},"geometry":{"type":"LineString","coordinates":[[138.597846,-34.81049],[138.598682,-34.809774]]}},{"type":"Feature","properties":{"tier":"high"},"geometry":{"type":"LineString","coordinates":[[138.600112,-34.80889],[138.599843,-34.809229],[138.598838,-34.810527],[138.597938,-34.811735],[138.597846,-34.811904],[138.59776,-34.812142],[138.597712,-34.81252]]}},{"type":"Feature","properties":{"tier":"high"},"geometry":{"type":"LineString","coordinates":[[138.603223,-34.805185],[138.601926,-34.806649]]}},{"type":"Feature","properties":{"tier":"high"},"geometry":{"type":"LineString","coordinates":[[138.601821,-34.806573],[138.601962,-34.806417]]}},{"type":"Feature","properties":{"tier":"high"},"geometry":{"type":"LineString","coordinates":[[138.597552,-34.810753],[138.597688,-34.81252]]}},{"type":"Feature","properties":{"tier":"high"},"geometry":{"type":"LineString","coordinates":[[138.603978,-34.804317],[138.603647,-34.804708]]}},{"type":"Feature","properties":{"tier":"high"},"geometry":{"type":"LineString","coordinates":[[138.604597,-34.803615],[138.603978,-34.804317]]}},{"type":"Feature","properties":{"tier":"high"},"geometry":{"type":"LineString","coordinates":[[138.601926,-34.806649],[138.601693,-34.806895],[138.601655,-34.806937],[138.601295,-34.807342]]}},{"type":"Feature","properties":{"tier":"high"},"geometry":{"type":"LineString","coordinates":[[138.605509,-34.802642],[138.604597,-34.803615]]}},{"type":"Feature","properties":{"tier":"high"},"geometry":{"type":"LineString","coordinates":[[138.596394,-34.799456],[138.596321,-34.798346],[138.596279,-34.79748],[138.596328,-34.796624]]}},{"type":"Feature","properties":{"tier":"high"},"geometry":{"type":"LineString","coordinates":[[138.596579,-34.793392],[138.596585,-34.792818],[138.596569,-34.792414],[138.596534,-34.7919],[138.596495,-34.791477],[138.596419,-34.790668]]}},{"type":"Feature","properties":{"tier":"high"},"geometry":{"type":"LineString","coordinates":[[138.597077,-34.811175],[138.597148,-34.810908],[138.597155,-34.810538],[138.597183,-34.810356]]}},{"type":"Feature","properties":{"tier":"arterial"},"geometry":{"type":"LineString","coordinates":[[138.606609,-34.801452],[138.60645,-34.801383]]}},{"type":"Feature","properties":{"tier":"regional"},"geometry":{"type":"LineString","coordinates":[[138.617005,-34.811099],[138.617132,-34.811196],[138.617297,-34.811293]]}},{"type":"Feature","properties":{"tier":"regional"},"geometry":{"type":"LineString","coordinates":[[138.617297,-34.811293],[138.617705,-34.811564],[138.618371,-34.811963],[138.618845,-34.812258],[138.619266,-34.81252]]}},{"type":"Feature","properties":{"tier":"high"},"geometry":{"type":"LineString","coordinates":[[138.601295,-34.807342],[138.600717,-34.808012]]}},{"type":"Feature","properties":{"tier":"arterial"},"geometry":{"type":"LineString","coordinates":[[138.616756,-34.790042],[138.616709,-34.790094],[138.616536,-34.790287],[138.616413,-34.79043],[138.616011,-34.790869],[138.615826,-34.791074]]}},{"type":"Feature","properties":{"tier":"high"},"geometry":{"type":"LineString","coordinates":[[138.605018,-34.802975],[138.605118,-34.802864],[138.605305,-34.802654],[138.605383,-34.80257]]}},{"type":"Feature","properties":{"tier":"high"},"geometry":{"type":"LineString","coordinates":[[138.59735,-34.812397],[138.597265,-34.811444],[138.597183,-34.810356]]}},{"type":"Feature","properties":{"tier":"arterial"},"geometry":{"type":"LineString","coordinates":[[138.615988,-34.805206],[138.616749,-34.805399],[138.616814,-34.805411],[138.616909,-34.805405],[138.616941,-34.805387],[138.616998,-34.805355]]}},{"type":"Feature","properties":{"tier":"arterial"},"geometry":{"type":"LineString","coordinates":[[138.616981,-34.806312],[138.616971,-34.806277],[138.616883,-34.805822],[138.616862,-34.805744],[138.616856,-34.80572],[138.616834,-34.805678],[138.616742,-34.805612]]}},{"type":"Feature","properties":{"tier":"arterial"},"geometry":{"type":"LineString","coordinates":[[138.614681,-34.772062],[138.615644,-34.77264]]}},{"type":"Feature","properties":{"tier":"arterial"},"geometry":{"type":"LineString","coordinates":[[138.607525,-34.767719],[138.607723,-34.767842]]}},{"type":"Feature","properties":{"tier":"arterial"},"geometry":{"type":"LineString","coordinates":[[138.607398,-34.767648],[138.607462,-34.767683],[138.607525,-34.767719]]}},{"type":"Feature","properties":{"tier":"arterial"},"geometry":{"type":"LineString","coordinates":[[138.615628,-34.772695],[138.614511,-34.772011],[138.613096,-34.771144],[138.611732,-34.770316],[138.611584,-34.770245],[138.611475,-34.770205],[138.611426,-34.770187],[138.611346,-34.770153]]}},{"type":"Feature","properties":{"tier":"arterial"},"geometry":{"type":"LineString","coordinates":[[138.62502,-34.778376],[138.624696,-34.778181],[138.623839,-34.777669],[138.622294,-34.776743],[138.621279,-34.776125],[138.620283,-34.775517],[138.619452,-34.775011],[138.618817,-34.774618],[138.618436,-34.774382],[138.617269,-34.773661],[138.616656,-34.773281]]}},{"type":"Feature","properties":{"tier":"arterial"},"geometry":{"type":"LineString","coordinates":[[138.607723,-34.767842],[138.607881,-34.767936],[138.608213,-34.768137],[138.608954,-34.768599],[138.609527,-34.768943],[138.609825,-34.769122],[138.611019,-34.769854]]}},{"type":"Feature","properties":{"tier":"regional"},"geometry":{"type":"LineString","coordinates":[[138.610777,-34.796154],[138.610122,-34.795754],[138.608424,-34.794727],[138.607406,-34.794113],[138.606345,-34.793465],[138.606259,-34.793412],[138.606099,-34.793326],[138.605965,-34.793264],[138.605837,-34.793217],[138.605579,-34.793144],[138.605549,-34.793132],[138.605521,-34.793119],[138.605497,-34.793095],[138.605483,-34.79307],[138.605478,-34.79304],[138.605405,-34.79304],[138.605333,-34.79304],[138.605241,-34.793022],[138.60493,-34.792894],[138.604645,-34.792763],[138.604329,-34.792579]]}},{"type":"Feature","properties":{"tier":"regional"},"geometry":{"type":"LineString","coordinates":[[138.596776,-34.788424],[138.596538,-34.788393],[138.596501,-34.788388],[138.596392,-34.788375]]}},{"type":"Feature","properties":{"tier":"regional"},"geometry":{"type":"LineString","coordinates":[[138.600257,-34.790086],[138.600171,-34.790011],[138.599534,-34.78962],[138.598756,-34.789135],[138.598422,-34.788917],[138.598163,-34.788779],[138.598055,-34.788729],[138.597837,-34.788638],[138.597459,-34.788539],[138.597054,-34.788471],[138.596776,-34.788424]]}},{"type":"Feature","properties":{"tier":"regional"},"geometry":{"type":"LineString","coordinates":[[138.622907,-34.764999],[138.622835,-34.764922],[138.622328,-34.764367],[138.622306,-34.764343],[138.622298,-34.764334],[138.622141,-34.764192]]}},{"type":"Feature","properties":{"tier":"regional"},"geometry":{"type":"LineString","coordinates":[[138.620227,-34.762388],[138.619901,-34.762194]]}},{"type":"Feature","properties":{"tier":"regional"},"geometry":{"type":"LineString","coordinates":[[138.621204,-34.763135],[138.621058,-34.762997],[138.620798,-34.762752],[138.620649,-34.762657],[138.620525,-34.762578]]}},{"type":"Feature","properties":{"tier":"high"},"geometry":{"type":"LineString","coordinates":[[138.593014,-34.763243],[138.593237,-34.763365],[138.593422,-34.763357]]}},{"type":"Feature","properties":{"tier":"high"},"geometry":{"type":"LineString","coordinates":[[138.596579,-34.793392],[138.596535,-34.793222],[138.596476,-34.79223],[138.596408,-34.791578],[138.596392,-34.791472],[138.596366,-34.791431],[138.596348,-34.791407],[138.596326,-34.791389],[138.596303,-34.791376],[138.596276,-34.791361],[138.596242,-34.791344],[138.596203,-34.79133],[138.596158,-34.791322]]}},{"type":"Feature","properties":{"tier":"high"},"geometry":{"type":"LineString","coordinates":[[138.588552,-34.74998],[138.588654,-34.750185],[138.588679,-34.750223],[138.58871,-34.750245],[138.588743,-34.750253],[138.588773,-34.750255],[138.588808,-34.750255],[138.58885,-34.750244],[138.588897,-34.750225],[138.588958,-34.750174]]}},{"type":"Feature","properties":{"tier":"high"},"geometry":{"type":"LineString","coordinates":[[138.596456,-34.800215],[138.596332,-34.799998],[138.59626,-34.799864],[138.596244,-34.799837],[138.596228,-34.799811],[138.596202,-34.799782],[138.596179,-34.799763],[138.596111,-34.799724]]}},{"type":"Feature","properties":{"tier":"high"},"geometry":{"type":"LineString","coordinates":[[138.594047,-34.767647],[138.593967,-34.767535],[138.593946,-34.767508],[138.593922,-34.767482],[138.593899,-34.767465],[138.593889,-34.767457],[138.593874,-34.767446],[138.593842,-34.767431],[138.593788,-34.767418],[138.593737,-34.767404],[138.593649,-34.767383]]}},{"type":"Feature","properties":{"tier":"regional"},"geometry":{"type":"LineString","coordinates":[[138.593649,-34.767383],[138.593569,-34.767402],[138.593112,-34.767509],[138.592767,-34.7676]]}},{"type":"Feature","properties":{"tier":"regional"},"geometry":{"type":"LineString","coordinates":[[138.597275,-34.79393],[138.597354,-34.793875],[138.597431,-34.79381],[138.597615,-34.793647],[138.599059,-34.792001]]}},{"type":"Feature","properties":{"tier":"high"},"geometry":{"type":"LineString","coordinates":[[138.596805,-34.793709],[138.596878,-34.793927],[138.596899,-34.793969],[138.596921,-34.794005],[138.596948,-34.794023],[138.596979,-34.794035],[138.597034,-34.794049]]}},{"type":"Feature","properties":{"tier":"high"},"geometry":{"type":"LineString","coordinates":[[138.593649,-34.767383],[138.593722,-34.767308],[138.593797,-34.767236],[138.59383,-34.767209],[138.593862,-34.767184],[138.593871,-34.767178],[138.593894,-34.76716],[138.593912,-34.76714],[138.593927,-34.767118],[138.593938,-34.76709],[138.593945,-34.767053]]}},{"type":"Feature","properties":{"tier":"high"},"geometry":{"type":"LineString","coordinates":[[138.596158,-34.791322],[138.596252,-34.791275],[138.596291,-34.791239],[138.596324,-34.791206],[138.596344,-34.791179],[138.596356,-34.791159],[138.596364,-34.791128],[138.596373,-34.791097],[138.596379,-34.79106],[138.596383,-34.791001],[138.596419,-34.790668]]}},{"type":"Feature","properties":{"tier":"high"},"geometry":{"type":"LineString","coordinates":[[138.59345,-34.76356],[138.593389,-34.763835],[138.593393,-34.76392],[138.593415,-34.764429]]}},{"type":"Feature","properties":{"tier":"high"},"geometry":{"type":"LineString","coordinates":[[138.594402,-34.771069],[138.594365,-34.770708]]}},{"type":"Feature","properties":{"tier":"high"},"geometry":{"type":"LineString","coordinates":[[138.595358,-34.780143],[138.595309,-34.779557],[138.595268,-34.778697],[138.595159,-34.777954],[138.59509,-34.777217],[138.595007,-34.776528],[138.594856,-34.775184],[138.594793,-34.774636],[138.594719,-34.773892],[138.594657,-34.773289]]}},{"type":"Feature","properties":{"tier":"high"},"geometry":{"type":"LineString","coordinates":[[138.593243,-34.764606],[138.593084,-34.764159],[138.593069,-34.764114],[138.593037,-34.76402]]}},{"type":"Feature","properties":{"tier":"high"},"geometry":{"type":"LineString","coordinates":[[138.597433,-34.809237],[138.597467,-34.809606],[138.59752,-34.810213]]}},{"type":"Feature","properties":{"tier":"high"},"geometry":{"type":"LineString","coordinates":[[138.58898,-34.751331],[138.58901,-34.751419],[138.589456,-34.752743],[138.589604,-34.753185]]}},{"type":"Feature","properties":{"tier":"high"},"geometry":{"type":"LineString","coordinates":[[138.591446,-34.760103],[138.591504,-34.760028],[138.591539,-34.759988],[138.591569,-34.759937],[138.591588,-34.759877],[138.591607,-34.759764]]}},{"type":"Feature","properties":{"tier":"high"},"geometry":{"type":"LineString","coordinates":[[138.591702,-34.760044],[138.59176,-34.760058],[138.591799,-34.760077],[138.591825,-34.760099],[138.59187,-34.760146],[138.592002,-34.760294]]}},{"type":"Feature","properties":{"tier":"high"},"geometry":{"type":"LineString","coordinates":[[138.596456,-34.800215],[138.596431,-34.799904],[138.596428,-34.799865],[138.596416,-34.799714]]}},{"type":"Feature","properties":{"tier":"high"},"geometry":{"type":"LineString","coordinates":[[138.588523,-34.74998],[138.588727,-34.750579],[138.588772,-34.750712],[138.58898,-34.751331]]}},{"type":"Feature","properties":{"tier":"high"},"geometry":{"type":"LineString","coordinates":[[138.589604,-34.753185],[138.589868,-34.753978],[138.59026,-34.755136],[138.59035,-34.755402],[138.590819,-34.756795],[138.591405,-34.758513],[138.591763,-34.75956],[138.591805,-34.759682]]}},{"type":"Feature","properties":{"tier":"high"},"geometry":{"type":"LineString","coordinates":[[138.597183,-34.810356],[138.596964,-34.807202],[138.596604,-34.801934]]}},{"type":"Feature","properties":{"tier":"high"},"geometry":{"type":"LineString","coordinates":[[138.596776,-34.788424],[138.596669,-34.788456],[138.596624,-34.788466],[138.596581,-34.788479],[138.596545,-34.788494],[138.596508,-34.788513],[138.596473,-34.788536],[138.59641,-34.788593]]}},{"type":"Feature","properties":{"tier":"high"},"geometry":{"type":"LineString","coordinates":[[138.595887,-34.79974],[138.596082,-34.799661],[138.596169,-34.799633],[138.59627,-34.799588],[138.596299,-34.799571],[138.596327,-34.799549],[138.596354,-34.799519],[138.596394,-34.799456]]}},{"type":"Feature","properties":{"tier":"high"},"geometry":{"type":"LineString","coordinates":[[138.588958,-34.750174],[138.588845,-34.750339],[138.588812,-34.750388],[138.588793,-34.750432],[138.588783,-34.750486],[138.588781,-34.750532],[138.588779,-34.750589],[138.588772,-34.750712]]}},{"type":"Feature","properties":{"tier":"high"},"geometry":{"type":"LineString","coordinates":[[138.597275,-34.79393],[138.597118,-34.794057],[138.597038,-34.794121],[138.596983,-34.794164],[138.596952,-34.794195],[138.596917,-34.794243],[138.59688,-34.794297],[138.596839,-34.794388],[138.59675,-34.794579]]}},{"type":"Feature","properties":{"tier":"high"},"geometry":{"type":"LineString","coordinates":[[138.596392,-34.788375],[138.596334,-34.788353],[138.596303,-34.788331],[138.596274,-34.788306],[138.59625,-34.788276],[138.596219,-34.788232],[138.596182,-34.788182],[138.596162,-34.788152],[138.596125,-34.788104]]}},{"type":"Feature","properties":{"tier":"high"},"geometry":{"type":"LineString","coordinates":[[138.596419,-34.790668],[138.596405,-34.79053],[138.596234,-34.789084],[138.596164,-34.788441],[138.59616,-34.788407],[138.596125,-34.788104]]}},{"type":"Feature","properties":{"tier":"high"},"geometry":{"type":"LineString","coordinates":[[138.59487,-34.773545],[138.59488,-34.773654],[138.594934,-34.774131],[138.595528,-34.77986]]}},{"type":"Feature","properties":{"tier":"high"},"geometry":{"type":"LineString","coordinates":[[138.596347,-34.788026],[138.596379,-34.788267],[138.596392,-34.788375]]}},{"type":"Feature","properties":{"tier":"high"},"geometry":{"type":"LineString","coordinates":[[138.596347,-34.788026],[138.596453,-34.788136],[138.596539,-34.788256],[138.596637,-34.788312],[138.596723,-34.78836],[138.596776,-34.788424]]}},{"type":"Feature","properties":{"tier":"high"},"geometry":{"type":"LineString","coordinates":[[138.596535,-34.81252],[138.597103,-34.811883]]}},{"type":"Feature","properties":{"tier":"high"},"geometry":{"type":"LineString","coordinates":[[138.597832,-34.811062],[138.598108,-34.810746],[138.599211,-34.8095],[138.599725,-34.808927],[138.599939,-34.808643]]}},{"type":"Feature","properties":{"tier":"high"},"geometry":{"type":"LineString","coordinates":[[138.58839,-34.750233],[138.588263,-34.750057],[138.588217,-34.750006],[138.588177,-34.74998]]}},{"type":"Feature","properties":{"tier":"high"},"geometry":{"type":"LineString","coordinates":[[138.59487,-34.773545],[138.594914,-34.773631],[138.594957,-34.773693],[138.595005,-34.773757],[138.595071,-34.77381],[138.595364,-34.773984]]}},{"type":"Feature","properties":{"tier":"high"},"geometry":{"type":"LineString","coordinates":[[138.595528,-34.77986],[138.595489,-34.780035],[138.595469,-34.780072],[138.59545,-34.780097],[138.595426,-34.780118],[138.595358,-34.780143]]}},{"type":"Feature","properties":{"tier":"high"},"geometry":{"type":"LineString","coordinates":[[138.591805,-34.759682],[138.591796,-34.759887],[138.591782,-34.759937],[138.591768,-34.759978],[138.591743,-34.760013],[138.591702,-34.760044]]}},{"type":"Feature","properties":{"tier":"high"},"geometry":{"type":"LineString","coordinates":[[138.595109,-34.779328],[138.595146,-34.779127],[138.59516,-34.778955],[138.59517,-34.778689],[138.595119,-34.778106],[138.595159,-34.777954]]}},{"type":"Feature","properties":{"tier":"high"},"geometry":{"type":"LineString","coordinates":[[138.59026,-34.755136],[138.590296,-34.755402],[138.590298,-34.75546],[138.590298,-34.755503],[138.590296,-34.755541],[138.590282,-34.755569],[138.590261,-34.755592],[138.59024,-34.755606],[138.590204,-34.755618]]}},{"type":"Feature","properties":{"tier":"arterial"},"geometry":{"type":"LineString","coordinates":[[138.605921,-34.766698],[138.605903,-34.766737],[138.605871,-34.766769],[138.605829,-34.766791],[138.605781,-34.766803],[138.605731,-34.766801],[138.605683,-34.766788],[138.605643,-34.766763],[138.605614,-34.76673],[138.605598,-34.766691],[138.605598,-34.766649],[138.605613,-34.76661],[138.605641,-34.766576],[138.605685,-34.766549],[138.605737,-34.766535],[138.605792,-34.766536],[138.605843,-34.766552],[138.605885,-34.76658],[138.605912,-34.766616],[138.605924,-34.766656],[138.605921,-34.766698]]}},{"type":"Feature","properties":{"tier":"arterial"},"geometry":{"type":"LineString","coordinates":[[138.611019,-34.769854],[138.611194,-34.769943],[138.611231,-34.769961],[138.611303,-34.769989]]}},{"type":"Feature","properties":{"tier":"arterial"},"geometry":{"type":"LineString","coordinates":[[138.611758,-34.770285],[138.613124,-34.771115],[138.613827,-34.771542],[138.614681,-34.772062]]}},{"type":"Feature","properties":{"tier":"arterial"},"geometry":{"type":"LineString","coordinates":[[138.61142,-34.770057],[138.611475,-34.770118],[138.61151,-34.770141],[138.611522,-34.770148],[138.611619,-34.7702],[138.611758,-34.770285]]}},{"type":"Feature","properties":{"tier":"arterial"},"geometry":{"type":"LineString","coordinates":[[138.616656,-34.773281],[138.61654,-34.773242],[138.61648,-34.773221],[138.616397,-34.773197],[138.616207,-34.773149]]}},{"type":"Feature","properties":{"tier":"arterial"},"geometry":{"type":"LineString","coordinates":[[138.611219,-34.770059],[138.611172,-34.770004],[138.611144,-34.769974],[138.611098,-34.769933],[138.611019,-34.769854]]}},{"type":"Feature","properties":{"tier":"arterial"},"geometry":{"type":"LineString","coordinates":[[138.615644,-34.77264],[138.615851,-34.772729],[138.615894,-34.772743],[138.615914,-34.772749],[138.615978,-34.772764],[138.61609,-34.772787]]}},{"type":"Feature","properties":{"tier":"arterial"},"geometry":{"type":"LineString","coordinates":[[138.615929,-34.773],[138.615887,-34.772917],[138.615837,-34.772869],[138.615812,-34.772837],[138.615774,-34.772796],[138.615628,-34.772695]]}},{"type":"Feature","properties":{"tier":"arterial"},"geometry":{"type":"LineString","coordinates":[[138.616382,-34.772951],[138.616431,-34.773046],[138.616456,-34.773084],[138.616489,-34.773118],[138.616567,-34.77319],[138.616656,-34.773281]]}},{"type":"Feature","properties":{"tier":"regional"},"geometry":{"type":"LineString","coordinates":[[138.612893,-34.776794],[138.613229,-34.776423],[138.61332,-34.776318],[138.613363,-34.77627],[138.61347,-34.776147],[138.613539,-34.776046],[138.613605,-34.775949],[138.613664,-34.775853],[138.613758,-34.775697],[138.613829,-34.775569],[138.61388,-34.775491],[138.613953,-34.775391],[138.614034,-34.775292],[138.61418,-34.775125],[138.615002,-34.774209],[138.615209,-34.773975],[138.615241,-34.773939],[138.615421,-34.773736],[138.61564,-34.773495]]}},{"type":"Feature","properties":{"tier":"regional"},"geometry":{"type":"LineString","coordinates":[[138.616436,-34.772622],[138.616423,-34.772686],[138.616409,-34.772751],[138.616406,-34.772761],[138.616396,-34.7728],[138.616391,-34.772826],[138.616367,-34.772898]]}},{"type":"Feature","properties":{"tier":"regional"},"geometry":{"type":"LineString","coordinates":[[138.616135,-34.77278],[138.616215,-34.772746],[138.616257,-34.772725],[138.616302,-34.7727],[138.616343,-34.772676],[138.616436,-34.772622]]}},{"type":"Feature","properties":{"tier":"regional"},"geometry":{"type":"LineString","coordinates":[[138.616436,-34.772622],[138.616778,-34.772232],[138.616814,-34.77219],[138.617259,-34.771682],[138.618019,-34.770815],[138.619616,-34.769037]]}},{"type":"Feature","properties":{"tier":"regional"},"geometry":{"type":"LineString","coordinates":[[138.61564,-34.773495],[138.615691,-34.773408],[138.615798,-34.773284],[138.615839,-34.773233],[138.615859,-34.773202],[138.61587,-34.773184],[138.615886,-34.77316],[138.615905,-34.773117],[138.615939,-34.773029]]}},{"type":"Feature","properties":{"tier":"regional"},"geometry":{"type":"LineString","coordinates":[[138.616183,-34.773153],[138.616058,-34.77322],[138.616009,-34.773249],[138.615985,-34.773264],[138.615958,-34.773279],[138.615915,-34.77331],[138.615819,-34.773382],[138.615759,-34.773434],[138.615734,-34.773452],[138.61564,-34.773495]]}},{"type":"Feature","properties":{"tier":"arterial"},"geometry":{"type":"LineString","coordinates":[[138.611321,-34.770155],[138.6113,-34.770154],[138.61128,-34.770149],[138.611262,-34.77014],[138.611246,-34.770129],[138.611233,-34.770116]]}},{"type":"Feature","properties":{"tier":"arterial"},"geometry":{"type":"LineString","coordinates":[[138.616318,-34.773097],[138.616294,-34.773115],[138.616267,-34.77313],[138.616238,-34.773141],[138.616207,-34.773149],[138.616183,-34.773153],[138.616152,-34.773154],[138.616121,-34.773152],[138.616091,-34.773147],[138.616061,-34.773138],[138.616034,-34.773126],[138.616009,-34.773111],[138.615986,-34.773094],[138.615967,-34.773074],[138.615951,-34.773052],[138.615939,-34.773029],[138.615929,-34.773],[138.615926,-34.772978],[138.615926,-34.772955],[138.61593,-34.772932],[138.615937,-34.77291],[138.615947,-34.772888],[138.61596,-34.772868],[138.615976,-34.772849],[138.615995,-34.772832],[138.616016,-34.772818],[138.616039,-34.772805],[138.616064,-34.772795],[138.61609,-34.772787],[138.616112,-34.772782],[138.616135,-34.77278],[138.616164,-34.772779],[138.616193,-34.772782],[138.616222,-34.772788],[138.616249,-34.772796],[138.616275,-34.772807],[138.616299,-34.772821],[138.61632,-34.772838],[138.616339,-34.772856],[138.616354,-34.772877],[138.616367,-34.772898],[138.616377,-34.772924],[138.616382,-34.772951],[138.616382,-34.772978],[138.616378,-34.773004],[138.616369,-34.77303],[138.616356,-34.773054],[138.616339,-34.773077],[138.616318,-34.773097]]}},{"type":"Feature","properties":{"tier":"arterial"},"geometry":{"type":"LineString","coordinates":[[138.622601,-34.783502],[138.622501,-34.783452]]}},{"type":"Feature","properties":{"tier":"arterial"},"geometry":{"type":"LineString","coordinates":[[138.621431,-34.784648],[138.621528,-34.784704]]}},{"type":"Feature","properties":{"tier":"arterial"},"geometry":{"type":"LineString","coordinates":[[138.609381,-34.798099],[138.60956,-34.797985],[138.609791,-34.79773],[138.609823,-34.797703],[138.609862,-34.797691],[138.609914,-34.797683]]}},{"type":"Feature","properties":{"tier":"arterial"},"geometry":{"type":"LineString","coordinates":[[138.610144,-34.797428],[138.610107,-34.797585],[138.610099,-34.797615],[138.610093,-34.797644],[138.610086,-34.79768],[138.610089,-34.797704],[138.610109,-34.797751]]}},{"type":"Feature","properties":{"tier":"arterial"},"geometry":{"type":"LineString","coordinates":[[138.616914,-34.78986],[138.616818,-34.789804]]}},{"type":"Feature","properties":{"tier":"arterial"},"geometry":{"type":"LineString","coordinates":[[138.606543,-34.801277],[138.606704,-34.801345]]}},{"type":"Feature","properties":{"tier":"arterial"},"geometry":{"type":"LineString","coordinates":[[138.607023,-34.800979],[138.606961,-34.801191],[138.606948,-34.80124],[138.606941,-34.801282],[138.606935,-34.801324],[138.606937,-34.801349],[138.606947,-34.801403],[138.606976,-34.80146]]}},{"type":"Feature","properties":{"tier":"high"},"geometry":{"type":"LineString","coordinates":[[138.605927,-34.801975],[138.606006,-34.801749],[138.606175,-34.801529],[138.606203,-34.80149],[138.606214,-34.801456],[138.60622,-34.80141],[138.606222,-34.801377],[138.606217,-34.80133],[138.606204,-34.801278]]}},{"type":"Feature","properties":{"tier":"arterial"},"geometry":{"type":"LineString","coordinates":[[138.608494,-34.799272],[138.608388,-34.799317],[138.608073,-34.799681],[138.608039,-34.799706],[138.608005,-34.799728],[138.607966,-34.799743],[138.60789,-34.799768]]}},{"type":"Feature","properties":{"tier":"arterial"},"geometry":{"type":"LineString","coordinates":[[138.620009,-34.786236],[138.620119,-34.7863]]}},{"type":"Feature","properties":{"tier":"arterial"},"geometry":{"type":"LineString","coordinates":[[138.615517,-34.791263],[138.615613,-34.79132]]}},{"type":"Feature","properties":{"tier":"arterial"},"geometry":{"type":"LineString","coordinates":[[138.615056,-34.791943],[138.614959,-34.791884]]}},{"type":"Feature","properties":{"tier":"arterial"},"geometry":{"type":"LineString","coordinates":[[138.620997,-34.785299],[138.620899,-34.785242]]}},{"type":"Feature","properties":{"tier":"regional"},"geometry":{"type":"LineString","coordinates":[[138.620899,-34.785242],[138.620829,-34.785192],[138.620721,-34.785115],[138.62062,-34.785044],[138.620527,-34.784966],[138.62044,-34.784877],[138.620361,-34.784783],[138.620294,-34.784694],[138.620249,-34.784607],[138.620211,-34.78452],[138.620191,-34.784472]]}},{"type":"Feature","properties":{"tier":"arterial"},"geometry":{"type":"LineString","coordinates":[[138.617811,-34.788696],[138.617914,-34.788757]]}},{"type":"Feature","properties":{"tier":"arterial"},"geometry":{"type":"LineString","coordinates":[[138.624319,-34.781577],[138.624224,-34.781521]]}},{"type":"Feature","properties":{"tier":"arterial"},"geometry":{"type":"LineString","coordinates":[[138.613659,-34.793507],[138.613566,-34.793451]]}},{"type":"Feature","properties":{"tier":"arterial"},"geometry":{"type":"LineString","coordinates":[[138.611111,-34.796361],[138.611019,-34.7963]]}},{"type":"Feature","properties":{"tier":"regional"},"geometry":{"type":"LineString","coordinates":[[138.611019,-34.7963],[138.610938,-34.796251],[138.610777,-34.796154]]}},{"type":"Feature","properties":{"tier":"arterial"},"geometry":{"type":"LineString","coordinates":[[138.618412,-34.788024],[138.618472,-34.78796],[138.618567,-34.787854]]}},{"type":"Feature","properties":{"tier":"arterial"},"geometry":{"type":"LineString","coordinates":[[138.609914,-34.797683],[138.609904,-34.797634],[138.609901,-34.797593],[138.609911,-34.797516]]}},{"type":"Feature","properties":{"tier":"arterial"},"geometry":{"type":"LineString","coordinates":[[138.60789,-34.799768],[138.607893,-34.79983],[138.607893,-34.79987],[138.607885,-34.799912],[138.607844,-34.800048]]}},{"type":"Feature","properties":{"tier":"high"},"geometry":{"type":"LineString","coordinates":[[138.607172,-34.801705],[138.606931,-34.801652],[138.606801,-34.80163],[138.606671,-34.801624],[138.606604,-34.801628],[138.606532,-34.801644],[138.606396,-34.80169]]}},{"type":"Feature","properties":{"tier":"arterial"},"geometry":{"type":"LineString","coordinates":[[138.610193,-34.797893],[138.610072,-34.79785],[138.610005,-34.797827],[138.609963,-34.797819],[138.609914,-34.797815],[138.609859,-34.79782],[138.609771,-34.797841]]}},{"type":"Feature","properties":{"tier":"arterial"},"geometry":{"type":"LineString","coordinates":[[138.605874,-34.801018],[138.6062,-34.801042],[138.606419,-34.801089],[138.606493,-34.801104],[138.606529,-34.801106],[138.606589,-34.801101],[138.606754,-34.80104]]}},{"type":"Feature","properties":{"tier":"regional"},"geometry":{"type":"LineString","coordinates":[[138.618518,-34.788091],[138.618412,-34.788024]]}},{"type":"Feature","properties":{"tier":"regional"},"geometry":{"type":"LineString","coordinates":[[138.61439,-34.785561],[138.614445,-34.785604],[138.614497,-34.78564],[138.614646,-34.785733],[138.615005,-34.785952],[138.61522,-34.786082],[138.615364,-34.78617],[138.615654,-34.786347],[138.616556,-34.786894],[138.616624,-34.786935]]}},{"type":"Feature","properties":{"tier":"arterial"},"geometry":{"type":"LineString","coordinates":[[138.611648,-34.795595],[138.611746,-34.795649]]}},{"type":"Feature","properties":{"tier":"high"},"geometry":{"type":"LineString","coordinates":[[138.601926,-34.806649],[138.601821,-34.806573]]}},{"type":"Feature","properties":{"tier":"high"},"geometry":{"type":"LineString","coordinates":[[138.603685,-34.805247],[138.603455,-34.80517],[138.603407,-34.80516],[138.603357,-34.805154],[138.603305,-34.805158],[138.603223,-34.805185]]}},{"type":"Feature","properties":{"tier":"high"},"geometry":{"type":"LineString","coordinates":[[138.603647,-34.804708],[138.603602,-34.804847],[138.603579,-34.804908],[138.603566,-34.804955],[138.60356,-34.804995],[138.603562,-34.805025],[138.603582,-34.805101]]}},{"type":"Feature","properties":{"tier":"arterial"},"geometry":{"type":"LineString","coordinates":[[138.614262,-34.804478],[138.614624,-34.804656],[138.61471,-34.804692]]}},{"type":"Feature","properties":{"tier":"arterial"},"geometry":{"type":"LineString","coordinates":[[138.613619,-34.804108],[138.614262,-34.804478]]}},{"type":"Feature","properties":{"tier":"high"},"geometry":{"type":"LineString","coordinates":[[138.600717,-34.808012],[138.600425,-34.808445],[138.600239,-34.808687],[138.600112,-34.80889]]}},{"type":"Feature","properties":{"tier":"arterial"},"geometry":{"type":"LineString","coordinates":[[138.599764,-34.755859],[138.599704,-34.755904],[138.599666,-34.755938],[138.599646,-34.755961],[138.599489,-34.756167],[138.599327,-34.756355],[138.598663,-34.757094]]}},{"type":"Feature","properties":{"tier":"arterial"},"geometry":{"type":"LineString","coordinates":[[138.603093,-34.752132],[138.603046,-34.752167],[138.603015,-34.752194],[138.602949,-34.752287],[138.602943,-34.752296],[138.602446,-34.752899],[138.601797,-34.753616],[138.601675,-34.753752]]}},{"type":"Feature","properties":{"tier":"arterial"},"geometry":{"type":"LineString","coordinates":[[138.603163,-34.75188],[138.603261,-34.751831],[138.603287,-34.751812],[138.603326,-34.751786],[138.603399,-34.751723],[138.603764,-34.751319],[138.604389,-34.750629]]}},{"type":"Feature","properties":{"tier":"arterial"},"geometry":{"type":"LineString","coordinates":[[138.601145,-34.754179],[138.601592,-34.753702]]}},{"type":"Feature","properties":{"tier":"regional"},"geometry":{"type":"LineString","coordinates":[[138.607189,-34.754497],[138.607083,-34.754426],[138.60682,-34.754263],[138.60608,-34.753812],[138.605782,-34.753639],[138.605404,-34.753399],[138.605077,-34.753207],[138.604904,-34.753099],[138.604696,-34.75297],[138.604393,-34.752792],[138.604083,-34.752593],[138.603613,-34.752309],[138.603436,-34.752201]]}},{"type":"Feature","properties":{"tier":"regional"},"geometry":{"type":"LineString","coordinates":[[138.619901,-34.762194],[138.619736,-34.762112]]}},{"type":"Feature","properties":{"tier":"regional"},"geometry":{"type":"LineString","coordinates":[[138.619432,-34.761958],[138.619332,-34.761896],[138.619276,-34.761861],[138.619244,-34.761829]]}},{"type":"Feature","properties":{"tier":"regional"},"geometry":{"type":"LineString","coordinates":[[138.613677,-34.75842],[138.613576,-34.758375],[138.613511,-34.758348],[138.613439,-34.758318]]}},{"type":"Feature","properties":{"tier":"regional"},"geometry":{"type":"LineString","coordinates":[[138.607549,-34.754718],[138.607457,-34.754691],[138.607412,-34.754686]]}},{"type":"Feature","properties":{"tier":"regional"},"geometry":{"type":"LineString","coordinates":[[138.607459,-34.754625],[138.607488,-34.754649],[138.607549,-34.754718]]}},{"type":"Feature","properties":{"tier":"regional"},"geometry":{"type":"LineString","coordinates":[[138.607189,-34.754497],[138.607304,-34.754541],[138.607346,-34.754561]]}},{"type":"Feature","properties":{"tier":"regional"},"geometry":{"type":"LineString","coordinates":[[138.613483,-34.758263],[138.613541,-34.758308],[138.6136,-34.758353],[138.613677,-34.75842]]}},{"type":"Feature","properties":{"tier":"regional"},"geometry":{"type":"LineString","coordinates":[[138.607293,-34.754625],[138.607263,-34.754578],[138.607189,-34.754497]]}},{"type":"Feature","properties":{"tier":"regional"},"geometry":{"type":"LineString","coordinates":[[138.622907,-34.764999],[138.623032,-34.765091],[138.623058,-34.765104],[138.623073,-34.765111],[138.623154,-34.765147]]}},{"type":"Feature","properties":{"tier":"regional"},"geometry":{"type":"LineString","coordinates":[[138.619244,-34.761829],[138.61903,-34.761693],[138.618207,-34.76117],[138.617525,-34.760757],[138.616339,-34.760037],[138.615963,-34.759816]]}},{"type":"Feature","properties":{"tier":"regional"},"geometry":{"type":"LineString","coordinates":[[138.619244,-34.761829],[138.619297,-34.76184],[138.619386,-34.761867],[138.619487,-34.761894]]}},{"type":"Feature","properties":{"tier":"regional"},"geometry":{"type":"LineString","coordinates":[[138.623075,-34.765252],[138.623024,-34.765192],[138.623005,-34.765158],[138.622988,-34.765129],[138.622907,-34.764999]]}},{"type":"Feature","properties":{"tier":"regional"},"geometry":{"type":"LineString","coordinates":[[138.603284,-34.752028],[138.60332,-34.752085],[138.60335,-34.752123],[138.603436,-34.752201]]}},{"type":"Feature","properties":{"tier":"regional"},"geometry":{"type":"LineString","coordinates":[[138.619736,-34.762112],[138.619676,-34.762093],[138.619606,-34.762056],[138.619559,-34.76204],[138.619515,-34.762025]]}},{"type":"Feature","properties":{"tier":"regional"},"geometry":{"type":"LineString","coordinates":[[138.6133,-34.758254],[138.613259,-34.758215],[138.613223,-34.758185],[138.613078,-34.758088],[138.613006,-34.758023]]}},{"type":"Feature","properties":{"tier":"regional"},"geometry":{"type":"LineString","coordinates":[[138.603436,-34.752201],[138.603327,-34.752164],[138.603292,-34.752152],[138.60325,-34.752139],[138.603195,-34.752124]]}},{"type":"Feature","properties":{"tier":"regional"},"geometry":{"type":"LineString","coordinates":[[138.619597,-34.761964],[138.61963,-34.762],[138.619664,-34.762029],[138.619708,-34.762066],[138.619736,-34.762112]]}},{"type":"Feature","properties":{"tier":"regional"},"geometry":{"type":"LineString","coordinates":[[138.623729,-34.765401],[138.623567,-34.765411],[138.623529,-34.765411],[138.623495,-34.765404],[138.623469,-34.765398],[138.623295,-34.765354]]}},{"type":"Feature","properties":{"tier":"regional"},"geometry":{"type":"LineString","coordinates":[[138.613006,-34.758023],[138.613101,-34.758057],[138.61321,-34.758114],[138.613293,-34.758161],[138.613317,-34.758173],[138.613356,-34.758185]]}},{"type":"Feature","properties":{"tier":"regional"},"geometry":{"type":"LineString","coordinates":[[138.623363,-34.765252],[138.623408,-34.765305],[138.623442,-34.765326],[138.623483,-34.765342],[138.623572,-34.765366],[138.623729,-34.765401]]}},{"type":"Feature","properties":{"tier":"regional"},"geometry":{"type":"LineString","coordinates":[[138.613006,-34.758023],[138.612654,-34.75781],[138.612068,-34.757453],[138.611228,-34.756943],[138.611101,-34.756867],[138.610738,-34.756646],[138.610413,-34.756448],[138.610342,-34.756405]]}},{"type":"Feature","properties":{"tier":"regional"},"geometry":{"type":"LineString","coordinates":[[138.62502,-34.765477],[138.624914,-34.765456],[138.624845,-34.765442]]}},{"type":"Feature","properties":{"tier":"regional"},"geometry":{"type":"LineString","coordinates":[[138.612893,-34.776794],[138.61282,-34.776919],[138.612641,-34.777125],[138.612473,-34.777335]]}},{"type":"Feature","properties":{"tier":"regional"},"geometry":{"type":"LineString","coordinates":[[138.620331,-34.760983],[138.620267,-34.761022],[138.620213,-34.761061],[138.620154,-34.76111],[138.620108,-34.761155],[138.620071,-34.761194],[138.620041,-34.761229],[138.620002,-34.761284],[138.619942,-34.761384],[138.619877,-34.761494],[138.619744,-34.761685],[138.619701,-34.761752]]}},{"type":"Feature","properties":{"tier":"regional"},"geometry":{"type":"LineString","coordinates":[[138.60187,-34.788866],[138.602022,-34.788694],[138.602227,-34.788464],[138.60312,-34.787469],[138.603559,-34.786977],[138.603676,-34.786846],[138.603957,-34.786532],[138.60404,-34.786439],[138.604505,-34.78592]]}},{"type":"Feature","properties":{"tier":"regional"},"geometry":{"type":"LineString","coordinates":[[138.619616,-34.769037],[138.619735,-34.768879],[138.619795,-34.768824],[138.619913,-34.768741],[138.620024,-34.768675],[138.620041,-34.768667]]}},{"type":"Feature","properties":{"tier":"regional"},"geometry":{"type":"LineString","coordinates":[[138.608392,-34.781573],[138.608786,-34.781137],[138.608837,-34.781087],[138.608943,-34.780994],[138.60915,-34.780836],[138.609205,-34.780795]]}},{"type":"Feature","properties":{"tier":"regional"},"geometry":{"type":"LineString","coordinates":[[138.620936,-34.768133],[138.620889,-34.768168],[138.620833,-34.768212],[138.620787,-34.768253],[138.620746,-34.7683],[138.6207,-34.768353],[138.62065,-34.768399],[138.620553,-34.76848],[138.620475,-34.768533],[138.620407,-34.768572],[138.62034,-34.768606],[138.62021,-34.768662],[138.620092,-34.768706],[138.620074,-34.768715]]}},{"type":"Feature","properties":{"tier":"regional"},"geometry":{"type":"LineString","coordinates":[[138.62502,-34.759955],[138.624645,-34.760014],[138.62454,-34.760033],[138.624437,-34.760059],[138.624345,-34.760082],[138.624243,-34.760112],[138.62413,-34.760151],[138.624015,-34.760187],[138.623942,-34.760206],[138.623838,-34.760232],[138.623717,-34.760255],[138.623382,-34.760314],[138.622738,-34.760424],[138.622607,-34.760449],[138.622502,-34.760471],[138.622387,-34.760503],[138.622329,-34.760524]]}},{"type":"Feature","properties":{"tier":"regional"},"geometry":{"type":"LineString","coordinates":[[138.620652,-34.760803],[138.620736,-34.760791],[138.620806,-34.760784]]}},{"type":"Feature","properties":{"tier":"regional"},"geometry":{"type":"LineString","coordinates":[[138.608204,-34.781708],[138.608266,-34.781672],[138.608275,-34.781666],[138.608392,-34.781573]]}},{"type":"Feature","properties":{"tier":"regional"},"geometry":{"type":"LineString","coordinates":[[138.620806,-34.760784],[138.62076,-34.760815],[138.620694,-34.760866]]}},{"type":"Feature","properties":{"tier":"regional"},"geometry":{"type":"LineString","coordinates":[[138.607898,-34.781612],[138.608092,-34.781689],[138.608161,-34.781715]]}},{"type":"Feature","properties":{"tier":"regional"},"geometry":{"type":"LineString","coordinates":[[138.622845,-34.765782],[138.622997,-34.765548],[138.623047,-34.765437],[138.623051,-34.765429],[138.623095,-34.765315]]}},{"type":"Feature","properties":{"tier":"regional"},"geometry":{"type":"LineString","coordinates":[[138.608392,-34.781573],[138.608327,-34.781693],[138.608312,-34.781722],[138.608294,-34.781755]]}},{"type":"Feature","properties":{"tier":"regional"},"geometry":{"type":"LineString","coordinates":[[138.619515,-34.76189],[138.619603,-34.761815],[138.619638,-34.761785],[138.619701,-34.761752]]}},{"type":"Feature","properties":{"tier":"regional"},"geometry":{"type":"LineString","coordinates":[[138.620331,-34.760983],[138.620406,-34.760922],[138.620433,-34.760902],[138.620453,-34.760886],[138.620504,-34.760849]]}},{"type":"Feature","properties":{"tier":"regional"},"geometry":{"type":"LineString","coordinates":[[138.620546,-34.760931],[138.620477,-34.760943],[138.620449,-34.760949],[138.620426,-34.760954],[138.620331,-34.760983]]}},{"type":"Feature","properties":{"tier":"regional"},"geometry":{"type":"LineString","coordinates":[[138.607943,-34.782069],[138.608042,-34.78193],[138.608066,-34.781892],[138.608072,-34.781882],[138.608091,-34.781852],[138.60811,-34.781823]]}},{"type":"Feature","properties":{"tier":"regional"},"geometry":{"type":"LineString","coordinates":[[138.608102,-34.781791],[138.60807,-34.781754],[138.608053,-34.781734],[138.608034,-34.781713],[138.607898,-34.781612]]}},{"type":"Feature","properties":{"tier":"regional"},"geometry":{"type":"LineString","coordinates":[[138.619701,-34.761752],[138.619678,-34.761804],[138.619645,-34.761838],[138.619626,-34.761868],[138.61959,-34.761931]]}},{"type":"Feature","properties":{"tier":"regional"},"geometry":{"type":"LineString","coordinates":[[138.608204,-34.781875],[138.608156,-34.781902],[138.608127,-34.781916],[138.608119,-34.78192],[138.60809,-34.781938],[138.607943,-34.782069]]}},{"type":"Feature","properties":{"tier":"regional"},"geometry":{"type":"LineString","coordinates":[[138.600575,-34.790246],[138.600711,-34.790119],[138.600932,-34.789912]]}},{"type":"Feature","properties":{"tier":"regional"},"geometry":{"type":"LineString","coordinates":[[138.600575,-34.790412],[138.600239,-34.790718]]}},{"type":"Feature","properties":{"tier":"regional"},"geometry":{"type":"LineString","coordinates":[[138.600932,-34.789912],[138.600775,-34.790154],[138.600673,-34.790311]]}},{"type":"Feature","properties":{"tier":"regional"},"geometry":{"type":"LineString","coordinates":[[138.600239,-34.790718],[138.600481,-34.790357]]}},{"type":"Feature","properties":{"tier":"regional"},"geometry":{"type":"LineString","coordinates":[[138.611956,-34.777901],[138.61214,-34.777684],[138.612211,-34.7776],[138.612266,-34.777521],[138.612276,-34.777507],[138.612375,-34.77737]]}},{"type":"Feature","properties":{"tier":"regional"},"geometry":{"type":"LineString","coordinates":[[138.600257,-34.790086],[138.60056,-34.790248]]}},{"type":"Feature","properties":{"tier":"regional"},"geometry":{"type":"LineString","coordinates":[[138.600675,-34.790321],[138.600851,-34.790512],[138.600911,-34.790577]]}},{"type":"Feature","properties":{"tier":"regional"},"geometry":{"type":"LineString","coordinates":[[138.600475,-34.790338],[138.600257,-34.790086]]}},{"type":"Feature","properties":{"tier":"regional"},"geometry":{"type":"LineString","coordinates":[[138.600911,-34.790577],[138.600831,-34.790535],[138.600587,-34.790411]]}},{"type":"Feature","properties":{"tier":"arterial"},"geometry":{"type":"LineString","coordinates":[[138.618133,-34.787853],[138.618392,-34.787877],[138.618487,-34.78787],[138.618567,-34.787854]]}},{"type":"Feature","properties":{"tier":"regional"},"geometry":{"type":"LineString","coordinates":[[138.602158,-34.778114],[138.602313,-34.778182],[138.602352,-34.778195],[138.602389,-34.778205],[138.602425,-34.778216],[138.602455,-34.77823],[138.602464,-34.778236],[138.602486,-34.778252],[138.602513,-34.778273],[138.602557,-34.778318],[138.602586,-34.778346],[138.60262,-34.778371],[138.602718,-34.778453]]}},{"type":"Feature","properties":{"tier":"regional"},"geometry":{"type":"LineString","coordinates":[[138.604934,-34.779805],[138.605052,-34.779857],[138.60511,-34.77988],[138.605165,-34.779896],[138.605222,-34.779914],[138.605283,-34.779933]]}},{"type":"Feature","properties":{"tier":"regional"},"geometry":{"type":"LineString","coordinates":[[138.605576,-34.780187],[138.605442,-34.780128],[138.605388,-34.780099],[138.605363,-34.780083],[138.605341,-34.780061],[138.605313,-34.780035],[138.605281,-34.780006],[138.605254,-34.779984],[138.605244,-34.779978]]}},{"type":"Feature","properties":{"tier":"regional"},"geometry":{"type":"LineString","coordinates":[[138.602718,-34.778453],[138.602633,-34.778422],[138.60261,-34.778412],[138.602585,-34.778399],[138.602568,-34.77839],[138.602524,-34.778354],[138.602474,-34.778303],[138.602444,-34.778276],[138.602435,-34.778269],[138.602423,-34.778261],[138.6024,-34.778247],[138.602357,-34.778232],[138.602289,-34.778211],[138.602254,-34.778197],[138.60222,-34.778177],[138.602158,-34.778114]]}},{"type":"Feature","properties":{"tier":"regional"},"geometry":{"type":"LineString","coordinates":[[138.608303,-34.781809],[138.608356,-34.781852],[138.608452,-34.781923]]}},{"type":"Feature","properties":{"tier":"regional"},"geometry":{"type":"LineString","coordinates":[[138.611541,-34.783897],[138.611495,-34.783863],[138.611434,-34.783818],[138.611406,-34.783776]]}},{"type":"Feature","properties":{"tier":"regional"},"geometry":{"type":"LineString","coordinates":[[138.611903,-34.784065],[138.611788,-34.784027],[138.611755,-34.784014],[138.611689,-34.783982]]}},{"type":"Feature","properties":{"tier":"regional"},"geometry":{"type":"LineString","coordinates":[[138.608452,-34.781923],[138.608326,-34.781892],[138.608304,-34.781886],[138.608246,-34.781867]]}},{"type":"Feature","properties":{"tier":"regional"},"geometry":{"type":"LineString","coordinates":[[138.61439,-34.785561],[138.614343,-34.785542],[138.614335,-34.785539],[138.6143,-34.785525],[138.614249,-34.785507]]}},{"type":"Feature","properties":{"tier":"regional"},"geometry":{"type":"LineString","coordinates":[[138.614298,-34.785454],[138.614335,-34.785497],[138.614355,-34.785517],[138.61439,-34.785561]]}},{"type":"Feature","properties":{"tier":"regional"},"geometry":{"type":"LineString","coordinates":[[138.611406,-34.783776],[138.611454,-34.783794],[138.611503,-34.783816],[138.611576,-34.783856]]}},{"type":"Feature","properties":{"tier":"regional"},"geometry":{"type":"LineString","coordinates":[[138.611724,-34.783937],[138.611766,-34.783969],[138.611811,-34.783998],[138.611903,-34.784065]]}},{"type":"Feature","properties":{"tier":"regional"},"geometry":{"type":"LineString","coordinates":[[138.611903,-34.784065],[138.612119,-34.784197],[138.612243,-34.784274],[138.612968,-34.784714],[138.613778,-34.785199],[138.614062,-34.785365]]}},{"type":"Feature","properties":{"tier":"regional"},"geometry":{"type":"LineString","coordinates":[[138.61415,-34.785447],[138.614109,-34.785406],[138.614062,-34.785365]]}},{"type":"Feature","properties":{"tier":"regional"},"geometry":{"type":"LineString","coordinates":[[138.602718,-34.778453],[138.602741,-34.778468],[138.602807,-34.778508],[138.602928,-34.778581],[138.604426,-34.779484],[138.604934,-34.779805]]}},{"type":"Feature","properties":{"tier":"regional"},"geometry":{"type":"LineString","coordinates":[[138.608452,-34.781923],[138.608828,-34.782157],[138.609508,-34.782583],[138.609883,-34.782817],[138.610199,-34.783015],[138.610282,-34.783067],[138.61036,-34.783116],[138.610516,-34.783213],[138.610661,-34.783304]]}},{"type":"Feature","properties":{"tier":"regional"},"geometry":{"type":"LineString","coordinates":[[138.613403,-34.75818],[138.61345,-34.758146],[138.61354,-34.758082]]}},{"type":"Feature","properties":{"tier":"regional"},"geometry":{"type":"LineString","coordinates":[[138.61354,-34.758082],[138.613491,-34.758167],[138.613465,-34.758211]]}},{"type":"Feature","properties":{"tier":"regional"},"geometry":{"type":"LineString","coordinates":[[138.608189,-34.764099],[138.608154,-34.764178],[138.608142,-34.764204],[138.608104,-34.764265]]}},{"type":"Feature","properties":{"tier":"regional"},"geometry":{"type":"LineString","coordinates":[[138.613375,-34.758327],[138.61333,-34.758353],[138.613257,-34.758403]]}},{"type":"Feature","properties":{"tier":"regional"},"geometry":{"type":"LineString","coordinates":[[138.613257,-34.758403],[138.613289,-34.758343],[138.613313,-34.75829]]}},{"type":"Feature","properties":{"tier":"regional"},"geometry":{"type":"LineString","coordinates":[[138.608033,-34.764221],[138.608091,-34.764185],[138.60812,-34.764159],[138.608189,-34.764099]]}},{"type":"Feature","properties":{"tier":"regional"},"geometry":{"type":"LineString","coordinates":[[138.607828,-34.764522],[138.607864,-34.76444],[138.607886,-34.764411],[138.607909,-34.764382],[138.607943,-34.764339]]}},{"type":"Feature","properties":{"tier":"regional"},"geometry":{"type":"LineString","coordinates":[[138.608005,-34.764372],[138.607957,-34.764416],[138.607933,-34.764439],[138.607915,-34.764457],[138.607828,-34.764522]]}},{"type":"Feature","properties":{"tier":"regional"},"geometry":{"type":"LineString","coordinates":[[138.617285,-34.753908],[138.616892,-34.754347],[138.61677,-34.754483],[138.616475,-34.754806],[138.616074,-34.755251],[138.61527,-34.756153],[138.615154,-34.756273],[138.614522,-34.756985],[138.614359,-34.757168],[138.613739,-34.757868],[138.61354,-34.758082]]}},{"type":"Feature","properties":{"tier":"regional"},"geometry":{"type":"LineString","coordinates":[[138.623161,-34.767522],[138.623082,-34.767531],[138.622929,-34.767574],[138.622819,-34.767615],[138.622251,-34.767837]]}},{"type":"Feature","properties":{"tier":"regional"},"geometry":{"type":"LineString","coordinates":[[138.621089,-34.768007],[138.621158,-34.768047],[138.621184,-34.76806],[138.62122,-34.768077],[138.621297,-34.768095],[138.621354,-34.768097],[138.621414,-34.768091],[138.621456,-34.768087],[138.621502,-34.768077],[138.621707,-34.767992]]}},{"type":"Feature","properties":{"tier":"regional"},"geometry":{"type":"LineString","coordinates":[[138.623303,-34.767334],[138.623393,-34.767333],[138.623495,-34.767319],[138.623554,-34.767311]]}},{"type":"Feature","properties":{"tier":"arterial"},"geometry":{"type":"LineString","coordinates":[[138.599726,-34.755732],[138.599764,-34.755724],[138.599774,-34.755726]]}},{"type":"Feature","properties":{"tier":"arterial"},"geometry":{"type":"LineString","coordinates":[[138.596192,-34.759854],[138.59619,-34.759867],[138.59617,-34.759893],[138.596146,-34.759905]]}},{"type":"Feature","properties":{"tier":"regional"},"geometry":{"type":"LineString","coordinates":[[138.607977,-34.764226],[138.608009,-34.764219],[138.608018,-34.764218],[138.608033,-34.764221]]}},{"type":"Feature","properties":{"tier":"regional"},"geometry":{"type":"LineString","coordinates":[[138.611576,-34.783856],[138.611593,-34.783847],[138.611632,-34.78384],[138.611665,-34.783844],[138.611693,-34.783857],[138.6117,-34.783863],[138.611719,-34.783885],[138.611729,-34.783918],[138.611724,-34.783937],[138.611721,-34.78395],[138.611701,-34.783974],[138.611689,-34.783982]]}},{"type":"Feature","properties":{"tier":"regional"},"geometry":{"type":"LineString","coordinates":[[138.620687,-34.760895],[138.620666,-34.760922],[138.620651,-34.760932],[138.620622,-34.760943],[138.620597,-34.760945],[138.620556,-34.760937],[138.620546,-34.760931]]}},{"type":"Feature","properties":{"tier":"regional"},"geometry":{"type":"LineString","coordinates":[[138.613313,-34.75829],[138.613307,-34.758282],[138.6133,-34.758254]]}},{"type":"Feature","properties":{"tier":"regional"},"geometry":{"type":"LineString","coordinates":[[138.623363,-34.765252],[138.623356,-34.76529],[138.62334,-34.765317],[138.623321,-34.765336],[138.623295,-34.765354]]}},{"type":"Feature","properties":{"tier":"regional"},"geometry":{"type":"LineString","coordinates":[[138.623373,-34.767456],[138.623364,-34.767479],[138.623349,-34.767499],[138.623337,-34.767511],[138.62331,-34.767528],[138.623275,-34.76754],[138.623239,-34.767544],[138.623213,-34.767541],[138.623188,-34.767535],[138.623161,-34.767522],[138.623139,-34.767506],[138.623122,-34.767487],[138.623111,-34.767465],[138.623106,-34.767441],[138.623107,-34.767418],[138.62311,-34.767405],[138.623124,-34.767376],[138.623143,-34.767356],[138.623166,-34.767339],[138.623204,-34.767325],[138.62324,-34.767321],[138.623249,-34.767321],[138.623275,-34.767325],[138.623303,-34.767334],[138.623332,-34.76735],[138.623355,-34.767373],[138.62337,-34.767399],[138.623376,-34.767427],[138.623373,-34.767456]]}},{"type":"Feature","properties":{"tier":"regional"},"geometry":{"type":"LineString","coordinates":[[138.621044,-34.768096],[138.621008,-34.768118],[138.620964,-34.76813],[138.620936,-34.768133],[138.620898,-34.768129],[138.62085,-34.768111],[138.620827,-34.768096],[138.620803,-34.76807],[138.620791,-34.768045],[138.620786,-34.768033],[138.620782,-34.768007],[138.62079,-34.767966],[138.62081,-34.767934],[138.620827,-34.767917],[138.620858,-34.767898],[138.620899,-34.767884],[138.620919,-34.767882],[138.620936,-34.76788],[138.620986,-34.767887],[138.621029,-34.767906],[138.621044,-34.767917],[138.621066,-34.76794],[138.621077,-34.767962],[138.621084,-34.767977],[138.621086,-34.767981],[138.621089,-34.768007],[138.621083,-34.76804],[138.621062,-34.768078],[138.621044,-34.768096]]}},{"type":"Feature","properties":{"tier":"regional"},"geometry":{"type":"LineString","coordinates":[[138.608294,-34.781755],[138.608302,-34.781769],[138.608306,-34.781791],[138.608303,-34.781809]]}},{"type":"Feature","properties":{"tier":"regional"},"geometry":{"type":"LineString","coordinates":[[138.614298,-34.785454],[138.614298,-34.785462],[138.61429,-34.785479],[138.614281,-34.785489],[138.614267,-34.7855],[138.614249,-34.785507]]}},{"type":"Feature","properties":{"tier":"regional"},"geometry":{"type":"LineString","coordinates":[[138.600475,-34.790338],[138.600474,-34.790329],[138.600476,-34.790312],[138.600483,-34.790294],[138.600503,-34.79027],[138.600519,-34.79026],[138.600548,-34.790249],[138.60056,-34.790248]]}},{"type":"Feature","properties":{"tier":"arterial"},"geometry":{"type":"LineString","coordinates":[[138.603195,-34.752124],[138.603162,-34.752133],[138.603128,-34.752136],[138.603093,-34.752132]]}},{"type":"Feature","properties":{"tier":"regional"},"geometry":{"type":"LineString","coordinates":[[138.613165,-34.811076],[138.612342,-34.811065]]}},{"type":"Feature","properties":{"tier":"regional"},"geometry":{"type":"LineString","coordinates":[[138.613165,-34.811076],[138.613777,-34.811085],[138.614303,-34.811092],[138.614451,-34.811094]]}},{"type":"Feature","properties":{"tier":"regional"},"geometry":{"type":"LineString","coordinates":[[138.612342,-34.811065],[138.612144,-34.811063],[138.612077,-34.811062],[138.611436,-34.811055]]}},{"type":"Feature","properties":{"tier":"regional"},"geometry":{"type":"LineString","coordinates":[[138.609276,-34.811515],[138.608812,-34.812035]]}},{"type":"Feature","properties":{"tier":"regional"},"geometry":{"type":"LineString","coordinates":[[138.619442,-34.782581],[138.619338,-34.782508],[138.619218,-34.782434],[138.619097,-34.782365],[138.619001,-34.782312],[138.618892,-34.782264],[138.61875,-34.782204],[138.618513,-34.782137],[138.618203,-34.782058],[138.617797,-34.781941],[138.617562,-34.781873],[138.617414,-34.781806]]}},{"type":"Feature","properties":{"tier":"regional"},"geometry":{"type":"LineString","coordinates":[[138.615263,-34.778403],[138.615277,-34.778266],[138.615302,-34.778138],[138.615348,-34.777988],[138.615397,-34.777859],[138.615452,-34.777737],[138.615545,-34.777576],[138.61564,-34.777443],[138.615745,-34.777315],[138.615871,-34.777189],[138.615975,-34.777097],[138.616008,-34.777067],[138.616183,-34.776946],[138.616363,-34.776839],[138.616519,-34.776759],[138.616652,-34.776708]]}},{"type":"Feature","properties":{"tier":"regional"},"geometry":{"type":"LineString","coordinates":[[138.617869,-34.776374],[138.617951,-34.776341],[138.618035,-34.776304],[138.618131,-34.776258],[138.618166,-34.776239]]}},{"type":"Feature","properties":{"tier":"regional"},"geometry":{"type":"LineString","coordinates":[[138.616907,-34.781522],[138.616784,-34.781444]]}},{"type":"Feature","properties":{"tier":"regional"},"geometry":{"type":"LineString","coordinates":[[138.617576,-34.776515],[138.617432,-34.776508]]}},{"type":"Feature","properties":{"tier":"regional"},"geometry":{"type":"LineString","coordinates":[[138.61774,-34.77638],[138.617869,-34.776374]]}},{"type":"Feature","properties":{"tier":"regional"},"geometry":{"type":"LineString","coordinates":[[138.617432,-34.776508],[138.617543,-34.776447]]}},{"type":"Feature","properties":{"tier":"regional"},"geometry":{"type":"LineString","coordinates":[[138.615271,-34.778844],[138.615207,-34.778723]]}},{"type":"Feature","properties":{"tier":"regional"},"geometry":{"type":"LineString","coordinates":[[138.617869,-34.776374],[138.617776,-34.776447]]}},{"type":"Feature","properties":{"tier":"regional"},"geometry":{"type":"LineString","coordinates":[[138.616993,-34.781653],[138.616954,-34.781588],[138.616907,-34.781522]]}},{"type":"Feature","properties":{"tier":"regional"},"geometry":{"type":"LineString","coordinates":[[138.615324,-34.778699],[138.615302,-34.778752],[138.615271,-34.778844]]}},{"type":"Feature","properties":{"tier":"regional"},"geometry":{"type":"LineString","coordinates":[[138.616907,-34.781522],[138.617011,-34.781569],[138.617056,-34.781587]]}},{"type":"Feature","properties":{"tier":"regional"},"geometry":{"type":"LineString","coordinates":[[138.615263,-34.778403],[138.615284,-34.778473],[138.615304,-34.778551]]}},{"type":"Feature","properties":{"tier":"regional"},"geometry":{"type":"LineString","coordinates":[[138.617219,-34.781673],[138.617321,-34.781742],[138.617414,-34.781806]]}},{"type":"Feature","properties":{"tier":"regional"},"geometry":{"type":"LineString","coordinates":[[138.615194,-34.778545],[138.615235,-34.778473],[138.615263,-34.778403]]}},{"type":"Feature","properties":{"tier":"regional"},"geometry":{"type":"LineString","coordinates":[[138.617414,-34.781806],[138.617325,-34.781787],[138.61725,-34.781762],[138.617169,-34.78175]]}},{"type":"Feature","properties":{"tier":"regional"},"geometry":{"type":"LineString","coordinates":[[138.614945,-34.778631],[138.614428,-34.778653],[138.614372,-34.778656],[138.614183,-34.778671],[138.613689,-34.778723],[138.613641,-34.778728],[138.613156,-34.778789],[138.612926,-34.778802],[138.612766,-34.778796],[138.612609,-34.77878],[138.6125,-34.778762],[138.612357,-34.77873],[138.612231,-34.778693],[138.61213,-34.778657],[138.612072,-34.778632],[138.612006,-34.778604],[138.611912,-34.778557],[138.61153,-34.778325]]}},{"type":"Feature","properties":{"tier":"regional"},"geometry":{"type":"LineString","coordinates":[[138.614945,-34.778631],[138.615048,-34.778603],[138.615143,-34.77858]]}},{"type":"Feature","properties":{"tier":"regional"},"geometry":{"type":"LineString","coordinates":[[138.615143,-34.778684],[138.615044,-34.778651],[138.614945,-34.778631]]}},{"type":"Feature","properties":{"tier":"regional"},"geometry":{"type":"LineString","coordinates":[[138.619579,-34.782642],[138.619571,-34.78266],[138.619557,-34.782675],[138.619534,-34.782688],[138.619507,-34.782694],[138.619479,-34.782692],[138.619453,-34.782682],[138.619434,-34.782666],[138.619422,-34.782645],[138.619419,-34.782622],[138.619426,-34.7826],[138.619442,-34.782581],[138.619461,-34.78257],[138.619483,-34.782563],[138.619506,-34.782562],[138.619528,-34.782566],[138.619548,-34.782575],[138.619565,-34.782588],[138.619576,-34.782605],[138.619581,-34.782623],[138.619579,-34.782642]]}},{"type":"Feature","properties":{"tier":"regional"},"geometry":{"type":"LineString","coordinates":[[138.617195,-34.781729],[138.617169,-34.78175],[138.617149,-34.781759],[138.617127,-34.781765],[138.617104,-34.781767],[138.617071,-34.781762],[138.617041,-34.781751],[138.617016,-34.781732],[138.616999,-34.781709],[138.616991,-34.781681],[138.616993,-34.781653],[138.617005,-34.781626],[138.617027,-34.781603],[138.617056,-34.781587],[138.617093,-34.781579],[138.617131,-34.781581],[138.617166,-34.781594],[138.617194,-34.781615],[138.617213,-34.781642],[138.617219,-34.781673],[138.617213,-34.781703],[138.617195,-34.781729]]}},{"type":"Feature","properties":{"tier":"regional"},"geometry":{"type":"LineString","coordinates":[[138.617772,-34.776472],[138.61776,-34.776496],[138.617741,-34.776516],[138.617717,-34.776531],[138.617688,-34.776541],[138.617658,-34.776544],[138.617628,-34.77654],[138.6176,-34.776531],[138.617576,-34.776515],[138.617558,-34.776495],[138.617546,-34.776472],[138.617543,-34.776447],[138.617549,-34.776416],[138.617568,-34.776388],[138.617597,-34.776367],[138.617633,-34.776355],[138.617672,-34.776353],[138.617709,-34.776362],[138.61774,-34.77638],[138.617759,-34.776399],[138.617771,-34.776423],[138.617776,-34.776447],[138.617772,-34.776472]]}},{"type":"Feature","properties":{"tier":"regional"},"geometry":{"type":"LineString","coordinates":[[138.615355,-34.77865],[138.615344,-34.778676],[138.615324,-34.778699],[138.615299,-34.778715],[138.61527,-34.778725],[138.615238,-34.778728],[138.615207,-34.778723],[138.615182,-34.778714],[138.615161,-34.778701],[138.615143,-34.778684],[138.615129,-34.778659],[138.615125,-34.778632],[138.615129,-34.778605],[138.615143,-34.77858],[138.615165,-34.778559],[138.615194,-34.778545],[138.61523,-34.778537],[138.615268,-34.778539],[138.615304,-34.778551],[138.61533,-34.77857],[138.615348,-34.778594],[138.615357,-34.778621],[138.615355,-34.77865]]}},{"type":"Feature","properties":{"tier":"regional"},"geometry":{"type":"LineString","coordinates":[[138.620191,-34.784472],[138.620142,-34.784317],[138.619979,-34.783769],[138.619947,-34.783661],[138.619838,-34.783272],[138.619797,-34.783158],[138.619773,-34.783089],[138.61972,-34.782976],[138.619682,-34.782913],[138.619589,-34.782741],[138.619557,-34.782675]]}},{"type":"Feature","properties":{"tier":"regional"},"geometry":{"type":"LineString","coordinates":[[138.618166,-34.776239],[138.618207,-34.776218],[138.618302,-34.776163],[138.618368,-34.77612],[138.618432,-34.776077],[138.618502,-34.776025],[138.618568,-34.775973],[138.618628,-34.775922],[138.61869,-34.775865],[138.618746,-34.775809],[138.618796,-34.775756],[138.618891,-34.77565],[138.619141,-34.775365],[138.619324,-34.775156],[138.619452,-34.775011]]}},{"type":"Feature","properties":{"tier":"regional"},"geometry":{"type":"LineString","coordinates":[[138.616784,-34.781444],[138.616725,-34.781407],[138.616545,-34.781297],[138.616393,-34.78121],[138.616237,-34.781126],[138.616112,-34.781032],[138.615968,-34.780904],[138.615778,-34.780701],[138.615676,-34.780582],[138.615585,-34.780459],[138.615529,-34.780359],[138.615458,-34.780222],[138.615403,-34.780096],[138.615358,-34.779956],[138.61532,-34.77976],[138.615305,-34.77962]]}},{"type":"Feature","properties":{"tier":"regional"},"geometry":{"type":"LineString","coordinates":[[138.615305,-34.77962],[138.615302,-34.779587],[138.615273,-34.778935],[138.615271,-34.778844]]}},{"type":"Feature","properties":{"tier":"regional"},"geometry":{"type":"LineString","coordinates":[[138.616652,-34.776708],[138.616776,-34.776666],[138.616833,-34.776646],[138.617078,-34.776578],[138.617432,-34.776508]]}},{"type":"Feature","properties":{"tier":"regional"},"geometry":{"type":"LineString","coordinates":[[138.609205,-34.780795],[138.609215,-34.780787],[138.609269,-34.780748],[138.609294,-34.780729],[138.60938,-34.780666],[138.609525,-34.780541],[138.609615,-34.780449],[138.609742,-34.780321],[138.609865,-34.780187],[138.610213,-34.779792],[138.610537,-34.779424],[138.611196,-34.778702],[138.611237,-34.778657],[138.61153,-34.778325],[138.611672,-34.778164],[138.611699,-34.778137],[138.61181,-34.778022],[138.611956,-34.777901]]}},{"type":"Feature","properties":{"tier":"arterial"},"geometry":{"type":"LineString","coordinates":[[138.618567,-34.787854],[138.61904,-34.787322],[138.619141,-34.787208],[138.619152,-34.787196],[138.619202,-34.78714]]}},{"type":"Feature","properties":{"tier":"arterial"},"geometry":{"type":"LineString","coordinates":[[138.620338,-34.785864],[138.620532,-34.785655]]}},{"type":"Feature","properties":{"tier":"regional"},"geometry":{"type":"LineString","coordinates":[[138.610661,-34.783304],[138.610712,-34.783336],[138.6111,-34.783578],[138.611242,-34.783666],[138.611392,-34.783767],[138.611406,-34.783776]]}},{"type":"Feature","properties":{"tier":"regional"},"geometry":{"type":"LineString","coordinates":[[138.616624,-34.786935],[138.616764,-34.78702],[138.6169,-34.787103],[138.617516,-34.787476]]}},{"type":"Feature","properties":{"tier":"regional"},"geometry":{"type":"LineString","coordinates":[[138.618133,-34.787853],[138.6182,-34.787896],[138.618312,-34.787964],[138.618343,-34.787983],[138.618412,-34.788024]]}},{"type":"Feature","properties":{"tier":"regional"},"geometry":{"type":"LineString","coordinates":[[138.610342,-34.756405],[138.610245,-34.756346],[138.610201,-34.75632]]}},{"type":"Feature","properties":{"tier":"regional"},"geometry":{"type":"LineString","coordinates":[[138.610201,-34.75632],[138.61015,-34.756289],[138.609745,-34.756042],[138.609177,-34.755697],[138.609146,-34.755678],[138.608323,-34.755178],[138.607766,-34.754841],[138.607549,-34.754718]]}},{"type":"Feature","properties":{"tier":"arterial"},"geometry":{"type":"LineString","coordinates":[[138.605107,-34.766269],[138.60387,-34.765516],[138.602794,-34.764859],[138.602562,-34.764718],[138.601678,-34.764178],[138.600813,-34.763649],[138.599912,-34.76311]]}},{"type":"Feature","properties":{"tier":"regional"},"geometry":{"type":"LineString","coordinates":[[138.607828,-34.764522],[138.607665,-34.764703],[138.607051,-34.765388],[138.60696,-34.765489],[138.606476,-34.766028],[138.60615,-34.766387],[138.60595,-34.766532],[138.605885,-34.76658]]}},{"type":"Feature","properties":{"tier":"regional"},"geometry":{"type":"LineString","coordinates":[[138.611482,-34.760399],[138.611706,-34.76016],[138.611832,-34.760007]]}},{"type":"Feature","properties":{"tier":"regional"},"geometry":{"type":"LineString","coordinates":[[138.611832,-34.760007],[138.611889,-34.759944],[138.612033,-34.759791],[138.612374,-34.759399],[138.612696,-34.759038],[138.613173,-34.758497],[138.613257,-34.758403]]}},{"type":"Feature","properties":{"tier":"regional"},"geometry":{"type":"LineString","coordinates":[[138.619655,-34.751118],[138.619676,-34.750664],[138.619699,-34.750191],[138.61972,-34.750073],[138.619742,-34.74998]]}},{"type":"Feature","properties":{"tier":"regional"},"geometry":{"type":"LineString","coordinates":[[138.618233,-34.752839],[138.619251,-34.751696],[138.619565,-34.751351],[138.619603,-34.751301],[138.61963,-34.751251],[138.619643,-34.751206],[138.619651,-34.751162],[138.619655,-34.751118]]}},{"type":"Feature","properties":{"tier":"regional"},"geometry":{"type":"LineString","coordinates":[[138.607898,-34.781612],[138.607462,-34.781344],[138.606982,-34.78105],[138.606925,-34.781015]]}},{"type":"Feature","properties":{"tier":"arterial"},"geometry":{"type":"LineString","coordinates":[[138.597154,-34.758649],[138.597522,-34.758238],[138.598064,-34.757629],[138.598214,-34.757462],[138.598268,-34.757402],[138.598465,-34.757182],[138.598586,-34.757047]]}},{"type":"Feature","properties":{"tier":"arterial"},"geometry":{"type":"LineString","coordinates":[[138.608322,-34.801945],[138.60865,-34.802072],[138.608672,-34.802085],[138.608703,-34.802102],[138.608726,-34.802141]]}},{"type":"Feature","properties":{"tier":"arterial"},"geometry":{"type":"LineString","coordinates":[[138.608992,-34.802183],[138.608827,-34.802208],[138.608691,-34.802288]]}},{"type":"Feature","properties":{"tier":"regional"},"geometry":{"type":"LineString","coordinates":[[138.617082,-34.805618],[138.617091,-34.805732]]}},{"type":"Feature","properties":{"tier":"regional"},"geometry":{"type":"LineString","coordinates":[[138.616972,-34.806939],[138.61697,-34.806901],[138.616981,-34.80659],[138.616981,-34.80654],[138.616981,-34.806312]]}},{"type":"Feature","properties":{"tier":"regional"},"geometry":{"type":"LineString","coordinates":[[138.610346,-34.811033],[138.61009,-34.811058],[138.610007,-34.811065],[138.609866,-34.811097],[138.609718,-34.811157]]}},{"type":"Feature","properties":{"tier":"regional"},"geometry":{"type":"LineString","coordinates":[[138.608812,-34.812035],[138.608752,-34.812142],[138.608742,-34.812158],[138.608692,-34.812245]]}},{"type":"Feature","properties":{"tier":"regional"},"geometry":{"type":"LineString","coordinates":[[138.608607,-34.812194],[138.60869,-34.812134],[138.608712,-34.812116],[138.608812,-34.812035]]}},{"type":"Feature","properties":{"tier":"regional"},"geometry":{"type":"LineString","coordinates":[[138.60837,-34.81252],[138.608386,-34.812492],[138.608413,-34.81245],[138.608429,-34.812426],[138.608481,-34.812335]]}},{"type":"Feature","properties":{"tier":"regional"},"geometry":{"type":"LineString","coordinates":[[138.615159,-34.811124],[138.615078,-34.811139],[138.615039,-34.811146],[138.614974,-34.811147]]}},{"type":"Feature","properties":{"tier":"regional"},"geometry":{"type":"LineString","coordinates":[[138.608569,-34.812386],[138.608497,-34.812444],[138.608458,-34.812476],[138.608423,-34.812505],[138.608403,-34.81252]]}},{"type":"Feature","properties":{"tier":"regional"},"geometry":{"type":"LineString","coordinates":[[138.614989,-34.811075],[138.615066,-34.811092],[138.615113,-34.811105],[138.615159,-34.811124]]}},{"type":"Feature","properties":{"tier":"regional"},"geometry":{"type":"LineString","coordinates":[[138.611113,-34.810982],[138.611202,-34.811012],[138.611256,-34.811026],[138.611298,-34.81103],[138.611368,-34.811035],[138.611436,-34.811055]]}},{"type":"Feature","properties":{"tier":"regional"},"geometry":{"type":"LineString","coordinates":[[138.61092,-34.811098],[138.610839,-34.811076],[138.610789,-34.811066],[138.610741,-34.811062],[138.61069,-34.811061],[138.610586,-34.811039]]}},{"type":"Feature","properties":{"tier":"regional"},"geometry":{"type":"LineString","coordinates":[[138.614821,-34.811147],[138.614733,-34.811131],[138.614676,-34.811119],[138.614621,-34.811115],[138.614534,-34.811111],[138.614451,-34.811094]]}},{"type":"Feature","properties":{"tier":"regional"},"geometry":{"type":"LineString","coordinates":[[138.614451,-34.811094],[138.614537,-34.811082],[138.614622,-34.811079],[138.614669,-34.811075],[138.61473,-34.811064],[138.614819,-34.811056]]}},{"type":"Feature","properties":{"tier":"regional"},"geometry":{"type":"LineString","coordinates":[[138.610586,-34.811039],[138.610663,-34.811022],[138.610741,-34.811019],[138.610752,-34.811018],[138.610797,-34.811014],[138.610837,-34.811003],[138.610881,-34.810994],[138.61093,-34.810988]]}},{"type":"Feature","properties":{"tier":"regional"},"geometry":{"type":"LineString","coordinates":[[138.611436,-34.811055],[138.611367,-34.81107],[138.611298,-34.811072],[138.611254,-34.811073],[138.611215,-34.811083],[138.611174,-34.811094],[138.611121,-34.811105]]}},{"type":"Feature","properties":{"tier":"regional"},"geometry":{"type":"LineString","coordinates":[[138.616926,-34.810216],[138.616929,-34.810112],[138.616941,-34.809511]]}},{"type":"Feature","properties":{"tier":"regional"},"geometry":{"type":"LineString","coordinates":[[138.616916,-34.810702],[138.616942,-34.81091],[138.616947,-34.810925],[138.616979,-34.811051],[138.616991,-34.811077],[138.617005,-34.811099]]}},{"type":"Feature","properties":{"tier":"regional"},"geometry":{"type":"LineString","coordinates":[[138.616955,-34.81113],[138.616905,-34.81116],[138.61684,-34.811169],[138.616694,-34.811149]]}},{"type":"Feature","properties":{"tier":"regional"},"geometry":{"type":"LineString","coordinates":[[138.61908,-34.81252],[138.618824,-34.812364],[138.618523,-34.81218],[138.617222,-34.81138]]}},{"type":"Feature","properties":{"tier":"arterial"},"geometry":{"type":"LineString","coordinates":[[138.615988,-34.805206],[138.616886,-34.805549],[138.616927,-34.805565],[138.616988,-34.805588]]}},{"type":"Feature","properties":{"tier":"arterial"},"geometry":{"type":"LineString","coordinates":[[138.616742,-34.805612],[138.615946,-34.805324],[138.615807,-34.805268],[138.61539,-34.805101],[138.615115,-34.804966]]}},{"type":"Feature","properties":{"tier":"regional"},"geometry":{"type":"LineString","coordinates":[[138.617065,-34.806541],[138.617052,-34.806782],[138.617046,-34.806899],[138.617043,-34.806917],[138.617037,-34.806945]]}},{"type":"Feature","properties":{"tier":"arterial"},"geometry":{"type":"LineString","coordinates":[[138.615115,-34.804966],[138.614955,-34.804887],[138.614624,-34.804704]]}},{"type":"Feature","properties":{"tier":"regional"},"geometry":{"type":"LineString","coordinates":[[138.616981,-34.806312],[138.616981,-34.805784],[138.616982,-34.805755],[138.616984,-34.805695]]}},{"type":"Feature","properties":{"tier":"regional"},"geometry":{"type":"LineString","coordinates":[[138.610392,-34.811034],[138.610546,-34.811038]]}},{"type":"Feature","properties":{"tier":"regional"},"geometry":{"type":"LineString","coordinates":[[138.610546,-34.811038],[138.610586,-34.811039]]}},{"type":"Feature","properties":{"tier":"regional"},"geometry":{"type":"LineString","coordinates":[[138.616947,-34.809249],[138.616951,-34.809059],[138.616956,-34.808801],[138.61696,-34.808615],[138.61697,-34.808146],[138.616971,-34.80808],[138.616975,-34.807888]]}},{"type":"Feature","properties":{"tier":"regional"},"geometry":{"type":"LineString","coordinates":[[138.61494,-34.811031],[138.614962,-34.811041],[138.614979,-34.811057],[138.614989,-34.811075],[138.614994,-34.811106],[138.614988,-34.81113],[138.614974,-34.811147],[138.614966,-34.811157],[138.614947,-34.811166],[138.614928,-34.811177],[138.614892,-34.81118],[138.61486,-34.811174],[138.614846,-34.811168],[138.614836,-34.811163],[138.614821,-34.811147]]}},{"type":"Feature","properties":{"tier":"regional"},"geometry":{"type":"LineString","coordinates":[[138.614819,-34.811056],[138.614826,-34.811046],[138.614841,-34.811037]]}},{"type":"Feature","properties":{"tier":"regional"},"geometry":{"type":"LineString","coordinates":[[138.611113,-34.810982],[138.611132,-34.811005],[138.611144,-34.811048],[138.611133,-34.811088],[138.611121,-34.811105]]}},{"type":"Feature","properties":{"tier":"regional"},"geometry":{"type":"LineString","coordinates":[[138.614821,-34.811147],[138.61481,-34.811136],[138.6148,-34.811102],[138.614806,-34.811073],[138.614819,-34.811056]]}},{"type":"Feature","properties":{"tier":"regional"},"geometry":{"type":"LineString","coordinates":[[138.61092,-34.811098],[138.610908,-34.811076],[138.610903,-34.81105],[138.610907,-34.811023],[138.610919,-34.810998],[138.61093,-34.810988]]}},{"type":"Feature","properties":{"tier":"regional"},"geometry":{"type":"LineString","coordinates":[[138.61093,-34.810988],[138.610946,-34.810972],[138.610961,-34.810965],[138.61098,-34.810955],[138.611022,-34.810949],[138.611054,-34.810952],[138.611085,-34.810963],[138.611113,-34.810982]]}},{"type":"Feature","properties":{"tier":"regional"},"geometry":{"type":"LineString","coordinates":[[138.609675,-34.811109],[138.609755,-34.811077],[138.609857,-34.811042],[138.610001,-34.81101],[138.610089,-34.811009],[138.610154,-34.811008],[138.610346,-34.811033]]}},{"type":"Feature","properties":{"tier":"regional"},"geometry":{"type":"LineString","coordinates":[[138.608569,-34.812386],[138.608537,-34.812379],[138.608496,-34.812352],[138.608481,-34.812335]]}},{"type":"Feature","properties":{"tier":"regional"},"geometry":{"type":"LineString","coordinates":[[138.608607,-34.812194],[138.608634,-34.812201],[138.608672,-34.812222],[138.608692,-34.812245]]}},{"type":"Feature","properties":{"tier":"regional"},"geometry":{"type":"LineString","coordinates":[[138.608692,-34.812245],[138.608705,-34.812286],[138.608701,-34.812306],[138.608698,-34.812324],[138.608677,-34.812353],[138.608657,-34.812368],[138.608619,-34.812384],[138.608569,-34.812386]]}},{"type":"Feature","properties":{"tier":"regional"},"geometry":{"type":"LineString","coordinates":[[138.616941,-34.809511],[138.616945,-34.809342],[138.616947,-34.809249]]}},{"type":"Feature","properties":{"tier":"regional"},"geometry":{"type":"LineString","coordinates":[[138.616975,-34.807888],[138.616987,-34.807313]]}},{"type":"Feature","properties":{"tier":"arterial"},"geometry":{"type":"LineString","coordinates":[[138.612794,-34.794313],[138.612828,-34.794275],[138.613566,-34.793451],[138.613758,-34.793231],[138.61398,-34.792983],[138.614727,-34.792146]]}},{"type":"Feature","properties":{"tier":"arterial"},"geometry":{"type":"LineString","coordinates":[[138.60928,-34.798382],[138.608688,-34.799045],[138.608633,-34.799107],[138.608606,-34.799139],[138.608494,-34.799272],[138.608308,-34.799494],[138.608113,-34.799727],[138.607844,-34.800048]]}},{"type":"Feature","properties":{"tier":"arterial"},"geometry":{"type":"LineString","coordinates":[[138.614624,-34.804704],[138.614262,-34.804478]]}},{"type":"Feature","properties":{"tier":"arterial"},"geometry":{"type":"LineString","coordinates":[[138.606543,-34.801277],[138.60661,-34.801202],[138.606754,-34.80104]]}},{"type":"Feature","properties":{"tier":"arterial"},"geometry":{"type":"LineString","coordinates":[[138.607023,-34.800979],[138.606812,-34.801221],[138.60681,-34.801222],[138.606771,-34.801267],[138.606704,-34.801345]]}},{"type":"Feature","properties":{"tier":"arterial"},"geometry":{"type":"LineString","coordinates":[[138.606976,-34.80146],[138.607706,-34.801756],[138.608,-34.801855]]}},{"type":"Feature","properties":{"tier":"regional"},"geometry":{"type":"LineString","coordinates":[[138.620525,-34.762578],[138.6205,-34.762562],[138.620227,-34.762388]]}},{"type":"Feature","properties":{"tier":"regional"},"geometry":{"type":"LineString","coordinates":[[138.620694,-34.760866],[138.620687,-34.760895]]}},{"type":"Feature","properties":{"tier":"regional"},"geometry":{"type":"LineString","coordinates":[[138.61959,-34.761931],[138.619596,-34.761947],[138.619597,-34.761964],[138.619593,-34.76198],[138.619585,-34.761994],[138.619573,-34.762006],[138.619546,-34.76202],[138.619515,-34.762025],[138.61949,-34.762022],[138.619467,-34.762013],[138.619449,-34.761998],[138.619437,-34.761979],[138.619432,-34.761958],[138.619436,-34.761938],[138.619447,-34.761919],[138.619465,-34.761904],[138.619487,-34.761894],[138.619501,-34.761891],[138.619515,-34.76189],[138.619546,-34.761895],[138.619572,-34.761909],[138.61959,-34.761931]]}},{"type":"Feature","properties":{"tier":"regional"},"geometry":{"type":"LineString","coordinates":[[138.620546,-34.760931],[138.620529,-34.760922],[138.620516,-34.760908],[138.620505,-34.760885],[138.620502,-34.760866],[138.620504,-34.760849]]}},{"type":"Feature","properties":{"tier":"high"},"geometry":{"type":"LineString","coordinates":[[138.56341,-34.81252],[138.563413,-34.812516],[138.563495,-34.812402],[138.563568,-34.812306],[138.563667,-34.812177],[138.563751,-34.812072],[138.563851,-34.811951],[138.564004,-34.811771],[138.564143,-34.811613],[138.564306,-34.811435],[138.564405,-34.811332],[138.564552,-34.811184],[138.5647,-34.811039],[138.564898,-34.810851],[138.565085,-34.810684],[138.565227,-34.810564],[138.565351,-34.81046],[138.565527,-34.810319],[138.565708,-34.810178],[138.565899,-34.810036],[138.566127,-34.809872],[138.56632,-34.809741],[138.566546,-34.809595],[138.566684,-34.809508],[138.566834,-34.809417],[138.567052,-34.809287],[138.567488,-34.809049],[138.567984,-34.808784],[138.568428,-34.808545],[138.568738,-34.80838],[138.569192,-34.80814],[138.569608,-34.807918],[138.569928,-34.807745],[138.570659,-34.807299],[138.571883,-34.806463],[138.572394,-34.806062],[138.572847,-34.805651],[138.573701,-34.804818],[138.574572,-34.803804],[138.575278,-34.80281],[138.575702,-34.802126],[138.576175,-34.801145],[138.576727,-34.799609],[138.577664,-34.796474],[138.578034,-34.795226]]}},{"type":"Feature","properties":{"tier":"high"},"geometry":{"type":"LineString","coordinates":[[138.578568,-34.794093],[138.578219,-34.795259]]}},{"type":"Feature","properties":{"tier":"high"},"geometry":{"type":"LineString","coordinates":[[138.586333,-34.755856],[138.585907,-34.755325],[138.585682,-34.755078],[138.585454,-34.75484],[138.584458,-34.753824],[138.583853,-34.753217],[138.583258,-34.75264],[138.582403,-34.751713],[138.5818,-34.750843],[138.58135,-34.750017],[138.581336,-34.74998]]}},{"type":"Feature","properties":{"tier":"high"},"geometry":{"type":"LineString","coordinates":[[138.578219,-34.795259],[138.577867,-34.796516],[138.576927,-34.799594],[138.576692,-34.800385],[138.576409,-34.801165],[138.576142,-34.801689],[138.575877,-34.802188],[138.575462,-34.802907],[138.574784,-34.803897],[138.574084,-34.804707],[138.573016,-34.805778],[138.57199,-34.806633],[138.571454,-34.80702],[138.570877,-34.807394],[138.569953,-34.807926],[138.569632,-34.808098],[138.569225,-34.808316],[138.568961,-34.808456],[138.56875,-34.808569],[138.568393,-34.808758],[138.567763,-34.809095],[138.567521,-34.809223],[138.567319,-34.809337],[138.567109,-34.809456],[138.566945,-34.809554],[138.566795,-34.809646],[138.566607,-34.809766],[138.566382,-34.809914],[138.566184,-34.810054],[138.565988,-34.810195],[138.565806,-34.810333],[138.565659,-34.810449],[138.565511,-34.81057],[138.565342,-34.810711],[138.565188,-34.810846],[138.565066,-34.810955],[138.56489,-34.811119],[138.564731,-34.811274],[138.56464,-34.811365],[138.564504,-34.811509],[138.564412,-34.811606],[138.564317,-34.811709],[138.564172,-34.811871],[138.564047,-34.812018],[138.563948,-34.81214],[138.563866,-34.812241],[138.563744,-34.812402],[138.563662,-34.812512],[138.563656,-34.81252]]}},{"type":"Feature","properties":{"tier":"high"},"geometry":{"type":"LineString","coordinates":[[138.578034,-34.795226],[138.578374,-34.794058]]}},{"type":"Feature","properties":{"tier":"arterial"},"geometry":{"type":"LineString","coordinates":[[138.605641,-34.766576],[138.60557,-34.766535],[138.605235,-34.766344],[138.605107,-34.766269]]}},{"type":"Feature","properties":{"tier":"arterial"},"geometry":{"type":"LineString","coordinates":[[138.594679,-34.762323],[138.594686,-34.762237],[138.594686,-34.762196],[138.594685,-34.762159],[138.594674,-34.7621],[138.59465,-34.76199],[138.594634,-34.761911],[138.594626,-34.761838],[138.594628,-34.761746],[138.594642,-34.761679],[138.594669,-34.761569],[138.594704,-34.761475],[138.594731,-34.761424],[138.594771,-34.761379],[138.594843,-34.761304]]}},{"type":"Feature","properties":{"tier":"arterial"},"geometry":{"type":"LineString","coordinates":[[138.594744,-34.762651],[138.594654,-34.762657],[138.594644,-34.762657],[138.594543,-34.762674],[138.594432,-34.762708],[138.594331,-34.762751],[138.594229,-34.762808],[138.594042,-34.762946],[138.593869,-34.763095]]}},{"type":"Feature","properties":{"tier":"arterial"},"geometry":{"type":"LineString","coordinates":[[138.595123,-34.762498],[138.595096,-34.762567],[138.595042,-34.762624],[138.594968,-34.762664],[138.594882,-34.76268],[138.594794,-34.762672],[138.594744,-34.762651]]}},{"type":"Feature","properties":{"tier":"arterial"},"geometry":{"type":"LineString","coordinates":[[138.598892,-34.7628],[138.59858,-34.76275],[138.598356,-34.762719],[138.597606,-34.762604],[138.597383,-34.76257],[138.596078,-34.762404],[138.595692,-34.762395],[138.595513,-34.762405],[138.595349,-34.762426],[138.595295,-34.762433],[138.595123,-34.762498]]}},{"type":"Feature","properties":{"tier":"arterial"},"geometry":{"type":"LineString","coordinates":[[138.606704,-34.801345],[138.606822,-34.801395],[138.606976,-34.80146]]}},{"type":"Feature","properties":{"tier":"arterial"},"geometry":{"type":"LineString","coordinates":[[138.597042,-34.762436],[138.597247,-34.762509],[138.597359,-34.762525],[138.597383,-34.76257]]}},{"type":"Feature","properties":{"tier":"arterial"},"geometry":{"type":"LineString","coordinates":[[138.598892,-34.7628],[138.598752,-34.762746],[138.59858,-34.762711],[138.598474,-34.76264]]}},{"type":"Feature","properties":{"tier":"arterial"},"geometry":{"type":"LineString","coordinates":[[138.595492,-34.760588],[138.594843,-34.761304]]}},{"type":"Feature","properties":{"tier":"arterial"},"geometry":{"type":"LineString","coordinates":[[138.595492,-34.760588],[138.595568,-34.760466]]}},{"type":"Feature","properties":{"tier":"regional"},"geometry":{"type":"LineString","coordinates":[[138.623554,-34.767311],[138.623507,-34.767343],[138.623464,-34.767372],[138.623373,-34.767456]]}},{"type":"Feature","properties":{"tier":"regional"},"geometry":{"type":"LineString","coordinates":[[138.614062,-34.785365],[138.614129,-34.785378],[138.614197,-34.785392]]}},{"type":"Feature","properties":{"tier":"regional"},"geometry":{"type":"LineString","coordinates":[[138.624416,-34.766983],[138.624588,-34.766877]]}},{"type":"Feature","properties":{"tier":"arterial"},"geometry":{"type":"LineString","coordinates":[[138.595077,-34.762346],[138.595183,-34.762348],[138.595329,-34.76234],[138.595342,-34.762339],[138.595492,-34.76232],[138.595709,-34.762306],[138.595992,-34.762305],[138.596322,-34.762333],[138.597042,-34.762436],[138.597624,-34.762519],[138.598474,-34.76264]]}},{"type":"Feature","properties":{"tier":"arterial"},"geometry":{"type":"LineString","coordinates":[[138.594843,-34.761304],[138.594789,-34.761449],[138.59476,-34.761563],[138.594747,-34.761634],[138.594733,-34.761755],[138.594725,-34.761915],[138.594735,-34.762011],[138.594744,-34.762057],[138.594775,-34.762145],[138.594788,-34.762164],[138.594802,-34.762184],[138.594838,-34.762211],[138.594917,-34.762261]]}},{"type":"Feature","properties":{"tier":"arterial"},"geometry":{"type":"LineString","coordinates":[[138.61471,-34.804692],[138.614848,-34.804749],[138.615192,-34.804868]]}},{"type":"Feature","properties":{"tier":"arterial"},"geometry":{"type":"LineString","coordinates":[[138.611059,-34.802633],[138.610949,-34.802623],[138.610568,-34.802467],[138.610393,-34.802413],[138.610242,-34.802373],[138.60984,-34.80229],[138.609559,-34.802254],[138.609131,-34.802199]]}},{"type":"Feature","properties":{"tier":"high"},"geometry":{"type":"LineString","coordinates":[[138.596372,-34.796217],[138.59645,-34.795497],[138.596549,-34.794461]]}},{"type":"Feature","properties":{"tier":"arterial"},"geometry":{"type":"LineString","coordinates":[[138.59345,-34.76356],[138.593319,-34.763706],[138.593298,-34.763729],[138.593204,-34.763834]]}},{"type":"Feature","properties":{"tier":"high"},"geometry":{"type":"LineString","coordinates":[[138.593243,-34.764606],[138.593105,-34.76452],[138.593079,-34.764502],[138.593037,-34.76446],[138.592993,-34.764428],[138.592934,-34.764398],[138.592905,-34.764391],[138.592876,-34.764384],[138.592816,-34.764383],[138.592763,-34.764393],[138.59269,-34.764412]]}},{"type":"Feature","properties":{"tier":"regional"},"geometry":{"type":"LineString","coordinates":[[138.604505,-34.78592],[138.604734,-34.785665],[138.604819,-34.785569],[138.605318,-34.785007],[138.60557,-34.784723]]}},{"type":"Feature","properties":{"tier":"high"},"geometry":{"type":"LineString","coordinates":[[138.593204,-34.763834],[138.593221,-34.763885],[138.593234,-34.763926],[138.593415,-34.764429]]}},{"type":"Feature","properties":{"tier":"high"},"geometry":{"type":"LineString","coordinates":[[138.597552,-34.810753],[138.597846,-34.81049]]}},{"type":"Feature","properties":{"tier":"high"},"geometry":{"type":"LineString","coordinates":[[138.59752,-34.810213],[138.597548,-34.810575],[138.597551,-34.810609],[138.597552,-34.810753]]}},{"type":"Feature","properties":{"tier":"high"},"geometry":{"type":"LineString","coordinates":[[138.603647,-34.804708],[138.60339,-34.804997]]}},{"type":"Feature","properties":{"tier":"regional"},"geometry":{"type":"LineString","coordinates":[[138.617037,-34.806945],[138.61699,-34.807173]]}},{"type":"Feature","properties":{"tier":"arterial"},"geometry":{"type":"LineString","coordinates":[[138.60789,-34.799768],[138.60797,-34.799679],[138.608263,-34.79933],[138.608642,-34.798923],[138.609159,-34.798342]]}},{"type":"Feature","properties":{"tier":"arterial"},"geometry":{"type":"LineString","coordinates":[[138.607844,-34.800048],[138.607659,-34.800269],[138.607347,-34.800618]]}},{"type":"Feature","properties":{"tier":"high"},"geometry":{"type":"LineString","coordinates":[[138.595966,-34.786342],[138.595851,-34.785052],[138.595694,-34.783465],[138.595575,-34.782283],[138.595458,-34.781128],[138.595412,-34.780729]]}},{"type":"Feature","properties":{"tier":"high"},"geometry":{"type":"LineString","coordinates":[[138.595616,-34.780717],[138.596186,-34.786567],[138.596198,-34.786682]]}},{"type":"Feature","properties":{"tier":"high"},"geometry":{"type":"LineString","coordinates":[[138.596125,-34.788104],[138.595966,-34.786342]]}},{"type":"Feature","properties":{"tier":"high"},"geometry":{"type":"LineString","coordinates":[[138.596392,-34.788375],[138.596399,-34.788447],[138.59641,-34.788593]]}},{"type":"Feature","properties":{"tier":"arterial"},"geometry":{"type":"LineString","coordinates":[[138.609381,-34.798099],[138.609546,-34.797917],[138.609673,-34.797778],[138.609911,-34.797516]]}},{"type":"Feature","properties":{"tier":"arterial"},"geometry":{"type":"LineString","coordinates":[[138.609914,-34.797683],[138.609771,-34.797841]]}},{"type":"Feature","properties":{"tier":"high"},"geometry":{"type":"LineString","coordinates":[[138.593998,-34.767311],[138.59397,-34.767173],[138.593945,-34.767053]]}},{"type":"Feature","properties":{"tier":"high"},"geometry":{"type":"LineString","coordinates":[[138.594047,-34.767647],[138.594015,-34.767435],[138.593998,-34.767311]]}},{"type":"Feature","properties":{"tier":"high"},"geometry":{"type":"LineString","coordinates":[[138.594365,-34.770708],[138.594325,-34.770318],[138.5943,-34.770073],[138.594228,-34.769358]]}},{"type":"Feature","properties":{"tier":"regional"},"geometry":{"type":"LineString","coordinates":[[138.61699,-34.807173],[138.616972,-34.806939]]}},{"type":"Feature","properties":{"tier":"arterial"},"geometry":{"type":"LineString","coordinates":[[138.599912,-34.76311],[138.599731,-34.763078],[138.599495,-34.762983],[138.599413,-34.762951],[138.599079,-34.762849],[138.598892,-34.7628]]}},{"type":"Feature","properties":{"tier":"arterial"},"geometry":{"type":"LineString","coordinates":[[138.598474,-34.76264],[138.599105,-34.762767],[138.599484,-34.762895],[138.599528,-34.762915],[138.599797,-34.763034],[138.599912,-34.76311]]}},{"type":"Feature","properties":{"tier":"regional"},"geometry":{"type":"LineString","coordinates":[[138.609718,-34.811157],[138.60961,-34.811225],[138.609489,-34.811317],[138.609276,-34.811515]]}},{"type":"Feature","properties":{"tier":"regional"},"geometry":{"type":"LineString","coordinates":[[138.609276,-34.811515],[138.609446,-34.811292],[138.609523,-34.811208],[138.609607,-34.811151],[138.609675,-34.811109]]}},{"type":"Feature","properties":{"tier":"high"},"geometry":{"type":"LineString","coordinates":[[138.600602,-34.807936],[138.601242,-34.807218]]}},{"type":"Feature","properties":{"tier":"arterial"},"geometry":{"type":"LineString","coordinates":[[138.610326,-34.79706],[138.610374,-34.797008],[138.611019,-34.7963]]}},{"type":"Feature","properties":{"tier":"arterial"},"geometry":{"type":"LineString","coordinates":[[138.611111,-34.796361],[138.610237,-34.797326]]}},{"type":"Feature","properties":{"tier":"high"},"geometry":{"type":"LineString","coordinates":[[138.60645,-34.801383],[138.606543,-34.801277]]}},{"type":"Feature","properties":{"tier":"high"},"geometry":{"type":"LineString","coordinates":[[138.606609,-34.801452],[138.606558,-34.80151],[138.606553,-34.801517],[138.606396,-34.80169]]}},{"type":"Feature","properties":{"tier":"high"},"geometry":{"type":"LineString","coordinates":[[138.606704,-34.801345],[138.606609,-34.801452]]}},{"type":"Feature","properties":{"tier":"arterial"},"geometry":{"type":"LineString","coordinates":[[138.611648,-34.795595],[138.61177,-34.795451],[138.611935,-34.79527],[138.612087,-34.795102],[138.612755,-34.794357],[138.612794,-34.794313]]}},{"type":"Feature","properties":{"tier":"arterial"},"geometry":{"type":"LineString","coordinates":[[138.611019,-34.7963],[138.611068,-34.796246],[138.611648,-34.795595]]}},{"type":"Feature","properties":{"tier":"arterial"},"geometry":{"type":"LineString","coordinates":[[138.611746,-34.795649],[138.611111,-34.796361]]}},{"type":"Feature","properties":{"tier":"high"},"geometry":{"type":"LineString","coordinates":[[138.595412,-34.780729],[138.595358,-34.780143]]}},{"type":"Feature","properties":{"tier":"arterial"},"geometry":{"type":"LineString","coordinates":[[138.624224,-34.781521],[138.624526,-34.781181],[138.624562,-34.78114]]}},{"type":"Feature","properties":{"tier":"arterial"},"geometry":{"type":"LineString","coordinates":[[138.620899,-34.785242],[138.62113,-34.784982],[138.621371,-34.784712],[138.621431,-34.784648]]}},{"type":"Feature","properties":{"tier":"arterial"},"geometry":{"type":"LineString","coordinates":[[138.624668,-34.781187],[138.624319,-34.781577]]}},{"type":"Feature","properties":{"tier":"arterial"},"geometry":{"type":"LineString","coordinates":[[138.62502,-34.780793],[138.624668,-34.781187]]}},{"type":"Feature","properties":{"tier":"arterial"},"geometry":{"type":"LineString","coordinates":[[138.622601,-34.783502],[138.622229,-34.783915]]}},{"type":"Feature","properties":{"tier":"arterial"},"geometry":{"type":"LineString","coordinates":[[138.622117,-34.783886],[138.622479,-34.783475],[138.622501,-34.783452]]}},{"type":"Feature","properties":{"tier":"arterial"},"geometry":{"type":"LineString","coordinates":[[138.624319,-34.781577],[138.622601,-34.783502]]}},{"type":"Feature","properties":{"tier":"arterial"},"geometry":{"type":"LineString","coordinates":[[138.622501,-34.783452],[138.622824,-34.783089],[138.623425,-34.782415],[138.624224,-34.781521]]}},{"type":"Feature","properties":{"tier":"arterial"},"geometry":{"type":"LineString","coordinates":[[138.621649,-34.7844],[138.622117,-34.783886]]}},{"type":"Feature","properties":{"tier":"arterial"},"geometry":{"type":"LineString","coordinates":[[138.621431,-34.784648],[138.621649,-34.7844]]}},{"type":"Feature","properties":{"tier":"arterial"},"geometry":{"type":"LineString","coordinates":[[138.621763,-34.784434],[138.621528,-34.784704]]}},{"type":"Feature","properties":{"tier":"arterial"},"geometry":{"type":"LineString","coordinates":[[138.622229,-34.783915],[138.621763,-34.784434]]}},{"type":"Feature","properties":{"tier":"arterial"},"geometry":{"type":"LineString","coordinates":[[138.620009,-34.786236],[138.620338,-34.785864]]}},{"type":"Feature","properties":{"tier":"arterial"},"geometry":{"type":"LineString","coordinates":[[138.619202,-34.78714],[138.620009,-34.786236]]}},{"type":"Feature","properties":{"tier":"arterial"},"geometry":{"type":"LineString","coordinates":[[138.620448,-34.785911],[138.620119,-34.7863]]}},{"type":"Feature","properties":{"tier":"arterial"},"geometry":{"type":"LineString","coordinates":[[138.621528,-34.784704],[138.62101,-34.785284],[138.620997,-34.785299]]}},{"type":"Feature","properties":{"tier":"arterial"},"geometry":{"type":"LineString","coordinates":[[138.620697,-34.785633],[138.620448,-34.785911]]}},{"type":"Feature","properties":{"tier":"arterial"},"geometry":{"type":"LineString","coordinates":[[138.620997,-34.785299],[138.62096,-34.785342],[138.620697,-34.785633]]}},{"type":"Feature","properties":{"tier":"arterial"},"geometry":{"type":"LineString","coordinates":[[138.620532,-34.785655],[138.620899,-34.785242]]}},{"type":"Feature","properties":{"tier":"arterial"},"geometry":{"type":"LineString","coordinates":[[138.618518,-34.788091],[138.618324,-34.788302],[138.61825,-34.788382]]}},{"type":"Feature","properties":{"tier":"arterial"},"geometry":{"type":"LineString","coordinates":[[138.618132,-34.788335],[138.618201,-34.788257],[138.618295,-34.788151],[138.618412,-34.788024]]}},{"type":"Feature","properties":{"tier":"arterial"},"geometry":{"type":"LineString","coordinates":[[138.618796,-34.787781],[138.618599,-34.788003],[138.618578,-34.788026],[138.618518,-34.788091]]}},{"type":"Feature","properties":{"tier":"arterial"},"geometry":{"type":"LineString","coordinates":[[138.620119,-34.7863],[138.619805,-34.786658],[138.619224,-34.78732],[138.619181,-34.787367],[138.619022,-34.787542]]}},{"type":"Feature","properties":{"tier":"arterial"},"geometry":{"type":"LineString","coordinates":[[138.616914,-34.78986],[138.616756,-34.790042]]}},{"type":"Feature","properties":{"tier":"arterial"},"geometry":{"type":"LineString","coordinates":[[138.61825,-34.788382],[138.617914,-34.788757],[138.616935,-34.789836],[138.616914,-34.78986]]}},{"type":"Feature","properties":{"tier":"arterial"},"geometry":{"type":"LineString","coordinates":[[138.616818,-34.789804],[138.616937,-34.789672],[138.61776,-34.788753],[138.617811,-34.788696]]}},{"type":"Feature","properties":{"tier":"arterial"},"geometry":{"type":"LineString","coordinates":[[138.616593,-34.790058],[138.616818,-34.789804]]}},{"type":"Feature","properties":{"tier":"arterial"},"geometry":{"type":"LineString","coordinates":[[138.615727,-34.791037],[138.616349,-34.790329],[138.616593,-34.790058]]}},{"type":"Feature","properties":{"tier":"arterial"},"geometry":{"type":"LineString","coordinates":[[138.615517,-34.791263],[138.615727,-34.791037]]}},{"type":"Feature","properties":{"tier":"arterial"},"geometry":{"type":"LineString","coordinates":[[138.614829,-34.7922],[138.613659,-34.793507],[138.612921,-34.79433],[138.612892,-34.794362]]}},{"type":"Feature","properties":{"tier":"arterial"},"geometry":{"type":"LineString","coordinates":[[138.615826,-34.791074],[138.615761,-34.791149],[138.615613,-34.79132]]}},{"type":"Feature","properties":{"tier":"arterial"},"geometry":{"type":"LineString","coordinates":[[138.614727,-34.792146],[138.614959,-34.791884]]}},{"type":"Feature","properties":{"tier":"arterial"},"geometry":{"type":"LineString","coordinates":[[138.615056,-34.791943],[138.614829,-34.7922]]}},{"type":"Feature","properties":{"tier":"arterial"},"geometry":{"type":"LineString","coordinates":[[138.615613,-34.79132],[138.615056,-34.791943]]}},{"type":"Feature","properties":{"tier":"arterial"},"geometry":{"type":"LineString","coordinates":[[138.614959,-34.791884],[138.615323,-34.79147],[138.615517,-34.791263]]}},{"type":"Feature","properties":{"tier":"high"},"geometry":{"type":"LineString","coordinates":[[138.591702,-34.760044],[138.591607,-34.759764]]}},{"type":"Feature","properties":{"tier":"high"},"geometry":{"type":"LineString","coordinates":[[138.591815,-34.760379],[138.591702,-34.760044]]}},{"type":"Feature","properties":{"tier":"arterial"},"geometry":{"type":"LineString","coordinates":[[138.620956,-34.806462],[138.61966,-34.806296],[138.618844,-34.806171],[138.618061,-34.806003],[138.617212,-34.805767],[138.617173,-34.805756],[138.617118,-34.805741],[138.617091,-34.805732]]}},{"type":"Feature","properties":{"tier":"arterial"},"geometry":{"type":"LineString","coordinates":[[138.621296,-34.806505],[138.620956,-34.806462]]}},{"type":"Feature","properties":{"tier":"arterial"},"geometry":{"type":"LineString","coordinates":[[138.620897,-34.806379],[138.62122,-34.806417]]}},{"type":"Feature","properties":{"tier":"arterial"},"geometry":{"type":"LineString","coordinates":[[138.617082,-34.805618],[138.617172,-34.805645],[138.617869,-34.805854],[138.618468,-34.806007],[138.619204,-34.806149],[138.620206,-34.806296],[138.620897,-34.806379]]}},{"type":"Feature","properties":{"tier":"high"},"geometry":{"type":"LineString","coordinates":[[138.603888,-34.804256],[138.604475,-34.803571]]}},{"type":"Feature","properties":{"tier":"regional"},"geometry":{"type":"LineString","coordinates":[[138.606925,-34.781015],[138.606908,-34.781005],[138.605576,-34.780187]]}},{"type":"Feature","properties":{"tier":"arterial"},"geometry":{"type":"LineString","coordinates":[[138.609673,-34.797778],[138.609713,-34.797623],[138.609767,-34.797549],[138.609791,-34.797511],[138.609803,-34.797491],[138.609808,-34.79747],[138.609806,-34.797457],[138.6098,-34.797444],[138.609784,-34.797417],[138.609763,-34.797396],[138.609735,-34.79737],[138.60964,-34.797294]]}},{"type":"Feature","properties":{"tier":"high"},"geometry":{"type":"LineString","coordinates":[[138.591627,-34.766017],[138.59155,-34.76625],[138.591481,-34.766516],[138.591444,-34.76673],[138.591421,-34.766975],[138.591407,-34.767212]]}},{"type":"Feature","properties":{"tier":"high"},"geometry":{"type":"LineString","coordinates":[[138.590607,-34.767707],[138.590252,-34.76682],[138.589998,-34.766071],[138.589811,-34.765549],[138.589601,-34.764959],[138.589526,-34.764754],[138.589455,-34.764629],[138.589368,-34.764539],[138.589261,-34.764471],[138.589143,-34.76442],[138.589017,-34.764389],[138.588897,-34.764376],[138.588761,-34.764382],[138.588645,-34.764407],[138.588536,-34.764447],[138.588422,-34.764517],[138.588348,-34.764584],[138.588287,-34.764667],[138.588232,-34.764769],[138.588215,-34.764833],[138.588209,-34.764926],[138.588211,-34.764992],[138.588217,-34.765059],[138.588239,-34.765186],[138.588281,-34.765345],[138.588331,-34.765456],[138.588395,-34.765573],[138.588487,-34.765704],[138.588583,-34.765808],[138.588715,-34.765935]]}},{"type":"Feature","properties":{"tier":"high"},"geometry":{"type":"LineString","coordinates":[[138.590896,-34.76616],[138.59103,-34.766089],[138.591169,-34.765997],[138.5913,-34.765887],[138.59141,-34.765781],[138.591527,-34.765634],[138.591655,-34.765461]]}},{"type":"Feature","properties":{"tier":"regional"},"geometry":{"type":"LineString","coordinates":[[138.621717,-34.763746],[138.621833,-34.763841],[138.621855,-34.763862],[138.621887,-34.763889],[138.621918,-34.76391],[138.621955,-34.763935]]}},{"type":"Feature","properties":{"tier":"regional"},"geometry":{"type":"LineString","coordinates":[[138.622017,-34.764016],[138.622038,-34.764052],[138.622054,-34.764077],[138.622079,-34.764112],[138.622141,-34.764192]]}},{"type":"Feature","properties":{"tier":"regional"},"geometry":{"type":"LineString","coordinates":[[138.621858,-34.764003],[138.621861,-34.763983],[138.62187,-34.763965],[138.621886,-34.763949],[138.621907,-34.763939],[138.621931,-34.763934],[138.621955,-34.763935],[138.621979,-34.763942],[138.621999,-34.763956],[138.622013,-34.763974],[138.622019,-34.763995],[138.622017,-34.764016],[138.622007,-34.764035],[138.62199,-34.764051],[138.621968,-34.764062],[138.621943,-34.764066],[138.621918,-34.764064],[138.621895,-34.764055],[138.621876,-34.764041],[138.621863,-34.764023],[138.621858,-34.764003]]}},{"type":"Feature","properties":{"tier":"regional"},"geometry":{"type":"LineString","coordinates":[[138.622141,-34.764192],[138.621943,-34.764066]]}},{"type":"Feature","properties":{"tier":"regional"},"geometry":{"type":"LineString","coordinates":[[138.621861,-34.763983],[138.621834,-34.76392],[138.621814,-34.763885],[138.621789,-34.763851],[138.621717,-34.763746]]}},{"type":"Feature","properties":{"tier":"regional"},"geometry":{"type":"LineString","coordinates":[[138.621717,-34.763746],[138.621565,-34.763547],[138.621557,-34.763538],[138.621412,-34.763382],[138.621365,-34.763332],[138.621357,-34.763323],[138.621204,-34.763135]]}},{"type":"Feature","properties":{"tier":"high"},"geometry":{"type":"LineString","coordinates":[[138.596198,-34.786682],[138.596347,-34.788026]]}},{"type":"Feature","properties":{"tier":"high"},"geometry":{"type":"LineString","coordinates":[[138.596757,-34.792058],[138.596805,-34.792569],[138.596821,-34.793015],[138.596805,-34.793709]]}},{"type":"Feature","properties":{"tier":"arterial"},"geometry":{"type":"LineString","coordinates":[[138.594917,-34.762261],[138.594979,-34.762278],[138.595033,-34.762307],[138.595077,-34.762346]]}},{"type":"Feature","properties":{"tier":"arterial"},"geometry":{"type":"LineString","coordinates":[[138.594679,-34.762323],[138.594748,-34.76228],[138.594831,-34.762259],[138.594917,-34.762261]]}},{"type":"Feature","properties":{"tier":"arterial"},"geometry":{"type":"LineString","coordinates":[[138.594611,-34.762493],[138.594613,-34.762432],[138.594636,-34.762374],[138.594679,-34.762323]]}},{"type":"Feature","properties":{"tier":"high"},"geometry":{"type":"LineString","coordinates":[[138.605927,-34.801975],[138.606334,-34.801515],[138.606387,-34.801454],[138.60645,-34.801383]]}},{"type":"Feature","properties":{"tier":"arterial"},"geometry":{"type":"LineString","coordinates":[[138.607172,-34.801705],[138.606775,-34.801527],[138.606715,-34.8015],[138.606609,-34.801452]]}},{"type":"Feature","properties":{"tier":"arterial"},"geometry":{"type":"LineString","coordinates":[[138.610237,-34.797326],[138.610144,-34.797428],[138.609914,-34.797683]]}},{"type":"Feature","properties":{"tier":"arterial"},"geometry":{"type":"LineString","coordinates":[[138.609159,-34.798342],[138.609381,-34.798099]]}},{"type":"Feature","properties":{"tier":"arterial"},"geometry":{"type":"LineString","coordinates":[[138.625,-34.780647],[138.62502,-34.780625]]}},{"type":"Feature","properties":{"tier":"high"},"geometry":{"type":"LineString","coordinates":[[138.596587,-34.798808],[138.596627,-34.799577],[138.596627,-34.799603],[138.596634,-34.799706]]}},{"type":"Feature","properties":{"tier":"high"},"geometry":{"type":"LineString","coordinates":[[138.596634,-34.799706],[138.596658,-34.799994],[138.596735,-34.800921]]}},{"type":"Feature","properties":{"tier":"high"},"geometry":{"type":"LineString","coordinates":[[138.594605,-34.77098],[138.594716,-34.772062],[138.59487,-34.773545]]}},{"type":"Feature","properties":{"tier":"high"},"geometry":{"type":"LineString","coordinates":[[138.593945,-34.767053],[138.593792,-34.766293],[138.59372,-34.766056]]}},{"type":"Feature","properties":{"tier":"arterial"},"geometry":{"type":"LineString","coordinates":[[138.594744,-34.762651],[138.594664,-34.762599],[138.594628,-34.762549],[138.594611,-34.762493]]}},{"type":"Feature","properties":{"tier":"arterial"},"geometry":{"type":"LineString","coordinates":[[138.595077,-34.762346],[138.595117,-34.762418],[138.595123,-34.762498]]}},{"type":"Feature","properties":{"tier":"high"},"geometry":{"type":"LineString","coordinates":[[138.593901,-34.765958],[138.594091,-34.766601],[138.594214,-34.767141],[138.594238,-34.767275]]}},{"type":"Feature","properties":{"tier":"arterial"},"geometry":{"type":"LineString","coordinates":[[138.615192,-34.804868],[138.615494,-34.80498],[138.615988,-34.805206]]}},{"type":"Feature","properties":{"tier":"high"},"geometry":{"type":"LineString","coordinates":[[138.591805,-34.759682],[138.592002,-34.760294]]}},{"type":"Feature","properties":{"tier":"high"},"geometry":{"type":"LineString","coordinates":[[138.58839,-34.750233],[138.588304,-34.74998]]}},{"type":"Feature","properties":{"tier":"regional"},"geometry":{"type":"LineString","coordinates":[[138.600932,-34.789912],[138.601488,-34.789297],[138.60187,-34.788866]]}},{"type":"Feature","properties":{"tier":"regional"},"geometry":{"type":"LineString","coordinates":[[138.60256,-34.791528],[138.601037,-34.790661],[138.600911,-34.790577]]}},{"type":"Feature","properties":{"tier":"high"},"geometry":{"type":"LineString","coordinates":[[138.596518,-34.800763],[138.596456,-34.800215]]}},{"type":"Feature","properties":{"tier":"high"},"geometry":{"type":"LineString","coordinates":[[138.59675,-34.794579],[138.596568,-34.796719]]}},{"type":"Feature","properties":{"tier":"high"},"geometry":{"type":"LineString","coordinates":[[138.593014,-34.763243],[138.593114,-34.763554],[138.593126,-34.763588],[138.593151,-34.763663]]}},{"type":"Feature","properties":{"tier":"regional"},"geometry":{"type":"LineString","coordinates":[[138.594238,-34.767275],[138.593998,-34.767311],[138.593908,-34.767329],[138.593881,-34.767335],[138.593649,-34.767383]]}},{"type":"Feature","properties":{"tier":"high"},"geometry":{"type":"LineString","coordinates":[[138.594174,-34.768848],[138.594118,-34.768327],[138.594047,-34.767647]]}},{"type":"Feature","properties":{"tier":"arterial"},"geometry":{"type":"LineString","coordinates":[[138.624562,-34.78114],[138.625,-34.780647]]}},{"type":"Feature","properties":{"tier":"arterial"},"geometry":{"type":"LineString","coordinates":[[138.617811,-34.788696],[138.61786,-34.788637],[138.617987,-34.788496],[138.618132,-34.788335]]}},{"type":"Feature","properties":{"tier":"regional"},"geometry":{"type":"LineString","coordinates":[[138.617516,-34.787476],[138.618042,-34.787799]]}},{"type":"Feature","properties":{"tier":"arterial"},"geometry":{"type":"LineString","coordinates":[[138.619022,-34.787542],[138.618796,-34.787781]]}},{"type":"Feature","properties":{"tier":"regional"},"geometry":{"type":"LineString","coordinates":[[138.599059,-34.792001],[138.599222,-34.791831],[138.59962,-34.791396],[138.599834,-34.79116],[138.600239,-34.790718]]}},{"type":"Feature","properties":{"tier":"regional"},"geometry":{"type":"LineString","coordinates":[[138.596774,-34.79417],[138.597034,-34.794049]]}},{"type":"Feature","properties":{"tier":"regional"},"geometry":{"type":"LineString","coordinates":[[138.597034,-34.794049],[138.597103,-34.794016],[138.597275,-34.79393]]}},{"type":"Feature","properties":{"tier":"high"},"geometry":{"type":"LineString","coordinates":[[138.592505,-34.762443],[138.592079,-34.761172]]}},{"type":"Feature","properties":{"tier":"high"},"geometry":{"type":"LineString","coordinates":[[138.592079,-34.761172],[138.591815,-34.760379]]}},{"type":"Feature","properties":{"tier":"high"},"geometry":{"type":"LineString","coordinates":[[138.592984,-34.763853],[138.592961,-34.763782],[138.59291,-34.763625]]}},{"type":"Feature","properties":{"tier":"arterial"},"geometry":{"type":"LineString","coordinates":[[138.593422,-34.763357],[138.593639,-34.763121],[138.593806,-34.762966],[138.593957,-34.76285],[138.594036,-34.7628],[138.594133,-34.762743],[138.59422,-34.762694],[138.594289,-34.76266],[138.594418,-34.762605],[138.594489,-34.762572],[138.594558,-34.762533],[138.594579,-34.762517],[138.594611,-34.762493]]}},{"type":"Feature","properties":{"tier":"regional"},"geometry":{"type":"LineString","coordinates":[[138.617101,-34.80593],[138.617065,-34.806541]]}},{"type":"Feature","properties":{"tier":"arterial"},"geometry":{"type":"LineString","coordinates":[[138.62122,-34.806417],[138.622378,-34.806556],[138.623089,-34.80665],[138.624284,-34.806822],[138.624867,-34.806929],[138.62502,-34.80696]]}},{"type":"Feature","properties":{"tier":"high"},"geometry":{"type":"LineString","coordinates":[[138.599047,-34.809462],[138.599939,-34.808643]]}},{"type":"Feature","properties":{"tier":"high"},"geometry":{"type":"LineString","coordinates":[[138.595528,-34.77986],[138.595616,-34.780717]]}},{"type":"Feature","properties":{"tier":"high"},"geometry":{"type":"LineString","coordinates":[[138.590791,-34.76638],[138.590906,-34.76672],[138.590966,-34.766873],[138.591044,-34.767019],[138.59114,-34.767165],[138.591249,-34.767299],[138.591387,-34.767434],[138.591536,-34.767549],[138.591612,-34.767598],[138.591665,-34.767622],[138.591796,-34.767665],[138.591886,-34.767681]]}},{"type":"Feature","properties":{"tier":"high"},"geometry":{"type":"LineString","coordinates":[[138.590918,-34.771684],[138.590779,-34.772101],[138.590566,-34.772639],[138.590355,-34.7731],[138.590174,-34.77342]]}},{"type":"Feature","properties":{"tier":"high"},"geometry":{"type":"LineString","coordinates":[[138.591407,-34.767212],[138.591385,-34.767549]]}},{"type":"Feature","properties":{"tier":"high"},"geometry":{"type":"LineString","coordinates":[[138.59641,-34.788593],[138.59659,-34.790391],[138.596757,-34.792058]]}},{"type":"Feature","properties":{"tier":"regional"},"geometry":{"type":"LineString","coordinates":[[138.591771,-34.767785],[138.591818,-34.767725],[138.591886,-34.767681],[138.591967,-34.767658],[138.592052,-34.767657],[138.592133,-34.767679],[138.592202,-34.767722],[138.59225,-34.76778],[138.592272,-34.767848],[138.592267,-34.767918],[138.592234,-34.767984],[138.592186,-34.768031],[138.592124,-34.768064],[138.592053,-34.768082],[138.592014,-34.768085],[138.591929,-34.768074],[138.591853,-34.768041],[138.591794,-34.767989],[138.591758,-34.767924],[138.591751,-34.767854],[138.591771,-34.767785]]}},{"type":"Feature","properties":{"tier":"high"},"geometry":{"type":"LineString","coordinates":[[138.593037,-34.76402],[138.592984,-34.763853]]}},{"type":"Feature","properties":{"tier":"high"},"geometry":{"type":"LineString","coordinates":[[138.593037,-34.76402],[138.592964,-34.764103],[138.59269,-34.764412],[138.592309,-34.764863]]}},{"type":"Feature","properties":{"tier":"high"},"geometry":{"type":"LineString","coordinates":[[138.593151,-34.763663],[138.593204,-34.763834]]}},{"type":"Feature","properties":{"tier":"arterial"},"geometry":{"type":"LineString","coordinates":[[138.592984,-34.763853],[138.593151,-34.763663]]}},{"type":"Feature","properties":{"tier":"arterial"},"geometry":{"type":"LineString","coordinates":[[138.593151,-34.763663],[138.59324,-34.763562],[138.593422,-34.763357]]}},{"type":"Feature","properties":{"tier":"high"},"geometry":{"type":"LineString","coordinates":[[138.591743,-34.7655],[138.591478,-34.765787],[138.591394,-34.765873],[138.591297,-34.765954],[138.591173,-34.766048],[138.591093,-34.7661],[138.590999,-34.766152],[138.590905,-34.766199]]}},{"type":"Feature","properties":{"tier":"regional"},"geometry":{"type":"LineString","coordinates":[[138.592133,-34.767679],[138.592203,-34.767679],[138.592301,-34.767674],[138.592438,-34.767659],[138.592767,-34.7676]]}},{"type":"Feature","properties":{"tier":"regional"},"geometry":{"type":"LineString","coordinates":[[138.592767,-34.7676],[138.592544,-34.767691],[138.592423,-34.767752],[138.592374,-34.767785],[138.592323,-34.767841],[138.592267,-34.767918]]}},{"type":"Feature","properties":{"tier":"high"},"geometry":{"type":"LineString","coordinates":[[138.592668,-34.764211],[138.592798,-34.763896],[138.592818,-34.763849],[138.592888,-34.763744],[138.59291,-34.763625]]}},{"type":"Feature","properties":{"tier":"high"},"geometry":{"type":"LineString","coordinates":[[138.592014,-34.768085],[138.591918,-34.768115],[138.59185,-34.768158],[138.591798,-34.768206],[138.591744,-34.768272],[138.591716,-34.768321],[138.591689,-34.76838],[138.591655,-34.768461],[138.591642,-34.768509],[138.591633,-34.768582],[138.591584,-34.768944],[138.59153,-34.769216],[138.591479,-34.769452],[138.591368,-34.769946],[138.591272,-34.770347],[138.591146,-34.770893],[138.59106,-34.771266],[138.590918,-34.771684]]}},{"type":"Feature","properties":{"tier":"regional"},"geometry":{"type":"LineString","coordinates":[[138.618042,-34.787799],[138.618133,-34.787853]]}},{"type":"Feature","properties":{"tier":"regional"},"geometry":{"type":"LineString","coordinates":[[138.623075,-34.765252],[138.62308,-34.765221],[138.623098,-34.765188],[138.623117,-34.765169],[138.623154,-34.765147]]}},{"type":"Feature","properties":{"tier":"regional"},"geometry":{"type":"LineString","coordinates":[[138.623154,-34.765147],[138.623176,-34.76514],[138.623206,-34.765135],[138.623219,-34.765135],[138.623262,-34.76514],[138.623294,-34.765152],[138.62332,-34.765169],[138.623342,-34.765191],[138.623356,-34.765218],[138.623363,-34.765252]]}},{"type":"Feature","properties":{"tier":"regional"},"geometry":{"type":"LineString","coordinates":[[138.623095,-34.765315],[138.623081,-34.765289],[138.623075,-34.765252]]}},{"type":"Feature","properties":{"tier":"regional"},"geometry":{"type":"LineString","coordinates":[[138.623262,-34.765366],[138.623219,-34.765372],[138.623195,-34.76537],[138.623166,-34.765364],[138.623142,-34.765354],[138.623116,-34.765336],[138.623095,-34.765315]]}},{"type":"Feature","properties":{"tier":"regional"},"geometry":{"type":"LineString","coordinates":[[138.623295,-34.765354],[138.623262,-34.765366]]}},{"type":"Feature","properties":{"tier":"regional"},"geometry":{"type":"LineString","coordinates":[[138.624845,-34.765442],[138.624714,-34.765429],[138.624563,-34.765422],[138.624044,-34.765409],[138.623729,-34.765401]]}},{"type":"Feature","properties":{"tier":"regional"},"geometry":{"type":"LineString","coordinates":[[138.62502,-34.766679],[138.624967,-34.766716],[138.624827,-34.766814],[138.624649,-34.766908],[138.624503,-34.766968],[138.624416,-34.766983]]}},{"type":"Feature","properties":{"tier":"regional"},"geometry":{"type":"LineString","coordinates":[[138.624588,-34.766877],[138.624864,-34.766705]]}},{"type":"Feature","properties":{"tier":"regional"},"geometry":{"type":"LineString","coordinates":[[138.624367,-34.767002],[138.624416,-34.766983]]}},{"type":"Feature","properties":{"tier":"regional"},"geometry":{"type":"LineString","coordinates":[[138.60805,-34.764368],[138.608018,-34.764372],[138.608005,-34.764372]]}},{"type":"Feature","properties":{"tier":"regional"},"geometry":{"type":"LineString","coordinates":[[138.608104,-34.764265],[138.608112,-34.764295],[138.608111,-34.764306]]}},{"type":"Feature","properties":{"tier":"regional"},"geometry":{"type":"LineString","coordinates":[[138.608033,-34.764221],[138.608051,-34.764223],[138.608084,-34.764241],[138.608104,-34.764265]]}},{"type":"Feature","properties":{"tier":"regional"},"geometry":{"type":"LineString","coordinates":[[138.607943,-34.764339],[138.607934,-34.764329],[138.607925,-34.764295],[138.607932,-34.764266]]}},{"type":"Feature","properties":{"tier":"regional"},"geometry":{"type":"LineString","coordinates":[[138.608005,-34.764372],[138.607981,-34.764366],[138.607952,-34.76435],[138.607943,-34.764339]]}},{"type":"Feature","properties":{"tier":"regional"},"geometry":{"type":"LineString","coordinates":[[138.608111,-34.764306],[138.6081,-34.764333],[138.608084,-34.76435],[138.60805,-34.764368]]}},{"type":"Feature","properties":{"tier":"regional"},"geometry":{"type":"LineString","coordinates":[[138.607932,-34.764266],[138.607952,-34.764241],[138.607977,-34.764226]]}},{"type":"Feature","properties":{"tier":"regional"},"geometry":{"type":"LineString","coordinates":[[138.613475,-34.758222],[138.613483,-34.758254],[138.613483,-34.758263]]}},{"type":"Feature","properties":{"tier":"regional"},"geometry":{"type":"LineString","coordinates":[[138.6133,-34.758254],[138.613303,-34.758237],[138.613315,-34.758213],[138.613327,-34.758201],[138.613356,-34.758185]]}},{"type":"Feature","properties":{"tier":"regional"},"geometry":{"type":"LineString","coordinates":[[138.613439,-34.758318],[138.613411,-34.758327],[138.613392,-34.758329],[138.613375,-34.758327]]}},{"type":"Feature","properties":{"tier":"regional"},"geometry":{"type":"LineString","coordinates":[[138.613375,-34.758327],[138.613348,-34.758319],[138.613327,-34.758307],[138.613313,-34.75829]]}},{"type":"Feature","properties":{"tier":"regional"},"geometry":{"type":"LineString","coordinates":[[138.613465,-34.758211],[138.613475,-34.758222]]}},{"type":"Feature","properties":{"tier":"regional"},"geometry":{"type":"LineString","coordinates":[[138.613356,-34.758185],[138.613392,-34.758178],[138.613403,-34.75818]]}},{"type":"Feature","properties":{"tier":"regional"},"geometry":{"type":"LineString","coordinates":[[138.613483,-34.758263],[138.613479,-34.758277],[138.613472,-34.75829],[138.613456,-34.758307],[138.613439,-34.758318]]}},{"type":"Feature","properties":{"tier":"regional"},"geometry":{"type":"LineString","coordinates":[[138.613403,-34.75818],[138.613424,-34.758183],[138.613445,-34.758192],[138.613457,-34.758201],[138.613465,-34.758211]]}},{"type":"Feature","properties":{"tier":"regional"},"geometry":{"type":"LineString","coordinates":[[138.62189,-34.767906],[138.622219,-34.76778]]}},{"type":"Feature","properties":{"tier":"regional"},"geometry":{"type":"LineString","coordinates":[[138.621707,-34.767992],[138.62189,-34.767906]]}},{"type":"Feature","properties":{"tier":"regional"},"geometry":{"type":"LineString","coordinates":[[138.622251,-34.767837],[138.621548,-34.768121],[138.621477,-34.768137],[138.621432,-34.768144],[138.621398,-34.768148],[138.621365,-34.768149],[138.621279,-34.768146],[138.621126,-34.76812],[138.621008,-34.768118]]}},{"type":"Feature","properties":{"tier":"regional"},"geometry":{"type":"LineString","coordinates":[[138.622219,-34.76778],[138.622478,-34.76768],[138.622902,-34.76752],[138.622987,-34.767488],[138.623107,-34.767418]]}},{"type":"Feature","properties":{"tier":"regional"},"geometry":{"type":"LineString","coordinates":[[138.624864,-34.766705],[138.624918,-34.766667],[138.62502,-34.766595]]}},{"type":"Feature","properties":{"tier":"regional"},"geometry":{"type":"LineString","coordinates":[[138.611689,-34.783982],[138.611674,-34.78399],[138.611632,-34.783998],[138.6116,-34.783993],[138.611564,-34.783974],[138.61155,-34.783955],[138.611541,-34.783945],[138.611536,-34.783918],[138.611537,-34.783906],[138.611541,-34.783897]]}},{"type":"Feature","properties":{"tier":"regional"},"geometry":{"type":"LineString","coordinates":[[138.611541,-34.783897],[138.611547,-34.783882],[138.611564,-34.783863],[138.611576,-34.783856]]}},{"type":"Feature","properties":{"tier":"regional"},"geometry":{"type":"LineString","coordinates":[[138.61415,-34.785447],[138.614152,-34.785436],[138.614156,-34.785425],[138.614165,-34.785413],[138.614173,-34.785405],[138.614182,-34.785399],[138.614197,-34.785392],[138.61423,-34.785388],[138.614266,-34.785398],[138.614284,-34.785412],[138.614295,-34.785429],[138.614297,-34.785435]]}},{"type":"Feature","properties":{"tier":"regional"},"geometry":{"type":"LineString","coordinates":[[138.614297,-34.785435],[138.614299,-34.785443],[138.614298,-34.785454]]}},{"type":"Feature","properties":{"tier":"regional"},"geometry":{"type":"LineString","coordinates":[[138.614249,-34.785507],[138.614239,-34.785509],[138.614221,-34.78551],[138.614206,-34.785508],[138.614194,-34.785505],[138.614174,-34.785494],[138.614163,-34.785484],[138.614156,-34.785472],[138.614151,-34.785459],[138.61415,-34.785447]]}},{"type":"Feature","properties":{"tier":"high"},"geometry":{"type":"LineString","coordinates":[[138.593204,-34.763834],[138.593037,-34.76402]]}},{"type":"Feature","properties":{"tier":"high"},"geometry":{"type":"LineString","coordinates":[[138.594263,-34.76749],[138.594367,-34.768784],[138.594522,-34.77008]]}},{"type":"Feature","properties":{"tier":"high"},"geometry":{"type":"LineString","coordinates":[[138.603276,-34.804935],[138.603827,-34.80432],[138.603888,-34.804256]]}},{"type":"Feature","properties":{"tier":"high"},"geometry":{"type":"LineString","coordinates":[[138.60334,-34.805052],[138.603223,-34.805185]]}},{"type":"Feature","properties":{"tier":"high"},"geometry":{"type":"LineString","coordinates":[[138.601962,-34.806417],[138.60323,-34.804991]]}},{"type":"Feature","properties":{"tier":"regional"},"geometry":{"type":"LineString","coordinates":[[138.617222,-34.81138],[138.617177,-34.811338],[138.617126,-34.811298],[138.617071,-34.811252],[138.617026,-34.811215],[138.616955,-34.81113]]}},{"type":"Feature","properties":{"tier":"regional"},"geometry":{"type":"LineString","coordinates":[[138.616694,-34.811149],[138.61642,-34.811136],[138.615862,-34.81113],[138.615816,-34.81113],[138.615177,-34.811124],[138.615159,-34.811124]]}},{"type":"Feature","properties":{"tier":"regional"},"geometry":{"type":"LineString","coordinates":[[138.616694,-34.811149],[138.616787,-34.811133],[138.616888,-34.811098],[138.616908,-34.811088],[138.616923,-34.81108],[138.616979,-34.811051]]}},{"type":"Feature","properties":{"tier":"regional"},"geometry":{"type":"LineString","coordinates":[[138.616923,-34.81108],[138.616893,-34.811022],[138.616884,-34.810941],[138.616886,-34.810926],[138.616916,-34.810702]]}},{"type":"Feature","properties":{"tier":"arterial"},"geometry":{"type":"LineString","coordinates":[[138.616988,-34.805588],[138.617082,-34.805618]]}},{"type":"Feature","properties":{"tier":"regional"},"geometry":{"type":"LineString","coordinates":[[138.616984,-34.805695],[138.616988,-34.805588]]}},{"type":"Feature","properties":{"tier":"arterial"},"geometry":{"type":"LineString","coordinates":[[138.616984,-34.805695],[138.616923,-34.805674],[138.616742,-34.805612]]}},{"type":"Feature","properties":{"tier":"arterial"},"geometry":{"type":"LineString","coordinates":[[138.617091,-34.805732],[138.616984,-34.805695]]}},{"type":"Feature","properties":{"tier":"regional"},"geometry":{"type":"LineString","coordinates":[[138.617091,-34.805732],[138.617096,-34.805795],[138.617103,-34.805888],[138.617101,-34.80593]]}},{"type":"Feature","properties":{"tier":"regional"},"geometry":{"type":"LineString","coordinates":[[138.616987,-34.807313],[138.61699,-34.807173]]}},{"type":"Feature","properties":{"tier":"arterial"},"geometry":{"type":"LineString","coordinates":[[138.62502,-34.807095],[138.624458,-34.806969],[138.622689,-34.806681],[138.621492,-34.806531],[138.621296,-34.806505]]}},{"type":"Feature","properties":{"tier":"regional"},"geometry":{"type":"LineString","coordinates":[[138.622329,-34.760524],[138.622216,-34.760565],[138.622055,-34.760624],[138.621956,-34.760658],[138.621851,-34.760685],[138.621749,-34.760701],[138.621614,-34.760711],[138.621452,-34.760713],[138.621264,-34.760714],[138.62112,-34.760726],[138.621003,-34.760737],[138.620898,-34.760759],[138.620847,-34.760773],[138.620806,-34.760784]]}},{"type":"Feature","properties":{"tier":"regional"},"geometry":{"type":"LineString","coordinates":[[138.620515,-34.760826],[138.62053,-34.760811],[138.620545,-34.760801],[138.620565,-34.760792],[138.620597,-34.760787],[138.620611,-34.760788]]}},{"type":"Feature","properties":{"tier":"regional"},"geometry":{"type":"LineString","coordinates":[[138.620652,-34.760803],[138.620665,-34.76081],[138.620678,-34.760823],[138.62069,-34.760845],[138.620694,-34.760866]]}},{"type":"Feature","properties":{"tier":"regional"},"geometry":{"type":"LineString","coordinates":[[138.620504,-34.760849],[138.620515,-34.760826]]}},{"type":"Feature","properties":{"tier":"regional"},"geometry":{"type":"LineString","coordinates":[[138.620611,-34.760788],[138.620636,-34.760794],[138.620652,-34.760803]]}},{"type":"Feature","properties":{"tier":"arterial"},"geometry":{"type":"LineString","coordinates":[[138.603075,-34.751884],[138.603104,-34.751878],[138.603133,-34.751877],[138.603163,-34.75188]]}},{"type":"Feature","properties":{"tier":"arterial"},"geometry":{"type":"LineString","coordinates":[[138.603279,-34.751967],[138.603285,-34.751987],[138.603286,-34.752007],[138.603284,-34.752028]]}},{"type":"Feature","properties":{"tier":"arterial"},"geometry":{"type":"LineString","coordinates":[[138.603163,-34.75188],[138.603189,-34.751886],[138.603213,-34.751897],[138.603235,-34.751911],[138.603254,-34.751927],[138.603268,-34.751946],[138.603279,-34.751967]]}},{"type":"Feature","properties":{"tier":"arterial"},"geometry":{"type":"LineString","coordinates":[[138.603048,-34.751895],[138.603075,-34.751884]]}},{"type":"Feature","properties":{"tier":"arterial"},"geometry":{"type":"LineString","coordinates":[[138.602975,-34.751979],[138.602985,-34.751954],[138.603001,-34.751931],[138.603022,-34.751911],[138.603048,-34.751895]]}},{"type":"Feature","properties":{"tier":"arterial"},"geometry":{"type":"LineString","coordinates":[[138.603006,-34.752087],[138.60299,-34.752068],[138.602979,-34.752047],[138.602973,-34.752025],[138.602971,-34.752002],[138.602975,-34.751979]]}},{"type":"Feature","properties":{"tier":"arterial"},"geometry":{"type":"LineString","coordinates":[[138.603093,-34.752132],[138.60306,-34.752123],[138.60303,-34.752108],[138.603006,-34.752087]]}},{"type":"Feature","properties":{"tier":"arterial"},"geometry":{"type":"LineString","coordinates":[[138.603284,-34.752028],[138.603278,-34.752048],[138.603268,-34.752067],[138.603254,-34.752085],[138.603237,-34.7521],[138.603217,-34.752113],[138.603195,-34.752124]]}},{"type":"Feature","properties":{"tier":"high"},"geometry":{"type":"LineString","coordinates":[[138.596774,-34.79417],[138.59675,-34.794579]]}},{"type":"Feature","properties":{"tier":"regional"},"geometry":{"type":"LineString","coordinates":[[138.60811,-34.781823],[138.608105,-34.781813],[138.608102,-34.781791]]}},{"type":"Feature","properties":{"tier":"regional"},"geometry":{"type":"LineString","coordinates":[[138.608303,-34.781809],[138.608293,-34.781832],[138.608276,-34.78185],[138.608258,-34.781863],[138.608246,-34.781867]]}},{"type":"Feature","properties":{"tier":"regional"},"geometry":{"type":"LineString","coordinates":[[138.608161,-34.781715],[138.60819,-34.781709],[138.608204,-34.781708]]}},{"type":"Feature","properties":{"tier":"regional"},"geometry":{"type":"LineString","coordinates":[[138.608204,-34.781708],[138.608232,-34.781711],[138.608256,-34.78172],[138.608276,-34.781732],[138.608288,-34.781744],[138.608294,-34.781755]]}},{"type":"Feature","properties":{"tier":"regional"},"geometry":{"type":"LineString","coordinates":[[138.608102,-34.781791],[138.608104,-34.781774],[138.608117,-34.781748],[138.608132,-34.781732],[138.608161,-34.781715]]}},{"type":"Feature","properties":{"tier":"regional"},"geometry":{"type":"LineString","coordinates":[[138.608246,-34.781867],[138.608231,-34.781872],[138.608204,-34.781875]]}},{"type":"Feature","properties":{"tier":"regional"},"geometry":{"type":"LineString","coordinates":[[138.608204,-34.781875],[138.608184,-34.781874],[138.608151,-34.781863],[138.608132,-34.781851],[138.608116,-34.781835],[138.60811,-34.781823]]}},{"type":"Feature","properties":{"tier":"arterial"},"geometry":{"type":"LineString","coordinates":[[138.611319,-34.769988],[138.611335,-34.769989],[138.61135,-34.769992],[138.611365,-34.769997],[138.611379,-34.770003],[138.611391,-34.770012],[138.611401,-34.770022],[138.61141,-34.770033],[138.611416,-34.770045],[138.61142,-34.770057]]}},{"type":"Feature","properties":{"tier":"arterial"},"geometry":{"type":"LineString","coordinates":[[138.61142,-34.770057],[138.611422,-34.770071],[138.611421,-34.770085],[138.611417,-34.770098],[138.61141,-34.770111],[138.611401,-34.770122],[138.61139,-34.770133],[138.611377,-34.770141],[138.611362,-34.770148],[138.611346,-34.770153]]}},{"type":"Feature","properties":{"tier":"arterial"},"geometry":{"type":"LineString","coordinates":[[138.611303,-34.769989],[138.611319,-34.769988]]}},{"type":"Feature","properties":{"tier":"arterial"},"geometry":{"type":"LineString","coordinates":[[138.611219,-34.770059],[138.611223,-34.770046],[138.611229,-34.770034],[138.611237,-34.770023],[138.611247,-34.770013],[138.611259,-34.770004],[138.611273,-34.769998],[138.611288,-34.769992],[138.611303,-34.769989]]}},{"type":"Feature","properties":{"tier":"arterial"},"geometry":{"type":"LineString","coordinates":[[138.611346,-34.770153],[138.611333,-34.770155],[138.611321,-34.770155]]}},{"type":"Feature","properties":{"tier":"arterial"},"geometry":{"type":"LineString","coordinates":[[138.611233,-34.770116],[138.611226,-34.770105],[138.611222,-34.770094],[138.611219,-34.770083],[138.611218,-34.770071],[138.611219,-34.770059]]}},{"type":"Feature","properties":{"tier":"arterial"},"geometry":{"type":"LineString","coordinates":[[138.62455,-34.751957],[138.62434,-34.751823],[138.624267,-34.751778],[138.623762,-34.751477]]}},{"type":"Feature","properties":{"tier":"arterial"},"geometry":{"type":"LineString","coordinates":[[138.62502,-34.752241],[138.62455,-34.751957]]}},{"type":"Feature","properties":{"tier":"arterial"},"geometry":{"type":"LineString","coordinates":[[138.62459,-34.751909],[138.62502,-34.752171]]}},{"type":"Feature","properties":{"tier":"arterial"},"geometry":{"type":"LineString","coordinates":[[138.623803,-34.751432],[138.62424,-34.751692],[138.624307,-34.751733],[138.62459,-34.751909]]}},{"type":"Feature","properties":{"tier":"arterial"},"geometry":{"type":"LineString","coordinates":[[138.622139,-34.750485],[138.62189,-34.750332]]}},{"type":"Feature","properties":{"tier":"arterial"},"geometry":{"type":"LineString","coordinates":[[138.623762,-34.751477],[138.622139,-34.750485]]}},{"type":"Feature","properties":{"tier":"arterial"},"geometry":{"type":"LineString","coordinates":[[138.621931,-34.750291],[138.622178,-34.750442],[138.623803,-34.751432]]}},{"type":"Feature","properties":{"tier":"arterial"},"geometry":{"type":"LineString","coordinates":[[138.62189,-34.750332],[138.621629,-34.75017],[138.621317,-34.74998]]}},{"type":"Feature","properties":{"tier":"arterial"},"geometry":{"type":"LineString","coordinates":[[138.621427,-34.74998],[138.621667,-34.750128],[138.621931,-34.750291]]}},{"type":"Feature","properties":{"tier":"high"},"geometry":{"type":"LineString","coordinates":[[138.59291,-34.763625],[138.592505,-34.762443]]}},{"type":"Feature","properties":{"tier":"arterial"},"geometry":{"type":"LineString","coordinates":[[138.60984,-34.80229],[138.60978,-34.802252],[138.609728,-34.802235],[138.609661,-34.802219],[138.609644,-34.802203],[138.609636,-34.802182]]}},{"type":"Feature","properties":{"tier":"arterial"},"geometry":{"type":"LineString","coordinates":[[138.609636,-34.802182],[138.610118,-34.802266],[138.610394,-34.802339],[138.610639,-34.802421],[138.611004,-34.80257],[138.611059,-34.802633]]}},{"type":"Feature","properties":{"tier":"arterial"},"geometry":{"type":"LineString","coordinates":[[138.608726,-34.802141],[138.608606,-34.802123]]}},{"type":"Feature","properties":{"tier":"arterial"},"geometry":{"type":"LineString","coordinates":[[138.608322,-34.801945],[138.608896,-34.802069],[138.609559,-34.802169],[138.609636,-34.802182]]}},{"type":"Feature","properties":{"tier":"arterial"},"geometry":{"type":"LineString","coordinates":[[138.608992,-34.802183],[138.608726,-34.802141]]}},{"type":"Feature","properties":{"tier":"regional"},"geometry":{"type":"LineString","coordinates":[[138.605244,-34.779978],[138.605225,-34.779967],[138.60519,-34.779953],[138.605144,-34.779938],[138.605099,-34.779922],[138.605053,-34.779902],[138.605018,-34.779882],[138.604934,-34.779805]]}},{"type":"Feature","properties":{"tier":"regional"},"geometry":{"type":"LineString","coordinates":[[138.605283,-34.779933],[138.605313,-34.779959],[138.605345,-34.779994],[138.605377,-34.780035],[138.605412,-34.780064],[138.605456,-34.780095],[138.605576,-34.780187]]}},{"type":"Feature","properties":{"tier":"high"},"geometry":{"type":"LineString","coordinates":[[138.588627,-34.766007],[138.588542,-34.765934],[138.588457,-34.765851],[138.588377,-34.76576],[138.588301,-34.765662],[138.588245,-34.765573],[138.588184,-34.765466],[138.588136,-34.765353],[138.588101,-34.765232],[138.588075,-34.765105],[138.588063,-34.764967],[138.588063,-34.764837],[138.588082,-34.7647],[138.588114,-34.764563],[138.588211,-34.764263],[138.588361,-34.763823],[138.588485,-34.763417],[138.588523,-34.763249],[138.588553,-34.763048],[138.588578,-34.762762]]}},{"type":"Feature","properties":{"tier":"high"},"geometry":{"type":"LineString","coordinates":[[138.591607,-34.759764],[138.591541,-34.759569],[138.591267,-34.758772]]}},{"type":"Feature","properties":{"tier":"high"},"geometry":{"type":"LineString","coordinates":[[138.591267,-34.758772],[138.591201,-34.75858],[138.590796,-34.757366],[138.590378,-34.756142],[138.590218,-34.755659],[138.590204,-34.755618],[138.589544,-34.753666],[138.58912,-34.752387],[138.588767,-34.751348],[138.588413,-34.750299],[138.58839,-34.750233]]}},{"type":"Feature","properties":{"tier":"arterial"},"geometry":{"type":"LineString","coordinates":[[138.599795,-34.755854],[138.599764,-34.755859]]}},{"type":"Feature","properties":{"tier":"arterial"},"geometry":{"type":"LineString","coordinates":[[138.599841,-34.755768],[138.599846,-34.755792],[138.599841,-34.755814],[138.599826,-34.755836],[138.599822,-34.75584],[138.599795,-34.755854]]}},{"type":"Feature","properties":{"tier":"arterial"},"geometry":{"type":"LineString","coordinates":[[138.599774,-34.755726],[138.599792,-34.755728],[138.599822,-34.755744],[138.599841,-34.755768]]}},{"type":"Feature","properties":{"tier":"arterial"},"geometry":{"type":"LineString","coordinates":[[138.599691,-34.755824],[138.599683,-34.755803],[138.599682,-34.755792]]}},{"type":"Feature","properties":{"tier":"arterial"},"geometry":{"type":"LineString","coordinates":[[138.599764,-34.755859],[138.599729,-34.755853],[138.599706,-34.75584],[138.599691,-34.755824]]}},{"type":"Feature","properties":{"tier":"arterial"},"geometry":{"type":"LineString","coordinates":[[138.599682,-34.755792],[138.599687,-34.755768],[138.599705,-34.755744],[138.599726,-34.755732]]}},{"type":"Feature","properties":{"tier":"arterial"},"geometry":{"type":"LineString","coordinates":[[138.596019,-34.75982],[138.596032,-34.759798],[138.596042,-34.759788],[138.596063,-34.759775],[138.596072,-34.759773]]}},{"type":"Feature","properties":{"tier":"arterial"},"geometry":{"type":"LineString","coordinates":[[138.596195,-34.759841],[138.596192,-34.759854]]}},{"type":"Feature","properties":{"tier":"arterial"},"geometry":{"type":"LineString","coordinates":[[138.596119,-34.759768],[138.596129,-34.759769],[138.596154,-34.759779],[138.596169,-34.759789],[138.596185,-34.759807],[138.596195,-34.759841]]}},{"type":"Feature","properties":{"tier":"arterial"},"geometry":{"type":"LineString","coordinates":[[138.596072,-34.759773],[138.596089,-34.759768],[138.596106,-34.759767],[138.596119,-34.759768]]}},{"type":"Feature","properties":{"tier":"arterial"},"geometry":{"type":"LineString","coordinates":[[138.596015,-34.759841],[138.596019,-34.75982]]}},{"type":"Feature","properties":{"tier":"arterial"},"geometry":{"type":"LineString","coordinates":[[138.59602,-34.759865],[138.596015,-34.759841]]}},{"type":"Feature","properties":{"tier":"arterial"},"geometry":{"type":"LineString","coordinates":[[138.596106,-34.759915],[138.596075,-34.75991],[138.596042,-34.759893],[138.59602,-34.759865]]}},{"type":"Feature","properties":{"tier":"arterial"},"geometry":{"type":"LineString","coordinates":[[138.596146,-34.759905],[138.596132,-34.759911],[138.596106,-34.759915]]}},{"type":"Feature","properties":{"tier":"arterial"},"geometry":{"type":"LineString","coordinates":[[138.596697,-34.759302],[138.596451,-34.759565],[138.596348,-34.759645],[138.596284,-34.759693],[138.596239,-34.759742],[138.59622,-34.75978],[138.596195,-34.759841]]}},{"type":"Feature","properties":{"tier":"arterial"},"geometry":{"type":"LineString","coordinates":[[138.596882,-34.759088],[138.596781,-34.759206],[138.596697,-34.759302]]}},{"type":"Feature","properties":{"tier":"arterial"},"geometry":{"type":"LineString","coordinates":[[138.596804,-34.759041],[138.596976,-34.758849],[138.597018,-34.758802]]}},{"type":"Feature","properties":{"tier":"arterial"},"geometry":{"type":"LineString","coordinates":[[138.596617,-34.759251],[138.5967,-34.759158],[138.596804,-34.759041]]}},{"type":"Feature","properties":{"tier":"arterial"},"geometry":{"type":"LineString","coordinates":[[138.598663,-34.757094],[138.598401,-34.757389],[138.598346,-34.757452],[138.598193,-34.757624],[138.597598,-34.758289],[138.597546,-34.758346]]}},{"type":"Feature","properties":{"tier":"arterial"},"geometry":{"type":"LineString","coordinates":[[138.598586,-34.757047],[138.598963,-34.756626],[138.599236,-34.756314],[138.599448,-34.756097],[138.599593,-34.75595],[138.59964,-34.755904],[138.599661,-34.755881],[138.599675,-34.755855],[138.599691,-34.755824]]}},{"type":"Feature","properties":{"tier":"arterial"},"geometry":{"type":"LineString","coordinates":[[138.605045,-34.74998],[138.604812,-34.750259],[138.604452,-34.750667]]}},{"type":"Feature","properties":{"tier":"arterial"},"geometry":{"type":"LineString","coordinates":[[138.604452,-34.750667],[138.603949,-34.751231],[138.603825,-34.751353],[138.6036,-34.751573],[138.603345,-34.751853],[138.603318,-34.751883],[138.603279,-34.751967]]}},{"type":"Feature","properties":{"tier":"arterial"},"geometry":{"type":"LineString","coordinates":[[138.604389,-34.750629],[138.604794,-34.750164],[138.604944,-34.74998]]}},{"type":"Feature","properties":{"tier":"arterial"},"geometry":{"type":"LineString","coordinates":[[138.601592,-34.753702],[138.601696,-34.753591],[138.602283,-34.752933],[138.602878,-34.752272],[138.602891,-34.752255],[138.602932,-34.752206],[138.602954,-34.752174],[138.602973,-34.752138],[138.603006,-34.752087]]}},{"type":"Feature","properties":{"tier":"arterial"},"geometry":{"type":"LineString","coordinates":[[138.601675,-34.753752],[138.60125,-34.754226],[138.600816,-34.754715],[138.600745,-34.754794]]}},{"type":"Feature","properties":{"tier":"arterial"},"geometry":{"type":"LineString","coordinates":[[138.600656,-34.754741],[138.601145,-34.754179]]}},{"type":"Feature","properties":{"tier":"arterial"},"geometry":{"type":"LineString","coordinates":[[138.600745,-34.754794],[138.600578,-34.754979],[138.600327,-34.755257],[138.599972,-34.75561],[138.599915,-34.755662],[138.599884,-34.755696],[138.599864,-34.755729],[138.599841,-34.755768]]}},{"type":"Feature","properties":{"tier":"arterial"},"geometry":{"type":"LineString","coordinates":[[138.597146,-34.758659],[138.597154,-34.758649]]}},{"type":"Feature","properties":{"tier":"arterial"},"geometry":{"type":"LineString","coordinates":[[138.597018,-34.758802],[138.597077,-34.758736],[138.597146,-34.758659]]}},{"type":"Feature","properties":{"tier":"high"},"geometry":{"type":"LineString","coordinates":[[138.588715,-34.765935],[138.588864,-34.766039],[138.589058,-34.766149],[138.589237,-34.766229],[138.589447,-34.766294],[138.589549,-34.766321],[138.589671,-34.766344],[138.589807,-34.76636],[138.589937,-34.766365]]}},{"type":"Feature","properties":{"tier":"high"},"geometry":{"type":"LineString","coordinates":[[138.589937,-34.766365],[138.590073,-34.766365],[138.59018,-34.766357],[138.59031,-34.766341],[138.590428,-34.76632],[138.590563,-34.766287],[138.590669,-34.766253],[138.590791,-34.766207],[138.590896,-34.76616]]}},{"type":"Feature","properties":{"tier":"high"},"geometry":{"type":"LineString","coordinates":[[138.589647,-34.766387],[138.589456,-34.766365],[138.589301,-34.766329],[138.588854,-34.766156],[138.58883,-34.766135],[138.588627,-34.766007]]}},{"type":"Feature","properties":{"tier":"high"},"geometry":{"type":"LineString","coordinates":[[138.590905,-34.766199],[138.590802,-34.766247],[138.590681,-34.766291],[138.590572,-34.766325],[138.590437,-34.766357],[138.59032,-34.76638],[138.590193,-34.766395],[138.590086,-34.766404],[138.589951,-34.766406]]}},{"type":"Feature","properties":{"tier":"regional"},"geometry":{"type":"LineString","coordinates":[[138.603527,-34.792175],[138.603485,-34.792172],[138.603447,-34.792157],[138.603417,-34.792134]]}},{"type":"Feature","properties":{"tier":"regional"},"geometry":{"type":"LineString","coordinates":[[138.603488,-34.791972],[138.603529,-34.79197],[138.603567,-34.791978],[138.603601,-34.791996],[138.603626,-34.792022],[138.60364,-34.792053],[138.603641,-34.792087],[138.603628,-34.792119],[138.603603,-34.792147],[138.603568,-34.792166],[138.603527,-34.792175]]}},{"type":"Feature","properties":{"tier":"regional"},"geometry":{"type":"LineString","coordinates":[[138.603417,-34.792134],[138.603398,-34.792103],[138.603392,-34.792069],[138.6034,-34.792035],[138.603421,-34.792007],[138.603451,-34.791985],[138.603488,-34.791972]]}},{"type":"Feature","properties":{"tier":"regional"},"geometry":{"type":"LineString","coordinates":[[138.60364,-34.792053],[138.603705,-34.792153],[138.603731,-34.792171],[138.604329,-34.792579]]}},{"type":"Feature","properties":{"tier":"regional"},"geometry":{"type":"LineString","coordinates":[[138.604329,-34.792579],[138.603686,-34.79223],[138.603568,-34.792166]]}},{"type":"Feature","properties":{"tier":"regional"},"geometry":{"type":"LineString","coordinates":[[138.603392,-34.792069],[138.603279,-34.791987],[138.602939,-34.79179],[138.60256,-34.791528]]}},{"type":"Feature","properties":{"tier":"regional"},"geometry":{"type":"LineString","coordinates":[[138.60256,-34.791528],[138.602899,-34.791704],[138.603133,-34.791816],[138.603447,-34.791924],[138.603567,-34.791978]]}},{"type":"Feature","properties":{"tier":"regional"},"geometry":{"type":"LineString","coordinates":[[138.600675,-34.790321],[138.600676,-34.790329],[138.600672,-34.790351],[138.600659,-34.790376],[138.600646,-34.790388],[138.600626,-34.790401],[138.600601,-34.790409],[138.600587,-34.790411],[138.600575,-34.790412],[138.600552,-34.79041],[138.600525,-34.790402],[138.600503,-34.790388],[138.600488,-34.790371],[138.600481,-34.790357]]}},{"type":"Feature","properties":{"tier":"regional"},"geometry":{"type":"LineString","coordinates":[[138.600575,-34.790246],[138.600603,-34.790249],[138.600629,-34.790259],[138.600646,-34.790271],[138.600667,-34.790295],[138.600673,-34.790311],[138.600675,-34.790321]]}},{"type":"Feature","properties":{"tier":"regional"},"geometry":{"type":"LineString","coordinates":[[138.600481,-34.790357],[138.600476,-34.790346],[138.600475,-34.790338]]}},{"type":"Feature","properties":{"tier":"regional"},"geometry":{"type":"LineString","coordinates":[[138.60056,-34.790248],[138.600575,-34.790246]]}},{"type":"Feature","properties":{"tier":"arterial"},"geometry":{"type":"LineString","coordinates":[[138.594036,-34.7628],[138.594352,-34.762584],[138.59445,-34.762507],[138.594499,-34.762463],[138.594528,-34.762422],[138.59456,-34.762377],[138.594597,-34.762299],[138.594621,-34.762216],[138.594624,-34.762206],[138.594622,-34.762056],[138.594609,-34.761917],[138.594628,-34.761746]]}},{"type":"Feature","properties":{"tier":"arterial"},"geometry":{"type":"LineString","coordinates":[[138.606754,-34.80104],[138.606839,-34.80094],[138.607615,-34.800076],[138.60789,-34.799768]]}},{"type":"Feature","properties":{"tier":"regional"},"geometry":{"type":"LineString","coordinates":[[138.605644,-34.784641],[138.606051,-34.784182],[138.606487,-34.783697],[138.606754,-34.7834],[138.60712,-34.782992],[138.607521,-34.782546],[138.607575,-34.782486],[138.607924,-34.782089],[138.607943,-34.782069]]}},{"type":"Feature","properties":{"tier":"regional"},"geometry":{"type":"LineString","coordinates":[[138.60557,-34.784723],[138.605597,-34.784693],[138.605644,-34.784641]]}},{"type":"Feature","properties":{"tier":"regional"},"geometry":{"type":"LineString","coordinates":[[138.612419,-34.777355],[138.612424,-34.777403]]}},{"type":"Feature","properties":{"tier":"regional"},"geometry":{"type":"LineString","coordinates":[[138.612424,-34.777403],[138.612324,-34.777543],[138.612285,-34.777596],[138.612151,-34.777751],[138.611956,-34.777901]]}},{"type":"Feature","properties":{"tier":"regional"},"geometry":{"type":"LineString","coordinates":[[138.612415,-34.777316],[138.612419,-34.777355]]}},{"type":"Feature","properties":{"tier":"regional"},"geometry":{"type":"LineString","coordinates":[[138.612415,-34.777316],[138.612608,-34.77707],[138.612744,-34.77693],[138.612893,-34.776794]]}},{"type":"Feature","properties":{"tier":"regional"},"geometry":{"type":"LineString","coordinates":[[138.612375,-34.77737],[138.612415,-34.777316]]}},{"type":"Feature","properties":{"tier":"regional"},"geometry":{"type":"LineString","coordinates":[[138.612473,-34.777335],[138.612424,-34.777403]]}},{"type":"Feature","properties":{"tier":"arterial"},"geometry":{"type":"LineString","coordinates":[[138.612892,-34.794362],[138.612846,-34.794414],[138.612033,-34.795327],[138.611746,-34.795649]]}},{"type":"Feature","properties":{"tier":"high"},"geometry":{"type":"LineString","coordinates":[[138.578374,-34.794058],[138.578497,-34.793636],[138.578666,-34.793062],[138.57889,-34.79234],[138.579227,-34.791182],[138.579573,-34.78998],[138.580216,-34.788047],[138.580438,-34.787489],[138.580696,-34.786848],[138.581046,-34.786057],[138.581607,-34.784961],[138.58222,-34.783884],[138.582395,-34.783613]]}},{"type":"Feature","properties":{"tier":"high"},"geometry":{"type":"LineString","coordinates":[[138.582395,-34.783613],[138.582512,-34.783436]]}},{"type":"Feature","properties":{"tier":"high"},"geometry":{"type":"LineString","coordinates":[[138.582682,-34.783571],[138.582337,-34.784147],[138.581262,-34.786084],[138.580867,-34.787003],[138.580691,-34.787424],[138.580512,-34.787836],[138.580293,-34.788425],[138.579755,-34.790047],[138.579415,-34.791234],[138.579043,-34.792486],[138.578812,-34.793268],[138.578568,-34.794093]]}},{"type":"Feature","properties":{"tier":"high"},"geometry":{"type":"LineString","coordinates":[[138.582791,-34.783408],[138.582682,-34.783571]]}},{"type":"Feature","properties":{"tier":"high"},"geometry":{"type":"LineString","coordinates":[[138.596416,-34.799714],[138.596407,-34.799614],[138.596394,-34.799456]]}},{"type":"Feature","properties":{"tier":"regional"},"geometry":{"type":"LineString","coordinates":[[138.620041,-34.768667],[138.620136,-34.76862],[138.620232,-34.768576],[138.620378,-34.768513],[138.620467,-34.768456],[138.62054,-34.768403],[138.620612,-34.768341],[138.620676,-34.768272],[138.620727,-34.768207],[138.620754,-34.768148],[138.620791,-34.768045]]}},{"type":"Feature","properties":{"tier":"regional"},"geometry":{"type":"LineString","coordinates":[[138.620074,-34.768715],[138.620024,-34.768742],[138.61996,-34.768784],[138.619881,-34.768831],[138.619837,-34.768864],[138.619779,-34.768911],[138.619616,-34.769037]]}},{"type":"Feature","properties":{"tier":"arterial"},"geometry":{"type":"LineString","coordinates":[[138.609771,-34.797841],[138.60928,-34.798382]]}},{"type":"Feature","properties":{"tier":"regional"},"geometry":{"type":"LineString","coordinates":[[138.62502,-34.773164],[138.624669,-34.772956]]}},{"type":"Feature","properties":{"tier":"high"},"geometry":{"type":"LineString","coordinates":[[138.591655,-34.765461],[138.591889,-34.765152],[138.592287,-34.764663]]}},{"type":"Feature","properties":{"tier":"high"},"geometry":{"type":"LineString","coordinates":[[138.588578,-34.762762],[138.588575,-34.762451],[138.588554,-34.762175],[138.588524,-34.761948],[138.588422,-34.761494],[138.588359,-34.761196]]}},{"type":"Feature","properties":{"tier":"high"},"geometry":{"type":"LineString","coordinates":[[138.588359,-34.761196],[138.588236,-34.760757],[138.588088,-34.759917]]}},{"type":"Feature","properties":{"tier":"high"},"geometry":{"type":"LineString","coordinates":[[138.589951,-34.766406],[138.589797,-34.766399],[138.589647,-34.766387]]}},{"type":"Feature","properties":{"tier":"high"},"geometry":{"type":"LineString","coordinates":[[138.587015,-34.777623],[138.584057,-34.781607],[138.583267,-34.782768],[138.582791,-34.783408]]}},{"type":"Feature","properties":{"tier":"high"},"geometry":{"type":"LineString","coordinates":[[138.588835,-34.775174],[138.587015,-34.777623]]}},{"type":"Feature","properties":{"tier":"high"},"geometry":{"type":"LineString","coordinates":[[138.590174,-34.77342],[138.589974,-34.773747],[138.589685,-34.774175],[138.589309,-34.774701],[138.588835,-34.775174]]}},{"type":"Feature","properties":{"tier":"high"},"geometry":{"type":"LineString","coordinates":[[138.586097,-34.755164],[138.586275,-34.755386],[138.586757,-34.756087],[138.58716,-34.756749],[138.587484,-34.757407],[138.587751,-34.758106],[138.589338,-34.762625]]}},{"type":"Feature","properties":{"tier":"high"},"geometry":{"type":"LineString","coordinates":[[138.581606,-34.74998],[138.581609,-34.749988],[138.582187,-34.751003],[138.582679,-34.751667],[138.58345,-34.752484],[138.584057,-34.753098],[138.584424,-34.753443],[138.585697,-34.754728],[138.586097,-34.755164]]}},{"type":"Feature","properties":{"tier":"high"},"geometry":{"type":"LineString","coordinates":[[138.588088,-34.759917],[138.58737,-34.757866],[138.587149,-34.757326],[138.586891,-34.756801],[138.586682,-34.756434],[138.586333,-34.755856]]}},{"type":"Feature","properties":{"tier":"high"},"geometry":{"type":"LineString","coordinates":[[138.590607,-34.767707],[138.59037,-34.766571],[138.588982,-34.76244],[138.588521,-34.761151],[138.588088,-34.759917]]}},{"type":"Feature","properties":{"tier":"high"},"geometry":{"type":"LineString","coordinates":[[138.590721,-34.768955],[138.590708,-34.768535],[138.590668,-34.768114],[138.590654,-34.767969],[138.590607,-34.767707]]}},{"type":"Feature","properties":{"tier":"high"},"geometry":{"type":"LineString","coordinates":[[138.582512,-34.783436],[138.583048,-34.782576],[138.583806,-34.781544],[138.584608,-34.780423],[138.584917,-34.77999],[138.588564,-34.775124],[138.589187,-34.774279],[138.589559,-34.77364],[138.59003,-34.772605],[138.590239,-34.77205],[138.590425,-34.771435],[138.590558,-34.77081],[138.590625,-34.770338],[138.590681,-34.769806],[138.590711,-34.76941],[138.590721,-34.768955]]}},{"type":"Feature","properties":{"tier":"high"},"geometry":{"type":"LineString","coordinates":[[138.594522,-34.77008],[138.594565,-34.770551]]}},{"type":"Feature","properties":{"tier":"high"},"geometry":{"type":"LineString","coordinates":[[138.594238,-34.767275],[138.594263,-34.76749]]}},{"type":"Feature","properties":{"tier":"high"},"geometry":{"type":"LineString","coordinates":[[138.593415,-34.764429],[138.593593,-34.764944]]}},{"type":"Feature","properties":{"tier":"high"},"geometry":{"type":"LineString","coordinates":[[138.593593,-34.764944],[138.593901,-34.765958]]}},{"type":"Feature","properties":{"tier":"high"},"geometry":{"type":"LineString","coordinates":[[138.592452,-34.761614],[138.59273,-34.76242]]}},{"type":"Feature","properties":{"tier":"high"},"geometry":{"type":"LineString","coordinates":[[138.59243,-34.761548],[138.592452,-34.761614]]}},{"type":"Feature","properties":{"tier":"high"},"geometry":{"type":"LineString","coordinates":[[138.592002,-34.760294],[138.59243,-34.761548]]}},{"type":"Feature","properties":{"tier":"arterial"},"geometry":{"type":"LineString","coordinates":[[138.593869,-34.763095],[138.59345,-34.76356]]}},{"type":"Feature","properties":{"tier":"high"},"geometry":{"type":"LineString","coordinates":[[138.592287,-34.764663],[138.592668,-34.764211]]}},{"type":"Feature","properties":{"tier":"high"},"geometry":{"type":"LineString","coordinates":[[138.592668,-34.764211],[138.592889,-34.763967],[138.592908,-34.763944],[138.592984,-34.763853]]}},{"type":"Feature","properties":{"tier":"high"},"geometry":{"type":"LineString","coordinates":[[138.594228,-34.769358],[138.594174,-34.768848]]}},{"type":"Feature","properties":{"tier":"high"},"geometry":{"type":"LineString","coordinates":[[138.59372,-34.766056],[138.593534,-34.765501],[138.593243,-34.764606]]}},{"type":"Feature","properties":{"tier":"high"},"geometry":{"type":"LineString","coordinates":[[138.592309,-34.764863],[138.592197,-34.764957],[138.591743,-34.7655]]}},{"type":"Feature","properties":{"tier":"high"},"geometry":{"type":"LineString","coordinates":[[138.592309,-34.764863],[138.592264,-34.764998],[138.591896,-34.76551],[138.591744,-34.765758],[138.591627,-34.766017]]}},{"type":"Feature","properties":{"tier":"high"},"geometry":{"type":"LineString","coordinates":[[138.591385,-34.767549],[138.591342,-34.768133],[138.591277,-34.768959],[138.591214,-34.769869],[138.591153,-34.770493],[138.591048,-34.771128],[138.590918,-34.771684]]}},{"type":"Feature","properties":{"tier":"high"},"geometry":{"type":"LineString","coordinates":[[138.590233,-34.764743],[138.590462,-34.76543],[138.590791,-34.76638]]}},{"type":"Feature","properties":{"tier":"high"},"geometry":{"type":"LineString","coordinates":[[138.589781,-34.763522],[138.590048,-34.764221],[138.590233,-34.764743]]}},{"type":"Feature","properties":{"tier":"high"},"geometry":{"type":"LineString","coordinates":[[138.589338,-34.762625],[138.589781,-34.763522]]}},{"type":"Feature","properties":{"tier":"arterial"},"geometry":{"type":"LineString","coordinates":[[138.608063,-34.802014],[138.607815,-34.801953],[138.607589,-34.801871]]}},{"type":"Feature","properties":{"tier":"high"},"geometry":{"type":"LineString","coordinates":[[138.594657,-34.773289],[138.594634,-34.773074],[138.594588,-34.772645],[138.59454,-34.77215],[138.594402,-34.771069]]}},{"type":"Feature","properties":{"tier":"high"},"geometry":{"type":"LineString","coordinates":[[138.596549,-34.794461],[138.596641,-34.794306],[138.596659,-34.794272],[138.596717,-34.794213],[138.596774,-34.79417]]}},{"type":"Feature","properties":{"tier":"arterial"},"geometry":{"type":"LineString","coordinates":[[138.608606,-34.799139],[138.608558,-34.79933],[138.608549,-34.799392],[138.608551,-34.799454],[138.608563,-34.799506]]}},{"type":"Feature","properties":{"tier":"high"},"geometry":{"type":"LineString","coordinates":[[138.600717,-34.808012],[138.600059,-34.808735],[138.599436,-34.809436]]}},{"type":"Feature","properties":{"tier":"high"},"geometry":{"type":"LineString","coordinates":[[138.598682,-34.809774],[138.599047,-34.809462]]}},{"type":"Feature","properties":{"tier":"high"},"geometry":{"type":"LineString","coordinates":[[138.597266,-34.80777],[138.597377,-34.808997]]}},{"type":"Feature","properties":{"tier":"high"},"geometry":{"type":"LineString","coordinates":[[138.597377,-34.808997],[138.597433,-34.809237]]}},{"type":"Feature","properties":{"tier":"high"},"geometry":{"type":"LineString","coordinates":[[138.601242,-34.807218],[138.601538,-34.806886]]}},{"type":"Feature","properties":{"tier":"high"},"geometry":{"type":"LineString","coordinates":[[138.601538,-34.806886],[138.601821,-34.806573]]}},{"type":"Feature","properties":{"tier":"high"},"geometry":{"type":"LineString","coordinates":[[138.604475,-34.803571],[138.604545,-34.803494],[138.604892,-34.803116]]}},{"type":"Feature","properties":{"tier":"high"},"geometry":{"type":"LineString","coordinates":[[138.604892,-34.803116],[138.605018,-34.802975]]}},{"type":"Feature","properties":{"tier":"high"},"geometry":{"type":"LineString","coordinates":[[138.605383,-34.80257],[138.605713,-34.802216]]}},{"type":"Feature","properties":{"tier":"high"},"geometry":{"type":"LineString","coordinates":[[138.605713,-34.802216],[138.605927,-34.801975]]}},{"type":"Feature","properties":{"tier":"arterial"},"geometry":{"type":"LineString","coordinates":[[138.608,-34.801855],[138.608322,-34.801945]]}},{"type":"Feature","properties":{"tier":"arterial"},"geometry":{"type":"LineString","coordinates":[[138.608606,-34.802123],[138.608295,-34.802065],[138.608063,-34.802014]]}},{"type":"Feature","properties":{"tier":"arterial"},"geometry":{"type":"LineString","coordinates":[[138.607589,-34.801871],[138.607172,-34.801705]]}},{"type":"Feature","properties":{"tier":"arterial"},"geometry":{"type":"LineString","coordinates":[[138.607347,-34.800618],[138.607153,-34.800835]]}},{"type":"Feature","properties":{"tier":"arterial"},"geometry":{"type":"LineString","coordinates":[[138.607153,-34.800835],[138.607023,-34.800979]]}},{"type":"Feature","properties":{"tier":"high"},"geometry":{"type":"LineString","coordinates":[[138.606396,-34.80169],[138.605509,-34.802642]]}},{"type":"Feature","properties":{"tier":"arterial"},"geometry":{"type":"LineString","coordinates":[[138.609911,-34.797516],[138.610033,-34.797377],[138.610326,-34.79706]]}},{"type":"Feature","properties":{"tier":"high"},"geometry":{"type":"LineString","coordinates":[[138.596549,-34.794461],[138.596566,-34.794279],[138.596572,-34.794073]]}},{"type":"Feature","properties":{"tier":"high"},"geometry":{"type":"LineString","coordinates":[[138.596328,-34.796624],[138.596372,-34.796217]]}},{"type":"Feature","properties":{"tier":"high"},"geometry":{"type":"LineString","coordinates":[[138.596568,-34.796719],[138.596548,-34.797211],[138.596542,-34.798045],[138.596587,-34.798808]]}},{"type":"Feature","properties":{"tier":"high"},"geometry":{"type":"LineString","coordinates":[[138.59735,-34.812397],[138.597206,-34.81252]]}},{"type":"Feature","properties":{"tier":"high"},"geometry":{"type":"LineString","coordinates":[[138.597354,-34.81252],[138.59735,-34.812397]]}},{"type":"Feature","properties":{"tier":"high"},"geometry":{"type":"LineString","coordinates":[[138.60339,-34.804997],[138.60334,-34.805052]]}},{"type":"Feature","properties":{"tier":"high"},"geometry":{"type":"LineString","coordinates":[[138.60323,-34.804991],[138.603276,-34.804935]]}}]}
