{"type":"FeatureCollection","features":[{"type":"Feature","properties":{"tier":"arterial"},"geometry":{"type":"LineString","coordinates":[[138.664965,-34.700837],[138.665051,-34.700702],[138.665058,-34.700691],[138.665139,-34.700567],[138.665259,-34.700381],[138.665265,-34.70037],[138.665364,-34.700182],[138.665455,-34.699989],[138.66552,-34.699798],[138.665582,-34.69961],[138.665628,-34.699439],[138.665657,-34.699331],[138.66569,-34.699197],[138.665882,-34.698421],[138.665971,-34.698089],[138.666057,-34.697744],[138.666208,-34.697139],[138.666325,-34.696688],[138.666369,-34.696507],[138.666482,-34.696047],[138.666523,-34.695882],[138.666663,-34.695306],[138.666856,-34.694514],[138.667027,-34.693815],[138.667125,-34.693487],[138.667164,-34.69338],[138.667183,-34.693336],[138.667203,-34.693291],[138.667324,-34.693026],[138.667494,-34.692775],[138.667579,-34.692649]]}},{"type":"Feature","properties":{"tier":"arterial"},"geometry":{"type":"LineString","coordinates":[[138.666482,-34.696047],[138.666626,-34.696075]]}},{"type":"Feature","properties":{"tier":"arterial"},"geometry":{"type":"LineString","coordinates":[[138.668387,-34.691687],[138.66841,-34.691728],[138.668418,-34.691773],[138.66841,-34.691815],[138.668388,-34.691854],[138.668353,-34.691887],[138.668309,-34.69191],[138.668279,-34.691919],[138.668246,-34.691924],[138.668206,-34.691922],[138.668167,-34.691914],[138.66813,-34.691899],[138.668099,-34.691878],[138.668074,-34.691852],[138.668053,-34.691813],[138.668046,-34.691771],[138.668053,-34.69173],[138.66807,-34.691696],[138.668096,-34.691667],[138.66813,-34.691643],[138.668168,-34.691628],[138.66821,-34.69162],[138.668261,-34.69162],[138.66831,-34.691633],[138.668353,-34.691656],[138.668387,-34.691687]]}},{"type":"Feature","properties":{"tier":"regional"},"geometry":{"type":"LineString","coordinates":[[138.667604,-34.691259],[138.667122,-34.690872],[138.666632,-34.690481],[138.666235,-34.690159],[138.666025,-34.689993],[138.665426,-34.689671],[138.665227,-34.689577]]}},{"type":"Feature","properties":{"tier":"regional"},"geometry":{"type":"LineString","coordinates":[[138.668053,-34.69173],[138.667986,-34.691652],[138.667871,-34.691519],[138.667681,-34.691356],[138.667604,-34.691259]]}},{"type":"Feature","properties":{"tier":"regional"},"geometry":{"type":"LineString","coordinates":[[138.667604,-34.691259],[138.66773,-34.691326],[138.668051,-34.69158],[138.66813,-34.691643]]}},{"type":"Feature","properties":{"tier":"arterial"},"geometry":{"type":"LineString","coordinates":[[138.66773,-34.691326],[138.667812,-34.691346],[138.667891,-34.691406],[138.668014,-34.691468],[138.668079,-34.691488],[138.668114,-34.69149],[138.668153,-34.691491],[138.668211,-34.691481],[138.668262,-34.691464],[138.668281,-34.691451],[138.668357,-34.691395]]}},{"type":"Feature","properties":{"tier":"arterial"},"geometry":{"type":"LineString","coordinates":[[138.668817,-34.692287],[138.668484,-34.692073],[138.668418,-34.692043],[138.668373,-34.692031],[138.66836,-34.69203],[138.668301,-34.692027],[138.668235,-34.692037],[138.668204,-34.69205],[138.668146,-34.692086],[138.66812,-34.692102]]}},{"type":"Feature","properties":{"tier":"arterial"},"geometry":{"type":"LineString","coordinates":[[138.642398,-34.749514],[138.642442,-34.749589],[138.642507,-34.749662],[138.642579,-34.749714],[138.642974,-34.750002],[138.643001,-34.75002]]}},{"type":"Feature","properties":{"tier":"arterial"},"geometry":{"type":"LineString","coordinates":[[138.64241,-34.749442],[138.642408,-34.749474],[138.642398,-34.749514]]}},{"type":"Feature","properties":{"tier":"regional"},"geometry":{"type":"LineString","coordinates":[[138.64227,-34.749247],[138.642472,-34.74925],[138.642585,-34.749252],[138.642714,-34.749237],[138.642842,-34.749208]]}},{"type":"Feature","properties":{"tier":"arterial"},"geometry":{"type":"LineString","coordinates":[[138.641844,-34.74947],[138.641796,-34.749401],[138.641746,-34.749351],[138.641693,-34.749314],[138.641666,-34.749296],[138.641224,-34.749091],[138.640711,-34.748748]]}},{"type":"Feature","properties":{"tier":"regional"},"geometry":{"type":"LineString","coordinates":[[138.642842,-34.749208],[138.642645,-34.749281],[138.642576,-34.749314],[138.642535,-34.749341],[138.642504,-34.749361],[138.64241,-34.749442]]}},{"type":"Feature","properties":{"tier":"arterial"},"geometry":{"type":"LineString","coordinates":[[138.640711,-34.748748],[138.641726,-34.749223],[138.641749,-34.749228],[138.641947,-34.749267]]}},{"type":"Feature","properties":{"tier":"arterial"},"geometry":{"type":"LineString","coordinates":[[138.642859,-34.75002],[138.642641,-34.749853],[138.642475,-34.749728],[138.642395,-34.749697],[138.642243,-34.74966]]}},{"type":"Feature","properties":{"tier":"arterial"},"geometry":{"type":"LineString","coordinates":[[138.639083,-34.747696],[138.639154,-34.747757],[138.639299,-34.747842],[138.639439,-34.747925]]}},{"type":"Feature","properties":{"tier":"arterial"},"geometry":{"type":"LineString","coordinates":[[138.64043,-34.748579],[138.639548,-34.748116]]}},{"type":"Feature","properties":{"tier":"arterial"},"geometry":{"type":"LineString","coordinates":[[138.638917,-34.747836],[138.638809,-34.747887],[138.638706,-34.747944],[138.638524,-34.748046],[138.638121,-34.748309]]}},{"type":"Feature","properties":{"tier":"regional"},"geometry":{"type":"LineString","coordinates":[[138.636507,-34.732591],[138.636637,-34.732711],[138.636741,-34.73283],[138.63683,-34.732904],[138.637356,-34.733266]]}},{"type":"Feature","properties":{"tier":"regional"},"geometry":{"type":"LineString","coordinates":[[138.637356,-34.733266],[138.636918,-34.733101],[138.636738,-34.73306],[138.63658,-34.733034],[138.636422,-34.733027],[138.636217,-34.733018]]}},{"type":"Feature","properties":{"tier":"regional"},"geometry":{"type":"LineString","coordinates":[[138.670978,-34.693622],[138.671461,-34.692852],[138.671795,-34.692314]]}},{"type":"Feature","properties":{"tier":"regional"},"geometry":{"type":"LineString","coordinates":[[138.62498,-34.745247],[138.625005,-34.745229],[138.62504,-34.745186],[138.625157,-34.745046],[138.625297,-34.744932]]}},{"type":"Feature","properties":{"tier":"high"},"geometry":{"type":"LineString","coordinates":[[138.676394,-34.746564],[138.676464,-34.74659],[138.676523,-34.746612],[138.676672,-34.746739]]}},{"type":"Feature","properties":{"tier":"arterial"},"geometry":{"type":"LineString","coordinates":[[138.681287,-34.75002],[138.681433,-34.749852],[138.68212,-34.749062]]}},{"type":"Feature","properties":{"tier":"high"},"geometry":{"type":"LineString","coordinates":[[138.676305,-34.741567],[138.67636,-34.742173]]}},{"type":"Feature","properties":{"tier":"arterial"},"geometry":{"type":"LineString","coordinates":[[138.68212,-34.749062],[138.682166,-34.749004],[138.682231,-34.748926],[138.682287,-34.748832],[138.682671,-34.748188],[138.68278,-34.747909],[138.682805,-34.747843],[138.682816,-34.747817],[138.682878,-34.747661],[138.683017,-34.747318],[138.683142,-34.747067],[138.683267,-34.746842],[138.683404,-34.746658],[138.683536,-34.746521],[138.683678,-34.746399],[138.683877,-34.746264],[138.684113,-34.746134],[138.684445,-34.745999],[138.684723,-34.745906],[138.684771,-34.74589],[138.684821,-34.745873],[138.685489,-34.745723],[138.685731,-34.745664],[138.686495,-34.74548],[138.686762,-34.745401]]}},{"type":"Feature","properties":{"tier":"arterial"},"geometry":{"type":"LineString","coordinates":[[138.636451,-34.75002],[138.636519,-34.749944],[138.6375,-34.748848]]}},{"type":"Feature","properties":{"tier":"arterial"},"geometry":{"type":"LineString","coordinates":[[138.637938,-34.748345],[138.638004,-34.748302],[138.638161,-34.748205],[138.638633,-34.74788],[138.638688,-34.747842],[138.638723,-34.747797],[138.63875,-34.747744]]}},{"type":"Feature","properties":{"tier":"arterial"},"geometry":{"type":"LineString","coordinates":[[138.637949,-34.748458],[138.637843,-34.748562]]}},{"type":"Feature","properties":{"tier":"regional"},"geometry":{"type":"LineString","coordinates":[[138.650575,-34.705862],[138.652059,-34.703495],[138.652978,-34.702028],[138.653059,-34.701898],[138.653955,-34.700468],[138.654313,-34.699898],[138.65434,-34.699855],[138.65504,-34.698738],[138.655341,-34.698258],[138.655423,-34.698126]]}},{"type":"Feature","properties":{"tier":"regional"},"geometry":{"type":"LineString","coordinates":[[138.635755,-34.732764],[138.635702,-34.732708],[138.635603,-34.73261],[138.635487,-34.732512],[138.63546,-34.732491],[138.635304,-34.732376],[138.635145,-34.732275],[138.634872,-34.732112],[138.634567,-34.731959],[138.634106,-34.731762],[138.633942,-34.731706],[138.632745,-34.731261],[138.632458,-34.731138],[138.631596,-34.730759],[138.628107,-34.729204]]}},{"type":"Feature","properties":{"tier":"regional"},"geometry":{"type":"LineString","coordinates":[[138.646324,-34.717213],[138.646319,-34.717167],[138.646326,-34.717123],[138.646343,-34.717078],[138.646368,-34.717037],[138.646403,-34.717001],[138.64644,-34.716973]]}},{"type":"Feature","properties":{"tier":"regional"},"geometry":{"type":"LineString","coordinates":[[138.646132,-34.717625],[138.646212,-34.717518],[138.646252,-34.717445],[138.646258,-34.71743],[138.646272,-34.717393],[138.646334,-34.717242]]}},{"type":"Feature","properties":{"tier":"regional"},"geometry":{"type":"LineString","coordinates":[[138.638728,-34.701887],[138.638711,-34.701914],[138.638632,-34.702032]]}},{"type":"Feature","properties":{"tier":"regional"},"geometry":{"type":"LineString","coordinates":[[138.636416,-34.732929],[138.636355,-34.732971],[138.636287,-34.733],[138.636217,-34.733018],[138.636139,-34.733024],[138.63603,-34.733011],[138.635938,-34.732978],[138.635863,-34.73293],[138.635812,-34.732879],[138.635776,-34.732824],[138.635755,-34.732764],[138.635748,-34.732703],[138.635755,-34.732641],[138.635776,-34.732582],[138.635811,-34.732526],[138.635862,-34.732475],[138.63595,-34.73242],[138.636054,-34.73239],[138.636067,-34.732386],[138.636139,-34.73238],[138.636214,-34.732386],[138.63629,-34.732405],[138.636359,-34.732436],[138.63637,-34.732444],[138.636416,-34.732475],[138.636471,-34.732531],[138.636507,-34.732591],[138.636524,-34.732644],[138.636531,-34.732703],[138.636524,-34.732762],[138.636504,-34.73282],[138.636465,-34.732881],[138.636416,-34.732929]]}},{"type":"Feature","properties":{"tier":"regional"},"geometry":{"type":"LineString","coordinates":[[138.646892,-34.717167],[138.646886,-34.71721],[138.64687,-34.717253],[138.646842,-34.717296],[138.646808,-34.717334],[138.646765,-34.717357],[138.646712,-34.717377],[138.64666,-34.717395],[138.646586,-34.717402],[138.646537,-34.717394],[138.646488,-34.717378],[138.646441,-34.717357],[138.646403,-34.717334],[138.646368,-34.7173],[138.64634,-34.717259],[138.646334,-34.717242]]}},{"type":"Feature","properties":{"tier":"arterial"},"geometry":{"type":"LineString","coordinates":[[138.641812,-34.697023],[138.641705,-34.697192]]}},{"type":"Feature","properties":{"tier":"arterial"},"geometry":{"type":"LineString","coordinates":[[138.639075,-34.747652],[138.639083,-34.747696],[138.639075,-34.747736],[138.639055,-34.747772],[138.639022,-34.747802],[138.638981,-34.747824],[138.638949,-34.747832],[138.638917,-34.747836],[138.638864,-34.74783],[138.638815,-34.747812],[138.638776,-34.747782],[138.63875,-34.747744],[138.638742,-34.747718],[138.63874,-34.74769],[138.638749,-34.747648],[138.638774,-34.74761],[138.638812,-34.747579],[138.638859,-34.74756],[138.638912,-34.747554],[138.638965,-34.747561],[138.639013,-34.747581],[138.639051,-34.747612],[138.639075,-34.747652]]}},{"type":"Feature","properties":{"tier":"regional"},"geometry":{"type":"LineString","coordinates":[[138.628448,-34.741339],[138.628438,-34.741306],[138.628445,-34.741272],[138.628458,-34.741252],[138.628476,-34.741236],[138.628499,-34.741224],[138.628524,-34.741217],[138.628562,-34.741216],[138.628597,-34.741227],[138.628626,-34.741246],[138.628645,-34.741273]]}},{"type":"Feature","properties":{"tier":"arterial"},"geometry":{"type":"LineString","coordinates":[[138.685539,-34.718477],[138.685031,-34.719276]]}},{"type":"Feature","properties":{"tier":"regional"},"geometry":{"type":"LineString","coordinates":[[138.624991,-34.745391],[138.62498,-34.745397]]}},{"type":"Feature","properties":{"tier":"regional"},"geometry":{"type":"LineString","coordinates":[[138.62498,-34.745288],[138.624991,-34.745295],[138.625008,-34.745314],[138.625015,-34.745343],[138.625009,-34.745368],[138.624991,-34.745391]]}},{"type":"Feature","properties":{"tier":"regional"},"geometry":{"type":"LineString","coordinates":[[138.625297,-34.744932],[138.625213,-34.745061],[138.625065,-34.745228],[138.625042,-34.745267],[138.625008,-34.745314]]}},{"type":"Feature","properties":{"tier":"regional"},"geometry":{"type":"LineString","coordinates":[[138.625297,-34.744932],[138.625374,-34.744843],[138.625984,-34.744141],[138.626352,-34.743732]]}},{"type":"Feature","properties":{"tier":"arterial"},"geometry":{"type":"LineString","coordinates":[[138.670535,-34.734935],[138.670503,-34.735006],[138.670456,-34.735081],[138.670417,-34.735166],[138.670382,-34.735261],[138.670378,-34.735296],[138.67037,-34.735367],[138.670369,-34.735523]]}},{"type":"Feature","properties":{"tier":"arterial"},"geometry":{"type":"LineString","coordinates":[[138.670733,-34.734591],[138.670535,-34.734935],[138.670502,-34.734977],[138.670468,-34.73501],[138.670401,-34.735071],[138.670347,-34.735116],[138.670251,-34.735176],[138.670147,-34.735242]]}},{"type":"Feature","properties":{"tier":"arterial"},"geometry":{"type":"LineString","coordinates":[[138.666941,-34.701945],[138.666966,-34.701987],[138.666981,-34.702032],[138.666984,-34.702069],[138.666979,-34.702106],[138.666967,-34.702142],[138.666949,-34.702175],[138.666923,-34.702205],[138.666892,-34.702232],[138.666856,-34.702254],[138.666816,-34.702271],[138.666767,-34.702283],[138.666716,-34.702287],[138.666665,-34.702284],[138.666616,-34.702272],[138.66657,-34.702253],[138.666529,-34.702227],[138.666495,-34.702195],[138.666469,-34.702159],[138.666452,-34.702118],[138.666445,-34.702076],[138.666447,-34.702033],[138.66646,-34.701992],[138.666482,-34.701953],[138.666512,-34.701918],[138.66655,-34.701889],[138.666595,-34.701867],[138.666632,-34.701854],[138.666671,-34.701847],[138.666723,-34.701844],[138.666774,-34.701849],[138.666824,-34.701863],[138.666869,-34.701884],[138.666909,-34.701912],[138.666941,-34.701945]]}},{"type":"Feature","properties":{"tier":"regional"},"geometry":{"type":"LineString","coordinates":[[138.667072,-34.701472],[138.667233,-34.701218],[138.667274,-34.701152],[138.667443,-34.700892]]}},{"type":"Feature","properties":{"tier":"regional"},"geometry":{"type":"LineString","coordinates":[[138.666671,-34.701847],[138.66683,-34.701705],[138.666934,-34.701624],[138.667072,-34.701472]]}},{"type":"Feature","properties":{"tier":"arterial"},"geometry":{"type":"LineString","coordinates":[[138.665991,-34.701811],[138.665263,-34.701493]]}},{"type":"Feature","properties":{"tier":"arterial"},"geometry":{"type":"LineString","coordinates":[[138.668085,-34.702697],[138.667843,-34.70261]]}},{"type":"Feature","properties":{"tier":"arterial"},"geometry":{"type":"LineString","coordinates":[[138.665326,-34.701382],[138.665888,-34.701633],[138.666163,-34.701773]]}},{"type":"Feature","properties":{"tier":"arterial"},"geometry":{"type":"LineString","coordinates":[[138.666163,-34.701773],[138.666339,-34.701833],[138.666595,-34.701867]]}},{"type":"Feature","properties":{"tier":"arterial"},"geometry":{"type":"LineString","coordinates":[[138.665263,-34.701493],[138.665113,-34.701452],[138.665069,-34.701446],[138.664963,-34.701437]]}},{"type":"Feature","properties":{"tier":"arterial"},"geometry":{"type":"LineString","coordinates":[[138.667843,-34.70261],[138.667376,-34.70243],[138.667157,-34.702341]]}},{"type":"Feature","properties":{"tier":"arterial"},"geometry":{"type":"LineString","coordinates":[[138.666469,-34.702159],[138.666339,-34.702027],[138.666245,-34.701954],[138.666206,-34.701924],[138.665991,-34.701811]]}},{"type":"Feature","properties":{"tier":"arterial"},"geometry":{"type":"LineString","coordinates":[[138.667157,-34.702341],[138.667047,-34.702309],[138.666941,-34.702283],[138.666816,-34.702271]]}},{"type":"Feature","properties":{"tier":"arterial"},"geometry":{"type":"LineString","coordinates":[[138.667253,-34.702274],[138.667458,-34.702385],[138.66785,-34.702569],[138.668085,-34.702697]]}},{"type":"Feature","properties":{"tier":"arterial"},"geometry":{"type":"LineString","coordinates":[[138.666981,-34.702032],[138.667057,-34.702103],[138.667124,-34.702177],[138.667253,-34.702274]]}},{"type":"Feature","properties":{"tier":"arterial"},"geometry":{"type":"LineString","coordinates":[[138.642842,-34.749208],[138.642688,-34.749315],[138.642601,-34.749392],[138.642573,-34.74943],[138.642552,-34.749477],[138.64255,-34.749522],[138.642567,-34.749572],[138.64265,-34.749681],[138.642974,-34.750002]]}},{"type":"Feature","properties":{"tier":"high"},"geometry":{"type":"LineString","coordinates":[[138.672795,-34.715217],[138.673009,-34.715236],[138.673157,-34.715244],[138.673236,-34.715239],[138.673282,-34.715231],[138.673379,-34.715214],[138.673447,-34.715185]]}},{"type":"Feature","properties":{"tier":"high"},"geometry":{"type":"LineString","coordinates":[[138.67452,-34.729015],[138.67469,-34.728906],[138.674728,-34.728882],[138.674759,-34.728857],[138.674786,-34.728831],[138.674929,-34.728606]]}},{"type":"Feature","properties":{"tier":"high"},"geometry":{"type":"LineString","coordinates":[[138.673661,-34.715221],[138.673745,-34.715353],[138.673755,-34.715415],[138.67376,-34.715428],[138.673771,-34.715457],[138.673799,-34.715496],[138.673825,-34.715519],[138.673959,-34.715626]]}},{"type":"Feature","properties":{"tier":"high"},"geometry":{"type":"LineString","coordinates":[[138.673925,-34.715697],[138.673787,-34.715696],[138.673718,-34.715696],[138.673666,-34.715708],[138.673614,-34.715733],[138.673558,-34.715759],[138.673515,-34.715786],[138.673444,-34.715835],[138.673368,-34.715894]]}},{"type":"Feature","properties":{"tier":"regional"},"geometry":{"type":"LineString","coordinates":[[138.683405,-34.721545],[138.683356,-34.72145],[138.683324,-34.721418],[138.683042,-34.721238]]}},{"type":"Feature","properties":{"tier":"regional"},"geometry":{"type":"LineString","coordinates":[[138.684522,-34.721869],[138.68421,-34.721779],[138.684,-34.721713],[138.683963,-34.721701],[138.683713,-34.721675]]}},{"type":"Feature","properties":{"tier":"regional"},"geometry":{"type":"LineString","coordinates":[[138.67827,-34.718345],[138.678229,-34.718404],[138.678204,-34.718446],[138.678185,-34.718487],[138.678172,-34.718532],[138.67816,-34.718606]]}},{"type":"Feature","properties":{"tier":"regional"},"geometry":{"type":"LineString","coordinates":[[138.678048,-34.718638],[138.677984,-34.718601],[138.677935,-34.71858],[138.67789,-34.718565],[138.677827,-34.718555],[138.677742,-34.718548],[138.677627,-34.718549]]}},{"type":"Feature","properties":{"tier":"regional"},"geometry":{"type":"LineString","coordinates":[[138.678466,-34.719199],[138.678343,-34.719122],[138.678275,-34.719041],[138.678222,-34.718968],[138.678168,-34.718887],[138.678048,-34.718638],[138.677988,-34.718513],[138.677978,-34.718493],[138.678011,-34.718433]]}},{"type":"Feature","properties":{"tier":"high"},"geometry":{"type":"LineString","coordinates":[[138.686441,-34.694394],[138.686503,-34.694306],[138.687261,-34.693089]]}},{"type":"Feature","properties":{"tier":"arterial"},"geometry":{"type":"LineString","coordinates":[[138.683671,-34.721685],[138.683625,-34.7217],[138.683527,-34.721782],[138.683474,-34.721844],[138.683457,-34.721866],[138.683392,-34.721955],[138.683252,-34.722138],[138.683117,-34.722316]]}},{"type":"Feature","properties":{"tier":"arterial"},"geometry":{"type":"LineString","coordinates":[[138.68418,-34.72063],[138.683915,-34.721118],[138.683891,-34.721174],[138.68387,-34.721235],[138.683867,-34.721244],[138.683846,-34.721358],[138.683834,-34.721409]]}},{"type":"Feature","properties":{"tier":"high"},"geometry":{"type":"LineString","coordinates":[[138.675164,-34.728575],[138.67532,-34.728697],[138.675345,-34.728716],[138.675396,-34.728746],[138.675714,-34.728831]]}},{"type":"Feature","properties":{"tier":"high"},"geometry":{"type":"LineString","coordinates":[[138.673094,-34.715927],[138.673076,-34.715774],[138.673077,-34.715705],[138.673068,-34.715654],[138.673051,-34.715613],[138.673027,-34.715573],[138.673016,-34.715554],[138.672992,-34.71553],[138.672966,-34.715508],[138.672823,-34.71539],[138.672799,-34.715374]]}},{"type":"Feature","properties":{"tier":"arterial"},"geometry":{"type":"LineString","coordinates":[[138.670733,-34.734591],[138.670766,-34.734535],[138.670918,-34.734294],[138.671097,-34.734007],[138.671319,-34.733653],[138.671498,-34.733367],[138.671734,-34.732991],[138.671999,-34.732573],[138.672077,-34.73245],[138.672364,-34.731997],[138.67254,-34.73172],[138.672801,-34.731307],[138.673014,-34.73097],[138.673078,-34.730869]]}},{"type":"Feature","properties":{"tier":"high"},"geometry":{"type":"LineString","coordinates":[[138.675083,-34.729308],[138.675062,-34.729294],[138.67504,-34.729277],[138.675014,-34.729251],[138.67498,-34.729209],[138.674948,-34.729178],[138.67491,-34.729147],[138.674877,-34.729124],[138.674843,-34.729104],[138.67481,-34.729087],[138.674779,-34.729074],[138.674714,-34.729053],[138.674666,-34.729042],[138.67452,-34.729015]]}},{"type":"Feature","properties":{"tier":"high"},"geometry":{"type":"LineString","coordinates":[[138.675955,-34.734793],[138.676068,-34.734934],[138.676118,-34.734966],[138.676175,-34.735003],[138.676337,-34.73506],[138.676529,-34.735104]]}},{"type":"Feature","properties":{"tier":"high"},"geometry":{"type":"LineString","coordinates":[[138.676529,-34.735104],[138.676265,-34.735168],[138.676152,-34.735213],[138.676084,-34.735247],[138.67605,-34.735276],[138.676026,-34.735321],[138.675988,-34.735436]]}},{"type":"Feature","properties":{"tier":"regional"},"geometry":{"type":"LineString","coordinates":[[138.677934,-34.718265],[138.678011,-34.718433]]}},{"type":"Feature","properties":{"tier":"regional"},"geometry":{"type":"LineString","coordinates":[[138.684522,-34.721869],[138.684585,-34.721898],[138.684729,-34.721963],[138.684999,-34.722079],[138.685902,-34.722466],[138.68629,-34.722632],[138.686566,-34.722751],[138.686724,-34.72282],[138.687073,-34.722972],[138.68752,-34.723166]]}},{"type":"Feature","properties":{"tier":"regional"},"geometry":{"type":"LineString","coordinates":[[138.683042,-34.721238],[138.683258,-34.721293],[138.683375,-34.721306],[138.683579,-34.721313]]}},{"type":"Feature","properties":{"tier":"regional"},"geometry":{"type":"LineString","coordinates":[[138.68386,-34.721488],[138.683905,-34.721495],[138.684093,-34.721611],[138.68431,-34.721745],[138.684522,-34.721869]]}},{"type":"Feature","properties":{"tier":"regional"},"geometry":{"type":"LineString","coordinates":[[138.678466,-34.719199],[138.678582,-34.719287],[138.678688,-34.719347],[138.679275,-34.719609],[138.679899,-34.719879],[138.680031,-34.719936],[138.680312,-34.720059],[138.681843,-34.720724],[138.681957,-34.720773],[138.682932,-34.72119],[138.683042,-34.721238]]}},{"type":"Feature","properties":{"tier":"arterial"},"geometry":{"type":"LineString","coordinates":[[138.675005,-34.728943],[138.675238,-34.728908]]}},{"type":"Feature","properties":{"tier":"arterial"},"geometry":{"type":"LineString","coordinates":[[138.683117,-34.722316],[138.683283,-34.721917],[138.683338,-34.721815],[138.683385,-34.721728],[138.683405,-34.721679],[138.68342,-34.721579]]}},{"type":"Feature","properties":{"tier":"arterial"},"geometry":{"type":"LineString","coordinates":[[138.683629,-34.721308],[138.683644,-34.721283],[138.68369,-34.721243],[138.683728,-34.721206],[138.68375,-34.721175],[138.683873,-34.721002],[138.68402,-34.72081],[138.68418,-34.72063]]}},{"type":"Feature","properties":{"tier":"high"},"geometry":{"type":"LineString","coordinates":[[138.675714,-34.728831],[138.675609,-34.728899],[138.67554,-34.728945],[138.675474,-34.728992],[138.675446,-34.729016],[138.675439,-34.729021],[138.67542,-34.729058],[138.67541,-34.729077],[138.67531,-34.72924]]}},{"type":"Feature","properties":{"tier":"high"},"geometry":{"type":"LineString","coordinates":[[138.679008,-34.707467],[138.678962,-34.707462],[138.678911,-34.707462],[138.678847,-34.707469],[138.678761,-34.707483]]}},{"type":"Feature","properties":{"tier":"high"},"geometry":{"type":"LineString","coordinates":[[138.678927,-34.706932],[138.678926,-34.707068],[138.678921,-34.707117],[138.678923,-34.707165],[138.678935,-34.707214],[138.678954,-34.707248],[138.679005,-34.707316],[138.679042,-34.707361],[138.67908,-34.707399]]}},{"type":"Feature","properties":{"tier":"high"},"geometry":{"type":"LineString","coordinates":[[138.678196,-34.707017],[138.678291,-34.707013],[138.678366,-34.707012],[138.678446,-34.706998],[138.678499,-34.706984],[138.678568,-34.706952],[138.678681,-34.706894]]}},{"type":"Feature","properties":{"tier":"high"},"geometry":{"type":"LineString","coordinates":[[138.678257,-34.707571],[138.678279,-34.707427],[138.678285,-34.707365],[138.678284,-34.707329],[138.678269,-34.70727]]}},{"type":"Feature","properties":{"tier":"arterial"},"geometry":{"type":"LineString","coordinates":[[138.683775,-34.721646],[138.683713,-34.721675],[138.683671,-34.721685],[138.683621,-34.721688],[138.683571,-34.721682],[138.683523,-34.721667],[138.683481,-34.721644],[138.683446,-34.721614],[138.68342,-34.721579],[138.683405,-34.721545],[138.683398,-34.721507],[138.6834,-34.721469],[138.683412,-34.721433],[138.683432,-34.721398],[138.68346,-34.721368],[138.683495,-34.721343],[138.683535,-34.721324],[138.683579,-34.721313],[138.683629,-34.721308],[138.683691,-34.721315],[138.683749,-34.721335],[138.683797,-34.721368],[138.683834,-34.721409],[138.683852,-34.721447],[138.68386,-34.721488],[138.683853,-34.721547],[138.683823,-34.721601],[138.683775,-34.721646]]}},{"type":"Feature","properties":{"tier":"high"},"geometry":{"type":"LineString","coordinates":[[138.675655,-34.735136],[138.675977,-34.735134]]}},{"type":"Feature","properties":{"tier":"high"},"geometry":{"type":"LineString","coordinates":[[138.675732,-34.736587],[138.676054,-34.736581]]}},{"type":"Feature","properties":{"tier":"arterial"},"geometry":{"type":"LineString","coordinates":[[138.668909,-34.740611],[138.668899,-34.740717],[138.668883,-34.740781],[138.668871,-34.740871],[138.668869,-34.740935],[138.668871,-34.741025],[138.668876,-34.741074],[138.668881,-34.741131],[138.66889,-34.741208],[138.6689,-34.7413],[138.66892,-34.741392],[138.668949,-34.741488],[138.668955,-34.741507],[138.668967,-34.741547],[138.668982,-34.741608]]}},{"type":"Feature","properties":{"tier":"arterial"},"geometry":{"type":"LineString","coordinates":[[138.675346,-34.736597],[138.675401,-34.736578],[138.675455,-34.736558],[138.675507,-34.736534],[138.675556,-34.736507],[138.675603,-34.736477],[138.675646,-34.736444],[138.675687,-34.736408],[138.675724,-34.73637]]}},{"type":"Feature","properties":{"tier":"arterial"},"geometry":{"type":"LineString","coordinates":[[138.675094,-34.736651],[138.675127,-34.736638],[138.675165,-34.736625],[138.67521,-34.736613],[138.675346,-34.736597]]}},{"type":"Feature","properties":{"tier":"arterial"},"geometry":{"type":"LineString","coordinates":[[138.675736,-34.736665],[138.675339,-34.73668]]}},{"type":"Feature","properties":{"tier":"high"},"geometry":{"type":"LineString","coordinates":[[138.675756,-34.737082],[138.675718,-34.736987],[138.675693,-34.736927],[138.675667,-34.736876],[138.675642,-34.736839],[138.675617,-34.736809],[138.675566,-34.736771],[138.675508,-34.736737],[138.675486,-34.736724],[138.67545,-34.736711],[138.675395,-34.736697],[138.675339,-34.73668]]}},{"type":"Feature","properties":{"tier":"arterial"},"geometry":{"type":"LineString","coordinates":[[138.67551,-34.741456],[138.675586,-34.741434],[138.675645,-34.741412],[138.675712,-34.741385],[138.67582,-34.741341],[138.675893,-34.741302],[138.675935,-34.741279],[138.675987,-34.741211],[138.676012,-34.741166]]}},{"type":"Feature","properties":{"tier":"high"},"geometry":{"type":"LineString","coordinates":[[138.676062,-34.741837],[138.675996,-34.741774],[138.675968,-34.741735],[138.675937,-34.741698],[138.675904,-34.741632],[138.675882,-34.741593],[138.675876,-34.741582],[138.675871,-34.741573],[138.675832,-34.741541],[138.675764,-34.74152]]}},{"type":"Feature","properties":{"tier":"arterial"},"geometry":{"type":"LineString","coordinates":[[138.676394,-34.746564],[138.676308,-34.746577],[138.676268,-34.746583],[138.676029,-34.746614]]}},{"type":"Feature","properties":{"tier":"high"},"geometry":{"type":"LineString","coordinates":[[138.676565,-34.746282],[138.676481,-34.746453],[138.676459,-34.746492],[138.676394,-34.746564]]}},{"type":"Feature","properties":{"tier":"high"},"geometry":{"type":"LineString","coordinates":[[138.676029,-34.746614],[138.676248,-34.746431],[138.676276,-34.746408],[138.676312,-34.746368],[138.676341,-34.746306]]}},{"type":"Feature","properties":{"tier":"high"},"geometry":{"type":"LineString","coordinates":[[138.676467,-34.74688],[138.676347,-34.746799],[138.676298,-34.746735],[138.676259,-34.7467],[138.676209,-34.746677],[138.676029,-34.746614]]}},{"type":"Feature","properties":{"tier":"high"},"geometry":{"type":"LineString","coordinates":[[138.674223,-34.719595],[138.673864,-34.71972],[138.673693,-34.719767],[138.673612,-34.719803],[138.673574,-34.719829],[138.673549,-34.719849],[138.673531,-34.719864],[138.67351,-34.71989],[138.673488,-34.719921],[138.673436,-34.719997],[138.673388,-34.720074]]}},{"type":"Feature","properties":{"tier":"high"},"geometry":{"type":"LineString","coordinates":[[138.678681,-34.706894],[138.678934,-34.706505],[138.679247,-34.706012],[138.679361,-34.705799],[138.679541,-34.705393],[138.679756,-34.704959],[138.680064,-34.70443],[138.680653,-34.703502]]}},{"type":"Feature","properties":{"tier":"high"},"geometry":{"type":"LineString","coordinates":[[138.673094,-34.715927],[138.673169,-34.715742],[138.673237,-34.715606],[138.673245,-34.715589],[138.673276,-34.715526]]}},{"type":"Feature","properties":{"tier":"high"},"geometry":{"type":"LineString","coordinates":[[138.683364,-34.699234],[138.683412,-34.699153],[138.68406,-34.698133],[138.684734,-34.697052],[138.685481,-34.695875],[138.686153,-34.694818],[138.686441,-34.694394]]}},{"type":"Feature","properties":{"tier":"arterial"},"geometry":{"type":"LineString","coordinates":[[138.683519,-34.699624],[138.68321,-34.699491]]}},{"type":"Feature","properties":{"tier":"arterial"},"geometry":{"type":"LineString","coordinates":[[138.672559,-34.719854],[138.67246,-34.719869]]}},{"type":"Feature","properties":{"tier":"high"},"geometry":{"type":"LineString","coordinates":[[138.673151,-34.720107],[138.673097,-34.720028],[138.673043,-34.719989],[138.672982,-34.719952],[138.672946,-34.719932],[138.672919,-34.719916],[138.672886,-34.719902],[138.672827,-34.719887],[138.67274,-34.719877],[138.672559,-34.719854]]}},{"type":"Feature","properties":{"tier":"high"},"geometry":{"type":"LineString","coordinates":[[138.673216,-34.719278],[138.673348,-34.719372],[138.673399,-34.719416],[138.67343,-34.719436],[138.673446,-34.719446],[138.673468,-34.719457],[138.673532,-34.719475],[138.673597,-34.719484],[138.673831,-34.719502]]}},{"type":"Feature","properties":{"tier":"high"},"geometry":{"type":"LineString","coordinates":[[138.672542,-34.71968],[138.672765,-34.719586],[138.672838,-34.719552],[138.672886,-34.719527],[138.6729,-34.719519],[138.67294,-34.719483],[138.67296,-34.719431],[138.672985,-34.719332]]}},{"type":"Feature","properties":{"tier":"high"},"geometry":{"type":"LineString","coordinates":[[138.676294,-34.741453],[138.676039,-34.74151]]}},{"type":"Feature","properties":{"tier":"high"},"geometry":{"type":"LineString","coordinates":[[138.676277,-34.741153],[138.67642,-34.741279],[138.676459,-34.74134],[138.676467,-34.741353],[138.676473,-34.741363],[138.676503,-34.741391],[138.676527,-34.741405],[138.67662,-34.741437]]}},{"type":"Feature","properties":{"tier":"regional"},"geometry":{"type":"LineString","coordinates":[[138.680912,-34.71579],[138.680725,-34.71571]]}},{"type":"Feature","properties":{"tier":"regional"},"geometry":{"type":"LineString","coordinates":[[138.678011,-34.718433],[138.678097,-34.718458],[138.678105,-34.718477],[138.67816,-34.718606]]}},{"type":"Feature","properties":{"tier":"arterial"},"geometry":{"type":"LineString","coordinates":[[138.685913,-34.717884],[138.685539,-34.718477]]}},{"type":"Feature","properties":{"tier":"arterial"},"geometry":{"type":"LineString","coordinates":[[138.687349,-34.715598],[138.686483,-34.716984],[138.685913,-34.717884]]}},{"type":"Feature","properties":{"tier":"arterial"},"geometry":{"type":"LineString","coordinates":[[138.685031,-34.719276],[138.684737,-34.719748],[138.68418,-34.72063]]}},{"type":"Feature","properties":{"tier":"arterial"},"geometry":{"type":"LineString","coordinates":[[138.679954,-34.717255],[138.679862,-34.717358]]}},{"type":"Feature","properties":{"tier":"arterial"},"geometry":{"type":"LineString","coordinates":[[138.68047,-34.716487],[138.680363,-34.716655],[138.680055,-34.717132]]}},{"type":"Feature","properties":{"tier":"arterial"},"geometry":{"type":"LineString","coordinates":[[138.680055,-34.717132],[138.680032,-34.717168],[138.679954,-34.717255]]}},{"type":"Feature","properties":{"tier":"arterial"},"geometry":{"type":"LineString","coordinates":[[138.681722,-34.71452],[138.681243,-34.715272],[138.681199,-34.715341],[138.680912,-34.71579]]}},{"type":"Feature","properties":{"tier":"arterial"},"geometry":{"type":"LineString","coordinates":[[138.679696,-34.717246],[138.679862,-34.717358]]}},{"type":"Feature","properties":{"tier":"high"},"geometry":{"type":"LineString","coordinates":[[138.679931,-34.70532],[138.679175,-34.706533]]}},{"type":"Feature","properties":{"tier":"high"},"geometry":{"type":"LineString","coordinates":[[138.68338,-34.699842],[138.682813,-34.700734],[138.681053,-34.703497],[138.680677,-34.704109]]}},{"type":"Feature","properties":{"tier":"arterial"},"geometry":{"type":"LineString","coordinates":[[138.683519,-34.699624],[138.683596,-34.699657],[138.68363,-34.699672],[138.683928,-34.699799]]}},{"type":"Feature","properties":{"tier":"arterial"},"geometry":{"type":"LineString","coordinates":[[138.687146,-34.701191],[138.68752,-34.701352]]}},{"type":"Feature","properties":{"tier":"arterial"},"geometry":{"type":"LineString","coordinates":[[138.684265,-34.699942],[138.684334,-34.699972],[138.684401,-34.7],[138.684505,-34.700038]]}},{"type":"Feature","properties":{"tier":"arterial"},"geometry":{"type":"LineString","coordinates":[[138.68752,-34.715324],[138.687349,-34.715598]]}},{"type":"Feature","properties":{"tier":"arterial"},"geometry":{"type":"LineString","coordinates":[[138.679447,-34.707605],[138.679722,-34.707724]]}},{"type":"Feature","properties":{"tier":"arterial"},"geometry":{"type":"LineString","coordinates":[[138.683578,-34.709368],[138.683981,-34.709435],[138.684036,-34.70943],[138.684065,-34.70942],[138.684089,-34.709411],[138.684241,-34.709348]]}},{"type":"Feature","properties":{"tier":"arterial"},"geometry":{"type":"LineString","coordinates":[[138.683927,-34.709842],[138.683917,-34.709767],[138.683909,-34.709721],[138.683898,-34.709686],[138.683877,-34.70964],[138.683859,-34.709604],[138.683578,-34.709368]]}},{"type":"Feature","properties":{"tier":"arterial"},"geometry":{"type":"LineString","coordinates":[[138.679722,-34.707724],[138.680312,-34.707972],[138.680603,-34.708104],[138.682342,-34.708842],[138.683436,-34.709306],[138.683578,-34.709368]]}},{"type":"Feature","properties":{"tier":"arterial"},"geometry":{"type":"LineString","coordinates":[[138.671096,-34.715058],[138.670991,-34.715048]]}},{"type":"Feature","properties":{"tier":"arterial"},"geometry":{"type":"LineString","coordinates":[[138.673493,-34.715581],[138.673276,-34.715526]]}},{"type":"Feature","properties":{"tier":"regional"},"geometry":{"type":"LineString","coordinates":[[138.674181,-34.715736],[138.674205,-34.715746],[138.674418,-34.715837],[138.675177,-34.71616]]}},{"type":"Feature","properties":{"tier":"regional"},"geometry":{"type":"LineString","coordinates":[[138.673324,-34.71542],[138.673534,-34.715478]]}},{"type":"Feature","properties":{"tier":"regional"},"geometry":{"type":"LineString","coordinates":[[138.673534,-34.715478],[138.673638,-34.715504],[138.673808,-34.715564],[138.673959,-34.715626]]}},{"type":"Feature","properties":{"tier":"high"},"geometry":{"type":"LineString","coordinates":[[138.672985,-34.719332],[138.672851,-34.718722]]}},{"type":"Feature","properties":{"tier":"high"},"geometry":{"type":"LineString","coordinates":[[138.673305,-34.719734],[138.673326,-34.719825],[138.673327,-34.719832],[138.673388,-34.720074]]}},{"type":"Feature","properties":{"tier":"high"},"geometry":{"type":"LineString","coordinates":[[138.673075,-34.717286],[138.673059,-34.717506],[138.673066,-34.71796],[138.673109,-34.718598],[138.673133,-34.71875]]}},{"type":"Feature","properties":{"tier":"high"},"geometry":{"type":"LineString","coordinates":[[138.673324,-34.71542],[138.673396,-34.715283],[138.673447,-34.715185]]}},{"type":"Feature","properties":{"tier":"high"},"geometry":{"type":"LineString","coordinates":[[138.683519,-34.699624],[138.683467,-34.699706],[138.68338,-34.699842]]}},{"type":"Feature","properties":{"tier":"high"},"geometry":{"type":"LineString","coordinates":[[138.673272,-34.719587],[138.673305,-34.719734]]}},{"type":"Feature","properties":{"tier":"high"},"geometry":{"type":"LineString","coordinates":[[138.673276,-34.715526],[138.673324,-34.71542]]}},{"type":"Feature","properties":{"tier":"high"},"geometry":{"type":"LineString","coordinates":[[138.673082,-34.719767],[138.673047,-34.719614]]}},{"type":"Feature","properties":{"tier":"high"},"geometry":{"type":"LineString","coordinates":[[138.675238,-34.728908],[138.675264,-34.729028],[138.67531,-34.72924]]}},{"type":"Feature","properties":{"tier":"high"},"geometry":{"type":"LineString","coordinates":[[138.68321,-34.699491],[138.683272,-34.699387],[138.683364,-34.699234]]}},{"type":"Feature","properties":{"tier":"high"},"geometry":{"type":"LineString","coordinates":[[138.673534,-34.715478],[138.673516,-34.715522],[138.673493,-34.715581]]}},{"type":"Feature","properties":{"tier":"high"},"geometry":{"type":"LineString","coordinates":[[138.675164,-34.728575],[138.6752,-34.728733],[138.675214,-34.728795],[138.675238,-34.728908]]}},{"type":"Feature","properties":{"tier":"high"},"geometry":{"type":"LineString","coordinates":[[138.683928,-34.699799],[138.683783,-34.699789],[138.683657,-34.69979],[138.683555,-34.699793],[138.683509,-34.699795],[138.68347,-34.699804],[138.68338,-34.699842]]}},{"type":"Feature","properties":{"tier":"arterial"},"geometry":{"type":"LineString","coordinates":[[138.683928,-34.699799],[138.684265,-34.699942]]}},{"type":"Feature","properties":{"tier":"arterial"},"geometry":{"type":"LineString","coordinates":[[138.675238,-34.728908],[138.67532,-34.728895],[138.675366,-34.728889],[138.675714,-34.728831]]}},{"type":"Feature","properties":{"tier":"high"},"geometry":{"type":"LineString","coordinates":[[138.683737,-34.699281],[138.683732,-34.699459],[138.683737,-34.699506],[138.683745,-34.699545],[138.68375,-34.699553],[138.683771,-34.699588],[138.683799,-34.699633],[138.683854,-34.69971],[138.683928,-34.699799]]}},{"type":"Feature","properties":{"tier":"arterial"},"geometry":{"type":"LineString","coordinates":[[138.673047,-34.719614],[138.673272,-34.719587]]}},{"type":"Feature","properties":{"tier":"arterial"},"geometry":{"type":"LineString","coordinates":[[138.673082,-34.719767],[138.672993,-34.719783],[138.672825,-34.719813],[138.672559,-34.719854]]}},{"type":"Feature","properties":{"tier":"arterial"},"geometry":{"type":"LineString","coordinates":[[138.67908,-34.707399],[138.679199,-34.707451],[138.679447,-34.707605]]}},{"type":"Feature","properties":{"tier":"arterial"},"geometry":{"type":"LineString","coordinates":[[138.679447,-34.707605],[138.679195,-34.707539]]}},{"type":"Feature","properties":{"tier":"arterial"},"geometry":{"type":"LineString","coordinates":[[138.678677,-34.707324],[138.678476,-34.707237]]}},{"type":"Feature","properties":{"tier":"arterial"},"geometry":{"type":"LineString","coordinates":[[138.680785,-34.698448],[138.680822,-34.698463]]}},{"type":"Feature","properties":{"tier":"arterial"},"geometry":{"type":"LineString","coordinates":[[138.673305,-34.719734],[138.673082,-34.719767]]}},{"type":"Feature","properties":{"tier":"arterial"},"geometry":{"type":"LineString","coordinates":[[138.673272,-34.719587],[138.673375,-34.719574],[138.673604,-34.71954],[138.673831,-34.719502]]}},{"type":"Feature","properties":{"tier":"arterial"},"geometry":{"type":"LineString","coordinates":[[138.668922,-34.722055],[138.668949,-34.721942],[138.668953,-34.721896],[138.668952,-34.721862],[138.668948,-34.721836],[138.668941,-34.721811],[138.668931,-34.721783],[138.668916,-34.721752],[138.668897,-34.721722],[138.668877,-34.721692],[138.668847,-34.721661],[138.668761,-34.721588]]}},{"type":"Feature","properties":{"tier":"arterial"},"geometry":{"type":"LineString","coordinates":[[138.668381,-34.721424],[138.668327,-34.721401],[138.668096,-34.721302],[138.667937,-34.721233],[138.667883,-34.721209]]}},{"type":"Feature","properties":{"tier":"arterial"},"geometry":{"type":"LineString","coordinates":[[138.669123,-34.721739],[138.669036,-34.721703],[138.668761,-34.721588]]}},{"type":"Feature","properties":{"tier":"arterial"},"geometry":{"type":"LineString","coordinates":[[138.658871,-34.73814],[138.658754,-34.73809]]}},{"type":"Feature","properties":{"tier":"arterial"},"geometry":{"type":"LineString","coordinates":[[138.659632,-34.738431],[138.659553,-34.738426],[138.659276,-34.738313]]}},{"type":"Feature","properties":{"tier":"regional"},"geometry":{"type":"LineString","coordinates":[[138.658114,-34.737773],[138.658279,-34.737802],[138.658333,-34.737826]]}},{"type":"Feature","properties":{"tier":"regional"},"geometry":{"type":"LineString","coordinates":[[138.65856,-34.738408],[138.658584,-34.738218],[138.658591,-34.738145],[138.658593,-34.738116],[138.658593,-34.73809],[138.658588,-34.738067],[138.658571,-34.738011]]}},{"type":"Feature","properties":{"tier":"regional"},"geometry":{"type":"LineString","coordinates":[[138.658114,-34.737773],[138.657711,-34.737594]]}},{"type":"Feature","properties":{"tier":"arterial"},"geometry":{"type":"LineString","coordinates":[[138.659146,-34.73769],[138.659087,-34.737962],[138.65908,-34.738007],[138.659076,-34.738044],[138.659074,-34.738068],[138.659077,-34.738088],[138.659086,-34.738107],[138.659114,-34.738151]]}},{"type":"Feature","properties":{"tier":"arterial"},"geometry":{"type":"LineString","coordinates":[[138.658797,-34.738019],[138.658915,-34.738068]]}},{"type":"Feature","properties":{"tier":"arterial"},"geometry":{"type":"LineString","coordinates":[[138.669589,-34.721013],[138.669774,-34.721086]]}},{"type":"Feature","properties":{"tier":"arterial"},"geometry":{"type":"LineString","coordinates":[[138.668706,-34.722475],[138.668631,-34.722594]]}},{"type":"Feature","properties":{"tier":"arterial"},"geometry":{"type":"LineString","coordinates":[[138.666246,-34.726362],[138.666027,-34.726707],[138.665839,-34.727004],[138.665473,-34.727582]]}},{"type":"Feature","properties":{"tier":"arterial"},"geometry":{"type":"LineString","coordinates":[[138.66894,-34.721479],[138.66905,-34.721462],[138.669177,-34.721445],[138.669342,-34.721397]]}},{"type":"Feature","properties":{"tier":"arterial"},"geometry":{"type":"LineString","coordinates":[[138.66148,-34.733825],[138.661601,-34.733592],[138.661601,-34.733565],[138.661655,-34.733454]]}},{"type":"Feature","properties":{"tier":"arterial"},"geometry":{"type":"LineString","coordinates":[[138.65856,-34.738408],[138.658705,-34.738169],[138.658722,-34.738142],[138.658754,-34.73809]]}},{"type":"Feature","properties":{"tier":"arterial"},"geometry":{"type":"LineString","coordinates":[[138.659427,-34.737143],[138.659272,-34.737482],[138.659146,-34.73769]]}},{"type":"Feature","properties":{"tier":"arterial"},"geometry":{"type":"LineString","coordinates":[[138.662731,-34.731924],[138.662673,-34.732081],[138.662607,-34.732259]]}},{"type":"Feature","properties":{"tier":"arterial"},"geometry":{"type":"LineString","coordinates":[[138.669746,-34.714763],[138.669664,-34.714815],[138.669605,-34.714863],[138.669563,-34.714904],[138.669538,-34.71494],[138.669485,-34.715031],[138.669434,-34.715112],[138.669376,-34.715191],[138.669288,-34.715287],[138.669223,-34.715348],[138.669152,-34.715402],[138.669112,-34.715432],[138.669039,-34.715489],[138.668926,-34.715556],[138.668844,-34.715596],[138.668757,-34.715632],[138.668678,-34.715662],[138.668574,-34.715694],[138.668474,-34.715718],[138.668353,-34.715738],[138.668197,-34.715759],[138.667999,-34.715785],[138.667892,-34.715796],[138.667667,-34.715822],[138.667539,-34.715842],[138.667382,-34.715885],[138.667255,-34.715927],[138.667155,-34.715979],[138.667053,-34.71604],[138.666958,-34.716104],[138.666878,-34.716172],[138.666808,-34.716248],[138.666731,-34.716344],[138.666643,-34.71648],[138.666595,-34.716553]]}},{"type":"Feature","properties":{"tier":"arterial"},"geometry":{"type":"LineString","coordinates":[[138.657369,-34.745754],[138.65737,-34.745633],[138.65737,-34.745558],[138.657369,-34.74513],[138.657369,-34.744905],[138.657366,-34.744477],[138.657361,-34.743444],[138.657355,-34.743024],[138.657355,-34.742986]]}},{"type":"Feature","properties":{"tier":"arterial"},"geometry":{"type":"LineString","coordinates":[[138.657575,-34.744476],[138.657577,-34.744971],[138.657574,-34.745341],[138.657574,-34.745434],[138.657574,-34.745757]]}},{"type":"Feature","properties":{"tier":"arterial"},"geometry":{"type":"LineString","coordinates":[[138.672542,-34.71968],[138.672934,-34.719629],[138.67296,-34.719626],[138.673047,-34.719614]]}},{"type":"Feature","properties":{"tier":"arterial"},"geometry":{"type":"LineString","coordinates":[[138.658219,-34.739055],[138.657953,-34.739477],[138.657869,-34.739604],[138.657758,-34.73979]]}},{"type":"Feature","properties":{"tier":"arterial"},"geometry":{"type":"LineString","coordinates":[[138.671343,-34.719845],[138.671337,-34.719912],[138.671322,-34.719948],[138.671302,-34.719983]]}},{"type":"Feature","properties":{"tier":"arterial"},"geometry":{"type":"LineString","coordinates":[[138.658333,-34.737826],[138.658628,-34.737877],[138.658695,-34.73788],[138.658773,-34.737882],[138.658803,-34.73788],[138.65883,-34.737872],[138.658902,-34.737847]]}},{"type":"Feature","properties":{"tier":"arterial"},"geometry":{"type":"LineString","coordinates":[[138.661301,-34.734188],[138.660772,-34.735022],[138.6607,-34.735135],[138.660503,-34.735441],[138.660283,-34.73579],[138.660082,-34.73611],[138.659911,-34.73638],[138.659854,-34.736472],[138.659546,-34.736954],[138.659502,-34.737022]]}},{"type":"Feature","properties":{"tier":"arterial"},"geometry":{"type":"LineString","coordinates":[[138.659276,-34.738313],[138.65899,-34.738282],[138.658932,-34.738277],[138.658906,-34.738275],[138.65887,-34.738275],[138.658848,-34.738277],[138.658828,-34.738282],[138.658769,-34.738308]]}},{"type":"Feature","properties":{"tier":"arterial"},"geometry":{"type":"LineString","coordinates":[[138.6571,-34.740323],[138.657247,-34.740326],[138.657284,-34.740322],[138.657314,-34.740313],[138.657346,-34.740304],[138.657386,-34.740287],[138.657417,-34.740269],[138.65753,-34.740185]]}},{"type":"Feature","properties":{"tier":"arterial"},"geometry":{"type":"LineString","coordinates":[[138.66921,-34.721604],[138.669388,-34.721687]]}},{"type":"Feature","properties":{"tier":"arterial"},"geometry":{"type":"LineString","coordinates":[[138.662467,-34.732199],[138.662607,-34.732259]]}},{"type":"Feature","properties":{"tier":"arterial"},"geometry":{"type":"LineString","coordinates":[[138.661814,-34.73351],[138.661855,-34.733524],[138.661901,-34.733542],[138.661931,-34.733554],[138.662022,-34.733593],[138.662049,-34.733604],[138.662269,-34.733697],[138.662316,-34.733717],[138.662366,-34.733734],[138.662411,-34.733744],[138.662429,-34.733747]]}},{"type":"Feature","properties":{"tier":"arterial"},"geometry":{"type":"LineString","coordinates":[[138.661655,-34.733454],[138.661814,-34.73351]]}},{"type":"Feature","properties":{"tier":"arterial"},"geometry":{"type":"LineString","coordinates":[[138.670446,-34.720279],[138.670301,-34.72013]]}},{"type":"Feature","properties":{"tier":"high"},"geometry":{"type":"LineString","coordinates":[[138.683992,-34.698876],[138.683769,-34.699231],[138.683737,-34.699281]]}},{"type":"Feature","properties":{"tier":"arterial"},"geometry":{"type":"LineString","coordinates":[[138.641705,-34.697192],[138.64121,-34.697973],[138.640567,-34.698987],[138.638728,-34.701887]]}},{"type":"Feature","properties":{"tier":"regional"},"geometry":{"type":"LineString","coordinates":[[138.650831,-34.706879],[138.651096,-34.707004],[138.651891,-34.707354],[138.652612,-34.707671],[138.655174,-34.70877],[138.656515,-34.709355],[138.656821,-34.709488],[138.657198,-34.709652],[138.658386,-34.710168],[138.65965,-34.710703]]}},{"type":"Feature","properties":{"tier":"regional"},"geometry":{"type":"LineString","coordinates":[[138.65041,-34.706533],[138.650477,-34.706604],[138.650534,-34.706662],[138.650596,-34.706709],[138.650615,-34.706722],[138.650664,-34.706754],[138.650831,-34.706879]]}},{"type":"Feature","properties":{"tier":"regional"},"geometry":{"type":"LineString","coordinates":[[138.650831,-34.706879],[138.650652,-34.706844],[138.650566,-34.706835],[138.650538,-34.706833],[138.6505,-34.70683],[138.650437,-34.706826],[138.650355,-34.70683],[138.650246,-34.706851]]}},{"type":"Feature","properties":{"tier":"regional"},"geometry":{"type":"LineString","coordinates":[[138.649219,-34.706185],[138.649365,-34.706224],[138.649441,-34.706248],[138.649521,-34.706268],[138.649576,-34.706278],[138.649644,-34.706285],[138.649858,-34.706308]]}},{"type":"Feature","properties":{"tier":"regional"},"geometry":{"type":"LineString","coordinates":[[138.638728,-34.701887],[138.638768,-34.701903],[138.64379,-34.704065],[138.644128,-34.704195],[138.644341,-34.704254],[138.644573,-34.70429],[138.64479,-34.70432],[138.644997,-34.704378],[138.649219,-34.706185]]}},{"type":"Feature","properties":{"tier":"regional"},"geometry":{"type":"LineString","coordinates":[[138.649654,-34.70664],[138.649554,-34.706471],[138.64951,-34.706418],[138.649482,-34.706394],[138.649457,-34.706374],[138.649444,-34.706364],[138.649399,-34.706327],[138.649348,-34.706296],[138.649305,-34.706264],[138.649219,-34.706185]]}},{"type":"Feature","properties":{"tier":"regional"},"geometry":{"type":"LineString","coordinates":[[138.649988,-34.706276],[138.650157,-34.706194],[138.65026,-34.706148],[138.650328,-34.706095],[138.650343,-34.706084],[138.650415,-34.706012],[138.650575,-34.705862]]}},{"type":"Feature","properties":{"tier":"regional"},"geometry":{"type":"LineString","coordinates":[[138.650575,-34.705862],[138.650498,-34.706035],[138.650466,-34.706112],[138.650447,-34.706154],[138.65043,-34.70619],[138.650415,-34.706243],[138.6504,-34.706297],[138.650394,-34.706353],[138.650386,-34.706466]]}},{"type":"Feature","properties":{"tier":"regional"},"geometry":{"type":"LineString","coordinates":[[138.645263,-34.718335],[138.645155,-34.718439],[138.645086,-34.718504],[138.645021,-34.71858],[138.64496,-34.718647],[138.644897,-34.718732],[138.644818,-34.718842],[138.644723,-34.719],[138.644278,-34.719685],[138.643484,-34.720947],[138.642497,-34.722505],[138.641928,-34.723398],[138.641804,-34.72359],[138.641115,-34.724692],[138.640619,-34.725475],[138.640142,-34.726222],[138.639824,-34.726721],[138.639264,-34.727587]]}},{"type":"Feature","properties":{"tier":"regional"},"geometry":{"type":"LineString","coordinates":[[138.646132,-34.717625],[138.645869,-34.717855],[138.645624,-34.718049],[138.645263,-34.718335]]}},{"type":"Feature","properties":{"tier":"regional"},"geometry":{"type":"LineString","coordinates":[[138.646791,-34.716651],[138.646878,-34.716457],[138.646899,-34.716407]]}},{"type":"Feature","properties":{"tier":"regional"},"geometry":{"type":"LineString","coordinates":[[138.646899,-34.716407],[138.646953,-34.71628],[138.647014,-34.716074],[138.647081,-34.715834],[138.647205,-34.715362],[138.647327,-34.714967],[138.647386,-34.714813],[138.647447,-34.714695],[138.647572,-34.714482],[138.648311,-34.713299],[138.649112,-34.712055],[138.649902,-34.710809],[138.649994,-34.710656],[138.650067,-34.710521],[138.650147,-34.710371],[138.650215,-34.710197],[138.650267,-34.709969],[138.650289,-34.709826],[138.650292,-34.709685],[138.650289,-34.709509],[138.650272,-34.709337],[138.650247,-34.70918],[138.650194,-34.709027],[138.650008,-34.708591],[138.649847,-34.708216],[138.649762,-34.707984],[138.649733,-34.70787],[138.649718,-34.707756],[138.649716,-34.707537],[138.649741,-34.707294]]}},{"type":"Feature","properties":{"tier":"regional"},"geometry":{"type":"LineString","coordinates":[[138.638279,-34.728906],[138.63835,-34.728865],[138.638415,-34.728818],[138.638498,-34.72877]]}},{"type":"Feature","properties":{"tier":"regional"},"geometry":{"type":"LineString","coordinates":[[138.636067,-34.732386],[138.636189,-34.732297],[138.636302,-34.732203],[138.6364,-34.732101]]}},{"type":"Feature","properties":{"tier":"regional"},"geometry":{"type":"LineString","coordinates":[[138.639264,-34.727587],[138.638498,-34.72877]]}},{"type":"Feature","properties":{"tier":"regional"},"geometry":{"type":"LineString","coordinates":[[138.638498,-34.72877],[138.638482,-34.728832],[138.638439,-34.728901],[138.638411,-34.728966]]}},{"type":"Feature","properties":{"tier":"regional"},"geometry":{"type":"LineString","coordinates":[[138.646791,-34.716651],[138.646783,-34.716781],[138.646785,-34.716807],[138.646788,-34.716845],[138.646799,-34.716907],[138.64682,-34.717014]]}},{"type":"Feature","properties":{"tier":"regional"},"geometry":{"type":"LineString","coordinates":[[138.64666,-34.717395],[138.6465,-34.717444],[138.646431,-34.717472],[138.646365,-34.717506],[138.646132,-34.717625]]}},{"type":"Feature","properties":{"tier":"regional"},"geometry":{"type":"LineString","coordinates":[[138.638311,-34.729134],[138.638277,-34.729173],[138.638227,-34.729229],[138.638166,-34.729281]]}},{"type":"Feature","properties":{"tier":"regional"},"geometry":{"type":"LineString","coordinates":[[138.6364,-34.732101],[138.637015,-34.731136],[138.637548,-34.730299],[138.638025,-34.729546],[138.638118,-34.729376],[138.638141,-34.72933],[138.638166,-34.729281]]}},{"type":"Feature","properties":{"tier":"regional"},"geometry":{"type":"LineString","coordinates":[[138.6364,-34.732101],[138.636367,-34.732211],[138.636358,-34.732265],[138.636352,-34.732325],[138.636357,-34.732382],[138.63637,-34.732444]]}},{"type":"Feature","properties":{"tier":"regional"},"geometry":{"type":"LineString","coordinates":[[138.646534,-34.716902],[138.646584,-34.716866],[138.646636,-34.716819],[138.646672,-34.716784],[138.646683,-34.716773],[138.646791,-34.716651]]}},{"type":"Feature","properties":{"tier":"regional"},"geometry":{"type":"LineString","coordinates":[[138.638166,-34.729281],[138.638151,-34.729212],[138.638147,-34.72916],[138.638151,-34.729106],[138.638162,-34.729068]]}},{"type":"Feature","properties":{"tier":"regional"},"geometry":{"type":"LineString","coordinates":[[138.649741,-34.707294],[138.649738,-34.707171],[138.649748,-34.707107],[138.649754,-34.707078],[138.649759,-34.707049],[138.649755,-34.70698],[138.649742,-34.706874],[138.649725,-34.706777]]}},{"type":"Feature","properties":{"tier":"regional"},"geometry":{"type":"LineString","coordinates":[[138.650206,-34.70687],[138.650121,-34.706902],[138.650059,-34.706944],[138.65,-34.706991],[138.649938,-34.70705],[138.649885,-34.707112],[138.649879,-34.70712],[138.649827,-34.707196],[138.649741,-34.707294]]}},{"type":"Feature","properties":{"tier":"regional"},"geometry":{"type":"LineString","coordinates":[[138.638397,-34.728948],[138.638411,-34.728966],[138.638422,-34.728987],[138.638428,-34.72901],[138.638427,-34.729033],[138.638421,-34.729057],[138.638408,-34.72908],[138.63839,-34.729099],[138.638367,-34.729115],[138.63834,-34.729127],[138.638311,-34.729134],[138.638281,-34.729135],[138.638251,-34.729131],[138.638223,-34.729121],[138.638198,-34.729107],[138.638177,-34.729089],[138.638162,-34.729068],[138.638152,-34.729045],[138.638149,-34.72902],[138.638152,-34.728996],[138.638162,-34.728972],[138.638177,-34.728951],[138.638198,-34.728933],[138.638222,-34.72892],[138.63825,-34.72891],[138.638279,-34.728906],[138.638306,-34.728907],[138.638332,-34.728911],[138.638356,-34.72892],[138.638378,-34.728932],[138.638397,-34.728948]]}},{"type":"Feature","properties":{"tier":"regional"},"geometry":{"type":"LineString","coordinates":[[138.649654,-34.70664],[138.64965,-34.706604],[138.64965,-34.706568],[138.649656,-34.706532],[138.649666,-34.706497],[138.649681,-34.706463],[138.649701,-34.706431],[138.649725,-34.706401],[138.649753,-34.706373],[138.649785,-34.706348],[138.64982,-34.706327],[138.649858,-34.706308],[138.649899,-34.706294],[138.649943,-34.706283],[138.649988,-34.706276],[138.650033,-34.706274],[138.650077,-34.706276],[138.650121,-34.706282],[138.650164,-34.706293],[138.650205,-34.706308],[138.650244,-34.706326],[138.65028,-34.706348],[138.650313,-34.706373],[138.650341,-34.706402],[138.650366,-34.706433],[138.650386,-34.706466],[138.6504,-34.706499],[138.65041,-34.706533],[138.650415,-34.706569],[138.650416,-34.706606],[138.650411,-34.706642],[138.650401,-34.706677],[138.650386,-34.706712],[138.650366,-34.706745],[138.650342,-34.706775],[138.650314,-34.706804],[138.650281,-34.706829],[138.650246,-34.706851],[138.650206,-34.70687],[138.650157,-34.706887],[138.650105,-34.706899],[138.650052,-34.706904],[138.649998,-34.706903],[138.649945,-34.706896],[138.649894,-34.706883],[138.649845,-34.706864],[138.6498,-34.70684],[138.64976,-34.70681],[138.649725,-34.706777]]}},{"type":"Feature","properties":{"tier":"regional"},"geometry":{"type":"LineString","coordinates":[[138.649725,-34.706777],[138.6497,-34.706745],[138.64968,-34.706712],[138.649664,-34.706676],[138.649654,-34.70664]]}},{"type":"Feature","properties":{"tier":"arterial"},"geometry":{"type":"LineString","coordinates":[[138.644635,-34.692565],[138.641812,-34.697023]]}},{"type":"Feature","properties":{"tier":"arterial"},"geometry":{"type":"LineString","coordinates":[[138.664777,-34.701003],[138.664866,-34.700948],[138.664905,-34.700918],[138.664941,-34.700879],[138.664965,-34.700837]]}},{"type":"Feature","properties":{"tier":"arterial"},"geometry":{"type":"LineString","coordinates":[[138.66453,-34.701515],[138.66454,-34.701462],[138.664551,-34.701417],[138.664571,-34.70134]]}},{"type":"Feature","properties":{"tier":"arterial"},"geometry":{"type":"LineString","coordinates":[[138.668246,-34.691924],[138.668206,-34.691976],[138.668174,-34.69201],[138.668133,-34.69208],[138.66812,-34.692102],[138.668017,-34.692249],[138.667875,-34.692465],[138.667712,-34.6927],[138.667653,-34.692791],[138.667567,-34.692926],[138.667464,-34.693094],[138.667413,-34.693197],[138.667391,-34.693248],[138.667379,-34.693276],[138.667322,-34.69341],[138.667266,-34.693567],[138.667209,-34.69377],[138.667164,-34.693966],[138.667016,-34.694539],[138.666991,-34.694645],[138.666848,-34.695211],[138.666823,-34.695307],[138.666817,-34.695333],[138.666668,-34.695913],[138.666626,-34.696075],[138.666582,-34.696246],[138.666527,-34.696505],[138.66647,-34.696712],[138.666386,-34.69703],[138.666279,-34.697471],[138.666239,-34.697624],[138.666112,-34.698111],[138.666043,-34.698382],[138.666027,-34.698448],[138.665996,-34.69857],[138.665828,-34.699242],[138.665746,-34.699575],[138.665736,-34.699618],[138.665693,-34.699766],[138.66561,-34.700009],[138.665491,-34.700265],[138.665391,-34.700425],[138.66527,-34.700619],[138.665166,-34.700784],[138.665108,-34.700881],[138.665094,-34.700917],[138.665085,-34.700947],[138.665082,-34.700973],[138.665078,-34.701015],[138.665075,-34.701125]]}},{"type":"Feature","properties":{"tier":"regional"},"geometry":{"type":"LineString","coordinates":[[138.656086,-34.697118],[138.656197,-34.696896],[138.657151,-34.695388],[138.658064,-34.693944],[138.658429,-34.693376],[138.659244,-34.692091],[138.659266,-34.692058],[138.660235,-34.690487],[138.660279,-34.690417]]}},{"type":"Feature","properties":{"tier":"arterial"},"geometry":{"type":"LineString","coordinates":[[138.673335,-34.704962],[138.673169,-34.704892],[138.671973,-34.704372],[138.671898,-34.704336]]}},{"type":"Feature","properties":{"tier":"arterial"},"geometry":{"type":"LineString","coordinates":[[138.644635,-34.692565],[138.643717,-34.692171],[138.641354,-34.691146],[138.641154,-34.69106],[138.640659,-34.690847],[138.640436,-34.690751],[138.640321,-34.690701],[138.639854,-34.6905],[138.639633,-34.690404],[138.638076,-34.689727],[138.635937,-34.688801],[138.633884,-34.68791],[138.633327,-34.687669],[138.632888,-34.68748]]}},{"type":"Feature","properties":{"tier":"arterial"},"geometry":{"type":"LineString","coordinates":[[138.656733,-34.697799],[138.656672,-34.697771],[138.656301,-34.697614]]}},{"type":"Feature","properties":{"tier":"arterial"},"geometry":{"type":"LineString","coordinates":[[138.673995,-34.705348],[138.673874,-34.705256],[138.673835,-34.705235],[138.673711,-34.705177],[138.673599,-34.705125],[138.673335,-34.704962]]}},{"type":"Feature","properties":{"tier":"arterial"},"geometry":{"type":"LineString","coordinates":[[138.665103,-34.701194],[138.665154,-34.701261],[138.665191,-34.701301],[138.665227,-34.701332],[138.665267,-34.701359],[138.665326,-34.701382]]}},{"type":"Feature","properties":{"tier":"arterial"},"geometry":{"type":"LineString","coordinates":[[138.673335,-34.704962],[138.67368,-34.705069],[138.673742,-34.705091],[138.673797,-34.70511],[138.673857,-34.705129],[138.673914,-34.705143],[138.673976,-34.705153],[138.674145,-34.705193]]}},{"type":"Feature","properties":{"tier":"arterial"},"geometry":{"type":"LineString","coordinates":[[138.66454,-34.701248],[138.664487,-34.701189],[138.664438,-34.701146],[138.664397,-34.701116],[138.664357,-34.70109],[138.663284,-34.700637],[138.66301,-34.700479]]}},{"type":"Feature","properties":{"tier":"arterial"},"geometry":{"type":"LineString","coordinates":[[138.66301,-34.700479],[138.662585,-34.700318],[138.662417,-34.700252],[138.662221,-34.700174],[138.661973,-34.700069],[138.661889,-34.700033],[138.660811,-34.699567],[138.66065,-34.699497],[138.659436,-34.698972]]}},{"type":"Feature","properties":{"tier":"arterial"},"geometry":{"type":"LineString","coordinates":[[138.659436,-34.698972],[138.65911,-34.698845],[138.658319,-34.698506],[138.657964,-34.698355],[138.657818,-34.698292],[138.656809,-34.697861],[138.656779,-34.697848],[138.656733,-34.697799]]}},{"type":"Feature","properties":{"tier":"arterial"},"geometry":{"type":"LineString","coordinates":[[138.656733,-34.697799],[138.656999,-34.697881],[138.65731,-34.697996],[138.657817,-34.698217],[138.657999,-34.698298],[138.658701,-34.698611],[138.659117,-34.698807],[138.659436,-34.698972]]}},{"type":"Feature","properties":{"tier":"arterial"},"geometry":{"type":"LineString","coordinates":[[138.676842,-34.706473],[138.676471,-34.706382],[138.675961,-34.706172],[138.674828,-34.705692],[138.67481,-34.705681],[138.674735,-34.70564],[138.674517,-34.70554],[138.674462,-34.705519],[138.674452,-34.705515],[138.67442,-34.705505],[138.674329,-34.705485],[138.674248,-34.705481]]}},{"type":"Feature","properties":{"tier":"arterial"},"geometry":{"type":"LineString","coordinates":[[138.66301,-34.700479],[138.663347,-34.700559],[138.663641,-34.700648],[138.664404,-34.700975],[138.664455,-34.700997],[138.664515,-34.701009],[138.664563,-34.701017],[138.664691,-34.701027]]}},{"type":"Feature","properties":{"tier":"arterial"},"geometry":{"type":"LineString","coordinates":[[138.674362,-34.705337],[138.67443,-34.705367],[138.674482,-34.705397],[138.674511,-34.705413],[138.674539,-34.705427],[138.674843,-34.70553],[138.674889,-34.70555],[138.675437,-34.705786],[138.676065,-34.706057],[138.676218,-34.706122],[138.676346,-34.706182],[138.676524,-34.706271],[138.676842,-34.706473]]}},{"type":"Feature","properties":{"tier":"arterial"},"geometry":{"type":"LineString","coordinates":[[138.676272,-34.702015],[138.67632,-34.701868],[138.676526,-34.701547],[138.676544,-34.701519],[138.676577,-34.701467],[138.676595,-34.70143]]}},{"type":"Feature","properties":{"tier":"arterial"},"geometry":{"type":"LineString","coordinates":[[138.674187,-34.705191],[138.674239,-34.705132],[138.674281,-34.70508],[138.674312,-34.705041],[138.674415,-34.704897],[138.674476,-34.704836],[138.674513,-34.704799]]}},{"type":"Feature","properties":{"tier":"arterial"},"geometry":{"type":"LineString","coordinates":[[138.673886,-34.705789],[138.673885,-34.705717],[138.673909,-34.705674],[138.673942,-34.705617],[138.673978,-34.705546],[138.67398,-34.705537],[138.673994,-34.705471],[138.674018,-34.705414]]}},{"type":"Feature","properties":{"tier":"arterial"},"geometry":{"type":"LineString","coordinates":[[138.674169,-34.705492],[138.674093,-34.70555],[138.674073,-34.705573],[138.674044,-34.705608],[138.674012,-34.705659],[138.673954,-34.705743],[138.673886,-34.705789]]}},{"type":"Feature","properties":{"tier":"arterial"},"geometry":{"type":"LineString","coordinates":[[138.674362,-34.705337],[138.674361,-34.70536],[138.674355,-34.705382],[138.674346,-34.705404],[138.674332,-34.705424],[138.674315,-34.705442],[138.674295,-34.705458],[138.674273,-34.705471],[138.674248,-34.705481],[138.674222,-34.705488],[138.674196,-34.705491],[138.674169,-34.705492],[138.674143,-34.705489],[138.674117,-34.705483],[138.674093,-34.705475],[138.67407,-34.705463],[138.67405,-34.705449],[138.674032,-34.705432],[138.674018,-34.705414],[138.674006,-34.705393],[138.673999,-34.705371],[138.673995,-34.705348],[138.673996,-34.705324],[138.674002,-34.705301],[138.674012,-34.705278],[138.674026,-34.705257],[138.674044,-34.705239],[138.674066,-34.705222],[138.67409,-34.705209],[138.674116,-34.705199],[138.674145,-34.705193],[138.674187,-34.705191],[138.674215,-34.705194],[138.674243,-34.7052],[138.674269,-34.70521],[138.674292,-34.705223],[138.674313,-34.705239],[138.674331,-34.705257],[138.674345,-34.705278]]}},{"type":"Feature","properties":{"tier":"arterial"},"geometry":{"type":"LineString","coordinates":[[138.664935,-34.701019],[138.664964,-34.701031],[138.664991,-34.701045],[138.665016,-34.701062],[138.665039,-34.701081],[138.665058,-34.701102],[138.665075,-34.701125],[138.665087,-34.701147],[138.665097,-34.70117],[138.665103,-34.701194],[138.665107,-34.701226],[138.665106,-34.701257],[138.665099,-34.701289],[138.665087,-34.701319],[138.665071,-34.701348],[138.665049,-34.701374],[138.665024,-34.701398],[138.664995,-34.701419],[138.664963,-34.701437],[138.664936,-34.701447],[138.664908,-34.701456],[138.66488,-34.701462],[138.664851,-34.701466],[138.664817,-34.701467],[138.664783,-34.701464],[138.66475,-34.701459],[138.664718,-34.70145],[138.664687,-34.701438],[138.664659,-34.701424],[138.664632,-34.701406],[138.664609,-34.701386],[138.664588,-34.701364],[138.664571,-34.70134],[138.664559,-34.701318],[138.664549,-34.701295],[138.664543,-34.701272],[138.66454,-34.701248],[138.664539,-34.701224],[138.664542,-34.701199],[138.664548,-34.701175],[138.664557,-34.701152],[138.664569,-34.70113],[138.664583,-34.701109],[138.6646,-34.701089],[138.66462,-34.70107],[138.664641,-34.701054],[138.664665,-34.701039],[138.664691,-34.701027],[138.664718,-34.701016],[138.664747,-34.701008],[138.664777,-34.701003],[138.664809,-34.701],[138.664842,-34.701],[138.664874,-34.701003],[138.664905,-34.70101],[138.664935,-34.701019]]}},{"type":"Feature","properties":{"tier":"arterial"},"geometry":{"type":"LineString","coordinates":[[138.669352,-34.73539],[138.669451,-34.735343],[138.669625,-34.735299],[138.669644,-34.735293],[138.669855,-34.73523],[138.669965,-34.73518],[138.670068,-34.735132]]}},{"type":"Feature","properties":{"tier":"arterial"},"geometry":{"type":"LineString","coordinates":[[138.668453,-34.735422],[138.668403,-34.735422],[138.668349,-34.73542],[138.668288,-34.735415],[138.668222,-34.735406],[138.668168,-34.735399],[138.668092,-34.735386],[138.668077,-34.735382]]}},{"type":"Feature","properties":{"tier":"arterial"},"geometry":{"type":"LineString","coordinates":[[138.668731,-34.742764],[138.668765,-34.742633],[138.66878,-34.74254],[138.668789,-34.742441],[138.668791,-34.742353],[138.668781,-34.742265],[138.668765,-34.74218],[138.668745,-34.742094],[138.668724,-34.742019],[138.668721,-34.742012],[138.668686,-34.741933]]}},{"type":"Feature","properties":{"tier":"arterial"},"geometry":{"type":"LineString","coordinates":[[138.668968,-34.741943],[138.668952,-34.742021],[138.668937,-34.74211],[138.66893,-34.742261],[138.668915,-34.742376],[138.668899,-34.742455],[138.668879,-34.742523],[138.668842,-34.742623],[138.668787,-34.742698],[138.668731,-34.742764]]}},{"type":"Feature","properties":{"tier":"arterial"},"geometry":{"type":"LineString","coordinates":[[138.67205,-34.736825],[138.671869,-34.736872],[138.671756,-34.736908],[138.671656,-34.736944],[138.671567,-34.736985],[138.671497,-34.737018]]}},{"type":"Feature","properties":{"tier":"arterial"},"geometry":{"type":"LineString","coordinates":[[138.668673,-34.741618],[138.668694,-34.741554],[138.668704,-34.741526],[138.668707,-34.741512],[138.668715,-34.741474],[138.66872,-34.741405],[138.668723,-34.741216],[138.668725,-34.741122],[138.668729,-34.741077],[138.668731,-34.741044],[138.668733,-34.741022],[138.66875,-34.740935],[138.668772,-34.740857],[138.668802,-34.740771],[138.668834,-34.740697],[138.668909,-34.740611]]}},{"type":"Feature","properties":{"tier":"arterial"},"geometry":{"type":"LineString","coordinates":[[138.666633,-34.748653],[138.666539,-34.748381],[138.666488,-34.748226],[138.66642,-34.74801],[138.666397,-34.747933],[138.666372,-34.747818],[138.666364,-34.747774],[138.666361,-34.747728]]}},{"type":"Feature","properties":{"tier":"arterial"},"geometry":{"type":"LineString","coordinates":[[138.670969,-34.737324],[138.67099,-34.737292],[138.671053,-34.737205],[138.671119,-34.73713],[138.671188,-34.737061],[138.671263,-34.737013]]}},{"type":"Feature","properties":{"tier":"arterial"},"geometry":{"type":"LineString","coordinates":[[138.666398,-34.74717],[138.666427,-34.747197],[138.666433,-34.747214],[138.666437,-34.747252],[138.666436,-34.747326],[138.666435,-34.747573],[138.666438,-34.747684],[138.666443,-34.747722]]}},{"type":"Feature","properties":{"tier":"arterial"},"geometry":{"type":"LineString","coordinates":[[138.666712,-34.748879],[138.666674,-34.74877],[138.666633,-34.748653]]}},{"type":"Feature","properties":{"tier":"arterial"},"geometry":{"type":"LineString","coordinates":[[138.668731,-34.742764],[138.66867,-34.74286],[138.668659,-34.742879],[138.668634,-34.74292]]}},{"type":"Feature","properties":{"tier":"arterial"},"geometry":{"type":"LineString","coordinates":[[138.666412,-34.7466],[138.666403,-34.74668],[138.666398,-34.746729],[138.666397,-34.746747],[138.666395,-34.746776],[138.666397,-34.747042],[138.666398,-34.74717]]}},{"type":"Feature","properties":{"tier":"arterial"},"geometry":{"type":"LineString","coordinates":[[138.672174,-34.736771],[138.672574,-34.736747],[138.672616,-34.736744],[138.673139,-34.736722],[138.6734,-34.736712],[138.674569,-34.736666]]}},{"type":"Feature","properties":{"tier":"arterial"},"geometry":{"type":"LineString","coordinates":[[138.666359,-34.748978],[138.666518,-34.748856],[138.666551,-34.748826],[138.666574,-34.748797],[138.666589,-34.74877],[138.666603,-34.748743],[138.666614,-34.748719],[138.666624,-34.748691],[138.666633,-34.748653]]}},{"type":"Feature","properties":{"tier":"arterial"},"geometry":{"type":"LineString","coordinates":[[138.668909,-34.740611],[138.669122,-34.740272],[138.669218,-34.740122],[138.669734,-34.739314],[138.66976,-34.739271],[138.670362,-34.738316],[138.67059,-34.737954],[138.670786,-34.737645],[138.670956,-34.737395]]}},{"type":"Feature","properties":{"tier":"arterial"},"geometry":{"type":"LineString","coordinates":[[138.664418,-34.740487],[138.664271,-34.740423],[138.663902,-34.740264],[138.663306,-34.740008],[138.663025,-34.739889],[138.662784,-34.739787]]}},{"type":"Feature","properties":{"tier":"arterial"},"geometry":{"type":"LineString","coordinates":[[138.675164,-34.741506],[138.674849,-34.741517]]}},{"type":"Feature","properties":{"tier":"arterial"},"geometry":{"type":"LineString","coordinates":[[138.668179,-34.74179],[138.668046,-34.74179],[138.667994,-34.741788],[138.667927,-34.741785],[138.667809,-34.741778],[138.667693,-34.741766],[138.667605,-34.741754],[138.667475,-34.741726],[138.667325,-34.741689],[138.667223,-34.741661],[138.66712,-34.741631],[138.667029,-34.7416],[138.666937,-34.741564],[138.666866,-34.741534],[138.666849,-34.741527],[138.665578,-34.740986],[138.665197,-34.740826]]}},{"type":"Feature","properties":{"tier":"arterial"},"geometry":{"type":"LineString","coordinates":[[138.665003,-34.74069],[138.665063,-34.740734],[138.665098,-34.740758],[138.665148,-34.740789],[138.665197,-34.740826]]}},{"type":"Feature","properties":{"tier":"arterial"},"geometry":{"type":"LineString","coordinates":[[138.669022,-34.741638],[138.669118,-34.741675],[138.669141,-34.741682],[138.669161,-34.741686],[138.669233,-34.741697],[138.669341,-34.741709],[138.669527,-34.741735]]}},{"type":"Feature","properties":{"tier":"arterial"},"geometry":{"type":"LineString","coordinates":[[138.668179,-34.74179],[138.668304,-34.741763],[138.668441,-34.741731],[138.668511,-34.741709],[138.668525,-34.741703],[138.668582,-34.74168],[138.66862,-34.741672]]}},{"type":"Feature","properties":{"tier":"arterial"},"geometry":{"type":"LineString","coordinates":[[138.668618,-34.741869],[138.668532,-34.741838],[138.668464,-34.741824],[138.668383,-34.741816],[138.668265,-34.741809],[138.668179,-34.74179]]}},{"type":"Feature","properties":{"tier":"arterial"},"geometry":{"type":"LineString","coordinates":[[138.675164,-34.741506],[138.67546,-34.741458],[138.67551,-34.741456]]}},{"type":"Feature","properties":{"tier":"arterial"},"geometry":{"type":"LineString","coordinates":[[138.664418,-34.740487],[138.66449,-34.740508],[138.664512,-34.740514],[138.664564,-34.740523],[138.664615,-34.740526],[138.664667,-34.740529],[138.664749,-34.740539]]}},{"type":"Feature","properties":{"tier":"arterial"},"geometry":{"type":"LineString","coordinates":[[138.676039,-34.74151],[138.675945,-34.741514],[138.675764,-34.74152]]}},{"type":"Feature","properties":{"tier":"arterial"},"geometry":{"type":"LineString","coordinates":[[138.665197,-34.740826],[138.665119,-34.74082],[138.66507,-34.740816],[138.665035,-34.740813],[138.665016,-34.740813],[138.664989,-34.740812],[138.66495,-34.740812],[138.664901,-34.740824]]}},{"type":"Feature","properties":{"tier":"arterial"},"geometry":{"type":"LineString","coordinates":[[138.669527,-34.741735],[138.669397,-34.741766],[138.66928,-34.74179],[138.669214,-34.741802],[138.669173,-34.741815],[138.669158,-34.74182],[138.66911,-34.741838],[138.669043,-34.741882]]}},{"type":"Feature","properties":{"tier":"arterial"},"geometry":{"type":"LineString","coordinates":[[138.664624,-34.740673],[138.664582,-34.740617],[138.664561,-34.740594],[138.664534,-34.740571],[138.664501,-34.740547],[138.664477,-34.740529],[138.664436,-34.740498],[138.664418,-34.740487]]}},{"type":"Feature","properties":{"tier":"arterial"},"geometry":{"type":"LineString","coordinates":[[138.666693,-34.748498],[138.666811,-34.748641],[138.666832,-34.748663],[138.666856,-34.748679],[138.666881,-34.748695],[138.666907,-34.748709],[138.666939,-34.748722],[138.666971,-34.748728],[138.66702,-34.748737],[138.66716,-34.748754]]}},{"type":"Feature","properties":{"tier":"arterial"},"geometry":{"type":"LineString","coordinates":[[138.666359,-34.748978],[138.665499,-34.749219],[138.665034,-34.749352]]}},{"type":"Feature","properties":{"tier":"arterial"},"geometry":{"type":"LineString","coordinates":[[138.665034,-34.749352],[138.66425,-34.749575],[138.664209,-34.749587],[138.66399,-34.749649]]}},{"type":"Feature","properties":{"tier":"arterial"},"geometry":{"type":"LineString","coordinates":[[138.673963,-34.728929],[138.67405,-34.728956],[138.674098,-34.728967],[138.674134,-34.728974],[138.674142,-34.728976],[138.674192,-34.728983],[138.674232,-34.728987],[138.674263,-34.728988],[138.674271,-34.728989],[138.67433,-34.728994],[138.674399,-34.729001],[138.67445,-34.729005],[138.67452,-34.729015]]}},{"type":"Feature","properties":{"tier":"high"},"geometry":{"type":"LineString","coordinates":[[138.676039,-34.74151],[138.676032,-34.74143]]}},{"type":"Feature","properties":{"tier":"high"},"geometry":{"type":"LineString","coordinates":[[138.676294,-34.741453],[138.676305,-34.741567]]}},{"type":"Feature","properties":{"tier":"high"},"geometry":{"type":"LineString","coordinates":[[138.676032,-34.74143],[138.676026,-34.741347],[138.676012,-34.741166]]}},{"type":"Feature","properties":{"tier":"arterial"},"geometry":{"type":"LineString","coordinates":[[138.676032,-34.74143],[138.676294,-34.741453]]}},{"type":"Feature","properties":{"tier":"arterial"},"geometry":{"type":"LineString","coordinates":[[138.664624,-34.740673],[138.66463,-34.740644],[138.664644,-34.740616],[138.664663,-34.740591],[138.664687,-34.740569],[138.664716,-34.740552],[138.664749,-34.740539]]}},{"type":"Feature","properties":{"tier":"arterial"},"geometry":{"type":"LineString","coordinates":[[138.666613,-34.734782],[138.66653,-34.734746],[138.665962,-34.7345],[138.665569,-34.73433]]}},{"type":"Feature","properties":{"tier":"arterial"},"geometry":{"type":"LineString","coordinates":[[138.67452,-34.729015],[138.674853,-34.728965],[138.674907,-34.728957],[138.675005,-34.728943]]}},{"type":"Feature","properties":{"tier":"arterial"},"geometry":{"type":"LineString","coordinates":[[138.673078,-34.730869],[138.673145,-34.730764],[138.673396,-34.730366],[138.673888,-34.729588],[138.674066,-34.729307],[138.674103,-34.729249],[138.674127,-34.729211],[138.674164,-34.729169],[138.674193,-34.729142]]}},{"type":"Feature","properties":{"tier":"arterial"},"geometry":{"type":"LineString","coordinates":[[138.674193,-34.729142],[138.674215,-34.729125],[138.674243,-34.729103]]}},{"type":"Feature","properties":{"tier":"arterial"},"geometry":{"type":"LineString","coordinates":[[138.665569,-34.73433],[138.665527,-34.734311],[138.665296,-34.734212]]}},{"type":"Feature","properties":{"tier":"arterial"},"geometry":{"type":"LineString","coordinates":[[138.668582,-34.743003],[138.668557,-34.743044],[138.668203,-34.743607],[138.66801,-34.743913],[138.667356,-34.744947],[138.667242,-34.745128],[138.667123,-34.745317],[138.66668,-34.746019],[138.666577,-34.746182],[138.666542,-34.74624],[138.666517,-34.74629],[138.666504,-34.746317],[138.666495,-34.746336],[138.666472,-34.746387],[138.666449,-34.74646],[138.666442,-34.746488]]}},{"type":"Feature","properties":{"tier":"arterial"},"geometry":{"type":"LineString","coordinates":[[138.668634,-34.74292],[138.668582,-34.743003]]}},{"type":"Feature","properties":{"tier":"arterial"},"geometry":{"type":"LineString","coordinates":[[138.675339,-34.73668],[138.675214,-34.736679],[138.675195,-34.736678],[138.675177,-34.736674],[138.675153,-34.736668],[138.675094,-34.736651]]}},{"type":"Feature","properties":{"tier":"arterial"},"geometry":{"type":"LineString","coordinates":[[138.674569,-34.736666],[138.674924,-34.736659],[138.675024,-34.736656]]}},{"type":"Feature","properties":{"tier":"arterial"},"geometry":{"type":"LineString","coordinates":[[138.675338,-34.741519],[138.675164,-34.741506]]}},{"type":"Feature","properties":{"tier":"arterial"},"geometry":{"type":"LineString","coordinates":[[138.67551,-34.741456],[138.675909,-34.741436],[138.675941,-34.741434],[138.676032,-34.74143]]}},{"type":"Feature","properties":{"tier":"arterial"},"geometry":{"type":"LineString","coordinates":[[138.674849,-34.741517],[138.674519,-34.741529],[138.674242,-34.74154],[138.673723,-34.741563]]}},{"type":"Feature","properties":{"tier":"arterial"},"geometry":{"type":"LineString","coordinates":[[138.675764,-34.74152],[138.675639,-34.741524],[138.675462,-34.741529],[138.675338,-34.741519]]}},{"type":"Feature","properties":{"tier":"arterial"},"geometry":{"type":"LineString","coordinates":[[138.662784,-34.739787],[138.6625,-34.739664],[138.662456,-34.739646],[138.662355,-34.739602],[138.661988,-34.739443]]}},{"type":"Feature","properties":{"tier":"arterial"},"geometry":{"type":"LineString","coordinates":[[138.673723,-34.741563],[138.673571,-34.741569],[138.673376,-34.741578],[138.672255,-34.741621],[138.671825,-34.741638],[138.671064,-34.741669],[138.669909,-34.741718],[138.669834,-34.741721],[138.669747,-34.741725],[138.669527,-34.741735]]}},{"type":"Feature","properties":{"tier":"arterial"},"geometry":{"type":"LineString","coordinates":[[138.676029,-34.746614],[138.675743,-34.746661]]}},{"type":"Feature","properties":{"tier":"arterial"},"geometry":{"type":"LineString","coordinates":[[138.675224,-34.746747],[138.674934,-34.746795],[138.674748,-34.746826]]}},{"type":"Feature","properties":{"tier":"high"},"geometry":{"type":"LineString","coordinates":[[138.675777,-34.73172],[138.675783,-34.731837],[138.675846,-34.733044],[138.675937,-34.734498]]}},{"type":"Feature","properties":{"tier":"high"},"geometry":{"type":"LineString","coordinates":[[138.676097,-34.742326],[138.676067,-34.741904]]}},{"type":"Feature","properties":{"tier":"high"},"geometry":{"type":"LineString","coordinates":[[138.673151,-34.720107],[138.673105,-34.719884],[138.673101,-34.719864],[138.673082,-34.719767]]}},{"type":"Feature","properties":{"tier":"high"},"geometry":{"type":"LineString","coordinates":[[138.676062,-34.741837],[138.676045,-34.741597],[138.676043,-34.741572],[138.676039,-34.74151]]}},{"type":"Feature","properties":{"tier":"high"},"geometry":{"type":"LineString","coordinates":[[138.676012,-34.741166],[138.675968,-34.740509],[138.675889,-34.739167],[138.675777,-34.737527]]}},{"type":"Feature","properties":{"tier":"high"},"geometry":{"type":"LineString","coordinates":[[138.675617,-34.730663],[138.675679,-34.730965],[138.675754,-34.731393],[138.675771,-34.731617],[138.675777,-34.73172]]}},{"type":"Feature","properties":{"tier":"high"},"geometry":{"type":"LineString","coordinates":[[138.675083,-34.729308],[138.675039,-34.7291],[138.675036,-34.729087],[138.67503,-34.729059],[138.675005,-34.728943]]}},{"type":"Feature","properties":{"tier":"high"},"geometry":{"type":"LineString","coordinates":[[138.675436,-34.731334],[138.675392,-34.730873],[138.675305,-34.73036],[138.675205,-34.729915],[138.67517,-34.729739]]}},{"type":"Feature","properties":{"tier":"high"},"geometry":{"type":"LineString","coordinates":[[138.676341,-34.746306],[138.676301,-34.745981],[138.67627,-34.745564],[138.676259,-34.745282]]}},{"type":"Feature","properties":{"tier":"high"},"geometry":{"type":"LineString","coordinates":[[138.673821,-34.723325],[138.6737,-34.722747],[138.673255,-34.720612]]}},{"type":"Feature","properties":{"tier":"high"},"geometry":{"type":"LineString","coordinates":[[138.675655,-34.735136],[138.675648,-34.735021],[138.675581,-34.733855],[138.6755,-34.732529],[138.675477,-34.732101]]}},{"type":"Feature","properties":{"tier":"arterial"},"geometry":{"type":"LineString","coordinates":[[138.676885,-34.728566],[138.677018,-34.728491],[138.67704,-34.728479],[138.677256,-34.728313],[138.677463,-34.728111],[138.677728,-34.727856],[138.677975,-34.727619],[138.678074,-34.727524],[138.67836,-34.727247]]}},{"type":"Feature","properties":{"tier":"arterial"},"geometry":{"type":"LineString","coordinates":[[138.675714,-34.728831],[138.675902,-34.72881]]}},{"type":"Feature","properties":{"tier":"arterial"},"geometry":{"type":"LineString","coordinates":[[138.665473,-34.727582],[138.665353,-34.727772],[138.665282,-34.727884],[138.664753,-34.728722],[138.664598,-34.728969],[138.664184,-34.729619],[138.664154,-34.729666],[138.66398,-34.729941]]}},{"type":"Feature","properties":{"tier":"arterial"},"geometry":{"type":"LineString","coordinates":[[138.664901,-34.740824],[138.664874,-34.740833],[138.664845,-34.740839],[138.664815,-34.740842],[138.664786,-34.74084]]}},{"type":"Feature","properties":{"tier":"arterial"},"geometry":{"type":"LineString","coordinates":[[138.669022,-34.741638],[138.669041,-34.741659],[138.669057,-34.741682],[138.669069,-34.741706],[138.669078,-34.741731],[138.669082,-34.741757],[138.669082,-34.741783],[138.669078,-34.741809],[138.66907,-34.741835],[138.669058,-34.741859],[138.669043,-34.741882],[138.669027,-34.741899],[138.669009,-34.741916],[138.668989,-34.74193],[138.668968,-34.741943]]}},{"type":"Feature","properties":{"tier":"arterial"},"geometry":{"type":"LineString","coordinates":[[138.664786,-34.74084],[138.664754,-34.740834],[138.664724,-34.740823],[138.664697,-34.740809],[138.664673,-34.740791],[138.664653,-34.74077]]}},{"type":"Feature","properties":{"tier":"arterial"},"geometry":{"type":"LineString","coordinates":[[138.664653,-34.74077],[138.664643,-34.740755],[138.664635,-34.74074],[138.664629,-34.740724],[138.664625,-34.740707],[138.664624,-34.74069],[138.664624,-34.740673]]}},{"type":"Feature","properties":{"tier":"regional"},"geometry":{"type":"LineString","coordinates":[[138.661531,-34.710691],[138.661368,-34.710704],[138.661295,-34.710722],[138.661217,-34.710744],[138.661144,-34.710769],[138.66108,-34.710803],[138.660986,-34.710858],[138.660912,-34.710904],[138.660802,-34.710969],[138.660754,-34.71099],[138.660673,-34.711015],[138.660599,-34.711029],[138.660517,-34.711036],[138.660445,-34.71103],[138.660369,-34.711016],[138.660267,-34.710981],[138.65965,-34.710703]]}},{"type":"Feature","properties":{"tier":"arterial"},"geometry":{"type":"LineString","coordinates":[[138.672636,-34.71532],[138.6727,-34.715176]]}},{"type":"Feature","properties":{"tier":"arterial"},"geometry":{"type":"LineString","coordinates":[[138.670258,-34.71468],[138.670313,-34.714707],[138.670384,-34.71474],[138.67044,-34.714763],[138.670495,-34.714784],[138.67051,-34.714789],[138.670576,-34.714811],[138.670637,-34.71483],[138.670692,-34.714844],[138.670741,-34.714856],[138.670806,-34.71487],[138.6709,-34.714886]]}},{"type":"Feature","properties":{"tier":"arterial"},"geometry":{"type":"LineString","coordinates":[[138.665861,-34.719915],[138.665795,-34.7198],[138.665771,-34.719736],[138.665769,-34.719707],[138.665774,-34.719683],[138.665795,-34.719647]]}},{"type":"Feature","properties":{"tier":"arterial"},"geometry":{"type":"LineString","coordinates":[[138.671373,-34.715299],[138.671319,-34.715225],[138.671291,-34.715192],[138.67128,-34.715182],[138.671262,-34.715164],[138.671229,-34.71514],[138.671096,-34.715058]]}},{"type":"Feature","properties":{"tier":"arterial"},"geometry":{"type":"LineString","coordinates":[[138.665795,-34.719647],[138.665745,-34.719663],[138.665725,-34.719664],[138.665701,-34.719659],[138.665674,-34.719651],[138.665649,-34.71964],[138.665569,-34.7196],[138.665531,-34.71958],[138.665379,-34.719501]]}},{"type":"Feature","properties":{"tier":"arterial"},"geometry":{"type":"LineString","coordinates":[[138.671791,-34.715108],[138.671664,-34.715165],[138.671626,-34.715184],[138.671591,-34.715208],[138.671537,-34.71525],[138.671477,-34.715308]]}},{"type":"Feature","properties":{"tier":"arterial"},"geometry":{"type":"LineString","coordinates":[[138.662923,-34.711225],[138.662962,-34.711163]]}},{"type":"Feature","properties":{"tier":"arterial"},"geometry":{"type":"LineString","coordinates":[[138.669018,-34.715285],[138.669152,-34.715402]]}},{"type":"Feature","properties":{"tier":"high"},"geometry":{"type":"LineString","coordinates":[[138.682729,-34.69928],[138.682811,-34.699283],[138.682991,-34.699292],[138.683054,-34.699306],[138.683111,-34.699308],[138.68317,-34.699309],[138.683185,-34.699306],[138.683229,-34.699293],[138.68327,-34.699276],[138.683364,-34.699234]]}},{"type":"Feature","properties":{"tier":"arterial"},"geometry":{"type":"LineString","coordinates":[[138.661384,-34.710398],[138.661379,-34.710327],[138.661414,-34.710168]]}},{"type":"Feature","properties":{"tier":"arterial"},"geometry":{"type":"LineString","coordinates":[[138.664851,-34.701466],[138.664787,-34.701492],[138.664747,-34.701515],[138.664713,-34.701538],[138.664692,-34.70156],[138.664663,-34.701594],[138.664637,-34.701625],[138.664629,-34.701636],[138.66461,-34.701659]]}},{"type":"Feature","properties":{"tier":"arterial"},"geometry":{"type":"LineString","coordinates":[[138.661035,-34.710658],[138.661271,-34.710396],[138.661304,-34.710343],[138.661414,-34.710168]]}},{"type":"Feature","properties":{"tier":"regional"},"geometry":{"type":"LineString","coordinates":[[138.670738,-34.712912],[138.670682,-34.712889]]}},{"type":"Feature","properties":{"tier":"regional"},"geometry":{"type":"LineString","coordinates":[[138.679294,-34.698411],[138.679212,-34.698367]]}},{"type":"Feature","properties":{"tier":"arterial"},"geometry":{"type":"LineString","coordinates":[[138.679329,-34.698336],[138.679294,-34.698411]]}},{"type":"Feature","properties":{"tier":"arterial"},"geometry":{"type":"LineString","coordinates":[[138.664707,-34.712363],[138.66447,-34.712263],[138.664317,-34.712179],[138.664134,-34.712059],[138.663573,-34.711648],[138.663347,-34.71148],[138.663206,-34.71138],[138.663103,-34.71132],[138.662923,-34.711225]]}},{"type":"Feature","properties":{"tier":"arterial"},"geometry":{"type":"LineString","coordinates":[[138.668573,-34.714042],[138.668352,-34.713944],[138.668161,-34.713861],[138.667401,-34.71353],[138.667339,-34.713502]]}},{"type":"Feature","properties":{"tier":"arterial"},"geometry":{"type":"LineString","coordinates":[[138.669394,-34.714558],[138.669296,-34.714477],[138.669254,-34.714446],[138.669198,-34.714411],[138.669053,-34.714337],[138.669018,-34.714318],[138.668948,-34.714281],[138.668849,-34.714226],[138.668686,-34.71413],[138.668573,-34.714042]]}},{"type":"Feature","properties":{"tier":"arterial"},"geometry":{"type":"LineString","coordinates":[[138.668573,-34.714042],[138.668741,-34.71407],[138.668914,-34.714125],[138.669034,-34.714165],[138.669093,-34.714183],[138.669166,-34.714206],[138.669296,-34.714243],[138.669374,-34.714262],[138.669484,-34.714287],[138.66955,-34.714303]]}},{"type":"Feature","properties":{"tier":"regional"},"geometry":{"type":"LineString","coordinates":[[138.671043,-34.712294],[138.671115,-34.712321]]}},{"type":"Feature","properties":{"tier":"high"},"geometry":{"type":"LineString","coordinates":[[138.682973,-34.699842],[138.682987,-34.699761],[138.682989,-34.699697],[138.682986,-34.699647],[138.682982,-34.699606],[138.682976,-34.699582],[138.682972,-34.699567],[138.682955,-34.699515],[138.682931,-34.699479],[138.68288,-34.699431],[138.682798,-34.699346],[138.682729,-34.69928]]}},{"type":"Feature","properties":{"tier":"arterial"},"geometry":{"type":"LineString","coordinates":[[138.676272,-34.702015],[138.676221,-34.702095],[138.676078,-34.702322],[138.675964,-34.702501],[138.675849,-34.702684],[138.675588,-34.703096]]}},{"type":"Feature","properties":{"tier":"arterial"},"geometry":{"type":"LineString","coordinates":[[138.673847,-34.70645],[138.673822,-34.706335],[138.673792,-34.706201],[138.67378,-34.706145],[138.673777,-34.706119],[138.673776,-34.706092],[138.673777,-34.706065],[138.673779,-34.706044],[138.673782,-34.706021],[138.673787,-34.705996],[138.673793,-34.70597],[138.673805,-34.705936],[138.673811,-34.70592],[138.673818,-34.705904],[138.673831,-34.705878],[138.673886,-34.705789]]}},{"type":"Feature","properties":{"tier":"arterial"},"geometry":{"type":"LineString","coordinates":[[138.669615,-34.714283],[138.669706,-34.714223],[138.669759,-34.714183],[138.669804,-34.71414],[138.66986,-34.714064],[138.669881,-34.714036]]}},{"type":"Feature","properties":{"tier":"arterial"},"geometry":{"type":"LineString","coordinates":[[138.673085,-34.70914],[138.673143,-34.709047],[138.673313,-34.708779],[138.67358,-34.708357],[138.673969,-34.707741],[138.674006,-34.707679],[138.674025,-34.707642],[138.674036,-34.707614],[138.674041,-34.707599],[138.674048,-34.707574],[138.674053,-34.707552],[138.674057,-34.70752],[138.674059,-34.707484]]}},{"type":"Feature","properties":{"tier":"arterial"},"geometry":{"type":"LineString","coordinates":[[138.671306,-34.711948],[138.671299,-34.711998],[138.67129,-34.712035],[138.671217,-34.712159],[138.671115,-34.712321]]}},{"type":"Feature","properties":{"tier":"arterial"},"geometry":{"type":"LineString","coordinates":[[138.673964,-34.707011],[138.673912,-34.70692],[138.673893,-34.706878],[138.673868,-34.70682]]}},{"type":"Feature","properties":{"tier":"arterial"},"geometry":{"type":"LineString","coordinates":[[138.673834,-34.706707],[138.673838,-34.706634],[138.673838,-34.706627],[138.673847,-34.70645]]}},{"type":"Feature","properties":{"tier":"arterial"},"geometry":{"type":"LineString","coordinates":[[138.672901,-34.709328],[138.672952,-34.709271],[138.673053,-34.70916],[138.673085,-34.70914]]}},{"type":"Feature","properties":{"tier":"arterial"},"geometry":{"type":"LineString","coordinates":[[138.673085,-34.70914],[138.673086,-34.709168],[138.673031,-34.709302],[138.673,-34.709379]]}},{"type":"Feature","properties":{"tier":"arterial"},"geometry":{"type":"LineString","coordinates":[[138.673847,-34.70645],[138.673918,-34.706617],[138.673922,-34.706624],[138.673952,-34.706686]]}},{"type":"Feature","properties":{"tier":"arterial"},"geometry":{"type":"LineString","coordinates":[[138.676685,-34.701305],[138.676735,-34.701222],[138.676747,-34.701203],[138.676963,-34.700857],[138.676983,-34.700826],[138.677121,-34.700674]]}},{"type":"Feature","properties":{"tier":"arterial"},"geometry":{"type":"LineString","coordinates":[[138.672774,-34.709638],[138.672789,-34.709571],[138.672808,-34.709504],[138.672814,-34.709483],[138.672835,-34.709429]]}},{"type":"Feature","properties":{"tier":"arterial"},"geometry":{"type":"LineString","coordinates":[[138.672938,-34.709469],[138.672899,-34.70951],[138.67288,-34.709533],[138.672835,-34.709587],[138.672774,-34.709638]]}},{"type":"Feature","properties":{"tier":"arterial"},"geometry":{"type":"LineString","coordinates":[[138.673986,-34.706791],[138.673973,-34.706846],[138.673973,-34.706866],[138.673974,-34.70691],[138.673964,-34.707011]]}},{"type":"Feature","properties":{"tier":"arterial"},"geometry":{"type":"LineString","coordinates":[[138.677121,-34.700674],[138.677063,-34.700847],[138.677037,-34.700888],[138.676824,-34.701236],[138.67679,-34.701291],[138.676762,-34.70134]]}},{"type":"Feature","properties":{"tier":"arterial"},"geometry":{"type":"LineString","coordinates":[[138.680785,-34.698448],[138.680631,-34.69842],[138.680543,-34.698383],[138.680347,-34.698301],[138.680329,-34.698296],[138.680307,-34.69829],[138.680288,-34.698285],[138.68025,-34.698276],[138.680221,-34.698271],[138.680189,-34.698265],[138.680162,-34.698262],[138.680127,-34.698258],[138.680093,-34.698256],[138.680071,-34.698254],[138.680027,-34.698253],[138.679995,-34.698254],[138.67996,-34.698256],[138.679917,-34.698259],[138.679884,-34.698263],[138.679853,-34.698267],[138.679818,-34.698273],[138.679752,-34.698288],[138.679713,-34.6983],[138.679611,-34.698327],[138.679473,-34.698364],[138.679294,-34.698411]]}},{"type":"Feature","properties":{"tier":"arterial"},"geometry":{"type":"LineString","coordinates":[[138.678198,-34.698938],[138.678223,-34.698891],[138.678253,-34.698844],[138.678288,-34.698797],[138.678351,-34.698727],[138.678413,-34.69867],[138.678459,-34.698635],[138.678505,-34.698603],[138.678543,-34.698581],[138.678589,-34.698556],[138.678631,-34.698535],[138.678671,-34.698518],[138.678701,-34.698506],[138.678766,-34.698484],[138.678828,-34.698467],[138.679086,-34.6984],[138.679212,-34.698367]]}},{"type":"Feature","properties":{"tier":"arterial"},"geometry":{"type":"LineString","coordinates":[[138.676673,-34.701469],[138.676646,-34.701494],[138.676623,-34.701532],[138.676595,-34.701575],[138.676395,-34.701895],[138.676272,-34.702015]]}},{"type":"Feature","properties":{"tier":"arterial"},"geometry":{"type":"LineString","coordinates":[[138.674513,-34.704799],[138.67448,-34.704918],[138.674394,-34.705055],[138.674377,-34.70511],[138.674375,-34.705122],[138.674358,-34.705199],[138.674345,-34.705278]]}},{"type":"Feature","properties":{"tier":"arterial"},"geometry":{"type":"LineString","coordinates":[[138.671306,-34.711948],[138.671459,-34.711704],[138.671548,-34.711566],[138.671634,-34.711434]]}},{"type":"Feature","properties":{"tier":"arterial"},"geometry":{"type":"LineString","coordinates":[[138.677121,-34.700674],[138.677136,-34.70065]]}},{"type":"Feature","properties":{"tier":"arterial"},"geometry":{"type":"LineString","coordinates":[[138.667971,-34.715623],[138.667999,-34.715785]]}},{"type":"Feature","properties":{"tier":"arterial"},"geometry":{"type":"LineString","coordinates":[[138.673986,-34.706791],[138.673969,-34.706808],[138.673946,-34.70682],[138.67392,-34.706827],[138.673893,-34.706827],[138.673868,-34.70682]]}},{"type":"Feature","properties":{"tier":"arterial"},"geometry":{"type":"LineString","coordinates":[[138.676673,-34.701469],[138.67665,-34.701466],[138.676628,-34.701458],[138.676609,-34.701446],[138.676595,-34.70143],[138.676585,-34.701412],[138.67658,-34.701393],[138.676581,-34.701373],[138.676589,-34.701354],[138.676601,-34.701336],[138.676618,-34.701322],[138.676639,-34.701312],[138.676661,-34.701306],[138.676685,-34.701305],[138.676707,-34.701308],[138.676729,-34.701315],[138.676747,-34.701326],[138.676762,-34.70134]]}},{"type":"Feature","properties":{"tier":"arterial"},"geometry":{"type":"LineString","coordinates":[[138.672827,-34.709401],[138.672828,-34.709387],[138.672833,-34.709373],[138.672841,-34.70936],[138.672852,-34.709349]]}},{"type":"Feature","properties":{"tier":"arterial"},"geometry":{"type":"LineString","coordinates":[[138.669394,-34.714558],[138.669391,-34.714536],[138.66939,-34.714514],[138.669392,-34.714493],[138.669397,-34.714471],[138.669403,-34.71445],[138.669412,-34.71443],[138.669423,-34.71441],[138.669436,-34.714391],[138.669451,-34.714373],[138.669467,-34.714356],[138.669486,-34.714341],[138.669506,-34.714327],[138.669528,-34.714314],[138.66955,-34.714303],[138.669582,-34.714291],[138.669615,-34.714283],[138.669645,-34.714278],[138.669675,-34.714275],[138.669705,-34.714275],[138.669735,-34.714277],[138.669764,-34.714282],[138.669793,-34.714289],[138.66982,-34.714299],[138.669847,-34.714311],[138.669872,-34.714325],[138.669895,-34.714341],[138.669916,-34.714359],[138.669934,-34.714378],[138.66995,-34.714399],[138.669964,-34.714421],[138.669982,-34.714464],[138.669987,-34.714487],[138.66999,-34.714511],[138.66999,-34.714535],[138.669986,-34.714559],[138.669981,-34.714582],[138.669972,-34.714605],[138.669961,-34.714627],[138.669947,-34.714648],[138.669931,-34.714668],[138.669913,-34.714686],[138.669893,-34.714703],[138.66987,-34.714718],[138.669846,-34.714732],[138.669821,-34.714743],[138.669784,-34.714755],[138.669746,-34.714763],[138.669715,-34.714767],[138.669683,-34.714768],[138.669651,-34.714765],[138.669619,-34.714761],[138.669589,-34.714753],[138.669559,-34.714743],[138.669531,-34.71473],[138.669505,-34.714715],[138.669481,-34.714698],[138.669459,-34.714678],[138.66944,-34.714657],[138.669424,-34.714635],[138.669411,-34.71461]]}},{"type":"Feature","properties":{"tier":"arterial"},"geometry":{"type":"LineString","coordinates":[[138.6727,-34.715176],[138.672795,-34.715217]]}},{"type":"Feature","properties":{"tier":"arterial"},"geometry":{"type":"LineString","coordinates":[[138.672795,-34.715217],[138.673023,-34.715317],[138.673206,-34.715382],[138.673239,-34.715393],[138.673324,-34.71542]]}},{"type":"Feature","properties":{"tier":"regional"},"geometry":{"type":"LineString","coordinates":[[138.673959,-34.715626],[138.674181,-34.715736]]}},{"type":"Feature","properties":{"tier":"regional"},"geometry":{"type":"LineString","coordinates":[[138.673925,-34.715697],[138.673627,-34.715612],[138.673593,-34.715604],[138.673493,-34.715581]]}},{"type":"Feature","properties":{"tier":"high"},"geometry":{"type":"LineString","coordinates":[[138.673661,-34.715221],[138.673599,-34.715313],[138.673588,-34.71534],[138.673576,-34.715371],[138.673534,-34.715478]]}},{"type":"Feature","properties":{"tier":"high"},"geometry":{"type":"LineString","coordinates":[[138.678257,-34.707571],[138.678409,-34.707341],[138.678432,-34.707306],[138.678476,-34.707237]]}},{"type":"Feature","properties":{"tier":"high"},"geometry":{"type":"LineString","coordinates":[[138.678489,-34.707627],[138.67806,-34.708314]]}},{"type":"Feature","properties":{"tier":"high"},"geometry":{"type":"LineString","coordinates":[[138.677282,-34.709117],[138.678017,-34.707939]]}},{"type":"Feature","properties":{"tier":"arterial"},"geometry":{"type":"LineString","coordinates":[[138.679195,-34.707539],[138.679141,-34.707525],[138.679008,-34.707467]]}},{"type":"Feature","properties":{"tier":"arterial"},"geometry":{"type":"LineString","coordinates":[[138.677988,-34.706968],[138.67779,-34.706885],[138.677066,-34.706569],[138.676842,-34.706473]]}},{"type":"Feature","properties":{"tier":"arterial"},"geometry":{"type":"LineString","coordinates":[[138.674059,-34.707484],[138.674058,-34.707456],[138.674053,-34.707418],[138.674036,-34.707341],[138.673964,-34.707011]]}},{"type":"Feature","properties":{"tier":"regional"},"geometry":{"type":"LineString","coordinates":[[138.673996,-34.706772],[138.673986,-34.706791]]}},{"type":"Feature","properties":{"tier":"arterial"},"geometry":{"type":"LineString","coordinates":[[138.667706,-34.720952],[138.66766,-34.720975],[138.667614,-34.720982],[138.667506,-34.720977],[138.667242,-34.720924]]}},{"type":"Feature","properties":{"tier":"arterial"},"geometry":{"type":"LineString","coordinates":[[138.666237,-34.720651],[138.66634,-34.720437],[138.666355,-34.720402],[138.666362,-34.720366],[138.666362,-34.720311]]}},{"type":"Feature","properties":{"tier":"arterial"},"geometry":{"type":"LineString","coordinates":[[138.665296,-34.734212],[138.665226,-34.734182],[138.664246,-34.73376]]}},{"type":"Feature","properties":{"tier":"arterial"},"geometry":{"type":"LineString","coordinates":[[138.664246,-34.73376],[138.664159,-34.733723],[138.663743,-34.733544],[138.663678,-34.733523],[138.663635,-34.733512]]}},{"type":"Feature","properties":{"tier":"regional"},"geometry":{"type":"LineString","coordinates":[[138.666065,-34.720957],[138.666237,-34.720651]]}},{"type":"Feature","properties":{"tier":"regional"},"geometry":{"type":"LineString","coordinates":[[138.658489,-34.733535],[138.658349,-34.733868],[138.658139,-34.734355],[138.657944,-34.734811]]}},{"type":"Feature","properties":{"tier":"regional"},"geometry":{"type":"LineString","coordinates":[[138.66313,-34.725188],[138.663283,-34.724956]]}},{"type":"Feature","properties":{"tier":"regional"},"geometry":{"type":"LineString","coordinates":[[138.662857,-34.725601],[138.662794,-34.725693],[138.662273,-34.726515],[138.662189,-34.726648],[138.66179,-34.727275],[138.661452,-34.727813],[138.661404,-34.727893],[138.661383,-34.727937],[138.661347,-34.728009],[138.66114,-34.728497],[138.661064,-34.728679],[138.660974,-34.728893]]}},{"type":"Feature","properties":{"tier":"regional"},"geometry":{"type":"LineString","coordinates":[[138.659021,-34.732608],[138.658836,-34.732902],[138.658816,-34.732929]]}},{"type":"Feature","properties":{"tier":"regional"},"geometry":{"type":"LineString","coordinates":[[138.659162,-34.732468],[138.659131,-34.732495],[138.659121,-34.732505],[138.659021,-34.732608]]}},{"type":"Feature","properties":{"tier":"regional"},"geometry":{"type":"LineString","coordinates":[[138.65674,-34.737177],[138.656739,-34.737129],[138.656789,-34.737061],[138.656893,-34.736948]]}},{"type":"Feature","properties":{"tier":"regional"},"geometry":{"type":"LineString","coordinates":[[138.658652,-34.733348],[138.658603,-34.733401],[138.658563,-34.733458],[138.658489,-34.733535]]}},{"type":"Feature","properties":{"tier":"regional"},"geometry":{"type":"LineString","coordinates":[[138.656893,-34.736948],[138.65684,-34.737081],[138.656794,-34.737157],[138.65674,-34.737177]]}},{"type":"Feature","properties":{"tier":"regional"},"geometry":{"type":"LineString","coordinates":[[138.659021,-34.732608],[138.659056,-34.732491],[138.659062,-34.732466],[138.659064,-34.732454],[138.659071,-34.732418]]}},{"type":"Feature","properties":{"tier":"regional"},"geometry":{"type":"LineString","coordinates":[[138.662857,-34.725601],[138.662881,-34.725528],[138.662896,-34.72549],[138.662904,-34.725471],[138.662909,-34.725458],[138.662913,-34.725417]]}},{"type":"Feature","properties":{"tier":"regional"},"geometry":{"type":"LineString","coordinates":[[138.658618,-34.733164],[138.658652,-34.733113],[138.658672,-34.733097],[138.658736,-34.733015],[138.658816,-34.732929]]}},{"type":"Feature","properties":{"tier":"regional"},"geometry":{"type":"LineString","coordinates":[[138.663001,-34.725465],[138.662975,-34.725487],[138.662968,-34.725498],[138.662957,-34.725513],[138.66293,-34.725551],[138.662857,-34.725601]]}},{"type":"Feature","properties":{"tier":"regional"},"geometry":{"type":"LineString","coordinates":[[138.658489,-34.733535],[138.658496,-34.733444],[138.658504,-34.733373],[138.658512,-34.733336],[138.65853,-34.733297]]}},{"type":"Feature","properties":{"tier":"regional"},"geometry":{"type":"LineString","coordinates":[[138.658816,-34.732929],[138.658786,-34.733031],[138.658755,-34.733117],[138.658752,-34.733128],[138.658743,-34.733153],[138.658729,-34.733209]]}},{"type":"Feature","properties":{"tier":"regional"},"geometry":{"type":"LineString","coordinates":[[138.66313,-34.725188],[138.663124,-34.725229],[138.66311,-34.72526],[138.663099,-34.725284],[138.663093,-34.725299],[138.663088,-34.725312],[138.663068,-34.725362]]}},{"type":"Feature","properties":{"tier":"regional"},"geometry":{"type":"LineString","coordinates":[[138.662977,-34.725327],[138.663013,-34.725287],[138.66303,-34.725272],[138.663038,-34.725265],[138.663067,-34.725238],[138.66309,-34.725215],[138.66313,-34.725188]]}},{"type":"Feature","properties":{"tier":"regional"},"geometry":{"type":"LineString","coordinates":[[138.659164,-34.732283],[138.659209,-34.732233],[138.659232,-34.732208],[138.659362,-34.732063]]}},{"type":"Feature","properties":{"tier":"regional"},"geometry":{"type":"LineString","coordinates":[[138.666791,-34.720658],[138.666694,-34.720622],[138.666649,-34.720612],[138.66661,-34.720604],[138.666565,-34.720602],[138.666527,-34.720604],[138.666486,-34.720609],[138.66642,-34.720622]]}},{"type":"Feature","properties":{"tier":"regional"},"geometry":{"type":"LineString","coordinates":[[138.645366,-34.74922],[138.645666,-34.74869],[138.646295,-34.747539],[138.64652,-34.747121],[138.646849,-34.746545],[138.647157,-34.74597],[138.647289,-34.74575],[138.647456,-34.745477],[138.647775,-34.74498],[138.648257,-34.744227],[138.648445,-34.743927],[138.649238,-34.74268],[138.649838,-34.74171],[138.650233,-34.741088],[138.650572,-34.740554],[138.651401,-34.739255],[138.651693,-34.738786]]}},{"type":"Feature","properties":{"tier":"regional"},"geometry":{"type":"LineString","coordinates":[[138.651787,-34.738819],[138.651494,-34.739292],[138.650576,-34.740743],[138.650382,-34.741048],[138.650097,-34.741494],[138.649943,-34.741737],[138.649287,-34.742755],[138.648577,-34.743896],[138.648346,-34.744262],[138.647859,-34.745023],[138.647608,-34.745438],[138.647375,-34.745855],[138.647141,-34.746294],[138.646976,-34.746589],[138.646665,-34.74715],[138.646331,-34.747749]]}},{"type":"Feature","properties":{"tier":"regional"},"geometry":{"type":"LineString","coordinates":[[138.654921,-34.736621],[138.65456,-34.736529],[138.654461,-34.736503],[138.654419,-34.736492]]}},{"type":"Feature","properties":{"tier":"regional"},"geometry":{"type":"LineString","coordinates":[[138.65211,-34.738243],[138.65214,-34.738281],[138.651997,-34.738503],[138.651787,-34.738819]]}},{"type":"Feature","properties":{"tier":"regional"},"geometry":{"type":"LineString","coordinates":[[138.651693,-34.738786],[138.6519,-34.738471],[138.652045,-34.738241],[138.65211,-34.738243]]}},{"type":"Feature","properties":{"tier":"regional"},"geometry":{"type":"LineString","coordinates":[[138.645504,-34.749256],[138.645453,-34.749342],[138.645431,-34.749388],[138.645374,-34.749516],[138.645341,-34.749633],[138.645335,-34.749725],[138.645347,-34.74981],[138.645367,-34.749881],[138.645384,-34.74994],[138.64542,-34.750017],[138.645422,-34.75002]]}},{"type":"Feature","properties":{"tier":"regional"},"geometry":{"type":"LineString","coordinates":[[138.645272,-34.75002],[138.645233,-34.749938],[138.645192,-34.749796],[138.645189,-34.74969],[138.645219,-34.749544],[138.645265,-34.749418],[138.6453,-34.749352],[138.645329,-34.749298],[138.645366,-34.74922]]}},{"type":"Feature","properties":{"tier":"arterial"},"geometry":{"type":"LineString","coordinates":[[138.662607,-34.732259],[138.662588,-34.732312],[138.662531,-34.732437],[138.662486,-34.732518],[138.662334,-34.732787],[138.662181,-34.733017],[138.662107,-34.733135],[138.661926,-34.733362],[138.661918,-34.733372]]}},{"type":"Feature","properties":{"tier":"arterial"},"geometry":{"type":"LineString","coordinates":[[138.66398,-34.729941],[138.663905,-34.730063],[138.663806,-34.730221]]}},{"type":"Feature","properties":{"tier":"arterial"},"geometry":{"type":"LineString","coordinates":[[138.661814,-34.73351],[138.66173,-34.73362],[138.661653,-34.733719],[138.661557,-34.73385]]}},{"type":"Feature","properties":{"tier":"arterial"},"geometry":{"type":"LineString","coordinates":[[138.663503,-34.7335],[138.663552,-34.733499],[138.663595,-34.733502]]}},{"type":"Feature","properties":{"tier":"arterial"},"geometry":{"type":"LineString","coordinates":[[138.662429,-34.733747],[138.662437,-34.733748],[138.662479,-34.733749],[138.662513,-34.733745],[138.66264,-34.733718],[138.663181,-34.733577],[138.663365,-34.733528],[138.663403,-34.733519],[138.663441,-34.733511],[138.663503,-34.7335]]}},{"type":"Feature","properties":{"tier":"regional"},"geometry":{"type":"LineString","coordinates":[[138.663078,-34.725383],[138.663078,-34.725406],[138.663069,-34.725428],[138.663052,-34.725446],[138.663028,-34.725459],[138.663001,-34.725465],[138.662973,-34.725463],[138.662947,-34.725453],[138.662927,-34.725438],[138.662913,-34.725417],[138.662909,-34.725395],[138.662914,-34.725372],[138.662928,-34.725351],[138.66295,-34.725335],[138.662977,-34.725327],[138.663004,-34.725326],[138.663029,-34.725332],[138.663052,-34.725344],[138.663068,-34.725362]]}},{"type":"Feature","properties":{"tier":"regional"},"geometry":{"type":"LineString","coordinates":[[138.648257,-34.744227],[138.648346,-34.744262]]}},{"type":"Feature","properties":{"tier":"regional"},"geometry":{"type":"LineString","coordinates":[[138.658703,-34.733329],[138.658679,-34.733341],[138.658652,-34.733348]]}},{"type":"Feature","properties":{"tier":"regional"},"geometry":{"type":"LineString","coordinates":[[138.659229,-34.732455],[138.659208,-34.732463],[138.659185,-34.732468],[138.659162,-34.732468]]}},{"type":"Feature","properties":{"tier":"arterial"},"geometry":{"type":"LineString","coordinates":[[138.66784,-34.72119],[138.667725,-34.721077],[138.66769,-34.72103],[138.66769,-34.720993],[138.667706,-34.720952]]}},{"type":"Feature","properties":{"tier":"arterial"},"geometry":{"type":"LineString","coordinates":[[138.640711,-34.748748],[138.64043,-34.748579]]}},{"type":"Feature","properties":{"tier":"arterial"},"geometry":{"type":"LineString","coordinates":[[138.675024,-34.736656],[138.675094,-34.736651]]}},{"type":"Feature","properties":{"tier":"arterial"},"geometry":{"type":"LineString","coordinates":[[138.660178,-34.738663],[138.660047,-34.738607],[138.659681,-34.738452],[138.659632,-34.738431]]}},{"type":"Feature","properties":{"tier":"arterial"},"geometry":{"type":"LineString","coordinates":[[138.661988,-34.739443],[138.661269,-34.739133],[138.660258,-34.738697],[138.660178,-34.738663]]}},{"type":"Feature","properties":{"tier":"high"},"geometry":{"type":"LineString","coordinates":[[138.675477,-34.732101],[138.675452,-34.73162]]}},{"type":"Feature","properties":{"tier":"high"},"geometry":{"type":"LineString","coordinates":[[138.680653,-34.703502],[138.681029,-34.702916]]}},{"type":"Feature","properties":{"tier":"high"},"geometry":{"type":"LineString","coordinates":[[138.675452,-34.73162],[138.675437,-34.731348],[138.675436,-34.731334]]}},{"type":"Feature","properties":{"tier":"high"},"geometry":{"type":"LineString","coordinates":[[138.682973,-34.699842],[138.683139,-34.699596],[138.68316,-34.699565],[138.68321,-34.699491]]}},{"type":"Feature","properties":{"tier":"high"},"geometry":{"type":"LineString","coordinates":[[138.682708,-34.700245],[138.682797,-34.700102],[138.682947,-34.69988],[138.682973,-34.699842]]}},{"type":"Feature","properties":{"tier":"arterial"},"geometry":{"type":"LineString","coordinates":[[138.639548,-34.748116],[138.63961,-34.748026]]}},{"type":"Feature","properties":{"tier":"regional"},"geometry":{"type":"LineString","coordinates":[[138.637356,-34.733266],[138.638336,-34.733689],[138.640146,-34.734471],[138.642148,-34.735335],[138.644506,-34.736357],[138.646365,-34.73716],[138.647859,-34.737806],[138.648114,-34.737916],[138.648387,-34.738033],[138.648453,-34.738062],[138.649189,-34.738373],[138.649902,-34.738675],[138.650014,-34.738725],[138.650136,-34.738805],[138.650222,-34.738888],[138.650273,-34.738955],[138.650313,-34.739024],[138.650342,-34.739095],[138.650361,-34.739166],[138.65037,-34.739272],[138.650365,-34.739338],[138.650339,-34.739445],[138.650296,-34.739538],[138.649866,-34.740229],[138.649839,-34.740271],[138.64934,-34.741056],[138.648785,-34.741929],[138.648635,-34.742166],[138.648515,-34.742348],[138.648429,-34.742477],[138.648177,-34.742861],[138.648109,-34.742964],[138.647801,-34.743431],[138.647688,-34.743603],[138.647274,-34.74423],[138.646408,-34.745616],[138.645599,-34.746887],[138.644969,-34.747883],[138.644883,-34.748019],[138.644777,-34.748161],[138.644665,-34.748291],[138.64454,-34.748414],[138.644433,-34.748507],[138.64427,-34.74863],[138.644106,-34.748736],[138.643922,-34.748837],[138.643731,-34.748924],[138.643608,-34.748978],[138.643405,-34.749051],[138.642842,-34.749208]]}},{"type":"Feature","properties":{"tier":"arterial"},"geometry":{"type":"LineString","coordinates":[[138.664749,-34.740539],[138.664773,-34.740534],[138.664797,-34.740531],[138.664821,-34.74053],[138.664847,-34.740533],[138.664871,-34.740538],[138.664895,-34.740545],[138.664917,-34.740555],[138.664937,-34.740568],[138.664955,-34.740583],[138.664971,-34.740599],[138.664985,-34.74062],[138.664995,-34.740643],[138.665001,-34.740666],[138.665003,-34.74069]]}},{"type":"Feature","properties":{"tier":"arterial"},"geometry":{"type":"LineString","coordinates":[[138.668673,-34.741618],[138.668695,-34.741604],[138.668719,-34.741592],[138.668744,-34.741583],[138.668771,-34.741575],[138.668798,-34.741571],[138.668825,-34.741568],[138.668853,-34.741569],[138.668881,-34.741572],[138.668908,-34.741577],[138.668934,-34.741585],[138.668959,-34.741595],[138.668982,-34.741608]]}},{"type":"Feature","properties":{"tier":"arterial"},"geometry":{"type":"LineString","coordinates":[[138.676697,-34.701468],[138.676673,-34.701469]]}},{"type":"Feature","properties":{"tier":"arterial"},"geometry":{"type":"LineString","coordinates":[[138.674345,-34.705278],[138.674357,-34.705306],[138.674362,-34.705337]]}},{"type":"Feature","properties":{"tier":"arterial"},"geometry":{"type":"LineString","coordinates":[[138.66862,-34.741672],[138.668635,-34.741652],[138.668653,-34.741634],[138.668673,-34.741618]]}},{"type":"Feature","properties":{"tier":"arterial"},"geometry":{"type":"LineString","coordinates":[[138.665003,-34.74069],[138.665,-34.740714],[138.664992,-34.740736],[138.664981,-34.740758],[138.664966,-34.740778],[138.664947,-34.740796],[138.664925,-34.740811],[138.664901,-34.740824]]}},{"type":"Feature","properties":{"tier":"arterial"},"geometry":{"type":"LineString","coordinates":[[138.676762,-34.70134],[138.676773,-34.701357],[138.676779,-34.701376],[138.67678,-34.701395],[138.676774,-34.701416],[138.676762,-34.701435],[138.676744,-34.701451],[138.676722,-34.701462],[138.676697,-34.701468]]}},{"type":"Feature","properties":{"tier":"arterial"},"geometry":{"type":"LineString","coordinates":[[138.659502,-34.737022],[138.659427,-34.737143]]}},{"type":"Feature","properties":{"tier":"arterial"},"geometry":{"type":"LineString","coordinates":[[138.669152,-34.722064],[138.669122,-34.722111],[138.669034,-34.722201]]}},{"type":"Feature","properties":{"tier":"arterial"},"geometry":{"type":"LineString","coordinates":[[138.669611,-34.721336],[138.66959,-34.721372],[138.669456,-34.721582],[138.669435,-34.721616],[138.669388,-34.721687]]}},{"type":"Feature","properties":{"tier":"arterial"},"geometry":{"type":"LineString","coordinates":[[138.668419,-34.722927],[138.668378,-34.722991],[138.668349,-34.723038],[138.668212,-34.723251]]}},{"type":"Feature","properties":{"tier":"arterial"},"geometry":{"type":"LineString","coordinates":[[138.682729,-34.69928],[138.683086,-34.699438],[138.683121,-34.699453],[138.68321,-34.699491]]}},{"type":"Feature","properties":{"tier":"arterial"},"geometry":{"type":"LineString","coordinates":[[138.663758,-34.703328],[138.663888,-34.70335]]}},{"type":"Feature","properties":{"tier":"arterial"},"geometry":{"type":"LineString","coordinates":[[138.662865,-34.707008],[138.662997,-34.707027]]}},{"type":"Feature","properties":{"tier":"arterial"},"geometry":{"type":"LineString","coordinates":[[138.665265,-34.70037],[138.665391,-34.700425]]}},{"type":"Feature","properties":{"tier":"arterial"},"geometry":{"type":"LineString","coordinates":[[138.663705,-34.704109],[138.663575,-34.704087]]}},{"type":"Feature","properties":{"tier":"arterial"},"geometry":{"type":"LineString","coordinates":[[138.666325,-34.696688],[138.66647,-34.696712]]}},{"type":"Feature","properties":{"tier":"arterial"},"geometry":{"type":"LineString","coordinates":[[138.663148,-34.705843],[138.66328,-34.705865]]}},{"type":"Feature","properties":{"tier":"arterial"},"geometry":{"type":"LineString","coordinates":[[138.664077,-34.702628],[138.663939,-34.702605]]}},{"type":"Feature","properties":{"tier":"arterial"},"geometry":{"type":"LineString","coordinates":[[138.664222,-34.702018],[138.664345,-34.702067]]}},{"type":"Feature","properties":{"tier":"arterial"},"geometry":{"type":"LineString","coordinates":[[138.666856,-34.694514],[138.667016,-34.694539]]}},{"type":"Feature","properties":{"tier":"high"},"geometry":{"type":"LineString","coordinates":[[138.683737,-34.699281],[138.683607,-34.699485],[138.683584,-34.699521],[138.683519,-34.699624]]}},{"type":"Feature","properties":{"tier":"high"},"geometry":{"type":"LineString","coordinates":[[138.68752,-34.693261],[138.687267,-34.69366],[138.686783,-34.694423]]}},{"type":"Feature","properties":{"tier":"arterial"},"geometry":{"type":"LineString","coordinates":[[138.684505,-34.700038],[138.684903,-34.700219],[138.686833,-34.701058],[138.687146,-34.701191]]}},{"type":"Feature","properties":{"tier":"regional"},"geometry":{"type":"LineString","coordinates":[[138.680725,-34.71571],[138.680645,-34.715677],[138.680133,-34.715468],[138.680001,-34.715421],[138.679895,-34.715389],[138.679776,-34.715359],[138.679631,-34.71534],[138.679559,-34.715334],[138.679506,-34.715331],[138.679481,-34.715329],[138.679461,-34.715327],[138.679292,-34.715329],[138.679167,-34.715341],[138.679027,-34.715361],[138.678901,-34.715382],[138.678785,-34.715409],[138.678662,-34.71545],[138.678543,-34.715499],[138.67824,-34.71567],[138.677493,-34.716116],[138.67737,-34.716187],[138.677267,-34.716248],[138.677188,-34.716294],[138.677054,-34.716373],[138.676933,-34.716434],[138.676885,-34.716451],[138.676823,-34.716473],[138.676709,-34.716501],[138.676605,-34.716521],[138.676484,-34.716535],[138.676395,-34.716538],[138.676311,-34.716535],[138.676222,-34.716531],[138.676143,-34.716522],[138.676093,-34.716515],[138.67606,-34.716507],[138.676031,-34.716501],[138.675963,-34.716484],[138.675849,-34.716446],[138.675737,-34.7164],[138.675177,-34.71616]]}},{"type":"Feature","properties":{"tier":"regional"},"geometry":{"type":"LineString","coordinates":[[138.67816,-34.718606],[138.678219,-34.718742]]}},{"type":"Feature","properties":{"tier":"regional"},"geometry":{"type":"LineString","coordinates":[[138.678219,-34.718742],[138.678268,-34.718857],[138.678285,-34.718899],[138.678316,-34.71896],[138.678355,-34.71902],[138.678396,-34.719079],[138.678428,-34.719121],[138.678466,-34.719199]]}},{"type":"Feature","properties":{"tier":"high"},"geometry":{"type":"LineString","coordinates":[[138.673388,-34.720074],[138.673472,-34.720466],[138.674054,-34.723269]]}},{"type":"Feature","properties":{"tier":"high"},"geometry":{"type":"LineString","coordinates":[[138.674229,-34.724128],[138.67436,-34.724747],[138.674572,-34.725745],[138.674901,-34.727207],[138.67507,-34.728101]]}},{"type":"Feature","properties":{"tier":"arterial"},"geometry":{"type":"LineString","coordinates":[[138.683578,-34.709368],[138.68401,-34.709557],[138.684087,-34.709591]]}},{"type":"Feature","properties":{"tier":"arterial"},"geometry":{"type":"LineString","coordinates":[[138.68752,-34.70727],[138.687329,-34.70727],[138.687232,-34.70727],[138.687054,-34.707286],[138.686851,-34.707316],[138.686657,-34.707363],[138.686418,-34.707439],[138.686147,-34.707549],[138.685912,-34.707662],[138.685701,-34.707795],[138.685625,-34.707854]]}},{"type":"Feature","properties":{"tier":"arterial"},"geometry":{"type":"LineString","coordinates":[[138.679862,-34.717358],[138.679774,-34.71745],[138.679626,-34.71759],[138.679456,-34.71773],[138.679272,-34.717869],[138.679044,-34.718003],[138.67896,-34.718054],[138.678911,-34.71808],[138.678828,-34.718124],[138.678664,-34.718203],[138.678486,-34.718273]]}},{"type":"Feature","properties":{"tier":"arterial"},"geometry":{"type":"LineString","coordinates":[[138.685483,-34.707715],[138.685746,-34.707542],[138.686033,-34.707393],[138.686272,-34.707293],[138.686523,-34.707206],[138.686713,-34.707156],[138.686932,-34.70712],[138.687151,-34.707096],[138.687316,-34.707091],[138.687349,-34.70709],[138.68752,-34.707087]]}},{"type":"Feature","properties":{"tier":"arterial"},"geometry":{"type":"LineString","coordinates":[[138.677934,-34.718265],[138.678165,-34.718194],[138.67827,-34.718157],[138.678306,-34.718144],[138.67839,-34.718115],[138.678598,-34.718029],[138.678795,-34.717932],[138.678834,-34.717912],[138.679001,-34.717813],[138.679217,-34.717678],[138.679385,-34.717554],[138.679596,-34.71736],[138.679696,-34.717246]]}},{"type":"Feature","properties":{"tier":"arterial"},"geometry":{"type":"LineString","coordinates":[[138.67827,-34.718345],[138.678011,-34.718433]]}},{"type":"Feature","properties":{"tier":"arterial"},"geometry":{"type":"LineString","coordinates":[[138.681217,-34.714932],[138.681524,-34.714441]]}},{"type":"Feature","properties":{"tier":"arterial"},"geometry":{"type":"LineString","coordinates":[[138.6838,-34.710039],[138.683927,-34.709842]]}},{"type":"Feature","properties":{"tier":"arterial"},"geometry":{"type":"LineString","coordinates":[[138.684087,-34.709591],[138.684157,-34.70948],[138.684241,-34.709348]]}},{"type":"Feature","properties":{"tier":"arterial"},"geometry":{"type":"LineString","coordinates":[[138.683927,-34.709842],[138.684087,-34.709591]]}},{"type":"Feature","properties":{"tier":"arterial"},"geometry":{"type":"LineString","coordinates":[[138.683646,-34.710282],[138.683663,-34.710255],[138.68374,-34.710134],[138.6838,-34.710039]]}},{"type":"Feature","properties":{"tier":"arterial"},"geometry":{"type":"LineString","coordinates":[[138.678486,-34.718273],[138.678392,-34.718304],[138.67827,-34.718345]]}},{"type":"Feature","properties":{"tier":"arterial"},"geometry":{"type":"LineString","coordinates":[[138.674909,-34.719387],[138.67472,-34.719442],[138.674223,-34.719595]]}},{"type":"Feature","properties":{"tier":"arterial"},"geometry":{"type":"LineString","coordinates":[[138.684241,-34.709348],[138.684329,-34.70921],[138.684363,-34.709155]]}},{"type":"Feature","properties":{"tier":"arterial"},"geometry":{"type":"LineString","coordinates":[[138.684284,-34.709675],[138.684137,-34.70989]]}},{"type":"Feature","properties":{"tier":"arterial"},"geometry":{"type":"LineString","coordinates":[[138.680912,-34.71579],[138.680835,-34.715911],[138.68083,-34.715919],[138.68047,-34.716487]]}},{"type":"Feature","properties":{"tier":"arterial"},"geometry":{"type":"LineString","coordinates":[[138.681759,-34.714004],[138.681839,-34.713824],[138.682024,-34.713375],[138.682093,-34.713206]]}},{"type":"Feature","properties":{"tier":"arterial"},"geometry":{"type":"LineString","coordinates":[[138.680725,-34.71571],[138.680967,-34.715332],[138.681012,-34.715261],[138.681018,-34.715251],[138.681098,-34.715123],[138.681217,-34.714932]]}},{"type":"Feature","properties":{"tier":"arterial"},"geometry":{"type":"LineString","coordinates":[[138.678011,-34.718433],[138.677627,-34.718549],[138.677262,-34.71866],[138.677033,-34.71873],[138.676668,-34.718843],[138.67504,-34.719346],[138.674909,-34.719387]]}},{"type":"Feature","properties":{"tier":"arterial"},"geometry":{"type":"LineString","coordinates":[[138.681524,-34.714441],[138.681592,-34.714327],[138.68164,-34.714246],[138.681733,-34.714062],[138.681759,-34.714004]]}},{"type":"Feature","properties":{"tier":"arterial"},"geometry":{"type":"LineString","coordinates":[[138.682293,-34.713263],[138.682233,-34.713409],[138.681973,-34.714039],[138.681875,-34.714255],[138.68179,-34.714407],[138.681764,-34.714453],[138.681722,-34.71452]]}},{"type":"Feature","properties":{"tier":"arterial"},"geometry":{"type":"LineString","coordinates":[[138.673732,-34.719674],[138.673442,-34.719715],[138.673441,-34.719715],[138.673406,-34.71972],[138.673305,-34.719734]]}},{"type":"Feature","properties":{"tier":"arterial"},"geometry":{"type":"LineString","coordinates":[[138.674838,-34.719226],[138.674971,-34.719184],[138.675364,-34.719061],[138.675755,-34.718939],[138.676721,-34.718641],[138.677189,-34.718494],[138.677299,-34.718458],[138.677934,-34.718265]]}},{"type":"Feature","properties":{"tier":"arterial"},"geometry":{"type":"LineString","coordinates":[[138.679696,-34.717246],[138.679733,-34.717204],[138.679777,-34.717154],[138.679906,-34.716991],[138.680062,-34.716765],[138.680114,-34.716681],[138.680467,-34.716112],[138.680549,-34.715984],[138.680643,-34.715837],[138.680725,-34.71571]]}},{"type":"Feature","properties":{"tier":"arterial"},"geometry":{"type":"LineString","coordinates":[[138.684363,-34.709155],[138.684425,-34.709059],[138.684831,-34.708424],[138.684965,-34.708228],[138.685035,-34.708146],[138.685078,-34.708095],[138.685187,-34.707968],[138.685329,-34.707829],[138.685356,-34.707809],[138.685483,-34.707715]]}},{"type":"Feature","properties":{"tier":"arterial"},"geometry":{"type":"LineString","coordinates":[[138.685625,-34.707854],[138.685516,-34.707938],[138.685333,-34.708095],[138.685207,-34.708238],[138.685151,-34.708311],[138.684827,-34.708814],[138.684703,-34.70901],[138.684621,-34.70914],[138.68451,-34.709303]]}},{"type":"Feature","properties":{"tier":"arterial"},"geometry":{"type":"LineString","coordinates":[[138.682093,-34.713206],[138.682181,-34.712993],[138.682423,-34.712412],[138.682595,-34.711998],[138.682671,-34.711837],[138.682755,-34.711701],[138.682982,-34.711331],[138.683288,-34.710847],[138.683372,-34.710715],[138.683646,-34.710282]]}},{"type":"Feature","properties":{"tier":"arterial"},"geometry":{"type":"LineString","coordinates":[[138.683845,-34.710367],[138.683483,-34.710929],[138.683287,-34.711234],[138.683013,-34.711667],[138.682915,-34.711849],[138.682842,-34.711982],[138.682702,-34.712282],[138.682679,-34.712335],[138.682623,-34.712469],[138.682408,-34.712984],[138.682293,-34.713263]]}},{"type":"Feature","properties":{"tier":"regional"},"geometry":{"type":"LineString","coordinates":[[138.657822,-34.735095],[138.657762,-34.735232],[138.657577,-34.735657],[138.657387,-34.736101],[138.65731,-34.736283],[138.657275,-34.736349]]}},{"type":"Feature","properties":{"tier":"regional"},"geometry":{"type":"LineString","coordinates":[[138.660791,-34.729326],[138.660527,-34.729945],[138.660419,-34.73021],[138.660292,-34.730524],[138.660179,-34.730781],[138.660089,-34.730917]]}},{"type":"Feature","properties":{"tier":"regional"},"geometry":{"type":"LineString","coordinates":[[138.660974,-34.728893],[138.660823,-34.72925],[138.660791,-34.729326]]}},{"type":"Feature","properties":{"tier":"regional"},"geometry":{"type":"LineString","coordinates":[[138.657944,-34.734811],[138.657865,-34.734995],[138.657822,-34.735095]]}},{"type":"Feature","properties":{"tier":"regional"},"geometry":{"type":"LineString","coordinates":[[138.665388,-34.722027],[138.665754,-34.72145]]}},{"type":"Feature","properties":{"tier":"regional"},"geometry":{"type":"LineString","coordinates":[[138.659362,-34.732063],[138.659293,-34.732222],[138.659283,-34.732251],[138.65928,-34.732263],[138.659277,-34.732279],[138.659268,-34.732327]]}},{"type":"Feature","properties":{"tier":"regional"},"geometry":{"type":"LineString","coordinates":[[138.663856,-34.724436],[138.663913,-34.724358],[138.664015,-34.724198],[138.664069,-34.724113]]}},{"type":"Feature","properties":{"tier":"regional"},"geometry":{"type":"LineString","coordinates":[[138.663283,-34.724956],[138.663313,-34.724911],[138.663378,-34.724831],[138.663445,-34.724764],[138.663516,-34.724706],[138.663554,-34.724681]]}},{"type":"Feature","properties":{"tier":"regional"},"geometry":{"type":"LineString","coordinates":[[138.658333,-34.737826],[138.658707,-34.737982],[138.658736,-34.737994],[138.658797,-34.738019]]}},{"type":"Feature","properties":{"tier":"arterial"},"geometry":{"type":"LineString","coordinates":[[138.659114,-34.738151],[138.659229,-34.738199],[138.659456,-34.738306],[138.659585,-34.738373],[138.659632,-34.738431]]}},{"type":"Feature","properties":{"tier":"regional"},"geometry":{"type":"LineString","coordinates":[[138.657711,-34.737594],[138.657214,-34.737384],[138.65674,-34.737177]]}},{"type":"Feature","properties":{"tier":"regional"},"geometry":{"type":"LineString","coordinates":[[138.654419,-34.736492],[138.654281,-34.736466],[138.654148,-34.736449],[138.654034,-34.736444],[138.653899,-34.736448],[138.653763,-34.736466],[138.653636,-34.736493],[138.653509,-34.736533],[138.653401,-34.736578],[138.6533,-34.736631],[138.653209,-34.736689],[138.653124,-34.736754],[138.652993,-34.736885],[138.652889,-34.737031],[138.652265,-34.737991],[138.652142,-34.738187]]}},{"type":"Feature","properties":{"tier":"arterial"},"geometry":{"type":"LineString","coordinates":[[138.661726,-34.733319],[138.661774,-34.733228],[138.662024,-34.732816],[138.662166,-34.732568],[138.662209,-34.732495],[138.662266,-34.732423],[138.662358,-34.732327],[138.662467,-34.732199]]}},{"type":"Feature","properties":{"tier":"arterial"},"geometry":{"type":"LineString","coordinates":[[138.659146,-34.73769],[138.658962,-34.737992],[138.658947,-34.738016],[138.658915,-34.738068]]}},{"type":"Feature","properties":{"tier":"arterial"},"geometry":{"type":"LineString","coordinates":[[138.66679,-34.725501],[138.666623,-34.725761]]}},{"type":"Feature","properties":{"tier":"arterial"},"geometry":{"type":"LineString","coordinates":[[138.663458,-34.73077],[138.663214,-34.731155],[138.662731,-34.731924]]}},{"type":"Feature","properties":{"tier":"arterial"},"geometry":{"type":"LineString","coordinates":[[138.658902,-34.737847],[138.659161,-34.737461],[138.659427,-34.737143]]}},{"type":"Feature","properties":{"tier":"arterial"},"geometry":{"type":"LineString","coordinates":[[138.668212,-34.723251],[138.668176,-34.723308],[138.668128,-34.723383],[138.667975,-34.723626],[138.667746,-34.723987],[138.667645,-34.724147],[138.667605,-34.72421],[138.667562,-34.724279],[138.667562,-34.72428],[138.667467,-34.724434],[138.667181,-34.724886],[138.66694,-34.725266],[138.666846,-34.725413],[138.66679,-34.725501]]}},{"type":"Feature","properties":{"tier":"regional"},"geometry":{"type":"LineString","coordinates":[[138.663068,-34.725362],[138.663078,-34.725383]]}},{"type":"Feature","properties":{"tier":"arterial"},"geometry":{"type":"LineString","coordinates":[[138.66692,-34.720747],[138.666849,-34.720698],[138.666791,-34.720658]]}},{"type":"Feature","properties":{"tier":"arterial"},"geometry":{"type":"LineString","coordinates":[[138.665322,-34.719429],[138.665267,-34.719362],[138.665192,-34.719169],[138.665164,-34.719084],[138.665144,-34.719006],[138.665139,-34.718985],[138.665134,-34.718876],[138.665137,-34.718787],[138.665154,-34.718666],[138.66518,-34.718564],[138.665217,-34.718468],[138.665255,-34.718375],[138.665329,-34.718227]]}},{"type":"Feature","properties":{"tier":"arterial"},"geometry":{"type":"LineString","coordinates":[[138.665897,-34.719944],[138.665861,-34.719915]]}},{"type":"Feature","properties":{"tier":"arterial"},"geometry":{"type":"LineString","coordinates":[[138.666791,-34.720658],[138.666583,-34.720491]]}},{"type":"Feature","properties":{"tier":"regional"},"geometry":{"type":"LineString","coordinates":[[138.665324,-34.722127],[138.665388,-34.722027]]}},{"type":"Feature","properties":{"tier":"regional"},"geometry":{"type":"LineString","coordinates":[[138.663554,-34.724681],[138.663671,-34.724603]]}},{"type":"Feature","properties":{"tier":"regional"},"geometry":{"type":"LineString","coordinates":[[138.66642,-34.720622],[138.666271,-34.720738],[138.666065,-34.720957]]}},{"type":"Feature","properties":{"tier":"regional"},"geometry":{"type":"LineString","coordinates":[[138.665754,-34.72145],[138.666065,-34.720957]]}},{"type":"Feature","properties":{"tier":"arterial"},"geometry":{"type":"LineString","coordinates":[[138.666668,-34.720333],[138.666583,-34.720491]]}},{"type":"Feature","properties":{"tier":"regional"},"geometry":{"type":"LineString","coordinates":[[138.663671,-34.724603],[138.663689,-34.724591],[138.663788,-34.724502],[138.663807,-34.724484],[138.663856,-34.724436]]}},{"type":"Feature","properties":{"tier":"regional"},"geometry":{"type":"LineString","coordinates":[[138.664069,-34.724113],[138.664106,-34.724055],[138.66421,-34.723894],[138.664348,-34.723674],[138.664595,-34.723282],[138.665174,-34.722365],[138.665324,-34.722127]]}},{"type":"Feature","properties":{"tier":"arterial"},"geometry":{"type":"LineString","coordinates":[[138.668922,-34.722055],[138.669073,-34.721818],[138.669123,-34.721739]]}},{"type":"Feature","properties":{"tier":"regional"},"geometry":{"type":"LineString","coordinates":[[138.66179,-34.688038],[138.66184,-34.687961],[138.662149,-34.68748]]}},{"type":"Feature","properties":{"tier":"regional"},"geometry":{"type":"LineString","coordinates":[[138.661649,-34.688068],[138.661573,-34.688036],[138.660421,-34.687554],[138.660243,-34.68748]]}},{"type":"Feature","properties":{"tier":"regional"},"geometry":{"type":"LineString","coordinates":[[138.661835,-34.688156],[138.661915,-34.688188],[138.662171,-34.688289],[138.662249,-34.688322]]}},{"type":"Feature","properties":{"tier":"regional"},"geometry":{"type":"LineString","coordinates":[[138.64472,-34.692436],[138.647779,-34.68748]]}},{"type":"Feature","properties":{"tier":"regional"},"geometry":{"type":"LineString","coordinates":[[138.628824,-34.741466],[138.629189,-34.741683],[138.629303,-34.741754],[138.629536,-34.741897],[138.630424,-34.742443],[138.630761,-34.742649],[138.630824,-34.742687],[138.630908,-34.742739],[138.631134,-34.742877],[138.6312,-34.742917],[138.631591,-34.743156],[138.632068,-34.743447]]}},{"type":"Feature","properties":{"tier":"regional"},"geometry":{"type":"LineString","coordinates":[[138.628824,-34.741466],[138.628657,-34.741397],[138.628604,-34.741376]]}},{"type":"Feature","properties":{"tier":"regional"},"geometry":{"type":"LineString","coordinates":[[138.628652,-34.741304],[138.628703,-34.741352],[138.628824,-34.741466]]}},{"type":"Feature","properties":{"tier":"regional"},"geometry":{"type":"LineString","coordinates":[[138.628279,-34.741162],[138.628447,-34.7412],[138.628524,-34.741217]]}},{"type":"Feature","properties":{"tier":"regional"},"geometry":{"type":"LineString","coordinates":[[138.628445,-34.741272],[138.628396,-34.741239],[138.628279,-34.741162]]}},{"type":"Feature","properties":{"tier":"regional"},"geometry":{"type":"LineString","coordinates":[[138.628511,-34.741386],[138.628465,-34.741419],[138.62837,-34.741487]]}},{"type":"Feature","properties":{"tier":"regional"},"geometry":{"type":"LineString","coordinates":[[138.62837,-34.741487],[138.62842,-34.741393],[138.628448,-34.741339]]}},{"type":"Feature","properties":{"tier":"arterial"},"geometry":{"type":"LineString","coordinates":[[138.668194,-34.748459],[138.668159,-34.748468],[138.668099,-34.748486],[138.667744,-34.748588],[138.667656,-34.748613],[138.667567,-34.748639],[138.667489,-34.748661],[138.66744,-34.748675],[138.66716,-34.748754]]}},{"type":"Feature","properties":{"tier":"arterial"},"geometry":{"type":"LineString","coordinates":[[138.671411,-34.747557],[138.671392,-34.747563],[138.670384,-34.747848],[138.670043,-34.747943],[138.669998,-34.747956],[138.669793,-34.748013],[138.669705,-34.748038],[138.669615,-34.748063],[138.669187,-34.748182],[138.668941,-34.748252],[138.668509,-34.748371],[138.668405,-34.748401]]}},{"type":"Feature","properties":{"tier":"arterial"},"geometry":{"type":"LineString","coordinates":[[138.66399,-34.749649],[138.662681,-34.75002]]}},{"type":"Feature","properties":{"tier":"arterial"},"geometry":{"type":"LineString","coordinates":[[138.674748,-34.746826],[138.674655,-34.74684],[138.674262,-34.746901],[138.673588,-34.746997]]}},{"type":"Feature","properties":{"tier":"high"},"geometry":{"type":"LineString","coordinates":[[138.676873,-34.747902],[138.676731,-34.747565],[138.676609,-34.747276],[138.676467,-34.74688]]}},{"type":"Feature","properties":{"tier":"high"},"geometry":{"type":"LineString","coordinates":[[138.676467,-34.74688],[138.676415,-34.746656],[138.676394,-34.746564]]}},{"type":"Feature","properties":{"tier":"regional"},"geometry":{"type":"LineString","coordinates":[[138.646331,-34.747749],[138.645855,-34.748619],[138.645504,-34.749256]]}},{"type":"Feature","properties":{"tier":"arterial"},"geometry":{"type":"LineString","coordinates":[[138.657445,-34.740475],[138.657494,-34.74028],[138.65753,-34.740185]]}},{"type":"Feature","properties":{"tier":"arterial"},"geometry":{"type":"LineString","coordinates":[[138.663888,-34.70335],[138.663841,-34.70354],[138.663705,-34.704109],[138.663593,-34.704577],[138.663333,-34.705647],[138.66328,-34.705865],[138.663101,-34.706596],[138.662997,-34.707027],[138.662949,-34.707223],[138.662893,-34.707456],[138.662842,-34.707668],[138.662786,-34.707868],[138.662738,-34.707998],[138.662662,-34.708161],[138.66251,-34.70843],[138.662059,-34.709154]]}},{"type":"Feature","properties":{"tier":"arterial"},"geometry":{"type":"LineString","coordinates":[[138.66461,-34.701659],[138.664345,-34.702067],[138.664323,-34.7021],[138.664205,-34.702315],[138.664155,-34.702425],[138.664077,-34.702628],[138.664023,-34.702801],[138.663888,-34.70335]]}},{"type":"Feature","properties":{"tier":"arterial"},"geometry":{"type":"LineString","coordinates":[[138.663013,-34.711084],[138.663098,-34.711122],[138.663232,-34.711199],[138.663357,-34.71128],[138.663514,-34.711393],[138.663666,-34.711523],[138.663726,-34.711574],[138.663999,-34.711814],[138.664181,-34.711978],[138.664337,-34.7121],[138.664524,-34.712232],[138.664707,-34.712363]]}},{"type":"Feature","properties":{"tier":"arterial"},"geometry":{"type":"LineString","coordinates":[[138.667339,-34.713502],[138.666705,-34.713234]]}},{"type":"Feature","properties":{"tier":"arterial"},"geometry":{"type":"LineString","coordinates":[[138.666705,-34.713234],[138.666687,-34.713226],[138.665081,-34.712534],[138.664707,-34.712363]]}},{"type":"Feature","properties":{"tier":"arterial"},"geometry":{"type":"LineString","coordinates":[[138.671469,-34.704153],[138.671407,-34.704126],[138.671119,-34.704002],[138.670375,-34.703682],[138.670331,-34.703663],[138.670328,-34.703662],[138.670261,-34.703633],[138.670206,-34.703609]]}},{"type":"Feature","properties":{"tier":"arterial"},"geometry":{"type":"LineString","coordinates":[[138.671898,-34.704336],[138.671469,-34.704153]]}},{"type":"Feature","properties":{"tier":"arterial"},"geometry":{"type":"LineString","coordinates":[[138.669349,-34.703241],[138.66818,-34.702736],[138.668085,-34.702697]]}},{"type":"Feature","properties":{"tier":"arterial"},"geometry":{"type":"LineString","coordinates":[[138.671634,-34.711434],[138.672001,-34.710863],[138.672405,-34.710217],[138.672526,-34.710023],[138.672606,-34.709896],[138.672774,-34.709638]]}},{"type":"Feature","properties":{"tier":"arterial"},"geometry":{"type":"LineString","coordinates":[[138.669881,-34.714036],[138.670143,-34.713645],[138.670471,-34.713204],[138.670514,-34.713139],[138.67063,-34.712967],[138.670682,-34.712889]]}},{"type":"Feature","properties":{"tier":"arterial"},"geometry":{"type":"LineString","coordinates":[[138.670682,-34.712889],[138.670983,-34.712386],[138.671043,-34.712294],[138.671137,-34.712149],[138.671222,-34.712019],[138.671252,-34.711987],[138.671306,-34.711948]]}},{"type":"Feature","properties":{"tier":"regional"},"geometry":{"type":"LineString","coordinates":[[138.669635,-34.696083],[138.669691,-34.695861],[138.669737,-34.695696],[138.669785,-34.695563],[138.66982,-34.695476],[138.66989,-34.695335],[138.669953,-34.695225],[138.669995,-34.695152],[138.670123,-34.694952],[138.670514,-34.694341],[138.67076,-34.693956],[138.670978,-34.693622]]}},{"type":"Feature","properties":{"tier":"regional"},"geometry":{"type":"LineString","coordinates":[[138.669484,-34.696677],[138.669556,-34.696391],[138.669635,-34.696083]]}},{"type":"Feature","properties":{"tier":"regional"},"geometry":{"type":"LineString","coordinates":[[138.669259,-34.697574],[138.669267,-34.697541],[138.669352,-34.697195],[138.669484,-34.696677]]}},{"type":"Feature","properties":{"tier":"regional"},"geometry":{"type":"LineString","coordinates":[[138.667443,-34.700892],[138.667696,-34.700512],[138.668537,-34.699193],[138.668792,-34.698793],[138.668951,-34.698525],[138.669046,-34.698323],[138.669118,-34.698116],[138.669252,-34.697599],[138.669259,-34.697574]]}},{"type":"Feature","properties":{"tier":"arterial"},"geometry":{"type":"LineString","coordinates":[[138.665971,-34.698089],[138.666112,-34.698111]]}},{"type":"Feature","properties":{"tier":"high"},"geometry":{"type":"LineString","coordinates":[[138.676057,-34.736658],[138.676076,-34.736916],[138.676115,-34.737517],[138.676154,-34.738336],[138.676204,-34.739235]]}},{"type":"Feature","properties":{"tier":"high"},"geometry":{"type":"LineString","coordinates":[[138.676403,-34.742985],[138.676453,-34.744355],[138.676483,-34.745205],[138.676486,-34.7454]]}},{"type":"Feature","properties":{"tier":"high"},"geometry":{"type":"LineString","coordinates":[[138.67636,-34.742173],[138.676365,-34.74231],[138.676403,-34.742985]]}},{"type":"Feature","properties":{"tier":"high"},"geometry":{"type":"LineString","coordinates":[[138.676204,-34.739235],[138.676231,-34.739718],[138.676251,-34.740331]]}},{"type":"Feature","properties":{"tier":"arterial"},"geometry":{"type":"LineString","coordinates":[[138.681322,-34.7244],[138.681628,-34.724111],[138.681691,-34.724049],[138.681798,-34.723947],[138.682264,-34.723501],[138.682294,-34.723472],[138.682443,-34.723324],[138.68255,-34.723197],[138.682656,-34.723047],[138.682828,-34.722782],[138.683117,-34.722316]]}},{"type":"Feature","properties":{"tier":"arterial"},"geometry":{"type":"LineString","coordinates":[[138.67836,-34.727247],[138.678648,-34.726973]]}},{"type":"Feature","properties":{"tier":"arterial"},"geometry":{"type":"LineString","coordinates":[[138.680569,-34.725126],[138.680595,-34.725101],[138.680669,-34.725029],[138.680845,-34.724859],[138.680909,-34.724797],[138.681083,-34.72463],[138.681322,-34.7244]]}},{"type":"Feature","properties":{"tier":"arterial"},"geometry":{"type":"LineString","coordinates":[[138.675902,-34.72881],[138.676246,-34.72876],[138.676449,-34.728723],[138.676636,-34.728672],[138.676842,-34.72859],[138.676885,-34.728566]]}},{"type":"Feature","properties":{"tier":"arterial"},"geometry":{"type":"LineString","coordinates":[[138.678648,-34.726973],[138.678761,-34.726865],[138.678852,-34.726778],[138.679092,-34.72655],[138.679199,-34.726447],[138.679739,-34.725926],[138.679917,-34.725755],[138.680074,-34.725604],[138.680233,-34.72545],[138.680569,-34.725126]]}},{"type":"Feature","properties":{"tier":"arterial"},"geometry":{"type":"LineString","coordinates":[[138.666443,-34.747722],[138.666449,-34.747765],[138.666465,-34.747846],[138.666479,-34.747921],[138.666499,-34.747982],[138.666555,-34.748146],[138.666583,-34.748219],[138.666642,-34.748367],[138.666693,-34.748498]]}},{"type":"Feature","properties":{"tier":"arterial"},"geometry":{"type":"LineString","coordinates":[[138.666442,-34.746488],[138.66644,-34.746498],[138.666425,-34.746556],[138.666412,-34.7466]]}},{"type":"Feature","properties":{"tier":"arterial"},"geometry":{"type":"LineString","coordinates":[[138.659276,-34.738313],[138.658965,-34.73818],[138.658935,-34.738167],[138.658871,-34.73814]]}},{"type":"Feature","properties":{"tier":"arterial"},"geometry":{"type":"LineString","coordinates":[[138.668405,-34.748401],[138.668194,-34.748459]]}},{"type":"Feature","properties":{"tier":"arterial"},"geometry":{"type":"LineString","coordinates":[[138.658769,-34.738308],[138.658753,-34.738335],[138.658639,-34.738517],[138.658454,-34.738783],[138.658352,-34.738917]]}},{"type":"Feature","properties":{"tier":"regional"},"geometry":{"type":"LineString","coordinates":[[138.626802,-34.743245],[138.626844,-34.743199],[138.627414,-34.742552],[138.627889,-34.74202],[138.62837,-34.741487]]}},{"type":"Feature","properties":{"tier":"regional"},"geometry":{"type":"LineString","coordinates":[[138.626802,-34.743245],[138.626726,-34.743386],[138.626712,-34.74343],[138.626681,-34.74349],[138.626642,-34.743524],[138.626519,-34.743611],[138.626451,-34.743663],[138.626352,-34.743732]]}},{"type":"Feature","properties":{"tier":"regional"},"geometry":{"type":"LineString","coordinates":[[138.626352,-34.743732],[138.626404,-34.743674],[138.626525,-34.743541],[138.626546,-34.743464],[138.626568,-34.743427],[138.626626,-34.743385],[138.626735,-34.74332],[138.626802,-34.743245]]}},{"type":"Feature","properties":{"tier":"regional"},"geometry":{"type":"LineString","coordinates":[[138.633475,-34.744311],[138.63399,-34.744622],[138.634684,-34.745046],[138.634918,-34.745216],[138.634988,-34.745275],[138.635048,-34.745334],[138.635125,-34.745406],[138.635252,-34.745541],[138.635419,-34.745731],[138.635742,-34.74608],[138.636347,-34.746761],[138.636486,-34.746918],[138.637464,-34.748022]]}},{"type":"Feature","properties":{"tier":"regional"},"geometry":{"type":"LineString","coordinates":[[138.62498,-34.73919],[138.626135,-34.739912],[138.6264,-34.740067],[138.626573,-34.740168]]}},{"type":"Feature","properties":{"tier":"regional"},"geometry":{"type":"LineString","coordinates":[[138.627015,-34.74044],[138.627788,-34.740886],[138.628059,-34.741033],[138.628213,-34.741113],[138.628279,-34.741162]]}},{"type":"Feature","properties":{"tier":"arterial"},"geometry":{"type":"LineString","coordinates":[[138.667579,-34.692649],[138.667779,-34.692316],[138.667939,-34.692088],[138.667992,-34.692018],[138.668007,-34.691998],[138.668039,-34.691959],[138.668059,-34.691919],[138.668074,-34.691852]]}},{"type":"Feature","properties":{"tier":"regional"},"geometry":{"type":"LineString","coordinates":[[138.668418,-34.691773],[138.668484,-34.691879],[138.668488,-34.691886],[138.668541,-34.691949],[138.668651,-34.692055],[138.668858,-34.692253],[138.668922,-34.692338]]}},{"type":"Feature","properties":{"tier":"regional"},"geometry":{"type":"LineString","coordinates":[[138.668922,-34.692338],[138.668817,-34.692287],[138.668533,-34.692056],[138.668443,-34.691982],[138.6684,-34.691955],[138.668385,-34.691945],[138.668309,-34.69191]]}},{"type":"Feature","properties":{"tier":"regional"},"geometry":{"type":"LineString","coordinates":[[138.668922,-34.692338],[138.668971,-34.692375],[138.669265,-34.692605],[138.669371,-34.692695]]}},{"type":"Feature","properties":{"tier":"regional"},"geometry":{"type":"LineString","coordinates":[[138.664339,-34.68921],[138.664749,-34.68938],[138.665227,-34.689577]]}},{"type":"Feature","properties":{"tier":"arterial"},"geometry":{"type":"LineString","coordinates":[[138.670206,-34.703609],[138.670095,-34.703562],[138.67002,-34.70353],[138.669996,-34.703519],[138.669994,-34.703518],[138.669947,-34.703498],[138.66943,-34.703276],[138.669349,-34.703241]]}},{"type":"Feature","properties":{"tier":"arterial"},"geometry":{"type":"LineString","coordinates":[[138.671115,-34.712321],[138.670865,-34.712719],[138.670738,-34.712912],[138.670694,-34.712978],[138.670621,-34.713102],[138.670584,-34.713169],[138.670473,-34.713378],[138.670362,-34.713585],[138.670133,-34.714012],[138.670062,-34.714144],[138.670032,-34.714201],[138.670003,-34.714279],[138.669992,-34.714327],[138.669979,-34.714376],[138.669964,-34.714421]]}},{"type":"Feature","properties":{"tier":"arterial"},"geometry":{"type":"LineString","coordinates":[[138.674727,-34.70446],[138.674609,-34.704648],[138.674513,-34.704799]]}},{"type":"Feature","properties":{"tier":"arterial"},"geometry":{"type":"LineString","coordinates":[[138.675588,-34.703096],[138.67553,-34.703188],[138.675277,-34.703588],[138.67516,-34.703772],[138.675071,-34.703913],[138.674995,-34.704033],[138.674727,-34.70446]]}},{"type":"Feature","properties":{"tier":"regional"},"geometry":{"type":"LineString","coordinates":[[138.671795,-34.692314],[138.672137,-34.691777],[138.672328,-34.691474],[138.672448,-34.691313],[138.67253,-34.691216],[138.672574,-34.691175],[138.672881,-34.690887],[138.672896,-34.690876],[138.673294,-34.690567],[138.673498,-34.690402],[138.673513,-34.690392],[138.674253,-34.689845],[138.675338,-34.689006],[138.67547,-34.688891],[138.675599,-34.688758],[138.675722,-34.688621],[138.675832,-34.688477],[138.676014,-34.688204],[138.676461,-34.68748]]}},{"type":"Feature","properties":{"tier":"arterial"},"geometry":{"type":"LineString","coordinates":[[138.66929,-34.690211],[138.668523,-34.691416],[138.668481,-34.691475],[138.668434,-34.691533],[138.668403,-34.691577],[138.668387,-34.691631],[138.668387,-34.691687]]}},{"type":"Feature","properties":{"tier":"regional"},"geometry":{"type":"LineString","coordinates":[[138.669371,-34.692695],[138.66958,-34.692858],[138.669758,-34.692997],[138.669921,-34.693107],[138.670081,-34.693208],[138.670273,-34.693313],[138.670868,-34.693574],[138.670978,-34.693622]]}},{"type":"Feature","properties":{"tier":"regional"},"geometry":{"type":"LineString","coordinates":[[138.662249,-34.688322],[138.662735,-34.688529],[138.663194,-34.688724],[138.664339,-34.68921]]}},{"type":"Feature","properties":{"tier":"arterial"},"geometry":{"type":"LineString","coordinates":[[138.68451,-34.709303],[138.684443,-34.709413]]}},{"type":"Feature","properties":{"tier":"arterial"},"geometry":{"type":"LineString","coordinates":[[138.684137,-34.70989],[138.68401,-34.71011],[138.683941,-34.710218],[138.683845,-34.710367]]}},{"type":"Feature","properties":{"tier":"arterial"},"geometry":{"type":"LineString","coordinates":[[138.684087,-34.709591],[138.684126,-34.709638],[138.684139,-34.709665],[138.684142,-34.709679],[138.684143,-34.709719],[138.68414,-34.709775],[138.684138,-34.709825],[138.684137,-34.70989]]}},{"type":"Feature","properties":{"tier":"arterial"},"geometry":{"type":"LineString","coordinates":[[138.684443,-34.709413],[138.684391,-34.70943],[138.684313,-34.709524],[138.684296,-34.709541],[138.684259,-34.709579],[138.68423,-34.709597],[138.684196,-34.709605],[138.684141,-34.709603],[138.684087,-34.709591]]}},{"type":"Feature","properties":{"tier":"high"},"geometry":{"type":"LineString","coordinates":[[138.676394,-34.746564],[138.676364,-34.74647],[138.676341,-34.746306]]}},{"type":"Feature","properties":{"tier":"arterial"},"geometry":{"type":"LineString","coordinates":[[138.666826,-34.748847],[138.666712,-34.748879]]}},{"type":"Feature","properties":{"tier":"arterial"},"geometry":{"type":"LineString","coordinates":[[138.670147,-34.735242],[138.670043,-34.73529],[138.669866,-34.735373],[138.669706,-34.735408],[138.669684,-34.735412],[138.669639,-34.73542],[138.669542,-34.73542],[138.669352,-34.73539]]}},{"type":"Feature","properties":{"tier":"arterial"},"geometry":{"type":"LineString","coordinates":[[138.671497,-34.737018],[138.671482,-34.737024],[138.671397,-34.737076],[138.671366,-34.737094],[138.671262,-34.737164],[138.671174,-34.737235],[138.671075,-34.737324]]}},{"type":"Feature","properties":{"tier":"arterial"},"geometry":{"type":"LineString","coordinates":[[138.662467,-34.732199],[138.662608,-34.732052],[138.662731,-34.731924]]}},{"type":"Feature","properties":{"tier":"arterial"},"geometry":{"type":"LineString","coordinates":[[138.670068,-34.735132],[138.670179,-34.735065],[138.670205,-34.73505],[138.670331,-34.734958],[138.670521,-34.734807],[138.670733,-34.734591]]}},{"type":"Feature","properties":{"tier":"arterial"},"geometry":{"type":"LineString","coordinates":[[138.671793,-34.719784],[138.672542,-34.71968]]}},{"type":"Feature","properties":{"tier":"arterial"},"geometry":{"type":"LineString","coordinates":[[138.671263,-34.737013],[138.671312,-34.736985],[138.671423,-34.736922]]}},{"type":"Feature","properties":{"tier":"arterial"},"geometry":{"type":"LineString","coordinates":[[138.666393,-34.716532],[138.666544,-34.716282],[138.666652,-34.716149],[138.666773,-34.716015],[138.666888,-34.715929],[138.667009,-34.71586],[138.667172,-34.715779],[138.66731,-34.715729],[138.667445,-34.715699],[138.667476,-34.715691],[138.667721,-34.715651],[138.667898,-34.715632],[138.667971,-34.715623],[138.668116,-34.715606],[138.668302,-34.715584],[138.668448,-34.71556],[138.668562,-34.715529],[138.668579,-34.715524],[138.668737,-34.715467],[138.668887,-34.715395],[138.669018,-34.715285],[138.669114,-34.715184],[138.669208,-34.715069],[138.669312,-34.714908],[138.669353,-34.714839],[138.669373,-34.714788],[138.669382,-34.714743],[138.669397,-34.714682],[138.669411,-34.71461]]}},{"type":"Feature","properties":{"tier":"arterial"},"geometry":{"type":"LineString","coordinates":[[138.666558,-34.716611],[138.666537,-34.716643],[138.666475,-34.716732],[138.666448,-34.716779],[138.666184,-34.717185],[138.666168,-34.717212],[138.666084,-34.717349]]}},{"type":"Feature","properties":{"tier":"arterial"},"geometry":{"type":"LineString","coordinates":[[138.665513,-34.718265],[138.665468,-34.718341],[138.665421,-34.718425]]}},{"type":"Feature","properties":{"tier":"arterial"},"geometry":{"type":"LineString","coordinates":[[138.665948,-34.717218],[138.666084,-34.717349]]}},{"type":"Feature","properties":{"tier":"arterial"},"geometry":{"type":"LineString","coordinates":[[138.666084,-34.717349],[138.666004,-34.717478],[138.665982,-34.717513]]}},{"type":"Feature","properties":{"tier":"arterial"},"geometry":{"type":"LineString","coordinates":[[138.665948,-34.717218],[138.666001,-34.717141],[138.666298,-34.71668],[138.666393,-34.716532]]}},{"type":"Feature","properties":{"tier":"arterial"},"geometry":{"type":"LineString","coordinates":[[138.665329,-34.718227],[138.665363,-34.718169]]}},{"type":"Feature","properties":{"tier":"arterial"},"geometry":{"type":"LineString","coordinates":[[138.671953,-34.719948],[138.671247,-34.720051]]}},{"type":"Feature","properties":{"tier":"arterial"},"geometry":{"type":"LineString","coordinates":[[138.671247,-34.720051],[138.671203,-34.720057],[138.670923,-34.720102],[138.670898,-34.720108],[138.67084,-34.72012]]}},{"type":"Feature","properties":{"tier":"regional"},"geometry":{"type":"LineString","coordinates":[[138.661847,-34.688112],[138.661845,-34.688135],[138.661835,-34.688156],[138.661819,-34.688176],[138.661796,-34.688192],[138.661768,-34.688202],[138.661739,-34.688205],[138.661709,-34.688201],[138.661682,-34.688191],[138.66166,-34.688176],[138.661644,-34.688157],[138.661634,-34.688135],[138.661632,-34.688112],[138.661637,-34.688089],[138.661649,-34.688068],[138.661666,-34.688052],[138.661688,-34.688039],[138.661713,-34.688031],[138.661739,-34.688028],[138.661765,-34.688031],[138.66179,-34.688038],[138.661812,-34.688052],[138.66183,-34.688069],[138.661842,-34.68809],[138.661847,-34.688112]]}},{"type":"Feature","properties":{"tier":"regional"},"geometry":{"type":"LineString","coordinates":[[138.658754,-34.73809],[138.658696,-34.738065],[138.658571,-34.738011]]}},{"type":"Feature","properties":{"tier":"arterial"},"geometry":{"type":"LineString","coordinates":[[138.658754,-34.73809],[138.658797,-34.738019]]}},{"type":"Feature","properties":{"tier":"arterial"},"geometry":{"type":"LineString","coordinates":[[138.665363,-34.718169],[138.665481,-34.717979]]}},{"type":"Feature","properties":{"tier":"arterial"},"geometry":{"type":"LineString","coordinates":[[138.665363,-34.718169],[138.665513,-34.718265]]}},{"type":"Feature","properties":{"tier":"arterial"},"geometry":{"type":"LineString","coordinates":[[138.670165,-34.714829],[138.670161,-34.714762],[138.670183,-34.714715],[138.670258,-34.71468]]}},{"type":"Feature","properties":{"tier":"arterial"},"geometry":{"type":"LineString","coordinates":[[138.671045,-34.714903],[138.671045,-34.714989],[138.671028,-34.715021],[138.670991,-34.715048]]}},{"type":"Feature","properties":{"tier":"arterial"},"geometry":{"type":"LineString","coordinates":[[138.686762,-34.745401],[138.686929,-34.745334],[138.687122,-34.745243],[138.687358,-34.745106],[138.68752,-34.74499]]}},{"type":"Feature","properties":{"tier":"arterial"},"geometry":{"type":"LineString","coordinates":[[138.678476,-34.707237],[138.67839,-34.707199],[138.678156,-34.707098],[138.678118,-34.707081],[138.677988,-34.706968]]}},{"type":"Feature","properties":{"tier":"regional"},"geometry":{"type":"LineString","coordinates":[[138.667072,-34.701472],[138.666996,-34.701652],[138.666966,-34.701767],[138.666941,-34.701945]]}},{"type":"Feature","properties":{"tier":"high"},"geometry":{"type":"LineString","coordinates":[[138.678927,-34.706932],[138.678764,-34.707188],[138.678727,-34.707247]]}},{"type":"Feature","properties":{"tier":"high"},"geometry":{"type":"LineString","coordinates":[[138.678727,-34.707247],[138.678677,-34.707324]]}},{"type":"Feature","properties":{"tier":"high"},"geometry":{"type":"LineString","coordinates":[[138.678677,-34.707324],[138.678632,-34.707395],[138.678489,-34.707627]]}},{"type":"Feature","properties":{"tier":"arterial"},"geometry":{"type":"LineString","coordinates":[[138.678727,-34.707247],[138.678815,-34.707285],[138.67908,-34.707399]]}},{"type":"Feature","properties":{"tier":"arterial"},"geometry":{"type":"LineString","coordinates":[[138.670858,-34.719919],[138.671119,-34.719926],[138.671231,-34.719936],[138.671283,-34.719949],[138.6713,-34.719963],[138.671302,-34.719983]]}},{"type":"Feature","properties":{"tier":"arterial"},"geometry":{"type":"LineString","coordinates":[[138.67246,-34.719869],[138.67172,-34.719883],[138.671445,-34.719917],[138.671396,-34.719907],[138.671363,-34.719881],[138.671343,-34.719845]]}},{"type":"Feature","properties":{"tier":"arterial"},"geometry":{"type":"LineString","coordinates":[[138.67246,-34.719869],[138.671953,-34.719948]]}},{"type":"Feature","properties":{"tier":"arterial"},"geometry":{"type":"LineString","coordinates":[[138.669978,-34.687608],[138.670033,-34.687538],[138.670079,-34.687506],[138.670138,-34.687484],[138.670205,-34.687483]]}},{"type":"Feature","properties":{"tier":"arterial"},"geometry":{"type":"LineString","coordinates":[[138.661557,-34.73385],[138.661443,-34.733956]]}},{"type":"Feature","properties":{"tier":"arterial"},"geometry":{"type":"LineString","coordinates":[[138.661443,-34.733956],[138.66148,-34.733825]]}},{"type":"Feature","properties":{"tier":"arterial"},"geometry":{"type":"LineString","coordinates":[[138.662923,-34.711225],[138.662459,-34.711019],[138.661936,-34.710791],[138.661819,-34.710744],[138.661691,-34.71071],[138.661588,-34.710696],[138.661552,-34.710692]]}},{"type":"Feature","properties":{"tier":"regional"},"geometry":{"type":"LineString","coordinates":[[138.65965,-34.710703],[138.660292,-34.710916],[138.660425,-34.710947],[138.66053,-34.710947],[138.660622,-34.710931],[138.660739,-34.71088],[138.660869,-34.710786],[138.661035,-34.710658]]}},{"type":"Feature","properties":{"tier":"high"},"geometry":{"type":"LineString","coordinates":[[138.675005,-34.728943],[138.67498,-34.728827],[138.674929,-34.728606]]}},{"type":"Feature","properties":{"tier":"arterial"},"geometry":{"type":"LineString","coordinates":[[138.678122,-34.699093],[138.678198,-34.698938]]}},{"type":"Feature","properties":{"tier":"arterial"},"geometry":{"type":"LineString","coordinates":[[138.678275,-34.698943],[138.678122,-34.699093]]}},{"type":"Feature","properties":{"tier":"high"},"geometry":{"type":"LineString","coordinates":[[138.675732,-34.736587],[138.675724,-34.73637]]}},{"type":"Feature","properties":{"tier":"high"},"geometry":{"type":"LineString","coordinates":[[138.675756,-34.737082],[138.675736,-34.736665]]}},{"type":"Feature","properties":{"tier":"high"},"geometry":{"type":"LineString","coordinates":[[138.676018,-34.735961],[138.676043,-34.736413],[138.676054,-34.736581]]}},{"type":"Feature","properties":{"tier":"high"},"geometry":{"type":"LineString","coordinates":[[138.675955,-34.734793],[138.675969,-34.735005],[138.675977,-34.735134]]}},{"type":"Feature","properties":{"tier":"arterial"},"geometry":{"type":"LineString","coordinates":[[138.671343,-34.719845],[138.671793,-34.719784]]}},{"type":"Feature","properties":{"tier":"arterial"},"geometry":{"type":"LineString","coordinates":[[138.669034,-34.722201],[138.668706,-34.722475]]}},{"type":"Feature","properties":{"tier":"arterial"},"geometry":{"type":"LineString","coordinates":[[138.666623,-34.725761],[138.666246,-34.726362]]}},{"type":"Feature","properties":{"tier":"arterial"},"geometry":{"type":"LineString","coordinates":[[138.661655,-34.733454],[138.661726,-34.733319]]}},{"type":"Feature","properties":{"tier":"arterial"},"geometry":{"type":"LineString","coordinates":[[138.661918,-34.733372],[138.661911,-34.733382],[138.661814,-34.73351]]}},{"type":"Feature","properties":{"tier":"arterial"},"geometry":{"type":"LineString","coordinates":[[138.668077,-34.735382],[138.668025,-34.735369],[138.667967,-34.735353],[138.667852,-34.735315],[138.667692,-34.73525],[138.667642,-34.735228],[138.666613,-34.734782]]}},{"type":"Feature","properties":{"tier":"arterial"},"geometry":{"type":"LineString","coordinates":[[138.669352,-34.73539],[138.669204,-34.735396],[138.669144,-34.735399],[138.669024,-34.735403],[138.668936,-34.735406],[138.668453,-34.735422]]}},{"type":"Feature","properties":{"tier":"arterial"},"geometry":{"type":"LineString","coordinates":[[138.657758,-34.73979],[138.657724,-34.739939]]}},{"type":"Feature","properties":{"tier":"arterial"},"geometry":{"type":"LineString","coordinates":[[138.65764,-34.739919],[138.657758,-34.73979]]}},{"type":"Feature","properties":{"tier":"arterial"},"geometry":{"type":"LineString","coordinates":[[138.658219,-34.739055],[138.658266,-34.738912]]}},{"type":"Feature","properties":{"tier":"arterial"},"geometry":{"type":"LineString","coordinates":[[138.658352,-34.738917],[138.658219,-34.739055]]}},{"type":"Feature","properties":{"tier":"arterial"},"geometry":{"type":"LineString","coordinates":[[138.670956,-34.737395],[138.670969,-34.737324]]}},{"type":"Feature","properties":{"tier":"arterial"},"geometry":{"type":"LineString","coordinates":[[138.671075,-34.737324],[138.670956,-34.737395]]}},{"type":"Feature","properties":{"tier":"arterial"},"geometry":{"type":"LineString","coordinates":[[138.672174,-34.736771],[138.67205,-34.736825]]}},{"type":"Feature","properties":{"tier":"arterial"},"geometry":{"type":"LineString","coordinates":[[138.672044,-34.736745],[138.672174,-34.736771]]}},{"type":"Feature","properties":{"tier":"arterial"},"geometry":{"type":"LineString","coordinates":[[138.669978,-34.687608],[138.670007,-34.68748]]}},{"type":"Feature","properties":{"tier":"arterial"},"geometry":{"type":"LineString","coordinates":[[138.670205,-34.687483],[138.670182,-34.687581],[138.669832,-34.689126],[138.669776,-34.689294],[138.669756,-34.689354],[138.669674,-34.689545],[138.669563,-34.689767],[138.669443,-34.689966],[138.66929,-34.690211]]}},{"type":"Feature","properties":{"tier":"arterial"},"geometry":{"type":"LineString","coordinates":[[138.670206,-34.68748],[138.670205,-34.687483]]}},{"type":"Feature","properties":{"tier":"arterial"},"geometry":{"type":"LineString","coordinates":[[138.66821,-34.69162],[138.66831,-34.691467],[138.668357,-34.691395],[138.669172,-34.690133],[138.669289,-34.689954],[138.6694,-34.689774],[138.669502,-34.689587],[138.669572,-34.689421],[138.669626,-34.689261],[138.669666,-34.689134],[138.669696,-34.689004],[138.669749,-34.688761],[138.669777,-34.688617],[138.669978,-34.687608]]}},{"type":"Feature","properties":{"tier":"arterial"},"geometry":{"type":"LineString","coordinates":[[138.652261,-34.695868],[138.652532,-34.69594],[138.652591,-34.695962],[138.652968,-34.696096],[138.653029,-34.696108],[138.653083,-34.696106],[138.653131,-34.696092],[138.653164,-34.696072],[138.653193,-34.69605],[138.653301,-34.695943]]}},{"type":"Feature","properties":{"tier":"arterial"},"geometry":{"type":"LineString","coordinates":[[138.653232,-34.696048],[138.653227,-34.696117],[138.653228,-34.696154],[138.653236,-34.696196],[138.653245,-34.696227],[138.653269,-34.696271],[138.653303,-34.696315]]}},{"type":"Feature","properties":{"tier":"regional"},"geometry":{"type":"LineString","coordinates":[[138.660912,-34.710904],[138.660869,-34.710786]]}},{"type":"Feature","properties":{"tier":"regional"},"geometry":{"type":"LineString","coordinates":[[138.62498,-34.727777],[138.625103,-34.727821],[138.625433,-34.727944],[138.627272,-34.728743],[138.627529,-34.728855],[138.628156,-34.729128]]}},{"type":"Feature","properties":{"tier":"arterial"},"geometry":{"type":"LineString","coordinates":[[138.667579,-34.692649],[138.667712,-34.6927]]}},{"type":"Feature","properties":{"tier":"regional"},"geometry":{"type":"LineString","coordinates":[[138.650862,-34.695265],[138.651062,-34.695014],[138.651311,-34.694618],[138.651461,-34.69438],[138.651652,-34.694077],[138.651873,-34.693725],[138.651884,-34.693709],[138.651933,-34.693631],[138.652109,-34.693314],[138.65212,-34.693289],[138.652261,-34.692983],[138.652415,-34.692575],[138.652429,-34.692515]]}},{"type":"Feature","properties":{"tier":"regional"},"geometry":{"type":"LineString","coordinates":[[138.652142,-34.738187],[138.65211,-34.738243]]}},{"type":"Feature","properties":{"tier":"regional"},"geometry":{"type":"LineString","coordinates":[[138.626883,-34.740306],[138.626872,-34.740329],[138.626852,-34.740349],[138.626825,-34.740361]]}},{"type":"Feature","properties":{"tier":"regional"},"geometry":{"type":"LineString","coordinates":[[138.626573,-34.740168],[138.626609,-34.740177],[138.626771,-34.740216]]}},{"type":"Feature","properties":{"tier":"regional"},"geometry":{"type":"LineString","coordinates":[[138.626699,-34.740288],[138.626597,-34.74019],[138.626573,-34.740168]]}},{"type":"Feature","properties":{"tier":"regional"},"geometry":{"type":"LineString","coordinates":[[138.627015,-34.74044],[138.626934,-34.740407],[138.626825,-34.740361]]}},{"type":"Feature","properties":{"tier":"regional"},"geometry":{"type":"LineString","coordinates":[[138.626883,-34.740306],[138.626957,-34.740382],[138.627015,-34.74044]]}},{"type":"Feature","properties":{"tier":"regional"},"geometry":{"type":"LineString","coordinates":[[138.633319,-34.74415],[138.63341,-34.744244],[138.633475,-34.744311]]}},{"type":"Feature","properties":{"tier":"regional"},"geometry":{"type":"LineString","coordinates":[[138.633475,-34.744311],[138.633377,-34.744279],[138.633241,-34.744236]]}},{"type":"Feature","properties":{"tier":"regional"},"geometry":{"type":"LineString","coordinates":[[138.63311,-34.744141],[138.633016,-34.744059],[138.632908,-34.743965]]}},{"type":"Feature","properties":{"tier":"regional"},"geometry":{"type":"LineString","coordinates":[[138.632908,-34.743965],[138.633042,-34.744025],[138.633161,-34.744079]]}},{"type":"Feature","properties":{"tier":"regional"},"geometry":{"type":"LineString","coordinates":[[138.63322,-34.744067],[138.633251,-34.744072],[138.633278,-34.744084],[138.633299,-34.744102],[138.633314,-34.744125]]}},{"type":"Feature","properties":{"tier":"regional"},"geometry":{"type":"LineString","coordinates":[[138.632068,-34.743447],[138.632908,-34.743965]]}},{"type":"Feature","properties":{"tier":"arterial"},"geometry":{"type":"LineString","coordinates":[[138.661778,-34.710425],[138.661885,-34.710539]]}},{"type":"Feature","properties":{"tier":"regional"},"geometry":{"type":"LineString","coordinates":[[138.661035,-34.710658],[138.661313,-34.710464],[138.661374,-34.710422]]}},{"type":"Feature","properties":{"tier":"regional"},"geometry":{"type":"LineString","coordinates":[[138.634046,-34.731702],[138.634887,-34.732067],[138.635274,-34.732236],[138.635426,-34.732295],[138.635526,-34.732322],[138.6356,-34.732341],[138.635714,-34.732361],[138.635823,-34.732375],[138.635936,-34.732382],[138.636054,-34.73239]]}},{"type":"Feature","properties":{"tier":"high"},"geometry":{"type":"LineString","coordinates":[[138.676672,-34.746739],[138.676769,-34.747088],[138.676896,-34.747429],[138.677013,-34.747726],[138.677154,-34.748019]]}},{"type":"Feature","properties":{"tier":"regional"},"geometry":{"type":"LineString","coordinates":[[138.64472,-34.692436],[138.644635,-34.692565]]}},{"type":"Feature","properties":{"tier":"arterial"},"geometry":{"type":"LineString","coordinates":[[138.655449,-34.697261],[138.655003,-34.697043],[138.653303,-34.696315],[138.653111,-34.696233],[138.652768,-34.696087],[138.652564,-34.695999],[138.652261,-34.695868],[138.651083,-34.69536],[138.650971,-34.695312],[138.650862,-34.695265],[138.650546,-34.695126],[138.648706,-34.694328],[138.647987,-34.694018],[138.647817,-34.693945],[138.646818,-34.693514],[138.645441,-34.692912],[138.644635,-34.692565]]}},{"type":"Feature","properties":{"tier":"arterial"},"geometry":{"type":"LineString","coordinates":[[138.658266,-34.738912],[138.658354,-34.738758],[138.658486,-34.738512],[138.65856,-34.738408]]}},{"type":"Feature","properties":{"tier":"high"},"geometry":{"type":"LineString","coordinates":[[138.678524,-34.707159],[138.678681,-34.706894]]}},{"type":"Feature","properties":{"tier":"regional"},"geometry":{"type":"LineString","coordinates":[[138.655423,-34.698126],[138.655505,-34.698016],[138.655664,-34.697804]]}},{"type":"Feature","properties":{"tier":"arterial"},"geometry":{"type":"LineString","coordinates":[[138.669411,-34.71461],[138.669401,-34.714586],[138.669394,-34.714558]]}},{"type":"Feature","properties":{"tier":"regional"},"geometry":{"type":"LineString","coordinates":[[138.674181,-34.715736],[138.673925,-34.715697]]}},{"type":"Feature","properties":{"tier":"arterial"},"geometry":{"type":"LineString","coordinates":[[138.669774,-34.721086],[138.669634,-34.721301],[138.669611,-34.721336]]}},{"type":"Feature","properties":{"tier":"arterial"},"geometry":{"type":"LineString","coordinates":[[138.66894,-34.721479],[138.669092,-34.721549],[138.66913,-34.721567],[138.66921,-34.721604]]}},{"type":"Feature","properties":{"tier":"arterial"},"geometry":{"type":"LineString","coordinates":[[138.668706,-34.722475],[138.668771,-34.722289],[138.668922,-34.722055]]}},{"type":"Feature","properties":{"tier":"high"},"geometry":{"type":"LineString","coordinates":[[138.676277,-34.741153],[138.676287,-34.741336],[138.676288,-34.741362],[138.676294,-34.741453]]}},{"type":"Feature","properties":{"tier":"arterial"},"geometry":{"type":"LineString","coordinates":[[138.657358,-34.74684],[138.657358,-34.746714],[138.657369,-34.745754]]}},{"type":"Feature","properties":{"tier":"arterial"},"geometry":{"type":"LineString","coordinates":[[138.657574,-34.745757],[138.657574,-34.746357],[138.657574,-34.746827],[138.657574,-34.74684],[138.657577,-34.74778],[138.657577,-34.747933],[138.657577,-34.74799],[138.657577,-34.748308],[138.657576,-34.748958],[138.657577,-34.748984],[138.657576,-34.749196],[138.657573,-34.749553],[138.65757,-34.75002]]}},{"type":"Feature","properties":{"tier":"arterial"},"geometry":{"type":"LineString","coordinates":[[138.658871,-34.73814],[138.65884,-34.738191],[138.658769,-34.738308]]}},{"type":"Feature","properties":{"tier":"arterial"},"geometry":{"type":"LineString","coordinates":[[138.658915,-34.738068],[138.658871,-34.73814]]}},{"type":"Feature","properties":{"tier":"regional"},"geometry":{"type":"LineString","coordinates":[[138.646334,-34.717242],[138.646324,-34.717213]]}},{"type":"Feature","properties":{"tier":"regional"},"geometry":{"type":"LineString","coordinates":[[138.64682,-34.717014],[138.64684,-34.717036],[138.646861,-34.717078],[138.64688,-34.717121],[138.646892,-34.717167]]}},{"type":"Feature","properties":{"tier":"regional"},"geometry":{"type":"LineString","coordinates":[[138.64644,-34.716973],[138.646477,-34.716957],[138.646538,-34.716937],[138.646605,-34.716932],[138.646655,-34.716937],[138.646702,-34.716948],[138.646751,-34.716965],[138.646792,-34.716989],[138.646808,-34.717001],[138.64682,-34.717014]]}},{"type":"Feature","properties":{"tier":"high"},"geometry":{"type":"LineString","coordinates":[[138.673047,-34.719614],[138.673026,-34.719522],[138.673025,-34.719515],[138.672985,-34.719332]]}},{"type":"Feature","properties":{"tier":"arterial"},"geometry":{"type":"LineString","coordinates":[[138.669982,-34.714464],[138.670031,-34.714524],[138.670064,-34.714553],[138.670096,-34.714584],[138.670148,-34.714618],[138.670195,-34.714645],[138.670258,-34.71468]]}},{"type":"Feature","properties":{"tier":"arterial"},"geometry":{"type":"LineString","coordinates":[[138.670165,-34.714829],[138.670119,-34.714809],[138.670073,-34.71479],[138.670028,-34.714776],[138.669981,-34.714769],[138.669919,-34.71476],[138.669852,-34.714749],[138.669821,-34.714743]]}},{"type":"Feature","properties":{"tier":"arterial"},"geometry":{"type":"LineString","coordinates":[[138.672636,-34.71532],[138.672361,-34.715229],[138.672315,-34.715214],[138.672187,-34.715176],[138.672074,-34.715147],[138.671944,-34.715126],[138.671826,-34.71511],[138.671791,-34.715108]]}},{"type":"Feature","properties":{"tier":"high"},"geometry":{"type":"LineString","coordinates":[[138.675724,-34.73637],[138.67569,-34.735773]]}},{"type":"Feature","properties":{"tier":"arterial"},"geometry":{"type":"LineString","coordinates":[[138.66716,-34.748754],[138.667133,-34.748761],[138.666861,-34.748838],[138.666826,-34.748847]]}},{"type":"Feature","properties":{"tier":"high"},"geometry":{"type":"LineString","coordinates":[[138.686783,-34.694423],[138.686196,-34.695396],[138.685698,-34.696184],[138.685039,-34.697223]]}},{"type":"Feature","properties":{"tier":"high"},"geometry":{"type":"LineString","coordinates":[[138.681029,-34.702916],[138.681091,-34.702819],[138.681692,-34.701861],[138.681996,-34.701383]]}},{"type":"Feature","properties":{"tier":"high"},"geometry":{"type":"LineString","coordinates":[[138.679175,-34.706533],[138.679035,-34.706758],[138.678927,-34.706932]]}},{"type":"Feature","properties":{"tier":"high"},"geometry":{"type":"LineString","coordinates":[[138.680677,-34.704109],[138.680057,-34.705119],[138.679931,-34.70532]]}},{"type":"Feature","properties":{"tier":"high"},"geometry":{"type":"LineString","coordinates":[[138.678017,-34.707939],[138.678074,-34.707848],[138.678257,-34.707571]]}},{"type":"Feature","properties":{"tier":"high"},"geometry":{"type":"LineString","coordinates":[[138.674271,-34.7139],[138.675088,-34.712595],[138.6758,-34.711496],[138.676557,-34.710267],[138.677282,-34.709117]]}},{"type":"Feature","properties":{"tier":"arterial"},"geometry":{"type":"LineString","coordinates":[[138.661443,-34.733956],[138.661301,-34.734188]]}},{"type":"Feature","properties":{"tier":"high"},"geometry":{"type":"LineString","coordinates":[[138.674722,-34.713547],[138.674395,-34.714069]]}},{"type":"Feature","properties":{"tier":"high"},"geometry":{"type":"LineString","coordinates":[[138.673593,-34.714951],[138.674271,-34.7139]]}},{"type":"Feature","properties":{"tier":"high"},"geometry":{"type":"LineString","coordinates":[[138.67806,-34.708314],[138.676933,-34.710045],[138.675638,-34.712081],[138.674722,-34.713547]]}},{"type":"Feature","properties":{"tier":"high"},"geometry":{"type":"LineString","coordinates":[[138.674395,-34.714069],[138.674025,-34.714654],[138.673886,-34.71487]]}},{"type":"Feature","properties":{"tier":"arterial"},"geometry":{"type":"LineString","coordinates":[[138.672799,-34.715374],[138.672636,-34.71532]]}},{"type":"Feature","properties":{"tier":"arterial"},"geometry":{"type":"LineString","coordinates":[[138.673276,-34.715526],[138.673184,-34.715499],[138.672983,-34.715439],[138.672799,-34.715374]]}},{"type":"Feature","properties":{"tier":"high"},"geometry":{"type":"LineString","coordinates":[[138.672797,-34.718432],[138.672755,-34.718158],[138.672746,-34.71806],[138.672732,-34.717891],[138.672736,-34.717707]]}},{"type":"Feature","properties":{"tier":"high"},"geometry":{"type":"LineString","coordinates":[[138.672778,-34.717025],[138.672836,-34.716688],[138.672898,-34.716443],[138.673007,-34.716167]]}},{"type":"Feature","properties":{"tier":"high"},"geometry":{"type":"LineString","coordinates":[[138.673447,-34.715185],[138.673593,-34.714951]]}},{"type":"Feature","properties":{"tier":"arterial"},"geometry":{"type":"LineString","coordinates":[[138.671459,-34.714931],[138.671562,-34.714938],[138.671931,-34.714966],[138.672017,-34.714976],[138.672122,-34.714993],[138.672207,-34.71501]]}},{"type":"Feature","properties":{"tier":"high"},"geometry":{"type":"LineString","coordinates":[[138.675777,-34.737527],[138.675766,-34.737289]]}},{"type":"Feature","properties":{"tier":"high"},"geometry":{"type":"LineString","coordinates":[[138.675736,-34.736665],[138.675732,-34.736587]]}},{"type":"Feature","properties":{"tier":"high"},"geometry":{"type":"LineString","coordinates":[[138.676054,-34.736581],[138.676057,-34.736658]]}},{"type":"Feature","properties":{"tier":"high"},"geometry":{"type":"LineString","coordinates":[[138.676057,-34.736658],[138.675736,-34.736665]]}},{"type":"Feature","properties":{"tier":"arterial"},"geometry":{"type":"LineString","coordinates":[[138.672207,-34.71501],[138.672259,-34.715021],[138.672431,-34.715089],[138.6727,-34.715176]]}},{"type":"Feature","properties":{"tier":"arterial"},"geometry":{"type":"LineString","coordinates":[[138.6709,-34.714886],[138.670978,-34.714896],[138.671045,-34.714903]]}},{"type":"Feature","properties":{"tier":"high"},"geometry":{"type":"LineString","coordinates":[[138.673493,-34.715581],[138.673464,-34.715652],[138.673368,-34.715894],[138.673359,-34.715918],[138.673265,-34.71621],[138.67318,-34.716531],[138.673113,-34.716879],[138.673081,-34.717164],[138.673075,-34.717286]]}},{"type":"Feature","properties":{"tier":"arterial"},"geometry":{"type":"LineString","coordinates":[[138.673831,-34.719502],[138.674146,-34.719428],[138.674656,-34.719282],[138.674838,-34.719226]]}},{"type":"Feature","properties":{"tier":"high"},"geometry":{"type":"LineString","coordinates":[[138.674054,-34.723269],[138.674094,-34.723453]]}},{"type":"Feature","properties":{"tier":"high"},"geometry":{"type":"LineString","coordinates":[[138.674929,-34.728606],[138.674612,-34.727128]]}},{"type":"Feature","properties":{"tier":"high"},"geometry":{"type":"LineString","coordinates":[[138.674612,-34.727128],[138.67435,-34.725861],[138.674071,-34.724502],[138.673955,-34.723955],[138.673821,-34.723325]]}},{"type":"Feature","properties":{"tier":"high"},"geometry":{"type":"LineString","coordinates":[[138.674094,-34.723453],[138.674187,-34.723918],[138.674229,-34.724128]]}},{"type":"Feature","properties":{"tier":"high"},"geometry":{"type":"LineString","coordinates":[[138.673216,-34.719278],[138.673246,-34.719472],[138.673247,-34.719474],[138.67325,-34.719488],[138.673272,-34.719587]]}},{"type":"Feature","properties":{"tier":"high"},"geometry":{"type":"LineString","coordinates":[[138.687261,-34.693089],[138.68752,-34.692675]]}},{"type":"Feature","properties":{"tier":"high"},"geometry":{"type":"LineString","coordinates":[[138.676067,-34.741904],[138.676062,-34.741837]]}},{"type":"Feature","properties":{"tier":"high"},"geometry":{"type":"LineString","coordinates":[[138.676145,-34.743541],[138.6761,-34.742356],[138.676097,-34.742326]]}},{"type":"Feature","properties":{"tier":"high"},"geometry":{"type":"LineString","coordinates":[[138.678326,-34.75002],[138.678271,-34.749949],[138.678135,-34.749789],[138.677979,-34.74959],[138.677565,-34.749095],[138.677436,-34.74891],[138.67741,-34.748871],[138.677281,-34.748661],[138.677116,-34.748386],[138.676989,-34.748145],[138.676873,-34.747902]]}},{"type":"Feature","properties":{"tier":"high"},"geometry":{"type":"LineString","coordinates":[[138.676259,-34.745282],[138.676204,-34.744432],[138.676175,-34.744005],[138.676145,-34.743541]]}},{"type":"Feature","properties":{"tier":"arterial"},"geometry":{"type":"LineString","coordinates":[[138.673588,-34.746997],[138.673318,-34.74705],[138.673188,-34.747077]]}},{"type":"Feature","properties":{"tier":"arterial"},"geometry":{"type":"LineString","coordinates":[[138.673188,-34.747077],[138.673089,-34.747099],[138.672963,-34.747129],[138.672831,-34.747166],[138.671849,-34.747439],[138.671411,-34.747557]]}},{"type":"Feature","properties":{"tier":"high"},"geometry":{"type":"LineString","coordinates":[[138.677154,-34.748019],[138.677382,-34.74843],[138.677612,-34.748772],[138.677694,-34.748874],[138.678544,-34.749868],[138.678635,-34.75002]]}},{"type":"Feature","properties":{"tier":"arterial"},"geometry":{"type":"LineString","coordinates":[[138.670858,-34.719919],[138.670923,-34.719907],[138.67102,-34.719893],[138.671163,-34.71987],[138.671343,-34.719845]]}},{"type":"Feature","properties":{"tier":"arterial"},"geometry":{"type":"LineString","coordinates":[[138.670798,-34.719928],[138.670858,-34.719919]]}},{"type":"Feature","properties":{"tier":"arterial"},"geometry":{"type":"LineString","coordinates":[[138.657724,-34.739939],[138.65766,-34.74011],[138.657626,-34.740221],[138.657597,-34.740357]]}},{"type":"Feature","properties":{"tier":"arterial"},"geometry":{"type":"LineString","coordinates":[[138.657358,-34.75002],[138.657359,-34.749891],[138.657356,-34.749743],[138.657361,-34.749031],[138.657361,-34.748957],[138.657361,-34.747852],[138.657358,-34.74684]]}},{"type":"Feature","properties":{"tier":"arterial"},"geometry":{"type":"LineString","coordinates":[[138.657577,-34.742921],[138.657578,-34.743365],[138.657577,-34.7437],[138.657576,-34.744158],[138.657575,-34.744286],[138.657575,-34.744476]]}},{"type":"Feature","properties":{"tier":"arterial"},"geometry":{"type":"LineString","coordinates":[[138.657354,-34.74284],[138.657365,-34.742022],[138.657364,-34.741652],[138.657362,-34.741022],[138.657372,-34.740906],[138.657401,-34.740676],[138.657438,-34.740503],[138.657445,-34.740475]]}},{"type":"Feature","properties":{"tier":"arterial"},"geometry":{"type":"LineString","coordinates":[[138.657355,-34.742986],[138.657354,-34.74284]]}},{"type":"Feature","properties":{"tier":"arterial"},"geometry":{"type":"LineString","coordinates":[[138.65753,-34.740185],[138.657557,-34.740114],[138.65764,-34.739919]]}},{"type":"Feature","properties":{"tier":"arterial"},"geometry":{"type":"LineString","coordinates":[[138.657582,-34.740508],[138.657575,-34.741094],[138.657575,-34.741652],[138.657575,-34.741874],[138.657575,-34.742221],[138.657575,-34.74235],[138.657575,-34.742528],[138.657577,-34.742921]]}},{"type":"Feature","properties":{"tier":"arterial"},"geometry":{"type":"LineString","coordinates":[[138.657597,-34.740357],[138.657582,-34.740508]]}},{"type":"Feature","properties":{"tier":"arterial"},"geometry":{"type":"LineString","coordinates":[[138.658797,-34.738019],[138.658828,-34.737968],[138.658902,-34.737847]]}},{"type":"Feature","properties":{"tier":"arterial"},"geometry":{"type":"LineString","coordinates":[[138.658915,-34.738068],[138.658979,-34.738095],[138.659114,-34.738151]]}},{"type":"Feature","properties":{"tier":"regional"},"geometry":{"type":"LineString","coordinates":[[138.658571,-34.738011],[138.658235,-34.737862],[138.658114,-34.737773]]}},{"type":"Feature","properties":{"tier":"arterial"},"geometry":{"type":"LineString","coordinates":[[138.669308,-34.721816],[138.669123,-34.721739]]}},{"type":"Feature","properties":{"tier":"arterial"},"geometry":{"type":"LineString","coordinates":[[138.669272,-34.721874],[138.669152,-34.722064]]}},{"type":"Feature","properties":{"tier":"arterial"},"geometry":{"type":"LineString","coordinates":[[138.66921,-34.721604],[138.669262,-34.721523],[138.669342,-34.721397]]}},{"type":"Feature","properties":{"tier":"arterial"},"geometry":{"type":"LineString","coordinates":[[138.669123,-34.721739],[138.66921,-34.721604]]}},{"type":"Feature","properties":{"tier":"arterial"},"geometry":{"type":"LineString","coordinates":[[138.667706,-34.720952],[138.667867,-34.721018]]}},{"type":"Feature","properties":{"tier":"arterial"},"geometry":{"type":"LineString","coordinates":[[138.667867,-34.721018],[138.668082,-34.721107],[138.668296,-34.721197],[138.668474,-34.721273]]}},{"type":"Feature","properties":{"tier":"arterial"},"geometry":{"type":"LineString","coordinates":[[138.667568,-34.720894],[138.667706,-34.720952]]}},{"type":"Feature","properties":{"tier":"arterial"},"geometry":{"type":"LineString","coordinates":[[138.671302,-34.719983],[138.671274,-34.720019],[138.671247,-34.720051]]}},{"type":"Feature","properties":{"tier":"arterial"},"geometry":{"type":"LineString","coordinates":[[138.671501,-34.715091],[138.671381,-34.715085]]}},{"type":"Feature","properties":{"tier":"arterial"},"geometry":{"type":"LineString","coordinates":[[138.671381,-34.715085],[138.671459,-34.714931]]}},{"type":"Feature","properties":{"tier":"arterial"},"geometry":{"type":"LineString","coordinates":[[138.671381,-34.715085],[138.671362,-34.715084],[138.671096,-34.715058]]}},{"type":"Feature","properties":{"tier":"arterial"},"geometry":{"type":"LineString","coordinates":[[138.671791,-34.715108],[138.671645,-34.715099],[138.671602,-34.715097],[138.671501,-34.715091]]}},{"type":"Feature","properties":{"tier":"arterial"},"geometry":{"type":"LineString","coordinates":[[138.661552,-34.710692],[138.661531,-34.710691]]}},{"type":"Feature","properties":{"tier":"arterial"},"geometry":{"type":"LineString","coordinates":[[138.661384,-34.710398],[138.661458,-34.710387],[138.66158,-34.710379],[138.661704,-34.710397],[138.661773,-34.710416]]}},{"type":"Feature","properties":{"tier":"arterial"},"geometry":{"type":"LineString","coordinates":[[138.661531,-34.710691],[138.661428,-34.710546],[138.661374,-34.710422]]}},{"type":"Feature","properties":{"tier":"arterial"},"geometry":{"type":"LineString","coordinates":[[138.661374,-34.710422],[138.661384,-34.710398]]}},{"type":"Feature","properties":{"tier":"arterial"},"geometry":{"type":"LineString","coordinates":[[138.661414,-34.710168],[138.661494,-34.709886],[138.661523,-34.709798],[138.661555,-34.709726],[138.661617,-34.709604],[138.661697,-34.709472],[138.661832,-34.709256],[138.661927,-34.709104]]}},{"type":"Feature","properties":{"tier":"arterial"},"geometry":{"type":"LineString","coordinates":[[138.661736,-34.710351],[138.661773,-34.710416]]}},{"type":"Feature","properties":{"tier":"arterial"},"geometry":{"type":"LineString","coordinates":[[138.661773,-34.710416],[138.661778,-34.710425]]}},{"type":"Feature","properties":{"tier":"arterial"},"geometry":{"type":"LineString","coordinates":[[138.661778,-34.710425],[138.661744,-34.710493],[138.661685,-34.710555],[138.661552,-34.710692]]}},{"type":"Feature","properties":{"tier":"arterial"},"geometry":{"type":"LineString","coordinates":[[138.661885,-34.710539],[138.66193,-34.71058],[138.661996,-34.710622],[138.662082,-34.710676],[138.662204,-34.710733],[138.662473,-34.710851],[138.662548,-34.710883],[138.663013,-34.711084]]}},{"type":"Feature","properties":{"tier":"arterial"},"geometry":{"type":"LineString","coordinates":[[138.662059,-34.709154],[138.66196,-34.709308],[138.661914,-34.70938],[138.661785,-34.709581],[138.661737,-34.709675],[138.661702,-34.709748],[138.661678,-34.709821],[138.66166,-34.709904],[138.661653,-34.709989],[138.661657,-34.710065],[138.661669,-34.710137],[138.66169,-34.710213],[138.661736,-34.710351]]}},{"type":"Feature","properties":{"tier":"arterial"},"geometry":{"type":"LineString","coordinates":[[138.661927,-34.709104],[138.661991,-34.709001],[138.662376,-34.708389],[138.662472,-34.70823],[138.66251,-34.70816],[138.662556,-34.708074],[138.662636,-34.707885],[138.662688,-34.707731],[138.662746,-34.707505],[138.662818,-34.707204],[138.662865,-34.707008],[138.662968,-34.706581],[138.663148,-34.705843],[138.663197,-34.705641],[138.663454,-34.704583],[138.663575,-34.704087],[138.663711,-34.703523],[138.663758,-34.703328],[138.663902,-34.70273],[138.663939,-34.702605],[138.663964,-34.70252],[138.664031,-34.702374],[138.664088,-34.702251],[138.664189,-34.70207],[138.664222,-34.702018],[138.664332,-34.701844],[138.664473,-34.701625],[138.664496,-34.701581],[138.66453,-34.701515]]}},{"type":"Feature","properties":{"tier":"arterial"},"geometry":{"type":"LineString","coordinates":[[138.675346,-34.736597],[138.675732,-34.736587]]}},{"type":"Feature","properties":{"tier":"high"},"geometry":{"type":"LineString","coordinates":[[138.675977,-34.735134],[138.675988,-34.735436]]}},{"type":"Feature","properties":{"tier":"high"},"geometry":{"type":"LineString","coordinates":[[138.675988,-34.735436],[138.676018,-34.735961]]}},{"type":"Feature","properties":{"tier":"high"},"geometry":{"type":"LineString","coordinates":[[138.678476,-34.707237],[138.678524,-34.707159]]}},{"type":"Feature","properties":{"tier":"arterial"},"geometry":{"type":"LineString","coordinates":[[138.677988,-34.706968],[138.678165,-34.707004],[138.678196,-34.707017],[138.678438,-34.707122],[138.678524,-34.707159]]}},{"type":"Feature","properties":{"tier":"high"},"geometry":{"type":"LineString","coordinates":[[138.678761,-34.707483],[138.678683,-34.707512],[138.678489,-34.707627]]}},{"type":"Feature","properties":{"tier":"arterial"},"geometry":{"type":"LineString","coordinates":[[138.679008,-34.707467],[138.678764,-34.707361],[138.678677,-34.707324]]}},{"type":"Feature","properties":{"tier":"arterial"},"geometry":{"type":"LineString","coordinates":[[138.678524,-34.707159],[138.678727,-34.707247]]}},{"type":"Feature","properties":{"tier":"high"},"geometry":{"type":"LineString","coordinates":[[138.678269,-34.70727],[138.678248,-34.707232],[138.678224,-34.707184],[138.678202,-34.707148],[138.678156,-34.707098]]}},{"type":"Feature","properties":{"tier":"arterial"},"geometry":{"type":"LineString","coordinates":[[138.665892,-34.717309],[138.665948,-34.717218]]}},{"type":"Feature","properties":{"tier":"arterial"},"geometry":{"type":"LineString","coordinates":[[138.665481,-34.717979],[138.665808,-34.717446],[138.665822,-34.717423],[138.665892,-34.717309]]}},{"type":"Feature","properties":{"tier":"arterial"},"geometry":{"type":"LineString","coordinates":[[138.665421,-34.718425],[138.66538,-34.718509],[138.665354,-34.718586],[138.665333,-34.718656],[138.665323,-34.718717],[138.665318,-34.718777],[138.665317,-34.71885],[138.66532,-34.718907],[138.665329,-34.718974],[138.665344,-34.719044],[138.665359,-34.719094],[138.665373,-34.719134],[138.665391,-34.719185],[138.665411,-34.719225],[138.665443,-34.71928],[138.665468,-34.71932],[138.665498,-34.719361],[138.665538,-34.719408],[138.665606,-34.719484],[138.665684,-34.719556],[138.66576,-34.71962],[138.665795,-34.719647]]}},{"type":"Feature","properties":{"tier":"high"},"geometry":{"type":"LineString","coordinates":[[138.676486,-34.7454],[138.676496,-34.745696],[138.676513,-34.745889],[138.676548,-34.746205],[138.676565,-34.746282]]}},{"type":"Feature","properties":{"tier":"arterial"},"geometry":{"type":"LineString","coordinates":[[138.641844,-34.74947],[138.641847,-34.749406],[138.641856,-34.749376],[138.64187,-34.749347],[138.641906,-34.749301],[138.641947,-34.749267]]}},{"type":"Feature","properties":{"tier":"arterial"},"geometry":{"type":"LineString","coordinates":[[138.642398,-34.749514],[138.642373,-34.749562],[138.642335,-34.749605],[138.642294,-34.749635],[138.642243,-34.74966]]}},{"type":"Feature","properties":{"tier":"arterial"},"geometry":{"type":"LineString","coordinates":[[138.64227,-34.749247],[138.642301,-34.749264],[138.642334,-34.749289],[138.64236,-34.749316],[138.642381,-34.749345],[138.642401,-34.749392],[138.64241,-34.749442]]}},{"type":"Feature","properties":{"tier":"arterial"},"geometry":{"type":"LineString","coordinates":[[138.642041,-34.74967],[138.642001,-34.749656],[138.641954,-34.749632],[138.641927,-34.749613],[138.641893,-34.749581]]}},{"type":"Feature","properties":{"tier":"arterial"},"geometry":{"type":"LineString","coordinates":[[138.642243,-34.74966],[138.642192,-34.749674],[138.642119,-34.74968],[138.642041,-34.74967]]}},{"type":"Feature","properties":{"tier":"arterial"},"geometry":{"type":"LineString","coordinates":[[138.641893,-34.749581],[138.641859,-34.749527],[138.641844,-34.74947]]}},{"type":"Feature","properties":{"tier":"arterial"},"geometry":{"type":"LineString","coordinates":[[138.63961,-34.748026],[138.64043,-34.748579]]}},{"type":"Feature","properties":{"tier":"arterial"},"geometry":{"type":"LineString","coordinates":[[138.639548,-34.748116],[138.639122,-34.747879],[138.63903,-34.747836],[138.638981,-34.747824]]}},{"type":"Feature","properties":{"tier":"arterial"},"geometry":{"type":"LineString","coordinates":[[138.639439,-34.747925],[138.63961,-34.748026]]}},{"type":"Feature","properties":{"tier":"arterial"},"geometry":{"type":"LineString","coordinates":[[138.638121,-34.748309],[138.638051,-34.748358],[138.638007,-34.748391],[138.637949,-34.748458]]}},{"type":"Feature","properties":{"tier":"arterial"},"geometry":{"type":"LineString","coordinates":[[138.637843,-34.748562],[138.637814,-34.748595],[138.637708,-34.748714],[138.637556,-34.748881]]}},{"type":"Feature","properties":{"tier":"arterial"},"geometry":{"type":"LineString","coordinates":[[138.641947,-34.749267],[138.641978,-34.749248],[138.64202,-34.749232],[138.642071,-34.749219],[138.642119,-34.749215],[138.642179,-34.749219],[138.64223,-34.749231],[138.64227,-34.749247]]}},{"type":"Feature","properties":{"tier":"arterial"},"geometry":{"type":"LineString","coordinates":[[138.673003,-34.709394],[138.673002,-34.709409]]}},{"type":"Feature","properties":{"tier":"arterial"},"geometry":{"type":"LineString","coordinates":[[138.672835,-34.709429],[138.672829,-34.709415],[138.672827,-34.709401]]}},{"type":"Feature","properties":{"tier":"arterial"},"geometry":{"type":"LineString","coordinates":[[138.672938,-34.709469],[138.672917,-34.709472],[138.672897,-34.70947],[138.672877,-34.709465],[138.67286,-34.709456],[138.672845,-34.709444],[138.672835,-34.709429]]}},{"type":"Feature","properties":{"tier":"arterial"},"geometry":{"type":"LineString","coordinates":[[138.672967,-34.709458],[138.672953,-34.709465],[138.672938,-34.709469]]}},{"type":"Feature","properties":{"tier":"arterial"},"geometry":{"type":"LineString","coordinates":[[138.673002,-34.709409],[138.672998,-34.709423],[138.672991,-34.709436],[138.67298,-34.709448],[138.672967,-34.709458]]}},{"type":"Feature","properties":{"tier":"arterial"},"geometry":{"type":"LineString","coordinates":[[138.673,-34.709379],[138.673003,-34.709394]]}},{"type":"Feature","properties":{"tier":"arterial"},"geometry":{"type":"LineString","coordinates":[[138.672901,-34.709328],[138.672919,-34.709327],[138.672937,-34.70933],[138.672954,-34.709335],[138.672969,-34.709343],[138.672982,-34.709353],[138.672993,-34.709365],[138.673,-34.709379]]}},{"type":"Feature","properties":{"tier":"arterial"},"geometry":{"type":"LineString","coordinates":[[138.672852,-34.709349],[138.672866,-34.709339],[138.672883,-34.709332],[138.672901,-34.709328]]}},{"type":"Feature","properties":{"tier":"arterial"},"geometry":{"type":"LineString","coordinates":[[138.679294,-34.698411],[138.679108,-34.698459],[138.678836,-34.698529],[138.678729,-34.698564],[138.678675,-34.698586],[138.678653,-34.698596],[138.678626,-34.69861],[138.67859,-34.69863],[138.678543,-34.698659],[138.678514,-34.698678],[138.678491,-34.698695],[138.678465,-34.698716],[138.67844,-34.698737],[138.678415,-34.69876],[138.678388,-34.698788],[138.678357,-34.698823],[138.678339,-34.698846],[138.678316,-34.698877],[138.678275,-34.698943]]}},{"type":"Feature","properties":{"tier":"arterial"},"geometry":{"type":"LineString","coordinates":[[138.679329,-34.698336],[138.679451,-34.698304],[138.679737,-34.698229],[138.679768,-34.698222],[138.6798,-34.698214],[138.679826,-34.698209],[138.679851,-34.698205],[138.679877,-34.698201],[138.67991,-34.698197],[138.679936,-34.698195],[138.679964,-34.698193],[138.679994,-34.698192],[138.680027,-34.698192],[138.680052,-34.698192],[138.680089,-34.698193],[138.680125,-34.698196],[138.68015,-34.698198],[138.680176,-34.698201],[138.68021,-34.698206],[138.680228,-34.698209],[138.680259,-34.698215],[138.680287,-34.698222],[138.680322,-34.698231],[138.680354,-34.69824],[138.680393,-34.698252],[138.680484,-34.698287],[138.680668,-34.698367],[138.680785,-34.698448]]}},{"type":"Feature","properties":{"tier":"arterial"},"geometry":{"type":"LineString","coordinates":[[138.679212,-34.698367],[138.679329,-34.698336]]}},{"type":"Feature","properties":{"tier":"arterial"},"geometry":{"type":"LineString","coordinates":[[138.67084,-34.72012],[138.670755,-34.720142],[138.670616,-34.720193],[138.670464,-34.720266],[138.670446,-34.720279]]}},{"type":"Feature","properties":{"tier":"arterial"},"geometry":{"type":"LineString","coordinates":[[138.670446,-34.720279],[138.670334,-34.720358],[138.670265,-34.720417]]}},{"type":"Feature","properties":{"tier":"arterial"},"geometry":{"type":"LineString","coordinates":[[138.670301,-34.72013],[138.670319,-34.720117],[138.67041,-34.720069],[138.670506,-34.72003],[138.670588,-34.719996],[138.670686,-34.71996],[138.670798,-34.719928]]}},{"type":"Feature","properties":{"tier":"arterial"},"geometry":{"type":"LineString","coordinates":[[138.666668,-34.720333],[138.666736,-34.720386],[138.666847,-34.720471],[138.666938,-34.720541],[138.667018,-34.720602],[138.667055,-34.720632],[138.667159,-34.7207],[138.667214,-34.720732],[138.667254,-34.720754],[138.667343,-34.720796],[138.667568,-34.720894]]}},{"type":"Feature","properties":{"tier":"regional"},"geometry":{"type":"LineString","coordinates":[[138.666583,-34.720491],[138.666519,-34.720542],[138.66642,-34.720622]]}},{"type":"Feature","properties":{"tier":"arterial"},"geometry":{"type":"LineString","coordinates":[[138.666583,-34.720491],[138.666494,-34.720421]]}},{"type":"Feature","properties":{"tier":"arterial"},"geometry":{"type":"LineString","coordinates":[[138.666362,-34.720311],[138.666295,-34.720257],[138.666272,-34.720238],[138.66593,-34.719969],[138.665897,-34.719944]]}},{"type":"Feature","properties":{"tier":"arterial"},"geometry":{"type":"LineString","coordinates":[[138.666494,-34.720421],[138.666668,-34.720333]]}},{"type":"Feature","properties":{"tier":"arterial"},"geometry":{"type":"LineString","coordinates":[[138.666494,-34.720421],[138.666362,-34.720311]]}},{"type":"Feature","properties":{"tier":"arterial"},"geometry":{"type":"LineString","coordinates":[[138.665795,-34.719647],[138.665826,-34.71967],[138.665941,-34.719761],[138.66625,-34.720004],[138.666384,-34.720113],[138.666522,-34.720217],[138.666668,-34.720333]]}},{"type":"Feature","properties":{"tier":"arterial"},"geometry":{"type":"LineString","coordinates":[[138.665861,-34.719915],[138.665639,-34.71974],[138.66553,-34.71964]]}},{"type":"Feature","properties":{"tier":"arterial"},"geometry":{"type":"LineString","coordinates":[[138.66553,-34.71964],[138.665379,-34.719501],[138.665322,-34.719429]]}},{"type":"Feature","properties":{"tier":"regional"},"geometry":{"type":"LineString","coordinates":[[138.666237,-34.720651],[138.666433,-34.720475],[138.666449,-34.720461],[138.666494,-34.720421]]}},{"type":"Feature","properties":{"tier":"regional"},"geometry":{"type":"LineString","coordinates":[[138.638007,-34.748391],[138.63782,-34.748434]]}},{"type":"Feature","properties":{"tier":"arterial"},"geometry":{"type":"LineString","coordinates":[[138.637556,-34.748881],[138.637313,-34.749153],[138.636679,-34.749865],[138.636576,-34.749977],[138.636537,-34.75002]]}},{"type":"Feature","properties":{"tier":"regional"},"geometry":{"type":"LineString","coordinates":[[138.637464,-34.748022],[138.637761,-34.748327],[138.637836,-34.748367]]}},{"type":"Feature","properties":{"tier":"regional"},"geometry":{"type":"LineString","coordinates":[[138.63782,-34.748434],[138.637835,-34.748461],[138.637843,-34.748562]]}},{"type":"Feature","properties":{"tier":"arterial"},"geometry":{"type":"LineString","coordinates":[[138.6375,-34.748848],[138.637757,-34.748559],[138.637781,-34.748516],[138.637787,-34.748461],[138.637787,-34.74846],[138.63782,-34.748434]]}},{"type":"Feature","properties":{"tier":"arterial"},"geometry":{"type":"LineString","coordinates":[[138.63782,-34.748434],[138.637836,-34.748367]]}},{"type":"Feature","properties":{"tier":"regional"},"geometry":{"type":"LineString","coordinates":[[138.63782,-34.748434],[138.637738,-34.74839],[138.637602,-34.748235],[138.637464,-34.748022]]}},{"type":"Feature","properties":{"tier":"arterial"},"geometry":{"type":"LineString","coordinates":[[138.666712,-34.748879],[138.666359,-34.748978]]}},{"type":"Feature","properties":{"tier":"arterial"},"geometry":{"type":"LineString","coordinates":[[138.666693,-34.748498],[138.666785,-34.74874],[138.666826,-34.748847]]}},{"type":"Feature","properties":{"tier":"arterial"},"geometry":{"type":"LineString","coordinates":[[138.656053,-34.697543],[138.656005,-34.697581],[138.655951,-34.697602],[138.655893,-34.697609],[138.655836,-34.697602],[138.655785,-34.697583],[138.655742,-34.697552],[138.655714,-34.697516],[138.655698,-34.697476],[138.655695,-34.697433],[138.655716,-34.697373],[138.655762,-34.697324],[138.655816,-34.697296],[138.655878,-34.697284],[138.655942,-34.697288],[138.656,-34.697309],[138.656047,-34.697343],[138.656078,-34.697389],[138.656091,-34.69744],[138.656082,-34.697494],[138.656053,-34.697543]]}},{"type":"Feature","properties":{"tier":"regional"},"geometry":{"type":"LineString","coordinates":[[138.655664,-34.697804],[138.655708,-34.697661],[138.655742,-34.697552]]}},{"type":"Feature","properties":{"tier":"regional"},"geometry":{"type":"LineString","coordinates":[[138.655893,-34.697609],[138.65579,-34.697697],[138.655664,-34.697804]]}},{"type":"Feature","properties":{"tier":"regional"},"geometry":{"type":"LineString","coordinates":[[138.656086,-34.697118],[138.656065,-34.697238],[138.656047,-34.697343]]}},{"type":"Feature","properties":{"tier":"regional"},"geometry":{"type":"LineString","coordinates":[[138.655942,-34.697288],[138.656007,-34.697211],[138.656086,-34.697118]]}},{"type":"Feature","properties":{"tier":"arterial"},"geometry":{"type":"LineString","coordinates":[[138.655449,-34.697261],[138.655598,-34.697291],[138.655762,-34.697324]]}},{"type":"Feature","properties":{"tier":"arterial"},"geometry":{"type":"LineString","coordinates":[[138.655695,-34.697433],[138.655449,-34.697261]]}},{"type":"Feature","properties":{"tier":"arterial"},"geometry":{"type":"LineString","coordinates":[[138.656301,-34.697614],[138.656128,-34.697594],[138.656005,-34.697581]]}},{"type":"Feature","properties":{"tier":"arterial"},"geometry":{"type":"LineString","coordinates":[[138.656091,-34.69744],[138.656182,-34.697515],[138.656301,-34.697614]]}},{"type":"Feature","properties":{"tier":"arterial"},"geometry":{"type":"LineString","coordinates":[[138.668982,-34.741608],[138.669003,-34.741622],[138.669022,-34.741638]]}},{"type":"Feature","properties":{"tier":"arterial"},"geometry":{"type":"LineString","coordinates":[[138.668968,-34.741943],[138.668938,-34.741956],[138.668907,-34.741966],[138.668875,-34.741972],[138.668842,-34.741974],[138.668808,-34.741973],[138.668775,-34.741968],[138.668744,-34.74196],[138.668713,-34.741948],[138.668686,-34.741933]]}},{"type":"Feature","properties":{"tier":"arterial"},"geometry":{"type":"LineString","coordinates":[[138.665982,-34.717513],[138.665602,-34.718122],[138.665513,-34.718265]]}},{"type":"Feature","properties":{"tier":"arterial"},"geometry":{"type":"LineString","coordinates":[[138.668686,-34.741933],[138.668666,-34.741919],[138.668648,-34.741904],[138.668632,-34.741887],[138.668618,-34.741869],[138.668607,-34.741848],[138.668598,-34.741827],[138.668591,-34.741804],[138.668588,-34.741782],[138.668589,-34.741759],[138.668592,-34.741736],[138.668598,-34.741714],[138.668608,-34.741692],[138.66862,-34.741672]]}},{"type":"Feature","properties":{"tier":"arterial"},"geometry":{"type":"LineString","coordinates":[[138.663635,-34.733512],[138.663595,-34.733502]]}},{"type":"Feature","properties":{"tier":"regional"},"geometry":{"type":"LineString","coordinates":[[138.628156,-34.729128],[138.628439,-34.729252]]}},{"type":"Feature","properties":{"tier":"regional"},"geometry":{"type":"LineString","coordinates":[[138.628439,-34.729252],[138.628893,-34.729452],[138.629553,-34.729739],[138.630086,-34.729972],[138.631172,-34.730446],[138.632216,-34.730898],[138.632522,-34.731035],[138.633069,-34.731275],[138.633661,-34.731531],[138.634046,-34.731702]]}},{"type":"Feature","properties":{"tier":"regional"},"geometry":{"type":"LineString","coordinates":[[138.628107,-34.729204],[138.627042,-34.72874],[138.626088,-34.728311],[138.625074,-34.72787],[138.62498,-34.727836]]}},{"type":"Feature","properties":{"tier":"arterial"},"geometry":{"type":"LineString","coordinates":[[138.666595,-34.716553],[138.666558,-34.716611]]}},{"type":"Feature","properties":{"tier":"arterial"},"geometry":{"type":"LineString","coordinates":[[138.668631,-34.722594],[138.668529,-34.722754]]}},{"type":"Feature","properties":{"tier":"arterial"},"geometry":{"type":"LineString","coordinates":[[138.669589,-34.721013],[138.669804,-34.72067],[138.669919,-34.720494],[138.669969,-34.720426],[138.670019,-34.720368],[138.670025,-34.720362]]}},{"type":"Feature","properties":{"tier":"regional"},"geometry":{"type":"LineString","coordinates":[[138.652512,-34.692533],[138.65249,-34.692612],[138.652375,-34.692927],[138.652212,-34.693299],[138.652203,-34.693316],[138.652052,-34.693599],[138.652038,-34.693623],[138.651962,-34.693743],[138.651732,-34.694111],[138.651542,-34.694414],[138.651394,-34.694651],[138.651206,-34.694952],[138.651098,-34.695117],[138.650971,-34.695312]]}},{"type":"Feature","properties":{"tier":"regional"},"geometry":{"type":"LineString","coordinates":[[138.652429,-34.692515],[138.652512,-34.692533]]}},{"type":"Feature","properties":{"tier":"regional"},"geometry":{"type":"LineString","coordinates":[[138.651884,-34.693709],[138.651962,-34.693743]]}},{"type":"Feature","properties":{"tier":"regional"},"geometry":{"type":"LineString","coordinates":[[138.651098,-34.695117],[138.651083,-34.69536]]}},{"type":"Feature","properties":{"tier":"arterial"},"geometry":{"type":"LineString","coordinates":[[138.66784,-34.72119],[138.6678,-34.721173]]}},{"type":"Feature","properties":{"tier":"arterial"},"geometry":{"type":"LineString","coordinates":[[138.667537,-34.721055],[138.667303,-34.720952],[138.667242,-34.720924],[138.667145,-34.720884],[138.666949,-34.720768],[138.66692,-34.720747]]}},{"type":"Feature","properties":{"tier":"arterial"},"geometry":{"type":"LineString","coordinates":[[138.667682,-34.72112],[138.667537,-34.721055]]}},{"type":"Feature","properties":{"tier":"arterial"},"geometry":{"type":"LineString","coordinates":[[138.6678,-34.721173],[138.667682,-34.72112]]}},{"type":"Feature","properties":{"tier":"arterial"},"geometry":{"type":"LineString","coordinates":[[138.667883,-34.721209],[138.66784,-34.72119]]}},{"type":"Feature","properties":{"tier":"regional"},"geometry":{"type":"LineString","coordinates":[[138.660089,-34.730917],[138.659777,-34.731409],[138.659398,-34.732005],[138.659362,-34.732063]]}},{"type":"Feature","properties":{"tier":"regional"},"geometry":{"type":"LineString","coordinates":[[138.65911,-34.732298],[138.659136,-34.732287],[138.659164,-34.732283]]}},{"type":"Feature","properties":{"tier":"regional"},"geometry":{"type":"LineString","coordinates":[[138.659268,-34.732327],[138.659279,-34.732347],[138.659284,-34.732369]]}},{"type":"Feature","properties":{"tier":"regional"},"geometry":{"type":"LineString","coordinates":[[138.659162,-34.732468],[138.659134,-34.732463],[138.659108,-34.732453],[138.659087,-34.732437],[138.659071,-34.732418]]}},{"type":"Feature","properties":{"tier":"regional"},"geometry":{"type":"LineString","coordinates":[[138.659284,-34.732369],[138.659283,-34.73239],[138.659277,-34.732409],[138.659265,-34.732428],[138.659249,-34.732443],[138.659229,-34.732455]]}},{"type":"Feature","properties":{"tier":"regional"},"geometry":{"type":"LineString","coordinates":[[138.659071,-34.732418],[138.659061,-34.732396],[138.659058,-34.732374]]}},{"type":"Feature","properties":{"tier":"regional"},"geometry":{"type":"LineString","coordinates":[[138.659058,-34.732374],[138.659062,-34.732351],[138.659073,-34.73233],[138.659089,-34.732312],[138.65911,-34.732298]]}},{"type":"Feature","properties":{"tier":"regional"},"geometry":{"type":"LineString","coordinates":[[138.659164,-34.732283],[138.659189,-34.732284],[138.659212,-34.732289],[138.659234,-34.732298],[138.659253,-34.732311],[138.659268,-34.732327]]}},{"type":"Feature","properties":{"tier":"regional"},"geometry":{"type":"LineString","coordinates":[[138.65856,-34.733185],[138.658581,-34.733174]]}},{"type":"Feature","properties":{"tier":"regional"},"geometry":{"type":"LineString","coordinates":[[138.658652,-34.733348],[138.658623,-34.733349],[138.658594,-34.733344],[138.658568,-34.733334],[138.658546,-34.733317],[138.65853,-34.733297]]}},{"type":"Feature","properties":{"tier":"regional"},"geometry":{"type":"LineString","coordinates":[[138.658729,-34.733209],[138.658739,-34.733228],[138.658745,-34.73325]]}},{"type":"Feature","properties":{"tier":"regional"},"geometry":{"type":"LineString","coordinates":[[138.658745,-34.73325],[138.658743,-34.733272],[138.658736,-34.733293],[138.658722,-34.733313],[138.658703,-34.733329]]}},{"type":"Feature","properties":{"tier":"regional"},"geometry":{"type":"LineString","coordinates":[[138.65853,-34.733297],[138.658521,-34.733277],[138.658519,-34.733255]]}},{"type":"Feature","properties":{"tier":"regional"},"geometry":{"type":"LineString","coordinates":[[138.658581,-34.733174],[138.658599,-34.733168],[138.658618,-34.733164]]}},{"type":"Feature","properties":{"tier":"regional"},"geometry":{"type":"LineString","coordinates":[[138.658618,-34.733164],[138.658644,-34.733164],[138.65867,-34.733169],[138.658693,-34.733178],[138.658713,-34.733192],[138.658729,-34.733209]]}},{"type":"Feature","properties":{"tier":"regional"},"geometry":{"type":"LineString","coordinates":[[138.658519,-34.733255],[138.658522,-34.733235],[138.65853,-34.733216],[138.658543,-34.733199],[138.65856,-34.733185]]}},{"type":"Feature","properties":{"tier":"regional"},"geometry":{"type":"LineString","coordinates":[[138.657275,-34.736349],[138.65726,-34.736376],[138.65717,-34.736519],[138.657046,-34.736709],[138.656893,-34.736948]]}},{"type":"Feature","properties":{"tier":"regional"},"geometry":{"type":"LineString","coordinates":[[138.65674,-34.737177],[138.656616,-34.737125],[138.656205,-34.736952],[138.656052,-34.736897],[138.65566,-34.736798],[138.655547,-34.736769],[138.655109,-34.736668],[138.654921,-34.736621]]}},{"type":"Feature","properties":{"tier":"arterial"},"geometry":{"type":"LineString","coordinates":[[138.670086,-34.720301],[138.670237,-34.720443]]}},{"type":"Feature","properties":{"tier":"arterial"},"geometry":{"type":"LineString","coordinates":[[138.670237,-34.720443],[138.670025,-34.720362]]}},{"type":"Feature","properties":{"tier":"arterial"},"geometry":{"type":"LineString","coordinates":[[138.670025,-34.720362],[138.670086,-34.720301]]}},{"type":"Feature","properties":{"tier":"arterial"},"geometry":{"type":"LineString","coordinates":[[138.670265,-34.720417],[138.670253,-34.720428],[138.670237,-34.720443],[138.670205,-34.720476]]}},{"type":"Feature","properties":{"tier":"arterial"},"geometry":{"type":"LineString","coordinates":[[138.670086,-34.720301],[138.670107,-34.72028],[138.670211,-34.720196],[138.670301,-34.72013]]}},{"type":"Feature","properties":{"tier":"arterial"},"geometry":{"type":"LineString","coordinates":[[138.670205,-34.720476],[138.670172,-34.720509],[138.67012,-34.720569],[138.670014,-34.720719],[138.669774,-34.721086]]}},{"type":"Feature","properties":{"tier":"arterial"},"geometry":{"type":"LineString","coordinates":[[138.670991,-34.715048],[138.670933,-34.715043],[138.670865,-34.715036],[138.670787,-34.715026],[138.670693,-34.71501],[138.670628,-34.714996],[138.670579,-34.714984],[138.670524,-34.71497],[138.670471,-34.714954],[138.670464,-34.714951],[138.670397,-34.714929],[138.670328,-34.714903],[138.670205,-34.714847],[138.670165,-34.714829]]}},{"type":"Feature","properties":{"tier":"arterial"},"geometry":{"type":"LineString","coordinates":[[138.671045,-34.714903],[138.671195,-34.714914],[138.671459,-34.714931]]}},{"type":"Feature","properties":{"tier":"arterial"},"geometry":{"type":"LineString","coordinates":[[138.680822,-34.698463],[138.681728,-34.698844],[138.681839,-34.698892],[138.682181,-34.699037],[138.682589,-34.699218],[138.682729,-34.69928]]}},{"type":"Feature","properties":{"tier":"arterial"},"geometry":{"type":"LineString","coordinates":[[138.677136,-34.70065],[138.677362,-34.700291],[138.677398,-34.700234],[138.677488,-34.700091],[138.67768,-34.699784],[138.677834,-34.699541],[138.677933,-34.699385],[138.678122,-34.699093]]}},{"type":"Feature","properties":{"tier":"arterial"},"geometry":{"type":"LineString","coordinates":[[138.67383,-34.706793],[138.67382,-34.706776],[138.673816,-34.706757],[138.673817,-34.706738]]}},{"type":"Feature","properties":{"tier":"arterial"},"geometry":{"type":"LineString","coordinates":[[138.673868,-34.70682],[138.673847,-34.706809],[138.67383,-34.706793]]}},{"type":"Feature","properties":{"tier":"arterial"},"geometry":{"type":"LineString","coordinates":[[138.673817,-34.706738],[138.673823,-34.706722],[138.673834,-34.706707]]}},{"type":"Feature","properties":{"tier":"arterial"},"geometry":{"type":"LineString","coordinates":[[138.673952,-34.706686],[138.673972,-34.706698],[138.673988,-34.706715]]}},{"type":"Feature","properties":{"tier":"arterial"},"geometry":{"type":"LineString","coordinates":[[138.673834,-34.706707],[138.673852,-34.706691],[138.673875,-34.706681],[138.673901,-34.706677],[138.673927,-34.706678],[138.673952,-34.706686]]}},{"type":"Feature","properties":{"tier":"arterial"},"geometry":{"type":"LineString","coordinates":[[138.673988,-34.706715],[138.673997,-34.706733],[138.673999,-34.706753],[138.673996,-34.706772]]}},{"type":"Feature","properties":{"tier":"arterial"},"geometry":{"type":"LineString","coordinates":[[138.666361,-34.747728],[138.666359,-34.747701],[138.666354,-34.747611],[138.66635,-34.747244],[138.666354,-34.747213],[138.666367,-34.747197],[138.666398,-34.74717]]}},{"type":"Feature","properties":{"tier":"arterial"},"geometry":{"type":"LineString","coordinates":[[138.671423,-34.736922],[138.671551,-34.736849],[138.671585,-34.736838]]}},{"type":"Feature","properties":{"tier":"arterial"},"geometry":{"type":"LineString","coordinates":[[138.671585,-34.736838],[138.671682,-34.736806],[138.671794,-34.736772],[138.671892,-34.736757],[138.671968,-34.73675],[138.672044,-34.736745]]}},{"type":"Feature","properties":{"tier":"arterial"},"geometry":{"type":"LineString","coordinates":[[138.674243,-34.729103],[138.674262,-34.729089],[138.674319,-34.729061],[138.674392,-34.729037],[138.67452,-34.729015]]}},{"type":"Feature","properties":{"tier":"arterial"},"geometry":{"type":"LineString","coordinates":[[138.668761,-34.721588],[138.66866,-34.721543],[138.668601,-34.721518],[138.668381,-34.721424]]}},{"type":"Feature","properties":{"tier":"arterial"},"geometry":{"type":"LineString","coordinates":[[138.668474,-34.721273],[138.668739,-34.72139]]}},{"type":"Feature","properties":{"tier":"arterial"},"geometry":{"type":"LineString","coordinates":[[138.669388,-34.721687],[138.669308,-34.721816]]}},{"type":"Feature","properties":{"tier":"arterial"},"geometry":{"type":"LineString","coordinates":[[138.669308,-34.721816],[138.669272,-34.721874]]}},{"type":"Feature","properties":{"tier":"arterial"},"geometry":{"type":"LineString","coordinates":[[138.669342,-34.721397],[138.669409,-34.721299],[138.669516,-34.721128],[138.669589,-34.721013]]}},{"type":"Feature","properties":{"tier":"arterial"},"geometry":{"type":"LineString","coordinates":[[138.684443,-34.709413],[138.684352,-34.709563],[138.684284,-34.709675]]}},{"type":"Feature","properties":{"tier":"regional"},"geometry":{"type":"LineString","coordinates":[[138.626705,-34.740264],[138.62672,-34.740242],[138.626743,-34.740225],[138.626771,-34.740216]]}},{"type":"Feature","properties":{"tier":"regional"},"geometry":{"type":"LineString","coordinates":[[138.626825,-34.740361],[138.626797,-34.740366]]}},{"type":"Feature","properties":{"tier":"regional"},"geometry":{"type":"LineString","coordinates":[[138.626797,-34.740366],[138.626767,-34.740364],[138.626739,-34.740353],[138.626717,-34.740335],[138.626703,-34.740313]]}},{"type":"Feature","properties":{"tier":"regional"},"geometry":{"type":"LineString","coordinates":[[138.626703,-34.740313],[138.626699,-34.740288]]}},{"type":"Feature","properties":{"tier":"regional"},"geometry":{"type":"LineString","coordinates":[[138.626699,-34.740288],[138.626705,-34.740264]]}},{"type":"Feature","properties":{"tier":"regional"},"geometry":{"type":"LineString","coordinates":[[138.626771,-34.740216],[138.626802,-34.740214]]}},{"type":"Feature","properties":{"tier":"regional"},"geometry":{"type":"LineString","coordinates":[[138.626802,-34.740214],[138.626832,-34.740221],[138.626857,-34.740235],[138.626875,-34.740256],[138.626884,-34.74028]]}},{"type":"Feature","properties":{"tier":"regional"},"geometry":{"type":"LineString","coordinates":[[138.626884,-34.74028],[138.626883,-34.740306]]}},{"type":"Feature","properties":{"tier":"regional"},"geometry":{"type":"LineString","coordinates":[[138.628645,-34.741273],[138.628652,-34.741304],[138.628648,-34.741325],[138.628639,-34.741344],[138.628624,-34.741362],[138.628604,-34.741376],[138.628575,-34.741387],[138.628543,-34.741391],[138.628511,-34.741386]]}},{"type":"Feature","properties":{"tier":"regional"},"geometry":{"type":"LineString","coordinates":[[138.628511,-34.741386],[138.628474,-34.741368],[138.628448,-34.741339]]}},{"type":"Feature","properties":{"tier":"regional"},"geometry":{"type":"LineString","coordinates":[[138.633217,-34.744239],[138.633193,-34.744237],[138.63317,-34.744231],[138.633149,-34.74422],[138.633125,-34.744198],[138.633112,-34.744171],[138.63311,-34.744141],[138.633119,-34.744117],[138.633136,-34.744095],[138.633161,-34.744079],[138.633189,-34.744069],[138.63322,-34.744067]]}},{"type":"Feature","properties":{"tier":"regional"},"geometry":{"type":"LineString","coordinates":[[138.633319,-34.74415],[138.633316,-34.744173],[138.633306,-34.744194],[138.633289,-34.744213],[138.633267,-34.744227],[138.633241,-34.744236],[138.633217,-34.744239]]}},{"type":"Feature","properties":{"tier":"regional"},"geometry":{"type":"LineString","coordinates":[[138.633314,-34.744125],[138.633319,-34.74415]]}},{"type":"Feature","properties":{"tier":"arterial"},"geometry":{"type":"LineString","coordinates":[[138.668739,-34.72139],[138.66894,-34.721479]]}},{"type":"Feature","properties":{"tier":"arterial"},"geometry":{"type":"LineString","coordinates":[[138.675743,-34.746661],[138.675423,-34.746714]]}},{"type":"Feature","properties":{"tier":"arterial"},"geometry":{"type":"LineString","coordinates":[[138.675423,-34.746714],[138.675224,-34.746747]]}},{"type":"Feature","properties":{"tier":"high"},"geometry":{"type":"LineString","coordinates":[[138.676565,-34.746282],[138.676597,-34.746429],[138.676617,-34.746511],[138.676672,-34.746739]]}},{"type":"Feature","properties":{"tier":"high"},"geometry":{"type":"LineString","coordinates":[[138.676251,-34.740331],[138.676277,-34.741153]]}},{"type":"Feature","properties":{"tier":"high"},"geometry":{"type":"LineString","coordinates":[[138.675766,-34.737289],[138.675756,-34.737082]]}},{"type":"Feature","properties":{"tier":"high"},"geometry":{"type":"LineString","coordinates":[[138.675937,-34.734498],[138.675955,-34.734793]]}},{"type":"Feature","properties":{"tier":"high"},"geometry":{"type":"LineString","coordinates":[[138.67569,-34.735773],[138.675655,-34.735136]]}},{"type":"Feature","properties":{"tier":"high"},"geometry":{"type":"LineString","coordinates":[[138.675403,-34.729651],[138.675459,-34.729891],[138.675617,-34.730663]]}},{"type":"Feature","properties":{"tier":"high"},"geometry":{"type":"LineString","coordinates":[[138.67531,-34.72924],[138.675403,-34.729651]]}},{"type":"Feature","properties":{"tier":"high"},"geometry":{"type":"LineString","coordinates":[[138.67517,-34.729739],[138.675083,-34.729308]]}},{"type":"Feature","properties":{"tier":"high"},"geometry":{"type":"LineString","coordinates":[[138.67507,-34.728101],[138.675164,-34.728575]]}},{"type":"Feature","properties":{"tier":"arterial"},"geometry":{"type":"LineString","coordinates":[[138.674223,-34.719595],[138.673732,-34.719674]]}},{"type":"Feature","properties":{"tier":"high"},"geometry":{"type":"LineString","coordinates":[[138.673255,-34.720612],[138.673215,-34.720418],[138.673151,-34.720107]]}},{"type":"Feature","properties":{"tier":"high"},"geometry":{"type":"LineString","coordinates":[[138.673133,-34.71875],[138.673216,-34.719278]]}},{"type":"Feature","properties":{"tier":"high"},"geometry":{"type":"LineString","coordinates":[[138.672851,-34.718722],[138.672797,-34.718432]]}},{"type":"Feature","properties":{"tier":"high"},"geometry":{"type":"LineString","coordinates":[[138.672736,-34.717707],[138.672741,-34.717433]]}},{"type":"Feature","properties":{"tier":"high"},"geometry":{"type":"LineString","coordinates":[[138.672741,-34.717433],[138.672767,-34.71709],[138.672778,-34.717025]]}},{"type":"Feature","properties":{"tier":"high"},"geometry":{"type":"LineString","coordinates":[[138.673007,-34.716167],[138.673094,-34.715927]]}},{"type":"Feature","properties":{"tier":"high"},"geometry":{"type":"LineString","coordinates":[[138.673886,-34.71487],[138.673661,-34.715221]]}},{"type":"Feature","properties":{"tier":"high"},"geometry":{"type":"LineString","coordinates":[[138.681996,-34.701383],[138.682206,-34.701052],[138.682708,-34.700245]]}},{"type":"Feature","properties":{"tier":"high"},"geometry":{"type":"LineString","coordinates":[[138.685039,-34.697223],[138.683992,-34.698876]]}},{"type":"Feature","properties":{"tier":"regional"},"geometry":{"type":"LineString","coordinates":[[138.64644,-34.716973],[138.646534,-34.716902]]}},{"type":"Feature","properties":{"tier":"arterial"},"geometry":{"type":"LineString","coordinates":[[138.637836,-34.748367],[138.637938,-34.748345]]}},{"type":"Feature","properties":{"tier":"arterial"},"geometry":{"type":"LineString","coordinates":[[138.662962,-34.711163],[138.663013,-34.711084]]}},{"type":"Feature","properties":{"tier":"arterial"},"geometry":{"type":"LineString","coordinates":[[138.663347,-34.71148],[138.663282,-34.711357],[138.663084,-34.711232],[138.662962,-34.711163]]}},{"type":"Feature","properties":{"tier":"regional"},"geometry":{"type":"LineString","coordinates":[[138.660201,-34.690346],[138.660194,-34.690306],[138.660203,-34.690265],[138.66021,-34.690255],[138.660228,-34.690229],[138.660265,-34.690202],[138.660311,-34.690187],[138.66036,-34.690185],[138.660407,-34.690195],[138.660448,-34.690218],[138.660477,-34.69025],[138.660493,-34.690288],[138.660492,-34.690328],[138.660476,-34.690366],[138.660446,-34.690398],[138.660405,-34.69042],[138.660357,-34.69043],[138.660307,-34.690427],[138.660279,-34.690417],[138.660261,-34.69041],[138.660225,-34.690382],[138.660201,-34.690346]]}},{"type":"Feature","properties":{"tier":"regional"},"geometry":{"type":"LineString","coordinates":[[138.660407,-34.690195],[138.660829,-34.689533],[138.661208,-34.688936],[138.661523,-34.68844],[138.661644,-34.688251],[138.661682,-34.688191]]}},{"type":"Feature","properties":{"tier":"arterial"},"geometry":{"type":"LineString","coordinates":[[138.663806,-34.730221],[138.663458,-34.73077]]}},{"type":"Feature","properties":{"tier":"arterial"},"geometry":{"type":"LineString","coordinates":[[138.668529,-34.722754],[138.668419,-34.722927]]}}]}
