{"type":"FeatureCollection","features":[{"type":"Feature","properties":{"tier":"arterial"},"geometry":{"type":"LineString","coordinates":[[138.557693,-35.028324],[138.557453,-35.028376]]}},{"type":"Feature","properties":{"tier":"arterial"},"geometry":{"type":"LineString","coordinates":[[138.541719,-35.029306],[138.541445,-35.029284]]}},{"type":"Feature","properties":{"tier":"arterial"},"geometry":{"type":"LineString","coordinates":[[138.559631,-35.053756],[138.559457,-35.053764]]}},{"type":"Feature","properties":{"tier":"arterial"},"geometry":{"type":"LineString","coordinates":[[138.545737,-35.05443],[138.546446,-35.054391]]}},{"type":"Feature","properties":{"tier":"arterial"},"geometry":{"type":"LineString","coordinates":[[138.525148,-35.038415],[138.525778,-35.039275],[138.525991,-35.039505],[138.526105,-35.039597],[138.526288,-35.039747],[138.526507,-35.0399],[138.526758,-35.040037],[138.527018,-35.040156],[138.527297,-35.040258],[138.527631,-35.04034],[138.528419,-35.040522],[138.528783,-35.040618],[138.529081,-35.040718],[138.529335,-35.040823],[138.529556,-35.040951],[138.529758,-35.04109],[138.529955,-35.041266],[138.530118,-35.041447],[138.530256,-35.041655],[138.530361,-35.041874],[138.530539,-35.042349]]}},{"type":"Feature","properties":{"tier":"arterial"},"geometry":{"type":"LineString","coordinates":[[138.560099,-35.061282],[138.560437,-35.06197],[138.560738,-35.06252]]}},{"type":"Feature","properties":{"tier":"arterial"},"geometry":{"type":"LineString","coordinates":[[138.523504,-35.023347],[138.523525,-35.023613],[138.523549,-35.023913],[138.523561,-35.024076],[138.523577,-35.024272],[138.523646,-35.025214],[138.523674,-35.025584],[138.523707,-35.02604],[138.523712,-35.026121],[138.523752,-35.026612],[138.523762,-35.026745],[138.523886,-35.028412]]}},{"type":"Feature","properties":{"tier":"arterial"},"geometry":{"type":"LineString","coordinates":[[138.522244,-35.008743],[138.52222,-35.008448]]}},{"type":"Feature","properties":{"tier":"arterial"},"geometry":{"type":"LineString","coordinates":[[138.522173,-35.007872],[138.522156,-35.007641],[138.52213,-35.007275],[138.522127,-35.007232],[138.522065,-35.006358],[138.522061,-35.006271],[138.522046,-35.006078],[138.522019,-35.005702],[138.521992,-35.005343],[138.521981,-35.005192]]}},{"type":"Feature","properties":{"tier":"arterial"},"geometry":{"type":"LineString","coordinates":[[138.558854,-35.016371],[138.559035,-35.016933],[138.559075,-35.016996],[138.559089,-35.017019],[138.559148,-35.017063]]}},{"type":"Feature","properties":{"tier":"arterial"},"geometry":{"type":"LineString","coordinates":[[138.558799,-35.017204],[138.558774,-35.017083]]}},{"type":"Feature","properties":{"tier":"arterial"},"geometry":{"type":"LineString","coordinates":[[138.558942,-35.017075],[138.558965,-35.017195]]}},{"type":"Feature","properties":{"tier":"arterial"},"geometry":{"type":"LineString","coordinates":[[138.549435,-35.017564],[138.549584,-35.01756]]}},{"type":"Feature","properties":{"tier":"arterial"},"geometry":{"type":"LineString","coordinates":[[138.558847,-35.017434],[138.558765,-35.017365],[138.558691,-35.01726],[138.558639,-35.017231],[138.558529,-35.017203]]}},{"type":"Feature","properties":{"tier":"arterial"},"geometry":{"type":"LineString","coordinates":[[138.558393,-35.017099],[138.558493,-35.017055],[138.558589,-35.017027],[138.558626,-35.017011],[138.558666,-35.016993],[138.558709,-35.016958],[138.558754,-35.016906]]}},{"type":"Feature","properties":{"tier":"arterial"},"geometry":{"type":"LineString","coordinates":[[138.557039,-35.017267],[138.557014,-35.017178]]}},{"type":"Feature","properties":{"tier":"arterial"},"geometry":{"type":"LineString","coordinates":[[138.544979,-35.014142],[138.544936,-35.014108],[138.544683,-35.013911],[138.544144,-35.013489],[138.543882,-35.013282]]}},{"type":"Feature","properties":{"tier":"arterial"},"geometry":{"type":"LineString","coordinates":[[138.543587,-35.012936],[138.54366,-35.012991],[138.543677,-35.013003],[138.543685,-35.01301],[138.543866,-35.013149]]}},{"type":"Feature","properties":{"tier":"arterial"},"geometry":{"type":"LineString","coordinates":[[138.549127,-35.017164],[138.549497,-35.0174],[138.549567,-35.017443],[138.549592,-35.017459],[138.549639,-35.01748],[138.549692,-35.017503],[138.54984,-35.017552]]}},{"type":"Feature","properties":{"tier":"arterial"},"geometry":{"type":"LineString","coordinates":[[138.550089,-35.017663],[138.550014,-35.017692],[138.549956,-35.01772],[138.54994,-35.017738],[138.549917,-35.017764],[138.54989,-35.017809],[138.549883,-35.017859],[138.549885,-35.017912],[138.549884,-35.017995],[138.549848,-35.018069]]}},{"type":"Feature","properties":{"tier":"arterial"},"geometry":{"type":"LineString","coordinates":[[138.540969,-35.01819],[138.541094,-35.018179],[138.541199,-35.01817]]}},{"type":"Feature","properties":{"tier":"arterial"},"geometry":{"type":"LineString","coordinates":[[138.548829,-35.017583],[138.54902,-35.017532],[138.549103,-35.017485],[138.549114,-35.017458],[138.549128,-35.017423],[138.549134,-35.017341]]}},{"type":"Feature","properties":{"tier":"arterial"},"geometry":{"type":"LineString","coordinates":[[138.532025,-35.018778],[138.531524,-35.018805],[138.531451,-35.018808],[138.53078,-35.018844],[138.529837,-35.018895],[138.529703,-35.018902],[138.528208,-35.018982],[138.527982,-35.018994],[138.526496,-35.019073],[138.525982,-35.019101]]}},{"type":"Feature","properties":{"tier":"arterial"},"geometry":{"type":"LineString","coordinates":[[138.536937,-35.018412],[138.53783,-35.018359],[138.537941,-35.018354],[138.538858,-35.018309],[138.538935,-35.018304],[138.539927,-35.018251],[138.540031,-35.018243]]}},{"type":"Feature","properties":{"tier":"arterial"},"geometry":{"type":"LineString","coordinates":[[138.5234,-35.019219],[138.523309,-35.019245],[138.523245,-35.019287],[138.523205,-35.019331],[138.523177,-35.019385]]}},{"type":"Feature","properties":{"tier":"arterial"},"geometry":{"type":"LineString","coordinates":[[138.522903,-35.015628],[138.522925,-35.015996],[138.522929,-35.016055],[138.522948,-35.016306],[138.522986,-35.016797],[138.522988,-35.016822],[138.522991,-35.016882],[138.522993,-35.016928]]}},{"type":"Feature","properties":{"tier":"arterial"},"geometry":{"type":"LineString","coordinates":[[138.522341,-35.008085],[138.522368,-35.008437],[138.522391,-35.008738]]}},{"type":"Feature","properties":{"tier":"arterial"},"geometry":{"type":"LineString","coordinates":[[138.522118,-35.005186],[138.522132,-35.005338],[138.522195,-35.006265],[138.522201,-35.006351],[138.522219,-35.006579],[138.522272,-35.007224],[138.522274,-35.007269],[138.522284,-35.007384],[138.522308,-35.007662],[138.522324,-35.007864]]}},{"type":"Feature","properties":{"tier":"arterial"},"geometry":{"type":"LineString","coordinates":[[138.560685,-35.017013],[138.56093,-35.017004],[138.561057,-35.016998],[138.561752,-35.016964],[138.561972,-35.016954],[138.56252,-35.016927]]}},{"type":"Feature","properties":{"tier":"arterial"},"geometry":{"type":"LineString","coordinates":[[138.560366,-35.017029],[138.560685,-35.017013]]}},{"type":"Feature","properties":{"tier":"regional"},"geometry":{"type":"LineString","coordinates":[[138.557604,-35.006551],[138.557707,-35.006437],[138.557818,-35.006387],[138.557847,-35.006383],[138.557903,-35.006377]]}},{"type":"Feature","properties":{"tier":"regional"},"geometry":{"type":"LineString","coordinates":[[138.557604,-35.006551],[138.557442,-35.006721],[138.557,-35.007176],[138.556635,-35.00754],[138.556273,-35.007906],[138.556258,-35.007921]]}},{"type":"Feature","properties":{"tier":"regional"},"geometry":{"type":"LineString","coordinates":[[138.556071,-35.008114],[138.555879,-35.008312],[138.555715,-35.008482],[138.555318,-35.008878],[138.555226,-35.00897],[138.555153,-35.009056],[138.555106,-35.009122],[138.55509,-35.00917],[138.555065,-35.009243],[138.555096,-35.009723],[138.555099,-35.009768],[138.555073,-35.009836],[138.555039,-35.00988],[138.554901,-35.009996],[138.554437,-35.010319],[138.553806,-35.010765]]}},{"type":"Feature","properties":{"tier":"regional"},"geometry":{"type":"LineString","coordinates":[[138.555106,-35.009122],[138.554995,-35.009065],[138.554839,-35.009065],[138.554589,-35.00908],[138.553158,-35.009166],[138.55218,-35.009217]]}},{"type":"Feature","properties":{"tier":"regional"},"geometry":{"type":"LineString","coordinates":[[138.552023,-35.009202],[138.552033,-35.009182],[138.552051,-35.009167],[138.552073,-35.009156],[138.552099,-35.009153],[138.552123,-35.009155],[138.552146,-35.009164],[138.552164,-35.009179],[138.552176,-35.009197],[138.55218,-35.009217],[138.552176,-35.009239],[138.552163,-35.009259],[138.552143,-35.009274],[138.552118,-35.009282],[138.55209,-35.009283],[138.552064,-35.009277],[138.552042,-35.009263],[138.552027,-35.009245],[138.55202,-35.009223],[138.552023,-35.009202]]}},{"type":"Feature","properties":{"tier":"regional"},"geometry":{"type":"LineString","coordinates":[[138.55202,-35.009223],[138.551215,-35.009264],[138.550813,-35.009285],[138.550072,-35.00932],[138.549448,-35.009351],[138.549354,-35.009391]]}},{"type":"Feature","properties":{"tier":"regional"},"geometry":{"type":"LineString","coordinates":[[138.545832,-35.010246],[138.545857,-35.010249],[138.545878,-35.010259],[138.545894,-35.010275],[138.545903,-35.010294],[138.545903,-35.010315],[138.545894,-35.010334],[138.545878,-35.01035],[138.545856,-35.01036],[138.545837,-35.010363],[138.545812,-35.01036],[138.54579,-35.010351],[138.545773,-35.010336],[138.545763,-35.010317],[138.545762,-35.010296],[138.54577,-35.010277],[138.545785,-35.010261],[138.545806,-35.01025],[138.545832,-35.010246]]}},{"type":"Feature","properties":{"tier":"regional"},"geometry":{"type":"LineString","coordinates":[[138.549349,-35.010121],[138.548248,-35.010175],[138.54796,-35.010195],[138.546328,-35.010291],[138.545903,-35.010315]]}},{"type":"Feature","properties":{"tier":"regional"},"geometry":{"type":"LineString","coordinates":[[138.545763,-35.010317],[138.544918,-35.010362],[138.543285,-35.010449],[138.543019,-35.010463],[138.54254,-35.010489]]}},{"type":"Feature","properties":{"tier":"regional"},"geometry":{"type":"LineString","coordinates":[[138.542571,-35.011144],[138.542529,-35.011194],[138.542369,-35.011336],[138.542005,-35.011658],[138.541942,-35.011742]]}},{"type":"Feature","properties":{"tier":"arterial"},"geometry":{"type":"LineString","coordinates":[[138.540864,-35.011934],[138.540667,-35.011886],[138.540637,-35.011879],[138.540564,-35.011861]]}},{"type":"Feature","properties":{"tier":"arterial"},"geometry":{"type":"LineString","coordinates":[[138.54051,-35.012669],[138.540452,-35.011966],[138.54045,-35.011941],[138.540441,-35.011831]]}},{"type":"Feature","properties":{"tier":"arterial"},"geometry":{"type":"LineString","coordinates":[[138.540572,-35.011444],[138.540659,-35.011673],[138.540672,-35.011692],[138.540683,-35.011706],[138.540718,-35.011741],[138.540775,-35.011783],[138.540924,-35.011846]]}},{"type":"Feature","properties":{"tier":"arterial"},"geometry":{"type":"LineString","coordinates":[[138.540864,-35.011934],[138.540676,-35.011987],[138.540624,-35.012052],[138.540584,-35.012164]]}},{"type":"Feature","properties":{"tier":"arterial"},"geometry":{"type":"LineString","coordinates":[[138.558942,-35.017075],[138.55904,-35.017069],[138.559148,-35.017063]]}},{"type":"Feature","properties":{"tier":"regional"},"geometry":{"type":"LineString","coordinates":[[138.549147,-35.028703],[138.549165,-35.028808],[138.549324,-35.029385],[138.549487,-35.030172],[138.549539,-35.031045],[138.549554,-35.031675],[138.549543,-35.03177],[138.549478,-35.032035],[138.549398,-35.032295],[138.549323,-35.032474],[138.54916,-35.032861],[138.54904,-35.033112],[138.548937,-35.033262],[138.548843,-35.0334],[138.548494,-35.033909],[138.548301,-35.034172],[138.547837,-35.034662],[138.547565,-35.035026],[138.546865,-35.03608],[138.545056,-35.037726],[138.544896,-35.037867],[138.544605,-35.038131],[138.542968,-35.039616],[138.542717,-35.039844],[138.542681,-35.039895],[138.542664,-35.039939],[138.542645,-35.03999]]}},{"type":"Feature","properties":{"tier":"high"},"geometry":{"type":"LineString","coordinates":[[138.556251,-35.030796],[138.556165,-35.030984],[138.556115,-35.031116],[138.556079,-35.031242],[138.556066,-35.031362],[138.556057,-35.03148],[138.556056,-35.03157],[138.556075,-35.031737],[138.556114,-35.031889],[138.556147,-35.032027],[138.556258,-35.032285],[138.556412,-35.032509],[138.5566,-35.03271],[138.556819,-35.032887],[138.557062,-35.033062],[138.557926,-35.033617],[138.558169,-35.033773],[138.558354,-35.033904],[138.558489,-35.034028],[138.558588,-35.034125],[138.55869,-35.034248],[138.558872,-35.034531],[138.559086,-35.034972],[138.559244,-35.035234],[138.559333,-35.035361],[138.559427,-35.035452],[138.559621,-35.035655],[138.559747,-35.035757],[138.559936,-35.035926],[138.560049,-35.036038],[138.560151,-35.036158],[138.560237,-35.036273],[138.560394,-35.03653],[138.560411,-35.036582],[138.560466,-35.036731],[138.560501,-35.036894],[138.560531,-35.037386],[138.560494,-35.037586],[138.560423,-35.037797],[138.560348,-35.037962],[138.56025,-35.038125],[138.559795,-35.03877],[138.559688,-35.038958],[138.55961,-35.039138],[138.559566,-35.03927],[138.559537,-35.039421],[138.559516,-35.039576],[138.559507,-35.039711],[138.559507,-35.039878],[138.559522,-35.04001],[138.559569,-35.040181],[138.559626,-35.040319],[138.559869,-35.040757],[138.560187,-35.041341],[138.56042,-35.041792],[138.560643,-35.042303],[138.560754,-35.042586],[138.560951,-35.043233],[138.561003,-35.043576],[138.56104,-35.043908],[138.561071,-35.044258],[138.561069,-35.044502],[138.56106,-35.044714],[138.561046,-35.04497],[138.561024,-35.045207],[138.560941,-35.045631],[138.560854,-35.046025],[138.560648,-35.046597],[138.560432,-35.047148],[138.5595,-35.049488],[138.559417,-35.049726],[138.559392,-35.050035],[138.559385,-35.05032],[138.559397,-35.050503],[138.559414,-35.050835],[138.559419,-35.050915],[138.559459,-35.0516],[138.559495,-35.052259]]}},{"type":"Feature","properties":{"tier":"high"},"geometry":{"type":"LineString","coordinates":[[138.557247,-35.028694],[138.557216,-35.028586],[138.557215,-35.028472],[138.557072,-35.028398]]}},{"type":"Feature","properties":{"tier":"arterial"},"geometry":{"type":"LineString","coordinates":[[138.558231,-35.008647],[138.558252,-35.008982]]}},{"type":"Feature","properties":{"tier":"arterial"},"geometry":{"type":"LineString","coordinates":[[138.539565,-34.99998],[138.539604,-35.000535],[138.539668,-35.001388],[138.539671,-35.001417],[138.5397,-35.001789],[138.539734,-35.002215],[138.5398,-35.003063],[138.53981,-35.003206],[138.539867,-35.003898],[138.539879,-35.004053],[138.539901,-35.004325],[138.539922,-35.004587],[138.539948,-35.004911],[138.540035,-35.006007],[138.54009,-35.006689],[138.540113,-35.007044],[138.540131,-35.007336]]}},{"type":"Feature","properties":{"tier":"regional"},"geometry":{"type":"LineString","coordinates":[[138.518846,-35.01048],[138.519015,-35.010459],[138.520729,-35.010378],[138.522318,-35.010295],[138.522373,-35.010292]]}},{"type":"Feature","properties":{"tier":"regional"},"geometry":{"type":"LineString","coordinates":[[138.524414,-35.009862],[138.525195,-35.009822],[138.526194,-35.00977],[138.52634,-35.009763],[138.52688,-35.009735],[138.527923,-35.009681],[138.527991,-35.009677],[138.528881,-35.009631],[138.529666,-35.009591],[138.530473,-35.009549]]}},{"type":"Feature","properties":{"tier":"regional"},"geometry":{"type":"LineString","coordinates":[[138.519407,-35.015224],[138.519359,-35.015212],[138.519323,-35.015194],[138.519304,-35.015162],[138.519295,-35.015128],[138.519288,-35.015004],[138.519223,-35.014172],[138.519278,-35.014136],[138.519298,-35.014101],[138.519244,-35.013612],[138.51924,-35.013575]]}},{"type":"Feature","properties":{"tier":"regional"},"geometry":{"type":"LineString","coordinates":[[138.553663,-35.01086],[138.553649,-35.010844],[138.553642,-35.010824],[138.553641,-35.010804],[138.553647,-35.010785],[138.553658,-35.010767],[138.553675,-35.010752],[138.5537,-35.010741],[138.553729,-35.010736],[138.553758,-35.010739],[138.553784,-35.010749],[138.553806,-35.010765]]}},{"type":"Feature","properties":{"tier":"regional"},"geometry":{"type":"LineString","coordinates":[[138.506413,-35.06252],[138.506518,-35.062077],[138.506744,-35.061098],[138.50679,-35.060886],[138.50682,-35.060667],[138.506854,-35.060265],[138.506859,-35.060197]]}},{"type":"Feature","properties":{"tier":"regional"},"geometry":{"type":"LineString","coordinates":[[138.506859,-35.060197],[138.506814,-35.060178],[138.5068,-35.060161],[138.506795,-35.060131],[138.506801,-35.060112],[138.506816,-35.060095],[138.506836,-35.060084],[138.50686,-35.060079],[138.506879,-35.06008],[138.506903,-35.060087],[138.506921,-35.0601],[138.506934,-35.060118],[138.506937,-35.060134],[138.506934,-35.060155],[138.506923,-35.060173],[138.506904,-35.060187],[138.506881,-35.060194],[138.506859,-35.060197]]}},{"type":"Feature","properties":{"tier":"regional"},"geometry":{"type":"LineString","coordinates":[[138.506879,-35.06008],[138.506869,-35.059969],[138.506853,-35.059851],[138.506754,-35.059401],[138.506549,-35.05874],[138.506383,-35.058063],[138.50615,-35.057041],[138.506124,-35.056924],[138.506107,-35.056855],[138.505955,-35.056167],[138.505906,-35.055991],[138.505791,-35.055714],[138.505734,-35.055548],[138.505713,-35.055465],[138.505702,-35.055392],[138.505695,-35.055356],[138.50567,-35.055149],[138.505664,-35.054935],[138.505641,-35.054572],[138.505626,-35.054209],[138.505633,-35.054055],[138.505644,-35.05391],[138.505688,-35.053605],[138.505735,-35.053301],[138.505774,-35.053077],[138.505819,-35.052859],[138.505881,-35.052635],[138.505949,-35.052423],[138.506022,-35.052244],[138.506056,-35.052181],[138.506113,-35.052079],[138.506138,-35.05204],[138.50626,-35.051851],[138.506301,-35.051798],[138.506426,-35.051632],[138.506818,-35.051161],[138.507106,-35.050704],[138.507382,-35.050233],[138.507765,-35.049522],[138.507781,-35.049492],[138.507913,-35.049324],[138.50805,-35.049188]]}},{"type":"Feature","properties":{"tier":"regional"},"geometry":{"type":"LineString","coordinates":[[138.50805,-35.049188],[138.508034,-35.049171],[138.508026,-35.049151],[138.508027,-35.049129],[138.508044,-35.049102],[138.508064,-35.049089],[138.508089,-35.049081],[138.508115,-35.049081],[138.50814,-35.049089],[138.508151,-35.049095],[138.508168,-35.049112],[138.508176,-35.049132],[138.508176,-35.049154],[138.508162,-35.04918],[138.508143,-35.049194],[138.508119,-35.049203],[138.508093,-35.049204],[138.508068,-35.049198],[138.50805,-35.049188]]}},{"type":"Feature","properties":{"tier":"regional"},"geometry":{"type":"LineString","coordinates":[[138.509571,-35.048041],[138.509559,-35.048016],[138.509559,-35.047997],[138.509567,-35.047979],[138.509581,-35.047965],[138.509601,-35.047955],[138.509624,-35.047951],[138.509647,-35.047954],[138.509675,-35.047969],[138.509688,-35.047985],[138.509693,-35.048004],[138.50969,-35.048023],[138.50968,-35.04804],[138.509669,-35.048049],[138.509649,-35.048059],[138.509626,-35.048062],[138.509603,-35.048059],[138.509582,-35.048049],[138.509571,-35.048041]]}},{"type":"Feature","properties":{"tier":"regional"},"geometry":{"type":"LineString","coordinates":[[138.508151,-35.049095],[138.508313,-35.04894],[138.508483,-35.048794],[138.50885,-35.048513],[138.509209,-35.048267],[138.509571,-35.048041]]}},{"type":"Feature","properties":{"tier":"regional"},"geometry":{"type":"LineString","coordinates":[[138.509675,-35.047969],[138.51049,-35.047454],[138.510715,-35.04732],[138.510972,-35.04719]]}},{"type":"Feature","properties":{"tier":"high"},"geometry":{"type":"LineString","coordinates":[[138.557247,-35.028694],[138.557382,-35.028493],[138.557453,-35.028376]]}},{"type":"Feature","properties":{"tier":"regional"},"geometry":{"type":"LineString","coordinates":[[138.55064,-35.028624],[138.550633,-35.028545],[138.550575,-35.027803],[138.550554,-35.027534],[138.550469,-35.026449],[138.550446,-35.026155],[138.550394,-35.025484],[138.550356,-35.024999],[138.550318,-35.02451],[138.550306,-35.024344],[138.550245,-35.023574],[138.55022,-35.023248],[138.550204,-35.023024],[138.550177,-35.022666]]}},{"type":"Feature","properties":{"tier":"regional"},"geometry":{"type":"LineString","coordinates":[[138.548494,-35.033909],[138.548399,-35.033862],[138.54839,-35.033861],[138.548262,-35.033841],[138.547968,-35.033883],[138.54728,-35.033916],[138.546576,-35.03395],[138.544398,-35.034074],[138.543241,-35.034144],[138.542292,-35.034187],[138.542266,-35.034188],[138.542193,-35.034192]]}},{"type":"Feature","properties":{"tier":"regional"},"geometry":{"type":"LineString","coordinates":[[138.514704,-35.017343],[138.514767,-35.01733],[138.514914,-35.017311],[138.515155,-35.017296],[138.515263,-35.017292],[138.515337,-35.017288],[138.515498,-35.017279],[138.515552,-35.017277],[138.515583,-35.017276],[138.515663,-35.017273],[138.51608,-35.017248],[138.516955,-35.017206],[138.517163,-35.017196],[138.517519,-35.017181],[138.517722,-35.017172],[138.51793,-35.017162],[138.518488,-35.017138],[138.518552,-35.017135],[138.518717,-35.017128]]}},{"type":"Feature","properties":{"tier":"arterial"},"geometry":{"type":"LineString","coordinates":[[138.525974,-35.018981],[138.527972,-35.018881],[138.528206,-35.01887],[138.529696,-35.018791],[138.530757,-35.018734],[138.531442,-35.018698],[138.531513,-35.018694],[138.532019,-35.01867]]}},{"type":"Feature","properties":{"tier":"regional"},"geometry":{"type":"LineString","coordinates":[[138.551771,-35.012212],[138.551758,-35.012193],[138.551751,-35.012169],[138.551753,-35.012153],[138.551763,-35.01213],[138.551777,-35.012116],[138.551809,-35.012099],[138.551839,-35.012095],[138.551859,-35.012097],[138.551886,-35.012107],[138.551903,-35.012118]]}},{"type":"Feature","properties":{"tier":"regional"},"geometry":{"type":"LineString","coordinates":[[138.551903,-35.012118],[138.553279,-35.011131],[138.553425,-35.011026],[138.553663,-35.01086]]}},{"type":"Feature","properties":{"tier":"high"},"geometry":{"type":"LineString","coordinates":[[138.557001,-35.027077],[138.556445,-35.028089],[138.556113,-35.028721],[138.555635,-35.029619],[138.555431,-35.03004],[138.555327,-35.030315],[138.55526,-35.030561],[138.555206,-35.030804],[138.555174,-35.03109],[138.555167,-35.031396],[138.555185,-35.031732],[138.555221,-35.031965],[138.555281,-35.03223],[138.555359,-35.03248],[138.555448,-35.032702],[138.555543,-35.032909],[138.555678,-35.033149],[138.555815,-35.033361],[138.556201,-35.033847],[138.556659,-35.034365],[138.556917,-35.034714],[138.557109,-35.035016],[138.557255,-35.035299],[138.557392,-35.035633],[138.557517,-35.036028],[138.557624,-35.036535],[138.557672,-35.036971],[138.557673,-35.037349],[138.557469,-35.038273],[138.557339,-35.038617],[138.55714,-35.039028],[138.556962,-35.039336],[138.556665,-35.039721],[138.556368,-35.040077],[138.553482,-35.043106],[138.54883,-35.047983],[138.548606,-35.048238],[138.548368,-35.04855],[138.547965,-35.049101],[138.547548,-35.049806],[138.547357,-35.050229],[138.54718,-35.050647],[138.547077,-35.050939],[138.546969,-35.051266],[138.546862,-35.051678],[138.54683,-35.051817],[138.546383,-35.05397]]}},{"type":"Feature","properties":{"tier":"arterial"},"geometry":{"type":"LineString","coordinates":[[138.558117,-35.007373],[138.558218,-35.007482],[138.558229,-35.007488],[138.558294,-35.007528],[138.558576,-35.007575]]}},{"type":"Feature","properties":{"tier":"arterial"},"geometry":{"type":"LineString","coordinates":[[138.558576,-35.007575],[138.558352,-35.007622],[138.558285,-35.007641],[138.558236,-35.007662],[138.558228,-35.007666],[138.558183,-35.00772],[138.55816,-35.007775]]}},{"type":"Feature","properties":{"tier":"arterial"},"geometry":{"type":"LineString","coordinates":[[138.558106,-35.008909],[138.558091,-35.00863]]}},{"type":"Feature","properties":{"tier":"arterial"},"geometry":{"type":"LineString","coordinates":[[138.558774,-35.017083],[138.558765,-35.017003],[138.558754,-35.016906]]}},{"type":"Feature","properties":{"tier":"high"},"geometry":{"type":"LineString","coordinates":[[138.559548,-35.025245],[138.559618,-35.02542],[138.55968,-35.025464],[138.559705,-35.025467],[138.559767,-35.025475],[138.559929,-35.02543]]}},{"type":"Feature","properties":{"tier":"arterial"},"geometry":{"type":"LineString","coordinates":[[138.559005,-35.017427],[138.559019,-35.017494],[138.559074,-35.017744],[138.559105,-35.017976],[138.55913,-35.018219],[138.559168,-35.01883],[138.559208,-35.019328]]}},{"type":"Feature","properties":{"tier":"high"},"geometry":{"type":"LineString","coordinates":[[138.559009,-35.026127],[138.559035,-35.026056],[138.559125,-35.025945],[138.559167,-35.025893],[138.559205,-35.025816],[138.559263,-35.025697],[138.559311,-35.025602],[138.559373,-35.025509]]}},{"type":"Feature","properties":{"tier":"high"},"geometry":{"type":"LineString","coordinates":[[138.560616,-35.045975],[138.560854,-35.046025]]}},{"type":"Feature","properties":{"tier":"high"},"geometry":{"type":"LineString","coordinates":[[138.559213,-35.050785],[138.559247,-35.050748],[138.559269,-35.050668],[138.55925,-35.050317],[138.559263,-35.050114],[138.559272,-35.05007],[138.559281,-35.050051],[138.559299,-35.05004],[138.55933,-35.050035],[138.559392,-35.050035]]}},{"type":"Feature","properties":{"tier":"high"},"geometry":{"type":"LineString","coordinates":[[138.559708,-35.054623],[138.559727,-35.054804],[138.559735,-35.054891]]}},{"type":"Feature","properties":{"tier":"arterial"},"geometry":{"type":"LineString","coordinates":[[138.55709,-35.053813],[138.555126,-35.053912],[138.554521,-35.053942],[138.553359,-35.054003],[138.55265,-35.054039],[138.552402,-35.054052],[138.550294,-35.054171],[138.549345,-35.054223]]}},{"type":"Feature","properties":{"tier":"high"},"geometry":{"type":"LineString","coordinates":[[138.559839,-35.05608],[138.559993,-35.057842],[138.560041,-35.058414],[138.560045,-35.05869],[138.560031,-35.058941],[138.559994,-35.059208]]}},{"type":"Feature","properties":{"tier":"high"},"geometry":{"type":"LineString","coordinates":[[138.559315,-35.052116],[138.559264,-35.051601],[138.559213,-35.050785],[138.559183,-35.050033],[138.559223,-35.049682],[138.559306,-35.049369],[138.560215,-35.047071],[138.560432,-35.046522],[138.560616,-35.045975],[138.560713,-35.045572],[138.56079,-35.045166],[138.56081,-35.044914],[138.560825,-35.044707],[138.560835,-35.044486],[138.560836,-35.044242],[138.560795,-35.043834],[138.560738,-35.043466],[138.560694,-35.043257],[138.560619,-35.042958],[138.560543,-35.042705],[138.56048,-35.04253],[138.560417,-35.042355],[138.560311,-35.042098],[138.560199,-35.041862],[138.559978,-35.041392],[138.559638,-35.040846],[138.559473,-35.040514],[138.559343,-35.040234],[138.559295,-35.040067],[138.55926,-35.039831],[138.55927,-35.039547],[138.55932,-35.039251],[138.559378,-35.039071],[138.559461,-35.038913],[138.559638,-35.038611],[138.560068,-35.038009],[138.560192,-35.037744],[138.56024,-35.037574],[138.560288,-35.037376],[138.560292,-35.037041],[138.560273,-35.036902],[138.560224,-35.036732],[138.56016,-35.036597],[138.56005,-35.036406],[138.559907,-35.036218],[138.559784,-35.036085],[138.55958,-35.035913],[138.559389,-35.035742],[138.559229,-35.035584],[138.559121,-35.035459],[138.559045,-35.03535],[138.558977,-35.035229],[138.558916,-35.035123],[138.558641,-35.034577],[138.558562,-35.034455],[138.558459,-35.034317],[138.55828,-35.034133],[138.558161,-35.034032],[138.558046,-35.033949],[138.557715,-35.03373],[138.556842,-35.033171],[138.556362,-35.032807],[138.556199,-35.032615],[138.556053,-35.0324],[138.555935,-35.03215],[138.55586,-35.031893],[138.555819,-35.031685],[138.555803,-35.031456],[138.555829,-35.031247],[138.555925,-35.031019],[138.55607,-35.030681]]}},{"type":"Feature","properties":{"tier":"high"},"geometry":{"type":"LineString","coordinates":[[138.559735,-35.054891],[138.559544,-35.054903]]}},{"type":"Feature","properties":{"tier":"high"},"geometry":{"type":"LineString","coordinates":[[138.559544,-35.054903],[138.559526,-35.054682]]}},{"type":"Feature","properties":{"tier":"high"},"geometry":{"type":"LineString","coordinates":[[138.559478,-35.060594],[138.559312,-35.060421]]}},{"type":"Feature","properties":{"tier":"high"},"geometry":{"type":"LineString","coordinates":[[138.558873,-35.061336],[138.558614,-35.061577],[138.558312,-35.061821],[138.55775,-35.062203],[138.55729,-35.06252]]}},{"type":"Feature","properties":{"tier":"high"},"geometry":{"type":"LineString","coordinates":[[138.557008,-35.06252],[138.557153,-35.062423],[138.557668,-35.062059],[138.558182,-35.061695],[138.558522,-35.061404],[138.558669,-35.061267],[138.558754,-35.061176],[138.558849,-35.061075],[138.559056,-35.060807],[138.559239,-35.060523],[138.559312,-35.060421]]}},{"type":"Feature","properties":{"tier":"regional"},"geometry":{"type":"LineString","coordinates":[[138.551771,-35.012212],[138.551373,-35.012475],[138.551333,-35.012501],[138.55087,-35.012826],[138.550691,-35.012954],[138.549655,-35.013679],[138.549596,-35.013728],[138.549527,-35.013801],[138.549507,-35.013836],[138.549493,-35.013879],[138.549487,-35.013971],[138.549499,-35.014158],[138.549539,-35.014647],[138.549621,-35.015737]]}},{"type":"Feature","properties":{"tier":"regional"},"geometry":{"type":"LineString","coordinates":[[138.547875,-35.01621],[138.547936,-35.016146],[138.548289,-35.01578],[138.548397,-35.015708],[138.548863,-35.015719],[138.549621,-35.015737]]}},{"type":"Feature","properties":{"tier":"arterial"},"geometry":{"type":"LineString","coordinates":[[138.550045,-35.021508],[138.549991,-35.020986],[138.549984,-35.0209]]}},{"type":"Feature","properties":{"tier":"arterial"},"geometry":{"type":"LineString","coordinates":[[138.540982,-35.018294],[138.54085,-35.018307],[138.540751,-35.018317]]}},{"type":"Feature","properties":{"tier":"high"},"geometry":{"type":"LineString","coordinates":[[138.559973,-35.061079],[138.55984,-35.061029],[138.559706,-35.060958],[138.559615,-35.060935],[138.559564,-35.060933],[138.559487,-35.060945],[138.559408,-35.060969],[138.559338,-35.061013],[138.559239,-35.061088],[138.559112,-35.061189],[138.558873,-35.061336]]}},{"type":"Feature","properties":{"tier":"regional"},"geometry":{"type":"LineString","coordinates":[[138.543779,-35.054538],[138.543788,-35.054681],[138.543792,-35.054738],[138.543826,-35.055258],[138.543926,-35.056587],[138.544208,-35.060318],[138.544374,-35.06252]]}},{"type":"Feature","properties":{"tier":"arterial"},"geometry":{"type":"LineString","coordinates":[[138.522861,-35.016931],[138.522853,-35.016808],[138.522817,-35.016313],[138.522808,-35.016198],[138.522763,-35.015637],[138.522753,-35.015512]]}},{"type":"Feature","properties":{"tier":"arterial"},"geometry":{"type":"LineString","coordinates":[[138.524521,-35.036506],[138.524534,-35.036687],[138.524569,-35.037193],[138.52459,-35.037364],[138.524614,-35.037466]]}},{"type":"Feature","properties":{"tier":"arterial"},"geometry":{"type":"LineString","coordinates":[[138.523898,-35.030246],[138.524003,-35.03024]]}},{"type":"Feature","properties":{"tier":"arterial"},"geometry":{"type":"LineString","coordinates":[[138.52382,-35.029015],[138.523811,-35.028898],[138.523751,-35.028418],[138.523639,-35.026858],[138.523629,-35.026752],[138.523571,-35.026129],[138.523566,-35.026045],[138.523537,-35.025602],[138.523511,-35.025221],[138.523439,-35.024279],[138.523422,-35.024091],[138.523406,-35.023921],[138.523367,-35.023393],[138.523364,-35.023355]]}},{"type":"Feature","properties":{"tier":"regional"},"geometry":{"type":"LineString","coordinates":[[138.524575,-35.039675],[138.524388,-35.039696],[138.523722,-35.039736],[138.52351,-35.039749],[138.522587,-35.03981]]}},{"type":"Feature","properties":{"tier":"arterial"},"geometry":{"type":"LineString","coordinates":[[138.53251,-35.04782],[138.532733,-35.048179],[138.533828,-35.049845],[138.534296,-35.050551],[138.534523,-35.050895],[138.534672,-35.051179],[138.534768,-35.051431],[138.53481,-35.051577],[138.534856,-35.051793],[138.534889,-35.052015],[138.535053,-35.0541],[138.535073,-35.054352],[138.535078,-35.054399]]}},{"type":"Feature","properties":{"tier":"arterial"},"geometry":{"type":"LineString","coordinates":[[138.532614,-35.048284],[138.532247,-35.047708],[138.532219,-35.047665],[138.532058,-35.047396],[138.531948,-35.04716],[138.531744,-35.046601],[138.53129,-35.045237],[138.530991,-35.044348],[138.530921,-35.044141],[138.530794,-35.043763]]}},{"type":"Feature","properties":{"tier":"arterial"},"geometry":{"type":"LineString","coordinates":[[138.534943,-35.054998],[138.534919,-35.054696],[138.534895,-35.054384],[138.534828,-35.053558],[138.534703,-35.052009],[138.534678,-35.051831],[138.534629,-35.05162],[138.534579,-35.051449],[138.534509,-35.051275],[138.534431,-35.051114],[138.534338,-35.05096],[138.533718,-35.049997],[138.533162,-35.049145],[138.532614,-35.048284]]}},{"type":"Feature","properties":{"tier":"arterial"},"geometry":{"type":"LineString","coordinates":[[138.535388,-35.058484],[138.535395,-35.058569],[138.535425,-35.05897],[138.535457,-35.059448],[138.535459,-35.059825],[138.535442,-35.060198],[138.535408,-35.060555],[138.535349,-35.060943],[138.535272,-35.061282],[138.53526,-35.061334],[138.535119,-35.061839],[138.534917,-35.062351],[138.534836,-35.06252]]}},{"type":"Feature","properties":{"tier":"regional"},"geometry":{"type":"LineString","coordinates":[[138.513361,-35.045345],[138.513482,-35.045442],[138.513547,-35.045493],[138.513576,-35.045515],[138.513681,-35.045597],[138.513733,-35.045633]]}},{"type":"Feature","properties":{"tier":"regional"},"geometry":{"type":"LineString","coordinates":[[138.514184,-35.045236],[138.513733,-35.045633]]}},{"type":"Feature","properties":{"tier":"regional"},"geometry":{"type":"LineString","coordinates":[[138.519237,-35.041238],[138.519308,-35.041063]]}},{"type":"Feature","properties":{"tier":"arterial"},"geometry":{"type":"LineString","coordinates":[[138.55889,-35.019345],[138.558918,-35.019306],[138.55893,-35.019294],[138.558945,-35.01928],[138.558971,-35.019263],[138.558992,-35.019253],[138.559005,-35.019247],[138.559017,-35.019245],[138.559033,-35.019243],[138.559049,-35.019244]]}},{"type":"Feature","properties":{"tier":"high"},"geometry":{"type":"LineString","coordinates":[[138.559994,-35.059208],[138.559985,-35.059564],[138.55996,-35.059958],[138.559935,-35.0603],[138.559968,-35.060731],[138.560025,-35.060949],[138.560099,-35.061282]]}},{"type":"Feature","properties":{"tier":"regional"},"geometry":{"type":"LineString","coordinates":[[138.550177,-35.022666],[138.550135,-35.02258],[138.550094,-35.022149],[138.550058,-35.021687],[138.550045,-35.021508]]}},{"type":"Feature","properties":{"tier":"arterial"},"geometry":{"type":"LineString","coordinates":[[138.550676,-35.022412],[138.550598,-35.022371],[138.550545,-35.022346],[138.55044,-35.02232],[138.550385,-35.022321],[138.550336,-35.022339],[138.550289,-35.02239],[138.550229,-35.02249]]}},{"type":"Feature","properties":{"tier":"arterial"},"geometry":{"type":"LineString","coordinates":[[138.555864,-35.028386],[138.555519,-35.028401],[138.555397,-35.028405],[138.554583,-35.028438],[138.553221,-35.028505],[138.552551,-35.028546],[138.551768,-35.028579],[138.551497,-35.02859],[138.55064,-35.028624]]}},{"type":"Feature","properties":{"tier":"arterial"},"geometry":{"type":"LineString","coordinates":[[138.559509,-35.027155],[138.559498,-35.027049]]}},{"type":"Feature","properties":{"tier":"arterial"},"geometry":{"type":"LineString","coordinates":[[138.54674,-35.015519],[138.546647,-35.015356],[138.546555,-35.015282],[138.546518,-35.015248],[138.546496,-35.01522],[138.54652,-35.015174]]}},{"type":"Feature","properties":{"tier":"arterial"},"geometry":{"type":"LineString","coordinates":[[138.559322,-35.020845],[138.559272,-35.020943],[138.559268,-35.021028],[138.559258,-35.021049],[138.559231,-35.021065],[138.559175,-35.021075]]}},{"type":"Feature","properties":{"tier":"arterial"},"geometry":{"type":"LineString","coordinates":[[138.559212,-35.021506],[138.55923,-35.021506],[138.559244,-35.021508],[138.559259,-35.021511],[138.559269,-35.021514],[138.55928,-35.021518],[138.559291,-35.021524],[138.559304,-35.021534],[138.559376,-35.021581]]}},{"type":"Feature","properties":{"tier":"arterial"},"geometry":{"type":"LineString","coordinates":[[138.559089,-35.02009],[138.55912,-35.020023],[138.559158,-35.019958],[138.559166,-35.019947],[138.559171,-35.019941],[138.559176,-35.019938],[138.559185,-35.019934],[138.559193,-35.019932],[138.559205,-35.019931],[138.559214,-35.019931],[138.559223,-35.019933],[138.559231,-35.019935],[138.559239,-35.019939],[138.559245,-35.019943],[138.559256,-35.019954]]}},{"type":"Feature","properties":{"tier":"arterial"},"geometry":{"type":"LineString","coordinates":[[138.559414,-35.026026],[138.55939,-35.025811]]}},{"type":"Feature","properties":{"tier":"arterial"},"geometry":{"type":"LineString","coordinates":[[138.549671,-35.017676],[138.549523,-35.017681]]}},{"type":"Feature","properties":{"tier":"regional"},"geometry":{"type":"LineString","coordinates":[[138.542537,-35.038653],[138.543019,-35.038626],[138.543124,-35.038606],[138.543213,-35.038549],[138.54346,-35.03831],[138.544429,-35.038011],[138.544495,-35.037991],[138.544896,-35.037867]]}},{"type":"Feature","properties":{"tier":"regional"},"geometry":{"type":"LineString","coordinates":[[138.519131,-35.013579],[138.519127,-35.013545],[138.51912,-35.01347],[138.519061,-35.013014],[138.518894,-35.012535],[138.518855,-35.011908],[138.518808,-35.011344],[138.518772,-35.010567]]}},{"type":"Feature","properties":{"tier":"regional"},"geometry":{"type":"LineString","coordinates":[[138.517378,-35.002164],[138.517382,-35.002116],[138.517376,-35.001962],[138.517363,-35.001863],[138.517317,-35.001248],[138.517239,-35.000309],[138.517214,-34.99998]]}},{"type":"Feature","properties":{"tier":"regional"},"geometry":{"type":"LineString","coordinates":[[138.518737,-35.010427],[138.518724,-35.010207],[138.518667,-35.009517],[138.518619,-35.008928],[138.518534,-35.008024],[138.518483,-35.007449],[138.518429,-35.00683],[138.5184,-35.006443],[138.518394,-35.006346],[138.518336,-35.005502],[138.51828,-35.004971],[138.518206,-35.004837],[138.518127,-35.004736],[138.517949,-35.004589],[138.517686,-35.004364],[138.517648,-35.004312],[138.51761,-35.00426],[138.517528,-35.004036],[138.517467,-35.00316],[138.517453,-35.003023],[138.517404,-35.002546],[138.517383,-35.002366],[138.517381,-35.002337]]}},{"type":"Feature","properties":{"tier":"arterial"},"geometry":{"type":"LineString","coordinates":[[138.532969,-35.000331],[138.532859,-35.000183],[138.532718,-34.99998]]}},{"type":"Feature","properties":{"tier":"arterial"},"geometry":{"type":"LineString","coordinates":[[138.532864,-34.99998],[138.533073,-35.000278]]}},{"type":"Feature","properties":{"tier":"arterial"},"geometry":{"type":"LineString","coordinates":[[138.541199,-35.01817],[138.541481,-35.01813],[138.541563,-35.01811],[138.541612,-35.018098],[138.541768,-35.018051],[138.541831,-35.018032],[138.541933,-35.018006],[138.542053,-35.017975],[138.542174,-35.017956],[138.542226,-35.017947],[138.542454,-35.017915],[138.542724,-35.017891],[138.543163,-35.017862],[138.543508,-35.017842],[138.543652,-35.017834],[138.543741,-35.01783],[138.544978,-35.01777]]}},{"type":"Feature","properties":{"tier":"arterial"},"geometry":{"type":"LineString","coordinates":[[138.544975,-35.01789],[138.544247,-35.017927],[138.543762,-35.017952],[138.543685,-35.017957],[138.543663,-35.017958],[138.543503,-35.017967],[138.542623,-35.018015]]}},{"type":"Feature","properties":{"tier":"arterial"},"geometry":{"type":"LineString","coordinates":[[138.5234,-35.019219],[138.523267,-35.019228],[138.523222,-35.01923],[138.523166,-35.019233]]}},{"type":"Feature","properties":{"tier":"arterial"},"geometry":{"type":"LineString","coordinates":[[138.549523,-35.017681],[138.549397,-35.017688],[138.548138,-35.017741]]}},{"type":"Feature","properties":{"tier":"arterial"},"geometry":{"type":"LineString","coordinates":[[138.558393,-35.017099],[138.558676,-35.017089],[138.558709,-35.017087],[138.558774,-35.017083]]}},{"type":"Feature","properties":{"tier":"regional"},"geometry":{"type":"LineString","coordinates":[[138.556258,-35.007921],[138.556214,-35.007966],[138.556071,-35.008114]]}},{"type":"Feature","properties":{"tier":"arterial"},"geometry":{"type":"LineString","coordinates":[[138.548829,-35.017583],[138.549297,-35.017569],[138.549329,-35.017568],[138.549435,-35.017564]]}},{"type":"Feature","properties":{"tier":"arterial"},"geometry":{"type":"LineString","coordinates":[[138.540693,-35.018206],[138.540824,-35.018198],[138.540862,-35.018196],[138.540969,-35.01819]]}},{"type":"Feature","properties":{"tier":"arterial"},"geometry":{"type":"LineString","coordinates":[[138.552991,-35.017383],[138.554721,-35.017295],[138.55495,-35.017283],[138.555218,-35.017269]]}},{"type":"Feature","properties":{"tier":"arterial"},"geometry":{"type":"LineString","coordinates":[[138.540751,-35.018317],[138.539937,-35.018373],[138.538945,-35.018424],[138.538866,-35.018428],[138.538325,-35.018455],[138.53795,-35.018473],[138.537838,-35.01848],[138.536944,-35.018527]]}},{"type":"Feature","properties":{"tier":"regional"},"geometry":{"type":"LineString","coordinates":[[138.516141,-35.06252],[138.516161,-35.062512],[138.516188,-35.06251],[138.516215,-35.062514],[138.516227,-35.06252]]}},{"type":"Feature","properties":{"tier":"regional"},"geometry":{"type":"LineString","coordinates":[[138.519173,-35.041379],[138.51899,-35.041526]]}},{"type":"Feature","properties":{"tier":"regional"},"geometry":{"type":"LineString","coordinates":[[138.519173,-35.041379],[138.519141,-35.041375],[138.519112,-35.041364],[138.519089,-35.041345],[138.519074,-35.041322],[138.51907,-35.041295],[138.519076,-35.041269],[138.519092,-35.041246],[138.519116,-35.041229],[138.519146,-35.041218],[138.519178,-35.041216],[138.519209,-35.041223],[138.519237,-35.041238]]}},{"type":"Feature","properties":{"tier":"regional"},"geometry":{"type":"LineString","coordinates":[[138.515784,-35.043968],[138.515775,-35.04394],[138.515777,-35.043911],[138.515791,-35.043884],[138.515815,-35.043863],[138.515846,-35.043849],[138.515881,-35.043844],[138.515916,-35.043848],[138.515947,-35.043862],[138.515971,-35.043883],[138.515985,-35.04391]]}},{"type":"Feature","properties":{"tier":"regional"},"geometry":{"type":"LineString","coordinates":[[138.515784,-35.043968],[138.515573,-35.044039]]}},{"type":"Feature","properties":{"tier":"regional"},"geometry":{"type":"LineString","coordinates":[[138.51899,-35.041526],[138.518381,-35.042043],[138.517696,-35.042625],[138.517609,-35.042699],[138.517493,-35.042797],[138.517403,-35.042873],[138.516683,-35.043479]]}},{"type":"Feature","properties":{"tier":"regional"},"geometry":{"type":"LineString","coordinates":[[138.519308,-35.041063],[138.519396,-35.040911],[138.519504,-35.040776],[138.519641,-35.040655]]}},{"type":"Feature","properties":{"tier":"regional"},"geometry":{"type":"LineString","coordinates":[[138.519641,-35.040655],[138.520411,-35.039995],[138.520572,-35.039934]]}},{"type":"Feature","properties":{"tier":"regional"},"geometry":{"type":"LineString","coordinates":[[138.515573,-35.044039],[138.515364,-35.044164],[138.515072,-35.044408],[138.514799,-35.044657],[138.514537,-35.044905],[138.514184,-35.045236]]}},{"type":"Feature","properties":{"tier":"regional"},"geometry":{"type":"LineString","coordinates":[[138.516185,-35.043839],[138.515985,-35.04391]]}},{"type":"Feature","properties":{"tier":"arterial"},"geometry":{"type":"LineString","coordinates":[[138.541719,-35.029306],[138.541706,-35.029296],[138.541694,-35.029285],[138.541684,-35.029273],[138.541676,-35.02926],[138.541671,-35.029246],[138.541667,-35.029231],[138.541666,-35.029217],[138.541667,-35.029202],[138.54167,-35.029188],[138.541676,-35.029174],[138.541683,-35.029161]]}},{"type":"Feature","properties":{"tier":"high"},"geometry":{"type":"LineString","coordinates":[[138.562089,-35.024024],[138.56088,-35.024934],[138.560493,-35.025225],[138.560396,-35.025298],[138.560176,-35.025463],[138.559732,-35.025798],[138.55969,-35.025829],[138.559591,-35.025903]]}},{"type":"Feature","properties":{"tier":"arterial"},"geometry":{"type":"LineString","coordinates":[[138.541676,-35.027451],[138.541657,-35.0272],[138.541642,-35.026998],[138.541626,-35.026787],[138.541587,-35.026276],[138.541528,-35.025503],[138.541515,-35.025331],[138.541503,-35.025174],[138.541417,-35.024044],[138.541347,-35.023123],[138.541278,-35.022214],[138.541259,-35.021965],[138.541253,-35.021881],[138.541138,-35.020369],[138.541121,-35.02015],[138.541044,-35.018812]]}},{"type":"Feature","properties":{"tier":"arterial"},"geometry":{"type":"LineString","coordinates":[[138.543779,-35.054538],[138.544134,-35.054516],[138.544876,-35.054476],[138.545044,-35.054465],[138.545229,-35.054454],[138.54563,-35.054435],[138.545737,-35.05443]]}},{"type":"Feature","properties":{"tier":"arterial"},"geometry":{"type":"LineString","coordinates":[[138.559591,-35.025903],[138.559596,-35.02601],[138.559621,-35.026565],[138.559645,-35.027246]]}},{"type":"Feature","properties":{"tier":"high"},"geometry":{"type":"LineString","coordinates":[[138.559112,-35.026261],[138.558981,-35.026363],[138.558834,-35.026506],[138.558734,-35.026609],[138.558696,-35.026648],[138.55857,-35.026803],[138.558447,-35.027001]]}},{"type":"Feature","properties":{"tier":"high"},"geometry":{"type":"LineString","coordinates":[[138.559582,-35.025682],[138.559681,-35.02561],[138.559929,-35.02543]]}},{"type":"Feature","properties":{"tier":"high"},"geometry":{"type":"LineString","coordinates":[[138.559929,-35.02543],[138.560013,-35.025367],[138.560647,-35.024894],[138.561137,-35.024538]]}},{"type":"Feature","properties":{"tier":"arterial"},"geometry":{"type":"LineString","coordinates":[[138.55851,-35.014142],[138.558456,-35.013403],[138.558434,-35.013101],[138.558422,-35.012928],[138.558415,-35.012838],[138.558402,-35.012655],[138.558382,-35.012374],[138.558328,-35.01163],[138.558271,-35.010834],[138.558257,-35.010637],[138.558225,-35.01027],[138.558205,-35.010042],[138.558158,-35.009507],[138.558134,-35.009234],[138.558106,-35.008909]]}},{"type":"Feature","properties":{"tier":"arterial"},"geometry":{"type":"LineString","coordinates":[[138.558735,-35.015138],[138.558799,-35.015892],[138.558832,-35.01618],[138.558854,-35.016371]]}},{"type":"Feature","properties":{"tier":"arterial"},"geometry":{"type":"LineString","coordinates":[[138.559049,-35.019244],[138.559,-35.018833],[138.558969,-35.01815],[138.558926,-35.017807],[138.558847,-35.017434]]}},{"type":"Feature","properties":{"tier":"arterial"},"geometry":{"type":"LineString","coordinates":[[138.559344,-35.024722],[138.559344,-35.024401]]}},{"type":"Feature","properties":{"tier":"arterial"},"geometry":{"type":"LineString","coordinates":[[138.558754,-35.016906],[138.558721,-35.016539]]}},{"type":"Feature","properties":{"tier":"arterial"},"geometry":{"type":"LineString","coordinates":[[138.559344,-35.024401],[138.559337,-35.024257]]}},{"type":"Feature","properties":{"tier":"arterial"},"geometry":{"type":"LineString","coordinates":[[138.55939,-35.025811],[138.559384,-35.025735],[138.559373,-35.025509]]}},{"type":"Feature","properties":{"tier":"arterial"},"geometry":{"type":"LineString","coordinates":[[138.558721,-35.016539],[138.558717,-35.01649],[138.558717,-35.016483],[138.558698,-35.016247],[138.558673,-35.015897],[138.558638,-35.01545]]}},{"type":"Feature","properties":{"tier":"high"},"geometry":{"type":"LineString","coordinates":[[138.562113,-35.022561],[138.561657,-35.022689],[138.561373,-35.02278],[138.561141,-35.022858],[138.560858,-35.022985],[138.560615,-35.023097],[138.560478,-35.023165],[138.560326,-35.023245],[138.560088,-35.023382],[138.559909,-35.023493],[138.559655,-35.023663]]}},{"type":"Feature","properties":{"tier":"high"},"geometry":{"type":"LineString","coordinates":[[138.559655,-35.023663],[138.559578,-35.023722],[138.559412,-35.023849],[138.559218,-35.024011],[138.559183,-35.02404]]}},{"type":"Feature","properties":{"tier":"high"},"geometry":{"type":"LineString","coordinates":[[138.559183,-35.02404],[138.55874,-35.024458],[138.558385,-35.024846],[138.558041,-35.025264],[138.557724,-35.025726]]}},{"type":"Feature","properties":{"tier":"arterial"},"geometry":{"type":"LineString","coordinates":[[138.559448,-35.026355],[138.559417,-35.026311],[138.559387,-35.026276],[138.559368,-35.026263],[138.559347,-35.026252],[138.559328,-35.026246],[138.559297,-35.02624],[138.559275,-35.026238],[138.559245,-35.026241],[138.55917,-35.026254],[138.559112,-35.026261]]}},{"type":"Feature","properties":{"tier":"high"},"geometry":{"type":"LineString","coordinates":[[138.556581,-35.029858],[138.556784,-35.029934]]}},{"type":"Feature","properties":{"tier":"high"},"geometry":{"type":"LineString","coordinates":[[138.559708,-35.054623],[138.559857,-35.054795],[138.560018,-35.05488]]}},{"type":"Feature","properties":{"tier":"arterial"},"geometry":{"type":"LineString","coordinates":[[138.557973,-35.053789],[138.558606,-35.053674],[138.559059,-35.053651],[138.559128,-35.053638],[138.559183,-35.053618],[138.55922,-35.053601],[138.559259,-35.053581],[138.559276,-35.053565],[138.559287,-35.053555],[138.559307,-35.053525],[138.559324,-35.053494],[138.559332,-35.053458],[138.559332,-35.053392],[138.559315,-35.053148],[138.559377,-35.052858]]}},{"type":"Feature","properties":{"tier":"arterial"},"geometry":{"type":"LineString","coordinates":[[138.560527,-35.05486],[138.560152,-35.054962],[138.560064,-35.054976],[138.560034,-35.05498],[138.559997,-35.05499],[138.559968,-35.055002],[138.559934,-35.055022],[138.559921,-35.055032],[138.559901,-35.055051],[138.559891,-35.055063],[138.55988,-35.055076],[138.559867,-35.055101],[138.559856,-35.055131],[138.559852,-35.055164],[138.55984,-35.055287],[138.55979,-35.055523]]}},{"type":"Feature","properties":{"tier":"high"},"geometry":{"type":"LineString","coordinates":[[138.559526,-35.054682],[138.559428,-35.054469],[138.559407,-35.054232],[138.559396,-35.054188],[138.559376,-35.054142],[138.559289,-35.053947],[138.559269,-35.053919],[138.559251,-35.053898],[138.559231,-35.053875],[138.559192,-35.053846],[138.559155,-35.053822],[138.559085,-35.053773]]}},{"type":"Feature","properties":{"tier":"high"},"geometry":{"type":"LineString","coordinates":[[138.557084,-35.0283],[138.557229,-35.028262],[138.557297,-35.028245],[138.557355,-35.028224],[138.55739,-35.02821],[138.557427,-35.02819],[138.557516,-35.02813],[138.55763,-35.028073]]}},{"type":"Feature","properties":{"tier":"arterial"},"geometry":{"type":"LineString","coordinates":[[138.557604,-35.006551],[138.557641,-35.00646],[138.557695,-35.006392],[138.557728,-35.006361]]}},{"type":"Feature","properties":{"tier":"arterial"},"geometry":{"type":"LineString","coordinates":[[138.524577,-35.030212],[138.524209,-35.030286],[138.524107,-35.030328],[138.52407,-35.030396],[138.524033,-35.030613]]}},{"type":"Feature","properties":{"tier":"arterial"},"geometry":{"type":"LineString","coordinates":[[138.523977,-35.029882],[138.524043,-35.030088],[138.524081,-35.030136],[138.524239,-35.030229]]}},{"type":"Feature","properties":{"tier":"arterial"},"geometry":{"type":"LineString","coordinates":[[138.534955,-35.058963],[138.534999,-35.058945],[138.535032,-35.058925],[138.535046,-35.058914],[138.535081,-35.058887],[138.535105,-35.058864],[138.53513,-35.058833],[138.53514,-35.058797],[138.535148,-35.05877],[138.53515,-35.058742],[138.535152,-35.0587],[138.535145,-35.05854],[138.535199,-35.058376]]}},{"type":"Feature","properties":{"tier":"arterial"},"geometry":{"type":"LineString","coordinates":[[138.535926,-35.055032],[138.535532,-35.055093],[138.535432,-35.055107],[138.535356,-35.055133],[138.535299,-35.055171],[138.535253,-35.05522],[138.535226,-35.055272],[138.53521,-35.055353],[138.535196,-35.055451],[138.53518,-35.055733]]}},{"type":"Feature","properties":{"tier":"arterial"},"geometry":{"type":"LineString","coordinates":[[138.535248,-35.058979],[138.535312,-35.059032],[138.535337,-35.059064],[138.53535,-35.059101],[138.535364,-35.059156],[138.535398,-35.059289],[138.535457,-35.059448]]}},{"type":"Feature","properties":{"tier":"arterial"},"geometry":{"type":"LineString","coordinates":[[138.535078,-35.054399],[138.535157,-35.054741],[138.53519,-35.054804],[138.535235,-35.054851],[138.535282,-35.054887],[138.535453,-35.054947]]}},{"type":"Feature","properties":{"tier":"arterial"},"geometry":{"type":"LineString","coordinates":[[138.535453,-35.054947],[138.535858,-35.054932]]}},{"type":"Feature","properties":{"tier":"arterial"},"geometry":{"type":"LineString","coordinates":[[138.535926,-35.055032],[138.53587,-35.055035],[138.535412,-35.05506],[138.535306,-35.05506],[138.535209,-35.055055],[138.535127,-35.055051]]}},{"type":"Feature","properties":{"tier":"arterial"},"geometry":{"type":"LineString","coordinates":[[138.535282,-35.059621],[138.535213,-35.059469],[138.535208,-35.059259],[138.535201,-35.059215],[138.535182,-35.059174],[138.535146,-35.059129],[138.535098,-35.059092],[138.535061,-35.059068],[138.535015,-35.059047],[138.534937,-35.059022]]}},{"type":"Feature","properties":{"tier":"regional"},"geometry":{"type":"LineString","coordinates":[[138.528375,-35.060081],[138.527577,-35.060277],[138.527023,-35.060412],[138.526832,-35.060471],[138.526751,-35.060509],[138.526676,-35.06055],[138.526581,-35.060621],[138.526531,-35.060665],[138.526487,-35.060711],[138.526447,-35.060759],[138.526409,-35.060826],[138.526375,-35.060896],[138.526354,-35.060958],[138.52634,-35.061026],[138.526331,-35.061197],[138.526341,-35.061356],[138.52633,-35.061487],[138.526248,-35.061684],[138.526149,-35.061806],[138.526066,-35.061887]]}},{"type":"Feature","properties":{"tier":"regional"},"geometry":{"type":"LineString","coordinates":[[138.535248,-35.058979],[138.535149,-35.059013],[138.534937,-35.059022],[138.534803,-35.059028],[138.534688,-35.059008]]}},{"type":"Feature","properties":{"tier":"regional"},"geometry":{"type":"LineString","coordinates":[[138.534955,-35.058963],[138.535152,-35.058952],[138.535248,-35.058979]]}},{"type":"Feature","properties":{"tier":"arterial"},"geometry":{"type":"LineString","coordinates":[[138.535388,-35.058484],[138.535356,-35.058813],[138.535343,-35.058875],[138.53533,-35.058914],[138.535307,-35.058944],[138.535282,-35.058964],[138.535248,-35.058979]]}},{"type":"Feature","properties":{"tier":"arterial"},"geometry":{"type":"LineString","coordinates":[[138.535024,-35.061557],[138.535148,-35.061307],[138.535164,-35.061287],[138.535185,-35.061273],[138.535215,-35.061271],[138.535272,-35.061282]]}},{"type":"Feature","properties":{"tier":"arterial"},"geometry":{"type":"LineString","coordinates":[[138.535053,-35.0541],[138.535021,-35.054324],[138.53502,-35.054378],[138.535014,-35.054402],[138.534997,-35.05442],[138.534971,-35.054424],[138.534948,-35.054422],[138.534895,-35.054384]]}},{"type":"Feature","properties":{"tier":"high"},"geometry":{"type":"LineString","coordinates":[[138.56252,-35.023647],[138.562464,-35.023697]]}},{"type":"Feature","properties":{"tier":"regional"},"geometry":{"type":"LineString","coordinates":[[138.557908,-35.006439],[138.557843,-35.006446],[138.55779,-35.00646],[138.557727,-35.006487],[138.557678,-35.006512],[138.557604,-35.006551]]}},{"type":"Feature","properties":{"tier":"arterial"},"geometry":{"type":"LineString","coordinates":[[138.558252,-35.008982],[138.558285,-35.009447],[138.558306,-35.009768],[138.558338,-35.010262],[138.558354,-35.010504],[138.558362,-35.010636],[138.558379,-35.010829],[138.558479,-35.01202],[138.558548,-35.012831],[138.558594,-35.013378],[138.558596,-35.0134],[138.558626,-35.01378],[138.558632,-35.013865]]}},{"type":"Feature","properties":{"tier":"arterial"},"geometry":{"type":"LineString","coordinates":[[138.540982,-35.018294],[138.540969,-35.01819]]}},{"type":"Feature","properties":{"tier":"arterial"},"geometry":{"type":"LineString","coordinates":[[138.540693,-35.018206],[138.54078,-35.01817],[138.540836,-35.018127],[138.540912,-35.017916]]}},{"type":"Feature","properties":{"tier":"arterial"},"geometry":{"type":"LineString","coordinates":[[138.541004,-35.017912],[138.541116,-35.018104],[138.541199,-35.01817]]}},{"type":"Feature","properties":{"tier":"arterial"},"geometry":{"type":"LineString","coordinates":[[138.541408,-35.01825],[138.541132,-35.018349],[138.541005,-35.018485]]}},{"type":"Feature","properties":{"tier":"arterial"},"geometry":{"type":"LineString","coordinates":[[138.559883,-35.017173],[138.559624,-35.017204],[138.559353,-35.017216],[138.559232,-35.017224],[138.559164,-35.017238],[138.559102,-35.017264],[138.559062,-35.017293],[138.559033,-35.017334],[138.559005,-35.017427]]}},{"type":"Feature","properties":{"tier":"arterial"},"geometry":{"type":"LineString","coordinates":[[138.540303,-35.009229],[138.540277,-35.009341],[138.540231,-35.009428],[138.54017,-35.00951],[138.540099,-35.009589],[138.540087,-35.009612],[138.540056,-35.009672],[138.54005,-35.009727],[138.540058,-35.009883]]}},{"type":"Feature","properties":{"tier":"arterial"},"geometry":{"type":"LineString","coordinates":[[138.542317,-35.035757],[138.542269,-35.035156],[138.542193,-35.034192],[138.54219,-35.03415],[138.542116,-35.033222],[138.54204,-35.032272],[138.541999,-35.031737],[138.541949,-35.031108],[138.541889,-35.030346],[138.541869,-35.030056]]}},{"type":"Feature","properties":{"tier":"arterial"},"geometry":{"type":"LineString","coordinates":[[138.540845,-35.029343],[138.540625,-35.029352],[138.539514,-35.029412],[138.538868,-35.029447],[138.538174,-35.029484],[138.536898,-35.029552],[138.535817,-35.02961],[138.535492,-35.029628],[138.534314,-35.029691],[138.534192,-35.029698],[138.53397,-35.02971],[138.533522,-35.029734],[138.533095,-35.029757],[138.533064,-35.029758],[138.532988,-35.029762]]}},{"type":"Feature","properties":{"tier":"regional"},"geometry":{"type":"LineString","coordinates":[[138.518688,-35.010455],[138.518709,-35.010437],[138.518737,-35.010427],[138.518768,-35.010424],[138.518797,-35.010431],[138.518812,-35.010438],[138.518834,-35.010456],[138.518846,-35.01048],[138.518848,-35.010505],[138.518835,-35.010534],[138.518815,-35.010553],[138.518788,-35.010565],[138.518772,-35.010567],[138.518758,-35.010569],[138.51873,-35.010564],[138.518703,-35.010552],[138.518684,-35.010533],[138.518673,-35.010509],[138.518673,-35.010484],[138.518688,-35.010455]]}},{"type":"Feature","properties":{"tier":"regional"},"geometry":{"type":"LineString","coordinates":[[138.517311,-35.002188],[138.517342,-35.002171],[138.517378,-35.002164],[138.517415,-35.002167],[138.517448,-35.002181],[138.517472,-35.002201],[138.517488,-35.002229],[138.517491,-35.002259],[138.517481,-35.002288],[138.517464,-35.002309],[138.517436,-35.002328],[138.5174,-35.002338],[138.517381,-35.002337],[138.517363,-35.002337],[138.517329,-35.002326],[138.517301,-35.002305],[138.517283,-35.002279],[138.517278,-35.002249],[138.517286,-35.002219],[138.517311,-35.002188]]}},{"type":"Feature","properties":{"tier":"high"},"geometry":{"type":"LineString","coordinates":[[138.562384,-35.022491],[138.562113,-35.022561]]}},{"type":"Feature","properties":{"tier":"high"},"geometry":{"type":"LineString","coordinates":[[138.559649,-35.023479],[138.560186,-35.023127],[138.56058,-35.022919],[138.560987,-35.022743],[138.561219,-35.022657],[138.561507,-35.02256],[138.561821,-35.022461],[138.56206,-35.022402]]}},{"type":"Feature","properties":{"tier":"regional"},"geometry":{"type":"LineString","coordinates":[[138.56252,-35.008147],[138.562456,-35.008135],[138.561338,-35.007935],[138.560508,-35.007792]]}},{"type":"Feature","properties":{"tier":"arterial"},"geometry":{"type":"LineString","coordinates":[[138.541902,-35.029133],[138.542202,-35.029123]]}},{"type":"Feature","properties":{"tier":"arterial"},"geometry":{"type":"LineString","coordinates":[[138.542202,-35.029123],[138.542108,-35.029202],[138.542013,-35.029237],[138.541922,-35.029281]]}},{"type":"Feature","properties":{"tier":"arterial"},"geometry":{"type":"LineString","coordinates":[[138.558529,-35.017203],[138.557737,-35.017235]]}},{"type":"Feature","properties":{"tier":"arterial"},"geometry":{"type":"LineString","coordinates":[[138.560685,-35.017143],[138.560378,-35.017154]]}},{"type":"Feature","properties":{"tier":"arterial"},"geometry":{"type":"LineString","coordinates":[[138.559645,-35.027246],[138.559509,-35.027155]]}},{"type":"Feature","properties":{"tier":"arterial"},"geometry":{"type":"LineString","coordinates":[[138.530794,-35.043763],[138.530769,-35.043602],[138.530771,-35.043515],[138.530784,-35.043477],[138.530814,-35.043453],[138.530855,-35.043453],[138.530909,-35.043492]]}},{"type":"Feature","properties":{"tier":"arterial"},"geometry":{"type":"LineString","coordinates":[[138.540572,-35.011444],[138.540555,-35.011733],[138.54056,-35.011802]]}},{"type":"Feature","properties":{"tier":"arterial"},"geometry":{"type":"LineString","coordinates":[[138.540564,-35.011861],[138.540569,-35.011935],[138.540584,-35.012164]]}},{"type":"Feature","properties":{"tier":"arterial"},"geometry":{"type":"LineString","coordinates":[[138.559468,-35.022882],[138.559395,-35.02298],[138.559379,-35.022996],[138.559366,-35.023005],[138.559352,-35.023012],[138.559337,-35.023017],[138.559323,-35.02302],[138.559307,-35.023021]]}},{"type":"Feature","properties":{"tier":"arterial"},"geometry":{"type":"LineString","coordinates":[[138.543663,-35.017958],[138.543652,-35.017834]]}},{"type":"Feature","properties":{"tier":"arterial"},"geometry":{"type":"LineString","coordinates":[[138.548138,-35.017741],[138.547904,-35.017693],[138.547686,-35.017699],[138.547487,-35.017709],[138.547258,-35.01772],[138.547149,-35.017723]]}},{"type":"Feature","properties":{"tier":"regional"},"geometry":{"type":"LineString","coordinates":[[138.514598,-35.017434],[138.514569,-35.017426],[138.514545,-35.017411],[138.514528,-35.01739],[138.514519,-35.017347],[138.514522,-35.017342],[138.514533,-35.017319],[138.514552,-35.017301],[138.514578,-35.017288],[138.514604,-35.017283],[138.514631,-35.017284],[138.514656,-35.017291],[138.514678,-35.017304],[138.514694,-35.017322],[138.514704,-35.017343],[138.514705,-35.017367],[138.514697,-35.017391],[138.514681,-35.017411],[138.514657,-35.017426],[138.514629,-35.017434],[138.514598,-35.017434]]}},{"type":"Feature","properties":{"tier":"arterial"},"geometry":{"type":"LineString","coordinates":[[138.541445,-35.029284],[138.541683,-35.029161]]}},{"type":"Feature","properties":{"tier":"arterial"},"geometry":{"type":"LineString","coordinates":[[138.548207,-35.016618],[138.548094,-35.016459],[138.547862,-35.016277],[138.547849,-35.016261],[138.547847,-35.016242],[138.547875,-35.01621]]}},{"type":"Feature","properties":{"tier":"arterial"},"geometry":{"type":"LineString","coordinates":[[138.557903,-35.006377],[138.557899,-35.006327],[138.557899,-35.006316],[138.557894,-35.006259]]}},{"type":"Feature","properties":{"tier":"arterial"},"geometry":{"type":"LineString","coordinates":[[138.558117,-35.007373],[138.558133,-35.007523],[138.558141,-35.007598]]}},{"type":"Feature","properties":{"tier":"arterial"},"geometry":{"type":"LineString","coordinates":[[138.549134,-35.017341],[138.548207,-35.016618]]}},{"type":"Feature","properties":{"tier":"arterial"},"geometry":{"type":"LineString","coordinates":[[138.547875,-35.01621],[138.548528,-35.016716],[138.548564,-35.016743],[138.548856,-35.016961],[138.549127,-35.017164]]}},{"type":"Feature","properties":{"tier":"arterial"},"geometry":{"type":"LineString","coordinates":[[138.549584,-35.01756],[138.549671,-35.017676]]}},{"type":"Feature","properties":{"tier":"arterial"},"geometry":{"type":"LineString","coordinates":[[138.549671,-35.017676],[138.549691,-35.017721],[138.549791,-35.017944],[138.549848,-35.018069],[138.549914,-35.018735],[138.549918,-35.018773]]}},{"type":"Feature","properties":{"tier":"arterial"},"geometry":{"type":"LineString","coordinates":[[138.546814,-35.017681],[138.54687,-35.017678],[138.547054,-35.017669]]}},{"type":"Feature","properties":{"tier":"high"},"geometry":{"type":"LineString","coordinates":[[138.559043,-35.024534],[138.558758,-35.024773],[138.558642,-35.024885],[138.558516,-35.025011],[138.55843,-35.025101],[138.55835,-35.025186],[138.558275,-35.025268],[138.558184,-35.025369],[138.558079,-35.025489],[138.557985,-35.025608],[138.557883,-35.025738],[138.557779,-35.025869],[138.557677,-35.026017],[138.557588,-35.026159],[138.557492,-35.026306],[138.557384,-35.026476],[138.557256,-35.026686],[138.557001,-35.027077]]}},{"type":"Feature","properties":{"tier":"high"},"geometry":{"type":"LineString","coordinates":[[138.559515,-35.023877],[138.559474,-35.024031],[138.559458,-35.024091],[138.559435,-35.024147],[138.559401,-35.024198],[138.559337,-35.024257]]}},{"type":"Feature","properties":{"tier":"high"},"geometry":{"type":"LineString","coordinates":[[138.545095,-35.06252],[138.545044,-35.059774],[138.545135,-35.058676],[138.545197,-35.058266],[138.545407,-35.057183],[138.545647,-35.056109],[138.545755,-35.055556],[138.545952,-35.054733]]}},{"type":"Feature","properties":{"tier":"high"},"geometry":{"type":"LineString","coordinates":[[138.559165,-35.02383],[138.559212,-35.023789],[138.559309,-35.023715],[138.559433,-35.023622],[138.559649,-35.023479]]}},{"type":"Feature","properties":{"tier":"high"},"geometry":{"type":"LineString","coordinates":[[138.556295,-35.027883],[138.556523,-35.027343],[138.556642,-35.027091],[138.556794,-35.026809],[138.556958,-35.026457],[138.557137,-35.026086],[138.557298,-35.025789],[138.557473,-35.025495],[138.557597,-35.025304],[138.557729,-35.025114],[138.557866,-35.024927],[138.558083,-35.024653],[138.558384,-35.024285],[138.558636,-35.024028],[138.559189,-35.023558],[138.559206,-35.023544],[138.559325,-35.02345]]}},{"type":"Feature","properties":{"tier":"arterial"},"geometry":{"type":"LineString","coordinates":[[138.555653,-35.028008],[138.555897,-35.028276]]}},{"type":"Feature","properties":{"tier":"arterial"},"geometry":{"type":"LineString","coordinates":[[138.556412,-35.028416],[138.555879,-35.028431]]}},{"type":"Feature","properties":{"tier":"arterial"},"geometry":{"type":"LineString","coordinates":[[138.555931,-35.02834],[138.556462,-35.028324]]}},{"type":"Feature","properties":{"tier":"arterial"},"geometry":{"type":"LineString","coordinates":[[138.556462,-35.028324],[138.556663,-35.028317],[138.557084,-35.0283]]}},{"type":"Feature","properties":{"tier":"arterial"},"geometry":{"type":"LineString","coordinates":[[138.540441,-35.011831],[138.54056,-35.011802]]}},{"type":"Feature","properties":{"tier":"arterial"},"geometry":{"type":"LineString","coordinates":[[138.541775,-35.012061],[138.542217,-35.012188],[138.542549,-35.012318],[138.542841,-35.01245],[138.542912,-35.012489],[138.543236,-35.01267],[138.543587,-35.012936]]}},{"type":"Feature","properties":{"tier":"arterial"},"geometry":{"type":"LineString","coordinates":[[138.539108,-35.008944],[138.538872,-35.008612],[138.538604,-35.008234],[138.53811,-35.007539]]}},{"type":"Feature","properties":{"tier":"arterial"},"geometry":{"type":"LineString","coordinates":[[138.540441,-35.011831],[138.540433,-35.011737],[138.540384,-35.011139],[138.540364,-35.010964],[138.540339,-35.010824]]}},{"type":"Feature","properties":{"tier":"arterial"},"geometry":{"type":"LineString","coordinates":[[138.540058,-35.009883],[138.540215,-35.010124]]}},{"type":"Feature","properties":{"tier":"arterial"},"geometry":{"type":"LineString","coordinates":[[138.540131,-35.007336],[138.540138,-35.007429],[138.540145,-35.007533],[138.54016,-35.007761],[138.54018,-35.008054],[138.540204,-35.008421],[138.540213,-35.008552],[138.540243,-35.008927]]}},{"type":"Feature","properties":{"tier":"regional"},"geometry":{"type":"LineString","coordinates":[[138.524414,-35.009862],[138.5234,-35.009921],[138.522538,-35.00997],[138.522489,-35.009973]]}},{"type":"Feature","properties":{"tier":"arterial"},"geometry":{"type":"LineString","coordinates":[[138.54552,-35.017744],[138.545833,-35.017728],[138.546814,-35.017681]]}},{"type":"Feature","properties":{"tier":"arterial"},"geometry":{"type":"LineString","coordinates":[[138.546366,-35.01782],[138.545885,-35.017844],[138.544975,-35.01789]]}},{"type":"Feature","properties":{"tier":"arterial"},"geometry":{"type":"LineString","coordinates":[[138.548138,-35.017741],[138.546846,-35.017796],[138.546366,-35.01782]]}},{"type":"Feature","properties":{"tier":"regional"},"geometry":{"type":"LineString","coordinates":[[138.560508,-35.007792],[138.559227,-35.007572],[138.559048,-35.007561],[138.558805,-35.007569],[138.558576,-35.007575]]}},{"type":"Feature","properties":{"tier":"regional"},"geometry":{"type":"LineString","coordinates":[[138.518717,-35.017128],[138.518908,-35.017123],[138.518972,-35.017119],[138.519018,-35.017116],[138.51908,-35.017113],[138.519274,-35.017102],[138.519469,-35.017092],[138.520367,-35.017045],[138.520526,-35.017037]]}},{"type":"Feature","properties":{"tier":"regional"},"geometry":{"type":"LineString","coordinates":[[138.5195,-35.022824],[138.519478,-35.022773],[138.519347,-35.022478],[138.51882,-35.021205],[138.518767,-35.021077],[138.518683,-35.020869],[138.518677,-35.020843],[138.518673,-35.020814],[138.51862,-35.020432],[138.518565,-35.020098],[138.51856,-35.020068],[138.518558,-35.020048],[138.518529,-35.019799],[138.518506,-35.019355],[138.518505,-35.019343],[138.518502,-35.019306],[138.518476,-35.018797],[138.518544,-35.017992],[138.518573,-35.017656],[138.518594,-35.01747],[138.518606,-35.017364],[138.518633,-35.017284],[138.518666,-35.01721],[138.51868,-35.017179],[138.518717,-35.017128]]}},{"type":"Feature","properties":{"tier":"regional"},"geometry":{"type":"LineString","coordinates":[[138.531438,-35.009503],[138.531998,-35.009473],[138.532601,-35.009441],[138.533309,-35.009402],[138.533606,-35.009386],[138.534626,-35.009332],[138.534773,-35.009324],[138.535942,-35.009261],[138.53643,-35.009234],[138.537207,-35.009192],[138.537254,-35.00919],[138.537862,-35.009157],[138.538568,-35.009119],[138.539111,-35.00909],[138.539208,-35.009085]]}},{"type":"Feature","properties":{"tier":"regional"},"geometry":{"type":"LineString","coordinates":[[138.522445,-35.039825],[138.522189,-35.039838],[138.522152,-35.03984],[138.520572,-35.039934]]}},{"type":"Feature","properties":{"tier":"regional"},"geometry":{"type":"LineString","coordinates":[[138.530473,-35.009549],[138.531438,-35.009503]]}},{"type":"Feature","properties":{"tier":"regional"},"geometry":{"type":"LineString","coordinates":[[138.510972,-35.04719],[138.511448,-35.046968],[138.511573,-35.046898],[138.511753,-35.046756],[138.511804,-35.046711],[138.511863,-35.046649],[138.51191,-35.046592],[138.511968,-35.046519],[138.512031,-35.046427],[138.512114,-35.046262],[138.512159,-35.046086],[138.512181,-35.045971],[138.512187,-35.045867],[138.512149,-35.045339],[138.512144,-35.045267]]}},{"type":"Feature","properties":{"tier":"regional"},"geometry":{"type":"LineString","coordinates":[[138.522445,-35.039825],[138.522444,-35.039805],[138.522452,-35.039785],[138.522468,-35.039769],[138.52249,-35.039759],[138.522513,-35.039755],[138.522538,-35.039758],[138.52256,-35.039768],[138.522577,-35.039783],[138.522587,-35.03981]]}},{"type":"Feature","properties":{"tier":"arterial"},"geometry":{"type":"LineString","coordinates":[[138.523177,-35.019385],[138.523205,-35.019661],[138.523252,-35.020125],[138.523256,-35.020165],[138.523306,-35.020837],[138.523318,-35.02101],[138.523345,-35.021299],[138.523369,-35.021659],[138.523376,-35.021773],[138.523435,-35.02248],[138.523437,-35.0225],[138.523447,-35.022622]]}},{"type":"Feature","properties":{"tier":"arterial"},"geometry":{"type":"LineString","coordinates":[[138.523306,-35.02263],[138.523296,-35.022506],[138.523239,-35.021779],[138.523227,-35.021635],[138.52321,-35.021448],[138.523197,-35.021302],[138.523183,-35.021017],[138.523171,-35.020844],[138.52312,-35.020172],[138.523058,-35.019286],[138.523058,-35.019262],[138.523057,-35.019239]]}},{"type":"Feature","properties":{"tier":"arterial"},"geometry":{"type":"LineString","coordinates":[[138.535127,-35.055051],[138.53518,-35.055733],[138.535282,-35.057085],[138.535319,-35.057572],[138.535388,-35.058484]]}},{"type":"Feature","properties":{"tier":"regional"},"geometry":{"type":"LineString","coordinates":[[138.526066,-35.061887],[138.525967,-35.061954],[138.525851,-35.062013],[138.52571,-35.06206],[138.525555,-35.062084],[138.525027,-35.062121],[138.519713,-35.062369],[138.517045,-35.06252]]}},{"type":"Feature","properties":{"tier":"arterial"},"geometry":{"type":"LineString","coordinates":[[138.535199,-35.058376],[138.535094,-35.057095],[138.53503,-35.056319],[138.535012,-35.05603],[138.534953,-35.055104]]}},{"type":"Feature","properties":{"tier":"regional"},"geometry":{"type":"LineString","coordinates":[[138.534688,-35.059008],[138.5348,-35.058972],[138.534955,-35.058963]]}},{"type":"Feature","properties":{"tier":"regional"},"geometry":{"type":"LineString","coordinates":[[138.544429,-35.038011],[138.544605,-35.038131]]}},{"type":"Feature","properties":{"tier":"arterial"},"geometry":{"type":"LineString","coordinates":[[138.542537,-35.038653],[138.542518,-35.038394],[138.542471,-35.037785],[138.542463,-35.03768],[138.542432,-35.037273],[138.542424,-35.037164],[138.542358,-35.036297],[138.542317,-35.035757]]}},{"type":"Feature","properties":{"tier":"regional"},"geometry":{"type":"LineString","coordinates":[[138.542645,-35.03999],[138.54264,-35.040068],[138.542572,-35.041369],[138.542564,-35.041481],[138.542482,-35.043559],[138.542464,-35.043733]]}},{"type":"Feature","properties":{"tier":"arterial"},"geometry":{"type":"LineString","coordinates":[[138.559582,-35.025682],[138.559591,-35.025903]]}},{"type":"Feature","properties":{"tier":"high"},"geometry":{"type":"LineString","coordinates":[[138.56206,-35.022402],[138.562343,-35.022333]]}},{"type":"Feature","properties":{"tier":"high"},"geometry":{"type":"LineString","coordinates":[[138.546383,-35.05397],[138.545924,-35.056105],[138.54568,-35.057222],[138.545453,-35.058329],[138.545392,-35.05871],[138.54534,-35.059099],[138.54528,-35.059777],[138.54525,-35.060297],[138.545253,-35.060823],[138.545257,-35.061061],[138.545301,-35.06252]]}},{"type":"Feature","properties":{"tier":"high"},"geometry":{"type":"LineString","coordinates":[[138.547765,-35.048972],[138.548174,-35.048389],[138.548426,-35.048068],[138.553364,-35.042949],[138.556226,-35.039914],[138.556529,-35.039552],[138.556806,-35.039177],[138.556968,-35.038894],[138.557139,-35.038527],[138.557346,-35.037886],[138.557419,-35.037339],[138.55739,-35.036575],[138.557306,-35.036112],[138.5572,-35.035745],[138.557069,-35.035415],[138.556725,-35.034815],[138.556072,-35.033997],[138.555656,-35.033519],[138.555498,-35.0333],[138.55537,-35.033064],[138.55525,-35.032826],[138.555149,-35.032587],[138.555067,-35.032325],[138.55499,-35.032022],[138.554949,-35.031757],[138.554919,-35.031405],[138.554934,-35.031086],[138.554985,-35.030772],[138.555031,-35.030542],[138.555115,-35.030263],[138.555196,-35.030037],[138.555337,-35.029732],[138.555499,-35.029427],[138.555536,-35.029358],[138.55571,-35.029035],[138.555918,-35.028643],[138.556181,-35.028151],[138.556295,-35.027883]]}},{"type":"Feature","properties":{"tier":"high"},"geometry":{"type":"LineString","coordinates":[[138.545952,-35.054733],[138.54614,-35.053929]]}},{"type":"Feature","properties":{"tier":"arterial"},"geometry":{"type":"LineString","coordinates":[[138.530368,-35.042499],[138.530171,-35.041939],[138.530084,-35.041728],[138.529953,-35.041513],[138.529829,-35.041359],[138.529632,-35.041188],[138.529435,-35.04105],[138.529235,-35.040931],[138.529009,-35.040838],[138.528729,-35.040748],[138.528376,-35.040652],[138.527589,-35.040472],[138.527262,-35.040382],[138.526982,-35.040274],[138.526946,-35.040261],[138.526675,-35.040151],[138.526419,-35.039993],[138.526354,-35.039952],[138.525968,-35.039653],[138.525888,-35.039574]]}},{"type":"Feature","properties":{"tier":"high"},"geometry":{"type":"LineString","coordinates":[[138.557693,-35.028324],[138.557195,-35.029182],[138.556947,-35.029636],[138.556784,-35.029934],[138.556251,-35.030796]]}},{"type":"Feature","properties":{"tier":"arterial"},"geometry":{"type":"LineString","coordinates":[[138.55064,-35.028624],[138.550413,-35.028636],[138.549147,-35.028703],[138.548973,-35.028712],[138.547871,-35.028772],[138.546309,-35.028867],[138.546291,-35.028867],[138.546196,-35.028871],[138.546104,-35.028874],[138.545975,-35.028881],[138.545314,-35.02892],[138.544086,-35.028987],[138.543879,-35.028997],[138.542671,-35.029055],[138.54228,-35.029102],[138.542202,-35.029123]]}},{"type":"Feature","properties":{"tier":"regional"},"geometry":{"type":"LineString","coordinates":[[138.55024,-35.021915],[138.550229,-35.02249],[138.550222,-35.022575],[138.550177,-35.022666]]}},{"type":"Feature","properties":{"tier":"arterial"},"geometry":{"type":"LineString","coordinates":[[138.549523,-35.017681],[138.549435,-35.017564]]}},{"type":"Feature","properties":{"tier":"arterial"},"geometry":{"type":"LineString","coordinates":[[138.557084,-35.0283],[138.557112,-35.028303],[138.557269,-35.028304],[138.557318,-35.028305],[138.557362,-35.028304],[138.557494,-35.028307]]}},{"type":"Feature","properties":{"tier":"high"},"geometry":{"type":"LineString","coordinates":[[138.558086,-35.02732],[138.558159,-35.027199],[138.558341,-35.026895],[138.558537,-35.026585],[138.558649,-35.026462],[138.558711,-35.026407],[138.559009,-35.026127]]}},{"type":"Feature","properties":{"tier":"arterial"},"geometry":{"type":"LineString","coordinates":[[138.54984,-35.017552],[138.552044,-35.017428],[138.552237,-35.017417],[138.552561,-35.017399],[138.552991,-35.017383]]}},{"type":"Feature","properties":{"tier":"arterial"},"geometry":{"type":"LineString","coordinates":[[138.552325,-35.024355],[138.551609,-35.023505],[138.551465,-35.023332],[138.551184,-35.022972],[138.551086,-35.022864],[138.550791,-35.022539]]}},{"type":"Feature","properties":{"tier":"arterial"},"geometry":{"type":"LineString","coordinates":[[138.56252,-35.017054],[138.562499,-35.017055]]}},{"type":"Feature","properties":{"tier":"arterial"},"geometry":{"type":"LineString","coordinates":[[138.540912,-35.017916],[138.540897,-35.017702],[138.540812,-35.016514],[138.540768,-35.015945]]}},{"type":"Feature","properties":{"tier":"arterial"},"geometry":{"type":"LineString","coordinates":[[138.540768,-35.015945],[138.540765,-35.015905],[138.540758,-35.015825]]}},{"type":"Feature","properties":{"tier":"arterial"},"geometry":{"type":"LineString","coordinates":[[138.541004,-35.017912],[138.540979,-35.01811],[138.540976,-35.018135],[138.540969,-35.01819]]}},{"type":"Feature","properties":{"tier":"arterial"},"geometry":{"type":"LineString","coordinates":[[138.560018,-35.05488],[138.560418,-35.054864],[138.560527,-35.05486]]}},{"type":"Feature","properties":{"tier":"arterial"},"geometry":{"type":"LineString","coordinates":[[138.559478,-35.060594],[138.559552,-35.060639],[138.559699,-35.060746],[138.559797,-35.060839],[138.559886,-35.060944],[138.559973,-35.061079]]}},{"type":"Feature","properties":{"tier":"arterial"},"geometry":{"type":"LineString","coordinates":[[138.534652,-35.06252],[138.534738,-35.06234],[138.53485,-35.062058],[138.53495,-35.06179],[138.535024,-35.061557],[138.535105,-35.061228],[138.535181,-35.060874],[138.535234,-35.060507],[138.535268,-35.060123],[138.535286,-35.059756],[138.535282,-35.059621]]}},{"type":"Feature","properties":{"tier":"arterial"},"geometry":{"type":"LineString","coordinates":[[138.521726,-34.99998],[138.521734,-35.000086],[138.521738,-35.000124]]}},{"type":"Feature","properties":{"tier":"arterial"},"geometry":{"type":"LineString","coordinates":[[138.545151,-35.014124],[138.545402,-35.014319],[138.545824,-35.014651],[138.546377,-35.015066],[138.54652,-35.015174],[138.54725,-35.015738],[138.547759,-35.016123],[138.547875,-35.01621]]}},{"type":"Feature","properties":{"tier":"arterial"},"geometry":{"type":"LineString","coordinates":[[138.545071,-35.014061],[138.545151,-35.014124]]}},{"type":"Feature","properties":{"tier":"arterial"},"geometry":{"type":"LineString","coordinates":[[138.545056,-35.014202],[138.544979,-35.014142]]}},{"type":"Feature","properties":{"tier":"arterial"},"geometry":{"type":"LineString","coordinates":[[138.548207,-35.016618],[138.547967,-35.016432],[138.547713,-35.016242],[138.54674,-35.015519],[138.546311,-35.015183],[138.545389,-35.014462],[138.545088,-35.014227],[138.545056,-35.014202]]}},{"type":"Feature","properties":{"tier":"arterial"},"geometry":{"type":"LineString","coordinates":[[138.541732,-35.012145],[138.540864,-35.011934]]}},{"type":"Feature","properties":{"tier":"regional"},"geometry":{"type":"LineString","coordinates":[[138.541775,-35.012061],[138.541732,-35.012145]]}},{"type":"Feature","properties":{"tier":"arterial"},"geometry":{"type":"LineString","coordinates":[[138.540924,-35.011846],[138.541775,-35.012061]]}},{"type":"Feature","properties":{"tier":"arterial"},"geometry":{"type":"LineString","coordinates":[[138.540622,-35.013161],[138.540653,-35.013686]]}},{"type":"Feature","properties":{"tier":"arterial"},"geometry":{"type":"LineString","coordinates":[[138.540537,-35.013166],[138.540535,-35.01313],[138.54051,-35.012669]]}},{"type":"Feature","properties":{"tier":"arterial"},"geometry":{"type":"LineString","coordinates":[[138.540615,-35.012663],[138.54062,-35.012983],[138.540622,-35.013161]]}},{"type":"Feature","properties":{"tier":"arterial"},"geometry":{"type":"LineString","coordinates":[[138.540583,-35.01369],[138.540565,-35.013484],[138.540537,-35.013166]]}},{"type":"Feature","properties":{"tier":"regional"},"geometry":{"type":"LineString","coordinates":[[138.539208,-35.009085],[138.539328,-35.009029]]}},{"type":"Feature","properties":{"tier":"arterial"},"geometry":{"type":"LineString","coordinates":[[138.539328,-35.009029],[138.539479,-35.009205],[138.539481,-35.009206],[138.539768,-35.00954]]}},{"type":"Feature","properties":{"tier":"arterial"},"geometry":{"type":"LineString","coordinates":[[138.537582,-35.006816],[138.537448,-35.006628]]}},{"type":"Feature","properties":{"tier":"arterial"},"geometry":{"type":"LineString","coordinates":[[138.537571,-35.00656],[138.537704,-35.006754]]}},{"type":"Feature","properties":{"tier":"arterial"},"geometry":{"type":"LineString","coordinates":[[138.538227,-35.007472],[138.538358,-35.007657],[138.538802,-35.008282],[138.538878,-35.008392],[138.539017,-35.008588],[138.539209,-35.00886],[138.539228,-35.008887]]}},{"type":"Feature","properties":{"tier":"arterial"},"geometry":{"type":"LineString","coordinates":[[138.537704,-35.006754],[138.5379,-35.007022],[138.538023,-35.00719],[138.538153,-35.007367]]}},{"type":"Feature","properties":{"tier":"arterial"},"geometry":{"type":"LineString","coordinates":[[138.538028,-35.007433],[138.537582,-35.006816]]}},{"type":"Feature","properties":{"tier":"arterial"},"geometry":{"type":"LineString","coordinates":[[138.53811,-35.007539],[138.538028,-35.007433]]}},{"type":"Feature","properties":{"tier":"arterial"},"geometry":{"type":"LineString","coordinates":[[138.537182,-35.006038],[138.537229,-35.006101],[138.537316,-35.006218],[138.537571,-35.00656]]}},{"type":"Feature","properties":{"tier":"arterial"},"geometry":{"type":"LineString","coordinates":[[138.537448,-35.006628],[138.537202,-35.006291],[138.53706,-35.006097]]}},{"type":"Feature","properties":{"tier":"arterial"},"geometry":{"type":"LineString","coordinates":[[138.535767,-35.004052],[138.535816,-35.004121],[138.535968,-35.004334],[138.536061,-35.004466]]}},{"type":"Feature","properties":{"tier":"arterial"},"geometry":{"type":"LineString","coordinates":[[138.535985,-35.004542],[138.535677,-35.004102]]}},{"type":"Feature","properties":{"tier":"arterial"},"geometry":{"type":"LineString","coordinates":[[138.536061,-35.004466],[138.53646,-35.005026],[138.536488,-35.005065],[138.537029,-35.005824],[138.537182,-35.006038]]}},{"type":"Feature","properties":{"tier":"arterial"},"geometry":{"type":"LineString","coordinates":[[138.53706,-35.006097],[138.536341,-35.005079],[138.535985,-35.004542]]}},{"type":"Feature","properties":{"tier":"arterial"},"geometry":{"type":"LineString","coordinates":[[138.53447,-35.002408],[138.534119,-35.001919]]}},{"type":"Feature","properties":{"tier":"arterial"},"geometry":{"type":"LineString","coordinates":[[138.534961,-35.003093],[138.534744,-35.002776],[138.53447,-35.002408]]}},{"type":"Feature","properties":{"tier":"arterial"},"geometry":{"type":"LineString","coordinates":[[138.534558,-35.002364],[138.534702,-35.002571],[138.535053,-35.003043]]}},{"type":"Feature","properties":{"tier":"arterial"},"geometry":{"type":"LineString","coordinates":[[138.534219,-35.001866],[138.534558,-35.002364]]}},{"type":"Feature","properties":{"tier":"arterial"},"geometry":{"type":"LineString","coordinates":[[138.534119,-35.001919],[138.533807,-35.001502]]}},{"type":"Feature","properties":{"tier":"arterial"},"geometry":{"type":"LineString","coordinates":[[138.533913,-35.001457],[138.534219,-35.001866]]}},{"type":"Feature","properties":{"tier":"arterial"},"geometry":{"type":"LineString","coordinates":[[138.53353,-35.001129],[138.533329,-35.000843],[138.533044,-35.000437],[138.532969,-35.000331]]}},{"type":"Feature","properties":{"tier":"arterial"},"geometry":{"type":"LineString","coordinates":[[138.533807,-35.001502],[138.53353,-35.001129]]}},{"type":"Feature","properties":{"tier":"arterial"},"geometry":{"type":"LineString","coordinates":[[138.533646,-35.00107],[138.533913,-35.001457]]}},{"type":"Feature","properties":{"tier":"arterial"},"geometry":{"type":"LineString","coordinates":[[138.533073,-35.000278],[138.533445,-35.000791],[138.533646,-35.00107]]}},{"type":"Feature","properties":{"tier":"arterial"},"geometry":{"type":"LineString","coordinates":[[138.533699,-35.018692],[138.53262,-35.018749],[138.532593,-35.018752],[138.532025,-35.018778]]}},{"type":"Feature","properties":{"tier":"arterial"},"geometry":{"type":"LineString","coordinates":[[138.532019,-35.01867],[138.532588,-35.018638],[138.532612,-35.018637],[138.53369,-35.018583]]}},{"type":"Feature","properties":{"tier":"arterial"},"geometry":{"type":"LineString","coordinates":[[138.534789,-35.018528],[138.535743,-35.018478],[138.53593,-35.018469]]}},{"type":"Feature","properties":{"tier":"arterial"},"geometry":{"type":"LineString","coordinates":[[138.536944,-35.018527],[138.535941,-35.018585]]}},{"type":"Feature","properties":{"tier":"arterial"},"geometry":{"type":"LineString","coordinates":[[138.55024,-35.021915],[138.550159,-35.021771],[138.550113,-35.021673],[138.550073,-35.021571],[138.550045,-35.021508]]}},{"type":"Feature","properties":{"tier":"arterial"},"geometry":{"type":"LineString","coordinates":[[138.549435,-35.017564],[138.549347,-35.017505],[138.549134,-35.017341]]}},{"type":"Feature","properties":{"tier":"arterial"},"geometry":{"type":"LineString","coordinates":[[138.535941,-35.018585],[138.535857,-35.018589],[138.535771,-35.018593],[138.535502,-35.018606],[138.535107,-35.018626],[138.534801,-35.018641]]}},{"type":"Feature","properties":{"tier":"arterial"},"geometry":{"type":"LineString","coordinates":[[138.53593,-35.018469],[138.536937,-35.018412]]}},{"type":"Feature","properties":{"tier":"arterial"},"geometry":{"type":"LineString","coordinates":[[138.534801,-35.018641],[138.534699,-35.018645],[138.533699,-35.018692]]}},{"type":"Feature","properties":{"tier":"arterial"},"geometry":{"type":"LineString","coordinates":[[138.53369,-35.018583],[138.534789,-35.018528]]}},{"type":"Feature","properties":{"tier":"arterial"},"geometry":{"type":"LineString","coordinates":[[138.56252,-35.032646],[138.562417,-35.032566],[138.562158,-35.03238],[138.561961,-35.0322],[138.561648,-35.031851],[138.560525,-35.03059],[138.560104,-35.030111],[138.559931,-35.029847],[138.559813,-35.029573],[138.559759,-35.029448],[138.559688,-35.029142],[138.559666,-35.028857],[138.559653,-35.028679],[138.559649,-35.028631],[138.559606,-35.028035],[138.559537,-35.027752],[138.559518,-35.027351],[138.559509,-35.027155]]}},{"type":"Feature","properties":{"tier":"arterial"},"geometry":{"type":"LineString","coordinates":[[138.559645,-35.027246],[138.559724,-35.027965],[138.559791,-35.02876],[138.559818,-35.029132],[138.559927,-35.029538],[138.56016,-35.029967],[138.560373,-35.030265],[138.561873,-35.03195],[138.562121,-35.0322],[138.562439,-35.03245],[138.56252,-35.03251]]}},{"type":"Feature","properties":{"tier":"arterial"},"geometry":{"type":"LineString","coordinates":[[138.535122,-35.054972],[138.535127,-35.055051]]}},{"type":"Feature","properties":{"tier":"arterial"},"geometry":{"type":"LineString","coordinates":[[138.534943,-35.054998],[138.535122,-35.054972]]}},{"type":"Feature","properties":{"tier":"arterial"},"geometry":{"type":"LineString","coordinates":[[138.534953,-35.055104],[138.534943,-35.054998]]}},{"type":"Feature","properties":{"tier":"arterial"},"geometry":{"type":"LineString","coordinates":[[138.535127,-35.055051],[138.534943,-35.054998]]}},{"type":"Feature","properties":{"tier":"high"},"geometry":{"type":"LineString","coordinates":[[138.559478,-35.060594],[138.559246,-35.060902]]}},{"type":"Feature","properties":{"tier":"high"},"geometry":{"type":"LineString","coordinates":[[138.559312,-35.060421],[138.559403,-35.060262],[138.559514,-35.060036],[138.559722,-35.059453],[138.559777,-35.059173],[138.559802,-35.058925],[138.559829,-35.058661],[138.559831,-35.058391],[138.55982,-35.058144]]}},{"type":"Feature","properties":{"tier":"arterial"},"geometry":{"type":"LineString","coordinates":[[138.521608,-35.000132],[138.521604,-35.000093],[138.521594,-34.99998]]}},{"type":"Feature","properties":{"tier":"arterial"},"geometry":{"type":"LineString","coordinates":[[138.521681,-35.001192],[138.521608,-35.000132]]}},{"type":"Feature","properties":{"tier":"arterial"},"geometry":{"type":"LineString","coordinates":[[138.521705,-35.001454],[138.521681,-35.001192]]}},{"type":"Feature","properties":{"tier":"arterial"},"geometry":{"type":"LineString","coordinates":[[138.521823,-35.001183],[138.521847,-35.001445]]}},{"type":"Feature","properties":{"tier":"arterial"},"geometry":{"type":"LineString","coordinates":[[138.521738,-35.000124],[138.521823,-35.001183]]}},{"type":"Feature","properties":{"tier":"arterial"},"geometry":{"type":"LineString","coordinates":[[138.521847,-35.001445],[138.521903,-35.002145]]}},{"type":"Feature","properties":{"tier":"arterial"},"geometry":{"type":"LineString","coordinates":[[138.521774,-35.002153],[138.521705,-35.001454]]}},{"type":"Feature","properties":{"tier":"arterial"},"geometry":{"type":"LineString","coordinates":[[138.5219,-35.003946],[138.521879,-35.003513]]}},{"type":"Feature","properties":{"tier":"arterial"},"geometry":{"type":"LineString","coordinates":[[138.521935,-35.004432],[138.5219,-35.003946]]}},{"type":"Feature","properties":{"tier":"arterial"},"geometry":{"type":"LineString","coordinates":[[138.522046,-35.00394],[138.522081,-35.004425]]}},{"type":"Feature","properties":{"tier":"arterial"},"geometry":{"type":"LineString","coordinates":[[138.522015,-35.003508],[138.522046,-35.00394]]}},{"type":"Feature","properties":{"tier":"arterial"},"geometry":{"type":"LineString","coordinates":[[138.522081,-35.004425],[138.522118,-35.005186]]}},{"type":"Feature","properties":{"tier":"arterial"},"geometry":{"type":"LineString","coordinates":[[138.521903,-35.002145],[138.521987,-35.003168],[138.522015,-35.003508]]}},{"type":"Feature","properties":{"tier":"arterial"},"geometry":{"type":"LineString","coordinates":[[138.521879,-35.003513],[138.52187,-35.003394],[138.521788,-35.002338],[138.521774,-35.002153]]}},{"type":"Feature","properties":{"tier":"arterial"},"geometry":{"type":"LineString","coordinates":[[138.521981,-35.005192],[138.521935,-35.004432]]}},{"type":"Feature","properties":{"tier":"arterial"},"geometry":{"type":"LineString","coordinates":[[138.522324,-35.007864],[138.522341,-35.008085]]}},{"type":"Feature","properties":{"tier":"arterial"},"geometry":{"type":"LineString","coordinates":[[138.52222,-35.008448],[138.522173,-35.007872]]}},{"type":"Feature","properties":{"tier":"arterial"},"geometry":{"type":"LineString","coordinates":[[138.522391,-35.008738],[138.522432,-35.00933]]}},{"type":"Feature","properties":{"tier":"arterial"},"geometry":{"type":"LineString","coordinates":[[138.522299,-35.009335],[138.522244,-35.008743]]}},{"type":"Feature","properties":{"tier":"regional"},"geometry":{"type":"LineString","coordinates":[[138.522489,-35.009973],[138.522348,-35.009979]]}},{"type":"Feature","properties":{"tier":"arterial"},"geometry":{"type":"LineString","coordinates":[[138.522489,-35.009973],[138.522507,-35.010285]]}},{"type":"Feature","properties":{"tier":"arterial"},"geometry":{"type":"LineString","coordinates":[[138.522432,-35.00933],[138.522489,-35.009973]]}},{"type":"Feature","properties":{"tier":"arterial"},"geometry":{"type":"LineString","coordinates":[[138.522348,-35.009979],[138.522299,-35.009335]]}},{"type":"Feature","properties":{"tier":"arterial"},"geometry":{"type":"LineString","coordinates":[[138.522373,-35.010292],[138.522348,-35.009979]]}},{"type":"Feature","properties":{"tier":"regional"},"geometry":{"type":"LineString","coordinates":[[138.522373,-35.010292],[138.522507,-35.010285]]}},{"type":"Feature","properties":{"tier":"arterial"},"geometry":{"type":"LineString","coordinates":[[138.522532,-35.010738],[138.522594,-35.011511],[138.522641,-35.012088],[138.52266,-35.012324],[138.522661,-35.012338]]}},{"type":"Feature","properties":{"tier":"arterial"},"geometry":{"type":"LineString","coordinates":[[138.522507,-35.010285],[138.522532,-35.010738]]}},{"type":"Feature","properties":{"tier":"arterial"},"geometry":{"type":"LineString","coordinates":[[138.522402,-35.010744],[138.522373,-35.010292]]}},{"type":"Feature","properties":{"tier":"arterial"},"geometry":{"type":"LineString","coordinates":[[138.522534,-35.012439],[138.522529,-35.012347],[138.522455,-35.011382],[138.522402,-35.010744]]}},{"type":"Feature","properties":{"tier":"arterial"},"geometry":{"type":"LineString","coordinates":[[138.522673,-35.012499],[138.522677,-35.012554]]}},{"type":"Feature","properties":{"tier":"arterial"},"geometry":{"type":"LineString","coordinates":[[138.52254,-35.012552],[138.522534,-35.012439]]}},{"type":"Feature","properties":{"tier":"arterial"},"geometry":{"type":"LineString","coordinates":[[138.522543,-35.012604],[138.52254,-35.012552]]}},{"type":"Feature","properties":{"tier":"arterial"},"geometry":{"type":"LineString","coordinates":[[138.522677,-35.012554],[138.522688,-35.012697]]}},{"type":"Feature","properties":{"tier":"arterial"},"geometry":{"type":"LineString","coordinates":[[138.522691,-35.012782],[138.522717,-35.013107],[138.522741,-35.013407],[138.522761,-35.013642],[138.522787,-35.014011],[138.5228,-35.014209],[138.522863,-35.015073]]}},{"type":"Feature","properties":{"tier":"arterial"},"geometry":{"type":"LineString","coordinates":[[138.522688,-35.012697],[138.522691,-35.012782]]}},{"type":"Feature","properties":{"tier":"arterial"},"geometry":{"type":"LineString","coordinates":[[138.522893,-35.015504],[138.522903,-35.015628]]}},{"type":"Feature","properties":{"tier":"arterial"},"geometry":{"type":"LineString","coordinates":[[138.522863,-35.015073],[138.522893,-35.015504]]}},{"type":"Feature","properties":{"tier":"arterial"},"geometry":{"type":"LineString","coordinates":[[138.522722,-35.01508],[138.52264,-35.013957],[138.522614,-35.013649],[138.522592,-35.013415],[138.522558,-35.012813],[138.522557,-35.012788],[138.522547,-35.01265],[138.522543,-35.012604]]}},{"type":"Feature","properties":{"tier":"arterial"},"geometry":{"type":"LineString","coordinates":[[138.522753,-35.015512],[138.522722,-35.01508]]}},{"type":"Feature","properties":{"tier":"arterial"},"geometry":{"type":"LineString","coordinates":[[138.554939,-35.027224],[138.555338,-35.02768]]}},{"type":"Feature","properties":{"tier":"high"},"geometry":{"type":"LineString","coordinates":[[138.55939,-35.025811],[138.559582,-35.025682]]}},{"type":"Feature","properties":{"tier":"high"},"geometry":{"type":"LineString","coordinates":[[138.559591,-35.025903],[138.559414,-35.026026]]}},{"type":"Feature","properties":{"tier":"arterial"},"geometry":{"type":"LineString","coordinates":[[138.558774,-35.017083],[138.558942,-35.017075]]}},{"type":"Feature","properties":{"tier":"arterial"},"geometry":{"type":"LineString","coordinates":[[138.558965,-35.017195],[138.558799,-35.017204]]}},{"type":"Feature","properties":{"tier":"arterial"},"geometry":{"type":"LineString","coordinates":[[138.559883,-35.017173],[138.559128,-35.017187],[138.559124,-35.017187],[138.559063,-35.01719],[138.558965,-35.017195]]}},{"type":"Feature","properties":{"tier":"arterial"},"geometry":{"type":"LineString","coordinates":[[138.558632,-35.013865],[138.55865,-35.014135]]}},{"type":"Feature","properties":{"tier":"arterial"},"geometry":{"type":"LineString","coordinates":[[138.558638,-35.01545],[138.558615,-35.015172],[138.55851,-35.014142]]}},{"type":"Feature","properties":{"tier":"arterial"},"geometry":{"type":"LineString","coordinates":[[138.558008,-35.007601],[138.557913,-35.006547]]}},{"type":"Feature","properties":{"tier":"arterial"},"geometry":{"type":"LineString","coordinates":[[138.558091,-35.00863],[138.558018,-35.007739],[138.558014,-35.007657],[138.558012,-35.007641],[138.558008,-35.007601]]}},{"type":"Feature","properties":{"tier":"regional"},"geometry":{"type":"LineString","coordinates":[[138.558141,-35.007598],[138.558008,-35.007601]]}},{"type":"Feature","properties":{"tier":"regional"},"geometry":{"type":"LineString","coordinates":[[138.558576,-35.007575],[138.558258,-35.007595],[138.558215,-35.007595],[138.558141,-35.007598]]}},{"type":"Feature","properties":{"tier":"arterial"},"geometry":{"type":"LineString","coordinates":[[138.55816,-35.007775],[138.558209,-35.00838],[138.558231,-35.008647]]}},{"type":"Feature","properties":{"tier":"arterial"},"geometry":{"type":"LineString","coordinates":[[138.558141,-35.007598],[138.558145,-35.007638],[138.558148,-35.00767],[138.55816,-35.007775]]}},{"type":"Feature","properties":{"tier":"arterial"},"geometry":{"type":"LineString","coordinates":[[138.558028,-35.006427],[138.558117,-35.007373]]}},{"type":"Feature","properties":{"tier":"regional"},"geometry":{"type":"LineString","coordinates":[[138.558028,-35.006427],[138.557908,-35.006439]]}},{"type":"Feature","properties":{"tier":"arterial"},"geometry":{"type":"LineString","coordinates":[[138.558023,-35.006358],[138.558028,-35.006427]]}},{"type":"Feature","properties":{"tier":"regional"},"geometry":{"type":"LineString","coordinates":[[138.557903,-35.006377],[138.558023,-35.006358]]}},{"type":"Feature","properties":{"tier":"arterial"},"geometry":{"type":"LineString","coordinates":[[138.557908,-35.006439],[138.557903,-35.006377]]}},{"type":"Feature","properties":{"tier":"arterial"},"geometry":{"type":"LineString","coordinates":[[138.557913,-35.006547],[138.557908,-35.006439]]}},{"type":"Feature","properties":{"tier":"arterial"},"geometry":{"type":"LineString","coordinates":[[138.557913,-35.004865],[138.557941,-35.005241],[138.557966,-35.005584],[138.558015,-35.006253],[138.558018,-35.006292],[138.558019,-35.006306],[138.558023,-35.006358]]}},{"type":"Feature","properties":{"tier":"arterial"},"geometry":{"type":"LineString","coordinates":[[138.557894,-35.006259],[138.557878,-35.006028],[138.557852,-35.00568],[138.557821,-35.005245],[138.557816,-35.005176],[138.557794,-35.004871]]}},{"type":"Feature","properties":{"tier":"arterial"},"geometry":{"type":"LineString","coordinates":[[138.557649,-35.002984],[138.557592,-35.002115]]}},{"type":"Feature","properties":{"tier":"arterial"},"geometry":{"type":"LineString","coordinates":[[138.557794,-35.004871],[138.557671,-35.003267]]}},{"type":"Feature","properties":{"tier":"arterial"},"geometry":{"type":"LineString","coordinates":[[138.557781,-35.00306],[138.557791,-35.003203]]}},{"type":"Feature","properties":{"tier":"arterial"},"geometry":{"type":"LineString","coordinates":[[138.557774,-35.002974],[138.557781,-35.00306]]}},{"type":"Feature","properties":{"tier":"arterial"},"geometry":{"type":"LineString","coordinates":[[138.557711,-35.00211],[138.557774,-35.002974]]}},{"type":"Feature","properties":{"tier":"arterial"},"geometry":{"type":"LineString","coordinates":[[138.557665,-35.001484],[138.557711,-35.00211]]}},{"type":"Feature","properties":{"tier":"arterial"},"geometry":{"type":"LineString","coordinates":[[138.557645,-35.001214],[138.557665,-35.001484]]}},{"type":"Feature","properties":{"tier":"arterial"},"geometry":{"type":"LineString","coordinates":[[138.557539,-35.001489],[138.557513,-35.00122]]}},{"type":"Feature","properties":{"tier":"arterial"},"geometry":{"type":"LineString","coordinates":[[138.557592,-35.002115],[138.557539,-35.001489]]}},{"type":"Feature","properties":{"tier":"arterial"},"geometry":{"type":"LineString","coordinates":[[138.557468,-35.000585],[138.557425,-34.99998]]}},{"type":"Feature","properties":{"tier":"arterial"},"geometry":{"type":"LineString","coordinates":[[138.557513,-35.00122],[138.557468,-35.000585]]}},{"type":"Feature","properties":{"tier":"arterial"},"geometry":{"type":"LineString","coordinates":[[138.557598,-35.000577],[138.557645,-35.001214]]}},{"type":"Feature","properties":{"tier":"arterial"},"geometry":{"type":"LineString","coordinates":[[138.557554,-34.99998],[138.557598,-35.000577]]}},{"type":"Feature","properties":{"tier":"arterial"},"geometry":{"type":"LineString","coordinates":[[138.523112,-35.018368],[138.523121,-35.018524],[138.523152,-35.019063],[138.523153,-35.019078],[138.523158,-35.01914]]}},{"type":"Feature","properties":{"tier":"arterial"},"geometry":{"type":"LineString","coordinates":[[138.523083,-35.017947],[138.523112,-35.018368]]}},{"type":"Feature","properties":{"tier":"arterial"},"geometry":{"type":"LineString","coordinates":[[138.522974,-35.018377],[138.522944,-35.017954]]}},{"type":"Feature","properties":{"tier":"arterial"},"geometry":{"type":"LineString","coordinates":[[138.52305,-35.019146],[138.522974,-35.018377]]}},{"type":"Feature","properties":{"tier":"arterial"},"geometry":{"type":"LineString","coordinates":[[138.523364,-35.023355],[138.523349,-35.023167],[138.52334,-35.023053],[138.523306,-35.02263]]}},{"type":"Feature","properties":{"tier":"arterial"},"geometry":{"type":"LineString","coordinates":[[138.523467,-35.02288],[138.523504,-35.023347]]}},{"type":"Feature","properties":{"tier":"arterial"},"geometry":{"type":"LineString","coordinates":[[138.523447,-35.022622],[138.523467,-35.02288]]}},{"type":"Feature","properties":{"tier":"arterial"},"geometry":{"type":"LineString","coordinates":[[138.524132,-35.033034],[138.524088,-35.032435],[138.524013,-35.031498]]}},{"type":"Feature","properties":{"tier":"arterial"},"geometry":{"type":"LineString","coordinates":[[138.524135,-35.031774],[138.524175,-35.032298],[138.52419,-35.032493],[138.52423,-35.033032]]}},{"type":"Feature","properties":{"tier":"arterial"},"geometry":{"type":"LineString","coordinates":[[138.524104,-35.03138],[138.524114,-35.031494]]}},{"type":"Feature","properties":{"tier":"arterial"},"geometry":{"type":"LineString","coordinates":[[138.524013,-35.031498],[138.524,-35.031362]]}},{"type":"Feature","properties":{"tier":"arterial"},"geometry":{"type":"LineString","coordinates":[[138.524473,-35.037485],[138.524452,-35.037375],[138.524437,-35.037202],[138.524426,-35.037097]]}},{"type":"Feature","properties":{"tier":"arterial"},"geometry":{"type":"LineString","coordinates":[[138.524272,-35.035126],[138.524196,-35.03408]]}},{"type":"Feature","properties":{"tier":"arterial"},"geometry":{"type":"LineString","coordinates":[[138.524322,-35.034073],[138.524405,-35.035106]]}},{"type":"Feature","properties":{"tier":"arterial"},"geometry":{"type":"LineString","coordinates":[[138.524196,-35.03408],[138.524192,-35.034032],[138.524132,-35.033034]]}},{"type":"Feature","properties":{"tier":"arterial"},"geometry":{"type":"LineString","coordinates":[[138.52423,-35.033032],[138.524285,-35.033652],[138.524319,-35.034028],[138.524322,-35.034073]]}},{"type":"Feature","properties":{"tier":"arterial"},"geometry":{"type":"LineString","coordinates":[[138.525022,-35.019036],[138.525254,-35.019023],[138.525974,-35.018981]]}},{"type":"Feature","properties":{"tier":"arterial"},"geometry":{"type":"LineString","coordinates":[[138.523158,-35.01914],[138.523217,-35.019137],[138.523845,-35.019102]]}},{"type":"Feature","properties":{"tier":"arterial"},"geometry":{"type":"LineString","coordinates":[[138.525028,-35.019147],[138.524599,-35.019167],[138.524553,-35.019169],[138.524141,-35.019188]]}},{"type":"Feature","properties":{"tier":"arterial"},"geometry":{"type":"LineString","coordinates":[[138.525982,-35.019101],[138.525028,-35.019147]]}},{"type":"Feature","properties":{"tier":"arterial"},"geometry":{"type":"LineString","coordinates":[[138.530539,-35.042349],[138.530688,-35.042809],[138.530909,-35.043492]]}},{"type":"Feature","properties":{"tier":"arterial"},"geometry":{"type":"LineString","coordinates":[[138.530909,-35.043492],[138.531046,-35.043899],[138.531116,-35.044106],[138.531475,-35.045172],[138.53177,-35.046046],[138.531813,-35.046175],[138.531948,-35.046575],[138.532136,-35.047117],[138.532231,-35.047343],[138.532376,-35.047597],[138.532401,-35.047638],[138.53251,-35.04782]]}},{"type":"Feature","properties":{"tier":"arterial"},"geometry":{"type":"LineString","coordinates":[[138.530794,-35.043763],[138.530525,-35.042965],[138.530488,-35.042856],[138.530368,-35.042499]]}},{"type":"Feature","properties":{"tier":"arterial"},"geometry":{"type":"LineString","coordinates":[[138.524495,-35.036121],[138.524521,-35.036506]]}},{"type":"Feature","properties":{"tier":"arterial"},"geometry":{"type":"LineString","coordinates":[[138.524441,-35.035556],[138.524495,-35.036121]]}},{"type":"Feature","properties":{"tier":"arterial"},"geometry":{"type":"LineString","coordinates":[[138.524345,-35.036129],[138.524304,-35.035564]]}},{"type":"Feature","properties":{"tier":"arterial"},"geometry":{"type":"LineString","coordinates":[[138.524426,-35.037097],[138.524384,-35.036701],[138.524345,-35.036129]]}},{"type":"Feature","properties":{"tier":"arterial"},"geometry":{"type":"LineString","coordinates":[[138.540653,-35.013686],[138.540681,-35.014038]]}},{"type":"Feature","properties":{"tier":"arterial"},"geometry":{"type":"LineString","coordinates":[[138.53646,-35.005026],[138.536341,-35.005079]]}},{"type":"Feature","properties":{"tier":"high"},"geometry":{"type":"LineString","coordinates":[[138.561137,-35.024538],[138.561268,-35.024471],[138.561373,-35.024416],[138.561493,-35.024342],[138.561596,-35.024276],[138.561708,-35.024198],[138.561909,-35.024049]]}},{"type":"Feature","properties":{"tier":"high"},"geometry":{"type":"LineString","coordinates":[[138.562039,-35.023944],[138.562034,-35.023916],[138.562033,-35.02389],[138.562035,-35.023857],[138.56204,-35.02383],[138.562048,-35.023796]]}},{"type":"Feature","properties":{"tier":"high"},"geometry":{"type":"LineString","coordinates":[[138.562039,-35.023944],[138.562126,-35.023853],[138.56252,-35.023489]]}},{"type":"Feature","properties":{"tier":"high"},"geometry":{"type":"LineString","coordinates":[[138.562048,-35.023796],[138.562416,-35.023457],[138.56252,-35.023363]]}},{"type":"Feature","properties":{"tier":"high"},"geometry":{"type":"LineString","coordinates":[[138.562089,-35.024024],[138.562072,-35.024004],[138.562057,-35.023982],[138.562048,-35.023966],[138.562039,-35.023944]]}},{"type":"Feature","properties":{"tier":"arterial"},"geometry":{"type":"LineString","coordinates":[[138.540184,-35.010414],[138.540084,-35.010216]]}},{"type":"Feature","properties":{"tier":"arterial"},"geometry":{"type":"LineString","coordinates":[[138.540321,-35.010305],[138.540409,-35.010483],[138.540447,-35.010588],[138.540506,-35.010762]]}},{"type":"Feature","properties":{"tier":"arterial"},"geometry":{"type":"LineString","coordinates":[[138.540017,-35.010087],[138.539841,-35.009895],[138.539623,-35.009616],[138.539525,-35.009471],[138.539307,-35.009182],[138.539208,-35.009085]]}},{"type":"Feature","properties":{"tier":"arterial"},"geometry":{"type":"LineString","coordinates":[[138.540215,-35.010124],[138.540321,-35.010305]]}},{"type":"Feature","properties":{"tier":"arterial"},"geometry":{"type":"LineString","coordinates":[[138.555568,-35.028058],[138.555262,-35.027719]]}},{"type":"Feature","properties":{"tier":"arterial"},"geometry":{"type":"LineString","coordinates":[[138.555772,-35.028304],[138.555568,-35.028058]]}},{"type":"Feature","properties":{"tier":"arterial"},"geometry":{"type":"LineString","coordinates":[[138.559505,-35.023445],[138.559515,-35.023877],[138.559526,-35.024332],[138.559532,-35.024573],[138.559535,-35.024702],[138.559548,-35.025245]]}},{"type":"Feature","properties":{"tier":"high"},"geometry":{"type":"LineString","coordinates":[[138.55607,-35.030681],[138.556581,-35.029858],[138.557247,-35.028694]]}},{"type":"Feature","properties":{"tier":"high"},"geometry":{"type":"LineString","coordinates":[[138.559631,-35.053756],[138.559667,-35.054147],[138.559708,-35.054623]]}},{"type":"Feature","properties":{"tier":"high"},"geometry":{"type":"LineString","coordinates":[[138.562343,-35.022333],[138.56252,-35.022311]]}},{"type":"Feature","properties":{"tier":"high"},"geometry":{"type":"LineString","coordinates":[[138.559526,-35.054682],[138.559465,-35.053879],[138.559457,-35.053764]]}},{"type":"Feature","properties":{"tier":"arterial"},"geometry":{"type":"LineString","coordinates":[[138.523057,-35.019239],[138.52305,-35.019146]]}},{"type":"Feature","properties":{"tier":"arterial"},"geometry":{"type":"LineString","coordinates":[[138.523977,-35.029882],[138.523997,-35.030161],[138.524003,-35.03024]]}},{"type":"Feature","properties":{"tier":"arterial"},"geometry":{"type":"LineString","coordinates":[[138.524,-35.031362],[138.523914,-35.030464],[138.523906,-35.030355],[138.523904,-35.030325],[138.523898,-35.030246]]}},{"type":"Feature","properties":{"tier":"arterial"},"geometry":{"type":"LineString","coordinates":[[138.524577,-35.030212],[138.524764,-35.030203],[138.524964,-35.030193],[138.525026,-35.030189],[138.525203,-35.03018]]}},{"type":"Feature","properties":{"tier":"arterial"},"geometry":{"type":"LineString","coordinates":[[138.545742,-35.054566],[138.545556,-35.05458],[138.545321,-35.054596],[138.545055,-35.054609],[138.544651,-35.054632],[138.543788,-35.054681],[138.543375,-35.054703],[138.54319,-35.054708],[138.542999,-35.05471],[138.542809,-35.054709],[138.542501,-35.054704],[138.542176,-35.054703],[138.541797,-35.054703],[138.541498,-35.054716],[138.540287,-35.054776],[138.539851,-35.0548],[138.539509,-35.054827],[138.539165,-35.054848],[138.538952,-35.05486],[138.538536,-35.054875],[138.538101,-35.054886],[138.537166,-35.05493],[138.536496,-35.054982]]}},{"type":"Feature","properties":{"tier":"arterial"},"geometry":{"type":"LineString","coordinates":[[138.535078,-35.054399],[138.535087,-35.054499],[138.535117,-35.054879],[138.535122,-35.054972]]}},{"type":"Feature","properties":{"tier":"arterial"},"geometry":{"type":"LineString","coordinates":[[138.535282,-35.059621],[138.535248,-35.058979]]}},{"type":"Feature","properties":{"tier":"arterial"},"geometry":{"type":"LineString","coordinates":[[138.559973,-35.061079],[138.560099,-35.061282]]}},{"type":"Feature","properties":{"tier":"arterial"},"geometry":{"type":"LineString","coordinates":[[138.559457,-35.053764],[138.559338,-35.053768],[138.559309,-35.053769],[138.559085,-35.053773]]}},{"type":"Feature","properties":{"tier":"high"},"geometry":{"type":"LineString","coordinates":[[138.559009,-35.026127],[138.559075,-35.026063],[138.559266,-35.025909],[138.559284,-35.025895],[138.559307,-35.025878],[138.55939,-35.025811]]}},{"type":"Feature","properties":{"tier":"high"},"geometry":{"type":"LineString","coordinates":[[138.55763,-35.028073],[138.558086,-35.02732]]}},{"type":"Feature","properties":{"tier":"arterial"},"geometry":{"type":"LineString","coordinates":[[138.524758,-35.037832],[138.524802,-35.037916],[138.52489,-35.038057],[138.525148,-35.038415]]}},{"type":"Feature","properties":{"tier":"arterial"},"geometry":{"type":"LineString","coordinates":[[138.524614,-35.037466],[138.524668,-35.037623],[138.524722,-35.037753],[138.524758,-35.037832]]}},{"type":"Feature","properties":{"tier":"arterial"},"geometry":{"type":"LineString","coordinates":[[138.559307,-35.023021],[138.559291,-35.023018],[138.559278,-35.023016],[138.559264,-35.02301],[138.559248,-35.023001],[138.559233,-35.02299],[138.559213,-35.022969],[138.559195,-35.022948],[138.559179,-35.022921]]}},{"type":"Feature","properties":{"tier":"arterial"},"geometry":{"type":"LineString","coordinates":[[138.52305,-35.019146],[138.523158,-35.01914]]}},{"type":"Feature","properties":{"tier":"regional"},"geometry":{"type":"LineString","coordinates":[[138.525148,-35.038415],[138.525003,-35.038487]]}},{"type":"Feature","properties":{"tier":"arterial"},"geometry":{"type":"LineString","coordinates":[[138.525003,-35.038487],[138.524921,-35.03837],[138.524735,-35.038105],[138.52464,-35.03795],[138.524567,-35.03778],[138.524512,-35.037637],[138.524473,-35.037485]]}},{"type":"Feature","properties":{"tier":"arterial"},"geometry":{"type":"LineString","coordinates":[[138.522993,-35.016928],[138.522998,-35.016977],[138.522999,-35.016998],[138.523083,-35.017947]]}},{"type":"Feature","properties":{"tier":"arterial"},"geometry":{"type":"LineString","coordinates":[[138.522944,-35.017954],[138.522866,-35.017037],[138.522864,-35.016999],[138.522861,-35.016931]]}},{"type":"Feature","properties":{"tier":"regional"},"geometry":{"type":"LineString","coordinates":[[138.522861,-35.016931],[138.522993,-35.016928]]}},{"type":"Feature","properties":{"tier":"arterial"},"geometry":{"type":"LineString","coordinates":[[138.540017,-35.010087],[138.539859,-35.00977],[138.539857,-35.009632]]}},{"type":"Feature","properties":{"tier":"arterial"},"geometry":{"type":"LineString","coordinates":[[138.540243,-35.008927],[138.540285,-35.009036],[138.540303,-35.009229]]}},{"type":"Feature","properties":{"tier":"arterial"},"geometry":{"type":"LineString","coordinates":[[138.559548,-35.025245],[138.559572,-35.025551],[138.559574,-35.025582],[138.559582,-35.025682]]}},{"type":"Feature","properties":{"tier":"high"},"geometry":{"type":"LineString","coordinates":[[138.559414,-35.026026],[138.559333,-35.026088],[138.559212,-35.026183],[138.559112,-35.026261]]}},{"type":"Feature","properties":{"tier":"arterial"},"geometry":{"type":"LineString","coordinates":[[138.557072,-35.028398],[138.556571,-35.028412],[138.556412,-35.028416]]}},{"type":"Feature","properties":{"tier":"high"},"geometry":{"type":"LineString","coordinates":[[138.55785,-35.028053],[138.557767,-35.028195],[138.557755,-35.028217],[138.557693,-35.028324]]}},{"type":"Feature","properties":{"tier":"high"},"geometry":{"type":"LineString","coordinates":[[138.559337,-35.024257],[138.559226,-35.024356],[138.559043,-35.024534]]}},{"type":"Feature","properties":{"tier":"arterial"},"geometry":{"type":"LineString","coordinates":[[138.559373,-35.025509],[138.559344,-35.024722]]}},{"type":"Feature","properties":{"tier":"high"},"geometry":{"type":"LineString","coordinates":[[138.559344,-35.024722],[138.559288,-35.024647],[138.559255,-35.024597],[138.559201,-35.02454],[138.559174,-35.024527],[138.559114,-35.02452],[138.559043,-35.024534]]}},{"type":"Feature","properties":{"tier":"arterial"},"geometry":{"type":"LineString","coordinates":[[138.559448,-35.026355],[138.559436,-35.026168],[138.559428,-35.026127],[138.559414,-35.026026]]}},{"type":"Feature","properties":{"tier":"arterial"},"geometry":{"type":"LineString","coordinates":[[138.560378,-35.017154],[138.560358,-35.017155],[138.559883,-35.017173]]}},{"type":"Feature","properties":{"tier":"arterial"},"geometry":{"type":"LineString","coordinates":[[138.558847,-35.017434],[138.558816,-35.017279],[138.55881,-35.017252],[138.558799,-35.017204]]}},{"type":"Feature","properties":{"tier":"arterial"},"geometry":{"type":"LineString","coordinates":[[138.558965,-35.017195],[138.558974,-35.017252],[138.559005,-35.017427]]}},{"type":"Feature","properties":{"tier":"arterial"},"geometry":{"type":"LineString","coordinates":[[138.557589,-35.017148],[138.557727,-35.017141],[138.558393,-35.017099]]}},{"type":"Feature","properties":{"tier":"arterial"},"geometry":{"type":"LineString","coordinates":[[138.558799,-35.017204],[138.558718,-35.017209],[138.558529,-35.017203]]}},{"type":"Feature","properties":{"tier":"arterial"},"geometry":{"type":"LineString","coordinates":[[138.559148,-35.017063],[138.560366,-35.017029]]}},{"type":"Feature","properties":{"tier":"arterial"},"geometry":{"type":"LineString","coordinates":[[138.558854,-35.016371],[138.558911,-35.01685],[138.558923,-35.01694],[138.558924,-35.016943],[138.55893,-35.016991],[138.558942,-35.017075]]}},{"type":"Feature","properties":{"tier":"arterial"},"geometry":{"type":"LineString","coordinates":[[138.535122,-35.054972],[138.535453,-35.054947]]}},{"type":"Feature","properties":{"tier":"arterial"},"geometry":{"type":"LineString","coordinates":[[138.540584,-35.012164],[138.540615,-35.012663]]}},{"type":"Feature","properties":{"tier":"arterial"},"geometry":{"type":"LineString","coordinates":[[138.540031,-35.018243],[138.540302,-35.018228],[138.540693,-35.018206]]}},{"type":"Feature","properties":{"tier":"arterial"},"geometry":{"type":"LineString","coordinates":[[138.540969,-35.01819],[138.540958,-35.018136],[138.540912,-35.017916]]}},{"type":"Feature","properties":{"tier":"arterial"},"geometry":{"type":"LineString","coordinates":[[138.541044,-35.018812],[138.541005,-35.018485]]}},{"type":"Feature","properties":{"tier":"arterial"},"geometry":{"type":"LineString","coordinates":[[138.541408,-35.01825],[138.541134,-35.018278],[138.541106,-35.018281],[138.540982,-35.018294]]}},{"type":"Feature","properties":{"tier":"arterial"},"geometry":{"type":"LineString","coordinates":[[138.549584,-35.01756],[138.549681,-35.017557],[138.54984,-35.017552]]}},{"type":"Feature","properties":{"tier":"arterial"},"geometry":{"type":"LineString","coordinates":[[138.549127,-35.017164],[138.549365,-35.017362],[138.549487,-35.017469],[138.549518,-35.017499],[138.549584,-35.01756]]}},{"type":"Feature","properties":{"tier":"arterial"},"geometry":{"type":"LineString","coordinates":[[138.559468,-35.022882],[138.559505,-35.023445]]}},{"type":"Feature","properties":{"tier":"high"},"geometry":{"type":"LineString","coordinates":[[138.561137,-35.024538],[138.56172,-35.024076],[138.562048,-35.023796]]}},{"type":"Feature","properties":{"tier":"high"},"geometry":{"type":"LineString","coordinates":[[138.559246,-35.060902],[138.558999,-35.061192],[138.558873,-35.061336]]}},{"type":"Feature","properties":{"tier":"high"},"geometry":{"type":"LineString","coordinates":[[138.559994,-35.059208],[138.559917,-35.059511],[138.559875,-35.059687],[138.559827,-35.059832],[138.559758,-35.060012],[138.55969,-35.060177],[138.559529,-35.060519],[138.559478,-35.060594]]}},{"type":"Feature","properties":{"tier":"arterial"},"geometry":{"type":"LineString","coordinates":[[138.560527,-35.05486],[138.561014,-35.054841],[138.56252,-35.054766]]}},{"type":"Feature","properties":{"tier":"high"},"geometry":{"type":"LineString","coordinates":[[138.559495,-35.052259],[138.559521,-35.052568],[138.559571,-35.053103],[138.559599,-35.053411],[138.559614,-35.053574],[138.559615,-35.053587],[138.559631,-35.053756]]}},{"type":"Feature","properties":{"tier":"arterial"},"geometry":{"type":"LineString","coordinates":[[138.558791,-35.053778],[138.557973,-35.053789]]}},{"type":"Feature","properties":{"tier":"high"},"geometry":{"type":"LineString","coordinates":[[138.559377,-35.052858],[138.559315,-35.052116]]}},{"type":"Feature","properties":{"tier":"high"},"geometry":{"type":"LineString","coordinates":[[138.559457,-35.053764],[138.559444,-35.053612],[138.559443,-35.053599],[138.559377,-35.052858]]}},{"type":"Feature","properties":{"tier":"arterial"},"geometry":{"type":"LineString","coordinates":[[138.557973,-35.053789],[138.557574,-35.053802],[138.55709,-35.053813]]}},{"type":"Feature","properties":{"tier":"high"},"geometry":{"type":"LineString","coordinates":[[138.559796,-35.057724],[138.559614,-35.055653]]}},{"type":"Feature","properties":{"tier":"high"},"geometry":{"type":"LineString","coordinates":[[138.55982,-35.058144],[138.559796,-35.057724]]}},{"type":"Feature","properties":{"tier":"high"},"geometry":{"type":"LineString","coordinates":[[138.559614,-35.055653],[138.559599,-35.055478],[138.559559,-35.055036],[138.559559,-35.055035],[138.559557,-35.055019],[138.559556,-35.055005],[138.559544,-35.054903]]}},{"type":"Feature","properties":{"tier":"high"},"geometry":{"type":"LineString","coordinates":[[138.559825,-35.05592],[138.559839,-35.05608]]}},{"type":"Feature","properties":{"tier":"high"},"geometry":{"type":"LineString","coordinates":[[138.55979,-35.055523],[138.559825,-35.05592]]}},{"type":"Feature","properties":{"tier":"high"},"geometry":{"type":"LineString","coordinates":[[138.559735,-35.054891],[138.559743,-35.055006],[138.559744,-35.055021],[138.55979,-35.055523]]}},{"type":"Feature","properties":{"tier":"arterial"},"geometry":{"type":"LineString","coordinates":[[138.523924,-35.029025],[138.523954,-35.029517],[138.523965,-35.029683],[138.523977,-35.029882]]}},{"type":"Feature","properties":{"tier":"arterial"},"geometry":{"type":"LineString","coordinates":[[138.523898,-35.030246],[138.523882,-35.029932],[138.52382,-35.029015]]}},{"type":"Feature","properties":{"tier":"arterial"},"geometry":{"type":"LineString","coordinates":[[138.524033,-35.030613],[138.524104,-35.03138]]}},{"type":"Feature","properties":{"tier":"arterial"},"geometry":{"type":"LineString","coordinates":[[138.541445,-35.029284],[138.540928,-35.029339],[138.540845,-35.029343]]}},{"type":"Feature","properties":{"tier":"arterial"},"geometry":{"type":"LineString","coordinates":[[138.541792,-35.02894],[138.541837,-35.028994],[138.541846,-35.029017],[138.541891,-35.029125]]}},{"type":"Feature","properties":{"tier":"arterial"},"geometry":{"type":"LineString","coordinates":[[138.541831,-35.029466],[138.541725,-35.029309]]}},{"type":"Feature","properties":{"tier":"arterial"},"geometry":{"type":"LineString","coordinates":[[138.541892,-35.029306],[138.541831,-35.029466]]}},{"type":"Feature","properties":{"tier":"arterial"},"geometry":{"type":"LineString","coordinates":[[138.541869,-35.030056],[138.541831,-35.029466]]}},{"type":"Feature","properties":{"tier":"arterial"},"geometry":{"type":"LineString","coordinates":[[138.541792,-35.02894],[138.541676,-35.027451]]}},{"type":"Feature","properties":{"tier":"arterial"},"geometry":{"type":"LineString","coordinates":[[138.5417,-35.029142],[138.541741,-35.029029],[138.541752,-35.029007],[138.541792,-35.02894]]}},{"type":"Feature","properties":{"tier":"high"},"geometry":{"type":"LineString","coordinates":[[138.558447,-35.027001],[138.558163,-35.027489],[138.558063,-35.027669],[138.55785,-35.028053]]}},{"type":"Feature","properties":{"tier":"arterial"},"geometry":{"type":"LineString","coordinates":[[138.559325,-35.02345],[138.559307,-35.023021]]}},{"type":"Feature","properties":{"tier":"arterial"},"geometry":{"type":"LineString","coordinates":[[138.525888,-35.039574],[138.525655,-35.039343],[138.525233,-35.038789],[138.525003,-35.038487]]}},{"type":"Feature","properties":{"tier":"regional"},"geometry":{"type":"LineString","coordinates":[[138.520526,-35.017037],[138.522768,-35.016935],[138.522807,-35.016933],[138.522861,-35.016931]]}},{"type":"Feature","properties":{"tier":"high"},"geometry":{"type":"LineString","coordinates":[[138.556295,-35.027883],[138.5574,-35.025921],[138.557665,-35.025497],[138.557871,-35.025209],[138.558091,-35.024928],[138.558391,-35.024574],[138.558538,-35.024409],[138.559165,-35.02383]]}},{"type":"Feature","properties":{"tier":"arterial"},"geometry":{"type":"LineString","coordinates":[[138.559376,-35.021581],[138.559417,-35.022162],[138.559468,-35.022882]]}},{"type":"Feature","properties":{"tier":"arterial"},"geometry":{"type":"LineString","coordinates":[[138.558665,-35.014309],[138.558682,-35.014511]]}},{"type":"Feature","properties":{"tier":"arterial"},"geometry":{"type":"LineString","coordinates":[[138.55865,-35.014135],[138.558665,-35.014309]]}},{"type":"Feature","properties":{"tier":"arterial"},"geometry":{"type":"LineString","coordinates":[[138.558682,-35.014511],[138.558719,-35.014953],[138.558735,-35.015138]]}},{"type":"Feature","properties":{"tier":"arterial"},"geometry":{"type":"LineString","coordinates":[[138.555225,-35.017374],[138.554994,-35.017386],[138.554727,-35.0174],[138.552569,-35.017526],[138.552035,-35.017556],[138.551564,-35.017582],[138.550975,-35.017614],[138.550089,-35.017663],[138.549809,-35.017672],[138.549777,-35.017673],[138.549671,-35.017676]]}},{"type":"Feature","properties":{"tier":"arterial"},"geometry":{"type":"LineString","coordinates":[[138.559208,-35.019328],[138.559215,-35.019431],[138.559256,-35.019954],[138.559322,-35.020845],[138.559376,-35.021581]]}},{"type":"Feature","properties":{"tier":"arterial"},"geometry":{"type":"LineString","coordinates":[[138.557014,-35.017178],[138.55706,-35.017175],[138.557276,-35.017164],[138.557589,-35.017148]]}},{"type":"Feature","properties":{"tier":"arterial"},"geometry":{"type":"LineString","coordinates":[[138.555218,-35.017269],[138.556069,-35.017226],[138.556611,-35.017198],[138.557014,-35.017178]]}},{"type":"Feature","properties":{"tier":"arterial"},"geometry":{"type":"LineString","coordinates":[[138.559089,-35.02009],[138.559049,-35.019244]]}},{"type":"Feature","properties":{"tier":"arterial"},"geometry":{"type":"LineString","coordinates":[[138.559307,-35.023021],[138.559212,-35.021506]]}},{"type":"Feature","properties":{"tier":"arterial"},"geometry":{"type":"LineString","coordinates":[[138.559735,-35.054891],[138.559813,-35.054888],[138.559851,-35.054887],[138.560018,-35.05488]]}},{"type":"Feature","properties":{"tier":"regional"},"geometry":{"type":"LineString","coordinates":[[138.534688,-35.059008],[138.534375,-35.059023],[138.534144,-35.059036],[138.532642,-35.059112],[138.532349,-35.059137],[138.531979,-35.059201],[138.531531,-35.059306],[138.530365,-35.059593],[138.528835,-35.059967],[138.528375,-35.060081]]}},{"type":"Feature","properties":{"tier":"arterial"},"geometry":{"type":"LineString","coordinates":[[138.535858,-35.054932],[138.537235,-35.054856],[138.538948,-35.054773],[138.539956,-35.054724],[138.541105,-35.054665],[138.542438,-35.054606],[138.543779,-35.054538]]}},{"type":"Feature","properties":{"tier":"regional"},"geometry":{"type":"LineString","coordinates":[[138.553806,-35.010765],[138.553821,-35.010788],[138.553825,-35.010813],[138.553819,-35.010839],[138.553803,-35.010861],[138.553778,-35.010877],[138.553748,-35.010886],[138.553717,-35.010886],[138.553687,-35.010877],[138.553663,-35.01086]]}},{"type":"Feature","properties":{"tier":"regional"},"geometry":{"type":"LineString","coordinates":[[138.551903,-35.012118],[138.551919,-35.012139],[138.551924,-35.012153],[138.551922,-35.012185],[138.55191,-35.012207],[138.551887,-35.012225],[138.551853,-35.012237],[138.551823,-35.012237],[138.551801,-35.012231],[138.551771,-35.012212]]}},{"type":"Feature","properties":{"tier":"arterial"},"geometry":{"type":"LineString","coordinates":[[138.544978,-35.01777],[138.54552,-35.017744]]}},{"type":"Feature","properties":{"tier":"arterial"},"geometry":{"type":"LineString","coordinates":[[138.541922,-35.029281],[138.541908,-35.029295],[138.541892,-35.029306]]}},{"type":"Feature","properties":{"tier":"arterial"},"geometry":{"type":"LineString","coordinates":[[138.541902,-35.029133],[138.541917,-35.029146],[138.541929,-35.029161],[138.541938,-35.029178],[138.541944,-35.029195],[138.541946,-35.029213],[138.541945,-35.029231],[138.54194,-35.029248],[138.541933,-35.029265],[138.541922,-35.029281]]}},{"type":"Feature","properties":{"tier":"arterial"},"geometry":{"type":"LineString","coordinates":[[138.541891,-35.029125],[138.541902,-35.029133]]}},{"type":"Feature","properties":{"tier":"arterial"},"geometry":{"type":"LineString","coordinates":[[138.5417,-35.029142],[138.541719,-35.029126],[138.541741,-35.029115],[138.541765,-35.029106],[138.541791,-35.029102],[138.541817,-35.029102],[138.541843,-35.029106],[138.541868,-35.029113],[138.541891,-35.029125]]}},{"type":"Feature","properties":{"tier":"arterial"},"geometry":{"type":"LineString","coordinates":[[138.541683,-35.029161],[138.5417,-35.029142]]}},{"type":"Feature","properties":{"tier":"arterial"},"geometry":{"type":"LineString","coordinates":[[138.541725,-35.029309],[138.541719,-35.029306]]}},{"type":"Feature","properties":{"tier":"arterial"},"geometry":{"type":"LineString","coordinates":[[138.541892,-35.029306],[138.541873,-35.029317],[138.541853,-35.029324],[138.541831,-35.029329],[138.541809,-35.029331],[138.541787,-35.02933],[138.541765,-35.029326],[138.541744,-35.029319],[138.541725,-35.029309]]}},{"type":"Feature","properties":{"tier":"regional"},"geometry":{"type":"LineString","coordinates":[[138.515898,-35.044017],[138.515863,-35.044017],[138.515831,-35.044008],[138.515804,-35.043991],[138.515784,-35.043968]]}},{"type":"Feature","properties":{"tier":"regional"},"geometry":{"type":"LineString","coordinates":[[138.515985,-35.04391],[138.515988,-35.043939],[138.515979,-35.043967],[138.515959,-35.043991],[138.515931,-35.044008],[138.515898,-35.044017]]}},{"type":"Feature","properties":{"tier":"regional"},"geometry":{"type":"LineString","coordinates":[[138.516683,-35.043479],[138.516627,-35.043526],[138.516518,-35.043629],[138.516461,-35.043674],[138.51636,-35.043756],[138.5162,-35.043832],[138.516185,-35.043839]]}},{"type":"Feature","properties":{"tier":"regional"},"geometry":{"type":"LineString","coordinates":[[138.519237,-35.041238],[138.519257,-35.04126],[138.519268,-35.041286],[138.519266,-35.041314],[138.519254,-35.04134]]}},{"type":"Feature","properties":{"tier":"regional"},"geometry":{"type":"LineString","coordinates":[[138.519254,-35.04134],[138.519232,-35.04136],[138.519205,-35.041373],[138.519173,-35.041379]]}},{"type":"Feature","properties":{"tier":"regional"},"geometry":{"type":"LineString","coordinates":[[138.522535,-35.039871],[138.52251,-35.039873],[138.522486,-35.039868],[138.522465,-35.039856],[138.52245,-35.03984],[138.522445,-35.039825]]}},{"type":"Feature","properties":{"tier":"regional"},"geometry":{"type":"LineString","coordinates":[[138.522587,-35.03981],[138.522585,-35.03983],[138.522574,-35.039848],[138.522556,-35.039863],[138.522535,-35.039871]]}},{"type":"Feature","properties":{"tier":"high"},"geometry":{"type":"LineString","coordinates":[[138.56252,-35.022463],[138.562384,-35.022491]]}},{"type":"Feature","properties":{"tier":"arterial"},"geometry":{"type":"LineString","coordinates":[[138.535677,-35.004102],[138.535348,-35.003636],[138.53534,-35.003627],[138.535281,-35.003553],[138.535151,-35.003358],[138.534961,-35.003093]]}},{"type":"Feature","properties":{"tier":"arterial"},"geometry":{"type":"LineString","coordinates":[[138.535053,-35.003043],[138.535248,-35.003315],[138.535328,-35.003428],[138.535381,-35.003505],[138.535767,-35.004052]]}},{"type":"Feature","properties":{"tier":"arterial"},"geometry":{"type":"LineString","coordinates":[[138.539228,-35.008887],[138.539328,-35.009029]]}},{"type":"Feature","properties":{"tier":"arterial"},"geometry":{"type":"LineString","coordinates":[[138.539208,-35.009085],[138.539108,-35.008944]]}},{"type":"Feature","properties":{"tier":"high"},"geometry":{"type":"LineString","coordinates":[[138.54614,-35.053929],[138.546623,-35.051764],[138.546657,-35.051613],[138.546769,-35.051175],[138.546859,-35.050862],[138.546939,-35.05065],[138.546971,-35.050563],[138.547145,-35.050141],[138.547355,-35.049684],[138.547765,-35.048972]]}},{"type":"Feature","properties":{"tier":"arterial"},"geometry":{"type":"LineString","coordinates":[[138.538153,-35.007367],[138.538227,-35.007472]]}},{"type":"Feature","properties":{"tier":"arterial"},"geometry":{"type":"LineString","coordinates":[[138.540084,-35.010216],[138.540017,-35.010087]]}},{"type":"Feature","properties":{"tier":"arterial"},"geometry":{"type":"LineString","coordinates":[[138.550207,-35.021619],[138.55024,-35.021915]]}},{"type":"Feature","properties":{"tier":"arterial"},"geometry":{"type":"LineString","coordinates":[[138.550207,-35.021619],[138.550253,-35.02169],[138.550315,-35.021791],[138.550382,-35.021881],[138.550455,-35.021974],[138.550888,-35.022482]]}},{"type":"Feature","properties":{"tier":"arterial"},"geometry":{"type":"LineString","coordinates":[[138.549809,-35.018706],[138.549798,-35.01857],[138.549793,-35.018512],[138.549711,-35.018091],[138.549574,-35.017769],[138.549552,-35.017731],[138.549523,-35.017681]]}},{"type":"Feature","properties":{"tier":"arterial"},"geometry":{"type":"LineString","coordinates":[[138.550092,-35.020894],[138.550105,-35.021036],[138.550121,-35.021224],[138.55013,-35.021292],[138.550141,-35.021374],[138.550162,-35.021498],[138.550207,-35.021619]]}},{"type":"Feature","properties":{"tier":"arterial"},"geometry":{"type":"LineString","coordinates":[[138.550087,-35.020824],[138.550092,-35.020894]]}},{"type":"Feature","properties":{"tier":"arterial"},"geometry":{"type":"LineString","coordinates":[[138.550791,-35.022539],[138.550888,-35.022482]]}},{"type":"Feature","properties":{"tier":"arterial"},"geometry":{"type":"LineString","coordinates":[[138.550888,-35.022482],[138.551161,-35.022813],[138.551552,-35.023288],[138.552186,-35.024029],[138.552326,-35.024194],[138.552418,-35.024309]]}},{"type":"Feature","properties":{"tier":"arterial"},"geometry":{"type":"LineString","coordinates":[[138.550791,-35.022539],[138.550676,-35.022412]]}},{"type":"Feature","properties":{"tier":"arterial"},"geometry":{"type":"LineString","coordinates":[[138.550676,-35.022412],[138.550404,-35.022108],[138.55024,-35.021915]]}},{"type":"Feature","properties":{"tier":"arterial"},"geometry":{"type":"LineString","coordinates":[[138.540564,-35.011861],[138.540441,-35.011831]]}},{"type":"Feature","properties":{"tier":"arterial"},"geometry":{"type":"LineString","coordinates":[[138.54056,-35.011802],[138.540564,-35.011861]]}},{"type":"Feature","properties":{"tier":"arterial"},"geometry":{"type":"LineString","coordinates":[[138.54056,-35.011802],[138.540634,-35.011811],[138.540924,-35.011846]]}},{"type":"Feature","properties":{"tier":"arterial"},"geometry":{"type":"LineString","coordinates":[[138.535094,-35.057095],[138.535282,-35.057085]]}},{"type":"Feature","properties":{"tier":"high"},"geometry":{"type":"LineString","coordinates":[[138.559325,-35.02345],[138.559505,-35.023445]]}},{"type":"Feature","properties":{"tier":"arterial"},"geometry":{"type":"LineString","coordinates":[[138.559212,-35.021506],[138.559175,-35.021075],[138.559089,-35.02009]]}},{"type":"Feature","properties":{"tier":"arterial"},"geometry":{"type":"LineString","coordinates":[[138.557494,-35.028307],[138.557693,-35.028324]]}},{"type":"Feature","properties":{"tier":"high"},"geometry":{"type":"LineString","coordinates":[[138.557494,-35.028307],[138.55755,-35.028209],[138.55763,-35.028073]]}},{"type":"Feature","properties":{"tier":"arterial"},"geometry":{"type":"LineString","coordinates":[[138.557453,-35.028376],[138.557318,-35.028389],[138.557072,-35.028398]]}},{"type":"Feature","properties":{"tier":"high"},"geometry":{"type":"LineString","coordinates":[[138.557453,-35.028376],[138.557494,-35.028307]]}},{"type":"Feature","properties":{"tier":"arterial"},"geometry":{"type":"LineString","coordinates":[[138.559049,-35.019244],[138.559075,-35.019246],[138.559102,-35.01925],[138.559121,-35.019254],[138.559138,-35.019261],[138.559154,-35.01927],[138.559172,-35.019284],[138.559185,-35.019296],[138.559196,-35.01931],[138.559208,-35.019328]]}},{"type":"Feature","properties":{"tier":"arterial"},"geometry":{"type":"LineString","coordinates":[[138.559498,-35.027049],[138.55949,-35.026934],[138.559467,-35.026632],[138.559453,-35.026443],[138.559448,-35.026355]]}},{"type":"Feature","properties":{"tier":"high"},"geometry":{"type":"LineString","coordinates":[[138.562343,-35.022333],[138.56252,-35.022283]]}},{"type":"Feature","properties":{"tier":"arterial"},"geometry":{"type":"LineString","coordinates":[[138.562499,-35.017055],[138.562321,-35.017062],[138.561216,-35.017119],[138.560942,-35.017134],[138.560685,-35.017143]]}},{"type":"Feature","properties":{"tier":"high"},"geometry":{"type":"LineString","coordinates":[[138.558522,-35.061404],[138.558908,-35.061121],[138.559101,-35.060905],[138.559253,-35.060713],[138.559334,-35.06063],[138.559478,-35.060594]]}},{"type":"Feature","properties":{"tier":"regional"},"geometry":{"type":"LineString","coordinates":[[138.512144,-35.045267],[138.512563,-35.045274],[138.513039,-35.04528],[138.513166,-35.045287],[138.513279,-35.045303],[138.513307,-35.045315],[138.513361,-35.045345]]}},{"type":"Feature","properties":{"tier":"arterial"},"geometry":{"type":"LineString","coordinates":[[138.539857,-35.009632],[138.540058,-35.009883]]}},{"type":"Feature","properties":{"tier":"arterial"},"geometry":{"type":"LineString","coordinates":[[138.539857,-35.009632],[138.539983,-35.009532]]}},{"type":"Feature","properties":{"tier":"arterial"},"geometry":{"type":"LineString","coordinates":[[138.539768,-35.00954],[138.539857,-35.009632]]}},{"type":"Feature","properties":{"tier":"arterial"},"geometry":{"type":"LineString","coordinates":[[138.539983,-35.009532],[138.540069,-35.009447],[138.54013,-35.00936],[138.540172,-35.00927],[138.540191,-35.009169]]}},{"type":"Feature","properties":{"tier":"arterial"},"geometry":{"type":"LineString","coordinates":[[138.559337,-35.024257],[138.559325,-35.02345]]}},{"type":"Feature","properties":{"tier":"high"},"geometry":{"type":"LineString","coordinates":[[138.561909,-35.024049],[138.561956,-35.024031],[138.561988,-35.024022],[138.562015,-35.024018],[138.562047,-35.024017],[138.562068,-35.024019],[138.562089,-35.024024]]}},{"type":"Feature","properties":{"tier":"high"},"geometry":{"type":"LineString","coordinates":[[138.56221,-35.023923],[138.562178,-35.023937],[138.562154,-35.023942],[138.562128,-35.023945],[138.562102,-35.023946],[138.562074,-35.023948],[138.562039,-35.023944]]}},{"type":"Feature","properties":{"tier":"high"},"geometry":{"type":"LineString","coordinates":[[138.562464,-35.023697],[138.56221,-35.023923]]}},{"type":"Feature","properties":{"tier":"high"},"geometry":{"type":"LineString","coordinates":[[138.561909,-35.024049],[138.562039,-35.023944]]}},{"type":"Feature","properties":{"tier":"arterial"},"geometry":{"type":"LineString","coordinates":[[138.523653,-35.019209],[138.5234,-35.019219]]}},{"type":"Feature","properties":{"tier":"arterial"},"geometry":{"type":"LineString","coordinates":[[138.524141,-35.019188],[138.523941,-35.019197],[138.523653,-35.019209]]}},{"type":"Feature","properties":{"tier":"arterial"},"geometry":{"type":"LineString","coordinates":[[138.524133,-35.019086],[138.524545,-35.019063],[138.525022,-35.019036]]}},{"type":"Feature","properties":{"tier":"arterial"},"geometry":{"type":"LineString","coordinates":[[138.523845,-35.019102],[138.524133,-35.019086]]}},{"type":"Feature","properties":{"tier":"arterial"},"geometry":{"type":"LineString","coordinates":[[138.523158,-35.01914],[138.523166,-35.019233]]}},{"type":"Feature","properties":{"tier":"arterial"},"geometry":{"type":"LineString","coordinates":[[138.523166,-35.019233],[138.523057,-35.019239]]}},{"type":"Feature","properties":{"tier":"arterial"},"geometry":{"type":"LineString","coordinates":[[138.523166,-35.019233],[138.523167,-35.019261],[138.523177,-35.019385]]}},{"type":"Feature","properties":{"tier":"arterial"},"geometry":{"type":"LineString","coordinates":[[138.522661,-35.012338],[138.52267,-35.012464],[138.522673,-35.012499]]}},{"type":"Feature","properties":{"tier":"arterial"},"geometry":{"type":"LineString","coordinates":[[138.559175,-35.021075],[138.559156,-35.021076],[138.559139,-35.021075],[138.55912,-35.021072],[138.559107,-35.021067],[138.559095,-35.021061],[138.559086,-35.021054],[138.559072,-35.02104],[138.559024,-35.020988]]}},{"type":"Feature","properties":{"tier":"high"},"geometry":{"type":"LineString","coordinates":[[138.56221,-35.023923],[138.562089,-35.024024]]}},{"type":"Feature","properties":{"tier":"arterial"},"geometry":{"type":"LineString","coordinates":[[138.524003,-35.03024],[138.52401,-35.030318],[138.524033,-35.030613]]}},{"type":"Feature","properties":{"tier":"arterial"},"geometry":{"type":"LineString","coordinates":[[138.524003,-35.03024],[138.524061,-35.030237],[138.524091,-35.030236],[138.524239,-35.030229]]}},{"type":"Feature","properties":{"tier":"arterial"},"geometry":{"type":"LineString","coordinates":[[138.535248,-35.058979],[138.535199,-35.058376]]}},{"type":"Feature","properties":{"tier":"arterial"},"geometry":{"type":"LineString","coordinates":[[138.557671,-35.003267],[138.55766,-35.003125],[138.557649,-35.002984]]}},{"type":"Feature","properties":{"tier":"arterial"},"geometry":{"type":"LineString","coordinates":[[138.557791,-35.003203],[138.557828,-35.003703],[138.557884,-35.004469],[138.557899,-35.004672],[138.557913,-35.004865]]}},{"type":"Feature","properties":{"tier":"arterial"},"geometry":{"type":"LineString","coordinates":[[138.557728,-35.006361],[138.557751,-35.00634],[138.557791,-35.006314],[138.557828,-35.006292],[138.557894,-35.006259]]}},{"type":"Feature","properties":{"tier":"arterial"},"geometry":{"type":"LineString","coordinates":[[138.543866,-35.013149],[138.543961,-35.013217]]}},{"type":"Feature","properties":{"tier":"arterial"},"geometry":{"type":"LineString","coordinates":[[138.543799,-35.013217],[138.543635,-35.01309],[138.543604,-35.013065],[138.543518,-35.012998]]}},{"type":"Feature","properties":{"tier":"arterial"},"geometry":{"type":"LineString","coordinates":[[138.543518,-35.012998],[138.543422,-35.012925],[138.543284,-35.012821],[138.543125,-35.012715],[138.542953,-35.012614],[138.542802,-35.012538],[138.542763,-35.012515],[138.542579,-35.012422],[138.54238,-35.012341],[138.542258,-35.012301],[138.541732,-35.012145]]}},{"type":"Feature","properties":{"tier":"arterial"},"geometry":{"type":"LineString","coordinates":[[138.543961,-35.013217],[138.544263,-35.013451],[138.544596,-35.013703],[138.544914,-35.013942],[138.545017,-35.01402],[138.545043,-35.014039],[138.545071,-35.014061]]}},{"type":"Feature","properties":{"tier":"arterial"},"geometry":{"type":"LineString","coordinates":[[138.543882,-35.013282],[138.543799,-35.013217]]}},{"type":"Feature","properties":{"tier":"regional"},"geometry":{"type":"LineString","coordinates":[[138.541942,-35.011742],[138.541856,-35.011893],[138.541807,-35.011994],[138.541798,-35.012012],[138.541775,-35.012061]]}},{"type":"Feature","properties":{"tier":"arterial"},"geometry":{"type":"LineString","coordinates":[[138.540856,-35.015827],[138.540861,-35.015901],[138.540868,-35.015989],[138.540892,-35.01633],[138.540927,-35.01682],[138.540953,-35.017198],[138.540986,-35.017661],[138.541004,-35.017912]]}},{"type":"Feature","properties":{"tier":"arterial"},"geometry":{"type":"LineString","coordinates":[[138.540758,-35.015825],[138.540756,-35.015798]]}},{"type":"Feature","properties":{"tier":"arterial"},"geometry":{"type":"LineString","coordinates":[[138.540756,-35.015798],[138.540686,-35.014941]]}},{"type":"Feature","properties":{"tier":"arterial"},"geometry":{"type":"LineString","coordinates":[[138.540853,-35.015787],[138.540856,-35.015827]]}},{"type":"Feature","properties":{"tier":"arterial"},"geometry":{"type":"LineString","coordinates":[[138.524239,-35.030229],[138.524577,-35.030212]]}},{"type":"Feature","properties":{"tier":"arterial"},"geometry":{"type":"LineString","coordinates":[[138.540836,-35.015543],[138.540849,-35.015723],[138.540853,-35.015787]]}},{"type":"Feature","properties":{"tier":"arterial"},"geometry":{"type":"LineString","coordinates":[[138.547054,-35.017669],[138.54718,-35.017662],[138.548829,-35.017583]]}},{"type":"Feature","properties":{"tier":"arterial"},"geometry":{"type":"LineString","coordinates":[[138.541005,-35.018485],[138.540994,-35.018394],[138.540994,-35.018392],[138.540987,-35.018334],[138.540982,-35.018294]]}},{"type":"Feature","properties":{"tier":"arterial"},"geometry":{"type":"LineString","coordinates":[[138.540746,-35.014938],[138.540776,-35.015261],[138.540836,-35.015543]]}},{"type":"Feature","properties":{"tier":"arterial"},"geometry":{"type":"LineString","coordinates":[[138.540686,-35.014941],[138.540645,-35.014453]]}},{"type":"Feature","properties":{"tier":"arterial"},"geometry":{"type":"LineString","coordinates":[[138.540645,-35.014453],[138.540611,-35.014041]]}},{"type":"Feature","properties":{"tier":"arterial"},"geometry":{"type":"LineString","coordinates":[[138.540714,-35.014451],[138.540746,-35.014938]]}},{"type":"Feature","properties":{"tier":"arterial"},"geometry":{"type":"LineString","coordinates":[[138.540681,-35.014038],[138.540684,-35.014072]]}},{"type":"Feature","properties":{"tier":"arterial"},"geometry":{"type":"LineString","coordinates":[[138.540692,-35.014184],[138.540714,-35.014451]]}},{"type":"Feature","properties":{"tier":"arterial"},"geometry":{"type":"LineString","coordinates":[[138.540684,-35.014072],[138.540692,-35.014184]]}},{"type":"Feature","properties":{"tier":"arterial"},"geometry":{"type":"LineString","coordinates":[[138.540611,-35.014041],[138.540583,-35.01369]]}},{"type":"Feature","properties":{"tier":"arterial"},"geometry":{"type":"LineString","coordinates":[[138.532953,-35.029764],[138.532843,-35.02977]]}},{"type":"Feature","properties":{"tier":"arterial"},"geometry":{"type":"LineString","coordinates":[[138.532843,-35.02977],[138.53282,-35.029771],[138.53279,-35.029773],[138.532336,-35.029797],[138.531989,-35.029816],[138.531665,-35.029833],[138.531174,-35.02986],[138.529996,-35.029923],[138.529964,-35.029925],[138.52883,-35.029986],[138.528216,-35.030018],[138.526517,-35.03011],[138.526462,-35.030113],[138.52525,-35.030178],[138.525203,-35.03018]]}},{"type":"Feature","properties":{"tier":"arterial"},"geometry":{"type":"LineString","coordinates":[[138.532988,-35.029762],[138.532953,-35.029764]]}},{"type":"Feature","properties":{"tier":"arterial"},"geometry":{"type":"LineString","coordinates":[[138.540557,-35.011178],[138.540572,-35.011444]]}},{"type":"Feature","properties":{"tier":"arterial"},"geometry":{"type":"LineString","coordinates":[[138.540544,-35.010982],[138.540557,-35.011178]]}},{"type":"Feature","properties":{"tier":"arterial"},"geometry":{"type":"LineString","coordinates":[[138.540191,-35.009169],[138.540195,-35.009109]]}},{"type":"Feature","properties":{"tier":"arterial"},"geometry":{"type":"LineString","coordinates":[[138.540195,-35.009109],[138.540201,-35.009052],[138.540243,-35.008927]]}},{"type":"Feature","properties":{"tier":"regional"},"geometry":{"type":"LineString","coordinates":[[138.549354,-35.009391],[138.549306,-35.009461],[138.549336,-35.009941],[138.549349,-35.010121]]}},{"type":"Feature","properties":{"tier":"regional"},"geometry":{"type":"LineString","coordinates":[[138.542571,-35.011144],[138.54259,-35.011064],[138.542545,-35.010545],[138.54254,-35.010489]]}},{"type":"Feature","properties":{"tier":"arterial"},"geometry":{"type":"LineString","coordinates":[[138.555262,-35.027719],[138.554854,-35.027269]]}},{"type":"Feature","properties":{"tier":"arterial"},"geometry":{"type":"LineString","coordinates":[[138.555338,-35.02768],[138.555653,-35.028008]]}},{"type":"Feature","properties":{"tier":"arterial"},"geometry":{"type":"LineString","coordinates":[[138.554854,-35.027269],[138.553989,-35.026276]]}},{"type":"Feature","properties":{"tier":"arterial"},"geometry":{"type":"LineString","coordinates":[[138.554085,-35.026232],[138.554939,-35.027224]]}},{"type":"Feature","properties":{"tier":"arterial"},"geometry":{"type":"LineString","coordinates":[[138.553989,-35.026276],[138.554085,-35.026232]]}},{"type":"Feature","properties":{"tier":"arterial"},"geometry":{"type":"LineString","coordinates":[[138.553356,-35.025387],[138.554085,-35.026232]]}},{"type":"Feature","properties":{"tier":"arterial"},"geometry":{"type":"LineString","coordinates":[[138.553989,-35.026276],[138.553267,-35.025423]]}},{"type":"Feature","properties":{"tier":"arterial"},"geometry":{"type":"LineString","coordinates":[[138.553267,-35.025423],[138.553186,-35.025329]]}},{"type":"Feature","properties":{"tier":"arterial"},"geometry":{"type":"LineString","coordinates":[[138.553356,-35.025387],[138.553267,-35.025423]]}},{"type":"Feature","properties":{"tier":"arterial"},"geometry":{"type":"LineString","coordinates":[[138.553186,-35.025329],[138.552325,-35.024355]]}},{"type":"Feature","properties":{"tier":"arterial"},"geometry":{"type":"LineString","coordinates":[[138.552418,-35.024309],[138.553356,-35.025387]]}},{"type":"Feature","properties":{"tier":"arterial"},"geometry":{"type":"LineString","coordinates":[[138.552325,-35.024355],[138.552418,-35.024309]]}},{"type":"Feature","properties":{"tier":"arterial"},"geometry":{"type":"LineString","coordinates":[[138.549852,-35.019269],[138.549818,-35.018826],[138.549814,-35.018782],[138.549811,-35.01874],[138.549809,-35.018706]]}},{"type":"Feature","properties":{"tier":"arterial"},"geometry":{"type":"LineString","coordinates":[[138.549918,-35.018773],[138.549941,-35.019007],[138.549956,-35.019261]]}},{"type":"Feature","properties":{"tier":"arterial"},"geometry":{"type":"LineString","coordinates":[[138.549956,-35.019261],[138.550035,-35.020231],[138.550065,-35.020573],[138.550087,-35.020824]]}},{"type":"Feature","properties":{"tier":"arterial"},"geometry":{"type":"LineString","coordinates":[[138.549984,-35.0209],[138.549927,-35.020221],[138.549852,-35.019269]]}},{"type":"Feature","properties":{"tier":"high"},"geometry":{"type":"LineString","coordinates":[[138.546631,-35.053975],[138.546633,-35.054216],[138.546651,-35.05426],[138.546663,-35.054291],[138.546689,-35.054334],[138.54677,-35.054373]]}},{"type":"Feature","properties":{"tier":"high"},"geometry":{"type":"LineString","coordinates":[[138.546509,-35.054387],[138.546513,-35.054526],[138.546506,-35.054595],[138.546357,-35.055252],[138.546165,-35.0559],[138.545929,-35.056569],[138.54568,-35.057222]]}},{"type":"Feature","properties":{"tier":"high"},"geometry":{"type":"LineString","coordinates":[[138.545229,-35.054454],[138.54542,-35.054373],[138.545483,-35.05435],[138.545552,-35.054321],[138.545601,-35.054288],[138.545634,-35.054258],[138.545662,-35.054214],[138.545738,-35.054066]]}},{"type":"Feature","properties":{"tier":"high"},"geometry":{"type":"LineString","coordinates":[[138.545419,-35.054862],[138.545387,-35.054721],[138.545363,-35.054672],[138.545321,-35.054596]]}},{"type":"Feature","properties":{"tier":"high"},"geometry":{"type":"LineString","coordinates":[[138.545407,-35.057183],[138.545443,-35.056467],[138.545425,-35.055688],[138.545388,-35.055408],[138.545383,-35.055236],[138.545385,-35.055131],[138.545391,-35.055053],[138.545419,-35.054862],[138.545523,-35.054642],[138.545556,-35.05458],[138.54563,-35.054435]]}},{"type":"Feature","properties":{"tier":"high"},"geometry":{"type":"LineString","coordinates":[[138.54563,-35.054435],[138.545738,-35.054066],[138.546105,-35.053111],[138.546316,-35.05235],[138.546428,-35.051939],[138.546527,-35.051567],[138.546672,-35.051169],[138.546729,-35.051007],[138.546772,-35.050894],[138.546939,-35.05065]]}},{"type":"Feature","properties":{"tier":"high"},"geometry":{"type":"LineString","coordinates":[[138.547077,-35.050939],[138.546962,-35.051765],[138.546881,-35.052357],[138.546824,-35.052991],[138.546775,-35.053314],[138.546708,-35.053629],[138.546631,-35.053975],[138.54652,-35.054317],[138.546509,-35.054387]]}},{"type":"Feature","properties":{"tier":"high"},"geometry":{"type":"LineString","coordinates":[[138.557724,-35.025726],[138.557605,-35.025899],[138.55729,-35.026468],[138.557143,-35.026764],[138.557083,-35.026896],[138.557001,-35.027077]]}},{"type":"Feature","properties":{"tier":"arterial"},"geometry":{"type":"LineString","coordinates":[[138.559518,-35.027351],[138.559645,-35.027246]]}},{"type":"Feature","properties":{"tier":"arterial"},"geometry":{"type":"LineString","coordinates":[[138.555864,-35.028386],[138.555772,-35.028304]]}},{"type":"Feature","properties":{"tier":"arterial"},"geometry":{"type":"LineString","coordinates":[[138.555897,-35.028276],[138.555864,-35.028386]]}},{"type":"Feature","properties":{"tier":"arterial"},"geometry":{"type":"LineString","coordinates":[[138.555864,-35.028386],[138.555931,-35.02834]]}},{"type":"Feature","properties":{"tier":"arterial"},"geometry":{"type":"LineString","coordinates":[[138.555879,-35.028431],[138.555864,-35.028386]]}},{"type":"Feature","properties":{"tier":"regional"},"geometry":{"type":"LineString","coordinates":[[138.525003,-35.038487],[138.52496,-35.038511],[138.524839,-35.038576],[138.524793,-35.038606],[138.524737,-35.038643],[138.524704,-35.038693],[138.524626,-35.038808],[138.524607,-35.038868],[138.524606,-35.038948],[138.524606,-35.038957],[138.524661,-35.039602]]}},{"type":"Feature","properties":{"tier":"regional"},"geometry":{"type":"LineString","coordinates":[[138.524575,-35.039675],[138.524573,-35.039651],[138.524583,-35.039628],[138.524604,-35.03961],[138.524632,-35.039601],[138.524661,-35.039602]]}},{"type":"Feature","properties":{"tier":"regional"},"geometry":{"type":"LineString","coordinates":[[138.524661,-35.039602],[138.524688,-35.039613],[138.524707,-35.039632],[138.524716,-35.039655],[138.524713,-35.039675],[138.524702,-35.039694],[138.524684,-35.039708]]}},{"type":"Feature","properties":{"tier":"regional"},"geometry":{"type":"LineString","coordinates":[[138.524684,-35.039708],[138.524659,-35.039717],[138.524632,-35.039717],[138.524607,-35.03971],[138.524587,-35.039695],[138.524575,-35.039675]]}},{"type":"Feature","properties":{"tier":"arterial"},"geometry":{"type":"LineString","coordinates":[[138.548093,-35.05439],[138.547781,-35.054434],[138.5475,-35.05447],[138.547223,-35.054492],[138.546513,-35.054526],[138.546401,-35.054532]]}},{"type":"Feature","properties":{"tier":"arterial"},"geometry":{"type":"LineString","coordinates":[[138.546401,-35.054532],[138.545742,-35.054566]]}},{"type":"Feature","properties":{"tier":"arterial"},"geometry":{"type":"LineString","coordinates":[[138.546446,-35.054391],[138.546509,-35.054387],[138.54677,-35.054373],[138.547325,-35.054342],[138.54777,-35.054316],[138.547929,-35.054304],[138.548269,-35.054279],[138.548755,-35.054244],[138.549088,-35.054217],[138.549345,-35.054223]]}},{"type":"Feature","properties":{"tier":"arterial"},"geometry":{"type":"LineString","coordinates":[[138.538948,-35.054773],[138.538952,-35.05486]]}},{"type":"Feature","properties":{"tier":"arterial"},"geometry":{"type":"LineString","coordinates":[[138.536496,-35.054982],[138.535926,-35.055032]]}},{"type":"Feature","properties":{"tier":"arterial"},"geometry":{"type":"LineString","coordinates":[[138.549345,-35.054223],[138.549106,-35.05428],[138.548673,-35.054322],[138.548382,-35.054353],[138.548166,-35.05438],[138.548093,-35.05439]]}},{"type":"Feature","properties":{"tier":"arterial"},"geometry":{"type":"LineString","coordinates":[[138.559085,-35.053773],[138.558791,-35.053778]]}},{"type":"Feature","properties":{"tier":"arterial"},"geometry":{"type":"LineString","coordinates":[[138.558615,-35.015172],[138.558719,-35.014953]]}},{"type":"Feature","properties":{"tier":"arterial"},"geometry":{"type":"LineString","coordinates":[[138.540506,-35.010762],[138.540544,-35.010982]]}},{"type":"Feature","properties":{"tier":"arterial"},"geometry":{"type":"LineString","coordinates":[[138.530525,-35.042965],[138.530471,-35.04286],[138.53042,-35.042758],[138.530375,-35.042714],[138.53032,-35.042682],[138.530264,-35.042676],[138.530209,-35.042675],[138.530135,-35.042685]]}},{"type":"Feature","properties":{"tier":"arterial"},"geometry":{"type":"LineString","coordinates":[[138.524405,-35.035106],[138.524441,-35.035556]]}},{"type":"Feature","properties":{"tier":"arterial"},"geometry":{"type":"LineString","coordinates":[[138.524304,-35.035564],[138.524272,-35.035126]]}},{"type":"Feature","properties":{"tier":"arterial"},"geometry":{"type":"LineString","coordinates":[[138.557737,-35.017235],[138.557039,-35.017267],[138.555225,-35.017374]]}},{"type":"Feature","properties":{"tier":"arterial"},"geometry":{"type":"LineString","coordinates":[[138.540339,-35.010824],[138.540285,-35.01063],[138.540184,-35.010414]]}},{"type":"Feature","properties":{"tier":"arterial"},"geometry":{"type":"LineString","coordinates":[[138.542623,-35.018015],[138.54242,-35.018032],[138.54226,-35.01806],[138.542146,-35.01808],[138.541958,-35.01812],[138.541819,-35.018163],[138.541799,-35.018168],[138.541674,-35.018199],[138.541408,-35.01825]]}},{"type":"Feature","properties":{"tier":"arterial"},"geometry":{"type":"LineString","coordinates":[[138.523886,-35.028412],[138.523896,-35.02858],[138.523924,-35.029025]]}},{"type":"Feature","properties":{"tier":"arterial"},"geometry":{"type":"LineString","coordinates":[[138.524114,-35.031494],[138.524135,-35.031774]]}},{"type":"Feature","properties":{"tier":"arterial"},"geometry":{"type":"LineString","coordinates":[[138.525233,-35.038789],[138.525039,-35.038639],[138.524961,-35.038617],[138.524881,-35.03861],[138.524737,-35.038643]]}},{"type":"Feature","properties":{"tier":"arterial"},"geometry":{"type":"LineString","coordinates":[[138.524793,-35.038606],[138.524908,-35.038449],[138.524921,-35.03837]]}},{"type":"Feature","properties":{"tier":"arterial"},"geometry":{"type":"LineString","coordinates":[[138.526625,-35.040315],[138.526564,-35.04016],[138.526506,-35.040083],[138.526419,-35.039993]]}},{"type":"Feature","properties":{"tier":"arterial"},"geometry":{"type":"LineString","coordinates":[[138.526982,-35.040274],[138.526786,-35.040266],[138.526723,-35.040279],[138.526671,-35.040314],[138.526638,-35.040385]]}}]}
