{"type":"FeatureCollection","features":[{"type":"Feature","properties":{"tier":"arterial"},"geometry":{"type":"LineString","coordinates":[[138.560716,-35.06248],[138.560755,-35.062552],[138.561019,-35.062901],[138.561644,-35.063388],[138.561961,-35.063674],[138.562173,-35.063885],[138.562321,-35.064033],[138.562406,-35.064171],[138.562453,-35.064359],[138.562478,-35.064535],[138.56252,-35.065376]]}},{"type":"Feature","properties":{"tier":"regional"},"geometry":{"type":"LineString","coordinates":[[138.552174,-35.075433],[138.55208,-35.075438],[138.551135,-35.07549]]}},{"type":"Feature","properties":{"tier":"regional"},"geometry":{"type":"LineString","coordinates":[[138.53979,-35.076009],[138.539813,-35.075998],[138.539838,-35.075995],[138.539862,-35.075997],[138.539884,-35.076005],[138.539903,-35.076019],[138.539915,-35.076036],[138.539921,-35.076055],[138.53992,-35.076076],[138.53991,-35.076096],[138.539893,-35.076112],[138.539871,-35.076123],[138.539846,-35.076128],[138.53982,-35.076126],[138.539796,-35.076118],[138.539777,-35.076104],[138.539764,-35.076085],[138.539758,-35.076064],[138.539761,-35.076043],[138.539772,-35.076024],[138.53979,-35.076009]]}},{"type":"Feature","properties":{"tier":"regional"},"geometry":{"type":"LineString","coordinates":[[138.539758,-35.076064],[138.53934,-35.076086],[138.537148,-35.07621],[138.536539,-35.076244]]}},{"type":"Feature","properties":{"tier":"regional"},"geometry":{"type":"LineString","coordinates":[[138.535156,-35.076297],[138.53515,-35.076322],[138.535134,-35.076344],[138.53511,-35.076361],[138.535081,-35.076371],[138.53505,-35.076371],[138.53502,-35.076364],[138.534994,-35.076349],[138.534976,-35.076327],[138.534968,-35.076302]]}},{"type":"Feature","properties":{"tier":"regional"},"geometry":{"type":"LineString","coordinates":[[138.534968,-35.076302],[138.534342,-35.076326],[138.533385,-35.076363],[138.533111,-35.076417],[138.532943,-35.07643],[138.532782,-35.076411],[138.532615,-35.076321]]}},{"type":"Feature","properties":{"tier":"high"},"geometry":{"type":"LineString","coordinates":[[138.545573,-35.079808],[138.54605,-35.080472]]}},{"type":"Feature","properties":{"tier":"regional"},"geometry":{"type":"LineString","coordinates":[[138.539397,-35.093774],[138.539446,-35.093691]]}},{"type":"Feature","properties":{"tier":"arterial"},"geometry":{"type":"LineString","coordinates":[[138.547947,-35.082279],[138.547596,-35.082304],[138.547423,-35.082359],[138.547262,-35.082452],[138.547151,-35.082558],[138.546853,-35.082797],[138.546796,-35.082837],[138.546725,-35.082876],[138.546663,-35.082905],[138.546574,-35.082941],[138.546544,-35.082952],[138.546386,-35.083008]]}},{"type":"Feature","properties":{"tier":"regional"},"geometry":{"type":"LineString","coordinates":[[138.536261,-35.094139],[138.537168,-35.094097]]}},{"type":"Feature","properties":{"tier":"regional"},"geometry":{"type":"LineString","coordinates":[[138.534244,-35.094242],[138.534989,-35.094208],[138.535712,-35.094165],[138.535842,-35.094161],[138.536261,-35.094139]]}},{"type":"Feature","properties":{"tier":"arterial"},"geometry":{"type":"LineString","coordinates":[[138.532873,-35.099156],[138.532985,-35.099113],[138.533214,-35.098895],[138.533242,-35.098873],[138.533279,-35.098855],[138.53332,-35.098848],[138.533354,-35.098847],[138.53338,-35.098852]]}},{"type":"Feature","properties":{"tier":"regional"},"geometry":{"type":"LineString","coordinates":[[138.534682,-35.104685],[138.534689,-35.10466],[138.534705,-35.104637],[138.534728,-35.104619],[138.534757,-35.104608],[138.534788,-35.104604]]}},{"type":"Feature","properties":{"tier":"regional"},"geometry":{"type":"LineString","coordinates":[[138.547428,-35.104073],[138.54735,-35.104076],[138.547105,-35.104087],[138.546304,-35.10412],[138.545096,-35.104171],[138.544842,-35.104178]]}},{"type":"Feature","properties":{"tier":"arterial"},"geometry":{"type":"LineString","coordinates":[[138.506915,-35.10601],[138.507717,-35.105968],[138.507988,-35.105958]]}},{"type":"Feature","properties":{"tier":"regional"},"geometry":{"type":"LineString","coordinates":[[138.521631,-35.099979],[138.521645,-35.099966],[138.521664,-35.099958],[138.521685,-35.099956],[138.521705,-35.099959],[138.521724,-35.099967],[138.521738,-35.09998],[138.521746,-35.099996],[138.521747,-35.100012],[138.521743,-35.100028],[138.521733,-35.100042],[138.521718,-35.100052],[138.5217,-35.100059],[138.521681,-35.10006],[138.521662,-35.100058],[138.521645,-35.10005],[138.521632,-35.100039],[138.521623,-35.100025],[138.52162,-35.10001],[138.521622,-35.099994],[138.521631,-35.099979]]}},{"type":"Feature","properties":{"tier":"regional"},"geometry":{"type":"LineString","coordinates":[[138.522064,-35.105183],[138.522064,-35.105172],[138.521911,-35.103032],[138.521849,-35.102157],[138.52175,-35.100893],[138.5217,-35.100059]]}},{"type":"Feature","properties":{"tier":"regional"},"geometry":{"type":"LineString","coordinates":[[138.521746,-35.099996],[138.522243,-35.099961],[138.52253,-35.099884],[138.522548,-35.099879],[138.522899,-35.099739],[138.523077,-35.099615],[138.523168,-35.099552],[138.523209,-35.099526],[138.523366,-35.099376],[138.523556,-35.099156],[138.523704,-35.098955],[138.523759,-35.098881],[138.523847,-35.098657],[138.52418,-35.097958],[138.524567,-35.0972],[138.524679,-35.096967],[138.524841,-35.09679],[138.525102,-35.096486],[138.52544,-35.096128],[138.525577,-35.096],[138.525684,-35.095927]]}},{"type":"Feature","properties":{"tier":"regional"},"geometry":{"type":"LineString","coordinates":[[138.527766,-35.094645],[138.527778,-35.094666],[138.527781,-35.094679],[138.527781,-35.094699],[138.527776,-35.094714],[138.527763,-35.094733],[138.52774,-35.09475],[138.527708,-35.094761],[138.527663,-35.094758],[138.527624,-35.094738],[138.527607,-35.094715],[138.527601,-35.094686],[138.527604,-35.094666],[138.527616,-35.094646],[138.527656,-35.09462],[138.527684,-35.094614],[138.527706,-35.094615],[138.527728,-35.09462],[138.527766,-35.094645]]}},{"type":"Feature","properties":{"tier":"regional"},"geometry":{"type":"LineString","coordinates":[[138.527766,-35.094645],[138.528058,-35.094544],[138.528977,-35.09451],[138.529818,-35.094468],[138.530916,-35.094411],[138.531205,-35.094397],[138.532357,-35.094344],[138.532765,-35.094327],[138.532998,-35.094314],[138.533344,-35.09429],[138.533948,-35.094247]]}},{"type":"Feature","properties":{"tier":"regional"},"geometry":{"type":"LineString","coordinates":[[138.535717,-35.115128],[138.535714,-35.115161],[138.535697,-35.115191],[138.535671,-35.115215],[138.535636,-35.115231],[138.535596,-35.115237]]}},{"type":"Feature","properties":{"tier":"regional"},"geometry":{"type":"LineString","coordinates":[[138.545725,-35.114629],[138.545381,-35.114646],[138.544741,-35.114678],[138.544304,-35.1147],[138.543963,-35.114717],[138.543089,-35.11476],[138.542185,-35.114805],[138.542068,-35.114811],[138.542005,-35.114814],[138.540258,-35.114902],[138.538837,-35.114972],[138.53798,-35.115015],[138.536476,-35.11509],[138.536165,-35.115106]]}},{"type":"Feature","properties":{"tier":"regional"},"geometry":{"type":"LineString","coordinates":[[138.550708,-35.114379],[138.552062,-35.114316],[138.553829,-35.114233]]}},{"type":"Feature","properties":{"tier":"regional"},"geometry":{"type":"LineString","coordinates":[[138.553934,-35.114116],[138.554006,-35.114126],[138.554047,-35.114149],[138.554075,-35.114184],[138.554083,-35.114224],[138.554071,-35.114267],[138.554037,-35.114302],[138.553988,-35.114323],[138.553934,-35.114325],[138.553883,-35.114308],[138.553846,-35.114275],[138.553829,-35.114233],[138.553835,-35.114189],[138.553862,-35.114151],[138.553906,-35.114126],[138.553934,-35.114116]]}},{"type":"Feature","properties":{"tier":"regional"},"geometry":{"type":"LineString","coordinates":[[138.554083,-35.114224],[138.555148,-35.114183],[138.556381,-35.114136],[138.556748,-35.114122],[138.557252,-35.114103],[138.55813,-35.114069],[138.561157,-35.113952]]}},{"type":"Feature","properties":{"tier":"regional"},"geometry":{"type":"LineString","coordinates":[[138.524151,-35.115704],[138.524226,-35.1157],[138.524397,-35.115692],[138.524533,-35.115685],[138.524629,-35.11568],[138.52463,-35.11568],[138.525331,-35.115644],[138.526095,-35.115606],[138.527245,-35.115547],[138.528096,-35.115505],[138.528584,-35.11548],[138.529105,-35.115454],[138.529256,-35.115446],[138.529339,-35.115442],[138.529426,-35.115437],[138.529531,-35.115432],[138.530444,-35.115386],[138.531138,-35.115351],[138.531269,-35.115344],[138.531936,-35.11531],[138.532249,-35.115294],[138.532722,-35.115271],[138.533257,-35.115244],[138.533878,-35.115212]]}},{"type":"Feature","properties":{"tier":"regional"},"geometry":{"type":"LineString","coordinates":[[138.510198,-35.116317],[138.510233,-35.116331],[138.510262,-35.116354],[138.510281,-35.116383],[138.510288,-35.116415],[138.510281,-35.116449],[138.510263,-35.116479],[138.510233,-35.116502],[138.510197,-35.116517],[138.510156,-35.116539],[138.510115,-35.116515],[138.510079,-35.116499],[138.510051,-35.116474],[138.510034,-35.116442],[138.510031,-35.116411],[138.510039,-35.11638],[138.510057,-35.116353],[138.510085,-35.116331],[138.51012,-35.116317],[138.510158,-35.116312],[138.510198,-35.116317]]}},{"type":"Feature","properties":{"tier":"regional"},"geometry":{"type":"LineString","coordinates":[[138.510034,-35.116442],[138.509965,-35.116445],[138.509657,-35.116455]]}},{"type":"Feature","properties":{"tier":"regional"},"geometry":{"type":"LineString","coordinates":[[138.508752,-35.116488],[138.508443,-35.116499],[138.507702,-35.116527],[138.506094,-35.116608],[138.505068,-35.116659],[138.503845,-35.116715],[138.503106,-35.11676],[138.502467,-35.116795],[138.502363,-35.1168],[138.501996,-35.116818],[138.501821,-35.116827],[138.501466,-35.116844],[138.501157,-35.11686],[138.50022,-35.116911],[138.500038,-35.11692],[138.49998,-35.116923]]}},{"type":"Feature","properties":{"tier":"regional"},"geometry":{"type":"LineString","coordinates":[[138.510158,-35.116312],[138.510133,-35.116242],[138.510049,-35.116],[138.510014,-35.115623],[138.509944,-35.114664],[138.509931,-35.114482],[138.509831,-35.113202],[138.509684,-35.111129],[138.509603,-35.110098],[138.509604,-35.11006],[138.509609,-35.109637],[138.5097,-35.109236],[138.509797,-35.108996]]}},{"type":"Feature","properties":{"tier":"arterial"},"geometry":{"type":"LineString","coordinates":[[138.510165,-35.107667],[138.510108,-35.107662],[138.510062,-35.107651],[138.510016,-35.107628],[138.509968,-35.107593],[138.50994,-35.107564],[138.509921,-35.107538],[138.509903,-35.107499],[138.509892,-35.107448],[138.509896,-35.107404],[138.509907,-35.10736],[138.509928,-35.107315],[138.509946,-35.10729],[138.509967,-35.10727],[138.509996,-35.107254],[138.510022,-35.107242],[138.510054,-35.107231],[138.510088,-35.107222],[138.510128,-35.107215],[138.510178,-35.107214],[138.510228,-35.107219],[138.510275,-35.107232],[138.510313,-35.107247],[138.51036,-35.107275],[138.510394,-35.10731],[138.510419,-35.107342],[138.510446,-35.107414]]}},{"type":"Feature","properties":{"tier":"arterial"},"geometry":{"type":"LineString","coordinates":[[138.510784,-35.106892],[138.510931,-35.106732],[138.511006,-35.106572],[138.511027,-35.1065],[138.51104,-35.106384],[138.511041,-35.106057]]}},{"type":"Feature","properties":{"tier":"regional"},"geometry":{"type":"LineString","coordinates":[[138.510156,-35.116539],[138.510159,-35.116594],[138.510177,-35.116926],[138.510244,-35.118122],[138.510291,-35.118947],[138.510381,-35.12057],[138.510385,-35.120639],[138.510404,-35.120976]]}},{"type":"Feature","properties":{"tier":"regional"},"geometry":{"type":"LineString","coordinates":[[138.510404,-35.120976],[138.510416,-35.121296]]}},{"type":"Feature","properties":{"tier":"arterial"},"geometry":{"type":"LineString","coordinates":[[138.547759,-35.12502],[138.547796,-35.125018]]}},{"type":"Feature","properties":{"tier":"regional"},"geometry":{"type":"LineString","coordinates":[[138.534799,-35.104779],[138.534808,-35.104895],[138.534863,-35.105638],[138.534865,-35.105666],[138.534892,-35.106022],[138.534928,-35.106508],[138.534931,-35.106553],[138.534988,-35.107313],[138.535043,-35.108034],[138.535077,-35.108477],[138.535119,-35.109037],[138.535136,-35.10926],[138.53518,-35.10984],[138.535228,-35.110473],[138.535261,-35.110913],[138.535316,-35.111631],[138.53532,-35.111685],[138.535326,-35.111763],[138.535422,-35.113032],[138.535503,-35.1141],[138.535519,-35.114319],[138.535541,-35.11461]]}},{"type":"Feature","properties":{"tier":"regional"},"geometry":{"type":"LineString","coordinates":[[138.535624,-35.115615],[138.535696,-35.116605],[138.535758,-35.117461],[138.535773,-35.117662],[138.535797,-35.117984],[138.535881,-35.119144],[138.535911,-35.119558],[138.535981,-35.120509],[138.536061,-35.121605],[138.536079,-35.121857]]}},{"type":"Feature","properties":{"tier":"regional"},"geometry":{"type":"LineString","coordinates":[[138.522031,-35.115813],[138.522379,-35.115795]]}},{"type":"Feature","properties":{"tier":"regional"},"geometry":{"type":"LineString","coordinates":[[138.547569,-35.103986],[138.547647,-35.103981],[138.547892,-35.103965]]}},{"type":"Feature","properties":{"tier":"regional"},"geometry":{"type":"LineString","coordinates":[[138.502413,-35.076859],[138.502434,-35.076862],[138.502453,-35.076871],[138.502467,-35.076884],[138.502476,-35.076901],[138.502477,-35.076918],[138.502472,-35.076935],[138.50246,-35.076949],[138.502444,-35.07696],[138.502425,-35.076966],[138.502404,-35.076967],[138.502384,-35.076963],[138.502367,-35.076954],[138.502354,-35.07694],[138.502347,-35.076925],[138.502345,-35.076909],[138.50235,-35.076893],[138.50236,-35.076879],[138.502374,-35.076868],[138.502392,-35.076861],[138.502413,-35.076859]]}},{"type":"Feature","properties":{"tier":"regional"},"geometry":{"type":"LineString","coordinates":[[138.502487,-35.073349],[138.50247,-35.07333],[138.502463,-35.073307],[138.502466,-35.073284],[138.502472,-35.073271],[138.502489,-35.073252],[138.502513,-35.07324],[138.502541,-35.073235],[138.502563,-35.073236],[138.502589,-35.073245],[138.50261,-35.073261],[138.502623,-35.073282],[138.502627,-35.073305],[138.502624,-35.07332],[138.502611,-35.073341],[138.502591,-35.073358],[138.502565,-35.073367],[138.502536,-35.073369],[138.50251,-35.073363],[138.502487,-35.073349]]}},{"type":"Feature","properties":{"tier":"regional"},"geometry":{"type":"LineString","coordinates":[[138.502392,-35.076861],[138.502305,-35.076155],[138.502265,-35.075422],[138.502231,-35.075018],[138.502163,-35.074299],[138.502184,-35.074123],[138.502241,-35.073937],[138.50251,-35.073363]]}},{"type":"Feature","properties":{"tier":"regional"},"geometry":{"type":"LineString","coordinates":[[138.502563,-35.073236],[138.5027,-35.073042],[138.50284,-35.072857],[138.502988,-35.072718],[138.503125,-35.072633],[138.503263,-35.072563],[138.503509,-35.072486],[138.503759,-35.072454],[138.504477,-35.072417],[138.504744,-35.072332],[138.504964,-35.072189],[138.505108,-35.072027],[138.505177,-35.071896],[138.505205,-35.071792],[138.505215,-35.071701],[138.505185,-35.071546]]}},{"type":"Feature","properties":{"tier":"regional"},"geometry":{"type":"LineString","coordinates":[[138.504971,-35.069644],[138.504969,-35.069623],[138.504975,-35.069604],[138.504987,-35.069586],[138.505005,-35.069572],[138.505027,-35.069563],[138.505051,-35.069559],[138.505078,-35.069562],[138.505102,-35.069571],[138.505122,-35.069586],[138.505134,-35.069606],[138.505139,-35.069628],[138.505135,-35.06965],[138.505123,-35.069669],[138.505103,-35.069685],[138.505079,-35.069695],[138.505052,-35.069698],[138.505024,-35.069693],[138.505,-35.069682],[138.504982,-35.069665],[138.504971,-35.069644]]}},{"type":"Feature","properties":{"tier":"regional"},"geometry":{"type":"LineString","coordinates":[[138.505186,-35.071428],[138.505182,-35.071259],[138.50515,-35.070999],[138.505126,-35.070827],[138.505113,-35.070535],[138.505113,-35.070465],[138.505113,-35.07023],[138.50511,-35.069951],[138.505088,-35.069769],[138.505079,-35.069695]]}},{"type":"Feature","properties":{"tier":"regional"},"geometry":{"type":"LineString","coordinates":[[138.505661,-35.065443],[138.505641,-35.065458],[138.505618,-35.065466],[138.505592,-35.065468],[138.505565,-35.065463],[138.505542,-35.06545],[138.505525,-35.065432],[138.505517,-35.06541],[138.505519,-35.065389],[138.505528,-35.065369],[138.505545,-35.065353],[138.505567,-35.065342],[138.505592,-35.065337],[138.505618,-35.06534],[138.505642,-35.065348],[138.505661,-35.065363],[138.505673,-35.065382],[138.505677,-35.065403],[138.505673,-35.065424],[138.505661,-35.065443]]}},{"type":"Feature","properties":{"tier":"regional"},"geometry":{"type":"LineString","coordinates":[[138.505051,-35.069559],[138.504956,-35.068447],[138.504964,-35.068191],[138.504965,-35.068137],[138.505002,-35.067868],[138.505117,-35.067378],[138.505156,-35.067222],[138.505222,-35.066959],[138.505334,-35.066513],[138.505397,-35.066259],[138.505427,-35.066138],[138.505504,-35.065845],[138.505569,-35.065577],[138.505588,-35.065499],[138.505592,-35.065468]]}},{"type":"Feature","properties":{"tier":"regional"},"geometry":{"type":"LineString","coordinates":[[138.505618,-35.06534],[138.505704,-35.065135],[138.505751,-35.06501],[138.505952,-35.064324],[138.506059,-35.063966],[138.506292,-35.06303],[138.506422,-35.06248]]}},{"type":"Feature","properties":{"tier":"regional"},"geometry":{"type":"LineString","coordinates":[[138.558671,-35.08256],[138.558678,-35.082655],[138.55874,-35.083453],[138.558857,-35.084974],[138.558866,-35.08509],[138.558979,-35.086565]]}},{"type":"Feature","properties":{"tier":"regional"},"geometry":{"type":"LineString","coordinates":[[138.560248,-35.102942],[138.560228,-35.102686],[138.560108,-35.101138],[138.560053,-35.100426],[138.559963,-35.099261],[138.559858,-35.09791]]}},{"type":"Feature","properties":{"tier":"high"},"geometry":{"type":"LineString","coordinates":[[138.543816,-35.075955],[138.543833,-35.076116],[138.543874,-35.076376],[138.54393,-35.076656],[138.543975,-35.076836]]}},{"type":"Feature","properties":{"tier":"high"},"geometry":{"type":"LineString","coordinates":[[138.523252,-35.092942],[138.521809,-35.093871]]}},{"type":"Feature","properties":{"tier":"high"},"geometry":{"type":"LineString","coordinates":[[138.521809,-35.093871],[138.520799,-35.094585],[138.52006,-35.095184],[138.519548,-35.095635],[138.519009,-35.096137],[138.518532,-35.096623],[138.518204,-35.096981],[138.517853,-35.097382],[138.517291,-35.098066],[138.516676,-35.098769],[138.516234,-35.099256],[138.515751,-35.099752],[138.515051,-35.10043],[138.514551,-35.100887],[138.513919,-35.101426],[138.513085,-35.102102],[138.512343,-35.102782],[138.512251,-35.102855],[138.511952,-35.103151],[138.511793,-35.103327],[138.511301,-35.103958],[138.511011,-35.104345],[138.510585,-35.104992],[138.510228,-35.105626]]}},{"type":"Feature","properties":{"tier":"high"},"geometry":{"type":"LineString","coordinates":[[138.510228,-35.105626],[138.509974,-35.106166]]}},{"type":"Feature","properties":{"tier":"high"},"geometry":{"type":"LineString","coordinates":[[138.510165,-35.107667],[138.510124,-35.107672],[138.510086,-35.107679],[138.510021,-35.107699],[138.509963,-35.107719],[138.509898,-35.107747],[138.509848,-35.107775],[138.509808,-35.107801],[138.509747,-35.107842],[138.509703,-35.107885],[138.509656,-35.10794],[138.509623,-35.107989],[138.509599,-35.10803],[138.509569,-35.108101],[138.509539,-35.10818],[138.509422,-35.108713]]}},{"type":"Feature","properties":{"tier":"high"},"geometry":{"type":"LineString","coordinates":[[138.557348,-35.06248],[138.557201,-35.062581],[138.556839,-35.062837]]}},{"type":"Feature","properties":{"tier":"high"},"geometry":{"type":"LineString","coordinates":[[138.550568,-35.075514],[138.550496,-35.075602],[138.550243,-35.075911]]}},{"type":"Feature","properties":{"tier":"high"},"geometry":{"type":"LineString","coordinates":[[138.554804,-35.066972],[138.554828,-35.066494],[138.554824,-35.065955],[138.554824,-35.065872],[138.554818,-35.065405],[138.55483,-35.06519],[138.554849,-35.064998],[138.554882,-35.064838],[138.554925,-35.064697],[138.555011,-35.064459],[138.555062,-35.064327],[138.555115,-35.064218],[138.555226,-35.064029],[138.555327,-35.063874],[138.555431,-35.063749],[138.555618,-35.063533],[138.555725,-35.063422],[138.555833,-35.063329],[138.556061,-35.063155],[138.557068,-35.06248]]}},{"type":"Feature","properties":{"tier":"high"},"geometry":{"type":"LineString","coordinates":[[138.54412,-35.077227],[138.544182,-35.077404],[138.544255,-35.077589],[138.544398,-35.07789],[138.544688,-35.078434],[138.545573,-35.079808]]}},{"type":"Feature","properties":{"tier":"arterial"},"geometry":{"type":"LineString","coordinates":[[138.528931,-35.103468],[138.528788,-35.103385]]}},{"type":"Feature","properties":{"tier":"arterial"},"geometry":{"type":"LineString","coordinates":[[138.522584,-35.111946],[138.522614,-35.112684],[138.522616,-35.112707]]}},{"type":"Feature","properties":{"tier":"arterial"},"geometry":{"type":"LineString","coordinates":[[138.534821,-35.097453],[138.535131,-35.097102],[138.535332,-35.09686],[138.535553,-35.096579],[138.535814,-35.09617],[138.536047,-35.095757],[138.536349,-35.095157],[138.53648,-35.094768],[138.536588,-35.094418],[138.536727,-35.093525],[138.536932,-35.092545],[138.537056,-35.091907],[138.537137,-35.091462],[138.537194,-35.091158],[138.537313,-35.090499],[138.537404,-35.090146],[138.537549,-35.089819],[138.537736,-35.089509],[138.53792,-35.08929],[138.538116,-35.089068]]}},{"type":"Feature","properties":{"tier":"arterial"},"geometry":{"type":"LineString","coordinates":[[138.525637,-35.106732],[138.525659,-35.10678],[138.525667,-35.106835],[138.525656,-35.106927]]}},{"type":"Feature","properties":{"tier":"arterial"},"geometry":{"type":"LineString","coordinates":[[138.522594,-35.110118],[138.522604,-35.109925],[138.522592,-35.109897],[138.522576,-35.109874],[138.522552,-35.109853]]}},{"type":"Feature","properties":{"tier":"regional"},"geometry":{"type":"LineString","coordinates":[[138.522348,-35.109429],[138.52233,-35.108914],[138.52227,-35.108049]]}},{"type":"Feature","properties":{"tier":"arterial"},"geometry":{"type":"LineString","coordinates":[[138.522392,-35.10952],[138.522447,-35.109559],[138.522504,-35.109606],[138.522558,-35.109636],[138.522612,-35.10965],[138.522685,-35.109652],[138.52275,-35.10964],[138.522815,-35.109617],[138.52287,-35.109583],[138.52296,-35.109506],[138.523157,-35.109377]]}},{"type":"Feature","properties":{"tier":"regional"},"geometry":{"type":"LineString","coordinates":[[138.522348,-35.109429],[138.522392,-35.10952]]}},{"type":"Feature","properties":{"tier":"arterial"},"geometry":{"type":"LineString","coordinates":[[138.522736,-35.10989],[138.522765,-35.109907],[138.522778,-35.109935],[138.522766,-35.109976],[138.522745,-35.110024],[138.522714,-35.110097],[138.522668,-35.110198],[138.522631,-35.110296],[138.522606,-35.110371],[138.52258,-35.110465],[138.522603,-35.110655]]}},{"type":"Feature","properties":{"tier":"regional"},"geometry":{"type":"LineString","coordinates":[[138.522722,-35.115778],[138.522832,-35.115771]]}},{"type":"Feature","properties":{"tier":"arterial"},"geometry":{"type":"LineString","coordinates":[[138.522833,-35.117222],[138.522751,-35.116157]]}},{"type":"Feature","properties":{"tier":"regional"},"geometry":{"type":"LineString","coordinates":[[138.52917,-35.104956],[138.531793,-35.104829],[138.533937,-35.104722],[138.534682,-35.104685]]}},{"type":"Feature","properties":{"tier":"regional"},"geometry":{"type":"LineString","coordinates":[[138.52798,-35.104982],[138.528173,-35.104976],[138.528637,-35.10496]]}},{"type":"Feature","properties":{"tier":"arterial"},"geometry":{"type":"LineString","coordinates":[[138.527818,-35.104652],[138.527783,-35.104744],[138.527775,-35.104813],[138.527784,-35.104849],[138.5278,-35.104878],[138.527844,-35.104915],[138.52798,-35.104982]]}},{"type":"Feature","properties":{"tier":"arterial"},"geometry":{"type":"LineString","coordinates":[[138.527786,-35.105085],[138.527562,-35.105142],[138.527472,-35.105175],[138.527379,-35.105221],[138.527221,-35.105298]]}},{"type":"Feature","properties":{"tier":"high"},"geometry":{"type":"LineString","coordinates":[[138.509268,-35.112468],[138.509338,-35.113679],[138.509389,-35.11446],[138.509421,-35.115503],[138.509409,-35.116274],[138.509375,-35.116682],[138.509335,-35.117118],[138.509271,-35.117522],[138.509177,-35.117956],[138.509007,-35.118576],[138.508805,-35.119165],[138.508466,-35.120037],[138.508074,-35.121031]]}},{"type":"Feature","properties":{"tier":"high"},"geometry":{"type":"LineString","coordinates":[[138.508074,-35.121031],[138.507902,-35.121453]]}},{"type":"Feature","properties":{"tier":"high"},"geometry":{"type":"LineString","coordinates":[[138.507902,-35.121453],[138.507643,-35.122123],[138.50738,-35.122804],[138.507317,-35.122965],[138.506811,-35.124323],[138.506518,-35.12502]]}},{"type":"Feature","properties":{"tier":"regional"},"geometry":{"type":"LineString","coordinates":[[138.561157,-35.113952],[138.560934,-35.111385],[138.560899,-35.11099],[138.560886,-35.110742],[138.560815,-35.109909],[138.560738,-35.109083],[138.560696,-35.108581],[138.560673,-35.108299],[138.560604,-35.107475],[138.560534,-35.106526],[138.560515,-35.106295],[138.560458,-35.105605],[138.560424,-35.105229],[138.560387,-35.104708],[138.560336,-35.104136],[138.560298,-35.10363]]}},{"type":"Feature","properties":{"tier":"regional"},"geometry":{"type":"LineString","coordinates":[[138.534244,-35.094242],[138.53424,-35.09428],[138.534224,-35.094311],[138.534188,-35.094346],[138.534135,-35.094367],[138.534071,-35.094369]]}},{"type":"Feature","properties":{"tier":"regional"},"geometry":{"type":"LineString","coordinates":[[138.534071,-35.094132],[138.534021,-35.094],[138.53398,-35.093878],[138.533966,-35.093471],[138.533921,-35.093099],[138.533857,-35.092273],[138.533826,-35.091825],[138.533747,-35.09058],[138.533736,-35.090457],[138.533679,-35.089754],[138.533665,-35.089552],[138.533607,-35.088595]]}},{"type":"Feature","properties":{"tier":"regional"},"geometry":{"type":"LineString","coordinates":[[138.527414,-35.076703],[138.527422,-35.076656],[138.527436,-35.076635],[138.527477,-35.076605],[138.527517,-35.076594],[138.527552,-35.076594],[138.527592,-35.076604],[138.52762,-35.07662],[138.52765,-35.076657],[138.527658,-35.076693]]}},{"type":"Feature","properties":{"tier":"regional"},"geometry":{"type":"LineString","coordinates":[[138.532414,-35.076185],[138.532003,-35.075889],[138.531373,-35.075472],[138.530681,-35.075012],[138.530558,-35.07493],[138.529582,-35.074297],[138.528748,-35.073819],[138.528345,-35.073615],[138.527718,-35.073298],[138.527665,-35.073264]]}},{"type":"Feature","properties":{"tier":"regional"},"geometry":{"type":"LineString","coordinates":[[138.53245,-35.07634],[138.532417,-35.076317],[138.532396,-35.076286],[138.532388,-35.076251],[138.532394,-35.076216],[138.532414,-35.076185],[138.532444,-35.076161],[138.532482,-35.076146],[138.532524,-35.076142],[138.532565,-35.076149],[138.532601,-35.076167],[138.532629,-35.076193],[138.532645,-35.076224],[138.532648,-35.076259],[138.532638,-35.076292],[138.532615,-35.076321]]}},{"type":"Feature","properties":{"tier":"regional"},"geometry":{"type":"LineString","coordinates":[[138.527658,-35.076693],[138.527736,-35.076689],[138.532259,-35.076468],[138.532384,-35.0764],[138.532395,-35.076389],[138.53245,-35.07634]]}},{"type":"Feature","properties":{"tier":"regional"},"geometry":{"type":"LineString","coordinates":[[138.527414,-35.076703],[138.526242,-35.076729],[138.525781,-35.07679],[138.525459,-35.076887],[138.524054,-35.077633],[138.523217,-35.07816],[138.521361,-35.079117]]}},{"type":"Feature","properties":{"tier":"regional"},"geometry":{"type":"LineString","coordinates":[[138.527617,-35.072804],[138.527737,-35.072727],[138.52804,-35.072584],[138.528674,-35.072284],[138.529802,-35.071784],[138.530541,-35.071443],[138.530752,-35.071346],[138.531067,-35.071209],[138.533528,-35.070079],[138.533997,-35.069862],[138.534015,-35.069854],[138.534914,-35.06944],[138.536728,-35.068601]]}},{"type":"Feature","properties":{"tier":"regional"},"geometry":{"type":"LineString","coordinates":[[138.540449,-35.066765],[138.540473,-35.066755],[138.540501,-35.066751],[138.540527,-35.066756],[138.540551,-35.066767],[138.540568,-35.066785],[138.540577,-35.066804],[138.540578,-35.066824],[138.540572,-35.066843],[138.540559,-35.06686],[138.54054,-35.066873],[138.540515,-35.066882],[138.540489,-35.066882],[138.540463,-35.066876],[138.540441,-35.066864],[138.540426,-35.066846],[138.540418,-35.066825],[138.54042,-35.066802],[138.540431,-35.066781],[138.540449,-35.066765]]}},{"type":"Feature","properties":{"tier":"regional"},"geometry":{"type":"LineString","coordinates":[[138.544371,-35.06248],[138.544465,-35.06373],[138.54452,-35.064441],[138.544523,-35.064536]]}},{"type":"Feature","properties":{"tier":"arterial"},"geometry":{"type":"LineString","coordinates":[[138.534856,-35.06248],[138.534651,-35.062909],[138.534245,-35.063601],[138.533729,-35.064278],[138.533454,-35.064584],[138.533168,-35.064874],[138.532592,-35.065418],[138.532043,-35.065943],[138.53144,-35.066521],[138.531028,-35.066909],[138.529906,-35.067967],[138.528786,-35.068951],[138.528377,-35.069408]]}},{"type":"Feature","properties":{"tier":"arterial"},"geometry":{"type":"LineString","coordinates":[[138.504851,-35.085744],[138.504481,-35.085783],[138.503992,-35.085857],[138.503518,-35.085949],[138.503168,-35.086022],[138.502786,-35.086105],[138.502287,-35.086265],[138.501846,-35.086418],[138.50145,-35.086554],[138.501063,-35.086712],[138.500687,-35.086868],[138.500278,-35.087045],[138.49998,-35.087218]]}},{"type":"Feature","properties":{"tier":"arterial"},"geometry":{"type":"LineString","coordinates":[[138.518168,-35.078134],[138.518398,-35.07797],[138.518639,-35.077793],[138.518697,-35.07775],[138.518756,-35.077707]]}},{"type":"Feature","properties":{"tier":"regional"},"geometry":{"type":"LineString","coordinates":[[138.50952,-35.082979],[138.509157,-35.082625],[138.508077,-35.081542],[138.507434,-35.080898],[138.506706,-35.08026],[138.506479,-35.080066],[138.50635,-35.079956],[138.505698,-35.079437],[138.505526,-35.079299],[138.505123,-35.078994],[138.503322,-35.077594]]}},{"type":"Feature","properties":{"tier":"regional"},"geometry":{"type":"LineString","coordinates":[[138.503141,-35.077452],[138.503275,-35.077498],[138.503457,-35.077565],[138.50357,-35.077625],[138.503676,-35.077709],[138.505229,-35.078909],[138.505626,-35.079207],[138.505801,-35.079346],[138.506484,-35.079891],[138.506591,-35.079982],[138.50682,-35.080176],[138.507624,-35.08089],[138.508232,-35.081477],[138.509282,-35.082554],[138.509638,-35.082904],[138.510077,-35.083351],[138.510182,-35.083457],[138.510317,-35.083638],[138.510366,-35.083739]]}},{"type":"Feature","properties":{"tier":"arterial"},"geometry":{"type":"LineString","coordinates":[[138.508127,-35.084887],[138.508524,-35.084814],[138.508569,-35.084816],[138.508613,-35.084826],[138.508648,-35.08485]]}},{"type":"Feature","properties":{"tier":"arterial"},"geometry":{"type":"LineString","coordinates":[[138.508648,-35.08485],[138.508651,-35.08481],[138.508671,-35.084775],[138.508705,-35.084753],[138.508751,-35.084719],[138.508876,-35.084645],[138.509031,-35.084546],[138.509311,-35.084362]]}},{"type":"Feature","properties":{"tier":"arterial"},"geometry":{"type":"LineString","coordinates":[[138.507269,-35.085319],[138.507037,-35.085359],[138.506944,-35.085373],[138.506849,-35.08538],[138.506772,-35.08537],[138.506721,-35.085357],[138.506666,-35.085315]]}},{"type":"Feature","properties":{"tier":"arterial"},"geometry":{"type":"LineString","coordinates":[[138.506666,-35.085315],[138.506624,-35.085377],[138.506582,-35.085405],[138.506523,-35.08543],[138.506422,-35.085463],[138.506149,-35.085521],[138.505997,-35.085555],[138.505785,-35.085625]]}},{"type":"Feature","properties":{"tier":"arterial"},"geometry":{"type":"LineString","coordinates":[[138.511893,-35.105899],[138.511598,-35.105923]]}},{"type":"Feature","properties":{"tier":"arterial"},"geometry":{"type":"LineString","coordinates":[[138.500373,-35.106452],[138.500035,-35.106478],[138.49998,-35.106481]]}},{"type":"Feature","properties":{"tier":"regional"},"geometry":{"type":"LineString","coordinates":[[138.536788,-35.079673],[138.536745,-35.079189],[138.536718,-35.078869],[138.536679,-35.078347],[138.536672,-35.078234],[138.53664,-35.077753],[138.536615,-35.077446],[138.536595,-35.077134],[138.536546,-35.076364],[138.536539,-35.076244]]}},{"type":"Feature","properties":{"tier":"regional"},"geometry":{"type":"LineString","coordinates":[[138.533555,-35.087714],[138.533521,-35.087276],[138.533507,-35.08711],[138.533482,-35.086626],[138.533481,-35.086466],[138.533499,-35.086275],[138.533492,-35.08606],[138.533474,-35.085893]]}},{"type":"Feature","properties":{"tier":"regional"},"geometry":{"type":"LineString","coordinates":[[138.55929,-35.090947],[138.559327,-35.091653],[138.559332,-35.091751]]}},{"type":"Feature","properties":{"tier":"regional"},"geometry":{"type":"LineString","coordinates":[[138.559381,-35.090909],[138.559365,-35.090927],[138.559343,-35.09094],[138.559317,-35.090947],[138.55929,-35.090947],[138.559262,-35.090941],[138.559238,-35.090927],[138.55922,-35.090909],[138.55921,-35.090887],[138.559209,-35.090863],[138.559217,-35.09084],[138.559233,-35.09082],[138.559256,-35.090806],[138.559283,-35.090798],[138.559314,-35.090797],[138.559344,-35.090805],[138.559369,-35.090821],[138.559386,-35.090842],[138.559393,-35.090867],[138.559391,-35.090889],[138.559381,-35.090909]]}},{"type":"Feature","properties":{"tier":"regional"},"geometry":{"type":"LineString","coordinates":[[138.56252,-35.092806],[138.561408,-35.092863],[138.561278,-35.09287],[138.561146,-35.092877]]}},{"type":"Feature","properties":{"tier":"arterial"},"geometry":{"type":"LineString","coordinates":[[138.533924,-35.098205],[138.533979,-35.098104],[138.534115,-35.097959],[138.534196,-35.097875],[138.534236,-35.097814],[138.534255,-35.097736],[138.534249,-35.097575],[138.534238,-35.097162]]}},{"type":"Feature","properties":{"tier":"arterial"},"geometry":{"type":"LineString","coordinates":[[138.51521,-35.105591],[138.515165,-35.10563],[138.514947,-35.105731]]}},{"type":"Feature","properties":{"tier":"arterial"},"geometry":{"type":"LineString","coordinates":[[138.535997,-35.096182],[138.535772,-35.096626],[138.535728,-35.096747],[138.535735,-35.096812],[138.535764,-35.096849],[138.535815,-35.09686],[138.535928,-35.09686],[138.536084,-35.096803]]}},{"type":"Feature","properties":{"tier":"regional"},"geometry":{"type":"LineString","coordinates":[[138.552202,-35.093403],[138.552161,-35.093398],[138.552124,-35.093381],[138.552097,-35.093355],[138.552082,-35.093322],[138.552081,-35.09329],[138.552093,-35.09326],[138.552116,-35.093234],[138.552148,-35.093215],[138.552186,-35.093206],[138.552225,-35.093207],[138.552262,-35.093218],[138.552292,-35.093238],[138.552313,-35.093266],[138.552322,-35.093297]]}},{"type":"Feature","properties":{"tier":"arterial"},"geometry":{"type":"LineString","coordinates":[[138.49998,-35.087117],[138.500212,-35.086996],[138.50064,-35.086793],[138.501047,-35.086613],[138.501386,-35.086478],[138.501776,-35.086332],[138.502014,-35.086252],[138.502297,-35.086158],[138.502785,-35.086019],[138.503502,-35.085834],[138.503761,-35.085778],[138.504004,-35.085728],[138.504487,-35.085644],[138.504847,-35.085601]]}},{"type":"Feature","properties":{"tier":"regional"},"geometry":{"type":"LineString","coordinates":[[138.559348,-35.092968],[138.559182,-35.092977],[138.558446,-35.093014],[138.558151,-35.093029],[138.557443,-35.093064],[138.557379,-35.093069]]}},{"type":"Feature","properties":{"tier":"regional"},"geometry":{"type":"LineString","coordinates":[[138.559554,-35.092958],[138.559551,-35.092987],[138.559527,-35.093022],[138.559498,-35.093039],[138.559466,-35.093048],[138.55943,-35.093047],[138.559393,-35.093034],[138.559367,-35.093014],[138.559352,-35.092987],[138.559348,-35.092968]]}},{"type":"Feature","properties":{"tier":"regional"},"geometry":{"type":"LineString","coordinates":[[138.557173,-35.093074],[138.55512,-35.093165],[138.554931,-35.093176],[138.554871,-35.09318],[138.554805,-35.093184],[138.554646,-35.093193],[138.552662,-35.093279],[138.552394,-35.093293],[138.552322,-35.093297]]}},{"type":"Feature","properties":{"tier":"regional"},"geometry":{"type":"LineString","coordinates":[[138.557232,-35.093145],[138.557209,-35.093133],[138.557191,-35.093116],[138.557179,-35.093096],[138.557173,-35.093074],[138.557177,-35.093047],[138.55719,-35.093023],[138.557212,-35.093003],[138.557241,-35.09299],[138.557273,-35.092985],[138.557306,-35.092988],[138.557335,-35.093],[138.557359,-35.093019],[138.557374,-35.093043],[138.557379,-35.093069],[138.557375,-35.093094],[138.557362,-35.093116],[138.557341,-35.093135],[138.557315,-35.093147],[138.557285,-35.093153],[138.557258,-35.093152],[138.557232,-35.093145]]}},{"type":"Feature","properties":{"tier":"regional"},"geometry":{"type":"LineString","coordinates":[[138.559836,-35.097735],[138.559829,-35.097677],[138.559741,-35.096878],[138.559633,-35.096535],[138.559473,-35.096274]]}},{"type":"Feature","properties":{"tier":"regional"},"geometry":{"type":"LineString","coordinates":[[138.55979,-35.097902],[138.559762,-35.097885],[138.559742,-35.097862],[138.559732,-35.097834],[138.559734,-35.097805],[138.559747,-35.097778],[138.55977,-35.097756],[138.559801,-35.097741],[138.559836,-35.097735],[138.559869,-35.097739],[138.5599,-35.097751],[138.559924,-35.097769],[138.55994,-35.097794],[138.559946,-35.09782],[138.559941,-35.097851],[138.559923,-35.097879],[138.559894,-35.097899],[138.559858,-35.09791],[138.559823,-35.09791],[138.55979,-35.097902]]}},{"type":"Feature","properties":{"tier":"regional"},"geometry":{"type":"LineString","coordinates":[[138.560388,-35.103381],[138.560386,-35.103405],[138.560371,-35.103448],[138.560327,-35.103473],[138.560283,-35.103477],[138.560242,-35.103468],[138.560208,-35.103449],[138.560189,-35.103422],[138.560183,-35.103409],[138.560184,-35.103361],[138.560201,-35.103335],[138.56023,-35.103313],[138.560275,-35.103301],[138.56033,-35.10331],[138.560358,-35.103326],[138.560376,-35.103347],[138.560388,-35.103381]]}},{"type":"Feature","properties":{"tier":"regional"},"geometry":{"type":"LineString","coordinates":[[138.539921,-35.076055],[138.542304,-35.075926],[138.54328,-35.075877],[138.543333,-35.075875],[138.544365,-35.075824],[138.544644,-35.07581],[138.545624,-35.075762],[138.546882,-35.075701],[138.547701,-35.07566]]}},{"type":"Feature","properties":{"tier":"high"},"geometry":{"type":"LineString","coordinates":[[138.550243,-35.075911],[138.549762,-35.076491]]}},{"type":"Feature","properties":{"tier":"high"},"geometry":{"type":"LineString","coordinates":[[138.546305,-35.082321],[138.546274,-35.081902]]}},{"type":"Feature","properties":{"tier":"high"},"geometry":{"type":"LineString","coordinates":[[138.546925,-35.080546],[138.546909,-35.080699],[138.5469,-35.080787],[138.546774,-35.081182],[138.546753,-35.081255],[138.54674,-35.081303],[138.546721,-35.08138],[138.546705,-35.08145],[138.546638,-35.081744]]}},{"type":"Feature","properties":{"tier":"arterial"},"geometry":{"type":"LineString","coordinates":[[138.54654,-35.08124],[138.54656,-35.081281],[138.54658,-35.08133],[138.546603,-35.081389],[138.546616,-35.081435],[138.54663,-35.081484],[138.546636,-35.081516],[138.546643,-35.081563],[138.546646,-35.08161],[138.546646,-35.081661],[138.546644,-35.081701],[138.546642,-35.081719],[138.546638,-35.081744]]}},{"type":"Feature","properties":{"tier":"arterial"},"geometry":{"type":"LineString","coordinates":[[138.526625,-35.105039],[138.526754,-35.105006],[138.526794,-35.104996],[138.52686,-35.104979],[138.526993,-35.104953],[138.527107,-35.104927],[138.527175,-35.104912],[138.527243,-35.104888],[138.527462,-35.104804]]}},{"type":"Feature","properties":{"tier":"regional"},"geometry":{"type":"LineString","coordinates":[[138.52227,-35.108049],[138.522229,-35.107803],[138.522194,-35.107596],[138.522155,-35.107358],[138.522123,-35.107167],[138.522095,-35.106849],[138.52206,-35.106414],[138.522056,-35.106372]]}},{"type":"Feature","properties":{"tier":"regional"},"geometry":{"type":"LineString","coordinates":[[138.522155,-35.107358],[138.522214,-35.107191],[138.522284,-35.107159]]}},{"type":"Feature","properties":{"tier":"regional"},"geometry":{"type":"LineString","coordinates":[[138.522197,-35.105868],[138.52217,-35.106244],[138.52213,-35.106368],[138.52206,-35.106414]]}},{"type":"Feature","properties":{"tier":"arterial"},"geometry":{"type":"LineString","coordinates":[[138.502304,-35.105988],[138.502318,-35.106252]]}},{"type":"Feature","properties":{"tier":"arterial"},"geometry":{"type":"LineString","coordinates":[[138.507988,-35.105958],[138.508596,-35.105865],[138.508679,-35.105854],[138.508745,-35.105848],[138.508835,-35.10584],[138.508909,-35.105835],[138.508961,-35.105826],[138.509018,-35.105813],[138.509062,-35.1058],[138.509165,-35.105761],[138.509194,-35.10575],[138.509216,-35.105736],[138.509232,-35.105721],[138.509247,-35.105702],[138.509254,-35.105685],[138.509266,-35.105638]]}},{"type":"Feature","properties":{"tier":"arterial"},"geometry":{"type":"LineString","coordinates":[[138.511598,-35.105923],[138.511424,-35.105986],[138.511303,-35.106052],[138.511277,-35.106067],[138.511239,-35.106088],[138.511214,-35.106104],[138.511192,-35.106124],[138.511179,-35.10614],[138.51117,-35.106158],[138.511161,-35.106182]]}},{"type":"Feature","properties":{"tier":"arterial"},"geometry":{"type":"LineString","coordinates":[[138.526841,-35.105447],[138.52686,-35.105304],[138.526848,-35.105245],[138.526826,-35.105217],[138.526806,-35.105201],[138.526782,-35.105183],[138.526722,-35.105161],[138.526595,-35.105131]]}},{"type":"Feature","properties":{"tier":"arterial"},"geometry":{"type":"LineString","coordinates":[[138.517097,-35.105499],[138.517311,-35.105504],[138.517385,-35.10553],[138.517424,-35.105603]]}},{"type":"Feature","properties":{"tier":"arterial"},"geometry":{"type":"LineString","coordinates":[[138.517424,-35.105603],[138.517442,-35.105528],[138.51754,-35.105487],[138.517709,-35.105469]]}},{"type":"Feature","properties":{"tier":"arterial"},"geometry":{"type":"LineString","coordinates":[[138.51588,-35.105683],[138.515411,-35.105644],[138.515274,-35.105619],[138.51521,-35.105591]]}},{"type":"Feature","properties":{"tier":"arterial"},"geometry":{"type":"LineString","coordinates":[[138.508447,-35.106047],[138.508114,-35.106022],[138.50804,-35.10602],[138.507843,-35.106023],[138.507823,-35.106022],[138.507805,-35.10602],[138.50779,-35.106015],[138.507777,-35.106009],[138.507756,-35.105995],[138.507717,-35.105968]]}},{"type":"Feature","properties":{"tier":"arterial"},"geometry":{"type":"LineString","coordinates":[[138.522013,-35.105366],[138.521931,-35.105371],[138.52093,-35.105422],[138.520796,-35.105429],[138.520116,-35.105464],[138.51973,-35.105483]]}},{"type":"Feature","properties":{"tier":"regional"},"geometry":{"type":"LineString","coordinates":[[138.52917,-35.104956],[138.528964,-35.105015],[138.528623,-35.105033]]}},{"type":"Feature","properties":{"tier":"arterial"},"geometry":{"type":"LineString","coordinates":[[138.520274,-35.076727],[138.520175,-35.076896],[138.520155,-35.076968],[138.520201,-35.077035],[138.520274,-35.077069],[138.520407,-35.077097]]}},{"type":"Feature","properties":{"tier":"regional"},"geometry":{"type":"LineString","coordinates":[[138.51626,-35.062611],[138.516243,-35.06263],[138.516219,-35.062643],[138.51619,-35.062649],[138.516163,-35.062647],[138.516137,-35.062638],[138.516116,-35.062622],[138.516103,-35.062602],[138.516099,-35.062579],[138.516103,-35.062557],[138.516116,-35.062537],[138.516136,-35.062522],[138.516161,-35.062512],[138.516188,-35.06251],[138.516215,-35.062514],[138.516239,-35.062526],[138.516257,-35.062543],[138.516267,-35.062564],[138.516269,-35.062588],[138.51626,-35.062611]]}},{"type":"Feature","properties":{"tier":"regional"},"geometry":{"type":"LineString","coordinates":[[138.503322,-35.077594],[138.503141,-35.077452]]}},{"type":"Feature","properties":{"tier":"arterial"},"geometry":{"type":"LineString","coordinates":[[138.509132,-35.084634],[138.508962,-35.084773],[138.508877,-35.08483],[138.50883,-35.084871],[138.508799,-35.084941],[138.50881,-35.085019],[138.508827,-35.08513]]}},{"type":"Feature","properties":{"tier":"arterial"},"geometry":{"type":"LineString","coordinates":[[138.510182,-35.083457],[138.510332,-35.083537],[138.510431,-35.083551],[138.510511,-35.083529],[138.510655,-35.083469],[138.511224,-35.083115]]}},{"type":"Feature","properties":{"tier":"arterial"},"geometry":{"type":"LineString","coordinates":[[138.509959,-35.083992],[138.510058,-35.083871],[138.510125,-35.083789],[138.510146,-35.083721],[138.51014,-35.08368],[138.510128,-35.083632],[138.510058,-35.083523]]}},{"type":"Feature","properties":{"tier":"arterial"},"geometry":{"type":"LineString","coordinates":[[138.508827,-35.08513],[138.508725,-35.085058],[138.508643,-35.084999],[138.508538,-35.084984],[138.508125,-35.085043]]}},{"type":"Feature","properties":{"tier":"arterial"},"geometry":{"type":"LineString","coordinates":[[138.506549,-35.085024],[138.506652,-35.085127],[138.506736,-35.08517],[138.506834,-35.0852],[138.506931,-35.085212],[138.507111,-35.085212]]}},{"type":"Feature","properties":{"tier":"arterial"},"geometry":{"type":"LineString","coordinates":[[138.506272,-35.085379],[138.506408,-35.085293],[138.506469,-35.085246],[138.506516,-35.085189],[138.506537,-35.085144],[138.506549,-35.085024]]}},{"type":"Feature","properties":{"tier":"arterial"},"geometry":{"type":"LineString","coordinates":[[138.549025,-35.124886],[138.549,-35.124789],[138.54898,-35.124715],[138.548961,-35.124659],[138.548929,-35.124576],[138.548896,-35.124502],[138.548819,-35.124349]]}},{"type":"Feature","properties":{"tier":"arterial"},"geometry":{"type":"LineString","coordinates":[[138.546386,-35.083008],[138.546148,-35.083087]]}},{"type":"Feature","properties":{"tier":"arterial"},"geometry":{"type":"LineString","coordinates":[[138.546587,-35.081997],[138.546612,-35.082153],[138.546632,-35.08226],[138.546637,-35.08229],[138.546649,-35.082343],[138.546693,-35.082524],[138.546704,-35.08256],[138.546717,-35.082585],[138.546727,-35.082596],[138.54674,-35.082612],[138.546756,-35.082623],[138.546774,-35.082635],[138.546799,-35.082646],[138.546833,-35.082657]]}},{"type":"Feature","properties":{"tier":"regional"},"geometry":{"type":"LineString","coordinates":[[138.550481,-35.093402],[138.550145,-35.093418],[138.549458,-35.093453],[138.548839,-35.093483]]}},{"type":"Feature","properties":{"tier":"arterial"},"geometry":{"type":"LineString","coordinates":[[138.546445,-35.090741],[138.546458,-35.090942],[138.546462,-35.090983]]}},{"type":"Feature","properties":{"tier":"arterial"},"geometry":{"type":"LineString","coordinates":[[138.548108,-35.112225],[138.548183,-35.113097],[138.548254,-35.113798],[138.548259,-35.113845],[138.548321,-35.114378],[138.548324,-35.114401],[138.548328,-35.114451]]}},{"type":"Feature","properties":{"tier":"arterial"},"geometry":{"type":"LineString","coordinates":[[138.560963,-35.082447],[138.56252,-35.082366]]}},{"type":"Feature","properties":{"tier":"arterial"},"geometry":{"type":"LineString","coordinates":[[138.547877,-35.10806],[138.547712,-35.108026]]}},{"type":"Feature","properties":{"tier":"arterial"},"geometry":{"type":"LineString","coordinates":[[138.546409,-35.082876],[138.546494,-35.082847],[138.546563,-35.082822],[138.546599,-35.082806],[138.546632,-35.082791],[138.546674,-35.082771],[138.546713,-35.082748],[138.546764,-35.082713],[138.546814,-35.082672],[138.546833,-35.082657],[138.546883,-35.082617],[138.547001,-35.08252],[138.547186,-35.082385]]}},{"type":"Feature","properties":{"tier":"regional"},"geometry":{"type":"LineString","coordinates":[[138.545047,-35.08596],[138.545275,-35.085692]]}},{"type":"Feature","properties":{"tier":"arterial"},"geometry":{"type":"LineString","coordinates":[[138.546386,-35.083008],[138.54636,-35.083142],[138.546293,-35.083479],[138.546273,-35.083587],[138.546253,-35.083674],[138.54623,-35.083763],[138.54616,-35.083997],[138.546139,-35.084085],[138.546118,-35.084202],[138.546104,-35.084299],[138.546097,-35.084381],[138.546091,-35.084765],[138.546096,-35.084974],[138.546138,-35.08684]]}},{"type":"Feature","properties":{"tier":"regional"},"geometry":{"type":"LineString","coordinates":[[138.553546,-35.103734],[138.553741,-35.103725],[138.554354,-35.103705],[138.55459,-35.103698]]}},{"type":"Feature","properties":{"tier":"regional"},"geometry":{"type":"LineString","coordinates":[[138.553546,-35.103765],[138.553533,-35.103794],[138.55351,-35.103819],[138.553479,-35.103836],[138.553443,-35.103844],[138.553405,-35.103842],[138.55337,-35.10383],[138.553342,-35.10381],[138.553323,-35.103783],[138.553315,-35.103753],[138.55332,-35.103724],[138.553335,-35.103697],[138.553358,-35.103676],[138.553389,-35.103661],[138.553424,-35.103655],[138.553458,-35.103657],[138.55349,-35.103667],[138.553516,-35.103685],[138.553536,-35.103708],[138.553546,-35.103734],[138.553546,-35.103765]]}},{"type":"Feature","properties":{"tier":"regional"},"geometry":{"type":"LineString","coordinates":[[138.554773,-35.10374],[138.554753,-35.103755],[138.554729,-35.103764],[138.554702,-35.103769],[138.554671,-35.103767],[138.554642,-35.103758],[138.554618,-35.103743],[138.5546,-35.103722],[138.55459,-35.103698],[138.55459,-35.10367],[138.5546,-35.103644],[138.554619,-35.103622],[138.554646,-35.103606],[138.554677,-35.103597],[138.554713,-35.103598],[138.554746,-35.103608],[138.554774,-35.103626],[138.554792,-35.103651],[138.5548,-35.103679],[138.554798,-35.103701],[138.554789,-35.103722],[138.554773,-35.10374]]}},{"type":"Feature","properties":{"tier":"regional"},"geometry":{"type":"LineString","coordinates":[[138.5548,-35.103679],[138.555493,-35.103642],[138.555802,-35.103626],[138.556533,-35.103587],[138.557584,-35.103532],[138.557808,-35.103511],[138.557963,-35.103497],[138.55862,-35.103477],[138.560013,-35.103417],[138.560183,-35.103409]]}},{"type":"Feature","properties":{"tier":"arterial"},"geometry":{"type":"LineString","coordinates":[[138.548208,-35.120579],[138.548213,-35.120527],[138.548225,-35.120379],[138.548229,-35.12033],[138.548353,-35.119628],[138.548453,-35.118932],[138.548473,-35.118526],[138.548473,-35.11823],[138.548385,-35.116898]]}},{"type":"Feature","properties":{"tier":"arterial"},"geometry":{"type":"LineString","coordinates":[[138.546077,-35.083502],[138.546108,-35.083345],[138.546134,-35.083201],[138.546138,-35.083176],[138.546148,-35.083087]]}},{"type":"Feature","properties":{"tier":"arterial"},"geometry":{"type":"LineString","coordinates":[[138.548021,-35.125005],[138.548301,-35.124987],[138.548418,-35.124973],[138.548533,-35.124958]]}},{"type":"Feature","properties":{"tier":"regional"},"geometry":{"type":"LineString","coordinates":[[138.50521,-35.071435],[138.505229,-35.071449],[138.505241,-35.071467],[138.505246,-35.071488],[138.505241,-35.071508],[138.505228,-35.071526],[138.505209,-35.071539],[138.505185,-35.071546],[138.505156,-35.071546],[138.505129,-35.071536],[138.505109,-35.071518],[138.505099,-35.071496],[138.505101,-35.071473],[138.505112,-35.071452],[138.505132,-35.071437],[138.505158,-35.071428],[138.505186,-35.071428],[138.50521,-35.071435]]}},{"type":"Feature","properties":{"tier":"arterial"},"geometry":{"type":"LineString","coordinates":[[138.548397,-35.115334],[138.548512,-35.116989],[138.548565,-35.117847],[138.548583,-35.118401],[138.548577,-35.118877],[138.548472,-35.119535],[138.548335,-35.120339],[138.548333,-35.120368],[138.548317,-35.120575]]}},{"type":"Feature","properties":{"tier":"arterial"},"geometry":{"type":"LineString","coordinates":[[138.548022,-35.112781],[138.547981,-35.112277],[138.547948,-35.111882],[138.547887,-35.11094]]}},{"type":"Feature","properties":{"tier":"regional"},"geometry":{"type":"LineString","coordinates":[[138.509657,-35.116455],[138.508752,-35.116488]]}},{"type":"Feature","properties":{"tier":"regional"},"geometry":{"type":"LineString","coordinates":[[138.533607,-35.088595],[138.533555,-35.087714]]}},{"type":"Feature","properties":{"tier":"high"},"geometry":{"type":"LineString","coordinates":[[138.550072,-35.075831],[138.550128,-35.075699],[138.550128,-35.075668],[138.550121,-35.075642],[138.550117,-35.075635],[138.550108,-35.07562],[138.550091,-35.075602],[138.550051,-35.075576],[138.549971,-35.075539]]}},{"type":"Feature","properties":{"tier":"high"},"geometry":{"type":"LineString","coordinates":[[138.551135,-35.07549],[138.55091,-35.075535],[138.550851,-35.075548],[138.55078,-35.075577],[138.550699,-35.075614],[138.550649,-35.07564],[138.550624,-35.075652],[138.550551,-35.075705],[138.550505,-35.075738],[138.550243,-35.075911]]}},{"type":"Feature","properties":{"tier":"high"},"geometry":{"type":"LineString","coordinates":[[138.555025,-35.066478],[138.55497,-35.066438],[138.554942,-35.066405],[138.554915,-35.066365],[138.554904,-35.066338],[138.554893,-35.066293],[138.554862,-35.066111],[138.554824,-35.065955]]}},{"type":"Feature","properties":{"tier":"high"},"geometry":{"type":"LineString","coordinates":[[138.549798,-35.075547],[138.550137,-35.075488],[138.550195,-35.075476],[138.550235,-35.075463],[138.550271,-35.075449],[138.550298,-35.075436],[138.550334,-35.075417],[138.550377,-35.075387],[138.550562,-35.075264]]}},{"type":"Feature","properties":{"tier":"high"},"geometry":{"type":"LineString","coordinates":[[138.554804,-35.066972],[138.554898,-35.066834],[138.554915,-35.066782],[138.554918,-35.06663],[138.554917,-35.0666],[138.554917,-35.066569],[138.554926,-35.066543],[138.55495,-35.066515],[138.555025,-35.066478]]}},{"type":"Feature","properties":{"tier":"high"},"geometry":{"type":"LineString","coordinates":[[138.550878,-35.075141],[138.550817,-35.075352],[138.550813,-35.075366],[138.550812,-35.075379],[138.550815,-35.0754],[138.550823,-35.075419],[138.550834,-35.075436],[138.550847,-35.075448],[138.550871,-35.075463],[138.550897,-35.075472],[138.551135,-35.07549]]}},{"type":"Feature","properties":{"tier":"arterial"},"geometry":{"type":"LineString","coordinates":[[138.546077,-35.083502],[138.546029,-35.08333],[138.546012,-35.083269],[138.545996,-35.083226],[138.54599,-35.083218],[138.545982,-35.08321],[138.545969,-35.083202],[138.545953,-35.083195],[138.54593,-35.083188],[138.545891,-35.083178]]}},{"type":"Feature","properties":{"tier":"high"},"geometry":{"type":"LineString","coordinates":[[138.553835,-35.071088],[138.554057,-35.070802],[138.554111,-35.070717],[138.554152,-35.07065],[138.554186,-35.070605],[138.554221,-35.07057],[138.554317,-35.070539]]}},{"type":"Feature","properties":{"tier":"high"},"geometry":{"type":"LineString","coordinates":[[138.554317,-35.070539],[138.554262,-35.070486],[138.554242,-35.070461],[138.554237,-35.070434],[138.554273,-35.070268],[138.554293,-35.07015],[138.554296,-35.069944]]}},{"type":"Feature","properties":{"tier":"arterial"},"geometry":{"type":"LineString","coordinates":[[138.522809,-35.115392],[138.522932,-35.115616],[138.522953,-35.115647],[138.522979,-35.115675],[138.523005,-35.115695],[138.523031,-35.11571],[138.523073,-35.115732],[138.523121,-35.115756]]}},{"type":"Feature","properties":{"tier":"arterial"},"geometry":{"type":"LineString","coordinates":[[138.523387,-35.122737],[138.523238,-35.122748]]}},{"type":"Feature","properties":{"tier":"arterial"},"geometry":{"type":"LineString","coordinates":[[138.522379,-35.115795],[138.522541,-35.115719],[138.522563,-35.115707],[138.522582,-35.115694],[138.522592,-35.115684],[138.522607,-35.115668],[138.522623,-35.115645],[138.522633,-35.115622],[138.522639,-35.115597],[138.52264,-35.115578],[138.522645,-35.115466],[138.522675,-35.115312]]}},{"type":"Feature","properties":{"tier":"arterial"},"geometry":{"type":"LineString","coordinates":[[138.523121,-35.115756],[138.522968,-35.115881],[138.522956,-35.115892],[138.522949,-35.115899],[138.522934,-35.115915],[138.522917,-35.11594],[138.522906,-35.115961],[138.522897,-35.115986],[138.522892,-35.116006],[138.522889,-35.116025],[138.522884,-35.116087],[138.522867,-35.116173]]}},{"type":"Feature","properties":{"tier":"arterial"},"geometry":{"type":"LineString","coordinates":[[138.522751,-35.116157],[138.522681,-35.115988],[138.522652,-35.115937],[138.522631,-35.115901],[138.522614,-35.115877],[138.522593,-35.115851],[138.522568,-35.115826],[138.52252,-35.115788]]}},{"type":"Feature","properties":{"tier":"arterial"},"geometry":{"type":"LineString","coordinates":[[138.527219,-35.070293],[138.527305,-35.070128],[138.527487,-35.069945],[138.52751,-35.069913],[138.527524,-35.069887],[138.527537,-35.069855],[138.527544,-35.069832],[138.527548,-35.069805],[138.52755,-35.069776],[138.527548,-35.069748],[138.527542,-35.069714],[138.52753,-35.069679],[138.527515,-35.069648]]}},{"type":"Feature","properties":{"tier":"arterial"},"geometry":{"type":"LineString","coordinates":[[138.528377,-35.069408],[138.528103,-35.069612],[138.527989,-35.069708],[138.52794,-35.06974],[138.527897,-35.069768],[138.527853,-35.069783],[138.52781,-35.069788],[138.527758,-35.069778]]}},{"type":"Feature","properties":{"tier":"arterial"},"geometry":{"type":"LineString","coordinates":[[138.500373,-35.106452],[138.500058,-35.106529],[138.49998,-35.106538]]}},{"type":"Feature","properties":{"tier":"arterial"},"geometry":{"type":"LineString","coordinates":[[138.522644,-35.074779],[138.522472,-35.074998],[138.522444,-35.075037],[138.522428,-35.075074],[138.522425,-35.075102],[138.522424,-35.07513],[138.522428,-35.075162],[138.522438,-35.075231]]}},{"type":"Feature","properties":{"tier":"arterial"},"geometry":{"type":"LineString","coordinates":[[138.521623,-35.075432],[138.521803,-35.075343],[138.521948,-35.075226],[138.522008,-35.075184],[138.522061,-35.075152],[138.52211,-35.07513],[138.522149,-35.075116],[138.522187,-35.075113],[138.522248,-35.075118]]}},{"type":"Feature","properties":{"tier":"arterial"},"geometry":{"type":"LineString","coordinates":[[138.52603,-35.071643],[138.525964,-35.071794],[138.525822,-35.071939],[138.525807,-35.07196],[138.525792,-35.071985],[138.525779,-35.072017],[138.525772,-35.072044],[138.525768,-35.072074],[138.525768,-35.072088],[138.525769,-35.072111],[138.525774,-35.072142],[138.525784,-35.072173],[138.5258,-35.072205],[138.525823,-35.072239]]}},{"type":"Feature","properties":{"tier":"regional"},"geometry":{"type":"LineString","coordinates":[[138.527224,-35.073086],[138.527187,-35.07307],[138.527121,-35.073034],[138.527051,-35.072995],[138.526935,-35.072921]]}},{"type":"Feature","properties":{"tier":"regional"},"geometry":{"type":"LineString","coordinates":[[138.525553,-35.072092],[138.52563,-35.072127],[138.525665,-35.072142],[138.525823,-35.072239]]}},{"type":"Feature","properties":{"tier":"regional"},"geometry":{"type":"LineString","coordinates":[[138.525805,-35.072286],[138.525786,-35.072272],[138.525626,-35.072173],[138.525601,-35.072145],[138.525553,-35.072092]]}},{"type":"Feature","properties":{"tier":"arterial"},"geometry":{"type":"LineString","coordinates":[[138.524977,-35.072414],[138.525145,-35.072336],[138.525289,-35.072204],[138.525343,-35.072166],[138.52539,-35.07214],[138.525433,-35.072119],[138.525478,-35.072105],[138.525553,-35.072092]]}},{"type":"Feature","properties":{"tier":"arterial"},"geometry":{"type":"LineString","coordinates":[[138.518499,-35.077468],[138.518635,-35.077526],[138.518661,-35.077531],[138.518705,-35.077538],[138.518737,-35.077539],[138.518753,-35.077538],[138.518784,-35.077536],[138.518817,-35.077531],[138.518855,-35.077521],[138.518893,-35.077507],[138.518917,-35.077495],[138.519081,-35.077417],[138.519213,-35.077363]]}},{"type":"Feature","properties":{"tier":"arterial"},"geometry":{"type":"LineString","coordinates":[[138.527491,-35.069574],[138.527592,-35.069604],[138.527619,-35.06961],[138.527656,-35.069615],[138.527688,-35.069617],[138.527724,-35.069615],[138.527769,-35.069608],[138.527794,-35.069601],[138.527829,-35.069588],[138.527862,-35.069572],[138.52788,-35.069561],[138.527905,-35.069542],[138.527917,-35.069531],[138.528045,-35.069433],[138.528224,-35.069332]]}},{"type":"Feature","properties":{"tier":"arterial"},"geometry":{"type":"LineString","coordinates":[[138.525805,-35.072286],[138.525769,-35.072272],[138.525722,-35.07226],[138.525681,-35.072255],[138.525647,-35.072253],[138.52562,-35.072254],[138.525594,-35.072257],[138.525563,-35.072262],[138.525537,-35.072268],[138.525501,-35.07228],[138.525466,-35.072295],[138.525434,-35.072314],[138.525404,-35.072337],[138.525197,-35.072514],[138.525049,-35.07257]]}},{"type":"Feature","properties":{"tier":"arterial"},"geometry":{"type":"LineString","coordinates":[[138.527758,-35.069778],[138.527767,-35.069828],[138.527767,-35.069859],[138.527757,-35.069882],[138.527737,-35.069915],[138.527417,-35.07033]]}},{"type":"Feature","properties":{"tier":"arterial"},"geometry":{"type":"LineString","coordinates":[[138.525553,-35.072092],[138.525541,-35.072052],[138.525543,-35.072019],[138.525557,-35.071987],[138.525615,-35.071914],[138.525718,-35.071798],[138.525805,-35.071634]]}},{"type":"Feature","properties":{"tier":"arterial"},"geometry":{"type":"LineString","coordinates":[[138.518756,-35.077707],[138.518751,-35.077741],[138.518745,-35.07777],[138.518728,-35.077804],[138.518707,-35.077841],[138.51867,-35.077905],[138.518595,-35.078013]]}},{"type":"Feature","properties":{"tier":"arterial"},"geometry":{"type":"LineString","coordinates":[[138.522248,-35.075118],[138.52224,-35.075085],[138.52225,-35.075058],[138.522277,-35.075016],[138.522313,-35.074962],[138.522372,-35.07487],[138.522468,-35.074717]]}},{"type":"Feature","properties":{"tier":"arterial"},"geometry":{"type":"LineString","coordinates":[[138.522473,-35.075325],[138.522363,-35.075286],[138.522306,-35.075273],[138.522263,-35.07527],[138.52221,-35.075275],[138.52217,-35.075282],[138.522106,-35.075296],[138.522014,-35.075318]]}},{"type":"Feature","properties":{"tier":"arterial"},"geometry":{"type":"LineString","coordinates":[[138.520407,-35.077097],[138.52026,-35.077117],[138.520029,-35.077133],[138.519961,-35.077141],[138.519881,-35.07716],[138.519802,-35.077195],[138.519668,-35.077273],[138.51945,-35.077373]]}},{"type":"Feature","properties":{"tier":"arterial"},"geometry":{"type":"LineString","coordinates":[[138.517392,-35.079645],[138.517048,-35.07965],[138.51694,-35.079632],[138.516859,-35.07962],[138.516741,-35.079603],[138.516614,-35.079591],[138.516569,-35.079583],[138.516509,-35.079582],[138.516417,-35.079584]]}},{"type":"Feature","properties":{"tier":"arterial"},"geometry":{"type":"LineString","coordinates":[[138.516011,-35.079051],[138.516335,-35.079126],[138.516443,-35.079148],[138.516495,-35.079156],[138.516549,-35.079161],[138.516601,-35.079163],[138.516654,-35.079161],[138.516709,-35.079151],[138.516759,-35.079142]]}},{"type":"Feature","properties":{"tier":"regional"},"geometry":{"type":"LineString","coordinates":[[138.515402,-35.078601],[138.51554,-35.078722],[138.515585,-35.078763],[138.515648,-35.078807]]}},{"type":"Feature","properties":{"tier":"regional"},"geometry":{"type":"LineString","coordinates":[[138.516185,-35.079287],[138.516139,-35.079267],[138.516072,-35.079226],[138.516004,-35.079179],[138.515809,-35.079041],[138.515707,-35.078961],[138.515514,-35.078809],[138.515433,-35.078738]]}},{"type":"Feature","properties":{"tier":"arterial"},"geometry":{"type":"LineString","coordinates":[[138.517221,-35.079004],[138.517058,-35.079213],[138.517027,-35.07925],[138.51701,-35.079274],[138.517,-35.07931],[138.517001,-35.079345],[138.517007,-35.079376],[138.51702,-35.079406],[138.517045,-35.079442]]}},{"type":"Feature","properties":{"tier":"arterial"},"geometry":{"type":"LineString","coordinates":[[138.515916,-35.079745],[138.516068,-35.079567],[138.516137,-35.079509],[138.516172,-35.079473],[138.516194,-35.079439],[138.51621,-35.079404],[138.516207,-35.07937],[138.516199,-35.079331],[138.516185,-35.079287]]}},{"type":"Feature","properties":{"tier":"arterial"},"geometry":{"type":"LineString","coordinates":[[138.518168,-35.078134],[138.518459,-35.077838],[138.518479,-35.077815],[138.518502,-35.077783],[138.518523,-35.077745],[138.518536,-35.077711],[138.518542,-35.077687],[138.518545,-35.077675],[138.518548,-35.077649],[138.518549,-35.077629],[138.518547,-35.0776],[138.51854,-35.077561],[138.518529,-35.077527],[138.518513,-35.077492],[138.518499,-35.077468]]}},{"type":"Feature","properties":{"tier":"arterial"},"geometry":{"type":"LineString","coordinates":[[138.519648,-35.077219],[138.519518,-35.077264],[138.519392,-35.077338],[138.518959,-35.077663],[138.518903,-35.077698],[138.518869,-35.077708],[138.518839,-35.077711],[138.518786,-35.077713],[138.518756,-35.077707]]}},{"type":"Feature","properties":{"tier":"arterial"},"geometry":{"type":"LineString","coordinates":[[138.49998,-35.106335],[138.500338,-35.106364]]}},{"type":"Feature","properties":{"tier":"arterial"},"geometry":{"type":"LineString","coordinates":[[138.510366,-35.083739],[138.510369,-35.08376],[138.510365,-35.083781],[138.510356,-35.083805],[138.510332,-35.083836],[138.510188,-35.083947],[138.51,-35.084098],[138.509933,-35.084166],[138.509915,-35.084185],[138.509901,-35.084207]]}},{"type":"Feature","properties":{"tier":"arterial"},"geometry":{"type":"LineString","coordinates":[[138.511369,-35.083228],[138.511352,-35.083232],[138.511338,-35.083236],[138.511321,-35.083244],[138.510894,-35.083517],[138.510666,-35.083658],[138.510578,-35.083703],[138.510486,-35.083736],[138.510433,-35.083742],[138.510366,-35.083739]]}},{"type":"Feature","properties":{"tier":"arterial"},"geometry":{"type":"LineString","coordinates":[[138.531028,-35.066909],[138.530633,-35.067205],[138.530604,-35.067209],[138.530583,-35.067198],[138.53057,-35.067183],[138.530542,-35.067135]]}},{"type":"Feature","properties":{"tier":"regional"},"geometry":{"type":"LineString","coordinates":[[138.52735,-35.072982],[138.527442,-35.072924],[138.527461,-35.072908],[138.527493,-35.07288],[138.527617,-35.072804]]}},{"type":"Feature","properties":{"tier":"regional"},"geometry":{"type":"LineString","coordinates":[[138.527617,-35.072804],[138.527553,-35.072886],[138.52752,-35.072941],[138.52749,-35.072993],[138.527468,-35.073046]]}},{"type":"Feature","properties":{"tier":"regional"},"geometry":{"type":"LineString","coordinates":[[138.527478,-35.073086],[138.527573,-35.073168],[138.527665,-35.073264]]}},{"type":"Feature","properties":{"tier":"regional"},"geometry":{"type":"LineString","coordinates":[[138.527665,-35.073264],[138.527536,-35.073222],[138.52747,-35.073204],[138.527399,-35.073182]]}},{"type":"Feature","properties":{"tier":"regional"},"geometry":{"type":"LineString","coordinates":[[138.526935,-35.072921],[138.5271,-35.072952],[138.527153,-35.072962],[138.527229,-35.072976],[138.527299,-35.072991]]}},{"type":"Feature","properties":{"tier":"regional"},"geometry":{"type":"LineString","coordinates":[[138.526935,-35.072921],[138.526848,-35.072877],[138.52663,-35.072768],[138.526404,-35.072639]]}},{"type":"Feature","properties":{"tier":"regional"},"geometry":{"type":"LineString","coordinates":[[138.527456,-35.073144],[138.52744,-35.07316],[138.527399,-35.073182],[138.52735,-35.07319],[138.527311,-35.073185],[138.527284,-35.073171],[138.527261,-35.073159],[138.527241,-35.073138],[138.527224,-35.073086],[138.52723,-35.073052],[138.527261,-35.073012],[138.527299,-35.072991],[138.52735,-35.072982],[138.527413,-35.072995],[138.52744,-35.073012],[138.527468,-35.073046],[138.527478,-35.073086],[138.527471,-35.073119],[138.527456,-35.073144]]}},{"type":"Feature","properties":{"tier":"regional"},"geometry":{"type":"LineString","coordinates":[[138.533449,-35.085699],[138.533451,-35.085497],[138.533429,-35.085299],[138.533392,-35.085118],[138.533361,-35.08492],[138.533306,-35.084189],[138.533289,-35.084015],[138.53325,-35.083816],[138.533239,-35.083656],[138.533248,-35.083499],[138.533316,-35.083269],[138.533373,-35.083159],[138.533447,-35.083015],[138.533609,-35.082812],[138.533799,-35.082622],[138.534029,-35.08246],[138.534192,-35.082358]]}},{"type":"Feature","properties":{"tier":"regional"},"geometry":{"type":"LineString","coordinates":[[138.533474,-35.085893],[138.533433,-35.08589],[138.533395,-35.085876],[138.533366,-35.085853],[138.533348,-35.085823],[138.533344,-35.085789],[138.533353,-35.085756],[138.533376,-35.085728],[138.53341,-35.085708],[138.533449,-35.085699]]}},{"type":"Feature","properties":{"tier":"arterial"},"geometry":{"type":"LineString","coordinates":[[138.511091,-35.106677],[138.511046,-35.106761],[138.510877,-35.106934],[138.510665,-35.107074],[138.510601,-35.107129],[138.510555,-35.107174],[138.510528,-35.107206],[138.510506,-35.107244],[138.510489,-35.107276],[138.51047,-35.107317],[138.510458,-35.107357],[138.510446,-35.107414]]}},{"type":"Feature","properties":{"tier":"regional"},"geometry":{"type":"LineString","coordinates":[[138.514707,-35.076852],[138.514688,-35.077046]]}},{"type":"Feature","properties":{"tier":"regional"},"geometry":{"type":"LineString","coordinates":[[138.503141,-35.077452],[138.502925,-35.077287]]}},{"type":"Feature","properties":{"tier":"regional"},"geometry":{"type":"LineString","coordinates":[[138.534213,-35.096882],[138.534161,-35.096241],[138.534071,-35.094995],[138.534056,-35.094565],[138.534071,-35.094369]]}},{"type":"Feature","properties":{"tier":"arterial"},"geometry":{"type":"LineString","coordinates":[[138.534238,-35.097162],[138.534299,-35.097374],[138.534335,-35.097483],[138.534369,-35.097563],[138.534399,-35.097585],[138.534475,-35.097589],[138.534568,-35.097566],[138.534821,-35.097453]]}},{"type":"Feature","properties":{"tier":"regional"},"geometry":{"type":"LineString","coordinates":[[138.534339,-35.082279],[138.534355,-35.0823],[138.534362,-35.082325],[138.534358,-35.082349],[138.534344,-35.082372],[138.534322,-35.082389],[138.534294,-35.082399],[138.534263,-35.0824],[138.534234,-35.082393],[138.534209,-35.082379],[138.534192,-35.082358]]}},{"type":"Feature","properties":{"tier":"regional"},"geometry":{"type":"LineString","coordinates":[[138.536321,-35.081145],[138.536298,-35.081127],[138.536283,-35.081103],[138.536279,-35.081077],[138.536286,-35.081051],[138.536304,-35.081029],[138.536329,-35.081012],[138.53636,-35.081004],[138.536392,-35.081005],[138.536422,-35.081014]]}},{"type":"Feature","properties":{"tier":"regional"},"geometry":{"type":"LineString","coordinates":[[138.536788,-35.079673],[138.536792,-35.079954],[138.536765,-35.080235],[138.536731,-35.080352],[138.536706,-35.080437],[138.536639,-35.080595],[138.536584,-35.080724],[138.536422,-35.081014]]}},{"type":"Feature","properties":{"tier":"regional"},"geometry":{"type":"LineString","coordinates":[[138.534339,-35.082279],[138.535033,-35.081976],[138.535548,-35.081751],[138.535793,-35.081608],[138.536022,-35.081435],[138.536203,-35.081267],[138.536321,-35.081145]]}},{"type":"Feature","properties":{"tier":"regional"},"geometry":{"type":"LineString","coordinates":[[138.514583,-35.077361],[138.514589,-35.0773]]}},{"type":"Feature","properties":{"tier":"high"},"geometry":{"type":"LineString","coordinates":[[138.507706,-35.121463],[138.507868,-35.121038]]}},{"type":"Feature","properties":{"tier":"high"},"geometry":{"type":"LineString","coordinates":[[138.509783,-35.106177],[138.510052,-35.10562]]}},{"type":"Feature","properties":{"tier":"high"},"geometry":{"type":"LineString","coordinates":[[138.507868,-35.121038],[138.508265,-35.119966],[138.508699,-35.118867],[138.508873,-35.118365],[138.509026,-35.117802],[138.509147,-35.11714],[138.509213,-35.116336],[138.509181,-35.115519],[138.5091,-35.113914],[138.508958,-35.110966]]}},{"type":"Feature","properties":{"tier":"high"},"geometry":{"type":"LineString","coordinates":[[138.540208,-35.086452],[138.54054,-35.086261],[138.540875,-35.086048],[138.541092,-35.085899],[138.5413,-35.085748],[138.54153,-35.085575],[138.541703,-35.085431],[138.541891,-35.085265],[138.542072,-35.085107],[138.542412,-35.084749],[138.54265,-35.084476],[138.542823,-35.084267],[138.542968,-35.084087],[138.543135,-35.083861],[138.543324,-35.08358],[138.5436,-35.083092],[138.543776,-35.082725],[138.543933,-35.08234],[138.544043,-35.082004],[138.544176,-35.081578],[138.544287,-35.081084],[138.544355,-35.080399],[138.544369,-35.080075],[138.544349,-35.079453],[138.544315,-35.079164],[138.544121,-35.078192],[138.543734,-35.076678],[138.543678,-35.076453],[138.543629,-35.076248],[138.543586,-35.07597]]}},{"type":"Feature","properties":{"tier":"high"},"geometry":{"type":"LineString","coordinates":[[138.510052,-35.10562],[138.51027,-35.105215],[138.510505,-35.104819],[138.510885,-35.104242],[138.511192,-35.103841],[138.51152,-35.103447],[138.511938,-35.102983],[138.512377,-35.102536],[138.513724,-35.101362],[138.514511,-35.100679],[138.514961,-35.10025],[138.515547,-35.099679],[138.516082,-35.099167],[138.516562,-35.09867],[138.517164,-35.097984],[138.517778,-35.097251],[138.518474,-35.09648],[138.519092,-35.09587],[138.519931,-35.095128],[138.520673,-35.094517],[138.521216,-35.094118],[138.521706,-35.093782]]}},{"type":"Feature","properties":{"tier":"high"},"geometry":{"type":"LineString","coordinates":[[138.521706,-35.093782],[138.52318,-35.092841]]}},{"type":"Feature","properties":{"tier":"high"},"geometry":{"type":"LineString","coordinates":[[138.54359,-35.074695],[138.543655,-35.074137],[138.543723,-35.073757],[138.543807,-35.073402],[138.543916,-35.073075],[138.544138,-35.072447],[138.544271,-35.072108],[138.544416,-35.071728],[138.544651,-35.071124],[138.544794,-35.070652],[138.545012,-35.069784],[138.545089,-35.069372],[138.545146,-35.069088],[138.545182,-35.068785],[138.54521,-35.068514],[138.54523,-35.068175],[138.545223,-35.067656],[138.545134,-35.064611],[138.545094,-35.06248]]}},{"type":"Feature","properties":{"tier":"high"},"geometry":{"type":"LineString","coordinates":[[138.544922,-35.080239],[138.544792,-35.080153],[138.544692,-35.080078],[138.544597,-35.080003],[138.544506,-35.079923],[138.54442,-35.079841],[138.544335,-35.079754],[138.544257,-35.079667],[138.544182,-35.079578],[138.544111,-35.079483],[138.544047,-35.07939],[138.543986,-35.079292],[138.543931,-35.079195],[138.543878,-35.079093],[138.543829,-35.078986],[138.54379,-35.078885],[138.543754,-35.078781],[138.543723,-35.078671],[138.543697,-35.078565],[138.543676,-35.078458],[138.543661,-35.078349],[138.543651,-35.07824],[138.543635,-35.07799]]}},{"type":"Feature","properties":{"tier":"high"},"geometry":{"type":"LineString","coordinates":[[138.546039,-35.08174],[138.546089,-35.081352],[138.546098,-35.081267],[138.546094,-35.081145]]}},{"type":"Feature","properties":{"tier":"high"},"geometry":{"type":"LineString","coordinates":[[138.546094,-35.081145],[138.546048,-35.08108],[138.545987,-35.080999],[138.545909,-35.080912],[138.545824,-35.08083],[138.545729,-35.080755],[138.545628,-35.080686],[138.545525,-35.080621],[138.544922,-35.080239]]}},{"type":"Feature","properties":{"tier":"regional"},"geometry":{"type":"LineString","coordinates":[[138.51466,-35.076466],[138.514638,-35.076376],[138.514582,-35.076141],[138.514574,-35.076109],[138.514509,-35.075815],[138.514417,-35.075401],[138.514407,-35.075355],[138.514401,-35.075231],[138.514381,-35.075016],[138.514333,-35.074591]]}},{"type":"Feature","properties":{"tier":"arterial"},"geometry":{"type":"LineString","coordinates":[[138.548533,-35.124958],[138.548618,-35.124927],[138.548694,-35.124899],[138.54875,-35.12487],[138.548797,-35.124831],[138.548831,-35.12479],[138.548853,-35.124755],[138.548867,-35.12472],[138.548871,-35.124685],[138.548873,-35.124663],[138.548869,-35.124598],[138.548862,-35.124543],[138.548819,-35.124349]]}},{"type":"Feature","properties":{"tier":"arterial"},"geometry":{"type":"LineString","coordinates":[[138.54642,-35.091825],[138.546389,-35.091531],[138.546332,-35.090975]]}},{"type":"Feature","properties":{"tier":"arterial"},"geometry":{"type":"LineString","coordinates":[[138.546332,-35.090975],[138.54633,-35.090952],[138.54631,-35.090751]]}},{"type":"Feature","properties":{"tier":"regional"},"geometry":{"type":"LineString","coordinates":[[138.540472,-35.090957],[138.540497,-35.090789]]}},{"type":"Feature","properties":{"tier":"arterial"},"geometry":{"type":"LineString","coordinates":[[138.538116,-35.089068],[138.538491,-35.088772]]}},{"type":"Feature","properties":{"tier":"arterial"},"geometry":{"type":"LineString","coordinates":[[138.538258,-35.089088],[138.537999,-35.08937],[138.53781,-35.089586],[138.537645,-35.089886],[138.537512,-35.090186],[138.537427,-35.090524],[138.537315,-35.091247],[138.537173,-35.092019],[138.537065,-35.092576],[138.536911,-35.093413],[138.536738,-35.094363],[138.536679,-35.094595],[138.536641,-35.094718],[138.536533,-35.095066],[138.536433,-35.095316],[138.53622,-35.095779],[138.53604,-35.096096]]}},{"type":"Feature","properties":{"tier":"arterial"},"geometry":{"type":"LineString","coordinates":[[138.538491,-35.088772],[138.539337,-35.088321],[138.540487,-35.087845],[138.541164,-35.087464],[138.54169,-35.087018],[138.543223,-35.085209],[138.544048,-35.084276],[138.54482,-35.083396],[138.545324,-35.082761],[138.545485,-35.082569]]}},{"type":"Feature","properties":{"tier":"regional"},"geometry":{"type":"LineString","coordinates":[[138.540512,-35.090695],[138.540515,-35.090669],[138.540547,-35.090433],[138.540585,-35.090268],[138.540642,-35.090061],[138.540776,-35.089706],[138.540846,-35.089599],[138.540992,-35.089462],[138.541242,-35.089244],[138.541373,-35.089131],[138.541755,-35.08879],[138.54195,-35.088625],[138.541976,-35.088609],[138.542262,-35.088359],[138.542577,-35.088091],[138.542769,-35.087928],[138.542889,-35.087826],[138.543446,-35.087351],[138.54366,-35.087165],[138.543951,-35.086914],[138.54438,-35.086542],[138.544461,-35.086472],[138.545047,-35.08596]]}},{"type":"Feature","properties":{"tier":"arterial"},"geometry":{"type":"LineString","coordinates":[[138.546799,-35.093908],[138.546919,-35.094764]]}},{"type":"Feature","properties":{"tier":"arterial"},"geometry":{"type":"LineString","coordinates":[[138.538621,-35.088812],[138.538258,-35.089088]]}},{"type":"Feature","properties":{"tier":"regional"},"geometry":{"type":"LineString","coordinates":[[138.517751,-35.06248],[138.516267,-35.062564]]}},{"type":"Feature","properties":{"tier":"arterial"},"geometry":{"type":"LineString","coordinates":[[138.546462,-35.090983],[138.546496,-35.091306]]}},{"type":"Feature","properties":{"tier":"arterial"},"geometry":{"type":"LineString","coordinates":[[138.509305,-35.10605],[138.509287,-35.105883]]}},{"type":"Feature","properties":{"tier":"regional"},"geometry":{"type":"LineString","coordinates":[[138.539315,-35.093993],[138.539173,-35.093999],[138.539135,-35.094],[138.538931,-35.094009]]}},{"type":"Feature","properties":{"tier":"arterial"},"geometry":{"type":"LineString","coordinates":[[138.546402,-35.090311],[138.546445,-35.090741]]}},{"type":"Feature","properties":{"tier":"arterial"},"geometry":{"type":"LineString","coordinates":[[138.546496,-35.091306],[138.546539,-35.091701]]}},{"type":"Feature","properties":{"tier":"arterial"},"geometry":{"type":"LineString","coordinates":[[138.523545,-35.125009],[138.523403,-35.125015]]}},{"type":"Feature","properties":{"tier":"regional"},"geometry":{"type":"LineString","coordinates":[[138.544523,-35.064536],[138.544502,-35.064651],[138.544436,-35.064802],[138.544366,-35.064899],[138.544194,-35.065047],[138.543501,-35.065402],[138.542485,-35.065883],[138.542042,-35.066093],[138.540568,-35.066785]]}},{"type":"Feature","properties":{"tier":"regional"},"geometry":{"type":"LineString","coordinates":[[138.561157,-35.113952],[138.562383,-35.113907],[138.56252,-35.113922]]}},{"type":"Feature","properties":{"tier":"regional"},"geometry":{"type":"LineString","coordinates":[[138.545389,-35.085677],[138.545321,-35.085739]]}},{"type":"Feature","properties":{"tier":"high"},"geometry":{"type":"LineString","coordinates":[[138.510099,-35.104637],[138.5102,-35.104518],[138.510257,-35.10445],[138.510554,-35.104076],[138.511274,-35.103268],[138.511655,-35.102902],[138.513157,-35.101719],[138.513724,-35.101362]]}},{"type":"Feature","properties":{"tier":"high"},"geometry":{"type":"LineString","coordinates":[[138.512343,-35.102782],[138.512294,-35.102878],[138.511626,-35.103732],[138.5115,-35.103903]]}},{"type":"Feature","properties":{"tier":"arterial"},"geometry":{"type":"LineString","coordinates":[[138.510099,-35.104637],[138.510112,-35.104663],[138.510121,-35.104683],[138.510124,-35.104709],[138.510121,-35.10473],[138.51011,-35.10476],[138.51009,-35.104787],[138.510066,-35.104812],[138.510037,-35.104837],[138.509986,-35.104874],[138.509732,-35.105025],[138.509692,-35.105055],[138.509649,-35.105093],[138.509611,-35.10513],[138.50956,-35.105182],[138.509523,-35.105224],[138.509502,-35.105256],[138.509478,-35.105297],[138.509452,-35.105357],[138.509426,-35.105429],[138.509412,-35.105479],[138.509398,-35.105546],[138.509392,-35.105607],[138.509391,-35.105686],[138.509398,-35.105771],[138.509399,-35.105799],[138.509402,-35.105876]]}},{"type":"Feature","properties":{"tier":"regional"},"geometry":{"type":"LineString","coordinates":[[138.502925,-35.077287],[138.502781,-35.077175],[138.502628,-35.077061],[138.502599,-35.077039],[138.502472,-35.076935]]}},{"type":"Feature","properties":{"tier":"high"},"geometry":{"type":"LineString","coordinates":[[138.546305,-35.081275],[138.54631,-35.081407],[138.546307,-35.081462],[138.546301,-35.081504],[138.546293,-35.081547],[138.546273,-35.081666]]}},{"type":"Feature","properties":{"tier":"high"},"geometry":{"type":"LineString","coordinates":[[138.543635,-35.07799],[138.543586,-35.07597]]}},{"type":"Feature","properties":{"tier":"high"},"geometry":{"type":"LineString","coordinates":[[138.543586,-35.07597],[138.543563,-35.075625],[138.543564,-35.075176],[138.54359,-35.074695]]}},{"type":"Feature","properties":{"tier":"high"},"geometry":{"type":"LineString","coordinates":[[138.543975,-35.076836],[138.544059,-35.077261],[138.544488,-35.0791],[138.544562,-35.079796],[138.544566,-35.080324],[138.544519,-35.081079],[138.544411,-35.08159],[138.544284,-35.08208],[138.544195,-35.082372],[138.544069,-35.0827],[138.543921,-35.083005],[138.543778,-35.083289],[138.54363,-35.08355],[138.543447,-35.083845],[138.543286,-35.084075],[138.543103,-35.084324],[138.542808,-35.084677],[138.542536,-35.084976],[138.542322,-35.085191],[138.542102,-35.085392],[138.541899,-35.085577],[138.541684,-35.085745],[138.541361,-35.085991],[138.541075,-35.086189],[138.540847,-35.086327],[138.540574,-35.086496],[138.540306,-35.086647],[138.540022,-35.086786],[138.539749,-35.086916],[138.539478,-35.087044],[138.53921,-35.087149],[138.538919,-35.08726],[138.538567,-35.087378],[138.538315,-35.087447],[138.538048,-35.087527],[138.537691,-35.087618],[138.537379,-35.087688],[138.536947,-35.087758],[138.535953,-35.087907],[138.535301,-35.088022],[138.534822,-35.088111],[138.534602,-35.088157]]}},{"type":"Feature","properties":{"tier":"high"},"geometry":{"type":"LineString","coordinates":[[138.54381,-35.074706],[138.543799,-35.074856],[138.543792,-35.074947],[138.543791,-35.075301],[138.543794,-35.075539],[138.543803,-35.075767],[138.543816,-35.075955]]}},{"type":"Feature","properties":{"tier":"regional"},"geometry":{"type":"LineString","coordinates":[[138.559127,-35.088622],[138.559141,-35.088818],[138.559231,-35.090067],[138.559283,-35.090798]]}},{"type":"Feature","properties":{"tier":"regional"},"geometry":{"type":"LineString","coordinates":[[138.558999,-35.086841],[138.559012,-35.087017],[138.559127,-35.088622]]}},{"type":"Feature","properties":{"tier":"regional"},"geometry":{"type":"LineString","coordinates":[[138.559335,-35.091816],[138.559354,-35.092005],[138.559442,-35.09288]]}},{"type":"Feature","properties":{"tier":"regional"},"geometry":{"type":"LineString","coordinates":[[138.510416,-35.121296],[138.510423,-35.121375],[138.510443,-35.121639],[138.510491,-35.121984],[138.510572,-35.122836],[138.510717,-35.12471],[138.51074,-35.124985],[138.510743,-35.12502]]}},{"type":"Feature","properties":{"tier":"regional"},"geometry":{"type":"LineString","coordinates":[[138.559473,-35.096274],[138.559124,-35.095983],[138.558734,-35.095755],[138.558628,-35.095681],[138.558052,-35.09532],[138.557745,-35.095129],[138.557606,-35.094971],[138.557485,-35.094764],[138.557429,-35.094592],[138.557409,-35.094531],[138.557347,-35.094097],[138.557333,-35.093876],[138.557311,-35.093541],[138.557291,-35.093239],[138.557285,-35.093153]]}},{"type":"Feature","properties":{"tier":"regional"},"geometry":{"type":"LineString","coordinates":[[138.53412,-35.099484],[138.534199,-35.099551],[138.534264,-35.099611],[138.534318,-35.099668],[138.534352,-35.099714],[138.534388,-35.09977],[138.534417,-35.099831],[138.53443,-35.099889],[138.534438,-35.09998],[138.534459,-35.100238],[138.534557,-35.101308],[138.534649,-35.102761],[138.534691,-35.103248],[138.534727,-35.103671],[138.534779,-35.104466],[138.534788,-35.104604]]}},{"type":"Feature","properties":{"tier":"arterial"},"geometry":{"type":"LineString","coordinates":[[138.53338,-35.098852],[138.533032,-35.099194]]}},{"type":"Feature","properties":{"tier":"high"},"geometry":{"type":"LineString","coordinates":[[138.506321,-35.12502],[138.506631,-35.12425],[138.507523,-35.121936],[138.507706,-35.121463]]}},{"type":"Feature","properties":{"tier":"high"},"geometry":{"type":"LineString","coordinates":[[138.5453,-35.06248],[138.545355,-35.064307],[138.545462,-35.067607],[138.545468,-35.068139],[138.54545,-35.068493],[138.545396,-35.069067],[138.545375,-35.069226],[138.54534,-35.06948],[138.545275,-35.069843],[138.545049,-35.070724],[138.544891,-35.071213],[138.544641,-35.071821],[138.544487,-35.072191],[138.544342,-35.072526],[138.544124,-35.073149],[138.544032,-35.073494],[138.543946,-35.073878],[138.543874,-35.074233],[138.543835,-35.074468],[138.54381,-35.074706]]}},{"type":"Feature","properties":{"tier":"regional"},"geometry":{"type":"LineString","coordinates":[[138.52215,-35.105359],[138.522162,-35.105431],[138.522171,-35.105488],[138.522197,-35.105868],[138.522233,-35.1064],[138.522249,-35.106641],[138.522253,-35.106703],[138.522284,-35.107159],[138.522277,-35.107596],[138.52227,-35.108049]]}},{"type":"Feature","properties":{"tier":"arterial"},"geometry":{"type":"LineString","coordinates":[[138.51521,-35.105591],[138.516865,-35.10551],[138.516933,-35.105507],[138.517097,-35.105499],[138.517709,-35.105469]]}},{"type":"Feature","properties":{"tier":"arterial"},"geometry":{"type":"LineString","coordinates":[[138.509266,-35.105638],[138.509265,-35.105577],[138.509269,-35.105527],[138.509273,-35.105477],[138.509278,-35.105447],[138.509296,-35.105383],[138.509329,-35.105307],[138.509365,-35.105243],[138.509407,-35.105182],[138.509438,-35.105143]]}},{"type":"Feature","properties":{"tier":"arterial"},"geometry":{"type":"LineString","coordinates":[[138.502326,-35.106358],[138.501981,-35.106375],[138.501673,-35.106389]]}},{"type":"Feature","properties":{"tier":"regional"},"geometry":{"type":"LineString","coordinates":[[138.539127,-35.094212],[138.539139,-35.094152],[138.539128,-35.094109],[138.539117,-35.094098],[138.539094,-35.094074],[138.539061,-35.094058],[138.539007,-35.094043],[138.538932,-35.094033],[138.5388,-35.094016]]}},{"type":"Feature","properties":{"tier":"regional"},"geometry":{"type":"LineString","coordinates":[[138.538931,-35.094009],[138.539128,-35.093942],[138.539178,-35.093922],[138.539277,-35.093884],[138.539349,-35.093828],[138.539397,-35.093774]]}},{"type":"Feature","properties":{"tier":"arterial"},"geometry":{"type":"LineString","coordinates":[[138.545497,-35.082735],[138.545378,-35.082884],[138.5449,-35.083471],[138.544828,-35.083558],[138.544585,-35.083828],[138.544104,-35.084354],[138.543317,-35.085271],[138.541723,-35.087089],[138.541223,-35.087545],[138.540542,-35.087946],[138.539375,-35.088417],[138.538621,-35.088812]]}},{"type":"Feature","properties":{"tier":"high"},"geometry":{"type":"LineString","coordinates":[[138.546596,-35.080687],[138.546691,-35.080496],[138.546706,-35.080465],[138.54684,-35.080205],[138.547006,-35.079933],[138.547152,-35.079683],[138.54732,-35.079428],[138.547515,-35.079133],[138.547569,-35.079051]]}},{"type":"Feature","properties":{"tier":"regional"},"geometry":{"type":"LineString","coordinates":[[138.55034,-35.075524],[138.550568,-35.075514]]}},{"type":"Feature","properties":{"tier":"regional"},"geometry":{"type":"LineString","coordinates":[[138.549971,-35.075539],[138.550221,-35.075529],[138.550259,-35.075527],[138.55034,-35.075524]]}},{"type":"Feature","properties":{"tier":"high"},"geometry":{"type":"LineString","coordinates":[[138.553064,-35.072455],[138.551865,-35.073894],[138.550878,-35.075141]]}},{"type":"Feature","properties":{"tier":"high"},"geometry":{"type":"LineString","coordinates":[[138.554317,-35.070539],[138.554301,-35.07059],[138.554198,-35.070852],[138.55399,-35.071204],[138.553809,-35.071496]]}},{"type":"Feature","properties":{"tier":"high"},"geometry":{"type":"LineString","coordinates":[[138.555025,-35.066478],[138.555024,-35.066798],[138.554996,-35.067116],[138.554897,-35.067766],[138.554691,-35.068893],[138.554475,-35.069959],[138.554343,-35.070458],[138.554317,-35.070539]]}},{"type":"Feature","properties":{"tier":"regional"},"geometry":{"type":"LineString","coordinates":[[138.545891,-35.083178],[138.545856,-35.083196],[138.545795,-35.08323],[138.545746,-35.083264],[138.545701,-35.083297],[138.54565,-35.083341],[138.545602,-35.083396],[138.545569,-35.083437],[138.545527,-35.083499],[138.545504,-35.08354],[138.545485,-35.083587],[138.545466,-35.083644],[138.545454,-35.083708],[138.545449,-35.083791],[138.545473,-35.084235],[138.545505,-35.084583],[138.545549,-35.085052],[138.545535,-35.085343],[138.545531,-35.085359],[138.545481,-35.085549],[138.545389,-35.085677]]}},{"type":"Feature","properties":{"tier":"arterial"},"geometry":{"type":"LineString","coordinates":[[138.546177,-35.082938],[138.546201,-35.082791],[138.546207,-35.082753]]}},{"type":"Feature","properties":{"tier":"regional"},"geometry":{"type":"LineString","coordinates":[[138.545359,-35.084481],[138.545328,-35.083798],[138.545327,-35.083766],[138.545333,-35.083703],[138.545342,-35.083647],[138.545359,-35.083566],[138.545375,-35.083521],[138.545393,-35.083473],[138.545411,-35.083434],[138.545436,-35.083392],[138.545463,-35.08335],[138.545506,-35.083292],[138.545543,-35.083249],[138.54558,-35.083214],[138.545623,-35.083179],[138.545657,-35.083153],[138.545698,-35.083124],[138.545729,-35.083105],[138.54577,-35.083081],[138.545809,-35.083062],[138.545849,-35.083044],[138.545902,-35.083025],[138.546016,-35.082986],[138.546055,-35.082973],[138.546118,-35.082954],[138.546177,-35.082938]]}},{"type":"Feature","properties":{"tier":"arterial"},"geometry":{"type":"LineString","coordinates":[[138.527758,-35.069778],[138.528224,-35.069332],[138.528732,-35.068845],[138.530542,-35.067135],[138.531371,-35.066352],[138.532523,-35.06527],[138.532927,-35.064884],[138.533344,-35.064456],[138.533619,-35.064141],[138.533975,-35.063688],[138.534298,-35.063202],[138.534488,-35.062862],[138.534671,-35.06248]]}},{"type":"Feature","properties":{"tier":"arterial"},"geometry":{"type":"LineString","coordinates":[[138.527405,-35.1051],[138.527168,-35.105109]]}},{"type":"Feature","properties":{"tier":"arterial"},"geometry":{"type":"LineString","coordinates":[[138.527168,-35.105109],[138.527261,-35.105012]]}},{"type":"Feature","properties":{"tier":"arterial"},"geometry":{"type":"LineString","coordinates":[[138.527495,-35.105002],[138.527405,-35.1051]]}},{"type":"Feature","properties":{"tier":"arterial"},"geometry":{"type":"LineString","coordinates":[[138.522594,-35.110118],[138.522691,-35.109954],[138.522736,-35.10989]]}},{"type":"Feature","properties":{"tier":"arterial"},"geometry":{"type":"LineString","coordinates":[[138.525637,-35.106732],[138.526081,-35.106258],[138.526254,-35.106069]]}},{"type":"Feature","properties":{"tier":"arterial"},"geometry":{"type":"LineString","coordinates":[[138.518595,-35.078013],[138.517221,-35.079004]]}},{"type":"Feature","properties":{"tier":"arterial"},"geometry":{"type":"LineString","coordinates":[[138.522644,-35.074779],[138.522248,-35.075118]]}},{"type":"Feature","properties":{"tier":"arterial"},"geometry":{"type":"LineString","coordinates":[[138.509311,-35.084362],[138.509726,-35.084138],[138.509959,-35.083992]]}},{"type":"Feature","properties":{"tier":"arterial"},"geometry":{"type":"LineString","coordinates":[[138.507269,-35.085319],[138.507002,-35.085395],[138.506698,-35.085463],[138.506257,-35.08555],[138.506034,-35.085589],[138.505785,-35.085625],[138.504851,-35.085744]]}},{"type":"Feature","properties":{"tier":"arterial"},"geometry":{"type":"LineString","coordinates":[[138.504847,-35.085601],[138.505808,-35.085474],[138.506272,-35.085379]]}},{"type":"Feature","properties":{"tier":"arterial"},"geometry":{"type":"LineString","coordinates":[[138.548977,-35.082666],[138.548358,-35.082412],[138.548148,-35.082324],[138.547947,-35.082279]]}},{"type":"Feature","properties":{"tier":"arterial"},"geometry":{"type":"LineString","coordinates":[[138.547956,-35.082208],[138.548185,-35.082254],[138.548361,-35.082326],[138.548846,-35.082563],[138.548977,-35.082666]]}},{"type":"Feature","properties":{"tier":"arterial"},"geometry":{"type":"LineString","coordinates":[[138.546622,-35.093656],[138.546613,-35.093565]]}},{"type":"Feature","properties":{"tier":"regional"},"geometry":{"type":"LineString","coordinates":[[138.545163,-35.093673],[138.545013,-35.093681]]}},{"type":"Feature","properties":{"tier":"arterial"},"geometry":{"type":"LineString","coordinates":[[138.546763,-35.093646],[138.546622,-35.093656]]}},{"type":"Feature","properties":{"tier":"arterial"},"geometry":{"type":"LineString","coordinates":[[138.546539,-35.091701],[138.546628,-35.092424]]}},{"type":"Feature","properties":{"tier":"arterial"},"geometry":{"type":"LineString","coordinates":[[138.546351,-35.082118],[138.546413,-35.081803],[138.546436,-35.08169],[138.54645,-35.081591],[138.546465,-35.081373]]}},{"type":"Feature","properties":{"tier":"arterial"},"geometry":{"type":"LineString","coordinates":[[138.546409,-35.082876],[138.546386,-35.083008]]}},{"type":"Feature","properties":{"tier":"arterial"},"geometry":{"type":"LineString","coordinates":[[138.546177,-35.082938],[138.546409,-35.082876]]}},{"type":"Feature","properties":{"tier":"arterial"},"geometry":{"type":"LineString","coordinates":[[138.546148,-35.083087],[138.546177,-35.082938]]}},{"type":"Feature","properties":{"tier":"arterial"},"geometry":{"type":"LineString","coordinates":[[138.548533,-35.124958],[138.549025,-35.124886]]}},{"type":"Feature","properties":{"tier":"arterial"},"geometry":{"type":"LineString","coordinates":[[138.548327,-35.122978],[138.548459,-35.122943]]}},{"type":"Feature","properties":{"tier":"regional"},"geometry":{"type":"LineString","coordinates":[[138.549104,-35.124876],[138.549127,-35.124983],[138.549133,-35.12502]]}},{"type":"Feature","properties":{"tier":"arterial"},"geometry":{"type":"LineString","coordinates":[[138.548459,-35.122943],[138.548638,-35.123525],[138.548744,-35.123806]]}},{"type":"Feature","properties":{"tier":"arterial"},"geometry":{"type":"LineString","coordinates":[[138.548442,-35.123363],[138.548327,-35.122978]]}},{"type":"Feature","properties":{"tier":"arterial"},"geometry":{"type":"LineString","coordinates":[[138.548819,-35.124349],[138.548686,-35.12401],[138.548546,-35.123655],[138.548442,-35.123363]]}},{"type":"Feature","properties":{"tier":"arterial"},"geometry":{"type":"LineString","coordinates":[[138.547877,-35.10806],[138.547881,-35.108167]]}},{"type":"Feature","properties":{"tier":"arterial"},"geometry":{"type":"LineString","coordinates":[[138.547783,-35.109354],[138.547776,-35.109175],[138.547752,-35.10874],[138.547712,-35.108026]]}},{"type":"Feature","properties":{"tier":"arterial"},"geometry":{"type":"LineString","coordinates":[[138.547712,-35.108026],[138.547695,-35.107695],[138.547571,-35.105837],[138.547466,-35.104522]]}},{"type":"Feature","properties":{"tier":"arterial"},"geometry":{"type":"LineString","coordinates":[[138.547575,-35.104067],[138.547581,-35.10414],[138.547594,-35.104294]]}},{"type":"Feature","properties":{"tier":"arterial"},"geometry":{"type":"LineString","coordinates":[[138.547422,-35.103995],[138.547416,-35.103927],[138.547403,-35.103788],[138.547218,-35.101854],[138.547179,-35.101407],[138.547151,-35.101137],[138.54705,-35.099809],[138.546965,-35.098188],[138.546944,-35.097832],[138.546901,-35.097117],[138.546881,-35.096989],[138.546873,-35.096506],[138.546871,-35.096416]]}},{"type":"Feature","properties":{"tier":"arterial"},"geometry":{"type":"LineString","coordinates":[[138.523403,-35.12502],[138.523403,-35.125015],[138.523393,-35.12483],[138.523371,-35.124493],[138.523351,-35.124172],[138.523337,-35.123967],[138.523238,-35.122748]]}},{"type":"Feature","properties":{"tier":"arterial"},"geometry":{"type":"LineString","coordinates":[[138.509402,-35.105876],[138.5094,-35.105894],[138.509397,-35.105908],[138.509388,-35.105936],[138.509378,-35.105959],[138.509367,-35.105981],[138.509356,-35.105997],[138.509342,-35.106018],[138.509328,-35.106034],[138.509305,-35.10605]]}},{"type":"Feature","properties":{"tier":"arterial"},"geometry":{"type":"LineString","coordinates":[[138.509287,-35.105883],[138.509402,-35.105876]]}},{"type":"Feature","properties":{"tier":"arterial"},"geometry":{"type":"LineString","coordinates":[[138.511138,-35.105941],[138.511054,-35.105946]]}},{"type":"Feature","properties":{"tier":"arterial"},"geometry":{"type":"LineString","coordinates":[[138.511083,-35.10578],[138.511138,-35.105941]]}},{"type":"Feature","properties":{"tier":"regional"},"geometry":{"type":"LineString","coordinates":[[138.517045,-35.079442],[138.517283,-35.079509],[138.517538,-35.079573],[138.517715,-35.079616],[138.517819,-35.079638],[138.517979,-35.079661],[138.5183,-35.079706],[138.518439,-35.079709],[138.518644,-35.079714],[138.518726,-35.079716],[138.519066,-35.079699],[138.51977,-35.079625]]}},{"type":"Feature","properties":{"tier":"regional"},"geometry":{"type":"LineString","coordinates":[[138.516541,-35.079298],[138.516735,-35.079354]]}},{"type":"Feature","properties":{"tier":"arterial"},"geometry":{"type":"LineString","coordinates":[[138.516428,-35.079378],[138.516541,-35.079298]]}},{"type":"Feature","properties":{"tier":"arterial"},"geometry":{"type":"LineString","coordinates":[[138.513869,-35.081216],[138.515916,-35.079745]]}},{"type":"Feature","properties":{"tier":"regional"},"geometry":{"type":"LineString","coordinates":[[138.516624,-35.079434],[138.516428,-35.079378]]}},{"type":"Feature","properties":{"tier":"regional"},"geometry":{"type":"LineString","coordinates":[[138.51977,-35.079625],[138.519659,-35.079674],[138.519449,-35.079711],[138.519081,-35.079758],[138.518726,-35.079783],[138.518643,-35.079782],[138.518499,-35.079779],[138.518434,-35.079777],[138.518371,-35.079774],[138.518095,-35.079752],[138.517961,-35.079738]]}},{"type":"Feature","properties":{"tier":"arterial"},"geometry":{"type":"LineString","coordinates":[[138.512477,-35.082398],[138.511555,-35.083088],[138.511369,-35.083228]]}},{"type":"Feature","properties":{"tier":"arterial"},"geometry":{"type":"LineString","coordinates":[[138.516735,-35.079354],[138.516624,-35.079434]]}},{"type":"Feature","properties":{"tier":"regional"},"geometry":{"type":"LineString","coordinates":[[138.51467,-35.077337],[138.51467,-35.077396],[138.51467,-35.07743],[138.514672,-35.07752]]}},{"type":"Feature","properties":{"tier":"regional"},"geometry":{"type":"LineString","coordinates":[[138.514658,-35.07779],[138.51464,-35.077732],[138.514615,-35.077656],[138.514595,-35.077585],[138.514585,-35.077503],[138.514585,-35.077441],[138.514583,-35.07742],[138.514583,-35.077361]]}},{"type":"Feature","properties":{"tier":"regional"},"geometry":{"type":"LineString","coordinates":[[138.522032,-35.105259],[138.522064,-35.105183]]}},{"type":"Feature","properties":{"tier":"regional"},"geometry":{"type":"LineString","coordinates":[[138.522013,-35.105366],[138.522032,-35.105259]]}},{"type":"Feature","properties":{"tier":"arterial"},"geometry":{"type":"LineString","coordinates":[[138.52215,-35.105359],[138.522075,-35.105363],[138.522013,-35.105366]]}},{"type":"Feature","properties":{"tier":"arterial"},"geometry":{"type":"LineString","coordinates":[[138.523114,-35.105311],[138.522732,-35.10533],[138.522225,-35.105355],[138.52215,-35.105359]]}},{"type":"Feature","properties":{"tier":"arterial"},"geometry":{"type":"LineString","coordinates":[[138.526595,-35.105131],[138.5262,-35.105153],[138.526025,-35.105163]]}},{"type":"Feature","properties":{"tier":"arterial"},"geometry":{"type":"LineString","coordinates":[[138.526625,-35.105039],[138.527109,-35.105018],[138.52715,-35.105017],[138.527261,-35.105012]]}},{"type":"Feature","properties":{"tier":"arterial"},"geometry":{"type":"LineString","coordinates":[[138.522032,-35.105259],[138.522094,-35.105256]]}},{"type":"Feature","properties":{"tier":"regional"},"geometry":{"type":"LineString","coordinates":[[138.551522,-35.103835],[138.553158,-35.10376],[138.553315,-35.103753]]}},{"type":"Feature","properties":{"tier":"regional"},"geometry":{"type":"LineString","coordinates":[[138.551522,-35.103835],[138.551395,-35.103873],[138.551102,-35.10389],[138.550486,-35.103925],[138.54984,-35.10396],[138.548369,-35.104034],[138.548024,-35.104049],[138.547763,-35.104059],[138.54765,-35.104064],[138.547575,-35.104067]]}},{"type":"Feature","properties":{"tier":"regional"},"geometry":{"type":"LineString","coordinates":[[138.548125,-35.093522],[138.548022,-35.093559],[138.547821,-35.093575]]}},{"type":"Feature","properties":{"tier":"regional"},"geometry":{"type":"LineString","coordinates":[[138.546622,-35.093656],[138.546568,-35.093658],[138.546417,-35.093665]]}},{"type":"Feature","properties":{"tier":"regional"},"geometry":{"type":"LineString","coordinates":[[138.545163,-35.093673],[138.545355,-35.093627],[138.545622,-35.093612]]}},{"type":"Feature","properties":{"tier":"arterial"},"geometry":{"type":"LineString","coordinates":[[138.546581,-35.093344],[138.546516,-35.092714],[138.54642,-35.091825]]}},{"type":"Feature","properties":{"tier":"arterial"},"geometry":{"type":"LineString","coordinates":[[138.546613,-35.093565],[138.546752,-35.093554]]}},{"type":"Feature","properties":{"tier":"arterial"},"geometry":{"type":"LineString","coordinates":[[138.546752,-35.093554],[138.546763,-35.093646]]}},{"type":"Feature","properties":{"tier":"regional"},"geometry":{"type":"LineString","coordinates":[[138.54716,-35.093534],[138.547877,-35.093493],[138.547998,-35.093499],[138.548125,-35.093522]]}},{"type":"Feature","properties":{"tier":"arterial"},"geometry":{"type":"LineString","coordinates":[[138.546152,-35.093586],[138.546442,-35.093471],[138.546503,-35.093432],[138.54654,-35.093409],[138.546581,-35.093344]]}},{"type":"Feature","properties":{"tier":"regional"},"geometry":{"type":"LineString","coordinates":[[138.545622,-35.093612],[138.546152,-35.093586],[138.546524,-35.093569],[138.546557,-35.093567],[138.546613,-35.093565]]}},{"type":"Feature","properties":{"tier":"arterial"},"geometry":{"type":"LineString","coordinates":[[138.546664,-35.094021],[138.546604,-35.093836],[138.546529,-35.093742],[138.546417,-35.093665]]}},{"type":"Feature","properties":{"tier":"arterial"},"geometry":{"type":"LineString","coordinates":[[138.546725,-35.094593],[138.546664,-35.094021]]}},{"type":"Feature","properties":{"tier":"arterial"},"geometry":{"type":"LineString","coordinates":[[138.546664,-35.094021],[138.54663,-35.093725],[138.546627,-35.093699],[138.546622,-35.093656]]}},{"type":"Feature","properties":{"tier":"arterial"},"geometry":{"type":"LineString","coordinates":[[138.546628,-35.092424],[138.546663,-35.092742]]}},{"type":"Feature","properties":{"tier":"arterial"},"geometry":{"type":"LineString","coordinates":[[138.546663,-35.092742],[138.54674,-35.093445],[138.546743,-35.093475],[138.546752,-35.093554]]}},{"type":"Feature","properties":{"tier":"arterial"},"geometry":{"type":"LineString","coordinates":[[138.546663,-35.092742],[138.546744,-35.092937],[138.546791,-35.093186],[138.546874,-35.093403],[138.54691,-35.093433],[138.546972,-35.093486],[138.54716,-35.093534]]}},{"type":"Feature","properties":{"tier":"arterial"},"geometry":{"type":"LineString","coordinates":[[138.547315,-35.093613],[138.54704,-35.093686],[138.546921,-35.093739],[138.546831,-35.0938],[138.546799,-35.093908]]}},{"type":"Feature","properties":{"tier":"regional"},"geometry":{"type":"LineString","coordinates":[[138.547821,-35.093575],[138.547315,-35.093613]]}},{"type":"Feature","properties":{"tier":"regional"},"geometry":{"type":"LineString","coordinates":[[138.545649,-35.093702],[138.545368,-35.093707],[138.545163,-35.093673]]}},{"type":"Feature","properties":{"tier":"regional"},"geometry":{"type":"LineString","coordinates":[[138.546417,-35.093665],[138.545649,-35.093702]]}},{"type":"Feature","properties":{"tier":"arterial"},"geometry":{"type":"LineString","coordinates":[[138.510185,-35.107667],[138.510165,-35.107667]]}},{"type":"Feature","properties":{"tier":"arterial"},"geometry":{"type":"LineString","coordinates":[[138.510446,-35.107414],[138.510447,-35.107455],[138.51044,-35.107492],[138.510427,-35.107528],[138.51041,-35.107556],[138.510385,-35.107584],[138.510344,-35.107617],[138.510312,-35.107636],[138.510279,-35.10765],[138.510232,-35.107661],[138.510185,-35.107667]]}},{"type":"Feature","properties":{"tier":"arterial"},"geometry":{"type":"LineString","coordinates":[[138.507988,-35.105958],[138.509163,-35.105892],[138.509194,-35.10589],[138.509287,-35.105883]]}},{"type":"Feature","properties":{"tier":"high"},"geometry":{"type":"LineString","coordinates":[[138.545573,-35.079808],[138.546085,-35.080768]]}},{"type":"Feature","properties":{"tier":"arterial"},"geometry":{"type":"LineString","coordinates":[[138.527219,-35.070293],[138.527758,-35.069778]]}},{"type":"Feature","properties":{"tier":"arterial"},"geometry":{"type":"LineString","coordinates":[[138.52603,-35.071643],[138.525841,-35.07182],[138.525644,-35.072007],[138.525553,-35.072092]]}},{"type":"Feature","properties":{"tier":"arterial"},"geometry":{"type":"LineString","coordinates":[[138.526844,-35.070873],[138.52603,-35.071643]]}},{"type":"Feature","properties":{"tier":"arterial"},"geometry":{"type":"LineString","coordinates":[[138.526687,-35.070803],[138.527219,-35.070293]]}},{"type":"Feature","properties":{"tier":"regional"},"geometry":{"type":"LineString","coordinates":[[138.525888,-35.072317],[138.525805,-35.072286]]}},{"type":"Feature","properties":{"tier":"arterial"},"geometry":{"type":"LineString","coordinates":[[138.524977,-35.072414],[138.525108,-35.072293],[138.525343,-35.072071],[138.525408,-35.072008],[138.525689,-35.071743],[138.525805,-35.071634]]}},{"type":"Feature","properties":{"tier":"arterial"},"geometry":{"type":"LineString","coordinates":[[138.517147,-35.078864],[138.517412,-35.078673],[138.517831,-35.078375]]}},{"type":"Feature","properties":{"tier":"arterial"},"geometry":{"type":"LineString","coordinates":[[138.522014,-35.075318],[138.521916,-35.075402],[138.521252,-35.075908]]}},{"type":"Feature","properties":{"tier":"arterial"},"geometry":{"type":"LineString","coordinates":[[138.517221,-35.079004],[138.516866,-35.07926],[138.516841,-35.079278],[138.516735,-35.079354]]}},{"type":"Feature","properties":{"tier":"regional"},"geometry":{"type":"LineString","coordinates":[[138.517392,-35.079645],[138.517246,-35.079615],[138.517028,-35.079558],[138.516997,-35.079549],[138.516842,-35.079504],[138.516757,-35.079474],[138.516722,-35.079462],[138.516624,-35.079434]]}},{"type":"Feature","properties":{"tier":"regional"},"geometry":{"type":"LineString","coordinates":[[138.516011,-35.079051],[138.516095,-35.0791],[138.516206,-35.079158],[138.516304,-35.0792],[138.516428,-35.079255],[138.51646,-35.079267],[138.516541,-35.079298]]}},{"type":"Feature","properties":{"tier":"arterial"},"geometry":{"type":"LineString","coordinates":[[138.515916,-35.079745],[138.516291,-35.079477],[138.516319,-35.079457],[138.516428,-35.079378]]}},{"type":"Feature","properties":{"tier":"arterial"},"geometry":{"type":"LineString","coordinates":[[138.511369,-35.083228],[138.510503,-35.08383],[138.509901,-35.084207],[138.509132,-35.084634],[138.508648,-35.08485]]}},{"type":"Feature","properties":{"tier":"arterial"},"geometry":{"type":"LineString","coordinates":[[138.509959,-35.083992],[138.510366,-35.083739]]}},{"type":"Feature","properties":{"tier":"arterial"},"geometry":{"type":"LineString","coordinates":[[138.508125,-35.085043],[138.50769,-35.085179],[138.507269,-35.085319]]}},{"type":"Feature","properties":{"tier":"arterial"},"geometry":{"type":"LineString","coordinates":[[138.506272,-35.085379],[138.506666,-35.085315]]}},{"type":"Feature","properties":{"tier":"arterial"},"geometry":{"type":"LineString","coordinates":[[138.52305,-35.118261],[138.523094,-35.118829],[138.523151,-35.119604],[138.523152,-35.11963],[138.523159,-35.119715]]}},{"type":"Feature","properties":{"tier":"high"},"geometry":{"type":"LineString","coordinates":[[138.550072,-35.075831],[138.55023,-35.075648],[138.550264,-35.07561],[138.55034,-35.075524]]}},{"type":"Feature","properties":{"tier":"high"},"geometry":{"type":"LineString","coordinates":[[138.54956,-35.076451],[138.550072,-35.075831]]}},{"type":"Feature","properties":{"tier":"high"},"geometry":{"type":"LineString","coordinates":[[138.550562,-35.075264],[138.551871,-35.07365]]}},{"type":"Feature","properties":{"tier":"arterial"},"geometry":{"type":"LineString","coordinates":[[138.522809,-35.115392],[138.522825,-35.115647],[138.522825,-35.11565],[138.522827,-35.115689],[138.522832,-35.115771]]}},{"type":"Feature","properties":{"tier":"arterial"},"geometry":{"type":"LineString","coordinates":[[138.558671,-35.08256],[138.560464,-35.082467],[138.560963,-35.082447]]}},{"type":"Feature","properties":{"tier":"arterial"},"geometry":{"type":"LineString","coordinates":[[138.548977,-35.082666],[138.549403,-35.082867],[138.54968,-35.082965],[138.549868,-35.082997],[138.550007,-35.08302],[138.550137,-35.083026],[138.551275,-35.082974],[138.552331,-35.082913],[138.553249,-35.082861],[138.554026,-35.082816],[138.555065,-35.082756],[138.555147,-35.082752],[138.557996,-35.0826],[138.558562,-35.082567],[138.558671,-35.08256]]}},{"type":"Feature","properties":{"tier":"arterial"},"geometry":{"type":"LineString","coordinates":[[138.548335,-35.114539],[138.548343,-35.114607],[138.548355,-35.11477],[138.548397,-35.115334]]}},{"type":"Feature","properties":{"tier":"arterial"},"geometry":{"type":"LineString","coordinates":[[138.546039,-35.08174],[138.546154,-35.081549],[138.546221,-35.081428]]}},{"type":"Feature","properties":{"tier":"arterial"},"geometry":{"type":"LineString","coordinates":[[138.522381,-35.111394],[138.522371,-35.111207],[138.522367,-35.111066],[138.522377,-35.11092],[138.522387,-35.110819],[138.522408,-35.110689],[138.52244,-35.110547],[138.522471,-35.110418],[138.522508,-35.110311],[138.522553,-35.110205],[138.522594,-35.110118]]}},{"type":"Feature","properties":{"tier":"arterial"},"geometry":{"type":"LineString","coordinates":[[138.532873,-35.099156],[138.533276,-35.098757],[138.533447,-35.098607],[138.533924,-35.098205]]}},{"type":"Feature","properties":{"tier":"arterial"},"geometry":{"type":"LineString","coordinates":[[138.511083,-35.10578],[138.511232,-35.105773],[138.51147,-35.10577]]}},{"type":"Feature","properties":{"tier":"arterial"},"geometry":{"type":"LineString","coordinates":[[138.511041,-35.106057],[138.511043,-35.106033],[138.511054,-35.105946]]}},{"type":"Feature","properties":{"tier":"arterial"},"geometry":{"type":"LineString","coordinates":[[138.527544,-35.10472],[138.527703,-35.104547]]}},{"type":"Feature","properties":{"tier":"regional"},"geometry":{"type":"LineString","coordinates":[[138.522064,-35.105183],[138.522094,-35.105256]]}},{"type":"Feature","properties":{"tier":"arterial"},"geometry":{"type":"LineString","coordinates":[[138.523168,-35.119819],[138.523174,-35.119886],[138.523271,-35.121067],[138.523364,-35.122405]]}},{"type":"Feature","properties":{"tier":"arterial"},"geometry":{"type":"LineString","coordinates":[[138.523159,-35.119715],[138.523161,-35.119747],[138.523168,-35.119819]]}},{"type":"Feature","properties":{"tier":"regional"},"geometry":{"type":"LineString","coordinates":[[138.547315,-35.093613],[138.54689,-35.093639],[138.546861,-35.09364],[138.546763,-35.093646]]}},{"type":"Feature","properties":{"tier":"arterial"},"geometry":{"type":"LineString","coordinates":[[138.511598,-35.105923],[138.51128,-35.105933],[138.511245,-35.105934],[138.511138,-35.105941]]}},{"type":"Feature","properties":{"tier":"regional"},"geometry":{"type":"LineString","coordinates":[[138.536728,-35.068601],[138.537782,-35.068096],[138.538231,-35.06789],[138.538667,-35.067679],[138.539739,-35.067168],[138.540426,-35.066846]]}},{"type":"Feature","properties":{"tier":"regional"},"geometry":{"type":"LineString","coordinates":[[138.527658,-35.076693],[138.527642,-35.076742],[138.527619,-35.076767],[138.527578,-35.076787],[138.527536,-35.076793]]}},{"type":"Feature","properties":{"tier":"regional"},"geometry":{"type":"LineString","coordinates":[[138.527536,-35.076793],[138.527482,-35.076783],[138.527444,-35.076759],[138.527425,-35.076735],[138.527414,-35.076703]]}},{"type":"Feature","properties":{"tier":"regional"},"geometry":{"type":"LineString","coordinates":[[138.532615,-35.076321],[138.532579,-35.076344],[138.532536,-35.076355],[138.532491,-35.076354],[138.53245,-35.07634]]}},{"type":"Feature","properties":{"tier":"regional"},"geometry":{"type":"LineString","coordinates":[[138.534968,-35.076302],[138.53497,-35.076278],[138.534982,-35.076255],[138.535001,-35.076237],[138.535027,-35.076224],[138.535056,-35.076219]]}},{"type":"Feature","properties":{"tier":"arterial"},"geometry":{"type":"LineString","coordinates":[[138.535306,-35.097135],[138.535126,-35.097325],[138.534914,-35.097539],[138.534789,-35.097659],[138.534624,-35.097808],[138.534443,-35.097963],[138.534313,-35.09807]]}},{"type":"Feature","properties":{"tier":"arterial"},"geometry":{"type":"LineString","coordinates":[[138.535997,-35.096182],[138.535837,-35.096426],[138.535733,-35.096581],[138.535306,-35.097135]]}},{"type":"Feature","properties":{"tier":"regional"},"geometry":{"type":"LineString","coordinates":[[138.534071,-35.094132],[138.534113,-35.094129],[138.534167,-35.094143],[138.534201,-35.094164],[138.53422,-35.094183],[138.534244,-35.094242]]}},{"type":"Feature","properties":{"tier":"arterial"},"geometry":{"type":"LineString","coordinates":[[138.527818,-35.104652],[138.527573,-35.104918],[138.527541,-35.104952],[138.527495,-35.105002]]}},{"type":"Feature","properties":{"tier":"regional"},"geometry":{"type":"LineString","coordinates":[[138.527786,-35.105085],[138.527575,-35.105093],[138.527529,-35.105095],[138.527405,-35.1051]]}},{"type":"Feature","properties":{"tier":"arterial"},"geometry":{"type":"LineString","coordinates":[[138.51858,-35.105543],[138.517424,-35.105603]]}},{"type":"Feature","properties":{"tier":"arterial"},"geometry":{"type":"LineString","coordinates":[[138.51973,-35.105483],[138.518642,-35.10554]]}},{"type":"Feature","properties":{"tier":"regional"},"geometry":{"type":"LineString","coordinates":[[138.534895,-35.104677],[138.534895,-35.104706],[138.534883,-35.104733],[138.534862,-35.104755],[138.534833,-35.104771],[138.534799,-35.104779]]}},{"type":"Feature","properties":{"tier":"regional"},"geometry":{"type":"LineString","coordinates":[[138.534788,-35.104604],[138.534819,-35.104607],[138.534846,-35.104617],[138.534869,-35.104633],[138.534886,-35.104654],[138.534895,-35.104677]]}},{"type":"Feature","properties":{"tier":"regional"},"geometry":{"type":"LineString","coordinates":[[138.534799,-35.104779],[138.534763,-35.104776],[138.534729,-35.104764],[138.534702,-35.104743],[138.534686,-35.104715],[138.534682,-35.104685]]}},{"type":"Feature","properties":{"tier":"regional"},"geometry":{"type":"LineString","coordinates":[[138.53547,-35.115132],[138.535478,-35.115098],[138.535501,-35.115068],[138.535534,-35.115047],[138.535574,-35.115036]]}},{"type":"Feature","properties":{"tier":"regional"},"geometry":{"type":"LineString","coordinates":[[138.535596,-35.115237],[138.535556,-35.115233],[138.53552,-35.115218],[138.535492,-35.115194],[138.535474,-35.115164],[138.53547,-35.115132]]}},{"type":"Feature","properties":{"tier":"regional"},"geometry":{"type":"LineString","coordinates":[[138.535574,-35.115036],[138.535615,-35.115036],[138.535653,-35.115047],[138.535685,-35.115068],[138.535707,-35.115096],[138.535717,-35.115128]]}},{"type":"Feature","properties":{"tier":"arterial"},"geometry":{"type":"LineString","coordinates":[[138.548259,-35.115342],[138.548206,-35.114638],[138.548205,-35.114613],[138.548196,-35.114547]]}},{"type":"Feature","properties":{"tier":"regional"},"geometry":{"type":"LineString","coordinates":[[138.548335,-35.114539],[138.548196,-35.114547]]}},{"type":"Feature","properties":{"tier":"arterial"},"geometry":{"type":"LineString","coordinates":[[138.547405,-35.102354],[138.5475,-35.103288],[138.547563,-35.103899],[138.547562,-35.103906],[138.547563,-35.10392],[138.547569,-35.103986]]}},{"type":"Feature","properties":{"tier":"regional"},"geometry":{"type":"LineString","coordinates":[[138.552322,-35.093297],[138.552319,-35.093329],[138.552303,-35.093359],[138.552276,-35.093382],[138.552241,-35.093398],[138.552202,-35.093403]]}},{"type":"Feature","properties":{"tier":"regional"},"geometry":{"type":"LineString","coordinates":[[138.559348,-35.092968],[138.559352,-35.092939],[138.559375,-35.092907],[138.559404,-35.092889],[138.559442,-35.09288],[138.559477,-35.092882],[138.559512,-35.092896],[138.559537,-35.092917],[138.559554,-35.092958]]}},{"type":"Feature","properties":{"tier":"arterial"},"geometry":{"type":"LineString","coordinates":[[138.546564,-35.08211],[138.546437,-35.082739],[138.546432,-35.082763],[138.546409,-35.082876]]}},{"type":"Feature","properties":{"tier":"regional"},"geometry":{"type":"LineString","coordinates":[[138.549798,-35.075547],[138.549971,-35.075539]]}},{"type":"Feature","properties":{"tier":"high"},"geometry":{"type":"LineString","coordinates":[[138.546925,-35.080546],[138.546619,-35.081101],[138.54654,-35.08124]]}},{"type":"Feature","properties":{"tier":"arterial"},"geometry":{"type":"LineString","coordinates":[[138.522717,-35.113795],[138.52274,-35.114189]]}},{"type":"Feature","properties":{"tier":"regional"},"geometry":{"type":"LineString","coordinates":[[138.510288,-35.116415],[138.51037,-35.116411],[138.512339,-35.11631],[138.512486,-35.116303],[138.512546,-35.1163],[138.512606,-35.116296],[138.512777,-35.116288]]}},{"type":"Feature","properties":{"tier":"regional"},"geometry":{"type":"LineString","coordinates":[[138.549051,-35.12502],[138.549025,-35.124886]]}},{"type":"Feature","properties":{"tier":"regional"},"geometry":{"type":"LineString","coordinates":[[138.527495,-35.105002],[138.527618,-35.104997],[138.52798,-35.104982]]}},{"type":"Feature","properties":{"tier":"arterial"},"geometry":{"type":"LineString","coordinates":[[138.526841,-35.105447],[138.527089,-35.10519],[138.527119,-35.105159],[138.527168,-35.105109]]}},{"type":"Feature","properties":{"tier":"arterial"},"geometry":{"type":"LineString","coordinates":[[138.527168,-35.105109],[138.52709,-35.105112],[138.526595,-35.105131]]}},{"type":"Feature","properties":{"tier":"arterial"},"geometry":{"type":"LineString","coordinates":[[138.527405,-35.1051],[138.527355,-35.105154],[138.527221,-35.105298],[138.527128,-35.105399]]}},{"type":"Feature","properties":{"tier":"arterial"},"geometry":{"type":"LineString","coordinates":[[138.527261,-35.105012],[138.527308,-35.104963],[138.527462,-35.104804],[138.527544,-35.10472]]}},{"type":"Feature","properties":{"tier":"arterial"},"geometry":{"type":"LineString","coordinates":[[138.523118,-35.105206],[138.524164,-35.105156],[138.524333,-35.105147]]}},{"type":"Feature","properties":{"tier":"regional"},"geometry":{"type":"LineString","coordinates":[[138.522379,-35.115795],[138.52252,-35.115788]]}},{"type":"Feature","properties":{"tier":"regional"},"geometry":{"type":"LineString","coordinates":[[138.522832,-35.115771],[138.522926,-35.115766],[138.522975,-35.115763],[138.523121,-35.115756]]}},{"type":"Feature","properties":{"tier":"arterial"},"geometry":{"type":"LineString","coordinates":[[138.522659,-35.115164],[138.522586,-35.114491],[138.52252,-35.113441],[138.522508,-35.11325],[138.522477,-35.112765],[138.522465,-35.112577],[138.522412,-35.111962],[138.522381,-35.111394]]}},{"type":"Feature","properties":{"tier":"arterial"},"geometry":{"type":"LineString","coordinates":[[138.522751,-35.116157],[138.52273,-35.115891],[138.522729,-35.115875],[138.522722,-35.115778]]}},{"type":"Feature","properties":{"tier":"arterial"},"geometry":{"type":"LineString","coordinates":[[138.52011,-35.105352],[138.520897,-35.105314],[138.521077,-35.105305],[138.521937,-35.105263],[138.522032,-35.105259]]}},{"type":"Feature","properties":{"tier":"regional"},"geometry":{"type":"LineString","coordinates":[[138.522094,-35.105256],[138.52215,-35.105359]]}},{"type":"Feature","properties":{"tier":"arterial"},"geometry":{"type":"LineString","coordinates":[[138.509287,-35.105883],[138.50928,-35.105803],[138.509266,-35.105638]]}},{"type":"Feature","properties":{"tier":"arterial"},"geometry":{"type":"LineString","coordinates":[[138.509438,-35.105143],[138.509487,-35.105094],[138.509524,-35.10506],[138.509563,-35.105029],[138.509612,-35.104995],[138.509685,-35.10495],[138.509886,-35.104828],[138.509944,-35.104782],[138.510012,-35.104723],[138.510099,-35.104637]]}},{"type":"Feature","properties":{"tier":"arterial"},"geometry":{"type":"LineString","coordinates":[[138.509438,-35.105143],[138.509481,-35.105079],[138.509505,-35.105046],[138.509531,-35.105016],[138.509559,-35.104985],[138.509583,-35.104964],[138.509612,-35.104942],[138.509649,-35.104918],[138.509695,-35.10489],[138.509738,-35.104858],[138.509768,-35.104831],[138.509794,-35.104796],[138.509814,-35.104755],[138.509824,-35.104714],[138.509826,-35.104688],[138.509823,-35.104661],[138.509812,-35.104634],[138.509793,-35.104607],[138.509767,-35.104579],[138.509728,-35.104546],[138.509688,-35.104518],[138.509655,-35.104501],[138.509611,-35.104479]]}},{"type":"Feature","properties":{"tier":"arterial"},"geometry":{"type":"LineString","coordinates":[[138.509009,-35.106063],[138.508795,-35.106048],[138.508666,-35.106044],[138.508534,-35.106044],[138.508447,-35.106047]]}},{"type":"Feature","properties":{"tier":"arterial"},"geometry":{"type":"LineString","coordinates":[[138.509305,-35.10605],[138.509209,-35.106063],[138.509141,-35.106069],[138.509099,-35.10607],[138.509054,-35.106068],[138.509009,-35.106063]]}},{"type":"Feature","properties":{"tier":"high"},"geometry":{"type":"LineString","coordinates":[[138.509218,-35.106268],[138.509171,-35.10621],[138.509153,-35.106184],[138.509147,-35.10617],[138.509136,-35.106148],[138.509126,-35.106133],[138.509108,-35.106113],[138.509085,-35.106095],[138.509055,-35.106078],[138.509034,-35.10607],[138.509009,-35.106063]]}},{"type":"Feature","properties":{"tier":"high"},"geometry":{"type":"LineString","coordinates":[[138.508909,-35.109648],[138.508823,-35.109241],[138.508818,-35.108796],[138.508829,-35.108329]]}},{"type":"Feature","properties":{"tier":"high"},"geometry":{"type":"LineString","coordinates":[[138.509218,-35.106268],[138.509279,-35.106155],[138.509287,-35.106132],[138.509305,-35.10605]]}},{"type":"Feature","properties":{"tier":"arterial"},"geometry":{"type":"LineString","coordinates":[[138.510769,-35.105966],[138.510257,-35.105998]]}},{"type":"Feature","properties":{"tier":"arterial"},"geometry":{"type":"LineString","coordinates":[[138.51147,-35.10577],[138.511945,-35.105755],[138.513122,-35.105692]]}},{"type":"Feature","properties":{"tier":"high"},"geometry":{"type":"LineString","coordinates":[[138.511089,-35.104557],[138.511045,-35.104696],[138.511024,-35.104812],[138.511024,-35.104899],[138.511029,-35.105037],[138.511029,-35.105073]]}},{"type":"Feature","properties":{"tier":"high"},"geometry":{"type":"LineString","coordinates":[[138.511029,-35.105073],[138.511025,-35.10517],[138.511024,-35.105264],[138.511033,-35.10534],[138.511046,-35.10547],[138.511071,-35.105678],[138.511074,-35.105708],[138.511083,-35.10578]]}},{"type":"Feature","properties":{"tier":"high"},"geometry":{"type":"LineString","coordinates":[[138.511029,-35.105073],[138.511129,-35.105291],[138.511166,-35.105374],[138.511278,-35.105663],[138.51129,-35.105691],[138.5113,-35.105706],[138.511312,-35.10572],[138.511324,-35.10573],[138.511344,-35.105744],[138.511371,-35.105755],[138.511404,-35.105763],[138.511434,-35.105767],[138.51147,-35.10577]]}},{"type":"Feature","properties":{"tier":"arterial"},"geometry":{"type":"LineString","coordinates":[[138.536084,-35.096803],[138.535799,-35.097002],[138.535646,-35.097093],[138.535524,-35.097124],[138.535406,-35.09712],[138.535306,-35.097135]]}},{"type":"Feature","properties":{"tier":"regional"},"geometry":{"type":"LineString","coordinates":[[138.546148,-35.083087],[138.546049,-35.083118],[138.545999,-35.083134],[138.545945,-35.083154],[138.545891,-35.083178]]}},{"type":"Feature","properties":{"tier":"regional"},"geometry":{"type":"LineString","coordinates":[[138.509904,-35.108731],[138.510108,-35.108422],[138.510306,-35.108201],[138.510341,-35.108157],[138.510366,-35.108118],[138.510384,-35.108081],[138.5104,-35.108032],[138.510411,-35.107985],[138.510413,-35.107934],[138.510414,-35.107908]]}},{"type":"Feature","properties":{"tier":"arterial"},"geometry":{"type":"LineString","coordinates":[[138.511138,-35.105941],[138.51115,-35.105988],[138.511156,-35.106024],[138.511158,-35.106137],[138.511161,-35.106182]]}},{"type":"Feature","properties":{"tier":"regional"},"geometry":{"type":"LineString","coordinates":[[138.536267,-35.124471],[138.536305,-35.12502]]}},{"type":"Feature","properties":{"tier":"regional"},"geometry":{"type":"LineString","coordinates":[[138.509797,-35.108996],[138.509904,-35.108731]]}},{"type":"Feature","properties":{"tier":"arterial"},"geometry":{"type":"LineString","coordinates":[[138.511147,-35.106524],[138.511122,-35.10662],[138.511091,-35.106677]]}},{"type":"Feature","properties":{"tier":"arterial"},"geometry":{"type":"LineString","coordinates":[[138.509967,-35.10727],[138.509994,-35.107247],[138.510015,-35.107232],[138.510039,-35.107221],[138.510067,-35.107213],[138.510098,-35.107204],[138.510131,-35.107197],[138.510181,-35.107189],[138.510243,-35.107176],[138.510301,-35.10716],[138.510345,-35.107144],[138.510388,-35.107128],[138.510459,-35.107096],[138.510539,-35.107055],[138.510784,-35.106892]]}},{"type":"Feature","properties":{"tier":"arterial"},"geometry":{"type":"LineString","coordinates":[[138.517424,-35.105603],[138.517136,-35.105618],[138.517063,-35.105622],[138.516122,-35.10567],[138.51588,-35.105683],[138.514947,-35.105731]]}},{"type":"Feature","properties":{"tier":"arterial"},"geometry":{"type":"LineString","coordinates":[[138.511161,-35.106182],[138.511164,-35.106436],[138.511147,-35.106524]]}},{"type":"Feature","properties":{"tier":"arterial"},"geometry":{"type":"LineString","coordinates":[[138.50167,-35.10629],[138.502318,-35.106252],[138.504664,-35.106128],[138.506915,-35.10601]]}},{"type":"Feature","properties":{"tier":"arterial"},"geometry":{"type":"LineString","coordinates":[[138.509402,-35.105876],[138.510946,-35.105788],[138.511083,-35.10578]]}},{"type":"Feature","properties":{"tier":"arterial"},"geometry":{"type":"LineString","coordinates":[[138.510257,-35.105998],[138.5095,-35.106037],[138.509305,-35.10605]]}},{"type":"Feature","properties":{"tier":"arterial"},"geometry":{"type":"LineString","coordinates":[[138.533612,-35.098655],[138.53338,-35.098852]]}},{"type":"Feature","properties":{"tier":"arterial"},"geometry":{"type":"LineString","coordinates":[[138.534313,-35.09807],[138.53413,-35.09822],[138.533947,-35.098371],[138.533612,-35.098655]]}},{"type":"Feature","properties":{"tier":"arterial"},"geometry":{"type":"LineString","coordinates":[[138.533612,-35.098655],[138.533588,-35.098736],[138.533566,-35.098777],[138.533556,-35.098819],[138.533553,-35.098865],[138.533562,-35.098912],[138.533585,-35.098965],[138.533597,-35.099009]]}},{"type":"Feature","properties":{"tier":"regional"},"geometry":{"type":"LineString","coordinates":[[138.533805,-35.099223],[138.533997,-35.099384],[138.53412,-35.099484]]}},{"type":"Feature","properties":{"tier":"regional"},"geometry":{"type":"LineString","coordinates":[[138.53338,-35.098852],[138.533597,-35.099009]]}},{"type":"Feature","properties":{"tier":"regional"},"geometry":{"type":"LineString","coordinates":[[138.533805,-35.099223],[138.533691,-35.09917],[138.533538,-35.099054],[138.533491,-35.099024],[138.533451,-35.099011],[138.533399,-35.099004],[138.533345,-35.09901],[138.533289,-35.099026],[138.533231,-35.099063],[138.533152,-35.099132],[138.533032,-35.099194]]}},{"type":"Feature","properties":{"tier":"arterial"},"geometry":{"type":"LineString","coordinates":[[138.532801,-35.099225],[138.532873,-35.099156]]}},{"type":"Feature","properties":{"tier":"arterial"},"geometry":{"type":"LineString","coordinates":[[138.532127,-35.099922],[138.532155,-35.099893],[138.532252,-35.099792],[138.53263,-35.099399],[138.532683,-35.099346],[138.532801,-35.099225]]}},{"type":"Feature","properties":{"tier":"high"},"geometry":{"type":"LineString","coordinates":[[138.554632,-35.068173],[138.5547,-35.067754],[138.554799,-35.067082],[138.554804,-35.066972]]}},{"type":"Feature","properties":{"tier":"high"},"geometry":{"type":"LineString","coordinates":[[138.553809,-35.071496],[138.553064,-35.072455]]}},{"type":"Feature","properties":{"tier":"high"},"geometry":{"type":"LineString","coordinates":[[138.550878,-35.075141],[138.550652,-35.075414],[138.550629,-35.075442],[138.550568,-35.075514]]}},{"type":"Feature","properties":{"tier":"high"},"geometry":{"type":"LineString","coordinates":[[138.549762,-35.076491],[138.549256,-35.077119],[138.54888,-35.077582]]}},{"type":"Feature","properties":{"tier":"high"},"geometry":{"type":"LineString","coordinates":[[138.54863,-35.077912],[138.548558,-35.078006],[138.548335,-35.078273],[138.548129,-35.078526],[138.547959,-35.078758],[138.547804,-35.078962],[138.547713,-35.079106]]}},{"type":"Feature","properties":{"tier":"high"},"geometry":{"type":"LineString","coordinates":[[138.551871,-35.07365],[138.552148,-35.073309],[138.552972,-35.072295],[138.553424,-35.071718],[138.553627,-35.071424],[138.553835,-35.071088],[138.553984,-35.070791],[138.554084,-35.070597],[138.554144,-35.070394],[138.554296,-35.069944]]}},{"type":"Feature","properties":{"tier":"regional"},"geometry":{"type":"LineString","coordinates":[[138.547701,-35.07566],[138.549361,-35.075578],[138.549798,-35.075547]]}},{"type":"Feature","properties":{"tier":"high"},"geometry":{"type":"LineString","coordinates":[[138.548493,-35.077784],[138.548704,-35.077514],[138.54941,-35.076644]]}},{"type":"Feature","properties":{"tier":"high"},"geometry":{"type":"LineString","coordinates":[[138.54941,-35.076644],[138.54956,-35.076451]]}},{"type":"Feature","properties":{"tier":"high"},"geometry":{"type":"LineString","coordinates":[[138.55034,-35.075524],[138.550406,-35.075445],[138.550562,-35.075264]]}},{"type":"Feature","properties":{"tier":"regional"},"geometry":{"type":"LineString","coordinates":[[138.56252,-35.074868],[138.561084,-35.074947]]}},{"type":"Feature","properties":{"tier":"regional"},"geometry":{"type":"LineString","coordinates":[[138.561084,-35.074947],[138.560373,-35.074985],[138.55976,-35.075019],[138.559657,-35.075024],[138.558253,-35.075101],[138.558178,-35.075105],[138.556045,-35.075222],[138.555578,-35.075247],[138.554907,-35.075284],[138.554295,-35.075317],[138.55423,-35.075321],[138.552174,-35.075433]]}},{"type":"Feature","properties":{"tier":"high"},"geometry":{"type":"LineString","coordinates":[[138.556839,-35.062837],[138.556181,-35.063266],[138.555965,-35.063427],[138.555852,-35.063525],[138.555736,-35.063648],[138.555555,-35.063845],[138.555378,-35.0641],[138.555268,-35.064284],[138.555168,-35.064515],[138.555093,-35.064729]]}},{"type":"Feature","properties":{"tier":"high"},"geometry":{"type":"LineString","coordinates":[[138.555093,-35.064729],[138.555039,-35.064982],[138.555015,-35.065185],[138.555011,-35.065414],[138.55502,-35.065869],[138.555025,-35.066478]]}},{"type":"Feature","properties":{"tier":"high"},"geometry":{"type":"LineString","coordinates":[[138.554296,-35.069944],[138.554512,-35.06887],[138.554632,-35.068173]]}},{"type":"Feature","properties":{"tier":"arterial"},"geometry":{"type":"LineString","coordinates":[[138.523387,-35.122737],[138.52341,-35.123063],[138.523455,-35.123707],[138.523466,-35.123858],[138.523475,-35.124],[138.523481,-35.124082],[138.523514,-35.124556],[138.523545,-35.125009],[138.523546,-35.12502]]}},{"type":"Feature","properties":{"tier":"arterial"},"geometry":{"type":"LineString","coordinates":[[138.522616,-35.112707],[138.522662,-35.113242],[138.522681,-35.113434],[138.522717,-35.113795]]}},{"type":"Feature","properties":{"tier":"regional"},"geometry":{"type":"LineString","coordinates":[[138.523711,-35.115726],[138.524151,-35.115704]]}},{"type":"Feature","properties":{"tier":"regional"},"geometry":{"type":"LineString","coordinates":[[138.523343,-35.115745],[138.523664,-35.115729],[138.523711,-35.115726]]}},{"type":"Feature","properties":{"tier":"arterial"},"geometry":{"type":"LineString","coordinates":[[138.522892,-35.116408],[138.522941,-35.116853],[138.522995,-35.11753],[138.523024,-35.11793],[138.52305,-35.118261]]}},{"type":"Feature","properties":{"tier":"arterial"},"geometry":{"type":"LineString","coordinates":[[138.522886,-35.117876],[138.522833,-35.117222]]}},{"type":"Feature","properties":{"tier":"regional"},"geometry":{"type":"LineString","coordinates":[[138.533878,-35.115212],[138.534227,-35.115195],[138.534596,-35.115176],[138.534996,-35.115156]]}},{"type":"Feature","properties":{"tier":"arterial"},"geometry":{"type":"LineString","coordinates":[[138.522867,-35.116173],[138.522892,-35.116408]]}},{"type":"Feature","properties":{"tier":"arterial"},"geometry":{"type":"LineString","coordinates":[[138.522832,-35.115771],[138.522841,-35.115869],[138.522867,-35.116173]]}},{"type":"Feature","properties":{"tier":"regional"},"geometry":{"type":"LineString","coordinates":[[138.523121,-35.115756],[138.523343,-35.115745]]}},{"type":"Feature","properties":{"tier":"arterial"},"geometry":{"type":"LineString","coordinates":[[138.52274,-35.114189],[138.522809,-35.115392]]}},{"type":"Feature","properties":{"tier":"arterial"},"geometry":{"type":"LineString","coordinates":[[138.522675,-35.115312],[138.522659,-35.115164]]}},{"type":"Feature","properties":{"tier":"arterial"},"geometry":{"type":"LineString","coordinates":[[138.522722,-35.115778],[138.522713,-35.115696],[138.522675,-35.115312]]}},{"type":"Feature","properties":{"tier":"regional"},"geometry":{"type":"LineString","coordinates":[[138.512777,-35.116288],[138.51337,-35.116257]]}},{"type":"Feature","properties":{"tier":"regional"},"geometry":{"type":"LineString","coordinates":[[138.51337,-35.116257],[138.514916,-35.116178],[138.516251,-35.11611],[138.51751,-35.116045],[138.518042,-35.116018],[138.518503,-35.115994],[138.519481,-35.115944],[138.521058,-35.115863],[138.522031,-35.115813]]}},{"type":"Feature","properties":{"tier":"arterial"},"geometry":{"type":"LineString","coordinates":[[138.523214,-35.12241],[138.523168,-35.121839],[138.523134,-35.121354],[138.523055,-35.120211],[138.523036,-35.11993],[138.523034,-35.119902],[138.523029,-35.11983],[138.523022,-35.119723],[138.523017,-35.11965],[138.522983,-35.119179],[138.522946,-35.118595],[138.522924,-35.118283],[138.52289,-35.117918],[138.522886,-35.117876]]}},{"type":"Feature","properties":{"tier":"arterial"},"geometry":{"type":"LineString","coordinates":[[138.508648,-35.08485],[138.508125,-35.085043]]}},{"type":"Feature","properties":{"tier":"arterial"},"geometry":{"type":"LineString","coordinates":[[138.507111,-35.085212],[138.507385,-35.085133],[138.508127,-35.084887],[138.5087,-35.084662],[138.509311,-35.084362]]}},{"type":"Feature","properties":{"tier":"arterial"},"geometry":{"type":"LineString","coordinates":[[138.506666,-35.085315],[138.506921,-35.085259],[138.507111,-35.085212]]}},{"type":"Feature","properties":{"tier":"arterial"},"geometry":{"type":"LineString","coordinates":[[138.528377,-35.069408],[138.527895,-35.069876],[138.527753,-35.070009],[138.527417,-35.07033]]}},{"type":"Feature","properties":{"tier":"arterial"},"geometry":{"type":"LineString","coordinates":[[138.523425,-35.074079],[138.522841,-35.074611],[138.522644,-35.074779]]}},{"type":"Feature","properties":{"tier":"arterial"},"geometry":{"type":"LineString","coordinates":[[138.525553,-35.072092],[138.525503,-35.07214],[138.525204,-35.072423],[138.525049,-35.07257]]}},{"type":"Feature","properties":{"tier":"arterial"},"geometry":{"type":"LineString","coordinates":[[138.524236,-35.073318],[138.523425,-35.074079]]}},{"type":"Feature","properties":{"tier":"arterial"},"geometry":{"type":"LineString","coordinates":[[138.525805,-35.071634],[138.526687,-35.070803]]}},{"type":"Feature","properties":{"tier":"regional"},"geometry":{"type":"LineString","coordinates":[[138.526404,-35.072639],[138.52613,-35.072464],[138.526072,-35.072431],[138.525888,-35.072317]]}},{"type":"Feature","properties":{"tier":"arterial"},"geometry":{"type":"LineString","coordinates":[[138.52407,-35.073257],[138.524381,-35.072965],[138.524977,-35.072414]]}},{"type":"Feature","properties":{"tier":"high"},"geometry":{"type":"LineString","coordinates":[[138.546221,-35.081428],[138.546188,-35.08134],[138.546165,-35.08128],[138.546141,-35.081231],[138.546127,-35.081204],[138.54611,-35.081173],[138.546094,-35.081145]]}},{"type":"Feature","properties":{"tier":"high"},"geometry":{"type":"LineString","coordinates":[[138.543975,-35.076836],[138.54412,-35.077227]]}},{"type":"Feature","properties":{"tier":"arterial"},"geometry":{"type":"LineString","coordinates":[[138.517831,-35.078375],[138.518168,-35.078134]]}},{"type":"Feature","properties":{"tier":"arterial"},"geometry":{"type":"LineString","coordinates":[[138.516759,-35.079142],[138.517147,-35.078864]]}},{"type":"Feature","properties":{"tier":"arterial"},"geometry":{"type":"LineString","coordinates":[[138.516541,-35.079298],[138.516662,-35.079211],[138.516759,-35.079142]]}},{"type":"Feature","properties":{"tier":"arterial"},"geometry":{"type":"LineString","coordinates":[[138.522248,-35.075118],[138.522014,-35.075318]]}},{"type":"Feature","properties":{"tier":"arterial"},"geometry":{"type":"LineString","coordinates":[[138.520274,-35.076727],[138.519648,-35.077219]]}},{"type":"Feature","properties":{"tier":"arterial"},"geometry":{"type":"LineString","coordinates":[[138.521252,-35.075908],[138.520553,-35.076512],[138.520274,-35.076727]]}},{"type":"Feature","properties":{"tier":"regional"},"geometry":{"type":"LineString","coordinates":[[138.515433,-35.078738],[138.515321,-35.078642],[138.515184,-35.078497],[138.515131,-35.078443],[138.515009,-35.078306]]}},{"type":"Feature","properties":{"tier":"regional"},"geometry":{"type":"LineString","coordinates":[[138.516428,-35.079378],[138.516338,-35.079353],[138.516233,-35.079309],[138.516185,-35.079287]]}},{"type":"Feature","properties":{"tier":"regional"},"geometry":{"type":"LineString","coordinates":[[138.516735,-35.079354],[138.516838,-35.079378],[138.517045,-35.079442]]}},{"type":"Feature","properties":{"tier":"regional"},"geometry":{"type":"LineString","coordinates":[[138.521361,-35.079117],[138.520867,-35.079328],[138.51977,-35.079625]]}},{"type":"Feature","properties":{"tier":"arterial"},"geometry":{"type":"LineString","coordinates":[[138.519648,-35.077219],[138.519512,-35.077326],[138.51945,-35.077373],[138.518914,-35.077774],[138.518842,-35.077828],[138.518692,-35.07794],[138.518595,-35.078013]]}},{"type":"Feature","properties":{"tier":"regional"},"geometry":{"type":"LineString","coordinates":[[138.517961,-35.079738],[138.517746,-35.07971],[138.517515,-35.079671],[138.517392,-35.079645]]}},{"type":"Feature","properties":{"tier":"arterial"},"geometry":{"type":"LineString","coordinates":[[138.510366,-35.083739],[138.511224,-35.083115],[138.511788,-35.082711],[138.513869,-35.081216]]}},{"type":"Feature","properties":{"tier":"arterial"},"geometry":{"type":"LineString","coordinates":[[138.516417,-35.079584],[138.516197,-35.079723],[138.515429,-35.080268]]}},{"type":"Feature","properties":{"tier":"arterial"},"geometry":{"type":"LineString","coordinates":[[138.515429,-35.080268],[138.512477,-35.082398]]}},{"type":"Feature","properties":{"tier":"arterial"},"geometry":{"type":"LineString","coordinates":[[138.516624,-35.079434],[138.516492,-35.079529],[138.516417,-35.079584]]}},{"type":"Feature","properties":{"tier":"regional"},"geometry":{"type":"LineString","coordinates":[[138.515082,-35.078267],[138.515127,-35.078322],[138.515276,-35.078476],[138.515373,-35.078576],[138.515402,-35.078601]]}},{"type":"Feature","properties":{"tier":"regional"},"geometry":{"type":"LineString","coordinates":[[138.514912,-35.078056],[138.514973,-35.078132],[138.514988,-35.07815],[138.51502,-35.07819],[138.515082,-35.078267]]}},{"type":"Feature","properties":{"tier":"regional"},"geometry":{"type":"LineString","coordinates":[[138.510058,-35.083523],[138.509962,-35.083426],[138.50952,-35.082979]]}},{"type":"Feature","properties":{"tier":"regional"},"geometry":{"type":"LineString","coordinates":[[138.510366,-35.083739],[138.510262,-35.083688],[138.510058,-35.083523]]}},{"type":"Feature","properties":{"tier":"regional"},"geometry":{"type":"LineString","coordinates":[[138.534238,-35.097162],[138.534213,-35.096882]]}},{"type":"Feature","properties":{"tier":"arterial"},"geometry":{"type":"LineString","coordinates":[[138.526025,-35.105163],[138.525639,-35.105185],[138.525143,-35.105208],[138.5248,-35.105227],[138.524221,-35.105256],[138.523177,-35.105308]]}},{"type":"Feature","properties":{"tier":"arterial"},"geometry":{"type":"LineString","coordinates":[[138.530068,-35.102285],[138.529424,-35.10295],[138.528931,-35.103468]]}},{"type":"Feature","properties":{"tier":"arterial"},"geometry":{"type":"LineString","coordinates":[[138.528931,-35.103468],[138.528667,-35.103746]]}},{"type":"Feature","properties":{"tier":"arterial"},"geometry":{"type":"LineString","coordinates":[[138.528104,-35.104346],[138.527818,-35.104652]]}},{"type":"Feature","properties":{"tier":"arterial"},"geometry":{"type":"LineString","coordinates":[[138.528439,-35.10399],[138.528376,-35.104057],[138.528299,-35.10414],[138.528214,-35.104228]]}},{"type":"Feature","properties":{"tier":"arterial"},"geometry":{"type":"LineString","coordinates":[[138.528788,-35.103385],[138.52915,-35.103009],[138.529467,-35.102679],[138.529944,-35.102188],[138.530522,-35.101594],[138.530824,-35.101273],[138.532127,-35.099922]]}},{"type":"Feature","properties":{"tier":"arterial"},"geometry":{"type":"LineString","coordinates":[[138.527128,-35.105399],[138.526821,-35.105704]]}},{"type":"Feature","properties":{"tier":"arterial"},"geometry":{"type":"LineString","coordinates":[[138.525136,-35.105108],[138.525554,-35.105088]]}},{"type":"Feature","properties":{"tier":"arterial"},"geometry":{"type":"LineString","coordinates":[[138.524333,-35.105147],[138.525136,-35.105108]]}},{"type":"Feature","properties":{"tier":"regional"},"geometry":{"type":"LineString","coordinates":[[138.528623,-35.105033],[138.528146,-35.105071]]}},{"type":"Feature","properties":{"tier":"arterial"},"geometry":{"type":"LineString","coordinates":[[138.526449,-35.105862],[138.526496,-35.105812],[138.526713,-35.105579]]}},{"type":"Feature","properties":{"tier":"arterial"},"geometry":{"type":"LineString","coordinates":[[138.522736,-35.10989],[138.522815,-35.109782],[138.522911,-35.109657],[138.523029,-35.109524],[138.523157,-35.109377]]}},{"type":"Feature","properties":{"tier":"arterial"},"geometry":{"type":"LineString","coordinates":[[138.526254,-35.106069],[138.526449,-35.105862]]}},{"type":"Feature","properties":{"tier":"arterial"},"geometry":{"type":"LineString","coordinates":[[138.526821,-35.105704],[138.526636,-35.105887],[138.52618,-35.106367],[138.525919,-35.106646],[138.525656,-35.106927],[138.525496,-35.107098],[138.525146,-35.10747],[138.524402,-35.108263],[138.524245,-35.108432],[138.523731,-35.108984],[138.523353,-35.109398]]}},{"type":"Feature","properties":{"tier":"arterial"},"geometry":{"type":"LineString","coordinates":[[138.501673,-35.106389],[138.500373,-35.106452]]}},{"type":"Feature","properties":{"tier":"arterial"},"geometry":{"type":"LineString","coordinates":[[138.508447,-35.106047],[138.506925,-35.106137],[138.502326,-35.106358]]}},{"type":"Feature","properties":{"tier":"arterial"},"geometry":{"type":"LineString","coordinates":[[138.500338,-35.106364],[138.500646,-35.10635],[138.50167,-35.10629]]}},{"type":"Feature","properties":{"tier":"arterial"},"geometry":{"type":"LineString","coordinates":[[138.49998,-35.102429],[138.499986,-35.102461],[138.500004,-35.102583],[138.500019,-35.10273],[138.499991,-35.103658],[138.499996,-35.103889]]}},{"type":"Feature","properties":{"tier":"arterial"},"geometry":{"type":"LineString","coordinates":[[138.548385,-35.116898],[138.548331,-35.11611],[138.548259,-35.115342]]}},{"type":"Feature","properties":{"tier":"regional"},"geometry":{"type":"LineString","coordinates":[[138.549899,-35.114419],[138.549461,-35.11446],[138.549055,-35.1145],[138.548892,-35.114508],[138.548401,-35.114536],[138.54837,-35.114537],[138.548335,-35.114539]]}},{"type":"Feature","properties":{"tier":"arterial"},"geometry":{"type":"LineString","coordinates":[[138.548108,-35.112225],[138.54807,-35.11229],[138.548092,-35.112678],[138.548069,-35.112734],[138.548022,-35.112781]]}},{"type":"Feature","properties":{"tier":"arterial"},"geometry":{"type":"LineString","coordinates":[[138.548028,-35.110934],[138.548064,-35.11158],[138.548108,-35.112225]]}},{"type":"Feature","properties":{"tier":"arterial"},"geometry":{"type":"LineString","coordinates":[[138.547887,-35.11094],[138.547783,-35.109354]]}},{"type":"Feature","properties":{"tier":"arterial"},"geometry":{"type":"LineString","coordinates":[[138.548188,-35.114458],[138.548183,-35.114407],[138.54816,-35.114196],[138.548076,-35.113433],[138.548022,-35.112781]]}},{"type":"Feature","properties":{"tier":"arterial"},"geometry":{"type":"LineString","coordinates":[[138.547934,-35.10935],[138.548028,-35.110934]]}},{"type":"Feature","properties":{"tier":"regional"},"geometry":{"type":"LineString","coordinates":[[138.548196,-35.114547],[138.548095,-35.114553],[138.547812,-35.114572],[138.547496,-35.114585],[138.547366,-35.114593]]}},{"type":"Feature","properties":{"tier":"regional"},"geometry":{"type":"LineString","coordinates":[[138.534895,-35.104677],[138.535298,-35.104658],[138.535431,-35.104651]]}},{"type":"Feature","properties":{"tier":"regional"},"geometry":{"type":"LineString","coordinates":[[138.535431,-35.104651],[138.536253,-35.104611],[138.536387,-35.104605],[138.536601,-35.104593],[138.53718,-35.104563],[138.537667,-35.104538],[138.538505,-35.104496],[138.538899,-35.104477],[138.539585,-35.104442],[138.539921,-35.104425],[138.540088,-35.104417],[138.540761,-35.104383],[138.541205,-35.104361],[138.541873,-35.104327],[138.542692,-35.104286],[138.544001,-35.104221],[138.544105,-35.104216],[138.544206,-35.104211],[138.544436,-35.104199],[138.544707,-35.104184],[138.544842,-35.104178]]}},{"type":"Feature","properties":{"tier":"regional"},"geometry":{"type":"LineString","coordinates":[[138.549325,-35.10391],[138.550699,-35.103851],[138.551097,-35.103828],[138.5514,-35.103818],[138.551522,-35.103835]]}},{"type":"Feature","properties":{"tier":"arterial"},"geometry":{"type":"LineString","coordinates":[[138.547091,-35.097825],[138.547128,-35.098848],[138.547175,-35.099662],[138.547279,-35.101039],[138.547405,-35.102354]]}},{"type":"Feature","properties":{"tier":"arterial"},"geometry":{"type":"LineString","coordinates":[[138.547466,-35.104522],[138.547438,-35.10418],[138.547435,-35.104146],[138.547428,-35.104073]]}},{"type":"Feature","properties":{"tier":"regional"},"geometry":{"type":"LineString","coordinates":[[138.548575,-35.093498],[138.548125,-35.093522]]}},{"type":"Feature","properties":{"tier":"regional"},"geometry":{"type":"LineString","coordinates":[[138.552082,-35.093322],[138.552004,-35.093326],[138.550481,-35.093402]]}},{"type":"Feature","properties":{"tier":"arterial"},"geometry":{"type":"LineString","coordinates":[[138.547017,-35.096414],[138.547019,-35.096453],[138.547091,-35.097825]]}},{"type":"Feature","properties":{"tier":"arterial"},"geometry":{"type":"LineString","coordinates":[[138.546919,-35.094764],[138.546943,-35.095115],[138.546978,-35.095616],[138.547011,-35.096296],[138.547012,-35.096321],[138.547017,-35.096414]]}},{"type":"Feature","properties":{"tier":"arterial"},"geometry":{"type":"LineString","coordinates":[[138.546763,-35.093646],[138.546769,-35.093689],[138.546799,-35.093908]]}},{"type":"Feature","properties":{"tier":"arterial"},"geometry":{"type":"LineString","coordinates":[[138.546613,-35.093565],[138.546601,-35.093483],[138.546581,-35.093344]]}},{"type":"Feature","properties":{"tier":"regional"},"geometry":{"type":"LineString","coordinates":[[138.546752,-35.093554],[138.546849,-35.093549],[138.54716,-35.093534]]}},{"type":"Feature","properties":{"tier":"arterial"},"geometry":{"type":"LineString","coordinates":[[138.547796,-35.125018],[138.548021,-35.125005]]}},{"type":"Feature","properties":{"tier":"regional"},"geometry":{"type":"LineString","coordinates":[[138.515009,-35.078306],[138.514914,-35.078184],[138.514898,-35.078164],[138.514774,-35.078005],[138.514696,-35.077868],[138.514658,-35.07779]]}},{"type":"Feature","properties":{"tier":"regional"},"geometry":{"type":"LineString","coordinates":[[138.514634,-35.07693],[138.514647,-35.076824],[138.514649,-35.076727],[138.514639,-35.076657],[138.514633,-35.076543],[138.51466,-35.076466]]}},{"type":"Feature","properties":{"tier":"regional"},"geometry":{"type":"LineString","coordinates":[[138.514753,-35.077812],[138.5148,-35.077902],[138.514876,-35.078011],[138.514912,-35.078056]]}},{"type":"Feature","properties":{"tier":"regional"},"geometry":{"type":"LineString","coordinates":[[138.51466,-35.076466],[138.514678,-35.076535],[138.514689,-35.076574],[138.514705,-35.076627],[138.514716,-35.076701],[138.514716,-35.076791],[138.514707,-35.076852]]}},{"type":"Feature","properties":{"tier":"arterial"},"geometry":{"type":"LineString","coordinates":[[138.518592,-35.105426],[138.52011,-35.105352]]}},{"type":"Feature","properties":{"tier":"regional"},"geometry":{"type":"LineString","coordinates":[[138.522056,-35.106372],[138.522016,-35.105438],[138.522013,-35.105366]]}},{"type":"Feature","properties":{"tier":"regional"},"geometry":{"type":"LineString","coordinates":[[138.534996,-35.115156],[138.53547,-35.115132]]}},{"type":"Feature","properties":{"tier":"regional"},"geometry":{"type":"LineString","coordinates":[[138.535717,-35.115128],[138.536165,-35.115106]]}},{"type":"Feature","properties":{"tier":"regional"},"geometry":{"type":"LineString","coordinates":[[138.535541,-35.11461],[138.535574,-35.115036]]}},{"type":"Feature","properties":{"tier":"regional"},"geometry":{"type":"LineString","coordinates":[[138.535596,-35.115237],[138.535624,-35.115615]]}},{"type":"Feature","properties":{"tier":"regional"},"geometry":{"type":"LineString","coordinates":[[138.522392,-35.109701],[138.522354,-35.109633],[138.522337,-35.109584],[138.522327,-35.10953],[138.522348,-35.109429]]}},{"type":"Feature","properties":{"tier":"arterial"},"geometry":{"type":"LineString","coordinates":[[138.523157,-35.109377],[138.523653,-35.108854],[138.524052,-35.108426]]}},{"type":"Feature","properties":{"tier":"arterial"},"geometry":{"type":"LineString","coordinates":[[138.524052,-35.108426],[138.524288,-35.108174],[138.52503,-35.107388],[138.525078,-35.107337],[138.525637,-35.106732]]}},{"type":"Feature","properties":{"tier":"high"},"geometry":{"type":"LineString","coordinates":[[138.508829,-35.108329],[138.508831,-35.108238],[138.50886,-35.1079],[138.508926,-35.107542]]}},{"type":"Feature","properties":{"tier":"high"},"geometry":{"type":"LineString","coordinates":[[138.5115,-35.103903],[138.511367,-35.104084],[138.511189,-35.104353],[138.511123,-35.104456],[138.511089,-35.104557]]}},{"type":"Feature","properties":{"tier":"arterial"},"geometry":{"type":"LineString","coordinates":[[138.513695,-35.105773],[138.512982,-35.105806],[138.512732,-35.105827],[138.512515,-35.105846],[138.512249,-35.10587],[138.511893,-35.105899]]}},{"type":"Feature","properties":{"tier":"regional"},"geometry":{"type":"LineString","coordinates":[[138.515648,-35.078807],[138.515896,-35.078982],[138.515956,-35.079018],[138.516011,-35.079051]]}},{"type":"Feature","properties":{"tier":"regional"},"geometry":{"type":"LineString","coordinates":[[138.535056,-35.076219],[138.535087,-35.076221],[138.535115,-35.076232],[138.535137,-35.076249],[138.535151,-35.076272],[138.535156,-35.076297]]}},{"type":"Feature","properties":{"tier":"regional"},"geometry":{"type":"LineString","coordinates":[[138.536539,-35.076244],[138.535156,-35.076297]]}},{"type":"Feature","properties":{"tier":"regional"},"geometry":{"type":"LineString","coordinates":[[138.536422,-35.081014],[138.536444,-35.081029],[138.53646,-35.081049],[138.536468,-35.081072],[138.536467,-35.081095],[138.536457,-35.081117]]}},{"type":"Feature","properties":{"tier":"regional"},"geometry":{"type":"LineString","coordinates":[[138.536457,-35.081117],[138.536441,-35.081135],[138.536421,-35.081148],[138.536397,-35.081156],[138.536371,-35.081158],[138.536345,-35.081154],[138.536321,-35.081145]]}},{"type":"Feature","properties":{"tier":"regional"},"geometry":{"type":"LineString","coordinates":[[138.534229,-35.082264],[138.534257,-35.082256],[138.534287,-35.082256],[138.534316,-35.082264],[138.534339,-35.082279]]}},{"type":"Feature","properties":{"tier":"regional"},"geometry":{"type":"LineString","coordinates":[[138.534192,-35.082358],[138.534185,-35.082338],[138.534185,-35.082316],[138.534193,-35.082295],[138.534208,-35.082277],[138.534229,-35.082264]]}},{"type":"Feature","properties":{"tier":"regional"},"geometry":{"type":"LineString","coordinates":[[138.533449,-35.085699],[138.533488,-35.0857],[138.533524,-35.085712],[138.533554,-35.085733],[138.533574,-35.08576],[138.533582,-35.085791]]}},{"type":"Feature","properties":{"tier":"regional"},"geometry":{"type":"LineString","coordinates":[[138.533582,-35.085791],[138.533578,-35.085821],[138.533563,-35.085848],[138.53354,-35.08587],[138.533509,-35.085886],[138.533474,-35.085893]]}},{"type":"Feature","properties":{"tier":"regional"},"geometry":{"type":"LineString","coordinates":[[138.539315,-35.093993],[138.539347,-35.093908],[138.539356,-35.093882],[138.539397,-35.093774]]}},{"type":"Feature","properties":{"tier":"regional"},"geometry":{"type":"LineString","coordinates":[[138.539127,-35.094212],[138.539228,-35.094093],[138.539248,-35.09407],[138.539315,-35.093993]]}},{"type":"Feature","properties":{"tier":"regional"},"geometry":{"type":"LineString","coordinates":[[138.5385,-35.09481],[138.538645,-35.094679],[138.538653,-35.094672],[138.538698,-35.09463],[138.539078,-35.094286],[138.539127,-35.094212]]}},{"type":"Feature","properties":{"tier":"regional"},"geometry":{"type":"LineString","coordinates":[[138.537288,-35.095857],[138.5373,-35.095847],[138.537444,-35.095724],[138.537602,-35.095589]]}},{"type":"Feature","properties":{"tier":"regional"},"geometry":{"type":"LineString","coordinates":[[138.536084,-35.096803],[138.536462,-35.096537],[138.536484,-35.096522],[138.536764,-35.096294],[138.537005,-35.096098],[138.537288,-35.095857]]}},{"type":"Feature","properties":{"tier":"regional"},"geometry":{"type":"LineString","coordinates":[[138.5388,-35.094016],[138.53863,-35.094025]]}},{"type":"Feature","properties":{"tier":"regional"},"geometry":{"type":"LineString","coordinates":[[138.538126,-35.095143],[138.538245,-35.095041],[138.538253,-35.095035],[138.538266,-35.095023],[138.538319,-35.094975],[138.5385,-35.09481]]}},{"type":"Feature","properties":{"tier":"regional"},"geometry":{"type":"LineString","coordinates":[[138.537602,-35.095589],[138.537853,-35.095376],[138.538109,-35.095157],[138.538126,-35.095143]]}},{"type":"Feature","properties":{"tier":"regional"},"geometry":{"type":"LineString","coordinates":[[138.533948,-35.094247],[138.533955,-35.094212],[138.533976,-35.094179],[138.534001,-35.094157],[138.534071,-35.094132]]}},{"type":"Feature","properties":{"tier":"regional"},"geometry":{"type":"LineString","coordinates":[[138.534071,-35.094369],[138.53401,-35.094349],[138.533968,-35.094311],[138.533954,-35.094283],[138.533948,-35.094247]]}},{"type":"Feature","properties":{"tier":"arterial"},"geometry":{"type":"LineString","coordinates":[[138.523364,-35.122405],[138.523387,-35.122737]]}},{"type":"Feature","properties":{"tier":"arterial"},"geometry":{"type":"LineString","coordinates":[[138.523238,-35.122748],[138.523214,-35.12241]]}},{"type":"Feature","properties":{"tier":"arterial"},"geometry":{"type":"LineString","coordinates":[[138.546881,-35.096989],[138.546844,-35.096953],[138.546831,-35.096924],[138.546833,-35.096865],[138.546814,-35.096692],[138.546782,-35.096584],[138.546762,-35.096539],[138.54675,-35.096515],[138.546711,-35.096471],[138.54665,-35.096411]]}},{"type":"Feature","properties":{"tier":"arterial"},"geometry":{"type":"LineString","coordinates":[[138.546871,-35.096416],[138.547017,-35.096414]]}},{"type":"Feature","properties":{"tier":"regional"},"geometry":{"type":"LineString","coordinates":[[138.52576,-35.095875],[138.526233,-35.09555],[138.527298,-35.094953],[138.527624,-35.094738]]}},{"type":"Feature","properties":{"tier":"regional"},"geometry":{"type":"LineString","coordinates":[[138.525684,-35.095927],[138.52576,-35.095875]]}},{"type":"Feature","properties":{"tier":"regional"},"geometry":{"type":"LineString","coordinates":[[138.560275,-35.103301],[138.560255,-35.103037]]}},{"type":"Feature","properties":{"tier":"regional"},"geometry":{"type":"LineString","coordinates":[[138.560255,-35.103037],[138.560248,-35.102942]]}},{"type":"Feature","properties":{"tier":"regional"},"geometry":{"type":"LineString","coordinates":[[138.548839,-35.093483],[138.548679,-35.093492]]}},{"type":"Feature","properties":{"tier":"regional"},"geometry":{"type":"LineString","coordinates":[[138.548679,-35.093492],[138.548575,-35.093498]]}},{"type":"Feature","properties":{"tier":"regional"},"geometry":{"type":"LineString","coordinates":[[138.545013,-35.093681],[138.543482,-35.093764],[138.543245,-35.093776],[138.541372,-35.093873],[138.540987,-35.093895],[138.540457,-35.093925],[138.540335,-35.09393],[138.539619,-35.093972]]}},{"type":"Feature","properties":{"tier":"regional"},"geometry":{"type":"LineString","coordinates":[[138.540497,-35.090789],[138.540512,-35.090695]]}},{"type":"Feature","properties":{"tier":"arterial"},"geometry":{"type":"LineString","coordinates":[[138.548327,-35.122978],[138.548305,-35.122889],[138.54826,-35.122636],[138.548217,-35.122394],[138.548169,-35.122029],[138.548145,-35.121534],[138.548157,-35.121219],[138.548202,-35.12066]]}},{"type":"Feature","properties":{"tier":"arterial"},"geometry":{"type":"LineString","coordinates":[[138.548202,-35.12066],[138.548208,-35.120579]]}},{"type":"Feature","properties":{"tier":"arterial"},"geometry":{"type":"LineString","coordinates":[[138.54831,-35.120656],[138.548272,-35.121145],[138.548265,-35.121626],[138.548311,-35.122223],[138.548352,-35.122523],[138.548459,-35.122943]]}},{"type":"Feature","properties":{"tier":"arterial"},"geometry":{"type":"LineString","coordinates":[[138.548317,-35.120575],[138.54831,-35.120656]]}},{"type":"Feature","properties":{"tier":"regional"},"geometry":{"type":"LineString","coordinates":[[138.539446,-35.093691],[138.539445,-35.093845],[138.539463,-35.093867],[138.53951,-35.093924],[138.539568,-35.093952],[138.539619,-35.093972]]}},{"type":"Feature","properties":{"tier":"arterial"},"geometry":{"type":"LineString","coordinates":[[138.511054,-35.105946],[138.510769,-35.105966]]}},{"type":"Feature","properties":{"tier":"arterial"},"geometry":{"type":"LineString","coordinates":[[138.511054,-35.105946],[138.511083,-35.10578]]}},{"type":"Feature","properties":{"tier":"regional"},"geometry":{"type":"LineString","coordinates":[[138.52252,-35.115788],[138.522624,-35.115783],[138.522654,-35.115781],[138.522722,-35.115778]]}},{"type":"Feature","properties":{"tier":"high"},"geometry":{"type":"LineString","coordinates":[[138.52318,-35.092841],[138.524886,-35.091837],[138.526121,-35.091131],[138.527147,-35.090584],[138.528268,-35.090048],[138.529211,-35.089645],[138.530545,-35.089124],[138.53106,-35.08895],[138.532049,-35.088644],[138.532826,-35.088425],[138.533666,-35.088217],[138.534268,-35.088085]]}},{"type":"Feature","properties":{"tier":"high"},"geometry":{"type":"LineString","coordinates":[[138.534268,-35.088085],[138.534387,-35.088059]]}},{"type":"Feature","properties":{"tier":"high"},"geometry":{"type":"LineString","coordinates":[[138.534482,-35.088182],[138.534305,-35.088219],[138.532954,-35.088551],[138.532247,-35.088754],[138.531721,-35.088909],[138.531234,-35.089069],[138.5306,-35.089286],[138.530115,-35.089454],[138.529608,-35.089648],[138.529056,-35.089872],[138.528486,-35.090122],[138.527866,-35.0904],[138.527265,-35.090698],[138.526798,-35.090925],[138.526281,-35.091206],[138.525203,-35.091819],[138.524229,-35.092377],[138.523252,-35.092942]]}},{"type":"Feature","properties":{"tier":"high"},"geometry":{"type":"LineString","coordinates":[[138.534602,-35.088157],[138.534482,-35.088182]]}},{"type":"Feature","properties":{"tier":"high"},"geometry":{"type":"LineString","coordinates":[[138.546221,-35.081428],[138.546305,-35.081275]]}},{"type":"Feature","properties":{"tier":"high"},"geometry":{"type":"LineString","coordinates":[[138.546305,-35.081275],[138.546358,-35.08118],[138.546421,-35.081051]]}},{"type":"Feature","properties":{"tier":"high"},"geometry":{"type":"LineString","coordinates":[[138.546273,-35.081666],[138.546257,-35.081563],[138.54625,-35.081532],[138.546235,-35.081478],[138.546221,-35.081428]]}},{"type":"Feature","properties":{"tier":"high"},"geometry":{"type":"LineString","coordinates":[[138.546421,-35.081051],[138.546483,-35.081142]]}},{"type":"Feature","properties":{"tier":"high"},"geometry":{"type":"LineString","coordinates":[[138.546421,-35.081051],[138.546514,-35.080859]]}},{"type":"Feature","properties":{"tier":"high"},"geometry":{"type":"LineString","coordinates":[[138.54654,-35.08124],[138.546465,-35.081373]]}},{"type":"Feature","properties":{"tier":"high"},"geometry":{"type":"LineString","coordinates":[[138.546483,-35.081142],[138.54654,-35.08124]]}},{"type":"Feature","properties":{"tier":"high"},"geometry":{"type":"LineString","coordinates":[[138.546465,-35.081373],[138.546273,-35.081666]]}},{"type":"Feature","properties":{"tier":"arterial"},"geometry":{"type":"LineString","coordinates":[[138.546465,-35.081373],[138.546483,-35.081142]]}},{"type":"Feature","properties":{"tier":"regional"},"geometry":{"type":"LineString","coordinates":[[138.550568,-35.075514],[138.550692,-35.075509],[138.551135,-35.07549]]}},{"type":"Feature","properties":{"tier":"arterial"},"geometry":{"type":"LineString","coordinates":[[138.546138,-35.08684],[138.546176,-35.087573],[138.546176,-35.087583],[138.54623,-35.088287],[138.546402,-35.090311]]}},{"type":"Feature","properties":{"tier":"arterial"},"geometry":{"type":"LineString","coordinates":[[138.545995,-35.086843],[138.545959,-35.085024],[138.545959,-35.084977],[138.545959,-35.084758],[138.545959,-35.084322],[138.545966,-35.084138],[138.546077,-35.083502]]}},{"type":"Feature","properties":{"tier":"regional"},"geometry":{"type":"LineString","coordinates":[[138.545321,-35.085739],[138.545047,-35.08596]]}},{"type":"Feature","properties":{"tier":"regional"},"geometry":{"type":"LineString","coordinates":[[138.545275,-35.085692],[138.545301,-35.085654],[138.545357,-35.085556],[138.545397,-35.085464],[138.545418,-35.0854],[138.545429,-35.085364],[138.545445,-35.085316],[138.545453,-35.085192],[138.545449,-35.085067],[138.545359,-35.084481]]}},{"type":"Feature","properties":{"tier":"regional"},"geometry":{"type":"LineString","coordinates":[[138.533597,-35.099009],[138.533743,-35.099138],[138.533805,-35.099223]]}},{"type":"Feature","properties":{"tier":"arterial"},"geometry":{"type":"LineString","coordinates":[[138.533032,-35.099194],[138.532814,-35.099408],[138.532766,-35.099456],[138.530947,-35.101347],[138.530068,-35.102285]]}},{"type":"Feature","properties":{"tier":"arterial"},"geometry":{"type":"LineString","coordinates":[[138.54631,-35.090751],[138.546263,-35.090128],[138.546051,-35.087689],[138.546041,-35.087592],[138.546003,-35.0872],[138.545995,-35.086843]]}},{"type":"Feature","properties":{"tier":"arterial"},"geometry":{"type":"LineString","coordinates":[[138.49998,-35.106382],[138.500338,-35.106364]]}},{"type":"Feature","properties":{"tier":"arterial"},"geometry":{"type":"LineString","coordinates":[[138.545726,-35.082236],[138.54587,-35.082018]]}},{"type":"Feature","properties":{"tier":"arterial"},"geometry":{"type":"LineString","coordinates":[[138.545485,-35.082569],[138.545593,-35.082421],[138.545726,-35.082236]]}},{"type":"Feature","properties":{"tier":"arterial"},"geometry":{"type":"LineString","coordinates":[[138.546273,-35.081666],[138.546071,-35.081974],[138.545812,-35.082329],[138.545691,-35.08248]]}},{"type":"Feature","properties":{"tier":"arterial"},"geometry":{"type":"LineString","coordinates":[[138.545691,-35.08248],[138.545612,-35.082582],[138.545497,-35.082735]]}},{"type":"Feature","properties":{"tier":"high"},"geometry":{"type":"LineString","coordinates":[[138.509676,-35.104496],[138.509952,-35.104524],[138.510061,-35.104531],[138.510098,-35.104533],[138.510121,-35.104534],[138.510147,-35.104533],[138.510165,-35.10453],[138.510184,-35.104525],[138.5102,-35.104518]]}},{"type":"Feature","properties":{"tier":"regional"},"geometry":{"type":"LineString","coordinates":[[138.51044,-35.107492],[138.510433,-35.107564],[138.510428,-35.107613],[138.510423,-35.107672],[138.510418,-35.107743],[138.510414,-35.107908]]}},{"type":"Feature","properties":{"tier":"regional"},"geometry":{"type":"LineString","coordinates":[[138.510414,-35.107908],[138.510409,-35.107887],[138.510403,-35.107868],[138.51039,-35.107846],[138.510368,-35.10781],[138.510345,-35.10778],[138.510324,-35.107758],[138.510307,-35.107743],[138.510284,-35.107726],[138.510256,-35.107709],[138.510185,-35.107667]]}},{"type":"Feature","properties":{"tier":"arterial"},"geometry":{"type":"LineString","coordinates":[[138.502318,-35.106252],[138.502326,-35.106358]]}},{"type":"Feature","properties":{"tier":"arterial"},"geometry":{"type":"LineString","coordinates":[[138.549104,-35.124876],[138.549025,-35.124886]]}},{"type":"Feature","properties":{"tier":"arterial"},"geometry":{"type":"LineString","coordinates":[[138.548744,-35.123806],[138.548953,-35.124324],[138.549025,-35.124537],[138.549052,-35.124642],[138.54909,-35.124813],[138.549104,-35.124876]]}},{"type":"Feature","properties":{"tier":"arterial"},"geometry":{"type":"LineString","coordinates":[[138.53604,-35.096096],[138.535997,-35.096182]]}},{"type":"Feature","properties":{"tier":"arterial"},"geometry":{"type":"LineString","coordinates":[[138.533924,-35.098205],[138.53423,-35.097976],[138.534387,-35.097853],[138.534536,-35.097726],[138.534662,-35.097609],[138.534821,-35.097453]]}},{"type":"Feature","properties":{"tier":"high"},"geometry":{"type":"LineString","coordinates":[[138.547713,-35.079106],[138.54747,-35.079491],[138.547295,-35.079784],[138.54718,-35.079995]]}},{"type":"Feature","properties":{"tier":"high"},"geometry":{"type":"LineString","coordinates":[[138.547569,-35.079051],[138.547702,-35.07885],[138.547978,-35.078463]]}},{"type":"Feature","properties":{"tier":"high"},"geometry":{"type":"LineString","coordinates":[[138.54888,-35.077582],[138.54863,-35.077912]]}},{"type":"Feature","properties":{"tier":"high"},"geometry":{"type":"LineString","coordinates":[[138.547978,-35.078463],[138.5484,-35.077903],[138.548493,-35.077784]]}},{"type":"Feature","properties":{"tier":"regional"},"geometry":{"type":"LineString","coordinates":[[138.525823,-35.072239],[138.525847,-35.072257],[138.525888,-35.072317]]}},{"type":"Feature","properties":{"tier":"arterial"},"geometry":{"type":"LineString","coordinates":[[138.522468,-35.074717],[138.522856,-35.074377],[138.523231,-35.074042]]}},{"type":"Feature","properties":{"tier":"arterial"},"geometry":{"type":"LineString","coordinates":[[138.518756,-35.077707],[138.519077,-35.07747],[138.519213,-35.077363],[138.520101,-35.076681],[138.520491,-35.076354],[138.521146,-35.075827],[138.521623,-35.075432],[138.52186,-35.075235],[138.522468,-35.074717]]}},{"type":"Feature","properties":{"tier":"regional"},"geometry":{"type":"LineString","coordinates":[[138.558979,-35.086565],[138.558983,-35.086616],[138.558987,-35.086679],[138.558993,-35.086759]]}},{"type":"Feature","properties":{"tier":"regional"},"geometry":{"type":"LineString","coordinates":[[138.558993,-35.086759],[138.558999,-35.086841]]}},{"type":"Feature","properties":{"tier":"arterial"},"geometry":{"type":"LineString","coordinates":[[138.559335,-35.091811],[138.559335,-35.091816]]}},{"type":"Feature","properties":{"tier":"arterial"},"geometry":{"type":"LineString","coordinates":[[138.559332,-35.091751],[138.559335,-35.091811]]}},{"type":"Feature","properties":{"tier":"regional"},"geometry":{"type":"LineString","coordinates":[[138.561029,-35.092883],[138.560936,-35.092888],[138.560736,-35.092898],[138.559647,-35.092954],[138.559554,-35.092958]]}},{"type":"Feature","properties":{"tier":"regional"},"geometry":{"type":"LineString","coordinates":[[138.561146,-35.092877],[138.561029,-35.092883]]}},{"type":"Feature","properties":{"tier":"arterial"},"geometry":{"type":"LineString","coordinates":[[138.52011,-35.105352],[138.520362,-35.105381],[138.52063,-35.10537],[138.520754,-35.105387],[138.520796,-35.105429]]}},{"type":"Feature","properties":{"tier":"arterial"},"geometry":{"type":"LineString","coordinates":[[138.504664,-35.106128],[138.504656,-35.106006]]}},{"type":"Feature","properties":{"tier":"regional"},"geometry":{"type":"LineString","coordinates":[[138.528623,-35.105033],[138.528637,-35.10496]]}},{"type":"Feature","properties":{"tier":"regional"},"geometry":{"type":"LineString","coordinates":[[138.542262,-35.088359],[138.542254,-35.088416],[138.542259,-35.088444],[138.542264,-35.088478],[138.542314,-35.088536],[138.542371,-35.088595]]}},{"type":"Feature","properties":{"tier":"arterial"},"geometry":{"type":"LineString","coordinates":[[138.528176,-35.104031],[138.528788,-35.103385]]}},{"type":"Feature","properties":{"tier":"arterial"},"geometry":{"type":"LineString","coordinates":[[138.527703,-35.104547],[138.528176,-35.104031]]}},{"type":"Feature","properties":{"tier":"arterial"},"geometry":{"type":"LineString","coordinates":[[138.525915,-35.105072],[138.525973,-35.10509],[138.525998,-35.105103],[138.526014,-35.105119],[138.526022,-35.105139],[138.526025,-35.105163]]}},{"type":"Feature","properties":{"tier":"arterial"},"geometry":{"type":"LineString","coordinates":[[138.525143,-35.105208],[138.525136,-35.105108]]}},{"type":"Feature","properties":{"tier":"regional"},"geometry":{"type":"LineString","coordinates":[[138.52206,-35.106414],[138.522139,-35.106449],[138.522197,-35.106545],[138.522253,-35.106703]]}},{"type":"Feature","properties":{"tier":"regional"},"geometry":{"type":"LineString","coordinates":[[138.528637,-35.10496],[138.528983,-35.104935],[138.52917,-35.104956]]}},{"type":"Feature","properties":{"tier":"arterial"},"geometry":{"type":"LineString","coordinates":[[138.523353,-35.109398],[138.523164,-35.109606],[138.523132,-35.109641],[138.522949,-35.109867],[138.522833,-35.110063],[138.522797,-35.110124],[138.522612,-35.110608],[138.522603,-35.110655],[138.522555,-35.110882],[138.522543,-35.11108],[138.52254,-35.111126],[138.522545,-35.111355],[138.522546,-35.111398],[138.522584,-35.111946]]}},{"type":"Feature","properties":{"tier":"regional"},"geometry":{"type":"LineString","coordinates":[[138.522392,-35.10952],[138.522408,-35.10958],[138.522432,-35.109645],[138.522461,-35.10969],[138.522493,-35.109732],[138.522538,-35.109778],[138.522594,-35.109816],[138.522672,-35.10986],[138.522736,-35.10989]]}},{"type":"Feature","properties":{"tier":"regional"},"geometry":{"type":"LineString","coordinates":[[138.536089,-35.121988],[138.536118,-35.122399],[138.536221,-35.123808],[138.536267,-35.124471]]}},{"type":"Feature","properties":{"tier":"regional"},"geometry":{"type":"LineString","coordinates":[[138.536079,-35.121857],[138.536089,-35.121988]]}},{"type":"Feature","properties":{"tier":"arterial"},"geometry":{"type":"LineString","coordinates":[[138.527261,-35.105012],[138.527495,-35.105002]]}},{"type":"Feature","properties":{"tier":"regional"},"geometry":{"type":"LineString","coordinates":[[138.539619,-35.093972],[138.539436,-35.093984],[138.539407,-35.093986],[138.539315,-35.093993]]}},{"type":"Feature","properties":{"tier":"regional"},"geometry":{"type":"LineString","coordinates":[[138.539446,-35.093691],[138.539581,-35.093463],[138.539777,-35.09309],[138.540185,-35.092311],[138.540193,-35.09229],[138.540261,-35.092126],[138.540416,-35.091492],[138.540442,-35.091156],[138.540472,-35.090957]]}},{"type":"Feature","properties":{"tier":"regional"},"geometry":{"type":"LineString","coordinates":[[138.538931,-35.094009],[138.5388,-35.094016]]}},{"type":"Feature","properties":{"tier":"regional"},"geometry":{"type":"LineString","coordinates":[[138.53863,-35.094025],[138.538373,-35.094038],[138.538275,-35.094043],[138.537168,-35.094097]]}},{"type":"Feature","properties":{"tier":"regional"},"geometry":{"type":"LineString","coordinates":[[138.522284,-35.107159],[138.522201,-35.107119],[138.522095,-35.106849]]}},{"type":"Feature","properties":{"tier":"high"},"geometry":{"type":"LineString","coordinates":[[138.50918,-35.111115],[138.509268,-35.112468]]}},{"type":"Feature","properties":{"tier":"high"},"geometry":{"type":"LineString","coordinates":[[138.509145,-35.109973],[138.509148,-35.110441],[138.509166,-35.110884],[138.50918,-35.111115]]}},{"type":"Feature","properties":{"tier":"high"},"geometry":{"type":"LineString","coordinates":[[138.509974,-35.106166],[138.509638,-35.107041],[138.509442,-35.107704],[138.509292,-35.10838],[138.50922,-35.108856],[138.509182,-35.109363],[138.50915,-35.109795],[138.509145,-35.109973]]}},{"type":"Feature","properties":{"tier":"high"},"geometry":{"type":"LineString","coordinates":[[138.509422,-35.108713],[138.509357,-35.10924],[138.509308,-35.10967],[138.509145,-35.109973]]}},{"type":"Feature","properties":{"tier":"high"},"geometry":{"type":"LineString","coordinates":[[138.509071,-35.106898],[138.509218,-35.106268]]}},{"type":"Feature","properties":{"tier":"high"},"geometry":{"type":"LineString","coordinates":[[138.508926,-35.107542],[138.509071,-35.106898]]}},{"type":"Feature","properties":{"tier":"high"},"geometry":{"type":"LineString","coordinates":[[138.508958,-35.110966],[138.508934,-35.110432],[138.508909,-35.110071],[138.508909,-35.109648]]}},{"type":"Feature","properties":{"tier":"high"},"geometry":{"type":"LineString","coordinates":[[138.508909,-35.109648],[138.509024,-35.108825],[138.509181,-35.107984],[138.509314,-35.107494],[138.509487,-35.106926],[138.509783,-35.106177]]}},{"type":"Feature","properties":{"tier":"high"},"geometry":{"type":"LineString","coordinates":[[138.507643,-35.122123],[138.507523,-35.121936]]}},{"type":"Feature","properties":{"tier":"arterial"},"geometry":{"type":"LineString","coordinates":[[138.547844,-35.107643],[138.54788,-35.107761],[138.547918,-35.107891],[138.547967,-35.107938],[138.547982,-35.107953],[138.548086,-35.107994]]}},{"type":"Feature","properties":{"tier":"arterial"},"geometry":{"type":"LineString","coordinates":[[138.547712,-35.108026],[138.547872,-35.108002]]}},{"type":"Feature","properties":{"tier":"arterial"},"geometry":{"type":"LineString","coordinates":[[138.548259,-35.115342],[138.548158,-35.114985],[138.548076,-35.114765],[138.548008,-35.114658],[138.547984,-35.114621],[138.547895,-35.11459],[138.547812,-35.114572]]}},{"type":"Feature","properties":{"tier":"arterial"},"geometry":{"type":"LineString","coordinates":[[138.547468,-35.114488],[138.547899,-35.114393],[138.548042,-35.114335],[138.548091,-35.114312],[138.54816,-35.114196]]}},{"type":"Feature","properties":{"tier":"regional"},"geometry":{"type":"LineString","coordinates":[[138.545725,-35.114629],[138.545895,-35.114579],[138.546498,-35.114544],[138.54658,-35.114539],[138.547057,-35.114508],[138.547278,-35.114495],[138.547468,-35.114488],[138.547692,-35.11448],[138.548057,-35.114463],[138.54809,-35.114462],[138.548188,-35.114458]]}},{"type":"Feature","properties":{"tier":"arterial"},"geometry":{"type":"LineString","coordinates":[[138.548259,-35.113845],[138.54836,-35.114267],[138.548417,-35.114373],[138.548431,-35.114399],[138.548544,-35.114442]]}},{"type":"Feature","properties":{"tier":"arterial"},"geometry":{"type":"LineString","coordinates":[[138.548892,-35.114508],[138.548449,-35.114668],[138.548415,-35.114687],[138.548378,-35.114708],[138.548355,-35.11477]]}},{"type":"Feature","properties":{"tier":"regional"},"geometry":{"type":"LineString","coordinates":[[138.547366,-35.114593],[138.546588,-35.114638],[138.545902,-35.114677],[138.545725,-35.114629]]}},{"type":"Feature","properties":{"tier":"arterial"},"geometry":{"type":"LineString","coordinates":[[138.5475,-35.103288],[138.547605,-35.103694],[138.547711,-35.103876],[138.547777,-35.103931],[138.547892,-35.103965]]}},{"type":"Feature","properties":{"tier":"regional"},"geometry":{"type":"LineString","coordinates":[[138.548024,-35.104049],[138.547856,-35.104121],[138.54769,-35.104188],[138.547639,-35.104209],[138.547594,-35.104294]]}},{"type":"Feature","properties":{"tier":"regional"},"geometry":{"type":"LineString","coordinates":[[138.550708,-35.114379],[138.549899,-35.114419]]}},{"type":"Feature","properties":{"tier":"arterial"},"geometry":{"type":"LineString","coordinates":[[138.548196,-35.114547],[138.548188,-35.114458]]}},{"type":"Feature","properties":{"tier":"regional"},"geometry":{"type":"LineString","coordinates":[[138.548328,-35.114451],[138.548363,-35.11445],[138.548485,-35.114444],[138.548544,-35.114442],[138.548917,-35.114425],[138.549484,-35.114411],[138.549519,-35.11441],[138.549899,-35.114419]]}},{"type":"Feature","properties":{"tier":"regional"},"geometry":{"type":"LineString","coordinates":[[138.548188,-35.114458],[138.548328,-35.114451]]}},{"type":"Feature","properties":{"tier":"arterial"},"geometry":{"type":"LineString","coordinates":[[138.548328,-35.114451],[138.548335,-35.114539]]}},{"type":"Feature","properties":{"tier":"arterial"},"geometry":{"type":"LineString","coordinates":[[138.547872,-35.108002],[138.547877,-35.10806]]}},{"type":"Feature","properties":{"tier":"regional"},"geometry":{"type":"LineString","coordinates":[[138.547892,-35.103965],[138.549325,-35.10391]]}},{"type":"Feature","properties":{"tier":"arterial"},"geometry":{"type":"LineString","coordinates":[[138.547594,-35.104294],[138.547816,-35.107264],[138.547843,-35.107632],[138.547844,-35.107643],[138.547872,-35.108002]]}},{"type":"Feature","properties":{"tier":"arterial"},"geometry":{"type":"LineString","coordinates":[[138.547466,-35.104522],[138.547366,-35.10422],[138.547317,-35.104171],[138.547263,-35.104116],[138.547105,-35.104087]]}},{"type":"Feature","properties":{"tier":"regional"},"geometry":{"type":"LineString","coordinates":[[138.544842,-35.104178],[138.545106,-35.104135],[138.546242,-35.104062],[138.546789,-35.104032],[138.547201,-35.10401],[138.547345,-35.104],[138.547422,-35.103995]]}},{"type":"Feature","properties":{"tier":"regional"},"geometry":{"type":"LineString","coordinates":[[138.546789,-35.104032],[138.547231,-35.103916],[138.547303,-35.103883],[138.547356,-35.103859],[138.547403,-35.103788]]}},{"type":"Feature","properties":{"tier":"arterial"},"geometry":{"type":"LineString","coordinates":[[138.546871,-35.096416],[138.546868,-35.096326],[138.546862,-35.096168],[138.546841,-35.095569],[138.546822,-35.095391],[138.546725,-35.094593]]}},{"type":"Feature","properties":{"tier":"arterial"},"geometry":{"type":"LineString","coordinates":[[138.547881,-35.108167],[138.547906,-35.108734],[138.547934,-35.10935]]}},{"type":"Feature","properties":{"tier":"arterial"},"geometry":{"type":"LineString","coordinates":[[138.547428,-35.104073],[138.547422,-35.103995]]}},{"type":"Feature","properties":{"tier":"regional"},"geometry":{"type":"LineString","coordinates":[[138.547422,-35.103995],[138.547569,-35.103986]]}},{"type":"Feature","properties":{"tier":"regional"},"geometry":{"type":"LineString","coordinates":[[138.547575,-35.104067],[138.547428,-35.104073]]}},{"type":"Feature","properties":{"tier":"arterial"},"geometry":{"type":"LineString","coordinates":[[138.547569,-35.103986],[138.547575,-35.104067]]}},{"type":"Feature","properties":{"tier":"regional"},"geometry":{"type":"LineString","coordinates":[[138.514886,-35.077263],[138.514767,-35.077377],[138.514752,-35.077395],[138.514705,-35.077453],[138.514672,-35.07752]]}},{"type":"Feature","properties":{"tier":"regional"},"geometry":{"type":"LineString","coordinates":[[138.514688,-35.077046],[138.514726,-35.077121],[138.514777,-35.077164],[138.514799,-35.077182],[138.514874,-35.077203]]}},{"type":"Feature","properties":{"tier":"regional"},"geometry":{"type":"LineString","coordinates":[[138.514236,-35.077358],[138.514368,-35.077292],[138.514484,-35.077228],[138.514558,-35.077187],[138.514609,-35.077123]]}},{"type":"Feature","properties":{"tier":"regional"},"geometry":{"type":"LineString","coordinates":[[138.51464,-35.077732],[138.514526,-35.077529],[138.514488,-35.07748],[138.514443,-35.077425],[138.514381,-35.077394]]}},{"type":"Feature","properties":{"tier":"regional"},"geometry":{"type":"LineString","coordinates":[[138.514589,-35.0773],[138.514594,-35.077244],[138.514607,-35.077139],[138.514609,-35.077123]]}},{"type":"Feature","properties":{"tier":"regional"},"geometry":{"type":"LineString","coordinates":[[138.514673,-35.077276],[138.51467,-35.077337]]}},{"type":"Feature","properties":{"tier":"regional"},"geometry":{"type":"LineString","coordinates":[[138.514672,-35.07752],[138.514672,-35.07755],[138.514687,-35.077631],[138.514723,-35.077744],[138.514753,-35.077812]]}},{"type":"Feature","properties":{"tier":"regional"},"geometry":{"type":"LineString","coordinates":[[138.514609,-35.077123],[138.514634,-35.07693]]}},{"type":"Feature","properties":{"tier":"regional"},"geometry":{"type":"LineString","coordinates":[[138.514688,-35.077046],[138.514673,-35.0772],[138.514675,-35.077226],[138.514673,-35.077276]]}},{"type":"Feature","properties":{"tier":"high"},"geometry":{"type":"LineString","coordinates":[[138.534387,-35.088059],[138.53455,-35.088023],[138.535322,-35.087876],[138.536007,-35.087772],[138.536915,-35.087628],[138.537592,-35.087489],[138.538152,-35.087327],[138.538592,-35.087177],[138.53895,-35.087042],[138.539219,-35.086928],[138.539582,-35.086774],[138.539876,-35.086634],[138.540208,-35.086452]]}},{"type":"Feature","properties":{"tier":"arterial"},"geometry":{"type":"LineString","coordinates":[[138.517709,-35.105469],[138.518592,-35.105426]]}},{"type":"Feature","properties":{"tier":"arterial"},"geometry":{"type":"LineString","coordinates":[[138.518642,-35.10554],[138.51858,-35.105543]]}},{"type":"Feature","properties":{"tier":"arterial"},"geometry":{"type":"LineString","coordinates":[[138.513122,-35.105692],[138.51521,-35.105591]]}},{"type":"Feature","properties":{"tier":"arterial"},"geometry":{"type":"LineString","coordinates":[[138.514947,-35.105731],[138.513695,-35.105773]]}},{"type":"Feature","properties":{"tier":"arterial"},"geometry":{"type":"LineString","coordinates":[[138.522094,-35.105256],[138.522204,-35.105251],[138.523118,-35.105206]]}},{"type":"Feature","properties":{"tier":"arterial"},"geometry":{"type":"LineString","coordinates":[[138.523177,-35.105308],[138.523114,-35.105311]]}},{"type":"Feature","properties":{"tier":"arterial"},"geometry":{"type":"LineString","coordinates":[[138.526167,-35.10506],[138.526625,-35.105039]]}},{"type":"Feature","properties":{"tier":"arterial"},"geometry":{"type":"LineString","coordinates":[[138.523231,-35.074042],[138.52407,-35.073257]]}},{"type":"Feature","properties":{"tier":"arterial"},"geometry":{"type":"LineString","coordinates":[[138.525049,-35.07257],[138.524482,-35.073087],[138.524236,-35.073318]]}},{"type":"Feature","properties":{"tier":"arterial"},"geometry":{"type":"LineString","coordinates":[[138.527417,-35.07033],[138.526844,-35.070873]]}},{"type":"Feature","properties":{"tier":"arterial"},"geometry":{"type":"LineString","coordinates":[[138.546483,-35.081142],[138.546514,-35.080859]]}},{"type":"Feature","properties":{"tier":"high"},"geometry":{"type":"LineString","coordinates":[[138.546274,-35.081902],[138.546274,-35.081828],[138.546275,-35.081768],[138.546275,-35.081719],[138.546273,-35.081666]]}},{"type":"Feature","properties":{"tier":"arterial"},"geometry":{"type":"LineString","coordinates":[[138.546207,-35.082753],[138.546281,-35.082428],[138.546305,-35.082321]]}},{"type":"Feature","properties":{"tier":"arterial"},"geometry":{"type":"LineString","coordinates":[[138.546305,-35.082321],[138.546351,-35.082118]]}},{"type":"Feature","properties":{"tier":"arterial"},"geometry":{"type":"LineString","coordinates":[[138.54587,-35.082018],[138.546039,-35.08174]]}},{"type":"Feature","properties":{"tier":"high"},"geometry":{"type":"LineString","coordinates":[[138.54605,-35.080472],[138.546347,-35.080935],[138.546421,-35.081051]]}},{"type":"Feature","properties":{"tier":"high"},"geometry":{"type":"LineString","coordinates":[[138.546085,-35.080768],[138.54626,-35.081075],[138.546289,-35.08118],[138.546305,-35.081275]]}},{"type":"Feature","properties":{"tier":"arterial"},"geometry":{"type":"LineString","coordinates":[[138.546638,-35.081744],[138.546587,-35.081997],[138.546564,-35.08211]]}},{"type":"Feature","properties":{"tier":"arterial"},"geometry":{"type":"LineString","coordinates":[[138.547186,-35.082385],[138.547318,-35.082313],[138.547455,-35.082254],[138.547659,-35.082201],[138.547816,-35.082201],[138.547956,-35.082208]]}},{"type":"Feature","properties":{"tier":"high"},"geometry":{"type":"LineString","coordinates":[[138.546514,-35.080859],[138.546596,-35.080687]]}},{"type":"Feature","properties":{"tier":"high"},"geometry":{"type":"LineString","coordinates":[[138.54718,-35.079995],[138.546925,-35.080546]]}},{"type":"Feature","properties":{"tier":"arterial"},"geometry":{"type":"LineString","coordinates":[[138.525554,-35.105088],[138.525915,-35.105072]]}},{"type":"Feature","properties":{"tier":"arterial"},"geometry":{"type":"LineString","coordinates":[[138.525915,-35.105072],[138.526167,-35.10506]]}},{"type":"Feature","properties":{"tier":"regional"},"geometry":{"type":"LineString","coordinates":[[138.527981,-35.105077],[138.527864,-35.105082],[138.527786,-35.105085]]}},{"type":"Feature","properties":{"tier":"arterial"},"geometry":{"type":"LineString","coordinates":[[138.528602,-35.103815],[138.528512,-35.103913],[138.528439,-35.10399]]}},{"type":"Feature","properties":{"tier":"arterial"},"geometry":{"type":"LineString","coordinates":[[138.528667,-35.103746],[138.528602,-35.103815]]}},{"type":"Feature","properties":{"tier":"arterial"},"geometry":{"type":"LineString","coordinates":[[138.528176,-35.104031],[138.528212,-35.104127],[138.528221,-35.104176],[138.528214,-35.104228]]}},{"type":"Feature","properties":{"tier":"arterial"},"geometry":{"type":"LineString","coordinates":[[138.528439,-35.10399],[138.528394,-35.104006],[138.528339,-35.104017],[138.528251,-35.104031],[138.528176,-35.104031]]}},{"type":"Feature","properties":{"tier":"arterial"},"geometry":{"type":"LineString","coordinates":[[138.528214,-35.104228],[138.528178,-35.104267],[138.528104,-35.104346]]}},{"type":"Feature","properties":{"tier":"arterial"},"geometry":{"type":"LineString","coordinates":[[138.526713,-35.105579],[138.526841,-35.105447]]}},{"type":"Feature","properties":{"tier":"regional"},"geometry":{"type":"LineString","coordinates":[[138.528146,-35.105071],[138.527981,-35.105077]]}},{"type":"Feature","properties":{"tier":"regional"},"geometry":{"type":"LineString","coordinates":[[138.522552,-35.109853],[138.522496,-35.109811],[138.52244,-35.109758],[138.522392,-35.109701]]}},{"type":"Feature","properties":{"tier":"arterial"},"geometry":{"type":"LineString","coordinates":[[138.525919,-35.106646],[138.525774,-35.106709],[138.525708,-35.106731],[138.525637,-35.106732]]}}]}
