{"type":"FeatureCollection","features":[{"type":"Feature","properties":{"tier":"regional"},"geometry":{"type":"LineString","coordinates":[[138.56252,-34.980302],[138.562398,-34.98033],[138.561603,-34.980369],[138.561548,-34.980371],[138.561183,-34.980389],[138.560648,-34.980415],[138.560135,-34.980441],[138.560007,-34.980448],[138.559562,-34.98047],[138.558304,-34.980534]]}},{"type":"Feature","properties":{"tier":"arterial"},"geometry":{"type":"LineString","coordinates":[[138.520315,-34.981334],[138.520333,-34.981578],[138.520364,-34.982001],[138.520408,-34.982639]]}},{"type":"Feature","properties":{"tier":"regional"},"geometry":{"type":"LineString","coordinates":[[138.543424,-34.968369],[138.544648,-34.96831],[138.545649,-34.968263],[138.54648,-34.968223]]}},{"type":"Feature","properties":{"tier":"regional"},"geometry":{"type":"LineString","coordinates":[[138.521148,-34.962396],[138.520858,-34.962509],[138.520639,-34.962567],[138.520425,-34.962611],[138.520011,-34.962634],[138.519529,-34.96266],[138.517886,-34.962717]]}},{"type":"Feature","properties":{"tier":"regional"},"geometry":{"type":"LineString","coordinates":[[138.556422,-34.980583],[138.556192,-34.980559],[138.556167,-34.980556],[138.556084,-34.980548]]}},{"type":"Feature","properties":{"tier":"arterial"},"geometry":{"type":"LineString","coordinates":[[138.554835,-34.964073],[138.554841,-34.964152],[138.554912,-34.965244]]}},{"type":"Feature","properties":{"tier":"regional"},"geometry":{"type":"LineString","coordinates":[[138.561912,-34.93748],[138.561925,-34.937692],[138.561931,-34.937775],[138.561948,-34.937988],[138.561963,-34.938262],[138.561987,-34.938722]]}},{"type":"Feature","properties":{"tier":"regional"},"geometry":{"type":"LineString","coordinates":[[138.561987,-34.938722],[138.56202,-34.938725],[138.562062,-34.938747],[138.562081,-34.93879],[138.562074,-34.93882],[138.562042,-34.93885],[138.562006,-34.938861],[138.56197,-34.938858],[138.561929,-34.938834],[138.561912,-34.938799],[138.561917,-34.938766],[138.561944,-34.938737],[138.561987,-34.938722]]}},{"type":"Feature","properties":{"tier":"regional"},"geometry":{"type":"LineString","coordinates":[[138.562196,-34.941227],[138.562211,-34.941456],[138.562223,-34.941614],[138.562277,-34.942396],[138.562278,-34.942411],[138.562282,-34.942463]]}},{"type":"Feature","properties":{"tier":"regional"},"geometry":{"type":"LineString","coordinates":[[138.520132,-34.980039],[138.52005,-34.980043],[138.519851,-34.980054],[138.519582,-34.980067],[138.519549,-34.980065],[138.519412,-34.980058]]}},{"type":"Feature","properties":{"tier":"regional"},"geometry":{"type":"LineString","coordinates":[[138.513551,-34.985352],[138.513551,-34.985376],[138.513542,-34.9854],[138.513524,-34.98542],[138.513499,-34.985434],[138.51347,-34.985441],[138.51344,-34.985439],[138.513412,-34.98543],[138.513389,-34.985414],[138.513374,-34.985394],[138.513368,-34.985369],[138.51337,-34.985346],[138.513382,-34.985325],[138.5134,-34.985308],[138.513424,-34.985295],[138.513452,-34.98529]]}},{"type":"Feature","properties":{"tier":"regional"},"geometry":{"type":"LineString","coordinates":[[138.513739,-34.988242],[138.513768,-34.98825],[138.513793,-34.988267],[138.51381,-34.988289],[138.513817,-34.988314],[138.513814,-34.988337],[138.513803,-34.988358],[138.513784,-34.988376],[138.51376,-34.988388],[138.51373,-34.988394],[138.5137,-34.988392],[138.513672,-34.988382],[138.51365,-34.988365],[138.513635,-34.988343],[138.513629,-34.988319],[138.513633,-34.988298],[138.513643,-34.988278],[138.51366,-34.988261],[138.513682,-34.988249],[138.513707,-34.988242],[138.513739,-34.988242]]}},{"type":"Feature","properties":{"tier":"regional"},"geometry":{"type":"LineString","coordinates":[[138.513124,-34.98058],[138.513145,-34.980895],[138.513158,-34.981048],[138.513169,-34.981205],[138.513172,-34.981253]]}},{"type":"Feature","properties":{"tier":"regional"},"geometry":{"type":"LineString","coordinates":[[138.51347,-34.985441],[138.513574,-34.986857],[138.513605,-34.987288],[138.51365,-34.987898],[138.513667,-34.988135]]}},{"type":"Feature","properties":{"tier":"arterial"},"geometry":{"type":"LineString","coordinates":[[138.553606,-34.943003],[138.55344,-34.943077],[138.553429,-34.943086],[138.553341,-34.94315]]}},{"type":"Feature","properties":{"tier":"arterial"},"geometry":{"type":"LineString","coordinates":[[138.552927,-34.93748],[138.552959,-34.937928]]}},{"type":"Feature","properties":{"tier":"arterial"},"geometry":{"type":"LineString","coordinates":[[138.553187,-34.942971],[138.553183,-34.942898],[138.553167,-34.942558],[138.553166,-34.942546],[138.553155,-34.942322]]}},{"type":"Feature","properties":{"tier":"arterial"},"geometry":{"type":"LineString","coordinates":[[138.553323,-34.942935],[138.553329,-34.943007]]}},{"type":"Feature","properties":{"tier":"arterial"},"geometry":{"type":"LineString","coordinates":[[138.521339,-34.996688],[138.521331,-34.996573],[138.521203,-34.994703],[138.521176,-34.994369],[138.521073,-34.992978]]}},{"type":"Feature","properties":{"tier":"arterial"},"geometry":{"type":"LineString","coordinates":[[138.520216,-34.981338],[138.520164,-34.98054],[138.520144,-34.980224],[138.520136,-34.980104],[138.520132,-34.980039]]}},{"type":"Feature","properties":{"tier":"arterial"},"geometry":{"type":"LineString","coordinates":[[138.519883,-34.976353],[138.519859,-34.976239]]}},{"type":"Feature","properties":{"tier":"arterial"},"geometry":{"type":"LineString","coordinates":[[138.519968,-34.97623],[138.519978,-34.976348]]}},{"type":"Feature","properties":{"tier":"arterial"},"geometry":{"type":"LineString","coordinates":[[138.519859,-34.976239],[138.519845,-34.976168],[138.519809,-34.975998]]}},{"type":"Feature","properties":{"tier":"arterial"},"geometry":{"type":"LineString","coordinates":[[138.516789,-34.962648],[138.516776,-34.962738]]}},{"type":"Feature","properties":{"tier":"arterial"},"geometry":{"type":"LineString","coordinates":[[138.530555,-34.99674],[138.530414,-34.996749]]}},{"type":"Feature","properties":{"tier":"arterial"},"geometry":{"type":"LineString","coordinates":[[138.520883,-34.990667],[138.520874,-34.990543],[138.520847,-34.990208]]}},{"type":"Feature","properties":{"tier":"arterial"},"geometry":{"type":"LineString","coordinates":[[138.52135,-34.994919],[138.521446,-34.996151]]}},{"type":"Feature","properties":{"tier":"high"},"geometry":{"type":"LineString","coordinates":[[138.520455,-34.976321],[138.520162,-34.976414],[138.520088,-34.976437],[138.519994,-34.976535]]}},{"type":"Feature","properties":{"tier":"high"},"geometry":{"type":"LineString","coordinates":[[138.519929,-34.975773],[138.520023,-34.976051],[138.520069,-34.976139],[138.520117,-34.976182],[138.520352,-34.9762]]}},{"type":"Feature","properties":{"tier":"arterial"},"geometry":{"type":"LineString","coordinates":[[138.516549,-34.963154],[138.516602,-34.962812]]}},{"type":"Feature","properties":{"tier":"arterial"},"geometry":{"type":"LineString","coordinates":[[138.516624,-34.962676],[138.516638,-34.962584],[138.516649,-34.962472],[138.516657,-34.962315],[138.516645,-34.962181],[138.516618,-34.962037],[138.516568,-34.961881],[138.516462,-34.961622]]}},{"type":"Feature","properties":{"tier":"arterial"},"geometry":{"type":"LineString","coordinates":[[138.516776,-34.962738],[138.516773,-34.962756],[138.51676,-34.962843]]}},{"type":"Feature","properties":{"tier":"arterial"},"geometry":{"type":"LineString","coordinates":[[138.516701,-34.963207],[138.516688,-34.963321],[138.516695,-34.963912],[138.516706,-34.964078],[138.516737,-34.964546]]}},{"type":"Feature","properties":{"tier":"arterial"},"geometry":{"type":"LineString","coordinates":[[138.516462,-34.961622],[138.516352,-34.961431],[138.516265,-34.961287]]}},{"type":"Feature","properties":{"tier":"arterial"},"geometry":{"type":"LineString","coordinates":[[138.516265,-34.961287],[138.516108,-34.9611],[138.516034,-34.961036],[138.515914,-34.960924],[138.51562,-34.960693],[138.514951,-34.960164],[138.514663,-34.959887],[138.514484,-34.95967],[138.514377,-34.959519],[138.51427,-34.959347],[138.514108,-34.958995]]}},{"type":"Feature","properties":{"tier":"arterial"},"geometry":{"type":"LineString","coordinates":[[138.514055,-34.958841],[138.514016,-34.958685],[138.513979,-34.958495]]}},{"type":"Feature","properties":{"tier":"arterial"},"geometry":{"type":"LineString","coordinates":[[138.516357,-34.961241],[138.516468,-34.961403],[138.516561,-34.961569]]}},{"type":"Feature","properties":{"tier":"arterial"},"geometry":{"type":"LineString","coordinates":[[138.516561,-34.961569],[138.516692,-34.961838],[138.516741,-34.962001],[138.516785,-34.962164]]}},{"type":"Feature","properties":{"tier":"regional"},"geometry":{"type":"LineString","coordinates":[[138.517886,-34.962717],[138.517421,-34.962807]]}},{"type":"Feature","properties":{"tier":"regional"},"geometry":{"type":"LineString","coordinates":[[138.516776,-34.962738],[138.516624,-34.962676]]}},{"type":"Feature","properties":{"tier":"regional"},"geometry":{"type":"LineString","coordinates":[[138.516624,-34.962676],[138.516789,-34.962648]]}},{"type":"Feature","properties":{"tier":"regional"},"geometry":{"type":"LineString","coordinates":[[138.516789,-34.962648],[138.516843,-34.962652],[138.517006,-34.962662]]}},{"type":"Feature","properties":{"tier":"arterial"},"geometry":{"type":"LineString","coordinates":[[138.516785,-34.962164],[138.516851,-34.962286],[138.516923,-34.96257],[138.517006,-34.962662]]}},{"type":"Feature","properties":{"tier":"arterial"},"geometry":{"type":"LineString","coordinates":[[138.5172,-34.962792],[138.516931,-34.962803],[138.516854,-34.962821],[138.51676,-34.962843]]}},{"type":"Feature","properties":{"tier":"arterial"},"geometry":{"type":"LineString","coordinates":[[138.555105,-34.967919],[138.555114,-34.96804],[138.555117,-34.968077],[138.55512,-34.968127]]}},{"type":"Feature","properties":{"tier":"arterial"},"geometry":{"type":"LineString","coordinates":[[138.555001,-34.968134],[138.554998,-34.968083],[138.55499,-34.967961]]}},{"type":"Feature","properties":{"tier":"arterial"},"geometry":{"type":"LineString","coordinates":[[138.554937,-34.967264],[138.554934,-34.967222],[138.554929,-34.967106],[138.554916,-34.966966]]}},{"type":"Feature","properties":{"tier":"arterial"},"geometry":{"type":"LineString","coordinates":[[138.554699,-34.96383],[138.554698,-34.96381],[138.554653,-34.963144],[138.554631,-34.96282]]}},{"type":"Feature","properties":{"tier":"arterial"},"geometry":{"type":"LineString","coordinates":[[138.555446,-34.974297],[138.555403,-34.973701],[138.555396,-34.973598],[138.555335,-34.972831]]}},{"type":"Feature","properties":{"tier":"arterial"},"geometry":{"type":"LineString","coordinates":[[138.556883,-34.993616],[138.557061,-34.993601]]}},{"type":"Feature","properties":{"tier":"arterial"},"geometry":{"type":"LineString","coordinates":[[138.557072,-34.993741],[138.556892,-34.993755]]}},{"type":"Feature","properties":{"tier":"arterial"},"geometry":{"type":"LineString","coordinates":[[138.556914,-34.991505],[138.556982,-34.992585],[138.557006,-34.992904]]}},{"type":"Feature","properties":{"tier":"arterial"},"geometry":{"type":"LineString","coordinates":[[138.556979,-34.994701],[138.55693,-34.99423]]}},{"type":"Feature","properties":{"tier":"arterial"},"geometry":{"type":"LineString","coordinates":[[138.553922,-34.995206],[138.553175,-34.995242],[138.551707,-34.995317],[138.551488,-34.995323],[138.550446,-34.995383],[138.54951,-34.995431],[138.548358,-34.995488]]}},{"type":"Feature","properties":{"tier":"arterial"},"geometry":{"type":"LineString","coordinates":[[138.545745,-34.99562],[138.545605,-34.995628],[138.544785,-34.995666],[138.543633,-34.995722],[138.543533,-34.995725],[138.542831,-34.995749]]}},{"type":"Feature","properties":{"tier":"arterial"},"geometry":{"type":"LineString","coordinates":[[138.548184,-34.995496],[138.548149,-34.995498],[138.548088,-34.995501],[138.547409,-34.995535]]}},{"type":"Feature","properties":{"tier":"arterial"},"geometry":{"type":"LineString","coordinates":[[138.539367,-34.996021],[138.539423,-34.996006],[138.539702,-34.995929]]}},{"type":"Feature","properties":{"tier":"arterial"},"geometry":{"type":"LineString","coordinates":[[138.5474,-34.995415],[138.54806,-34.995383],[138.548062,-34.995383],[138.548179,-34.995377]]}},{"type":"Feature","properties":{"tier":"arterial"},"geometry":{"type":"LineString","coordinates":[[138.549502,-34.995312],[138.550437,-34.995258],[138.551415,-34.995213],[138.551536,-34.995208],[138.551706,-34.995198],[138.55317,-34.995125],[138.553625,-34.995107],[138.553913,-34.995096],[138.554062,-34.995074],[138.554217,-34.99504],[138.554248,-34.99503],[138.554361,-34.994995],[138.554507,-34.99493],[138.554634,-34.994852],[138.554799,-34.994715],[138.554993,-34.994495],[138.555151,-34.994324],[138.55517,-34.994305],[138.555353,-34.994111],[138.555431,-34.994042],[138.555512,-34.99397]]}},{"type":"Feature","properties":{"tier":"arterial"},"geometry":{"type":"LineString","coordinates":[[138.53924,-34.996182],[138.539164,-34.996201],[138.538956,-34.996255]]}},{"type":"Feature","properties":{"tier":"arterial"},"geometry":{"type":"LineString","coordinates":[[138.531492,-34.996566],[138.531812,-34.996555],[138.53185,-34.996554],[138.532207,-34.996537],[138.53371,-34.996464],[138.534133,-34.996442],[138.53521,-34.996383],[138.535464,-34.99637],[138.536085,-34.996338],[138.536856,-34.996291],[138.537724,-34.996251]]}},{"type":"Feature","properties":{"tier":"arterial"},"geometry":{"type":"LineString","coordinates":[[138.521377,-34.997086],[138.52153,-34.997079]]}},{"type":"Feature","properties":{"tier":"arterial"},"geometry":{"type":"LineString","coordinates":[[138.521949,-34.997159],[138.521801,-34.997192],[138.521718,-34.997219],[138.521649,-34.997251],[138.521604,-34.99729],[138.521546,-34.997385]]}},{"type":"Feature","properties":{"tier":"arterial"},"geometry":{"type":"LineString","coordinates":[[138.56252,-34.993491],[138.562292,-34.993502],[138.562226,-34.993505],[138.562183,-34.993507],[138.561752,-34.993528],[138.561148,-34.993558]]}},{"type":"Feature","properties":{"tier":"arterial"},"geometry":{"type":"LineString","coordinates":[[138.557649,-34.993698],[138.557183,-34.993733],[138.557151,-34.993735],[138.557072,-34.993741]]}},{"type":"Feature","properties":{"tier":"arterial"},"geometry":{"type":"LineString","coordinates":[[138.556318,-34.993665],[138.556655,-34.993577],[138.556767,-34.993522],[138.556809,-34.993469],[138.556851,-34.99326]]}},{"type":"Feature","properties":{"tier":"arterial"},"geometry":{"type":"LineString","coordinates":[[138.557037,-34.993316],[138.55711,-34.993442],[138.557161,-34.993496],[138.557206,-34.993533],[138.557263,-34.993562],[138.557318,-34.993579]]}},{"type":"Feature","properties":{"tier":"arterial"},"geometry":{"type":"LineString","coordinates":[[138.556918,-34.994106],[138.556867,-34.993946],[138.556817,-34.993866],[138.556783,-34.993829],[138.556715,-34.993798],[138.556554,-34.99378]]}},{"type":"Feature","properties":{"tier":"arterial"},"geometry":{"type":"LineString","coordinates":[[138.557649,-34.993698],[138.557313,-34.993777],[138.557259,-34.993792],[138.557205,-34.993814],[138.557083,-34.993932]]}},{"type":"Feature","properties":{"tier":"arterial"},"geometry":{"type":"LineString","coordinates":[[138.557199,-34.99528],[138.557232,-34.99574],[138.557236,-34.995779],[138.557287,-34.996343]]}},{"type":"Feature","properties":{"tier":"regional"},"geometry":{"type":"LineString","coordinates":[[138.519883,-34.976353],[138.519753,-34.97636],[138.51958,-34.976369]]}},{"type":"Feature","properties":{"tier":"regional"},"geometry":{"type":"LineString","coordinates":[[138.518202,-34.97633],[138.518561,-34.976314],[138.519396,-34.976275]]}},{"type":"Feature","properties":{"tier":"regional"},"geometry":{"type":"LineString","coordinates":[[138.517292,-34.976365],[138.51732,-34.976331],[138.517358,-34.976304],[138.517403,-34.976286],[138.517453,-34.976278]]}},{"type":"Feature","properties":{"tier":"arterial"},"geometry":{"type":"LineString","coordinates":[[138.519396,-34.976275],[138.519731,-34.976144],[138.519777,-34.976091],[138.519809,-34.975998]]}},{"type":"Feature","properties":{"tier":"high"},"geometry":{"type":"LineString","coordinates":[[138.546365,-34.969559],[138.546319,-34.969588],[138.544095,-34.971026],[138.543941,-34.971126],[138.543849,-34.971187],[138.543626,-34.971337],[138.543401,-34.971483],[138.542375,-34.972127],[138.542229,-34.97222],[138.541937,-34.972405],[138.541887,-34.972436],[138.541751,-34.972524],[138.541163,-34.972905],[138.540754,-34.973182],[138.540447,-34.973389],[138.540281,-34.973501],[138.540136,-34.973595],[138.539155,-34.974235],[138.53883,-34.974444]]}},{"type":"Feature","properties":{"tier":"high"},"geometry":{"type":"LineString","coordinates":[[138.53767,-34.975192],[138.537548,-34.975245],[138.537333,-34.975353]]}},{"type":"Feature","properties":{"tier":"high"},"geometry":{"type":"LineString","coordinates":[[138.536182,-34.975566],[138.536163,-34.975425]]}},{"type":"Feature","properties":{"tier":"high"},"geometry":{"type":"LineString","coordinates":[[138.533504,-34.975698],[138.53344,-34.975637],[138.533398,-34.975562]]}},{"type":"Feature","properties":{"tier":"arterial"},"geometry":{"type":"LineString","coordinates":[[138.553329,-34.943007],[138.553333,-34.943049],[138.553341,-34.94315]]}},{"type":"Feature","properties":{"tier":"arterial"},"geometry":{"type":"LineString","coordinates":[[138.553555,-34.948116],[138.553462,-34.94671],[138.553406,-34.94588]]}},{"type":"Feature","properties":{"tier":"arterial"},"geometry":{"type":"LineString","coordinates":[[138.500134,-34.938026],[138.500144,-34.938057],[138.50014,-34.938089],[138.500123,-34.938118],[138.500108,-34.938133],[138.50009,-34.938144],[138.500065,-34.938154],[138.500037,-34.938158],[138.500009,-34.938157],[138.49998,-34.938149]]}},{"type":"Feature","properties":{"tier":"arterial"},"geometry":{"type":"LineString","coordinates":[[138.49998,-34.937979],[138.499982,-34.937978],[138.500011,-34.937971],[138.500042,-34.93797],[138.500068,-34.937976],[138.500092,-34.937986],[138.500113,-34.938],[138.500134,-34.938026]]}},{"type":"Feature","properties":{"tier":"arterial"},"geometry":{"type":"LineString","coordinates":[[138.501795,-34.937652],[138.501763,-34.937622],[138.501749,-34.9376],[138.501737,-34.93757],[138.501732,-34.93754],[138.501737,-34.937508]]}},{"type":"Feature","properties":{"tier":"arterial"},"geometry":{"type":"LineString","coordinates":[[138.500393,-34.937918],[138.500702,-34.937828],[138.501181,-34.937678]]}},{"type":"Feature","properties":{"tier":"arterial"},"geometry":{"type":"LineString","coordinates":[[138.501795,-34.937652],[138.50175,-34.937656],[138.501698,-34.937667],[138.501424,-34.937752],[138.501169,-34.937822],[138.500966,-34.937877]]}},{"type":"Feature","properties":{"tier":"regional"},"geometry":{"type":"LineString","coordinates":[[138.534149,-34.939354],[138.53415,-34.939307],[138.534167,-34.939262],[138.534198,-34.939223],[138.534224,-34.939199]]}},{"type":"Feature","properties":{"tier":"regional"},"geometry":{"type":"LineString","coordinates":[[138.555958,-34.980534],[138.555902,-34.980528],[138.55587,-34.980525],[138.555597,-34.980496]]}},{"type":"Feature","properties":{"tier":"arterial"},"geometry":{"type":"LineString","coordinates":[[138.553763,-34.949125],[138.553766,-34.949224],[138.553787,-34.949525],[138.553829,-34.950113],[138.553865,-34.950532],[138.553911,-34.951067],[138.553924,-34.951241]]}},{"type":"Feature","properties":{"tier":"arterial"},"geometry":{"type":"LineString","coordinates":[[138.553897,-34.952821],[138.55388,-34.952638]]}},{"type":"Feature","properties":{"tier":"arterial"},"geometry":{"type":"LineString","coordinates":[[138.553779,-34.951248],[138.553718,-34.950306],[138.553636,-34.949223],[138.553635,-34.949191],[138.553632,-34.949129]]}},{"type":"Feature","properties":{"tier":"arterial"},"geometry":{"type":"LineString","coordinates":[[138.553964,-34.953733],[138.553934,-34.953279],[138.553899,-34.952844],[138.553897,-34.952821]]}},{"type":"Feature","properties":{"tier":"arterial"},"geometry":{"type":"LineString","coordinates":[[138.554034,-34.952816],[138.554074,-34.953271],[138.554104,-34.953726]]}},{"type":"Feature","properties":{"tier":"arterial"},"geometry":{"type":"LineString","coordinates":[[138.554022,-34.952639],[138.554024,-34.952669],[138.554034,-34.952816]]}},{"type":"Feature","properties":{"tier":"arterial"},"geometry":{"type":"LineString","coordinates":[[138.538495,-34.985884],[138.5385,-34.985956],[138.53854,-34.986395],[138.538562,-34.986646],[138.538579,-34.986838],[138.538587,-34.986991],[138.538622,-34.987481],[138.538623,-34.987488],[138.538658,-34.987975],[138.538683,-34.988238],[138.538684,-34.988256],[138.538707,-34.988504],[138.53872,-34.988684],[138.538734,-34.98888],[138.538783,-34.989597],[138.538798,-34.989787],[138.538824,-34.990133],[138.538869,-34.990733]]}},{"type":"Feature","properties":{"tier":"arterial"},"geometry":{"type":"LineString","coordinates":[[138.539545,-34.999695],[138.539568,-35.00002]]}},{"type":"Feature","properties":{"tier":"regional"},"geometry":{"type":"LineString","coordinates":[[138.520385,-34.996737],[138.521264,-34.996692],[138.521288,-34.996691],[138.521339,-34.996688]]}},{"type":"Feature","properties":{"tier":"regional"},"geometry":{"type":"LineString","coordinates":[[138.5127,-34.971687],[138.512711,-34.971713],[138.512712,-34.971734],[138.512706,-34.971755],[138.512693,-34.971774],[138.512675,-34.97179],[138.512652,-34.971801],[138.512627,-34.971807],[138.512594,-34.971806],[138.512564,-34.971797],[138.512539,-34.971781],[138.512521,-34.971758],[138.512513,-34.971732],[138.512517,-34.971704],[138.512531,-34.971679],[138.512556,-34.971659],[138.512587,-34.971647],[138.51262,-34.971644],[138.512652,-34.971651],[138.51268,-34.971666],[138.5127,-34.971687]]}},{"type":"Feature","properties":{"tier":"regional"},"geometry":{"type":"LineString","coordinates":[[138.512771,-34.971706],[138.512948,-34.971687],[138.513984,-34.971529]]}},{"type":"Feature","properties":{"tier":"regional"},"geometry":{"type":"LineString","coordinates":[[138.516526,-34.976564],[138.516449,-34.976568],[138.516061,-34.976586],[138.515618,-34.976607],[138.515548,-34.97661],[138.514718,-34.976649],[138.514619,-34.976654]]}},{"type":"Feature","properties":{"tier":"regional"},"geometry":{"type":"LineString","coordinates":[[138.512061,-34.976792],[138.512034,-34.976767],[138.512017,-34.976737],[138.512009,-34.976705],[138.512013,-34.976672]]}},{"type":"Feature","properties":{"tier":"regional"},"geometry":{"type":"LineString","coordinates":[[138.512436,-34.960908],[138.512595,-34.960877],[138.512771,-34.960834],[138.512831,-34.960817],[138.513022,-34.960755],[138.513131,-34.960718],[138.513327,-34.960638],[138.513438,-34.960579],[138.513523,-34.960515],[138.513657,-34.96033],[138.513688,-34.960231],[138.513699,-34.960129],[138.513689,-34.960023],[138.513671,-34.959967],[138.513643,-34.959898],[138.513542,-34.959751],[138.513356,-34.95948],[138.513338,-34.959447],[138.513313,-34.959385],[138.5133,-34.959315],[138.513297,-34.959205],[138.513324,-34.959089],[138.513379,-34.958988],[138.51345,-34.958898],[138.513515,-34.958842],[138.513584,-34.958802],[138.513689,-34.95875],[138.513845,-34.958718],[138.514016,-34.958685]]}},{"type":"Feature","properties":{"tier":"regional"},"geometry":{"type":"LineString","coordinates":[[138.508889,-34.945104],[138.51093,-34.945005],[138.512104,-34.944937],[138.51227,-34.944927],[138.512848,-34.9449],[138.513132,-34.944877],[138.513474,-34.944853],[138.513738,-34.944855]]}},{"type":"Feature","properties":{"tier":"arterial"},"geometry":{"type":"LineString","coordinates":[[138.554323,-34.956594],[138.554372,-34.95738],[138.554377,-34.957449]]}},{"type":"Feature","properties":{"tier":"high"},"geometry":{"type":"LineString","coordinates":[[138.521078,-34.976164],[138.521752,-34.976153],[138.522003,-34.976142],[138.522585,-34.976113],[138.523175,-34.97609],[138.523391,-34.976072],[138.523821,-34.976053],[138.524748,-34.976005],[138.525228,-34.975981],[138.525848,-34.975953],[138.526086,-34.975936],[138.528469,-34.975816],[138.528869,-34.975796]]}},{"type":"Feature","properties":{"tier":"high"},"geometry":{"type":"LineString","coordinates":[[138.528869,-34.975796],[138.529138,-34.975783],[138.529969,-34.975742],[138.530325,-34.975723],[138.530548,-34.975711],[138.531047,-34.975684],[138.532428,-34.975607],[138.532902,-34.975585],[138.533398,-34.975562],[138.533946,-34.975537],[138.534786,-34.975494]]}},{"type":"Feature","properties":{"tier":"high"},"geometry":{"type":"LineString","coordinates":[[138.537934,-34.974829],[138.538974,-34.974148],[138.539159,-34.974027],[138.539609,-34.973734]]}},{"type":"Feature","properties":{"tier":"high"},"geometry":{"type":"LineString","coordinates":[[138.548559,-34.967943],[138.54924,-34.967501]]}},{"type":"Feature","properties":{"tier":"arterial"},"geometry":{"type":"LineString","coordinates":[[138.553309,-34.942765],[138.553367,-34.942834],[138.553409,-34.942867],[138.553427,-34.942881],[138.553523,-34.942913]]}},{"type":"Feature","properties":{"tier":"regional"},"geometry":{"type":"LineString","coordinates":[[138.512016,-34.959854],[138.512001,-34.959819],[138.511594,-34.958869],[138.511527,-34.958788],[138.511355,-34.958638],[138.51125,-34.958575],[138.511165,-34.958535],[138.510929,-34.958463],[138.510192,-34.958369],[138.510078,-34.958339],[138.509967,-34.958299],[138.509868,-34.958247],[138.509763,-34.958184],[138.509682,-34.958112],[138.50965,-34.958091],[138.509592,-34.958026],[138.509546,-34.957965],[138.509502,-34.957887],[138.508826,-34.956067],[138.508694,-34.955709],[138.508559,-34.955329],[138.50817,-34.954317],[138.508097,-34.954129],[138.508066,-34.954049],[138.50803,-34.953955],[138.507866,-34.953528],[138.507839,-34.953459],[138.507789,-34.953328],[138.5076,-34.952838],[138.50619,-34.949455],[138.505825,-34.94858],[138.505807,-34.948535]]}},{"type":"Feature","properties":{"tier":"arterial"},"geometry":{"type":"LineString","coordinates":[[138.524519,-34.9885],[138.524458,-34.988416],[138.523962,-34.987725]]}},{"type":"Feature","properties":{"tier":"high"},"geometry":{"type":"LineString","coordinates":[[138.554784,-34.963289],[138.554874,-34.96357],[138.554936,-34.963631],[138.555043,-34.963647],[138.555244,-34.963591]]}},{"type":"Feature","properties":{"tier":"arterial"},"geometry":{"type":"LineString","coordinates":[[138.556422,-34.980583],[138.556269,-34.980632],[138.556196,-34.980664],[138.556142,-34.980735],[138.556107,-34.980861]]}},{"type":"Feature","properties":{"tier":"arterial"},"geometry":{"type":"LineString","coordinates":[[138.555597,-34.980496],[138.555804,-34.980468],[138.555889,-34.980428],[138.555915,-34.980382],[138.555942,-34.9803]]}},{"type":"Feature","properties":{"tier":"arterial"},"geometry":{"type":"LineString","coordinates":[[138.521696,-34.997071],[138.52208,-34.997053]]}},{"type":"Feature","properties":{"tier":"arterial"},"geometry":{"type":"LineString","coordinates":[[138.521536,-34.997179],[138.521386,-34.997183]]}},{"type":"Feature","properties":{"tier":"arterial"},"geometry":{"type":"LineString","coordinates":[[138.556851,-34.99326],[138.556843,-34.992936]]}},{"type":"Feature","properties":{"tier":"high"},"geometry":{"type":"LineString","coordinates":[[138.554734,-34.964346],[138.554643,-34.964277],[138.554533,-34.964273]]}},{"type":"Feature","properties":{"tier":"arterial"},"geometry":{"type":"LineString","coordinates":[[138.554247,-34.957456],[138.554242,-34.957386],[138.554186,-34.956601],[138.554142,-34.956026],[138.554127,-34.955842],[138.554083,-34.955267],[138.554077,-34.955182],[138.554052,-34.954882],[138.554023,-34.95452],[138.553998,-34.954208]]}},{"type":"Feature","properties":{"tier":"regional"},"geometry":{"type":"LineString","coordinates":[[138.54997,-34.959959],[138.549465,-34.959983],[138.549443,-34.959985],[138.54938,-34.959988],[138.549077,-34.960002],[138.54889,-34.960011],[138.548632,-34.960023],[138.547941,-34.960057]]}},{"type":"Feature","properties":{"tier":"regional"},"geometry":{"type":"LineString","coordinates":[[138.536482,-34.958026],[138.536529,-34.958193],[138.536535,-34.958281],[138.536566,-34.958721]]}},{"type":"Feature","properties":{"tier":"regional"},"geometry":{"type":"LineString","coordinates":[[138.53673,-34.961812],[138.536673,-34.961664],[138.536619,-34.960604]]}},{"type":"Feature","properties":{"tier":"regional"},"geometry":{"type":"LineString","coordinates":[[138.537275,-34.960572],[138.53701,-34.960608],[138.536784,-34.960679],[138.536772,-34.960691],[138.536743,-34.960722],[138.53671,-34.960758]]}},{"type":"Feature","properties":{"tier":"regional"},"geometry":{"type":"LineString","coordinates":[[138.536702,-34.960597],[138.536619,-34.960604]]}},{"type":"Feature","properties":{"tier":"regional"},"geometry":{"type":"LineString","coordinates":[[138.536619,-34.960604],[138.536599,-34.960342],[138.536577,-34.960055],[138.536552,-34.959731],[138.536511,-34.959261],[138.536463,-34.958727],[138.536443,-34.958284],[138.536439,-34.958189],[138.536482,-34.958026]]}},{"type":"Feature","properties":{"tier":"regional"},"geometry":{"type":"LineString","coordinates":[[138.53671,-34.960758],[138.536758,-34.961661],[138.53673,-34.961812]]}},{"type":"Feature","properties":{"tier":"regional"},"geometry":{"type":"LineString","coordinates":[[138.536552,-34.959731],[138.536631,-34.959727]]}},{"type":"Feature","properties":{"tier":"regional"},"geometry":{"type":"LineString","coordinates":[[138.536463,-34.958727],[138.536566,-34.958721]]}},{"type":"Feature","properties":{"tier":"regional"},"geometry":{"type":"LineString","coordinates":[[138.511865,-34.964158],[138.511877,-34.964134],[138.511898,-34.964114],[138.511915,-34.964105],[138.511946,-34.964098],[138.511982,-34.964101],[138.512011,-34.964113],[138.512034,-34.964134],[138.512046,-34.964158],[138.512046,-34.96419],[138.512033,-34.964214],[138.512007,-34.964236],[138.511977,-34.964247],[138.511948,-34.964249],[138.511917,-34.964242],[138.51189,-34.964227],[138.511879,-34.964216],[138.511866,-34.964192],[138.511865,-34.964158]]}},{"type":"Feature","properties":{"tier":"regional"},"geometry":{"type":"LineString","coordinates":[[138.512387,-34.966921],[138.512376,-34.9669],[138.512374,-34.966877],[138.51238,-34.966855],[138.512394,-34.966836],[138.512414,-34.96682],[138.512439,-34.966811],[138.512466,-34.966807],[138.512493,-34.96681],[138.512518,-34.96682],[138.512538,-34.966835],[138.512552,-34.966855],[138.512559,-34.966877],[138.512557,-34.966899],[138.512547,-34.96692],[138.51253,-34.966938],[138.512507,-34.966951],[138.512481,-34.966957],[138.512453,-34.966958],[138.512427,-34.966951],[138.512404,-34.966939],[138.512387,-34.966921]]}},{"type":"Feature","properties":{"tier":"regional"},"geometry":{"type":"LineString","coordinates":[[138.511927,-34.969353],[138.511901,-34.969373],[138.511868,-34.969385],[138.511833,-34.969387],[138.511801,-34.969381],[138.511774,-34.969368],[138.511752,-34.969348],[138.511739,-34.969324],[138.511734,-34.969298],[138.511739,-34.969272],[138.511753,-34.969249],[138.511774,-34.96923],[138.511802,-34.969217],[138.511833,-34.969211],[138.511868,-34.969213],[138.511901,-34.969225],[138.511927,-34.969244],[138.511944,-34.96927],[138.51195,-34.969299],[138.511944,-34.969328],[138.511927,-34.969353]]}},{"type":"Feature","properties":{"tier":"regional"},"geometry":{"type":"LineString","coordinates":[[138.513206,-34.97672],[138.512736,-34.976743]]}},{"type":"Feature","properties":{"tier":"arterial"},"geometry":{"type":"LineString","coordinates":[[138.554609,-34.960615],[138.554676,-34.961499],[138.554686,-34.961629],[138.554695,-34.961739],[138.554713,-34.962045],[138.554771,-34.962986]]}},{"type":"Feature","properties":{"tier":"arterial"},"geometry":{"type":"LineString","coordinates":[[138.517794,-34.944689],[138.517799,-34.94474],[138.517809,-34.944842]]}},{"type":"Feature","properties":{"tier":"arterial"},"geometry":{"type":"LineString","coordinates":[[138.555128,-34.968241],[138.55513,-34.968264],[138.555142,-34.968426]]}},{"type":"Feature","properties":{"tier":"arterial"},"geometry":{"type":"LineString","coordinates":[[138.557037,-34.993316],[138.557054,-34.993514],[138.557056,-34.993541],[138.557061,-34.993601]]}},{"type":"Feature","properties":{"tier":"regional"},"geometry":{"type":"LineString","coordinates":[[138.562282,-34.942463],[138.562291,-34.942586]]}},{"type":"Feature","properties":{"tier":"arterial"},"geometry":{"type":"LineString","coordinates":[[138.516602,-34.962812],[138.516608,-34.962774],[138.516612,-34.962747],[138.516624,-34.962676]]}},{"type":"Feature","properties":{"tier":"arterial"},"geometry":{"type":"LineString","coordinates":[[138.51675,-34.962912],[138.516701,-34.963207]]}},{"type":"Feature","properties":{"tier":"arterial"},"geometry":{"type":"LineString","coordinates":[[138.557053,-34.99545],[138.556982,-34.995283],[138.556909,-34.995125],[138.556844,-34.995077],[138.556789,-34.995057],[138.556719,-34.99503]]}},{"type":"Feature","properties":{"tier":"arterial"},"geometry":{"type":"LineString","coordinates":[[138.538759,-34.996173],[138.538946,-34.996088],[138.539081,-34.996],[138.539092,-34.995981],[138.539132,-34.995912],[138.539199,-34.995544]]}},{"type":"Feature","properties":{"tier":"arterial"},"geometry":{"type":"LineString","coordinates":[[138.539322,-34.99548],[138.539385,-34.995697],[138.539526,-34.99583],[138.539613,-34.995902],[138.539702,-34.995929]]}},{"type":"Feature","properties":{"tier":"arterial"},"geometry":{"type":"LineString","coordinates":[[138.517748,-34.944204],[138.517842,-34.944447],[138.517902,-34.944561],[138.517976,-34.944622]]}},{"type":"Feature","properties":{"tier":"arterial"},"geometry":{"type":"LineString","coordinates":[[138.518278,-34.944657],[138.518037,-34.944729],[138.517901,-34.944781],[138.517809,-34.944842]]}},{"type":"Feature","properties":{"tier":"arterial"},"geometry":{"type":"LineString","coordinates":[[138.537781,-34.975128],[138.537788,-34.975245],[138.537814,-34.975653],[138.537822,-34.975756],[138.537823,-34.97577],[138.537832,-34.975882],[138.537834,-34.975924],[138.537837,-34.975992],[138.537878,-34.976804],[138.537878,-34.976861],[138.537879,-34.977289]]}},{"type":"Feature","properties":{"tier":"arterial"},"geometry":{"type":"LineString","coordinates":[[138.523045,-34.986387],[138.522948,-34.986256],[138.522833,-34.98613],[138.5227,-34.98602],[138.522546,-34.985922],[138.522001,-34.985669],[138.521998,-34.985668],[138.521905,-34.985625]]}},{"type":"Feature","properties":{"tier":"arterial"},"geometry":{"type":"LineString","coordinates":[[138.523415,-34.986674],[138.523437,-34.986706],[138.523492,-34.986786]]}},{"type":"Feature","properties":{"tier":"arterial"},"geometry":{"type":"LineString","coordinates":[[138.516553,-34.964149],[138.516548,-34.96408],[138.516533,-34.963918],[138.516535,-34.963447],[138.51653,-34.963294],[138.516549,-34.963154]]}},{"type":"Feature","properties":{"tier":"high"},"geometry":{"type":"LineString","coordinates":[[138.555244,-34.963591],[138.55585,-34.963189],[138.556031,-34.963069],[138.556246,-34.962926],[138.556582,-34.962703],[138.557057,-34.962403],[138.558364,-34.961572],[138.558674,-34.961375],[138.558729,-34.96134],[138.558955,-34.961195],[138.559037,-34.961143],[138.559259,-34.961],[138.559606,-34.960783],[138.560019,-34.960508],[138.560233,-34.960366],[138.560499,-34.960189],[138.560872,-34.959953],[138.561166,-34.959764],[138.561454,-34.959578],[138.562128,-34.959141],[138.562426,-34.958947],[138.56252,-34.958886]]}},{"type":"Feature","properties":{"tier":"high"},"geometry":{"type":"LineString","coordinates":[[138.56252,-34.959094],[138.562339,-34.959211],[138.56181,-34.959552],[138.561224,-34.959928],[138.561068,-34.960028],[138.560999,-34.960072],[138.560294,-34.960533],[138.559793,-34.960855],[138.559695,-34.960917],[138.559373,-34.961124],[138.558875,-34.961452],[138.558639,-34.961604],[138.55736,-34.962431],[138.557189,-34.962542],[138.556736,-34.962837],[138.556422,-34.963041],[138.556248,-34.963155],[138.55609,-34.963251],[138.555564,-34.96359]]}},{"type":"Feature","properties":{"tier":"arterial"},"geometry":{"type":"LineString","coordinates":[[138.554963,-34.966031],[138.554978,-34.966219],[138.554986,-34.966313],[138.55502,-34.966715]]}},{"type":"Feature","properties":{"tier":"high"},"geometry":{"type":"LineString","coordinates":[[138.537333,-34.975353],[138.537065,-34.975449],[138.536808,-34.975505],[138.536745,-34.975519],[138.536241,-34.975561],[138.536182,-34.975566],[138.535387,-34.975605]]}},{"type":"Feature","properties":{"tier":"arterial"},"geometry":{"type":"LineString","coordinates":[[138.514374,-34.959267],[138.514583,-34.959606],[138.514723,-34.959792],[138.514892,-34.959973],[138.515034,-34.960105],[138.515921,-34.960832],[138.5161,-34.960974],[138.516292,-34.961169],[138.516357,-34.961241]]}},{"type":"Feature","properties":{"tier":"arterial"},"geometry":{"type":"LineString","coordinates":[[138.513979,-34.958495],[138.513956,-34.958334],[138.513952,-34.958118],[138.51397,-34.957857],[138.513995,-34.957706],[138.514035,-34.957527],[138.514128,-34.957248],[138.514246,-34.956996],[138.514311,-34.95688],[138.514399,-34.956746],[138.5145,-34.956601],[138.514606,-34.956473],[138.514748,-34.95632],[138.514892,-34.956184],[138.515044,-34.956055],[138.515194,-34.955953],[138.51598,-34.955405],[138.516736,-34.954872],[138.517099,-34.954554],[138.517284,-34.954361],[138.517468,-34.954144],[138.517602,-34.953952],[138.517774,-34.953678],[138.517906,-34.953412],[138.518046,-34.953029],[138.518114,-34.952768],[138.518149,-34.952575]]}},{"type":"Feature","properties":{"tier":"arterial"},"geometry":{"type":"LineString","coordinates":[[138.555484,-34.972821],[138.55554,-34.973591],[138.555551,-34.973692],[138.5556,-34.974287]]}},{"type":"Feature","properties":{"tier":"regional"},"geometry":{"type":"LineString","coordinates":[[138.517217,-35.00002],[138.517161,-34.999288],[138.517086,-34.998294],[138.517078,-34.998205],[138.517043,-34.997782],[138.51701,-34.997344],[138.516988,-34.997081]]}},{"type":"Feature","properties":{"tier":"arterial"},"geometry":{"type":"LineString","coordinates":[[138.518282,-34.952583],[138.518245,-34.952781],[138.518179,-34.953067],[138.518124,-34.953215],[138.518098,-34.953285],[138.518022,-34.953473],[138.517874,-34.953762],[138.517721,-34.953995],[138.517568,-34.954208],[138.517417,-34.954398],[138.517307,-34.95451],[138.517137,-34.954681],[138.516804,-34.954976],[138.516038,-34.955505],[138.515921,-34.955587],[138.515227,-34.956072],[138.515088,-34.956174],[138.51495,-34.956294],[138.514819,-34.956417],[138.514691,-34.956558],[138.5145,-34.956805],[138.514361,-34.957043],[138.514299,-34.957172],[138.514247,-34.957308],[138.514182,-34.957499],[138.514146,-34.957619],[138.514098,-34.957893],[138.514084,-34.958122],[138.514082,-34.958224]]}},{"type":"Feature","properties":{"tier":"arterial"},"geometry":{"type":"LineString","coordinates":[[138.554848,-34.966036],[138.554797,-34.965249],[138.554786,-34.965095],[138.554782,-34.965041]]}},{"type":"Feature","properties":{"tier":"high"},"geometry":{"type":"LineString","coordinates":[[138.549453,-34.967547],[138.54909,-34.967784],[138.548859,-34.967934]]}},{"type":"Feature","properties":{"tier":"arterial"},"geometry":{"type":"LineString","coordinates":[[138.554734,-34.964346],[138.554727,-34.964242],[138.554725,-34.964207],[138.554721,-34.964148]]}},{"type":"Feature","properties":{"tier":"arterial"},"geometry":{"type":"LineString","coordinates":[[138.517651,-34.944952],[138.517635,-34.944757],[138.517633,-34.944736],[138.517628,-34.944668]]}},{"type":"Feature","properties":{"tier":"arterial"},"geometry":{"type":"LineString","coordinates":[[138.555017,-34.968394],[138.555012,-34.968305],[138.555011,-34.968299],[138.55501,-34.968271],[138.555009,-34.968268],[138.555008,-34.968246]]}},{"type":"Feature","properties":{"tier":"arterial"},"geometry":{"type":"LineString","coordinates":[[138.517807,-34.973109],[138.517704,-34.972985],[138.517575,-34.972829]]}},{"type":"Feature","properties":{"tier":"arterial"},"geometry":{"type":"LineString","coordinates":[[138.555025,-34.966769],[138.555047,-34.966994],[138.555052,-34.967075],[138.555057,-34.967161],[138.55506,-34.967203]]}},{"type":"Feature","properties":{"tier":"high"},"geometry":{"type":"LineString","coordinates":[[138.53883,-34.974444],[138.538398,-34.974733],[138.538077,-34.974943]]}},{"type":"Feature","properties":{"tier":"regional"},"geometry":{"type":"LineString","coordinates":[[138.513172,-34.981253],[138.513191,-34.98163],[138.513206,-34.981834],[138.513216,-34.98198],[138.513261,-34.982612],[138.51328,-34.982873],[138.513287,-34.982967],[138.513306,-34.983215],[138.51334,-34.983712],[138.513344,-34.983777],[138.51338,-34.984264],[138.513399,-34.984548],[138.513452,-34.98529]]}},{"type":"Feature","properties":{"tier":"arterial"},"geometry":{"type":"LineString","coordinates":[[138.517047,-34.968939],[138.517054,-34.969026],[138.517077,-34.969394],[138.517177,-34.970741],[138.517184,-34.970852],[138.517195,-34.971025],[138.51722,-34.971419],[138.517229,-34.971566],[138.517248,-34.971738],[138.517283,-34.971946],[138.517337,-34.972145],[138.517408,-34.972327],[138.51751,-34.972532],[138.517668,-34.972779]]}},{"type":"Feature","properties":{"tier":"regional"},"geometry":{"type":"LineString","coordinates":[[138.513791,-34.991279],[138.513381,-34.991519],[138.513325,-34.991574],[138.513304,-34.991636],[138.513322,-34.991934],[138.513372,-34.992671],[138.513385,-34.992827],[138.513422,-34.993302],[138.513434,-34.993472],[138.513445,-34.993608],[138.513478,-34.993988],[138.513556,-34.994931],[138.513578,-34.995264],[138.513631,-34.995994],[138.513659,-34.996363],[138.513674,-34.996568],[138.513694,-34.99683],[138.513708,-34.997009],[138.513713,-34.997076]]}},{"type":"Feature","properties":{"tier":"high"},"geometry":{"type":"LineString","coordinates":[[138.537547,-34.975077],[138.537657,-34.975009]]}},{"type":"Feature","properties":{"tier":"high"},"geometry":{"type":"LineString","coordinates":[[138.555564,-34.96359],[138.555194,-34.963835],[138.554975,-34.96398],[138.554949,-34.963997],[138.554835,-34.964073]]}},{"type":"Feature","properties":{"tier":"high"},"geometry":{"type":"LineString","coordinates":[[138.548257,-34.968324],[138.548326,-34.968367],[138.548365,-34.968391],[138.54841,-34.968416],[138.548451,-34.968437],[138.548495,-34.968447]]}},{"type":"Feature","properties":{"tier":"high"},"geometry":{"type":"LineString","coordinates":[[138.554822,-34.963871],[138.554919,-34.963807],[138.555244,-34.963591]]}},{"type":"Feature","properties":{"tier":"regional"},"geometry":{"type":"LineString","coordinates":[[138.513782,-34.988552],[138.513844,-34.98954],[138.513893,-34.990179],[138.513924,-34.990574]]}},{"type":"Feature","properties":{"tier":"regional"},"geometry":{"type":"LineString","coordinates":[[138.54682,-34.984841],[138.54691,-34.985895],[138.546968,-34.986572],[138.547022,-34.987309],[138.547038,-34.987528],[138.547077,-34.988067],[138.547094,-34.988281],[138.547106,-34.988431],[138.547111,-34.988495],[138.547172,-34.989252],[138.547189,-34.989451],[138.547232,-34.990072],[138.54726,-34.990418],[138.54733,-34.991051],[138.547472,-34.991546],[138.547622,-34.991837],[138.547875,-34.992345],[138.547934,-34.99253],[138.547982,-34.992724],[138.548001,-34.992992],[138.548032,-34.993413],[138.548101,-34.994388],[138.548107,-34.994486]]}},{"type":"Feature","properties":{"tier":"arterial"},"geometry":{"type":"LineString","coordinates":[[138.554591,-34.962076],[138.554561,-34.961747],[138.554552,-34.961635],[138.55454,-34.961464],[138.554495,-34.960813]]}},{"type":"Feature","properties":{"tier":"arterial"},"geometry":{"type":"LineString","coordinates":[[138.554482,-34.960612],[138.554442,-34.96001]]}},{"type":"Feature","properties":{"tier":"regional"},"geometry":{"type":"LineString","coordinates":[[138.546531,-34.980943],[138.545379,-34.980997],[138.54418,-34.981057],[138.54311,-34.98111],[138.541877,-34.981174],[138.540706,-34.981231],[138.539538,-34.981287],[138.538969,-34.981313],[138.538843,-34.981319]]}},{"type":"Feature","properties":{"tier":"arterial"},"geometry":{"type":"LineString","coordinates":[[138.540977,-34.995738],[138.541036,-34.995736],[138.542154,-34.995684],[138.542256,-34.995679],[138.543577,-34.995606],[138.544775,-34.995547],[138.545596,-34.995506],[138.545736,-34.995497]]}},{"type":"Feature","properties":{"tier":"arterial"},"geometry":{"type":"LineString","coordinates":[[138.55442,-34.959631],[138.554247,-34.957456]]}},{"type":"Feature","properties":{"tier":"arterial"},"geometry":{"type":"LineString","coordinates":[[138.539125,-34.996088],[138.539152,-34.996081],[138.539234,-34.996057]]}},{"type":"Feature","properties":{"tier":"arterial"},"geometry":{"type":"LineString","coordinates":[[138.520921,-34.985177],[138.520728,-34.985102],[138.5207,-34.985091],[138.520606,-34.985054]]}},{"type":"Feature","properties":{"tier":"arterial"},"geometry":{"type":"LineString","coordinates":[[138.555512,-34.99397],[138.555565,-34.99394],[138.555728,-34.993847],[138.55594,-34.993757]]}},{"type":"Feature","properties":{"tier":"arterial"},"geometry":{"type":"LineString","coordinates":[[138.531535,-34.996649],[138.530789,-34.996725]]}},{"type":"Feature","properties":{"tier":"arterial"},"geometry":{"type":"LineString","coordinates":[[138.520724,-34.985],[138.521136,-34.985181]]}},{"type":"Feature","properties":{"tier":"arterial"},"geometry":{"type":"LineString","coordinates":[[138.540982,-34.995847],[138.540852,-34.995851],[138.540635,-34.995871]]}},{"type":"Feature","properties":{"tier":"arterial"},"geometry":{"type":"LineString","coordinates":[[138.522796,-34.997118],[138.521949,-34.997159]]}},{"type":"Feature","properties":{"tier":"regional"},"geometry":{"type":"LineString","coordinates":[[138.554945,-34.980441],[138.554808,-34.980442],[138.554576,-34.980443],[138.553877,-34.980481],[138.553593,-34.980495],[138.55282,-34.980532],[138.552413,-34.980558],[138.551756,-34.980592],[138.551231,-34.980617],[138.550692,-34.980646],[138.550038,-34.980684],[138.549631,-34.980706],[138.54954,-34.980711]]}},{"type":"Feature","properties":{"tier":"arterial"},"geometry":{"type":"LineString","coordinates":[[138.532746,-35.00002],[138.532438,-34.99958],[138.5324,-34.999527],[138.531828,-34.998737],[138.531247,-34.997944]]}},{"type":"Feature","properties":{"tier":"arterial"},"geometry":{"type":"LineString","coordinates":[[138.554784,-34.963289],[138.554813,-34.963732],[138.554814,-34.963752],[138.554822,-34.963871]]}},{"type":"Feature","properties":{"tier":"arterial"},"geometry":{"type":"LineString","coordinates":[[138.556554,-34.99378],[138.556336,-34.993802],[138.556187,-34.993832],[138.555989,-34.993883]]}},{"type":"Feature","properties":{"tier":"arterial"},"geometry":{"type":"LineString","coordinates":[[138.531381,-34.997884],[138.531932,-34.998686],[138.532512,-34.999476],[138.532546,-34.999528],[138.532892,-35.00002]]}},{"type":"Feature","properties":{"tier":"arterial"},"geometry":{"type":"LineString","coordinates":[[138.55353,-34.945875],[138.55359,-34.946705],[138.553626,-34.9472],[138.553676,-34.947901],[138.553692,-34.948109]]}},{"type":"Feature","properties":{"tier":"arterial"},"geometry":{"type":"LineString","coordinates":[[138.530346,-34.99665],[138.530298,-34.996583],[138.530218,-34.996456]]}},{"type":"Feature","properties":{"tier":"arterial"},"geometry":{"type":"LineString","coordinates":[[138.553271,-34.942024],[138.553309,-34.942765]]}},{"type":"Feature","properties":{"tier":"arterial"},"geometry":{"type":"LineString","coordinates":[[138.553304,-34.944443],[138.553196,-34.943082],[138.553194,-34.943057],[138.553187,-34.942971]]}},{"type":"Feature","properties":{"tier":"arterial"},"geometry":{"type":"LineString","coordinates":[[138.530178,-34.996189],[138.530343,-34.99643]]}},{"type":"Feature","properties":{"tier":"arterial"},"geometry":{"type":"LineString","coordinates":[[138.552837,-34.937937],[138.552802,-34.937486],[138.552802,-34.93748]]}},{"type":"Feature","properties":{"tier":"regional"},"geometry":{"type":"LineString","coordinates":[[138.546797,-34.984688],[138.546773,-34.984346],[138.546751,-34.984019],[138.546657,-34.982667],[138.546544,-34.981138],[138.546531,-34.980943]]}},{"type":"Feature","properties":{"tier":"regional"},"geometry":{"type":"LineString","coordinates":[[138.537178,-34.967937],[138.53715,-34.967499],[138.537125,-34.967213],[138.537083,-34.966548],[138.537075,-34.966406],[138.537057,-34.966123],[138.537021,-34.965661]]}},{"type":"Feature","properties":{"tier":"arterial"},"geometry":{"type":"LineString","coordinates":[[138.537879,-34.977289],[138.538027,-34.979315],[138.538097,-34.980275],[138.538098,-34.980297],[138.538169,-34.981268],[138.538174,-34.981348]]}},{"type":"Feature","properties":{"tier":"regional"},"geometry":{"type":"LineString","coordinates":[[138.537562,-34.973164],[138.537618,-34.973525],[138.537642,-34.973677],[138.537656,-34.973858],[138.537664,-34.973947]]}},{"type":"Feature","properties":{"tier":"arterial"},"geometry":{"type":"LineString","coordinates":[[138.537879,-34.977289],[138.537757,-34.976822],[138.537734,-34.976193],[138.537733,-34.976162],[138.537729,-34.976119],[138.537722,-34.975982],[138.537718,-34.97594],[138.537714,-34.975802],[138.537701,-34.975614]]}},{"type":"Feature","properties":{"tier":"regional"},"geometry":{"type":"LineString","coordinates":[[138.537657,-34.975009],[138.537651,-34.974905],[138.537624,-34.974455],[138.537584,-34.974033]]}},{"type":"Feature","properties":{"tier":"regional"},"geometry":{"type":"LineString","coordinates":[[138.562327,-34.943085],[138.562356,-34.943586],[138.56245,-34.944751],[138.562455,-34.944802],[138.56252,-34.945596]]}},{"type":"Feature","properties":{"tier":"regional"},"geometry":{"type":"LineString","coordinates":[[138.511977,-34.964247],[138.511999,-34.964359],[138.512033,-34.964475],[138.512173,-34.96481],[138.512204,-34.964925],[138.512229,-34.965112],[138.512241,-34.965217],[138.512323,-34.965971],[138.51239,-34.966526]]}},{"type":"Feature","properties":{"tier":"regional"},"geometry":{"type":"LineString","coordinates":[[138.511826,-34.969538],[138.511858,-34.969856],[138.51189,-34.970201],[138.511909,-34.970391],[138.511976,-34.970532],[138.512037,-34.970624],[138.512058,-34.970659],[138.512086,-34.970706],[138.512372,-34.971182]]}},{"type":"Feature","properties":{"tier":"regional"},"geometry":{"type":"LineString","coordinates":[[138.514349,-34.973679],[138.514357,-34.973568],[138.514353,-34.973449],[138.514336,-34.973229],[138.514263,-34.972289]]}},{"type":"Feature","properties":{"tier":"regional"},"geometry":{"type":"LineString","coordinates":[[138.514051,-34.976082],[138.514041,-34.975841],[138.51404,-34.97581],[138.514048,-34.975755]]}},{"type":"Feature","properties":{"tier":"regional"},"geometry":{"type":"LineString","coordinates":[[138.512393,-34.979768],[138.51245,-34.980048],[138.512456,-34.980095],[138.512461,-34.980169],[138.512462,-34.980185],[138.512474,-34.980305],[138.512477,-34.98032],[138.512481,-34.98033],[138.512487,-34.980342],[138.512495,-34.980351],[138.512504,-34.980359],[138.512519,-34.98037],[138.512538,-34.980377],[138.512554,-34.980381],[138.512576,-34.980383],[138.512604,-34.980384],[138.512645,-34.980385],[138.512713,-34.980384],[138.512924,-34.980383]]}},{"type":"Feature","properties":{"tier":"regional"},"geometry":{"type":"LineString","coordinates":[[138.512282,-34.976633],[138.512465,-34.976633],[138.513669,-34.976564]]}},{"type":"Feature","properties":{"tier":"regional"},"geometry":{"type":"LineString","coordinates":[[138.545642,-34.960165],[138.545623,-34.960166],[138.545028,-34.960196],[138.543798,-34.960258],[138.542803,-34.960308],[138.542661,-34.960316],[138.54112,-34.960387],[138.539316,-34.960474],[138.537275,-34.960572]]}},{"type":"Feature","properties":{"tier":"regional"},"geometry":{"type":"LineString","coordinates":[[138.538495,-34.985884],[138.538401,-34.985891],[138.53839,-34.985892],[138.538261,-34.9859],[138.537971,-34.985915],[138.537817,-34.985922],[138.537383,-34.985944],[138.536927,-34.985966],[138.535717,-34.986024],[138.53555,-34.986032],[138.535347,-34.986041],[138.534928,-34.986062],[138.534641,-34.986076],[138.534314,-34.986093],[138.534103,-34.986104],[138.533347,-34.986142],[138.533191,-34.986152],[138.532378,-34.986191],[138.532226,-34.986199],[138.5318,-34.98622],[138.530873,-34.986265],[138.529804,-34.986319],[138.529613,-34.986329]]}},{"type":"Feature","properties":{"tier":"regional"},"geometry":{"type":"LineString","coordinates":[[138.512471,-34.967153],[138.51247,-34.967296],[138.51243,-34.967428],[138.512335,-34.967694],[138.511903,-34.968903]]}},{"type":"Feature","properties":{"tier":"regional"},"geometry":{"type":"LineString","coordinates":[[138.513669,-34.976564],[138.513989,-34.976544],[138.514051,-34.97654]]}},{"type":"Feature","properties":{"tier":"regional"},"geometry":{"type":"LineString","coordinates":[[138.554428,-34.959746],[138.55435,-34.95975],[138.554309,-34.959752],[138.553309,-34.959806],[138.552215,-34.959847],[138.552173,-34.959849],[138.551067,-34.959899],[138.551002,-34.959902],[138.54997,-34.959959]]}},{"type":"Feature","properties":{"tier":"regional"},"geometry":{"type":"LineString","coordinates":[[138.512372,-34.971182],[138.51251,-34.971445],[138.512554,-34.971559],[138.512587,-34.971647]]}},{"type":"Feature","properties":{"tier":"regional"},"geometry":{"type":"LineString","coordinates":[[138.511903,-34.968903],[138.511862,-34.969004],[138.511839,-34.969077]]}},{"type":"Feature","properties":{"tier":"regional"},"geometry":{"type":"LineString","coordinates":[[138.524389,-34.986602],[138.524223,-34.986612],[138.523636,-34.986644],[138.523594,-34.986647],[138.523484,-34.98666],[138.523457,-34.986666],[138.523415,-34.986674]]}},{"type":"Feature","properties":{"tier":"regional"},"geometry":{"type":"LineString","coordinates":[[138.512202,-34.977023],[138.512268,-34.978096]]}},{"type":"Feature","properties":{"tier":"regional"},"geometry":{"type":"LineString","coordinates":[[138.536482,-34.958026],[138.536387,-34.958031],[138.536335,-34.958035],[138.536219,-34.958042],[138.53536,-34.958087],[138.534823,-34.958116],[138.531406,-34.958297],[138.531275,-34.958305],[138.530301,-34.958367],[138.530127,-34.958378],[138.529068,-34.958413],[138.52805,-34.958445],[138.527741,-34.95848],[138.527484,-34.958557],[138.526959,-34.958835],[138.524925,-34.960108],[138.524628,-34.960294],[138.523198,-34.961131],[138.521148,-34.962396]]}},{"type":"Feature","properties":{"tier":"regional"},"geometry":{"type":"LineString","coordinates":[[138.537664,-34.973947],[138.537736,-34.974681]]}},{"type":"Feature","properties":{"tier":"regional"},"geometry":{"type":"LineString","coordinates":[[138.537584,-34.974033],[138.537553,-34.973702],[138.537562,-34.973164]]}},{"type":"Feature","properties":{"tier":"regional"},"geometry":{"type":"LineString","coordinates":[[138.536566,-34.958721],[138.536631,-34.959727],[138.536681,-34.96034],[138.536702,-34.960597]]}},{"type":"Feature","properties":{"tier":"regional"},"geometry":{"type":"LineString","coordinates":[[138.547686,-34.968075],[138.547751,-34.968076],[138.547793,-34.968081],[138.54784,-34.96809],[138.547907,-34.968106],[138.547943,-34.968118],[138.547974,-34.968134],[138.548005,-34.968155],[138.548041,-34.968181],[138.548102,-34.968226]]}},{"type":"Feature","properties":{"tier":"regional"},"geometry":{"type":"LineString","coordinates":[[138.562252,-34.948703],[138.561046,-34.948763],[138.560996,-34.948766],[138.560885,-34.948771],[138.560737,-34.94878],[138.559904,-34.948826],[138.559745,-34.948835],[138.558916,-34.948873],[138.557677,-34.948931],[138.557467,-34.94894],[138.557303,-34.948948],[138.556922,-34.948966],[138.556614,-34.94898],[138.556551,-34.948983],[138.556214,-34.948999],[138.555758,-34.949024],[138.555601,-34.949033],[138.555231,-34.949053],[138.554712,-34.949077],[138.55469,-34.949078],[138.554575,-34.949084]]}},{"type":"Feature","properties":{"tier":"arterial"},"geometry":{"type":"LineString","coordinates":[[138.554619,-34.94296],[138.553606,-34.943003]]}},{"type":"Feature","properties":{"tier":"high"},"geometry":{"type":"LineString","coordinates":[[138.532902,-34.975585],[138.533059,-34.975627],[138.533258,-34.975621],[138.533288,-34.975636],[138.533303,-34.97567],[138.533333,-34.975706]]}},{"type":"Feature","properties":{"tier":"regional"},"geometry":{"type":"LineString","coordinates":[[138.512736,-34.976743],[138.512298,-34.976792],[138.51222,-34.976837]]}},{"type":"Feature","properties":{"tier":"regional"},"geometry":{"type":"LineString","coordinates":[[138.512353,-34.979271],[138.512383,-34.979583]]}},{"type":"Feature","properties":{"tier":"regional"},"geometry":{"type":"LineString","coordinates":[[138.512268,-34.978096],[138.512337,-34.978435],[138.512344,-34.978529],[138.51235,-34.978607],[138.512356,-34.978672],[138.512358,-34.978719],[138.512367,-34.978814],[138.512368,-34.978825],[138.512341,-34.979147]]}},{"type":"Feature","properties":{"tier":"regional"},"geometry":{"type":"LineString","coordinates":[[138.514051,-34.976082],[138.514097,-34.976221],[138.514106,-34.97629],[138.514126,-34.97646],[138.514129,-34.976487],[138.514135,-34.976535]]}},{"type":"Feature","properties":{"tier":"regional"},"geometry":{"type":"LineString","coordinates":[[138.513669,-34.976564],[138.51395,-34.976465],[138.514004,-34.976446],[138.514043,-34.976414]]}},{"type":"Feature","properties":{"tier":"regional"},"geometry":{"type":"LineString","coordinates":[[138.535002,-34.93748],[138.535027,-34.937877],[138.535029,-34.93791],[138.535034,-34.937997],[138.535025,-34.938077],[138.535014,-34.938117],[138.534994,-34.938186],[138.534942,-34.938272],[138.534891,-34.938343],[138.534831,-34.938398],[138.534735,-34.938471],[138.534536,-34.938615]]}},{"type":"Feature","properties":{"tier":"regional"},"geometry":{"type":"LineString","coordinates":[[138.534235,-34.938984],[138.53423,-34.938877],[138.53423,-34.938827],[138.534243,-34.938773],[138.534264,-34.938727],[138.53428,-34.938698],[138.534315,-34.938653],[138.53441,-34.938575],[138.53474,-34.938353],[138.534825,-34.93826],[138.53488,-34.938182],[138.534911,-34.938091],[138.534929,-34.937976],[138.534923,-34.937886]]}},{"type":"Feature","properties":{"tier":"arterial"},"geometry":{"type":"LineString","coordinates":[[138.537701,-34.975614],[138.537612,-34.975416],[138.53756,-34.975376],[138.53745,-34.975355],[138.537333,-34.975353]]}},{"type":"Feature","properties":{"tier":"high"},"geometry":{"type":"LineString","coordinates":[[138.537736,-34.974681],[138.537773,-34.974761],[138.537807,-34.974782],[138.537832,-34.974794],[138.537934,-34.974829]]}},{"type":"Feature","properties":{"tier":"regional"},"geometry":{"type":"LineString","coordinates":[[138.519412,-34.980058],[138.518979,-34.980079],[138.518691,-34.980094],[138.518415,-34.980108],[138.517865,-34.980135],[138.517832,-34.980137],[138.517726,-34.980142]]}},{"type":"Feature","properties":{"tier":"regional"},"geometry":{"type":"LineString","coordinates":[[138.514043,-34.976414],[138.51403,-34.976228],[138.514051,-34.976082]]}},{"type":"Feature","properties":{"tier":"regional"},"geometry":{"type":"LineString","coordinates":[[138.514244,-34.972091],[138.514216,-34.971806],[138.514207,-34.971694],[138.514198,-34.971619],[138.514162,-34.971568],[138.514093,-34.971528]]}},{"type":"Feature","properties":{"tier":"arterial"},"geometry":{"type":"LineString","coordinates":[[138.555105,-34.967919],[138.555198,-34.968036],[138.555218,-34.968052],[138.555257,-34.968079],[138.555356,-34.968114]]}},{"type":"Feature","properties":{"tier":"arterial"},"geometry":{"type":"LineString","coordinates":[[138.554785,-34.968146],[138.554871,-34.968094],[138.554905,-34.968064],[138.55493,-34.968041],[138.55499,-34.967961]]}},{"type":"Feature","properties":{"tier":"arterial"},"geometry":{"type":"LineString","coordinates":[[138.55536,-34.96823],[138.555238,-34.968294],[138.555192,-34.96834],[138.555142,-34.968426]]}},{"type":"Feature","properties":{"tier":"arterial"},"geometry":{"type":"LineString","coordinates":[[138.555017,-34.968394],[138.554932,-34.968304],[138.554771,-34.968257]]}},{"type":"Feature","properties":{"tier":"arterial"},"geometry":{"type":"LineString","coordinates":[[138.530102,-34.996669],[138.530189,-34.996621],[138.530217,-34.996586],[138.530232,-34.996566],[138.530218,-34.996456]]}},{"type":"Feature","properties":{"tier":"arterial"},"geometry":{"type":"LineString","coordinates":[[138.530789,-34.996725],[138.530746,-34.996744],[138.53072,-34.996763],[138.530694,-34.996799],[138.530688,-34.996832],[138.530694,-34.996942]]}},{"type":"Feature","properties":{"tier":"arterial"},"geometry":{"type":"LineString","coordinates":[[138.557287,-34.996343],[138.557373,-34.997505],[138.557466,-34.998775],[138.557466,-34.998776],[138.557472,-34.998861],[138.557516,-34.999464]]}},{"type":"Feature","properties":{"tier":"arterial"},"geometry":{"type":"LineString","coordinates":[[138.557242,-34.997734],[138.557217,-34.997512],[138.55708,-34.995791],[138.557077,-34.995752],[138.557075,-34.995733],[138.557053,-34.99545],[138.557033,-34.995288]]}},{"type":"Feature","properties":{"tier":"high"},"geometry":{"type":"LineString","coordinates":[[138.55512,-34.968127],[138.555182,-34.968124],[138.555356,-34.968114]]}},{"type":"Feature","properties":{"tier":"high"},"geometry":{"type":"LineString","coordinates":[[138.548559,-34.968536],[138.548512,-34.968529]]}},{"type":"Feature","properties":{"tier":"high"},"geometry":{"type":"LineString","coordinates":[[138.54914,-34.968442],[138.550814,-34.96835],[138.552304,-34.968268],[138.552522,-34.968256],[138.55272,-34.968246],[138.552741,-34.968244],[138.552942,-34.968233],[138.55303,-34.96823]]}},{"type":"Feature","properties":{"tier":"high"},"geometry":{"type":"LineString","coordinates":[[138.548507,-34.968164],[138.548447,-34.968247],[138.548428,-34.96827],[138.548418,-34.968286],[138.548411,-34.968308],[138.54841,-34.968322],[138.548414,-34.968342],[138.548425,-34.968362],[138.54844,-34.968384],[138.548495,-34.968447]]}},{"type":"Feature","properties":{"tier":"regional"},"geometry":{"type":"LineString","coordinates":[[138.54782,-34.968401],[138.547839,-34.968339],[138.547843,-34.968297],[138.547826,-34.968255],[138.547803,-34.968219],[138.547753,-34.968148]]}},{"type":"Feature","properties":{"tier":"high"},"geometry":{"type":"LineString","coordinates":[[138.547686,-34.968075],[138.548076,-34.968056],[138.548125,-34.968052],[138.548187,-34.968047],[138.548251,-34.968036],[138.548308,-34.968017],[138.548559,-34.967943]]}},{"type":"Feature","properties":{"tier":"high"},"geometry":{"type":"LineString","coordinates":[[138.548512,-34.968529],[138.548335,-34.968516],[138.548281,-34.968505],[138.548217,-34.968488],[138.548184,-34.968487],[138.548153,-34.968488],[138.548127,-34.968493],[138.548106,-34.968499],[138.548083,-34.968511],[138.548041,-34.968537],[138.547933,-34.9686]]}},{"type":"Feature","properties":{"tier":"high"},"geometry":{"type":"LineString","coordinates":[[138.534786,-34.975494],[138.535074,-34.97548],[138.535259,-34.975471]]}},{"type":"Feature","properties":{"tier":"high"},"geometry":{"type":"LineString","coordinates":[[138.535387,-34.975605],[138.535081,-34.97562],[138.534934,-34.975627]]}},{"type":"Feature","properties":{"tier":"high"},"geometry":{"type":"LineString","coordinates":[[138.521268,-34.976302],[138.520692,-34.976316],[138.520455,-34.976321]]}},{"type":"Feature","properties":{"tier":"high"},"geometry":{"type":"LineString","coordinates":[[138.535259,-34.975471],[138.535291,-34.975469],[138.535511,-34.975459],[138.536163,-34.975425],[138.536462,-34.975406],[138.536734,-34.975378],[138.536853,-34.975354],[138.536986,-34.975321],[138.53718,-34.975259],[138.537502,-34.975101],[138.537547,-34.975077]]}},{"type":"Feature","properties":{"tier":"regional"},"geometry":{"type":"LineString","coordinates":[[138.501953,-34.937641],[138.501958,-34.937686],[138.501972,-34.937743],[138.501988,-34.937804],[138.50198,-34.937872]]}},{"type":"Feature","properties":{"tier":"regional"},"geometry":{"type":"LineString","coordinates":[[138.50198,-34.937872],[138.501924,-34.937818],[138.501894,-34.937763],[138.501864,-34.93771],[138.501834,-34.937669]]}},{"type":"Feature","properties":{"tier":"arterial"},"geometry":{"type":"LineString","coordinates":[[138.499988,-34.93785],[138.500088,-34.937911],[138.500172,-34.937938],[138.500256,-34.937938],[138.500393,-34.937918]]}},{"type":"Feature","properties":{"tier":"regional"},"geometry":{"type":"LineString","coordinates":[[138.516695,-34.963912],[138.516533,-34.963918],[138.516474,-34.963919],[138.516393,-34.963921],[138.514912,-34.964015],[138.513916,-34.964074],[138.51355,-34.964097],[138.51345,-34.964103]]}},{"type":"Feature","properties":{"tier":"arterial"},"geometry":{"type":"LineString","coordinates":[[138.520921,-34.985177],[138.520794,-34.985183],[138.520764,-34.985186],[138.520727,-34.985195],[138.520697,-34.985208],[138.520674,-34.985228],[138.520628,-34.985321]]}},{"type":"Feature","properties":{"tier":"arterial"},"geometry":{"type":"LineString","coordinates":[[138.517454,-34.942097],[138.517379,-34.942008],[138.517332,-34.941962],[138.51728,-34.941922],[138.517233,-34.941899],[138.517164,-34.941873],[138.517093,-34.941857]]}},{"type":"Feature","properties":{"tier":"regional"},"geometry":{"type":"LineString","coordinates":[[138.519412,-34.980058],[138.519498,-34.980039],[138.519675,-34.980001],[138.520008,-34.979983],[138.520045,-34.979981],[138.520128,-34.979978]]}},{"type":"Feature","properties":{"tier":"arterial"},"geometry":{"type":"LineString","coordinates":[[138.51716,-34.941797],[138.517251,-34.941737],[138.517282,-34.941711],[138.517316,-34.941677],[138.517337,-34.941645],[138.517355,-34.941606],[138.517375,-34.941558],[138.517403,-34.941494]]}},{"type":"Feature","properties":{"tier":"arterial"},"geometry":{"type":"LineString","coordinates":[[138.517651,-34.944952],[138.517585,-34.944836],[138.517519,-34.944754],[138.517477,-34.94472],[138.517375,-34.94468]]}},{"type":"Feature","properties":{"tier":"arterial"},"geometry":{"type":"LineString","coordinates":[[138.539006,-34.992474],[138.539056,-34.992603],[138.539114,-34.993018],[138.539141,-34.993223],[138.539172,-34.993464],[138.539202,-34.993772],[138.539213,-34.993879],[138.539235,-34.994219],[138.539322,-34.99548]]}},{"type":"Feature","properties":{"tier":"arterial"},"geometry":{"type":"LineString","coordinates":[[138.539365,-34.997267],[138.539348,-34.997177],[138.539317,-34.997009],[138.539261,-34.996435]]}},{"type":"Feature","properties":{"tier":"arterial"},"geometry":{"type":"LineString","coordinates":[[138.538295,-34.98309],[138.5383,-34.98316],[138.538311,-34.983291],[138.538322,-34.983441]]}},{"type":"Feature","properties":{"tier":"arterial"},"geometry":{"type":"LineString","coordinates":[[138.539365,-34.997267],[138.539376,-34.997411],[138.539408,-34.997842],[138.539459,-34.998535],[138.539545,-34.999695]]}},{"type":"Feature","properties":{"tier":"arterial"},"geometry":{"type":"LineString","coordinates":[[138.539757,-34.996039],[138.539517,-34.996159],[138.539476,-34.996186],[138.539438,-34.996217],[138.539408,-34.996259],[138.539381,-34.996317]]}},{"type":"Feature","properties":{"tier":"arterial"},"geometry":{"type":"LineString","coordinates":[[138.545736,-34.995497],[138.546204,-34.995473]]}},{"type":"Feature","properties":{"tier":"arterial"},"geometry":{"type":"LineString","coordinates":[[138.546113,-34.995601],[138.545745,-34.99562]]}},{"type":"Feature","properties":{"tier":"arterial"},"geometry":{"type":"LineString","coordinates":[[138.548152,-34.995048],[138.5483,-34.99529],[138.548332,-34.995327],[138.548365,-34.995352],[138.548392,-34.995368]]}},{"type":"Feature","properties":{"tier":"arterial"},"geometry":{"type":"LineString","coordinates":[[138.539261,-34.996435],[138.53921,-34.996334],[138.53918,-34.996307],[138.539119,-34.996276],[138.539061,-34.996263],[138.538956,-34.996255]]}},{"type":"Feature","properties":{"tier":"regional"},"geometry":{"type":"LineString","coordinates":[[138.513947,-34.976686],[138.513732,-34.976696],[138.513623,-34.976701],[138.513206,-34.97672]]}},{"type":"Feature","properties":{"tier":"regional"},"geometry":{"type":"LineString","coordinates":[[138.517308,-34.976521],[138.517193,-34.976519],[138.517184,-34.976519],[138.517064,-34.976522],[138.516964,-34.97654],[138.516934,-34.976546],[138.516812,-34.976561],[138.516526,-34.976564]]}},{"type":"Feature","properties":{"tier":"regional"},"geometry":{"type":"LineString","coordinates":[[138.512228,-34.976806],[138.51222,-34.976837],[138.512208,-34.976892],[138.512202,-34.977023]]}},{"type":"Feature","properties":{"tier":"regional"},"geometry":{"type":"LineString","coordinates":[[138.512202,-34.977023],[138.512139,-34.9769],[138.51212,-34.976863],[138.51209,-34.976807]]}},{"type":"Feature","properties":{"tier":"arterial"},"geometry":{"type":"LineString","coordinates":[[138.557389,-34.999469],[138.557352,-34.998952],[138.557346,-34.998866],[138.557324,-34.998564],[138.557242,-34.997734]]}},{"type":"Feature","properties":{"tier":"regional"},"geometry":{"type":"LineString","coordinates":[[138.500104,-34.93854],[138.500064,-34.938453],[138.500039,-34.93825],[138.500037,-34.938235],[138.500009,-34.938157]]}},{"type":"Feature","properties":{"tier":"regional"},"geometry":{"type":"LineString","coordinates":[[138.50009,-34.938144],[138.500102,-34.938245],[138.500126,-34.938444],[138.500104,-34.93854]]}},{"type":"Feature","properties":{"tier":"regional"},"geometry":{"type":"LineString","coordinates":[[138.500104,-34.93854],[138.500138,-34.938871],[138.500144,-34.938913],[138.500152,-34.938965],[138.500196,-34.939299],[138.500254,-34.939696],[138.50026,-34.939739],[138.500279,-34.939889],[138.500324,-34.940275],[138.500379,-34.940638],[138.500385,-34.94069],[138.50041,-34.940911],[138.500409,-34.941092],[138.50043,-34.941287]]}},{"type":"Feature","properties":{"tier":"regional"},"geometry":{"type":"LineString","coordinates":[[138.500928,-34.943957],[138.500912,-34.943903],[138.500897,-34.943852],[138.500799,-34.943399],[138.500776,-34.943294],[138.500715,-34.943022],[138.500657,-34.942772],[138.500615,-34.942534],[138.50055,-34.942261],[138.500497,-34.942027],[138.500474,-34.941895]]}},{"type":"Feature","properties":{"tier":"regional"},"geometry":{"type":"LineString","coordinates":[[138.501148,-34.944793],[138.501217,-34.944991],[138.501276,-34.945162],[138.501345,-34.945369],[138.501502,-34.945825]]}},{"type":"Feature","properties":{"tier":"regional"},"geometry":{"type":"LineString","coordinates":[[138.502173,-34.938321],[138.502284,-34.938596],[138.502324,-34.938687],[138.50236,-34.938803],[138.502371,-34.938883],[138.502359,-34.938966],[138.502357,-34.939051],[138.502356,-34.939137],[138.502372,-34.939226],[138.502402,-34.939343],[138.502417,-34.939409],[138.502473,-34.939565],[138.502522,-34.939728],[138.50263,-34.940088],[138.502665,-34.940205],[138.502681,-34.940255],[138.502719,-34.940375],[138.50292,-34.941033],[138.502995,-34.941253]]}},{"type":"Feature","properties":{"tier":"regional"},"geometry":{"type":"LineString","coordinates":[[138.504547,-34.945503],[138.504505,-34.945507],[138.504463,-34.945501],[138.504426,-34.945485],[138.504395,-34.945461],[138.504375,-34.94543],[138.504367,-34.945396],[138.504371,-34.945361],[138.504388,-34.945329],[138.504411,-34.945305],[138.504441,-34.945287],[138.504476,-34.945276],[138.504517,-34.945273],[138.504557,-34.94528],[138.504594,-34.945296],[138.504623,-34.94532]]}},{"type":"Feature","properties":{"tier":"regional"},"geometry":{"type":"LineString","coordinates":[[138.504547,-34.945503],[138.504575,-34.945569],[138.504892,-34.946342],[138.50509,-34.946819]]}},{"type":"Feature","properties":{"tier":"regional"},"geometry":{"type":"LineString","coordinates":[[138.505478,-34.947844],[138.505464,-34.947804],[138.505396,-34.947637],[138.505326,-34.947465],[138.505294,-34.947394],[138.505198,-34.94718],[138.505101,-34.946954],[138.50509,-34.946819]]}},{"type":"Feature","properties":{"tier":"regional"},"geometry":{"type":"LineString","coordinates":[[138.505563,-34.947816],[138.505596,-34.947894],[138.505732,-34.948209],[138.50574,-34.948237],[138.505789,-34.948413],[138.505807,-34.948535]]}},{"type":"Feature","properties":{"tier":"regional"},"geometry":{"type":"LineString","coordinates":[[138.501502,-34.945825],[138.501574,-34.945935],[138.50158,-34.945941],[138.501643,-34.945999],[138.501685,-34.946039]]}},{"type":"Feature","properties":{"tier":"regional"},"geometry":{"type":"LineString","coordinates":[[138.501579,-34.946112],[138.501536,-34.945952],[138.501502,-34.945825]]}},{"type":"Feature","properties":{"tier":"regional"},"geometry":{"type":"LineString","coordinates":[[138.50044,-34.941674],[138.500415,-34.94167],[138.500392,-34.941659],[138.500373,-34.941642],[138.500363,-34.941621],[138.500363,-34.941598],[138.500371,-34.941576],[138.500389,-34.941558],[138.500412,-34.941547],[138.500438,-34.941541],[138.500465,-34.941544],[138.500489,-34.941554],[138.500508,-34.941569],[138.500519,-34.941588],[138.500523,-34.941608],[138.500519,-34.941629],[138.500507,-34.941647],[138.50049,-34.941661],[138.500466,-34.941671],[138.50044,-34.941674]]}},{"type":"Feature","properties":{"tier":"regional"},"geometry":{"type":"LineString","coordinates":[[138.505213,-34.945364],[138.504863,-34.945393],[138.504709,-34.945415],[138.504646,-34.945424]]}},{"type":"Feature","properties":{"tier":"regional"},"geometry":{"type":"LineString","coordinates":[[138.504623,-34.94532],[138.504688,-34.945317],[138.505309,-34.945289]]}},{"type":"Feature","properties":{"tier":"regional"},"geometry":{"type":"LineString","coordinates":[[138.505309,-34.945289],[138.506015,-34.945244],[138.506754,-34.945218],[138.508682,-34.945115],[138.508889,-34.945104]]}},{"type":"Feature","properties":{"tier":"regional"},"geometry":{"type":"LineString","coordinates":[[138.504426,-34.945485],[138.504341,-34.945504],[138.504191,-34.945537],[138.503679,-34.945662],[138.503524,-34.9457],[138.502266,-34.946008],[138.502126,-34.946042],[138.501827,-34.946116],[138.501747,-34.946149]]}},{"type":"Feature","properties":{"tier":"arterial"},"geometry":{"type":"LineString","coordinates":[[138.517093,-34.944694],[138.517367,-34.944639],[138.517521,-34.944585],[138.517617,-34.944542]]}},{"type":"Feature","properties":{"tier":"regional"},"geometry":{"type":"LineString","coordinates":[[138.5017,-34.946042],[138.501788,-34.946014],[138.502229,-34.945904],[138.502318,-34.945882],[138.503636,-34.945552],[138.503705,-34.945535],[138.504154,-34.945423],[138.504297,-34.945365],[138.504388,-34.945329]]}},{"type":"Feature","properties":{"tier":"regional"},"geometry":{"type":"LineString","coordinates":[[138.546741,-34.984714],[138.546766,-34.984697],[138.546797,-34.984688],[138.54683,-34.984688],[138.54686,-34.984697],[138.546888,-34.984717],[138.546903,-34.984741],[138.546907,-34.984767],[138.5469,-34.984793],[138.546888,-34.98481],[138.546864,-34.984828],[138.546834,-34.984839],[138.54682,-34.984841],[138.546802,-34.98484],[138.546765,-34.98483],[138.54674,-34.984813],[138.546727,-34.984796],[138.54672,-34.984779],[138.546719,-34.984763],[138.546725,-34.984736],[138.546741,-34.984714]]}},{"type":"Feature","properties":{"tier":"regional"},"geometry":{"type":"LineString","coordinates":[[138.514578,-34.976656],[138.514361,-34.976664],[138.514215,-34.976633],[138.51418,-34.976626],[138.514121,-34.976589],[138.514102,-34.976577]]}},{"type":"Feature","properties":{"tier":"arterial"},"geometry":{"type":"LineString","coordinates":[[138.556719,-34.99503],[138.556852,-34.994977],[138.556868,-34.994959],[138.556941,-34.994879],[138.556993,-34.99478]]}},{"type":"Feature","properties":{"tier":"regional"},"geometry":{"type":"LineString","coordinates":[[138.513984,-34.971529],[138.514029,-34.971523],[138.514068,-34.97152],[138.514093,-34.971528]]}},{"type":"Feature","properties":{"tier":"regional"},"geometry":{"type":"LineString","coordinates":[[138.54803,-34.968271],[138.547964,-34.968232],[138.547907,-34.9682],[138.547865,-34.968182],[138.547809,-34.968161],[138.547753,-34.968148]]}},{"type":"Feature","properties":{"tier":"high"},"geometry":{"type":"LineString","coordinates":[[138.562128,-34.959141],[138.562212,-34.959134],[138.562262,-34.959142],[138.562299,-34.959155],[138.562339,-34.959211]]}},{"type":"Feature","properties":{"tier":"high"},"geometry":{"type":"LineString","coordinates":[[138.544095,-34.971026],[138.544039,-34.971027],[138.543997,-34.971014],[138.543967,-34.970987],[138.543939,-34.970941]]}},{"type":"Feature","properties":{"tier":"high"},"geometry":{"type":"LineString","coordinates":[[138.546754,-34.969301],[138.546703,-34.969285],[138.546669,-34.969258],[138.546645,-34.969228],[138.546621,-34.969184]]}},{"type":"Feature","properties":{"tier":"high"},"geometry":{"type":"LineString","coordinates":[[138.523411,-34.976213],[138.523379,-34.976186],[138.523366,-34.976134],[138.523367,-34.976095],[138.523391,-34.976072]]}},{"type":"Feature","properties":{"tier":"high"},"geometry":{"type":"LineString","coordinates":[[138.522051,-34.976283],[138.522005,-34.976255],[138.521983,-34.976211],[138.521976,-34.976166],[138.522003,-34.976142]]}},{"type":"Feature","properties":{"tier":"high"},"geometry":{"type":"LineString","coordinates":[[138.52611,-34.976083],[138.526071,-34.976039],[138.526062,-34.975998],[138.526069,-34.975954],[138.526086,-34.975936]]}},{"type":"Feature","properties":{"tier":"high"},"geometry":{"type":"LineString","coordinates":[[138.541992,-34.9722],[138.542113,-34.972171],[138.542159,-34.972171],[138.542194,-34.972177],[138.542229,-34.97222]]}},{"type":"Feature","properties":{"tier":"high"},"geometry":{"type":"LineString","coordinates":[[138.550441,-34.966909],[138.55033,-34.966794]]}},{"type":"Feature","properties":{"tier":"high"},"geometry":{"type":"LineString","coordinates":[[138.542375,-34.972127],[138.542294,-34.972139],[138.54225,-34.972118],[138.542235,-34.972097],[138.542214,-34.972057]]}},{"type":"Feature","properties":{"tier":"high"},"geometry":{"type":"LineString","coordinates":[[138.549548,-34.967485],[138.549509,-34.967475],[138.549482,-34.967452],[138.549461,-34.967419],[138.54944,-34.967371]]}},{"type":"Feature","properties":{"tier":"high"},"geometry":{"type":"LineString","coordinates":[[138.55244,-34.965613],[138.552333,-34.965494]]}},{"type":"Feature","properties":{"tier":"high"},"geometry":{"type":"LineString","coordinates":[[138.55345,-34.964765],[138.553596,-34.96488]]}},{"type":"Feature","properties":{"tier":"high"},"geometry":{"type":"LineString","coordinates":[[138.560999,-34.960072],[138.560872,-34.959953]]}},{"type":"Feature","properties":{"tier":"high"},"geometry":{"type":"LineString","coordinates":[[138.521752,-34.976153],[138.521828,-34.976169],[138.521871,-34.976194],[138.521895,-34.976227],[138.521901,-34.976256],[138.521886,-34.976292]]}},{"type":"Feature","properties":{"tier":"regional"},"geometry":{"type":"LineString","coordinates":[[138.537899,-34.968644],[138.538489,-34.968618],[138.539538,-34.968563],[138.539722,-34.968553],[138.540955,-34.968495],[138.542189,-34.968431],[138.543424,-34.968369]]}},{"type":"Feature","properties":{"tier":"high"},"geometry":{"type":"LineString","coordinates":[[138.543734,-34.971074],[138.543827,-34.971052],[138.543873,-34.971053],[138.543908,-34.971069],[138.543929,-34.971091],[138.543941,-34.971126]]}},{"type":"Feature","properties":{"tier":"high"},"geometry":{"type":"LineString","coordinates":[[138.546417,-34.969318],[138.546511,-34.969295],[138.546558,-34.969297],[138.546615,-34.96931],[138.546637,-34.96934],[138.546646,-34.969373]]}},{"type":"Feature","properties":{"tier":"high"},"geometry":{"type":"LineString","coordinates":[[138.523175,-34.97609],[138.523263,-34.976127],[138.523277,-34.976152],[138.523277,-34.976187],[138.523265,-34.976221]]}},{"type":"Feature","properties":{"tier":"high"},"geometry":{"type":"LineString","coordinates":[[138.525848,-34.975953],[138.525966,-34.975995],[138.52599,-34.976027],[138.525988,-34.976051],[138.525969,-34.976089]]}},{"type":"Feature","properties":{"tier":"high"},"geometry":{"type":"LineString","coordinates":[[138.54924,-34.967501],[138.549328,-34.96748],[138.54936,-34.96748],[138.549402,-34.967492],[138.549431,-34.967513],[138.549453,-34.967547]]}},{"type":"Feature","properties":{"tier":"high"},"geometry":{"type":"LineString","coordinates":[[138.559373,-34.961124],[138.559259,-34.961]]}},{"type":"Feature","properties":{"tier":"arterial"},"geometry":{"type":"LineString","coordinates":[[138.554213,-34.955182],[138.554191,-34.955234],[138.554168,-34.955259],[138.554149,-34.95527],[138.554125,-34.955278],[138.554106,-34.955277],[138.554083,-34.955267]]}},{"type":"Feature","properties":{"tier":"high"},"geometry":{"type":"LineString","coordinates":[[138.557189,-34.962542],[138.557057,-34.962403]]}},{"type":"Feature","properties":{"tier":"high"},"geometry":{"type":"LineString","coordinates":[[138.55609,-34.963251],[138.555964,-34.963303],[138.555919,-34.963306],[138.555885,-34.963293],[138.555858,-34.963265],[138.555851,-34.963236],[138.55585,-34.963189]]}},{"type":"Feature","properties":{"tier":"regional"},"geometry":{"type":"LineString","coordinates":[[138.514051,-34.97654],[138.514048,-34.97649],[138.514043,-34.976414]]}},{"type":"Feature","properties":{"tier":"regional"},"geometry":{"type":"LineString","coordinates":[[138.514135,-34.976535],[138.514102,-34.976577]]}},{"type":"Feature","properties":{"tier":"regional"},"geometry":{"type":"LineString","coordinates":[[138.514603,-34.976655],[138.514533,-34.976646],[138.514514,-34.976622],[138.514506,-34.976596],[138.514503,-34.976565],[138.514503,-34.976528],[138.51451,-34.976512]]}},{"type":"Feature","properties":{"tier":"high"},"geometry":{"type":"LineString","coordinates":[[138.561636,-34.967784],[138.561662,-34.967819],[138.561654,-34.967851],[138.561617,-34.9679]]}},{"type":"Feature","properties":{"tier":"arterial"},"geometry":{"type":"LineString","coordinates":[[138.546291,-34.995468],[138.546342,-34.995494],[138.546365,-34.995519],[138.546363,-34.995544],[138.546333,-34.99559]]}},{"type":"Feature","properties":{"tier":"high"},"geometry":{"type":"LineString","coordinates":[[138.56181,-34.967891],[138.561766,-34.967857],[138.561756,-34.967836],[138.561753,-34.967807],[138.561762,-34.967778]]}},{"type":"Feature","properties":{"tier":"arterial"},"geometry":{"type":"LineString","coordinates":[[138.556321,-34.983702],[138.556275,-34.983683],[138.556237,-34.983654],[138.55622,-34.983633],[138.556194,-34.983607]]}},{"type":"Feature","properties":{"tier":"arterial"},"geometry":{"type":"LineString","coordinates":[[138.520494,-34.983687],[138.520492,-34.983717],[138.520468,-34.983729],[138.520443,-34.983731],[138.520417,-34.98372],[138.520393,-34.983697]]}},{"type":"Feature","properties":{"tier":"arterial"},"geometry":{"type":"LineString","coordinates":[[138.537803,-34.996248],[138.537835,-34.996272],[138.537845,-34.996297],[138.537842,-34.996323],[138.537826,-34.996343],[138.537803,-34.996371]]}},{"type":"Feature","properties":{"tier":"arterial"},"geometry":{"type":"LineString","coordinates":[[138.537945,-34.996364],[138.537929,-34.996337],[138.53792,-34.996316],[138.537919,-34.996287],[138.537931,-34.996269],[138.537958,-34.99624]]}},{"type":"Feature","properties":{"tier":"arterial"},"geometry":{"type":"LineString","coordinates":[[138.520411,-34.983885],[138.520432,-34.983843],[138.520485,-34.983838],[138.520508,-34.983862]]}},{"type":"Feature","properties":{"tier":"high"},"geometry":{"type":"LineString","coordinates":[[138.540447,-34.973389],[138.540329,-34.973433],[138.540267,-34.97344],[138.540233,-34.973429],[138.540213,-34.973411],[138.540204,-34.973387],[138.540203,-34.973353]]}},{"type":"Feature","properties":{"tier":"high"},"geometry":{"type":"LineString","coordinates":[[138.539892,-34.973552],[138.539962,-34.97353],[138.539989,-34.973527],[138.540032,-34.973528],[138.540059,-34.973532],[138.540093,-34.973555],[138.540136,-34.973595]]}},{"type":"Feature","properties":{"tier":"high"},"geometry":{"type":"LineString","coordinates":[[138.530656,-34.975852],[138.530591,-34.975833],[138.530567,-34.9758],[138.530551,-34.975749],[138.530548,-34.975711]]}},{"type":"Feature","properties":{"tier":"high"},"geometry":{"type":"LineString","coordinates":[[138.530325,-34.975723],[138.530421,-34.975756],[138.530466,-34.975786],[138.530482,-34.975822],[138.530469,-34.975862]]}},{"type":"Feature","properties":{"tier":"arterial"},"geometry":{"type":"LineString","coordinates":[[138.555265,-34.971845],[138.555142,-34.97012]]}},{"type":"Feature","properties":{"tier":"arterial"},"geometry":{"type":"LineString","coordinates":[[138.555142,-34.968426],[138.555174,-34.968993],[138.555234,-34.969775]]}},{"type":"Feature","properties":{"tier":"regional"},"geometry":{"type":"LineString","coordinates":[[138.54954,-34.980711],[138.548849,-34.980748],[138.548709,-34.980752],[138.548659,-34.980754],[138.54838,-34.980763],[138.547668,-34.980812],[138.547204,-34.980892],[138.546531,-34.980943]]}},{"type":"Feature","properties":{"tier":"arterial"},"geometry":{"type":"LineString","coordinates":[[138.538174,-34.981348],[138.53818,-34.981428],[138.538295,-34.98309]]}},{"type":"Feature","properties":{"tier":"arterial"},"geometry":{"type":"LineString","coordinates":[[138.539199,-34.995544],[138.539105,-34.994218],[138.539069,-34.993776],[138.539065,-34.993674],[138.539051,-34.993522],[138.539027,-34.993224],[138.538993,-34.992904],[138.538963,-34.992616],[138.539006,-34.992474]]}},{"type":"Feature","properties":{"tier":"arterial"},"geometry":{"type":"LineString","coordinates":[[138.539322,-34.99548],[138.539361,-34.995923],[138.539363,-34.995945],[138.539367,-34.996021]]}},{"type":"Feature","properties":{"tier":"arterial"},"geometry":{"type":"LineString","coordinates":[[138.539006,-34.992474],[138.53895,-34.991782],[138.538941,-34.991645],[138.538869,-34.990733]]}},{"type":"Feature","properties":{"tier":"arterial"},"geometry":{"type":"LineString","coordinates":[[138.538495,-34.985884],[138.538454,-34.985355],[138.538443,-34.985213],[138.53839,-34.984448],[138.538372,-34.984192],[138.53833,-34.983502],[138.538322,-34.983441]]}},{"type":"Feature","properties":{"tier":"arterial"},"geometry":{"type":"LineString","coordinates":[[138.520051,-34.977169],[138.520112,-34.97804],[138.520125,-34.978215],[138.520226,-34.979655],[138.520236,-34.979791],[138.520241,-34.979869],[138.520244,-34.979905],[138.520251,-34.980003]]}},{"type":"Feature","properties":{"tier":"regional"},"geometry":{"type":"LineString","coordinates":[[138.512924,-34.980383],[138.512983,-34.980381]]}},{"type":"Feature","properties":{"tier":"arterial"},"geometry":{"type":"LineString","coordinates":[[138.528459,-34.99401],[138.528149,-34.993576],[138.527755,-34.993025],[138.527482,-34.992646],[138.527216,-34.992275],[138.527132,-34.992159],[138.526852,-34.991765],[138.526676,-34.991517]]}},{"type":"Feature","properties":{"tier":"arterial"},"geometry":{"type":"LineString","coordinates":[[138.526814,-34.991453],[138.527279,-34.992111],[138.527359,-34.992221],[138.527623,-34.992582],[138.52794,-34.993016],[138.528282,-34.99351],[138.528585,-34.993946]]}},{"type":"Feature","properties":{"tier":"arterial"},"geometry":{"type":"LineString","coordinates":[[138.556084,-34.980548],[138.556089,-34.980636],[138.556107,-34.980861]]}},{"type":"Feature","properties":{"tier":"arterial"},"geometry":{"type":"LineString","coordinates":[[138.55612,-34.982706],[138.556097,-34.98239],[138.556062,-34.981684],[138.556033,-34.981373]]}},{"type":"Feature","properties":{"tier":"arterial"},"geometry":{"type":"LineString","coordinates":[[138.557318,-34.993579],[138.558216,-34.993563],[138.558302,-34.993561]]}},{"type":"Feature","properties":{"tier":"regional"},"geometry":{"type":"LineString","coordinates":[[138.556084,-34.980548],[138.555958,-34.980534]]}},{"type":"Feature","properties":{"tier":"arterial"},"geometry":{"type":"LineString","coordinates":[[138.534831,-34.938986],[138.534782,-34.939023],[138.534727,-34.93908],[138.53469,-34.939127]]}},{"type":"Feature","properties":{"tier":"arterial"},"geometry":{"type":"LineString","coordinates":[[138.537031,-34.93748],[138.535879,-34.938268]]}},{"type":"Feature","properties":{"tier":"regional"},"geometry":{"type":"LineString","coordinates":[[138.513945,-34.969518],[138.513942,-34.969429],[138.513966,-34.96891],[138.513965,-34.968777],[138.513916,-34.968019],[138.513933,-34.96795],[138.513994,-34.967724],[138.514034,-34.967564],[138.514059,-34.967441],[138.514072,-34.967274],[138.51408,-34.96712],[138.514074,-34.966967],[138.514056,-34.966792],[138.514032,-34.966661],[138.514,-34.966526],[138.513959,-34.966397],[138.513906,-34.96626],[138.513839,-34.966113],[138.513794,-34.966025],[138.513761,-34.965947],[138.513758,-34.965939],[138.513737,-34.965871],[138.513721,-34.965794],[138.513713,-34.965711],[138.513664,-34.965196],[138.513667,-34.965106],[138.513683,-34.965029],[138.513703,-34.96497],[138.513745,-34.964891],[138.513801,-34.964814],[138.513852,-34.964742],[138.513892,-34.964676],[138.513924,-34.964594],[138.51394,-34.964511],[138.513943,-34.964416],[138.513922,-34.964152],[138.513916,-34.964074]]}},{"type":"Feature","properties":{"tier":"regional"},"geometry":{"type":"LineString","coordinates":[[138.555597,-34.980496],[138.555295,-34.980464],[138.554945,-34.980441]]}},{"type":"Feature","properties":{"tier":"regional"},"geometry":{"type":"LineString","coordinates":[[138.512313,-34.978898],[138.512303,-34.978816],[138.512293,-34.978724],[138.512276,-34.978425],[138.512268,-34.978096]]}},{"type":"Feature","properties":{"tier":"regional"},"geometry":{"type":"LineString","coordinates":[[138.512924,-34.980383],[138.512817,-34.980403],[138.512604,-34.980437],[138.512575,-34.980439],[138.51255,-34.98044],[138.512526,-34.98044],[138.512501,-34.980438],[138.512486,-34.980436],[138.51247,-34.980433],[138.512456,-34.980428],[138.512445,-34.980423],[138.512435,-34.980415],[138.512425,-34.980407],[138.512414,-34.980395],[138.512403,-34.980378],[138.512397,-34.980365],[138.512394,-34.980354],[138.512391,-34.980339],[138.512389,-34.980322],[138.512382,-34.980189],[138.51238,-34.980136],[138.51238,-34.98009],[138.512384,-34.980028],[138.512387,-34.97995],[138.512393,-34.979768]]}},{"type":"Feature","properties":{"tier":"arterial"},"geometry":{"type":"LineString","coordinates":[[138.52002,-34.978324],[138.520125,-34.978215]]}},{"type":"Feature","properties":{"tier":"arterial"},"geometry":{"type":"LineString","coordinates":[[138.514082,-34.958224],[138.514042,-34.958364],[138.514057,-34.958517],[138.514074,-34.958623],[138.51407,-34.958666],[138.514016,-34.958685]]}},{"type":"Feature","properties":{"tier":"high"},"geometry":{"type":"LineString","coordinates":[[138.54803,-34.968271],[138.548102,-34.968226]]}},{"type":"Feature","properties":{"tier":"high"},"geometry":{"type":"LineString","coordinates":[[138.547511,-34.968801],[138.546754,-34.969301]]}},{"type":"Feature","properties":{"tier":"high"},"geometry":{"type":"LineString","coordinates":[[138.548191,-34.968366],[138.548109,-34.968418],[138.547511,-34.968801]]}},{"type":"Feature","properties":{"tier":"high"},"geometry":{"type":"LineString","coordinates":[[138.548102,-34.968226],[138.548257,-34.968324]]}},{"type":"Feature","properties":{"tier":"high"},"geometry":{"type":"LineString","coordinates":[[138.54782,-34.968401],[138.547936,-34.968329],[138.547965,-34.968311],[138.54803,-34.968271]]}},{"type":"Feature","properties":{"tier":"high"},"geometry":{"type":"LineString","coordinates":[[138.546621,-34.969184],[138.54667,-34.969152],[138.547647,-34.968514],[138.547774,-34.968431],[138.54782,-34.968401]]}},{"type":"Feature","properties":{"tier":"regional"},"geometry":{"type":"LineString","coordinates":[[138.50509,-34.946819],[138.505182,-34.946931],[138.505293,-34.947188],[138.505372,-34.947374],[138.505563,-34.947816]]}},{"type":"Feature","properties":{"tier":"regional"},"geometry":{"type":"LineString","coordinates":[[138.505807,-34.948535],[138.505673,-34.948257],[138.505509,-34.947919],[138.505478,-34.947844]]}},{"type":"Feature","properties":{"tier":"regional"},"geometry":{"type":"LineString","coordinates":[[138.520128,-34.979978],[138.520251,-34.980003]]}},{"type":"Feature","properties":{"tier":"arterial"},"geometry":{"type":"LineString","coordinates":[[138.520123,-34.97991],[138.520098,-34.979524],[138.52002,-34.978324],[138.520019,-34.978309],[138.520007,-34.978122]]}},{"type":"Feature","properties":{"tier":"arterial"},"geometry":{"type":"LineString","coordinates":[[138.521581,-34.998065],[138.521591,-34.998168],[138.521659,-34.999058],[138.521665,-34.99915],[138.521729,-35.00002]]}},{"type":"Feature","properties":{"tier":"arterial"},"geometry":{"type":"LineString","coordinates":[[138.539367,-34.996021],[138.539372,-34.996142]]}},{"type":"Feature","properties":{"tier":"arterial"},"geometry":{"type":"LineString","coordinates":[[138.53924,-34.996182],[138.539234,-34.996057]]}},{"type":"Feature","properties":{"tier":"arterial"},"geometry":{"type":"LineString","coordinates":[[138.539372,-34.996142],[138.53924,-34.996182]]}},{"type":"Feature","properties":{"tier":"arterial"},"geometry":{"type":"LineString","coordinates":[[138.539381,-34.996317],[138.539406,-34.997008],[138.539365,-34.997267]]}},{"type":"Feature","properties":{"tier":"arterial"},"geometry":{"type":"LineString","coordinates":[[138.517426,-34.941822],[138.517423,-34.941772]]}},{"type":"Feature","properties":{"tier":"arterial"},"geometry":{"type":"LineString","coordinates":[[138.517617,-34.944542],[138.517454,-34.942097],[138.517426,-34.941822]]}},{"type":"Feature","properties":{"tier":"arterial"},"geometry":{"type":"LineString","coordinates":[[138.517748,-34.944204],[138.517781,-34.94455],[138.517788,-34.94463]]}},{"type":"Feature","properties":{"tier":"arterial"},"geometry":{"type":"LineString","coordinates":[[138.517557,-34.941531],[138.517577,-34.941778]]}},{"type":"Feature","properties":{"tier":"arterial"},"geometry":{"type":"LineString","coordinates":[[138.518167,-34.949903],[138.518178,-34.950036]]}},{"type":"Feature","properties":{"tier":"arterial"},"geometry":{"type":"LineString","coordinates":[[138.518123,-34.949312],[138.518167,-34.949903]]}},{"type":"Feature","properties":{"tier":"arterial"},"geometry":{"type":"LineString","coordinates":[[138.518037,-34.94991],[138.517896,-34.948]]}},{"type":"Feature","properties":{"tier":"arterial"},"geometry":{"type":"LineString","coordinates":[[138.518084,-34.950505],[138.518037,-34.94991]]}},{"type":"Feature","properties":{"tier":"arterial"},"geometry":{"type":"LineString","coordinates":[[138.517238,-34.939296],[138.517125,-34.93748]]}},{"type":"Feature","properties":{"tier":"arterial"},"geometry":{"type":"LineString","coordinates":[[138.517423,-34.941772],[138.517403,-34.941494],[138.517264,-34.939664],[138.517238,-34.939296]]}},{"type":"Feature","properties":{"tier":"arterial"},"geometry":{"type":"LineString","coordinates":[[138.517394,-34.939285],[138.517557,-34.941531]]}},{"type":"Feature","properties":{"tier":"arterial"},"geometry":{"type":"LineString","coordinates":[[138.517256,-34.93748],[138.517394,-34.939285]]}},{"type":"Feature","properties":{"tier":"arterial"},"geometry":{"type":"LineString","coordinates":[[138.518314,-34.952382],[138.518282,-34.952583]]}},{"type":"Feature","properties":{"tier":"arterial"},"geometry":{"type":"LineString","coordinates":[[138.518232,-34.950692],[138.518271,-34.95118],[138.518306,-34.951571],[138.518318,-34.95194],[138.518321,-34.952145],[138.518314,-34.952382]]}},{"type":"Feature","properties":{"tier":"arterial"},"geometry":{"type":"LineString","coordinates":[[138.518171,-34.952382],[138.518189,-34.952149],[138.518191,-34.95193],[138.518158,-34.951577],[138.518131,-34.951167],[138.518084,-34.950505]]}},{"type":"Feature","properties":{"tier":"arterial"},"geometry":{"type":"LineString","coordinates":[[138.518149,-34.952575],[138.518171,-34.952382]]}},{"type":"Feature","properties":{"tier":"arterial"},"geometry":{"type":"LineString","coordinates":[[138.555848,-34.977242],[138.555853,-34.977309],[138.555863,-34.977436]]}},{"type":"Feature","properties":{"tier":"arterial"},"geometry":{"type":"LineString","coordinates":[[138.55584,-34.977177],[138.555848,-34.977242]]}},{"type":"Feature","properties":{"tier":"arterial"},"geometry":{"type":"LineString","coordinates":[[138.555714,-34.977441],[138.555701,-34.977295],[138.555699,-34.97727],[138.555697,-34.97725]]}},{"type":"Feature","properties":{"tier":"arterial"},"geometry":{"type":"LineString","coordinates":[[138.555697,-34.97725],[138.555692,-34.977187]]}},{"type":"Feature","properties":{"tier":"arterial"},"geometry":{"type":"LineString","coordinates":[[138.555692,-34.977187],[138.555688,-34.977136],[138.555677,-34.97701]]}},{"type":"Feature","properties":{"tier":"arterial"},"geometry":{"type":"LineString","coordinates":[[138.555958,-34.980534],[138.555952,-34.980463],[138.555942,-34.9803]]}},{"type":"Feature","properties":{"tier":"arterial"},"geometry":{"type":"LineString","coordinates":[[138.555825,-34.976997],[138.555832,-34.977081],[138.555836,-34.977125],[138.55584,-34.977177]]}},{"type":"Feature","properties":{"tier":"arterial"},"geometry":{"type":"LineString","coordinates":[[138.556019,-34.979629],[138.556075,-34.980442],[138.556077,-34.98047],[138.556084,-34.980548]]}},{"type":"Feature","properties":{"tier":"arterial"},"geometry":{"type":"LineString","coordinates":[[138.555931,-34.978337],[138.555946,-34.978561]]}},{"type":"Feature","properties":{"tier":"arterial"},"geometry":{"type":"LineString","coordinates":[[138.555863,-34.977436],[138.555891,-34.977812],[138.555931,-34.978337]]}},{"type":"Feature","properties":{"tier":"arterial"},"geometry":{"type":"LineString","coordinates":[[138.555792,-34.978337],[138.555775,-34.978139],[138.555714,-34.977441]]}},{"type":"Feature","properties":{"tier":"arterial"},"geometry":{"type":"LineString","coordinates":[[138.555808,-34.97856],[138.555792,-34.978337]]}},{"type":"Feature","properties":{"tier":"arterial"},"geometry":{"type":"LineString","coordinates":[[138.555866,-34.979374],[138.555821,-34.97874],[138.555808,-34.97856]]}},{"type":"Feature","properties":{"tier":"arterial"},"geometry":{"type":"LineString","coordinates":[[138.555884,-34.979635],[138.555866,-34.979374]]}},{"type":"Feature","properties":{"tier":"arterial"},"geometry":{"type":"LineString","coordinates":[[138.556002,-34.979371],[138.556019,-34.979629]]}},{"type":"Feature","properties":{"tier":"arterial"},"geometry":{"type":"LineString","coordinates":[[138.555946,-34.978561],[138.555958,-34.978735],[138.556002,-34.979371]]}},{"type":"Feature","properties":{"tier":"arterial"},"geometry":{"type":"LineString","coordinates":[[138.556185,-34.983466],[138.556178,-34.98336],[138.556172,-34.983255],[138.55612,-34.982706]]}},{"type":"Feature","properties":{"tier":"arterial"},"geometry":{"type":"LineString","coordinates":[[138.556194,-34.983607],[138.556185,-34.983466]]}},{"type":"Feature","properties":{"tier":"arterial"},"geometry":{"type":"LineString","coordinates":[[138.556303,-34.983474],[138.556319,-34.983672],[138.556321,-34.983702]]}},{"type":"Feature","properties":{"tier":"arterial"},"geometry":{"type":"LineString","coordinates":[[138.55624,-34.982701],[138.556279,-34.983177],[138.556293,-34.983347],[138.556303,-34.983474]]}},{"type":"Feature","properties":{"tier":"arterial"},"geometry":{"type":"LineString","coordinates":[[138.556231,-34.984222],[138.556194,-34.983607]]}},{"type":"Feature","properties":{"tier":"arterial"},"geometry":{"type":"LineString","coordinates":[[138.556259,-34.984591],[138.55625,-34.984467],[138.556231,-34.984222]]}},{"type":"Feature","properties":{"tier":"arterial"},"geometry":{"type":"LineString","coordinates":[[138.556363,-34.984213],[138.55639,-34.984586]]}},{"type":"Feature","properties":{"tier":"arterial"},"geometry":{"type":"LineString","coordinates":[[138.556321,-34.983702],[138.556363,-34.984213]]}},{"type":"Feature","properties":{"tier":"arterial"},"geometry":{"type":"LineString","coordinates":[[138.556434,-34.985179],[138.556447,-34.985355],[138.556453,-34.985441]]}},{"type":"Feature","properties":{"tier":"arterial"},"geometry":{"type":"LineString","coordinates":[[138.55639,-34.984586],[138.556434,-34.985179]]}},{"type":"Feature","properties":{"tier":"arterial"},"geometry":{"type":"LineString","coordinates":[[138.556304,-34.985185],[138.556272,-34.984765],[138.556259,-34.984591]]}},{"type":"Feature","properties":{"tier":"arterial"},"geometry":{"type":"LineString","coordinates":[[138.556323,-34.985448],[138.556304,-34.985185]]}},{"type":"Feature","properties":{"tier":"arterial"},"geometry":{"type":"LineString","coordinates":[[138.556501,-34.98609],[138.556521,-34.986353]]}},{"type":"Feature","properties":{"tier":"arterial"},"geometry":{"type":"LineString","coordinates":[[138.556453,-34.985441],[138.556481,-34.985834],[138.556501,-34.98609]]}},{"type":"Feature","properties":{"tier":"arterial"},"geometry":{"type":"LineString","coordinates":[[138.556372,-34.986094],[138.556323,-34.985448]]}},{"type":"Feature","properties":{"tier":"arterial"},"geometry":{"type":"LineString","coordinates":[[138.556391,-34.986359],[138.556372,-34.986094]]}},{"type":"Feature","properties":{"tier":"arterial"},"geometry":{"type":"LineString","coordinates":[[138.556545,-34.986671],[138.556546,-34.986681],[138.556568,-34.986964]]}},{"type":"Feature","properties":{"tier":"arterial"},"geometry":{"type":"LineString","coordinates":[[138.556521,-34.986353],[138.556525,-34.986396],[138.556545,-34.986671]]}},{"type":"Feature","properties":{"tier":"arterial"},"geometry":{"type":"LineString","coordinates":[[138.556414,-34.986677],[138.556391,-34.986359]]}},{"type":"Feature","properties":{"tier":"arterial"},"geometry":{"type":"LineString","coordinates":[[138.556435,-34.98697],[138.556414,-34.986677]]}},{"type":"Feature","properties":{"tier":"arterial"},"geometry":{"type":"LineString","coordinates":[[138.556656,-34.988017],[138.55666,-34.988123],[138.556671,-34.988256]]}},{"type":"Feature","properties":{"tier":"arterial"},"geometry":{"type":"LineString","coordinates":[[138.556568,-34.986964],[138.556572,-34.987014],[138.556656,-34.988017]]}},{"type":"Feature","properties":{"tier":"arterial"},"geometry":{"type":"LineString","coordinates":[[138.556513,-34.988024],[138.556443,-34.987103],[138.556438,-34.987014],[138.556435,-34.98697]]}},{"type":"Feature","properties":{"tier":"arterial"},"geometry":{"type":"LineString","coordinates":[[138.556532,-34.988266],[138.556513,-34.988024]]}},{"type":"Feature","properties":{"tier":"arterial"},"geometry":{"type":"LineString","coordinates":[[138.556729,-34.988965],[138.556747,-34.989235]]}},{"type":"Feature","properties":{"tier":"arterial"},"geometry":{"type":"LineString","coordinates":[[138.556671,-34.988256],[138.556688,-34.988464],[138.556702,-34.988629],[138.556729,-34.988965]]}},{"type":"Feature","properties":{"tier":"arterial"},"geometry":{"type":"LineString","coordinates":[[138.556588,-34.988973],[138.556532,-34.988266]]}},{"type":"Feature","properties":{"tier":"arterial"},"geometry":{"type":"LineString","coordinates":[[138.556609,-34.989242],[138.556588,-34.988973]]}},{"type":"Feature","properties":{"tier":"arterial"},"geometry":{"type":"LineString","coordinates":[[138.556802,-34.989939],[138.556825,-34.990363]]}},{"type":"Feature","properties":{"tier":"arterial"},"geometry":{"type":"LineString","coordinates":[[138.556747,-34.989235],[138.556788,-34.989758],[138.556802,-34.989939]]}},{"type":"Feature","properties":{"tier":"arterial"},"geometry":{"type":"LineString","coordinates":[[138.556655,-34.989947],[138.556609,-34.989242]]}},{"type":"Feature","properties":{"tier":"arterial"},"geometry":{"type":"LineString","coordinates":[[138.556687,-34.990368],[138.556655,-34.989947]]}},{"type":"Feature","properties":{"tier":"arterial"},"geometry":{"type":"LineString","coordinates":[[138.556899,-34.991321],[138.556914,-34.991505]]}},{"type":"Feature","properties":{"tier":"arterial"},"geometry":{"type":"LineString","coordinates":[[138.556825,-34.990363],[138.556853,-34.990727],[138.556859,-34.990802],[138.556861,-34.990833],[138.556862,-34.990834],[138.556865,-34.990881],[138.556874,-34.990996],[138.556899,-34.991321]]}},{"type":"Feature","properties":{"tier":"arterial"},"geometry":{"type":"LineString","coordinates":[[138.556759,-34.991331],[138.556729,-34.990935],[138.556726,-34.990889],[138.556687,-34.990368]]}},{"type":"Feature","properties":{"tier":"arterial"},"geometry":{"type":"LineString","coordinates":[[138.556773,-34.991516],[138.556759,-34.991331]]}},{"type":"Feature","properties":{"tier":"arterial"},"geometry":{"type":"LineString","coordinates":[[138.557083,-34.993932],[138.557117,-34.994306]]}},{"type":"Feature","properties":{"tier":"arterial"},"geometry":{"type":"LineString","coordinates":[[138.557061,-34.993601],[138.557072,-34.993741]]}},{"type":"Feature","properties":{"tier":"arterial"},"geometry":{"type":"LineString","coordinates":[[138.561148,-34.993558],[138.560546,-34.993589]]}},{"type":"Feature","properties":{"tier":"arterial"},"geometry":{"type":"LineString","coordinates":[[138.560539,-34.993483],[138.561136,-34.993454]]}},{"type":"Feature","properties":{"tier":"arterial"},"geometry":{"type":"LineString","coordinates":[[138.559753,-34.993623],[138.559389,-34.993639]]}},{"type":"Feature","properties":{"tier":"arterial"},"geometry":{"type":"LineString","coordinates":[[138.561136,-34.993454],[138.562037,-34.993409],[138.562146,-34.993403],[138.562191,-34.993401],[138.56252,-34.993384]]}},{"type":"Feature","properties":{"tier":"arterial"},"geometry":{"type":"LineString","coordinates":[[138.53767,-34.975192],[138.537657,-34.975009]]}},{"type":"Feature","properties":{"tier":"high"},"geometry":{"type":"LineString","coordinates":[[138.537781,-34.975128],[138.53767,-34.975192]]}},{"type":"Feature","properties":{"tier":"arterial"},"geometry":{"type":"LineString","coordinates":[[138.537762,-34.974937],[138.537781,-34.975128]]}},{"type":"Feature","properties":{"tier":"high"},"geometry":{"type":"LineString","coordinates":[[138.537657,-34.975009],[138.537762,-34.974937]]}},{"type":"Feature","properties":{"tier":"regional"},"geometry":{"type":"LineString","coordinates":[[138.547344,-34.968157],[138.546838,-34.968219],[138.54648,-34.968223]]}},{"type":"Feature","properties":{"tier":"regional"},"geometry":{"type":"LineString","coordinates":[[138.54648,-34.968223],[138.546884,-34.968162],[138.547342,-34.968103]]}},{"type":"Feature","properties":{"tier":"high"},"geometry":{"type":"LineString","coordinates":[[138.548191,-34.968366],[138.54803,-34.968271]]}},{"type":"Feature","properties":{"tier":"high"},"geometry":{"type":"LineString","coordinates":[[138.548257,-34.968324],[138.548191,-34.968366]]}},{"type":"Feature","properties":{"tier":"regional"},"geometry":{"type":"LineString","coordinates":[[138.548179,-34.995377],[138.548184,-34.995496]]}},{"type":"Feature","properties":{"tier":"arterial"},"geometry":{"type":"LineString","coordinates":[[138.530414,-34.996749],[138.530341,-34.996754]]}},{"type":"Feature","properties":{"tier":"arterial"},"geometry":{"type":"LineString","coordinates":[[138.530487,-34.996639],[138.530555,-34.99674]]}},{"type":"Feature","properties":{"tier":"arterial"},"geometry":{"type":"LineString","coordinates":[[138.530346,-34.99665],[138.530487,-34.996639]]}},{"type":"Feature","properties":{"tier":"arterial"},"geometry":{"type":"LineString","coordinates":[[138.531039,-34.997636],[138.530687,-34.997135],[138.530491,-34.996858]]}},{"type":"Feature","properties":{"tier":"arterial"},"geometry":{"type":"LineString","coordinates":[[138.531247,-34.997944],[138.531039,-34.997636]]}},{"type":"Feature","properties":{"tier":"arterial"},"geometry":{"type":"LineString","coordinates":[[138.531175,-34.997611],[138.531381,-34.997884]]}},{"type":"Feature","properties":{"tier":"arterial"},"geometry":{"type":"LineString","coordinates":[[138.530555,-34.99674],[138.530591,-34.996791],[138.530694,-34.996942]]}},{"type":"Feature","properties":{"tier":"arterial"},"geometry":{"type":"LineString","coordinates":[[138.521386,-34.997183],[138.521377,-34.997086]]}},{"type":"Feature","properties":{"tier":"arterial"},"geometry":{"type":"LineString","coordinates":[[138.521392,-34.997258],[138.52139,-34.997229],[138.521386,-34.997183]]}},{"type":"Feature","properties":{"tier":"arterial"},"geometry":{"type":"LineString","coordinates":[[138.521536,-34.997179],[138.521538,-34.997225],[138.521546,-34.997385]]}},{"type":"Feature","properties":{"tier":"arterial"},"geometry":{"type":"LineString","coordinates":[[138.52153,-34.997079],[138.521536,-34.997179]]}},{"type":"Feature","properties":{"tier":"arterial"},"geometry":{"type":"LineString","coordinates":[[138.521446,-34.99807],[138.521428,-34.997802],[138.521412,-34.997554],[138.521392,-34.997258]]}},{"type":"Feature","properties":{"tier":"arterial"},"geometry":{"type":"LineString","coordinates":[[138.521598,-35.00002],[138.521551,-34.999487],[138.521522,-34.999158],[138.521515,-34.999066],[138.52149,-34.99869],[138.521455,-34.998176],[138.521446,-34.99807]]}},{"type":"Feature","properties":{"tier":"arterial"},"geometry":{"type":"LineString","coordinates":[[138.521546,-34.997385],[138.521581,-34.998065]]}},{"type":"Feature","properties":{"tier":"arterial"},"geometry":{"type":"LineString","coordinates":[[138.553982,-34.953981],[138.553964,-34.953733]]}},{"type":"Feature","properties":{"tier":"arterial"},"geometry":{"type":"LineString","coordinates":[[138.553998,-34.954208],[138.553982,-34.953981]]}},{"type":"Feature","properties":{"tier":"arterial"},"geometry":{"type":"LineString","coordinates":[[138.554137,-34.954201],[138.554169,-34.954605],[138.554199,-34.954996],[138.554213,-34.955182],[138.554238,-34.95551],[138.554264,-34.955837],[138.554292,-34.956193],[138.554323,-34.956594]]}},{"type":"Feature","properties":{"tier":"arterial"},"geometry":{"type":"LineString","coordinates":[[138.554123,-34.953992],[138.554137,-34.954201]]}},{"type":"Feature","properties":{"tier":"arterial"},"geometry":{"type":"LineString","coordinates":[[138.554104,-34.953726],[138.554105,-34.953747],[138.554123,-34.953992]]}},{"type":"Feature","properties":{"tier":"arterial"},"geometry":{"type":"LineString","coordinates":[[138.553807,-34.951627],[138.553802,-34.951562],[138.553779,-34.951248]]}},{"type":"Feature","properties":{"tier":"arterial"},"geometry":{"type":"LineString","coordinates":[[138.553841,-34.952105],[138.553807,-34.951627]]}},{"type":"Feature","properties":{"tier":"arterial"},"geometry":{"type":"LineString","coordinates":[[138.55388,-34.952638],[138.553841,-34.952105]]}},{"type":"Feature","properties":{"tier":"arterial"},"geometry":{"type":"LineString","coordinates":[[138.553988,-34.952098],[138.554022,-34.952639]]}},{"type":"Feature","properties":{"tier":"arterial"},"geometry":{"type":"LineString","coordinates":[[138.553953,-34.951633],[138.553988,-34.952098]]}},{"type":"Feature","properties":{"tier":"arterial"},"geometry":{"type":"LineString","coordinates":[[138.553924,-34.951241],[138.553946,-34.951536],[138.55395,-34.951596],[138.553953,-34.951633]]}},{"type":"Feature","properties":{"tier":"arterial"},"geometry":{"type":"LineString","coordinates":[[138.553632,-34.949129],[138.553569,-34.948279]]}},{"type":"Feature","properties":{"tier":"regional"},"geometry":{"type":"LineString","coordinates":[[138.553763,-34.949125],[138.553632,-34.949129]]}},{"type":"Feature","properties":{"tier":"arterial"},"geometry":{"type":"LineString","coordinates":[[138.553704,-34.948272],[138.553758,-34.94902],[138.553763,-34.949125]]}},{"type":"Feature","properties":{"tier":"arterial"},"geometry":{"type":"LineString","coordinates":[[138.553692,-34.948109],[138.553704,-34.948272]]}},{"type":"Feature","properties":{"tier":"arterial"},"geometry":{"type":"LineString","coordinates":[[138.553569,-34.948279],[138.553555,-34.948116]]}},{"type":"Feature","properties":{"tier":"arterial"},"geometry":{"type":"LineString","coordinates":[[138.55335,-34.945059],[138.553304,-34.944443]]}},{"type":"Feature","properties":{"tier":"arterial"},"geometry":{"type":"LineString","coordinates":[[138.553513,-34.945596],[138.55353,-34.945875]]}},{"type":"Feature","properties":{"tier":"arterial"},"geometry":{"type":"LineString","coordinates":[[138.553351,-34.94329],[138.553446,-34.944644],[138.553472,-34.945016]]}},{"type":"Feature","properties":{"tier":"arterial"},"geometry":{"type":"LineString","coordinates":[[138.553406,-34.94588],[138.553391,-34.945603]]}},{"type":"Feature","properties":{"tier":"arterial"},"geometry":{"type":"LineString","coordinates":[[138.553329,-34.943007],[138.553187,-34.942971]]}},{"type":"Feature","properties":{"tier":"arterial"},"geometry":{"type":"LineString","coordinates":[[138.553187,-34.942971],[138.553323,-34.942935]]}},{"type":"Feature","properties":{"tier":"arterial"},"geometry":{"type":"LineString","coordinates":[[138.553049,-34.940863],[138.553039,-34.940747]]}},{"type":"Feature","properties":{"tier":"arterial"},"geometry":{"type":"LineString","coordinates":[[138.553176,-34.940742],[138.553185,-34.940856]]}},{"type":"Feature","properties":{"tier":"arterial"},"geometry":{"type":"LineString","coordinates":[[138.553185,-34.940856],[138.553239,-34.941545],[138.553248,-34.941661],[138.553271,-34.942024]]}},{"type":"Feature","properties":{"tier":"arterial"},"geometry":{"type":"LineString","coordinates":[[138.553168,-34.940644],[138.553176,-34.940742]]}},{"type":"Feature","properties":{"tier":"arterial"},"geometry":{"type":"LineString","coordinates":[[138.553039,-34.940747],[138.553031,-34.940653]]}},{"type":"Feature","properties":{"tier":"arterial"},"geometry":{"type":"LineString","coordinates":[[138.553155,-34.942322],[138.553107,-34.941669],[138.553098,-34.941553],[138.553081,-34.94131],[138.553049,-34.940863]]}},{"type":"Feature","properties":{"tier":"arterial"},"geometry":{"type":"LineString","coordinates":[[138.553122,-34.94005],[138.553168,-34.940644]]}},{"type":"Feature","properties":{"tier":"arterial"},"geometry":{"type":"LineString","coordinates":[[138.55311,-34.939895],[138.553122,-34.94005]]}},{"type":"Feature","properties":{"tier":"arterial"},"geometry":{"type":"LineString","coordinates":[[138.553097,-34.939742],[138.55311,-34.939895]]}},{"type":"Feature","properties":{"tier":"arterial"},"geometry":{"type":"LineString","coordinates":[[138.552981,-34.939897],[138.552972,-34.93975]]}},{"type":"Feature","properties":{"tier":"arterial"},"geometry":{"type":"LineString","coordinates":[[138.552992,-34.940058],[138.552981,-34.939897]]}},{"type":"Feature","properties":{"tier":"arterial"},"geometry":{"type":"LineString","coordinates":[[138.553031,-34.940653],[138.552992,-34.940058]]}},{"type":"Feature","properties":{"tier":"arterial"},"geometry":{"type":"LineString","coordinates":[[138.552916,-34.939035],[138.552901,-34.93884]]}},{"type":"Feature","properties":{"tier":"arterial"},"geometry":{"type":"LineString","coordinates":[[138.552932,-34.939247],[138.55292,-34.939096],[138.552916,-34.939035]]}},{"type":"Feature","properties":{"tier":"arterial"},"geometry":{"type":"LineString","coordinates":[[138.552972,-34.93975],[138.552932,-34.939247]]}},{"type":"Feature","properties":{"tier":"arterial"},"geometry":{"type":"LineString","coordinates":[[138.553058,-34.939238],[138.553097,-34.939742]]}},{"type":"Feature","properties":{"tier":"arterial"},"geometry":{"type":"LineString","coordinates":[[138.553042,-34.939035],[138.553058,-34.939238]]}},{"type":"Feature","properties":{"tier":"arterial"},"geometry":{"type":"LineString","coordinates":[[138.553026,-34.938834],[138.553039,-34.93899],[138.553042,-34.939035]]}},{"type":"Feature","properties":{"tier":"arterial"},"geometry":{"type":"LineString","coordinates":[[138.552842,-34.938033],[138.552837,-34.937937]]}},{"type":"Feature","properties":{"tier":"arterial"},"geometry":{"type":"LineString","coordinates":[[138.552849,-34.938151],[138.552842,-34.938033]]}},{"type":"Feature","properties":{"tier":"arterial"},"geometry":{"type":"LineString","coordinates":[[138.552901,-34.93884],[138.552849,-34.938151]]}},{"type":"Feature","properties":{"tier":"arterial"},"geometry":{"type":"LineString","coordinates":[[138.552972,-34.938145],[138.553026,-34.938834]]}},{"type":"Feature","properties":{"tier":"arterial"},"geometry":{"type":"LineString","coordinates":[[138.552965,-34.93803],[138.552972,-34.938145]]}},{"type":"Feature","properties":{"tier":"arterial"},"geometry":{"type":"LineString","coordinates":[[138.552959,-34.937928],[138.552965,-34.93803]]}},{"type":"Feature","properties":{"tier":"arterial"},"geometry":{"type":"LineString","coordinates":[[138.558154,-34.942665],[138.558893,-34.94263],[138.559283,-34.942611]]}},{"type":"Feature","properties":{"tier":"arterial"},"geometry":{"type":"LineString","coordinates":[[138.553323,-34.942935],[138.553381,-34.942929],[138.553523,-34.942913]]}},{"type":"Feature","properties":{"tier":"arterial"},"geometry":{"type":"LineString","coordinates":[[138.558165,-34.942786],[138.557745,-34.942809],[138.557037,-34.942845],[138.556779,-34.942856],[138.555681,-34.942909],[138.555522,-34.942917],[138.554619,-34.94296]]}},{"type":"Feature","properties":{"tier":"arterial"},"geometry":{"type":"LineString","coordinates":[[138.559289,-34.942731],[138.558165,-34.942786]]}},{"type":"Feature","properties":{"tier":"arterial"},"geometry":{"type":"LineString","coordinates":[[138.559609,-34.942597],[138.559955,-34.942582]]}},{"type":"Feature","properties":{"tier":"arterial"},"geometry":{"type":"LineString","coordinates":[[138.559283,-34.942611],[138.559609,-34.942597]]}},{"type":"Feature","properties":{"tier":"arterial"},"geometry":{"type":"LineString","coordinates":[[138.559625,-34.942716],[138.559289,-34.942731]]}},{"type":"Feature","properties":{"tier":"arterial"},"geometry":{"type":"LineString","coordinates":[[138.559961,-34.942701],[138.559625,-34.942716]]}},{"type":"Feature","properties":{"tier":"arterial"},"geometry":{"type":"LineString","coordinates":[[138.560423,-34.942676],[138.559961,-34.942701]]}},{"type":"Feature","properties":{"tier":"arterial"},"geometry":{"type":"LineString","coordinates":[[138.561355,-34.942631],[138.560891,-34.942654],[138.560423,-34.942676]]}},{"type":"Feature","properties":{"tier":"arterial"},"geometry":{"type":"LineString","coordinates":[[138.560419,-34.942561],[138.561324,-34.942514]]}},{"type":"Feature","properties":{"tier":"arterial"},"geometry":{"type":"LineString","coordinates":[[138.559955,-34.942582],[138.560419,-34.942561]]}},{"type":"Feature","properties":{"tier":"regional"},"geometry":{"type":"LineString","coordinates":[[138.562291,-34.942586],[138.562294,-34.942636],[138.562297,-34.942673],[138.562321,-34.942993],[138.562327,-34.943085]]}},{"type":"Feature","properties":{"tier":"arterial"},"geometry":{"type":"LineString","coordinates":[[138.562291,-34.942586],[138.562178,-34.942592],[138.561355,-34.942631]]}},{"type":"Feature","properties":{"tier":"arterial"},"geometry":{"type":"LineString","coordinates":[[138.561324,-34.942514],[138.561711,-34.942493],[138.561886,-34.942484],[138.562146,-34.94247],[138.562178,-34.942469],[138.562282,-34.942463]]}},{"type":"Feature","properties":{"tier":"arterial"},"geometry":{"type":"LineString","coordinates":[[138.56252,-34.942573],[138.562432,-34.942578],[138.562402,-34.94258],[138.562291,-34.942586]]}},{"type":"Feature","properties":{"tier":"arterial"},"geometry":{"type":"LineString","coordinates":[[138.562282,-34.942463],[138.56239,-34.942458],[138.56252,-34.942452]]}},{"type":"Feature","properties":{"tier":"high"},"geometry":{"type":"LineString","coordinates":[[138.558037,-34.968082],[138.557297,-34.968116]]}},{"type":"Feature","properties":{"tier":"high"},"geometry":{"type":"LineString","coordinates":[[138.56252,-34.967856],[138.56181,-34.967891],[138.561617,-34.9679],[138.561093,-34.967926],[138.560822,-34.96794],[138.559945,-34.967985],[138.558795,-34.968046],[138.558037,-34.968082]]}},{"type":"Feature","properties":{"tier":"high"},"geometry":{"type":"LineString","coordinates":[[138.560976,-34.967816],[138.561472,-34.967792],[138.561636,-34.967784],[138.561762,-34.967778],[138.56252,-34.967742]]}},{"type":"Feature","properties":{"tier":"high"},"geometry":{"type":"LineString","coordinates":[[138.557291,-34.968005],[138.558034,-34.967972]]}},{"type":"Feature","properties":{"tier":"arterial"},"geometry":{"type":"LineString","coordinates":[[138.555769,-34.97634],[138.555774,-34.976399],[138.555825,-34.976997]]}},{"type":"Feature","properties":{"tier":"arterial"},"geometry":{"type":"LineString","coordinates":[[138.555702,-34.97561],[138.555713,-34.975733],[138.555769,-34.97634]]}},{"type":"Feature","properties":{"tier":"arterial"},"geometry":{"type":"LineString","coordinates":[[138.555621,-34.976349],[138.555597,-34.976028],[138.555568,-34.975621]]}},{"type":"Feature","properties":{"tier":"arterial"},"geometry":{"type":"LineString","coordinates":[[138.555677,-34.97701],[138.555625,-34.976407],[138.555621,-34.976349]]}},{"type":"Feature","properties":{"tier":"arterial"},"geometry":{"type":"LineString","coordinates":[[138.555625,-34.974578],[138.555686,-34.975443],[138.555702,-34.97561]]}},{"type":"Feature","properties":{"tier":"arterial"},"geometry":{"type":"LineString","coordinates":[[138.5556,-34.974287],[138.555625,-34.974578]]}},{"type":"Feature","properties":{"tier":"arterial"},"geometry":{"type":"LineString","coordinates":[[138.555468,-34.974587],[138.555446,-34.974297]]}},{"type":"Feature","properties":{"tier":"arterial"},"geometry":{"type":"LineString","coordinates":[[138.555568,-34.975621],[138.555468,-34.974587]]}},{"type":"Feature","properties":{"tier":"arterial"},"geometry":{"type":"LineString","coordinates":[[138.555274,-34.971963],[138.555265,-34.971845]]}},{"type":"Feature","properties":{"tier":"arterial"},"geometry":{"type":"LineString","coordinates":[[138.555335,-34.972831],[138.555301,-34.972342],[138.555274,-34.971963]]}},{"type":"Feature","properties":{"tier":"arterial"},"geometry":{"type":"LineString","coordinates":[[138.555406,-34.971957],[138.555433,-34.972259],[138.55544,-34.972335],[138.555457,-34.972519],[138.555484,-34.972821]]}},{"type":"Feature","properties":{"tier":"arterial"},"geometry":{"type":"LineString","coordinates":[[138.555396,-34.971842],[138.555406,-34.971957]]}},{"type":"Feature","properties":{"tier":"arterial"},"geometry":{"type":"LineString","coordinates":[[138.555262,-34.970115],[138.555316,-34.970869],[138.555396,-34.971842]]}},{"type":"Feature","properties":{"tier":"arterial"},"geometry":{"type":"LineString","coordinates":[[138.555142,-34.97012],[138.555118,-34.969777]]}},{"type":"Feature","properties":{"tier":"arterial"},"geometry":{"type":"LineString","coordinates":[[138.555118,-34.969777],[138.555017,-34.968394]]}},{"type":"Feature","properties":{"tier":"arterial"},"geometry":{"type":"LineString","coordinates":[[138.555234,-34.969775],[138.555262,-34.970115]]}},{"type":"Feature","properties":{"tier":"arterial"},"geometry":{"type":"LineString","coordinates":[[138.554916,-34.966966],[138.554868,-34.966319],[138.554865,-34.966276]]}},{"type":"Feature","properties":{"tier":"arterial"},"geometry":{"type":"LineString","coordinates":[[138.554721,-34.964148],[138.554707,-34.963948]]}},{"type":"Feature","properties":{"tier":"arterial"},"geometry":{"type":"LineString","coordinates":[[138.554631,-34.96282],[138.554607,-34.962383],[138.554591,-34.962076]]}},{"type":"Feature","properties":{"tier":"arterial"},"geometry":{"type":"LineString","coordinates":[[138.554912,-34.965244],[138.554963,-34.966031]]}},{"type":"Feature","properties":{"tier":"arterial"},"geometry":{"type":"LineString","coordinates":[[138.554822,-34.963871],[138.554835,-34.964073]]}},{"type":"Feature","properties":{"tier":"high"},"geometry":{"type":"LineString","coordinates":[[138.554707,-34.963948],[138.554822,-34.963871]]}},{"type":"Feature","properties":{"tier":"high"},"geometry":{"type":"LineString","coordinates":[[138.554835,-34.964073],[138.554721,-34.964148]]}},{"type":"Feature","properties":{"tier":"regional"},"geometry":{"type":"LineString","coordinates":[[138.55455,-34.959739],[138.554428,-34.959746]]}},{"type":"Feature","properties":{"tier":"arterial"},"geometry":{"type":"LineString","coordinates":[[138.554428,-34.959746],[138.554421,-34.959644],[138.55442,-34.959631]]}},{"type":"Feature","properties":{"tier":"arterial"},"geometry":{"type":"LineString","coordinates":[[138.55455,-34.959739],[138.554552,-34.959804],[138.554577,-34.960067]]}},{"type":"Feature","properties":{"tier":"arterial"},"geometry":{"type":"LineString","coordinates":[[138.554377,-34.957449],[138.55454,-34.959619],[138.554542,-34.959642],[138.55455,-34.959739]]}},{"type":"Feature","properties":{"tier":"arterial"},"geometry":{"type":"LineString","coordinates":[[138.520536,-34.985595],[138.520503,-34.985148],[138.520501,-34.985121],[138.520493,-34.98501]]}},{"type":"Feature","properties":{"tier":"arterial"},"geometry":{"type":"LineString","coordinates":[[138.520606,-34.985054],[138.520613,-34.985138],[138.520628,-34.985321]]}},{"type":"Feature","properties":{"tier":"arterial"},"geometry":{"type":"LineString","coordinates":[[138.520823,-34.987971],[138.52088,-34.988781]]}},{"type":"Feature","properties":{"tier":"arterial"},"geometry":{"type":"LineString","coordinates":[[138.520734,-34.988788],[138.520682,-34.987977]]}},{"type":"Feature","properties":{"tier":"arterial"},"geometry":{"type":"LineString","coordinates":[[138.520682,-34.987977],[138.520628,-34.987281],[138.520614,-34.986674]]}},{"type":"Feature","properties":{"tier":"arterial"},"geometry":{"type":"LineString","coordinates":[[138.520719,-34.986674],[138.520823,-34.987971]]}},{"type":"Feature","properties":{"tier":"arterial"},"geometry":{"type":"LineString","coordinates":[[138.520812,-34.989743],[138.520734,-34.988788]]}},{"type":"Feature","properties":{"tier":"arterial"},"geometry":{"type":"LineString","coordinates":[[138.52088,-34.988781],[138.520954,-34.989738]]}},{"type":"Feature","properties":{"tier":"arterial"},"geometry":{"type":"LineString","coordinates":[[138.520847,-34.990208],[138.520812,-34.989743]]}},{"type":"Feature","properties":{"tier":"arterial"},"geometry":{"type":"LineString","coordinates":[[138.521,-34.990201],[138.521015,-34.990539],[138.52102,-34.990661]]}},{"type":"Feature","properties":{"tier":"arterial"},"geometry":{"type":"LineString","coordinates":[[138.520954,-34.989738],[138.521,-34.990201]]}},{"type":"Feature","properties":{"tier":"arterial"},"geometry":{"type":"LineString","coordinates":[[138.52096,-34.9916],[138.520899,-34.990869],[138.520883,-34.990667]]}},{"type":"Feature","properties":{"tier":"arterial"},"geometry":{"type":"LineString","coordinates":[[138.52102,-34.990661],[138.521093,-34.991592]]}},{"type":"Feature","properties":{"tier":"arterial"},"geometry":{"type":"LineString","coordinates":[[138.529464,-34.99539],[138.529076,-34.994874]]}},{"type":"Feature","properties":{"tier":"arterial"},"geometry":{"type":"LineString","coordinates":[[138.529698,-34.995727],[138.529464,-34.99539]]}},{"type":"Feature","properties":{"tier":"arterial"},"geometry":{"type":"LineString","coordinates":[[138.5292,-34.994824],[138.529397,-34.995098]]}},{"type":"Feature","properties":{"tier":"arterial"},"geometry":{"type":"LineString","coordinates":[[138.529573,-34.995343],[138.529808,-34.995672]]}},{"type":"Feature","properties":{"tier":"arterial"},"geometry":{"type":"LineString","coordinates":[[138.528942,-34.994453],[138.5292,-34.994824]]}},{"type":"Feature","properties":{"tier":"arterial"},"geometry":{"type":"LineString","coordinates":[[138.528585,-34.993946],[138.528793,-34.994242],[138.528942,-34.994453]]}},{"type":"Feature","properties":{"tier":"arterial"},"geometry":{"type":"LineString","coordinates":[[138.529076,-34.994874],[138.528818,-34.994513]]}},{"type":"Feature","properties":{"tier":"arterial"},"geometry":{"type":"LineString","coordinates":[[138.528818,-34.994513],[138.528666,-34.9943],[138.528459,-34.99401]]}},{"type":"Feature","properties":{"tier":"arterial"},"geometry":{"type":"LineString","coordinates":[[138.526608,-34.991171],[138.526814,-34.991453]]}},{"type":"Feature","properties":{"tier":"arterial"},"geometry":{"type":"LineString","coordinates":[[138.526676,-34.991517],[138.526492,-34.991244]]}},{"type":"Feature","properties":{"tier":"arterial"},"geometry":{"type":"LineString","coordinates":[[138.526492,-34.991244],[138.526222,-34.990852]]}},{"type":"Feature","properties":{"tier":"arterial"},"geometry":{"type":"LineString","coordinates":[[138.526344,-34.990782],[138.526608,-34.991171]]}},{"type":"Feature","properties":{"tier":"arterial"},"geometry":{"type":"LineString","coordinates":[[138.526,-34.990321],[138.526344,-34.990782]]}},{"type":"Feature","properties":{"tier":"arterial"},"geometry":{"type":"LineString","coordinates":[[138.526222,-34.990852],[138.525872,-34.990384]]}},{"type":"Feature","properties":{"tier":"arterial"},"geometry":{"type":"LineString","coordinates":[[138.525771,-34.989991],[138.526,-34.990321]]}},{"type":"Feature","properties":{"tier":"arterial"},"geometry":{"type":"LineString","coordinates":[[138.525364,-34.989434],[138.525771,-34.989991]]}},{"type":"Feature","properties":{"tier":"arterial"},"geometry":{"type":"LineString","coordinates":[[138.525643,-34.990054],[138.525232,-34.989501]]}},{"type":"Feature","properties":{"tier":"arterial"},"geometry":{"type":"LineString","coordinates":[[138.525872,-34.990384],[138.525643,-34.990054]]}},{"type":"Feature","properties":{"tier":"arterial"},"geometry":{"type":"LineString","coordinates":[[138.525077,-34.989272],[138.524519,-34.9885]]}},{"type":"Feature","properties":{"tier":"arterial"},"geometry":{"type":"LineString","coordinates":[[138.525232,-34.989501],[138.525077,-34.989272]]}},{"type":"Feature","properties":{"tier":"arterial"},"geometry":{"type":"LineString","coordinates":[[138.525205,-34.989215],[138.525364,-34.989434]]}},{"type":"Feature","properties":{"tier":"arterial"},"geometry":{"type":"LineString","coordinates":[[138.52465,-34.988434],[138.525205,-34.989215]]}},{"type":"Feature","properties":{"tier":"arterial"},"geometry":{"type":"LineString","coordinates":[[138.523962,-34.987725],[138.523928,-34.987676],[138.523807,-34.987499]]}},{"type":"Feature","properties":{"tier":"arterial"},"geometry":{"type":"LineString","coordinates":[[138.524085,-34.987658],[138.524588,-34.988349],[138.52465,-34.988434]]}},{"type":"Feature","properties":{"tier":"arterial"},"geometry":{"type":"LineString","coordinates":[[138.523939,-34.987437],[138.524085,-34.987658]]}},{"type":"Feature","properties":{"tier":"arterial"},"geometry":{"type":"LineString","coordinates":[[138.523807,-34.987499],[138.523326,-34.986773],[138.52331,-34.986749],[138.523293,-34.986722]]}},{"type":"Feature","properties":{"tier":"arterial"},"geometry":{"type":"LineString","coordinates":[[138.557428,-35.00002],[138.557389,-34.999469]]}},{"type":"Feature","properties":{"tier":"arterial"},"geometry":{"type":"LineString","coordinates":[[138.557516,-34.999464],[138.557557,-35.00002]]}},{"type":"Feature","properties":{"tier":"arterial"},"geometry":{"type":"LineString","coordinates":[[138.516609,-34.964907],[138.516553,-34.964149]]}},{"type":"Feature","properties":{"tier":"arterial"},"geometry":{"type":"LineString","coordinates":[[138.516623,-34.965132],[138.516609,-34.964907]]}},{"type":"Feature","properties":{"tier":"arterial"},"geometry":{"type":"LineString","coordinates":[[138.516737,-34.964546],[138.516787,-34.965128]]}},{"type":"Feature","properties":{"tier":"arterial"},"geometry":{"type":"LineString","coordinates":[[138.516941,-34.967234],[138.516963,-34.9678]]}},{"type":"Feature","properties":{"tier":"arterial"},"geometry":{"type":"LineString","coordinates":[[138.516907,-34.966829],[138.516916,-34.966935],[138.516941,-34.967234]]}},{"type":"Feature","properties":{"tier":"arterial"},"geometry":{"type":"LineString","coordinates":[[138.516922,-34.968944],[138.516908,-34.968751]]}},{"type":"Feature","properties":{"tier":"arterial"},"geometry":{"type":"LineString","coordinates":[[138.516745,-34.966836],[138.516676,-34.965865],[138.516623,-34.965132]]}},{"type":"Feature","properties":{"tier":"arterial"},"geometry":{"type":"LineString","coordinates":[[138.516776,-34.967242],[138.516755,-34.966971],[138.516745,-34.966836]]}},{"type":"Feature","properties":{"tier":"arterial"},"geometry":{"type":"LineString","coordinates":[[138.516816,-34.967805],[138.516776,-34.967242]]}},{"type":"Feature","properties":{"tier":"arterial"},"geometry":{"type":"LineString","coordinates":[[138.516908,-34.968751],[138.516816,-34.967805]]}},{"type":"Feature","properties":{"tier":"arterial"},"geometry":{"type":"LineString","coordinates":[[138.51699,-34.968105],[138.517047,-34.968939]]}},{"type":"Feature","properties":{"tier":"arterial"},"geometry":{"type":"LineString","coordinates":[[138.516963,-34.9678],[138.51699,-34.968105]]}},{"type":"Feature","properties":{"tier":"arterial"},"geometry":{"type":"LineString","coordinates":[[138.516787,-34.965128],[138.516843,-34.965947],[138.516907,-34.966829]]}},{"type":"Feature","properties":{"tier":"arterial"},"geometry":{"type":"LineString","coordinates":[[138.519664,-34.975145],[138.5197,-34.9752],[138.51982,-34.975406],[138.519895,-34.975615],[138.519929,-34.975773]]}},{"type":"Feature","properties":{"tier":"arterial"},"geometry":{"type":"LineString","coordinates":[[138.519929,-34.975773],[138.51996,-34.97613],[138.519962,-34.97616],[138.519968,-34.97623]]}},{"type":"Feature","properties":{"tier":"arterial"},"geometry":{"type":"LineString","coordinates":[[138.519779,-34.975783],[138.51975,-34.975674],[138.519715,-34.975543],[138.519662,-34.975414],[138.51956,-34.975198]]}},{"type":"Feature","properties":{"tier":"arterial"},"geometry":{"type":"LineString","coordinates":[[138.518778,-34.974239],[138.51864,-34.974075],[138.518464,-34.973871],[138.517807,-34.973109]]}},{"type":"Feature","properties":{"tier":"arterial"},"geometry":{"type":"LineString","coordinates":[[138.517901,-34.973054],[138.518537,-34.973801],[138.518865,-34.974185]]}},{"type":"Feature","properties":{"tier":"arterial"},"geometry":{"type":"LineString","coordinates":[[138.51956,-34.975198],[138.519482,-34.975069],[138.519399,-34.974954],[138.519095,-34.974599],[138.518778,-34.974239]]}},{"type":"Feature","properties":{"tier":"arterial"},"geometry":{"type":"LineString","coordinates":[[138.518865,-34.974185],[138.519268,-34.974639],[138.519578,-34.975011],[138.519664,-34.975145]]}},{"type":"Feature","properties":{"tier":"regional"},"geometry":{"type":"LineString","coordinates":[[138.513667,-34.988135],[138.513681,-34.988172],[138.513707,-34.988242]]}},{"type":"Feature","properties":{"tier":"regional"},"geometry":{"type":"LineString","coordinates":[[138.514093,-34.971528],[138.514128,-34.971455],[138.514145,-34.97139],[138.514156,-34.971254],[138.514155,-34.971085],[138.514141,-34.970941],[138.514134,-34.970866],[138.514028,-34.970355],[138.514022,-34.970326],[138.514002,-34.970234],[138.513954,-34.969665],[138.513945,-34.969518]]}},{"type":"Feature","properties":{"tier":"regional"},"geometry":{"type":"LineString","coordinates":[[138.534923,-34.937886],[138.534875,-34.93748]]}},{"type":"Feature","properties":{"tier":"regional"},"geometry":{"type":"LineString","coordinates":[[138.534536,-34.938615],[138.534516,-34.938634],[138.534474,-34.938681],[138.534431,-34.938742],[138.534394,-34.938819],[138.534375,-34.938872],[138.534365,-34.938919],[138.534361,-34.938961]]}},{"type":"Feature","properties":{"tier":"arterial"},"geometry":{"type":"LineString","coordinates":[[138.535879,-34.938268],[138.535373,-34.938614]]}},{"type":"Feature","properties":{"tier":"arterial"},"geometry":{"type":"LineString","coordinates":[[138.529808,-34.995672],[138.530064,-34.996029],[138.530178,-34.996189]]}},{"type":"Feature","properties":{"tier":"arterial"},"geometry":{"type":"LineString","coordinates":[[138.530218,-34.996456],[138.529698,-34.995727]]}},{"type":"Feature","properties":{"tier":"arterial"},"geometry":{"type":"LineString","coordinates":[[138.520251,-34.980003],[138.520253,-34.98003],[138.520258,-34.980096],[138.520259,-34.98011]]}},{"type":"Feature","properties":{"tier":"arterial"},"geometry":{"type":"LineString","coordinates":[[138.520128,-34.979978],[138.520123,-34.97991]]}},{"type":"Feature","properties":{"tier":"arterial"},"geometry":{"type":"LineString","coordinates":[[138.520132,-34.980039],[138.520131,-34.980035],[138.520129,-34.980007],[138.520128,-34.979978]]}},{"type":"Feature","properties":{"tier":"regional"},"geometry":{"type":"LineString","coordinates":[[138.520251,-34.980003],[138.520149,-34.980034],[138.520132,-34.980039]]}},{"type":"Feature","properties":{"tier":"high"},"geometry":{"type":"LineString","coordinates":[[138.520455,-34.976321],[138.520084,-34.976342],[138.52004,-34.976344],[138.519978,-34.976348]]}},{"type":"Feature","properties":{"tier":"high"},"geometry":{"type":"LineString","coordinates":[[138.519859,-34.976239],[138.519968,-34.97623]]}},{"type":"Feature","properties":{"tier":"regional"},"geometry":{"type":"LineString","coordinates":[[138.519396,-34.976275],[138.519718,-34.97625],[138.519751,-34.976247],[138.519859,-34.976239]]}},{"type":"Feature","properties":{"tier":"arterial"},"geometry":{"type":"LineString","coordinates":[[138.554771,-34.962986],[138.554784,-34.963289]]}},{"type":"Feature","properties":{"tier":"arterial"},"geometry":{"type":"LineString","coordinates":[[138.554782,-34.965041],[138.554734,-34.964346]]}},{"type":"Feature","properties":{"tier":"high"},"geometry":{"type":"LineString","coordinates":[[138.554152,-34.964316],[138.5546,-34.964019],[138.554602,-34.964017],[138.554631,-34.963998],[138.554707,-34.963948]]}},{"type":"Feature","properties":{"tier":"high"},"geometry":{"type":"LineString","coordinates":[[138.548507,-34.968164],[138.548359,-34.968259],[138.548357,-34.96826],[138.548342,-34.968269],[138.548257,-34.968324]]}},{"type":"Feature","properties":{"tier":"high"},"geometry":{"type":"LineString","coordinates":[[138.548512,-34.968529],[138.54843,-34.968505],[138.548288,-34.968432],[138.548267,-34.968418],[138.548191,-34.968366]]}},{"type":"Feature","properties":{"tier":"arterial"},"geometry":{"type":"LineString","coordinates":[[138.55506,-34.967203],[138.555063,-34.967294],[138.555067,-34.967386],[138.555105,-34.967919]]}},{"type":"Feature","properties":{"tier":"high"},"geometry":{"type":"LineString","coordinates":[[138.553976,-34.968184],[138.554785,-34.968146]]}},{"type":"Feature","properties":{"tier":"high"},"geometry":{"type":"LineString","coordinates":[[138.55303,-34.96823],[138.553357,-34.968216],[138.553976,-34.968184]]}},{"type":"Feature","properties":{"tier":"arterial"},"geometry":{"type":"LineString","coordinates":[[138.521219,-34.985315],[138.520921,-34.985177]]}},{"type":"Feature","properties":{"tier":"arterial"},"geometry":{"type":"LineString","coordinates":[[138.521905,-34.985625],[138.521219,-34.985315]]}},{"type":"Feature","properties":{"tier":"arterial"},"geometry":{"type":"LineString","coordinates":[[138.517788,-34.94463],[138.517794,-34.944689]]}},{"type":"Feature","properties":{"tier":"arterial"},"geometry":{"type":"LineString","coordinates":[[138.517577,-34.941778],[138.517748,-34.944204]]}},{"type":"Feature","properties":{"tier":"regional"},"geometry":{"type":"LineString","coordinates":[[138.517093,-34.944694],[138.517375,-34.94468]]}},{"type":"Feature","properties":{"tier":"arterial"},"geometry":{"type":"LineString","coordinates":[[138.517628,-34.944668],[138.517617,-34.944542]]}},{"type":"Feature","properties":{"tier":"arterial"},"geometry":{"type":"LineString","coordinates":[[138.517896,-34.948],[138.517735,-34.946111],[138.517702,-34.945649],[138.517651,-34.944952]]}},{"type":"Feature","properties":{"tier":"arterial"},"geometry":{"type":"LineString","coordinates":[[138.516785,-34.962164],[138.516807,-34.962426],[138.516796,-34.962588],[138.516795,-34.962603],[138.516789,-34.962648]]}},{"type":"Feature","properties":{"tier":"regional"},"geometry":{"type":"LineString","coordinates":[[138.5172,-34.962792],[138.51686,-34.962749],[138.516833,-34.962745],[138.516776,-34.962738]]}},{"type":"Feature","properties":{"tier":"regional"},"geometry":{"type":"LineString","coordinates":[[138.521339,-34.996688],[138.521495,-34.996681]]}},{"type":"Feature","properties":{"tier":"arterial"},"geometry":{"type":"LineString","coordinates":[[138.521377,-34.997086],[138.52135,-34.996805],[138.521339,-34.996688]]}},{"type":"Feature","properties":{"tier":"arterial"},"geometry":{"type":"LineString","coordinates":[[138.521495,-34.996681],[138.52152,-34.997],[138.52153,-34.997079]]}},{"type":"Feature","properties":{"tier":"arterial"},"geometry":{"type":"LineString","coordinates":[[138.521949,-34.997159],[138.521632,-34.997174],[138.521597,-34.997176],[138.521536,-34.997179]]}},{"type":"Feature","properties":{"tier":"arterial"},"geometry":{"type":"LineString","coordinates":[[138.499988,-34.93785],[138.500042,-34.93797]]}},{"type":"Feature","properties":{"tier":"regional"},"geometry":{"type":"LineString","coordinates":[[138.548107,-34.994486],[138.548152,-34.995048]]}},{"type":"Feature","properties":{"tier":"regional"},"geometry":{"type":"LineString","coordinates":[[138.548152,-34.995048],[138.548173,-34.995286],[138.548175,-34.995317],[138.548179,-34.995377]]}},{"type":"Feature","properties":{"tier":"high"},"geometry":{"type":"LineString","coordinates":[[138.519978,-34.976348],[138.519883,-34.976353]]}},{"type":"Feature","properties":{"tier":"arterial"},"geometry":{"type":"LineString","coordinates":[[138.530102,-34.996669],[138.530251,-34.996657],[138.530286,-34.996655],[138.530346,-34.99665]]}},{"type":"Feature","properties":{"tier":"arterial"},"geometry":{"type":"LineString","coordinates":[[138.529316,-34.996707],[138.530102,-34.996669]]}},{"type":"Feature","properties":{"tier":"arterial"},"geometry":{"type":"LineString","coordinates":[[138.520493,-34.98501],[138.520602,-34.985005]]}},{"type":"Feature","properties":{"tier":"regional"},"geometry":{"type":"LineString","coordinates":[[138.523415,-34.986674],[138.523293,-34.986722]]}},{"type":"Feature","properties":{"tier":"arterial"},"geometry":{"type":"LineString","coordinates":[[138.520606,-34.985054],[138.520493,-34.98501]]}},{"type":"Feature","properties":{"tier":"arterial"},"geometry":{"type":"LineString","coordinates":[[138.520602,-34.985005],[138.520606,-34.985054]]}},{"type":"Feature","properties":{"tier":"arterial"},"geometry":{"type":"LineString","coordinates":[[138.539234,-34.996057],[138.539367,-34.996021]]}},{"type":"Feature","properties":{"tier":"arterial"},"geometry":{"type":"LineString","coordinates":[[138.538759,-34.996173],[138.539125,-34.996088]]}},{"type":"Feature","properties":{"tier":"arterial"},"geometry":{"type":"LineString","coordinates":[[138.530789,-34.996725],[138.530674,-34.996732],[138.530628,-34.996735],[138.530555,-34.99674]]}},{"type":"Feature","properties":{"tier":"arterial"},"geometry":{"type":"LineString","coordinates":[[138.530414,-34.996749],[138.530346,-34.99665]]}},{"type":"Feature","properties":{"tier":"arterial"},"geometry":{"type":"LineString","coordinates":[[138.530491,-34.996858],[138.530464,-34.99682],[138.530416,-34.996753],[138.530414,-34.996749]]}},{"type":"Feature","properties":{"tier":"arterial"},"geometry":{"type":"LineString","coordinates":[[138.558676,-34.993669],[138.558411,-34.993677],[138.558305,-34.993681]]}},{"type":"Feature","properties":{"tier":"arterial"},"geometry":{"type":"LineString","coordinates":[[138.556318,-34.993665],[138.556769,-34.993626],[138.556791,-34.993624],[138.556883,-34.993616]]}},{"type":"Feature","properties":{"tier":"arterial"},"geometry":{"type":"LineString","coordinates":[[138.556892,-34.993755],[138.556883,-34.993616]]}},{"type":"Feature","properties":{"tier":"arterial"},"geometry":{"type":"LineString","coordinates":[[138.556918,-34.994106],[138.556896,-34.993807],[138.556895,-34.993798],[138.556892,-34.993755]]}},{"type":"Feature","properties":{"tier":"high"},"geometry":{"type":"LineString","coordinates":[[138.555128,-34.968241],[138.555008,-34.968246]]}},{"type":"Feature","properties":{"tier":"high"},"geometry":{"type":"LineString","coordinates":[[138.557297,-34.968116],[138.556537,-34.96816],[138.556391,-34.968168],[138.55536,-34.96823]]}},{"type":"Feature","properties":{"tier":"arterial"},"geometry":{"type":"LineString","coordinates":[[138.55512,-34.968127],[138.555128,-34.968241]]}},{"type":"Feature","properties":{"tier":"arterial"},"geometry":{"type":"LineString","coordinates":[[138.514082,-34.958224],[138.514124,-34.958569],[138.514148,-34.958669]]}},{"type":"Feature","properties":{"tier":"arterial"},"geometry":{"type":"LineString","coordinates":[[138.554707,-34.963948],[138.554699,-34.96383]]}},{"type":"Feature","properties":{"tier":"arterial"},"geometry":{"type":"LineString","coordinates":[[138.556892,-34.993755],[138.556814,-34.99376],[138.556554,-34.99378]]}},{"type":"Feature","properties":{"tier":"arterial"},"geometry":{"type":"LineString","coordinates":[[138.557061,-34.993601],[138.557148,-34.993593],[138.557318,-34.993579]]}},{"type":"Feature","properties":{"tier":"arterial"},"geometry":{"type":"LineString","coordinates":[[138.557006,-34.992904],[138.557037,-34.993316]]}},{"type":"Feature","properties":{"tier":"arterial"},"geometry":{"type":"LineString","coordinates":[[138.517809,-34.944842],[138.518123,-34.949312]]}},{"type":"Feature","properties":{"tier":"arterial"},"geometry":{"type":"LineString","coordinates":[[138.51676,-34.962843],[138.51675,-34.962912]]}},{"type":"Feature","properties":{"tier":"regional"},"geometry":{"type":"LineString","coordinates":[[138.517006,-34.962662],[138.517195,-34.962689],[138.517406,-34.962711]]}},{"type":"Feature","properties":{"tier":"high"},"geometry":{"type":"LineString","coordinates":[[138.537762,-34.974937],[138.537836,-34.974888],[138.537934,-34.974829]]}},{"type":"Feature","properties":{"tier":"arterial"},"geometry":{"type":"LineString","coordinates":[[138.537701,-34.975614],[138.53768,-34.975329],[138.537678,-34.975302],[138.53767,-34.975192]]}},{"type":"Feature","properties":{"tier":"high"},"geometry":{"type":"LineString","coordinates":[[138.558034,-34.967972],[138.558887,-34.967929],[138.559938,-34.967869],[138.56045,-34.967842],[138.560814,-34.967824],[138.560976,-34.967816]]}},{"type":"Feature","properties":{"tier":"arterial"},"geometry":{"type":"LineString","coordinates":[[138.530694,-34.996942],[138.531069,-34.997463]]}},{"type":"Feature","properties":{"tier":"high"},"geometry":{"type":"LineString","coordinates":[[138.548102,-34.968226],[138.548199,-34.968167],[138.548559,-34.967943]]}},{"type":"Feature","properties":{"tier":"regional"},"geometry":{"type":"LineString","coordinates":[[138.547342,-34.968103],[138.547542,-34.968087],[138.547615,-34.968081],[138.547686,-34.968075]]}},{"type":"Feature","properties":{"tier":"arterial"},"geometry":{"type":"LineString","coordinates":[[138.539261,-34.996435],[138.53925,-34.996279],[138.539247,-34.996244],[138.53924,-34.996182]]}},{"type":"Feature","properties":{"tier":"arterial"},"geometry":{"type":"LineString","coordinates":[[138.538956,-34.996255],[138.538569,-34.996323],[138.538204,-34.99635]]}},{"type":"Feature","properties":{"tier":"arterial"},"geometry":{"type":"LineString","coordinates":[[138.539234,-34.996057],[138.53923,-34.995984],[138.539199,-34.995544]]}},{"type":"Feature","properties":{"tier":"arterial"},"geometry":{"type":"LineString","coordinates":[[138.539372,-34.996142],[138.539375,-34.996186],[138.539381,-34.996317]]}},{"type":"Feature","properties":{"tier":"arterial"},"geometry":{"type":"LineString","coordinates":[[138.539757,-34.996039],[138.539618,-34.996074],[138.53948,-34.99611],[138.539434,-34.996122],[138.539372,-34.996142]]}},{"type":"Feature","properties":{"tier":"regional"},"geometry":{"type":"LineString","coordinates":[[138.547753,-34.968148],[138.547711,-34.96814],[138.547656,-34.968136],[138.547567,-34.968142],[138.547344,-34.968157]]}},{"type":"Feature","properties":{"tier":"high"},"geometry":{"type":"LineString","coordinates":[[138.548495,-34.968447],[138.548565,-34.968459],[138.548627,-34.968463],[138.54872,-34.968464],[138.548826,-34.968458],[138.548883,-34.968455],[138.54914,-34.968442]]}},{"type":"Feature","properties":{"tier":"arterial"},"geometry":{"type":"LineString","coordinates":[[138.500113,-34.938],[138.500166,-34.937997],[138.500205,-34.937982],[138.500393,-34.937918]]}},{"type":"Feature","properties":{"tier":"arterial"},"geometry":{"type":"LineString","coordinates":[[138.502379,-34.93748],[138.502109,-34.93756],[138.502014,-34.937596],[138.501972,-34.937607]]}},{"type":"Feature","properties":{"tier":"arterial"},"geometry":{"type":"LineString","coordinates":[[138.501181,-34.937678],[138.501541,-34.937572],[138.501655,-34.937541],[138.501737,-34.937508]]}},{"type":"Feature","properties":{"tier":"arterial"},"geometry":{"type":"LineString","coordinates":[[138.500966,-34.937877],[138.500338,-34.938036],[138.500197,-34.93809],[138.500123,-34.938118]]}},{"type":"Feature","properties":{"tier":"regional"},"geometry":{"type":"LineString","coordinates":[[138.50198,-34.937872],[138.502173,-34.938321]]}},{"type":"Feature","properties":{"tier":"arterial"},"geometry":{"type":"LineString","coordinates":[[138.519966,-34.977594],[138.51992,-34.976779],[138.519904,-34.976509],[138.519896,-34.976445],[138.519883,-34.976353]]}},{"type":"Feature","properties":{"tier":"high"},"geometry":{"type":"LineString","coordinates":[[138.533247,-34.97571],[138.532247,-34.975758],[138.531606,-34.975798],[138.531172,-34.975826],[138.530656,-34.975852],[138.530469,-34.975862],[138.52984,-34.975894],[138.529174,-34.975924],[138.529026,-34.97593],[138.528503,-34.975956],[138.528102,-34.975976],[138.526746,-34.976055],[138.52611,-34.976083],[138.525969,-34.976089],[138.525375,-34.976115],[138.524782,-34.976145],[138.524002,-34.976183]]}},{"type":"Feature","properties":{"tier":"regional"},"geometry":{"type":"LineString","coordinates":[[138.519262,-34.976388],[138.51871,-34.976419],[138.518144,-34.976443],[138.517777,-34.976458],[138.517743,-34.976467],[138.517635,-34.976495]]}},{"type":"Feature","properties":{"tier":"high"},"geometry":{"type":"LineString","coordinates":[[138.520352,-34.9762],[138.521078,-34.976164]]}},{"type":"Feature","properties":{"tier":"high"},"geometry":{"type":"LineString","coordinates":[[138.519968,-34.97623],[138.520033,-34.976225],[138.520352,-34.9762]]}},{"type":"Feature","properties":{"tier":"arterial"},"geometry":{"type":"LineString","coordinates":[[138.519994,-34.976535],[138.520035,-34.976988],[138.520051,-34.977169]]}},{"type":"Feature","properties":{"tier":"arterial"},"geometry":{"type":"LineString","coordinates":[[138.519978,-34.976348],[138.519984,-34.976409],[138.519994,-34.976535]]}},{"type":"Feature","properties":{"tier":"regional"},"geometry":{"type":"LineString","coordinates":[[138.517618,-34.976346],[138.517735,-34.97635],[138.517759,-34.976351],[138.518202,-34.97633]]}},{"type":"Feature","properties":{"tier":"arterial"},"geometry":{"type":"LineString","coordinates":[[138.519809,-34.975998],[138.519779,-34.975783]]}},{"type":"Feature","properties":{"tier":"arterial"},"geometry":{"type":"LineString","coordinates":[[138.520007,-34.978122],[138.520001,-34.978045],[138.519966,-34.977594]]}},{"type":"Feature","properties":{"tier":"high"},"geometry":{"type":"LineString","coordinates":[[138.523411,-34.976213],[138.523265,-34.976221]]}},{"type":"Feature","properties":{"tier":"high"},"geometry":{"type":"LineString","coordinates":[[138.523265,-34.976221],[138.522649,-34.976253],[138.522051,-34.976283],[138.521886,-34.976292],[138.521761,-34.976294],[138.521268,-34.976302]]}},{"type":"Feature","properties":{"tier":"high"},"geometry":{"type":"LineString","coordinates":[[138.524002,-34.976183],[138.523411,-34.976213]]}},{"type":"Feature","properties":{"tier":"high"},"geometry":{"type":"LineString","coordinates":[[138.539609,-34.973734],[138.539892,-34.973552],[138.540203,-34.973353],[138.54144,-34.97256],[138.541674,-34.972406],[138.54182,-34.972312],[138.541992,-34.9722],[138.542214,-34.972057],[138.542493,-34.971877],[138.542979,-34.971562],[138.543599,-34.971161],[138.543734,-34.971074],[138.543939,-34.970941],[138.544307,-34.970704]]}},{"type":"Feature","properties":{"tier":"high"},"geometry":{"type":"LineString","coordinates":[[138.544307,-34.970704],[138.545608,-34.969849],[138.546417,-34.969318]]}},{"type":"Feature","properties":{"tier":"high"},"geometry":{"type":"LineString","coordinates":[[138.550836,-34.968433],[138.549934,-34.968478],[138.548776,-34.968542],[138.54868,-34.968544],[138.548618,-34.968542],[138.548559,-34.968536]]}},{"type":"Feature","properties":{"tier":"high"},"geometry":{"type":"LineString","coordinates":[[138.554041,-34.964391],[138.554152,-34.964316]]}},{"type":"Feature","properties":{"tier":"high"},"geometry":{"type":"LineString","coordinates":[[138.54924,-34.967501],[138.54944,-34.967371],[138.549593,-34.967272],[138.549717,-34.967185],[138.55033,-34.966794],[138.551688,-34.965918],[138.551855,-34.965809]]}},{"type":"Feature","properties":{"tier":"high"},"geometry":{"type":"LineString","coordinates":[[138.552022,-34.965893],[138.550441,-34.966909],[138.549999,-34.967193],[138.549898,-34.967257],[138.549548,-34.967485],[138.549453,-34.967547]]}},{"type":"Feature","properties":{"tier":"high"},"geometry":{"type":"LineString","coordinates":[[138.555008,-34.968246],[138.554957,-34.968249],[138.554771,-34.968257]]}},{"type":"Feature","properties":{"tier":"high"},"geometry":{"type":"LineString","coordinates":[[138.546754,-34.969301],[138.546646,-34.969373],[138.546365,-34.969559]]}},{"type":"Feature","properties":{"tier":"high"},"geometry":{"type":"LineString","coordinates":[[138.546417,-34.969318],[138.546621,-34.969184]]}},{"type":"Feature","properties":{"tier":"arterial"},"geometry":{"type":"LineString","coordinates":[[138.555989,-34.993883],[138.555816,-34.993955],[138.555635,-34.99406],[138.555441,-34.994252],[138.555269,-34.994412],[138.555209,-34.994479],[138.55515,-34.994545],[138.554921,-34.994798],[138.554781,-34.994914],[138.554748,-34.994942],[138.554589,-34.995035],[138.554424,-34.995108],[138.554304,-34.99514],[138.554227,-34.995161],[138.554056,-34.99519],[138.553922,-34.995206]]}},{"type":"Feature","properties":{"tier":"arterial"},"geometry":{"type":"LineString","coordinates":[[138.55693,-34.99423],[138.556918,-34.994106]]}},{"type":"Feature","properties":{"tier":"arterial"},"geometry":{"type":"LineString","coordinates":[[138.557033,-34.995288],[138.557009,-34.994978],[138.556993,-34.99478],[138.556979,-34.994701]]}},{"type":"Feature","properties":{"tier":"arterial"},"geometry":{"type":"LineString","coordinates":[[138.558302,-34.993561],[138.558583,-34.993555],[138.558708,-34.99355],[138.558864,-34.993546],[138.559116,-34.993541],[138.559675,-34.993518],[138.560539,-34.993483]]}},{"type":"Feature","properties":{"tier":"arterial"},"geometry":{"type":"LineString","coordinates":[[138.556843,-34.992936],[138.556829,-34.992411],[138.556827,-34.992273],[138.556826,-34.992242],[138.556821,-34.992168],[138.556773,-34.991516]]}},{"type":"Feature","properties":{"tier":"arterial"},"geometry":{"type":"LineString","coordinates":[[138.556883,-34.993616],[138.556878,-34.993545],[138.556851,-34.99326]]}},{"type":"Feature","properties":{"tier":"arterial"},"geometry":{"type":"LineString","coordinates":[[138.55594,-34.993757],[138.556132,-34.993698],[138.556318,-34.993665]]}},{"type":"Feature","properties":{"tier":"arterial"},"geometry":{"type":"LineString","coordinates":[[138.557117,-34.994306],[138.557177,-34.994973],[138.557199,-34.99528]]}},{"type":"Feature","properties":{"tier":"arterial"},"geometry":{"type":"LineString","coordinates":[[138.557072,-34.993741],[138.557074,-34.993775],[138.557083,-34.993932]]}},{"type":"Feature","properties":{"tier":"arterial"},"geometry":{"type":"LineString","coordinates":[[138.559389,-34.993639],[138.558676,-34.993669]]}},{"type":"Feature","properties":{"tier":"arterial"},"geometry":{"type":"LineString","coordinates":[[138.560546,-34.993589],[138.559753,-34.993623]]}},{"type":"Feature","properties":{"tier":"arterial"},"geometry":{"type":"LineString","coordinates":[[138.558305,-34.993681],[138.557649,-34.993698]]}},{"type":"Feature","properties":{"tier":"arterial"},"geometry":{"type":"LineString","coordinates":[[138.556033,-34.981373],[138.555965,-34.980638],[138.555963,-34.980612],[138.555958,-34.980534]]}},{"type":"Feature","properties":{"tier":"arterial"},"geometry":{"type":"LineString","coordinates":[[138.555942,-34.9803],[138.555884,-34.979635]]}},{"type":"Feature","properties":{"tier":"arterial"},"geometry":{"type":"LineString","coordinates":[[138.556107,-34.980861],[138.55616,-34.981685]]}},{"type":"Feature","properties":{"tier":"arterial"},"geometry":{"type":"LineString","coordinates":[[138.55616,-34.981685],[138.55624,-34.982701]]}},{"type":"Feature","properties":{"tier":"regional"},"geometry":{"type":"LineString","coordinates":[[138.558304,-34.980534],[138.557502,-34.980578],[138.557038,-34.980603],[138.55683,-34.980605],[138.556806,-34.980605],[138.556669,-34.980605],[138.556422,-34.980583]]}},{"type":"Feature","properties":{"tier":"arterial"},"geometry":{"type":"LineString","coordinates":[[138.548358,-34.995488],[138.548316,-34.99549],[138.548219,-34.995495],[138.548184,-34.995496]]}},{"type":"Feature","properties":{"tier":"arterial"},"geometry":{"type":"LineString","coordinates":[[138.546204,-34.995473],[138.546291,-34.995468],[138.5474,-34.995415]]}},{"type":"Feature","properties":{"tier":"arterial"},"geometry":{"type":"LineString","coordinates":[[138.548392,-34.995368],[138.549502,-34.995312]]}},{"type":"Feature","properties":{"tier":"arterial"},"geometry":{"type":"LineString","coordinates":[[138.548179,-34.995377],[138.548279,-34.995373],[138.548288,-34.995372],[138.548392,-34.995368]]}},{"type":"Feature","properties":{"tier":"arterial"},"geometry":{"type":"LineString","coordinates":[[138.547409,-34.995535],[138.546834,-34.995564],[138.546435,-34.995584],[138.546333,-34.99559],[138.546113,-34.995601]]}},{"type":"Feature","properties":{"tier":"regional"},"geometry":{"type":"LineString","coordinates":[[138.562006,-34.938861],[138.562048,-34.939319],[138.562075,-34.939619],[138.562098,-34.940005],[138.562138,-34.940506],[138.562141,-34.940542],[138.562145,-34.940601],[138.56217,-34.940908],[138.562181,-34.941049],[138.562185,-34.941089],[138.562196,-34.941227]]}},{"type":"Feature","properties":{"tier":"arterial"},"geometry":{"type":"LineString","coordinates":[[138.521446,-34.996151],[138.521487,-34.996596],[138.52149,-34.99662],[138.521495,-34.996681]]}},{"type":"Feature","properties":{"tier":"arterial"},"geometry":{"type":"LineString","coordinates":[[138.521204,-34.992921],[138.521309,-34.994364],[138.521332,-34.994696],[138.52135,-34.994919]]}},{"type":"Feature","properties":{"tier":"arterial"},"geometry":{"type":"LineString","coordinates":[[138.530341,-34.996754],[138.529322,-34.996803],[138.528343,-34.99685],[138.527452,-34.996893],[138.526357,-34.996946],[138.524812,-34.997021],[138.524189,-34.997051],[138.523721,-34.997074]]}},{"type":"Feature","properties":{"tier":"arterial"},"geometry":{"type":"LineString","coordinates":[[138.52208,-34.997053],[138.523717,-34.996974],[138.524185,-34.996952],[138.524804,-34.996922],[138.526354,-34.996848],[138.527445,-34.996796],[138.528318,-34.996754],[138.529316,-34.996707]]}},{"type":"Feature","properties":{"tier":"regional"},"geometry":{"type":"LineString","coordinates":[[138.510741,-34.997226],[138.510757,-34.997224],[138.510887,-34.997205],[138.512516,-34.997137],[138.513713,-34.997076],[138.515149,-34.997003],[138.515177,-34.997002],[138.51638,-34.99694],[138.516975,-34.99691],[138.517733,-34.996872],[138.519204,-34.996797],[138.519232,-34.996795],[138.520003,-34.996756],[138.520162,-34.996748],[138.520385,-34.996737]]}},{"type":"Feature","properties":{"tier":"arterial"},"geometry":{"type":"LineString","coordinates":[[138.523721,-34.997074],[138.522796,-34.997118]]}},{"type":"Feature","properties":{"tier":"arterial"},"geometry":{"type":"LineString","coordinates":[[138.529397,-34.995098],[138.529573,-34.995343]]}},{"type":"Feature","properties":{"tier":"arterial"},"geometry":{"type":"LineString","coordinates":[[138.520508,-34.983862],[138.520554,-34.984423],[138.520589,-34.984856],[138.520591,-34.984877],[138.520602,-34.985005]]}},{"type":"Feature","properties":{"tier":"arterial"},"geometry":{"type":"LineString","coordinates":[[138.520411,-34.983885],[138.520393,-34.983697],[138.520366,-34.983436]]}},{"type":"Feature","properties":{"tier":"arterial"},"geometry":{"type":"LineString","coordinates":[[138.522898,-34.986059],[138.523031,-34.986194],[138.523339,-34.986579],[138.523415,-34.986674]]}},{"type":"Feature","properties":{"tier":"arterial"},"geometry":{"type":"LineString","coordinates":[[138.520493,-34.98501],[138.520484,-34.984884],[138.520411,-34.983885]]}},{"type":"Feature","properties":{"tier":"arterial"},"geometry":{"type":"LineString","coordinates":[[138.520628,-34.985321],[138.520679,-34.986077]]}},{"type":"Feature","properties":{"tier":"arterial"},"geometry":{"type":"LineString","coordinates":[[138.520366,-34.983436],[138.520336,-34.983044],[138.520315,-34.982819],[138.520299,-34.982646]]}},{"type":"Feature","properties":{"tier":"regional"},"geometry":{"type":"LineString","coordinates":[[138.529613,-34.986329],[138.529203,-34.98635],[138.528319,-34.986394],[138.528103,-34.986404],[138.527358,-34.986442],[138.526437,-34.986488]]}},{"type":"Feature","properties":{"tier":"arterial"},"geometry":{"type":"LineString","coordinates":[[138.531069,-34.997463],[138.531175,-34.997611]]}},{"type":"Feature","properties":{"tier":"arterial"},"geometry":{"type":"LineString","coordinates":[[138.538204,-34.99635],[138.537945,-34.996364],[138.537803,-34.996371],[138.536866,-34.996421],[138.536093,-34.996423],[138.535258,-34.996467],[138.534141,-34.996523],[138.533717,-34.996545],[138.532213,-34.99662],[138.531817,-34.996637],[138.531535,-34.996649]]}},{"type":"Feature","properties":{"tier":"arterial"},"geometry":{"type":"LineString","coordinates":[[138.522033,-34.985579],[138.522602,-34.985861],[138.522752,-34.985948],[138.522898,-34.986059]]}},{"type":"Feature","properties":{"tier":"regional"},"geometry":{"type":"LineString","coordinates":[[138.526437,-34.986488],[138.525168,-34.986559],[138.524648,-34.986588],[138.524389,-34.986602]]}},{"type":"Feature","properties":{"tier":"arterial"},"geometry":{"type":"LineString","coordinates":[[138.535373,-34.938614],[138.534831,-34.938986]]}},{"type":"Feature","properties":{"tier":"regional"},"geometry":{"type":"LineString","coordinates":[[138.53441,-34.939168],[138.53447,-34.93919],[138.534519,-34.939226],[138.534552,-34.939273],[138.534566,-34.939326]]}},{"type":"Feature","properties":{"tier":"regional"},"geometry":{"type":"LineString","coordinates":[[138.534224,-34.939199],[138.534294,-34.939171],[138.534352,-34.939163],[138.53441,-34.939168]]}},{"type":"Feature","properties":{"tier":"regional"},"geometry":{"type":"LineString","coordinates":[[138.534233,-34.939473],[138.534192,-34.93944],[138.534163,-34.9394],[138.534149,-34.939354]]}},{"type":"Feature","properties":{"tier":"regional"},"geometry":{"type":"LineString","coordinates":[[138.534359,-34.939506],[138.534293,-34.939498],[138.534233,-34.939473]]}},{"type":"Feature","properties":{"tier":"regional"},"geometry":{"type":"LineString","coordinates":[[138.53453,-34.939431],[138.534484,-34.939471],[138.534425,-34.939496],[138.534359,-34.939506]]}},{"type":"Feature","properties":{"tier":"regional"},"geometry":{"type":"LineString","coordinates":[[138.534566,-34.939326],[138.534558,-34.939381],[138.53453,-34.939431]]}},{"type":"Feature","properties":{"tier":"regional"},"geometry":{"type":"LineString","coordinates":[[138.50043,-34.941287],[138.500461,-34.941461],[138.500474,-34.941498],[138.500489,-34.941554]]}},{"type":"Feature","properties":{"tier":"regional"},"geometry":{"type":"LineString","coordinates":[[138.500389,-34.941558],[138.500399,-34.941534],[138.500405,-34.941497],[138.50043,-34.941287]]}},{"type":"Feature","properties":{"tier":"regional"},"geometry":{"type":"LineString","coordinates":[[138.50049,-34.941661],[138.500484,-34.941723],[138.500484,-34.941751],[138.500486,-34.941829],[138.500474,-34.941895]]}},{"type":"Feature","properties":{"tier":"regional"},"geometry":{"type":"LineString","coordinates":[[138.500474,-34.941895],[138.500442,-34.941833],[138.500426,-34.941756],[138.500392,-34.941659]]}},{"type":"Feature","properties":{"tier":"regional"},"geometry":{"type":"LineString","coordinates":[[138.501012,-34.944337],[138.500991,-34.944331],[138.500975,-34.944319],[138.500962,-34.944302],[138.500958,-34.944283],[138.500961,-34.944264],[138.500973,-34.944247],[138.500991,-34.944234],[138.501013,-34.944227],[138.501035,-34.944226],[138.501056,-34.944231],[138.501075,-34.944241],[138.501088,-34.944256],[138.501095,-34.944273],[138.501095,-34.944291],[138.501088,-34.944309],[138.501074,-34.944323],[138.501056,-34.944333],[138.501035,-34.944338],[138.501012,-34.944337]]}},{"type":"Feature","properties":{"tier":"regional"},"geometry":{"type":"LineString","coordinates":[[138.501148,-34.944793],[138.501084,-34.944702],[138.501039,-34.944553],[138.501035,-34.944407],[138.500991,-34.944331]]}},{"type":"Feature","properties":{"tier":"regional"},"geometry":{"type":"LineString","coordinates":[[138.500928,-34.943957],[138.50098,-34.944019],[138.501037,-34.944201],[138.501056,-34.944231]]}},{"type":"Feature","properties":{"tier":"regional"},"geometry":{"type":"LineString","coordinates":[[138.500973,-34.944247],[138.50098,-34.944165],[138.500954,-34.944084],[138.500921,-34.943996],[138.500928,-34.943957]]}},{"type":"Feature","properties":{"tier":"regional"},"geometry":{"type":"LineString","coordinates":[[138.501074,-34.944323],[138.501069,-34.944366],[138.501109,-34.944562],[138.501143,-34.94469],[138.501148,-34.944793]]}},{"type":"Feature","properties":{"tier":"regional"},"geometry":{"type":"LineString","coordinates":[[138.50162,-34.946174],[138.501598,-34.946157],[138.501584,-34.946136],[138.501579,-34.946112],[138.501584,-34.946086],[138.5016,-34.946064],[138.501624,-34.946048],[138.501654,-34.946039],[138.501685,-34.946039],[138.5017,-34.946042],[138.501723,-34.946053],[138.501742,-34.946068],[138.501754,-34.946087],[138.50176,-34.946108],[138.501757,-34.946129],[138.501747,-34.946149],[138.501729,-34.946168],[138.501704,-34.94618],[138.501675,-34.946186],[138.501646,-34.946184],[138.50162,-34.946174]]}},{"type":"Feature","properties":{"tier":"high"},"geometry":{"type":"LineString","coordinates":[[138.547933,-34.9686],[138.547679,-34.968766],[138.547511,-34.968801]]}},{"type":"Feature","properties":{"tier":"regional"},"geometry":{"type":"LineString","coordinates":[[138.514048,-34.975755],[138.514065,-34.97564],[138.514134,-34.975174],[138.514328,-34.973866],[138.514334,-34.973825],[138.514349,-34.973679]]}},{"type":"Feature","properties":{"tier":"regional"},"geometry":{"type":"LineString","coordinates":[[138.514051,-34.97654],[138.514135,-34.976535]]}},{"type":"Feature","properties":{"tier":"regional"},"geometry":{"type":"LineString","coordinates":[[138.514102,-34.976577],[138.514051,-34.97654]]}},{"type":"Feature","properties":{"tier":"regional"},"geometry":{"type":"LineString","coordinates":[[138.514102,-34.976577],[138.514022,-34.976635],[138.513892,-34.976679],[138.513732,-34.976696]]}},{"type":"Feature","properties":{"tier":"regional"},"geometry":{"type":"LineString","coordinates":[[138.514135,-34.976535],[138.514162,-34.976533],[138.51451,-34.976512],[138.514537,-34.97651],[138.515538,-34.976448],[138.515608,-34.976443],[138.516434,-34.976392],[138.516513,-34.976387]]}},{"type":"Feature","properties":{"tier":"arterial"},"geometry":{"type":"LineString","coordinates":[[138.518178,-34.950036],[138.518232,-34.950692]]}},{"type":"Feature","properties":{"tier":"regional"},"geometry":{"type":"LineString","coordinates":[[138.517375,-34.94468],[138.517532,-34.944673],[138.517551,-34.944672],[138.517628,-34.944668]]}},{"type":"Feature","properties":{"tier":"arterial"},"geometry":{"type":"LineString","coordinates":[[138.555008,-34.968246],[138.555001,-34.968134]]}},{"type":"Feature","properties":{"tier":"high"},"geometry":{"type":"LineString","coordinates":[[138.555001,-34.968134],[138.55512,-34.968127]]}},{"type":"Feature","properties":{"tier":"high"},"geometry":{"type":"LineString","coordinates":[[138.554785,-34.968146],[138.554913,-34.968139],[138.554947,-34.968137],[138.555001,-34.968134]]}},{"type":"Feature","properties":{"tier":"high"},"geometry":{"type":"LineString","coordinates":[[138.55536,-34.96823],[138.555239,-34.968236],[138.555192,-34.968238],[138.555128,-34.968241]]}},{"type":"Feature","properties":{"tier":"high"},"geometry":{"type":"LineString","coordinates":[[138.554771,-34.968257],[138.553983,-34.968273],[138.553692,-34.968287],[138.553217,-34.968311],[138.553071,-34.968324],[138.553023,-34.968329],[138.552819,-34.968336],[138.552731,-34.968339],[138.5526,-34.968344],[138.552311,-34.968359],[138.550836,-34.968433]]}},{"type":"Feature","properties":{"tier":"arterial"},"geometry":{"type":"LineString","coordinates":[[138.55499,-34.967961],[138.55495,-34.96744],[138.554944,-34.967369],[138.554937,-34.967264]]}},{"type":"Feature","properties":{"tier":"high"},"geometry":{"type":"LineString","coordinates":[[138.555356,-34.968114],[138.555497,-34.968107],[138.55568,-34.968096],[138.556334,-34.968058],[138.556527,-34.968046],[138.557291,-34.968005]]}},{"type":"Feature","properties":{"tier":"regional"},"geometry":{"type":"LineString","coordinates":[[138.523636,-34.986644],[138.523569,-34.986674],[138.523513,-34.986701],[138.523489,-34.986744],[138.523492,-34.986786]]}},{"type":"Feature","properties":{"tier":"arterial"},"geometry":{"type":"LineString","coordinates":[[138.539702,-34.995929],[138.540254,-34.99582],[138.540841,-34.995744],[138.540977,-34.995738]]}},{"type":"Feature","properties":{"tier":"arterial"},"geometry":{"type":"LineString","coordinates":[[138.537724,-34.996251],[138.537803,-34.996248],[138.537958,-34.99624],[138.53834,-34.996223],[138.538589,-34.9962],[138.538759,-34.996173]]}},{"type":"Feature","properties":{"tier":"arterial"},"geometry":{"type":"LineString","coordinates":[[138.530487,-34.996639],[138.530562,-34.996633],[138.531072,-34.996586],[138.531492,-34.996566]]}},{"type":"Feature","properties":{"tier":"arterial"},"geometry":{"type":"LineString","coordinates":[[138.52153,-34.997079],[138.521591,-34.997076],[138.521696,-34.997071]]}},{"type":"Feature","properties":{"tier":"regional"},"geometry":{"type":"LineString","coordinates":[[138.51225,-34.976605],[138.512282,-34.976633]]}},{"type":"Feature","properties":{"tier":"regional"},"geometry":{"type":"LineString","coordinates":[[138.51209,-34.976807],[138.512061,-34.976792]]}},{"type":"Feature","properties":{"tier":"regional"},"geometry":{"type":"LineString","coordinates":[[138.512013,-34.976672],[138.512027,-34.976642],[138.51205,-34.976615],[138.512082,-34.976595],[138.512118,-34.976582]]}},{"type":"Feature","properties":{"tier":"arterial"},"geometry":{"type":"LineString","coordinates":[[138.514192,-34.958835],[138.514207,-34.958893],[138.514292,-34.959107],[138.514374,-34.959267]]}},{"type":"Feature","properties":{"tier":"arterial"},"geometry":{"type":"LineString","coordinates":[[138.514148,-34.958669],[138.514192,-34.958835]]}},{"type":"Feature","properties":{"tier":"arterial"},"geometry":{"type":"LineString","coordinates":[[138.514108,-34.958995],[138.514074,-34.9589],[138.514055,-34.958841]]}},{"type":"Feature","properties":{"tier":"arterial"},"geometry":{"type":"LineString","coordinates":[[138.520263,-34.980173],[138.520315,-34.981334]]}},{"type":"Feature","properties":{"tier":"arterial"},"geometry":{"type":"LineString","coordinates":[[138.553309,-34.942765],[138.553317,-34.94286],[138.553319,-34.942894],[138.553323,-34.942935]]}},{"type":"Feature","properties":{"tier":"arterial"},"geometry":{"type":"LineString","coordinates":[[138.553341,-34.94315],[138.553351,-34.94329]]}},{"type":"Feature","properties":{"tier":"arterial"},"geometry":{"type":"LineString","coordinates":[[138.553606,-34.943003],[138.55342,-34.943006],[138.553388,-34.943006],[138.553329,-34.943007]]}},{"type":"Feature","properties":{"tier":"arterial"},"geometry":{"type":"LineString","coordinates":[[138.553523,-34.942913],[138.555516,-34.942809],[138.556771,-34.942733],[138.55703,-34.942721],[138.557175,-34.942714],[138.557732,-34.942689],[138.558154,-34.942665]]}},{"type":"Feature","properties":{"tier":"arterial"},"geometry":{"type":"LineString","coordinates":[[138.554442,-34.96001],[138.554437,-34.959853],[138.554435,-34.959819],[138.554428,-34.959746]]}},{"type":"Feature","properties":{"tier":"high"},"geometry":{"type":"LineString","coordinates":[[138.554721,-34.964148],[138.554651,-34.964195],[138.554533,-34.964273]]}},{"type":"Feature","properties":{"tier":"regional"},"geometry":{"type":"LineString","coordinates":[[138.51958,-34.976369],[138.519384,-34.976381],[138.519262,-34.976388]]}},{"type":"Feature","properties":{"tier":"regional"},"geometry":{"type":"LineString","coordinates":[[138.512294,-34.976745],[138.512278,-34.976769],[138.512256,-34.97679],[138.512228,-34.976806]]}},{"type":"Feature","properties":{"tier":"regional"},"geometry":{"type":"LineString","coordinates":[[138.512118,-34.976582],[138.512165,-34.976578],[138.51221,-34.976586],[138.51225,-34.976605]]}},{"type":"Feature","properties":{"tier":"regional"},"geometry":{"type":"LineString","coordinates":[[138.512228,-34.976806],[138.512195,-34.976817],[138.512159,-34.976821],[138.512123,-34.976817],[138.51209,-34.976807]]}},{"type":"Feature","properties":{"tier":"regional"},"geometry":{"type":"LineString","coordinates":[[138.512282,-34.976633],[138.512301,-34.976669],[138.512305,-34.976707],[138.512294,-34.976745]]}},{"type":"Feature","properties":{"tier":"regional"},"geometry":{"type":"LineString","coordinates":[[138.512736,-34.976743],[138.512294,-34.976745]]}},{"type":"Feature","properties":{"tier":"regional"},"geometry":{"type":"LineString","coordinates":[[138.516513,-34.976387],[138.516769,-34.976383],[138.516935,-34.976398],[138.517062,-34.976398],[138.517174,-34.976391],[138.517185,-34.976389],[138.517292,-34.976365]]}},{"type":"Feature","properties":{"tier":"regional"},"geometry":{"type":"LineString","coordinates":[[138.512383,-34.979583],[138.512393,-34.979768]]}},{"type":"Feature","properties":{"tier":"regional"},"geometry":{"type":"LineString","coordinates":[[138.512983,-34.980381],[138.513111,-34.980375]]}},{"type":"Feature","properties":{"tier":"high"},"geometry":{"type":"LineString","coordinates":[[138.538077,-34.974943],[138.537934,-34.975037],[138.537907,-34.975054],[138.537876,-34.975075],[138.537781,-34.975128]]}},{"type":"Feature","properties":{"tier":"regional"},"geometry":{"type":"LineString","coordinates":[[138.537736,-34.974681],[138.53775,-34.974815],[138.537754,-34.97486],[138.537762,-34.974937]]}},{"type":"Feature","properties":{"tier":"arterial"},"geometry":{"type":"LineString","coordinates":[[138.530343,-34.99643],[138.530405,-34.99652],[138.530408,-34.996525],[138.530429,-34.996555],[138.530487,-34.996639]]}},{"type":"Feature","properties":{"tier":"arterial"},"geometry":{"type":"LineString","coordinates":[[138.523492,-34.986786],[138.523617,-34.986968],[138.523767,-34.987182],[138.523939,-34.987437]]}},{"type":"Feature","properties":{"tier":"arterial"},"geometry":{"type":"LineString","coordinates":[[138.520602,-34.985005],[138.520711,-34.985],[138.520724,-34.985]]}},{"type":"Feature","properties":{"tier":"arterial"},"geometry":{"type":"LineString","coordinates":[[138.520408,-34.982639],[138.520473,-34.983433],[138.520494,-34.983687],[138.520503,-34.983803],[138.520508,-34.983862]]}},{"type":"Feature","properties":{"tier":"arterial"},"geometry":{"type":"LineString","coordinates":[[138.520299,-34.982646],[138.520264,-34.982007],[138.520231,-34.981583],[138.520216,-34.981338]]}},{"type":"Feature","properties":{"tier":"arterial"},"geometry":{"type":"LineString","coordinates":[[138.520259,-34.98011],[138.520263,-34.980173]]}},{"type":"Feature","properties":{"tier":"arterial"},"geometry":{"type":"LineString","coordinates":[[138.517575,-34.972829],[138.517426,-34.972608],[138.517318,-34.972405],[138.517221,-34.972166],[138.517164,-34.971947],[138.517129,-34.971771],[138.517111,-34.971592],[138.517059,-34.970861],[138.517051,-34.970745],[138.517021,-34.970295],[138.516987,-34.969852],[138.516956,-34.969375],[138.516927,-34.969035],[138.516922,-34.968944]]}},{"type":"Feature","properties":{"tier":"arterial"},"geometry":{"type":"LineString","coordinates":[[138.517668,-34.972779],[138.51778,-34.972912],[138.517901,-34.973054]]}},{"type":"Feature","properties":{"tier":"regional"},"geometry":{"type":"LineString","coordinates":[[138.517726,-34.980142],[138.517634,-34.980147],[138.517603,-34.980149],[138.517259,-34.980166],[138.516819,-34.980188],[138.5159,-34.980234],[138.515439,-34.980258],[138.515359,-34.980261],[138.514908,-34.980284],[138.514347,-34.980312],[138.513902,-34.980335],[138.513858,-34.980337],[138.513111,-34.980375]]}},{"type":"Feature","properties":{"tier":"regional"},"geometry":{"type":"LineString","coordinates":[[138.517421,-34.962807],[138.517308,-34.962802],[138.5172,-34.962792]]}},{"type":"Feature","properties":{"tier":"arterial"},"geometry":{"type":"LineString","coordinates":[[138.517406,-34.962711],[138.517886,-34.962717]]}},{"type":"Feature","properties":{"tier":"arterial"},"geometry":{"type":"LineString","coordinates":[[138.553472,-34.945016],[138.553494,-34.945318]]}},{"type":"Feature","properties":{"tier":"regional"},"geometry":{"type":"LineString","coordinates":[[138.508891,-34.94517],[138.508688,-34.945181],[138.506919,-34.945276],[138.505213,-34.945364]]}},{"type":"Feature","properties":{"tier":"regional"},"geometry":{"type":"LineString","coordinates":[[138.513738,-34.944855],[138.513356,-34.944915],[138.513135,-34.944933],[138.512848,-34.944966],[138.512648,-34.944988],[138.512274,-34.945008],[138.512111,-34.945016],[138.5111,-34.945064],[138.509103,-34.94516],[138.508891,-34.94517]]}},{"type":"Feature","properties":{"tier":"regional"},"geometry":{"type":"LineString","coordinates":[[138.513738,-34.944855],[138.51424,-34.944833],[138.517011,-34.944699],[138.517093,-34.944694]]}},{"type":"Feature","properties":{"tier":"arterial"},"geometry":{"type":"LineString","coordinates":[[138.501737,-34.937508],[138.501757,-34.93748]]}},{"type":"Feature","properties":{"tier":"arterial"},"geometry":{"type":"LineString","coordinates":[[138.501834,-34.937669],[138.501795,-34.937652]]}},{"type":"Feature","properties":{"tier":"arterial"},"geometry":{"type":"LineString","coordinates":[[138.501953,-34.937641],[138.501925,-34.937663],[138.501877,-34.937676],[138.501834,-34.937669]]}},{"type":"Feature","properties":{"tier":"arterial"},"geometry":{"type":"LineString","coordinates":[[138.501972,-34.937607],[138.501953,-34.937641]]}},{"type":"Feature","properties":{"tier":"arterial"},"geometry":{"type":"LineString","coordinates":[[138.501937,-34.93748],[138.50196,-34.937504],[138.501976,-34.937542],[138.501979,-34.937568],[138.501972,-34.937607]]}},{"type":"Feature","properties":{"tier":"regional"},"geometry":{"type":"LineString","coordinates":[[138.502995,-34.941253],[138.503127,-34.941611],[138.503219,-34.941886],[138.503339,-34.942204],[138.503537,-34.942743],[138.503594,-34.942894],[138.503685,-34.94313],[138.503851,-34.943583],[138.504162,-34.94443],[138.504277,-34.944741],[138.504358,-34.94496],[138.504458,-34.94523],[138.504476,-34.945276]]}},{"type":"Feature","properties":{"tier":"regional"},"geometry":{"type":"LineString","coordinates":[[138.504623,-34.94532],[138.504644,-34.945352],[138.504652,-34.945388],[138.504646,-34.945424]]}},{"type":"Feature","properties":{"tier":"regional"},"geometry":{"type":"LineString","coordinates":[[138.504646,-34.945424],[138.504624,-34.945459],[138.50459,-34.945487],[138.504547,-34.945503]]}},{"type":"Feature","properties":{"tier":"regional"},"geometry":{"type":"LineString","coordinates":[[138.511982,-34.964101],[138.511931,-34.963979],[138.511919,-34.963874],[138.511923,-34.963554],[138.511949,-34.963309],[138.512001,-34.963127],[138.512116,-34.962833],[138.512361,-34.962251],[138.51244,-34.96203],[138.512493,-34.961808],[138.512524,-34.961601],[138.512509,-34.961274],[138.512436,-34.960908],[138.512307,-34.960536],[138.512128,-34.960116]]}},{"type":"Feature","properties":{"tier":"regional"},"geometry":{"type":"LineString","coordinates":[[138.537275,-34.960572],[138.536752,-34.960595],[138.536737,-34.960596],[138.536702,-34.960597]]}},{"type":"Feature","properties":{"tier":"regional"},"geometry":{"type":"LineString","coordinates":[[138.536702,-34.960597],[138.53671,-34.960758]]}},{"type":"Feature","properties":{"tier":"regional"},"geometry":{"type":"LineString","coordinates":[[138.536883,-34.963762],[138.536814,-34.962881],[138.536792,-34.962594],[138.53673,-34.961812]]}},{"type":"Feature","properties":{"tier":"regional"},"geometry":{"type":"LineString","coordinates":[[138.517308,-34.976521],[138.517285,-34.976485],[138.517274,-34.976445],[138.517277,-34.976404],[138.517292,-34.976365]]}},{"type":"Feature","properties":{"tier":"regional"},"geometry":{"type":"LineString","coordinates":[[138.517462,-34.976587],[138.517403,-34.976579],[138.517349,-34.976557],[138.517308,-34.976521]]}},{"type":"Feature","properties":{"tier":"regional"},"geometry":{"type":"LineString","coordinates":[[138.517635,-34.976495],[138.517606,-34.976532],[138.517565,-34.976562],[138.517516,-34.976581],[138.517462,-34.976587]]}},{"type":"Feature","properties":{"tier":"regional"},"geometry":{"type":"LineString","coordinates":[[138.517618,-34.976346],[138.517644,-34.976393],[138.51765,-34.976444],[138.517635,-34.976495]]}},{"type":"Feature","properties":{"tier":"regional"},"geometry":{"type":"LineString","coordinates":[[138.517453,-34.976278],[138.517516,-34.976285],[138.517573,-34.976308],[138.517618,-34.976346]]}},{"type":"Feature","properties":{"tier":"regional"},"geometry":{"type":"LineString","coordinates":[[138.547941,-34.960057],[138.547777,-34.960066],[138.547507,-34.960078],[138.547054,-34.960099],[138.546865,-34.960108],[138.545642,-34.960165]]}},{"type":"Feature","properties":{"tier":"regional"},"geometry":{"type":"LineString","coordinates":[[138.513452,-34.98529],[138.513479,-34.985291],[138.513504,-34.985299],[138.513526,-34.985313],[138.513542,-34.985331],[138.513551,-34.985352]]}},{"type":"Feature","properties":{"tier":"regional"},"geometry":{"type":"LineString","coordinates":[[138.538843,-34.981319],[138.538297,-34.981342],[138.538174,-34.981348]]}},{"type":"Feature","properties":{"tier":"regional"},"geometry":{"type":"LineString","coordinates":[[138.56252,-34.948689],[138.562252,-34.948703]]}},{"type":"Feature","properties":{"tier":"regional"},"geometry":{"type":"LineString","coordinates":[[138.554575,-34.949084],[138.553861,-34.949121],[138.553829,-34.949123],[138.553763,-34.949125]]}},{"type":"Feature","properties":{"tier":"regional"},"geometry":{"type":"LineString","coordinates":[[138.511833,-34.969387],[138.511826,-34.969538]]}},{"type":"Feature","properties":{"tier":"regional"},"geometry":{"type":"LineString","coordinates":[[138.511839,-34.969077],[138.511833,-34.969211]]}},{"type":"Feature","properties":{"tier":"regional"},"geometry":{"type":"LineString","coordinates":[[138.51239,-34.966526],[138.51243,-34.966672],[138.512466,-34.966807]]}},{"type":"Feature","properties":{"tier":"regional"},"geometry":{"type":"LineString","coordinates":[[138.512481,-34.966957],[138.512471,-34.967153]]}},{"type":"Feature","properties":{"tier":"regional"},"geometry":{"type":"LineString","coordinates":[[138.512711,-34.971713],[138.512771,-34.971706]]}},{"type":"Feature","properties":{"tier":"regional"},"geometry":{"type":"LineString","coordinates":[[138.514263,-34.972289],[138.514244,-34.972091]]}},{"type":"Feature","properties":{"tier":"regional"},"geometry":{"type":"LineString","coordinates":[[138.514619,-34.976654],[138.514603,-34.976655],[138.514578,-34.976656],[138.514237,-34.976672],[138.514227,-34.976672],[138.51407,-34.97668],[138.513947,-34.976686]]}},{"type":"Feature","properties":{"tier":"regional"},"geometry":{"type":"LineString","coordinates":[[138.513111,-34.980375],[138.513112,-34.980388],[138.513114,-34.980424],[138.513124,-34.98058]]}},{"type":"Feature","properties":{"tier":"regional"},"geometry":{"type":"LineString","coordinates":[[138.513948,-34.99092],[138.513963,-34.991128],[138.513959,-34.991142],[138.513951,-34.991168],[138.513916,-34.991206],[138.513791,-34.991279]]}},{"type":"Feature","properties":{"tier":"regional"},"geometry":{"type":"LineString","coordinates":[[138.513924,-34.990574],[138.513948,-34.99092]]}},{"type":"Feature","properties":{"tier":"regional"},"geometry":{"type":"LineString","coordinates":[[138.51376,-34.988388],[138.513772,-34.98843],[138.513775,-34.988442],[138.513782,-34.988552]]}},{"type":"Feature","properties":{"tier":"regional"},"geometry":{"type":"LineString","coordinates":[[138.534224,-34.939199],[138.534233,-34.939129],[138.534232,-34.939088],[138.534239,-34.939039],[138.534235,-34.938984]]}},{"type":"Feature","properties":{"tier":"regional"},"geometry":{"type":"LineString","coordinates":[[138.534361,-34.938961],[138.534363,-34.939007],[138.534371,-34.939046],[138.53441,-34.939168]]}},{"type":"Feature","properties":{"tier":"arterial"},"geometry":{"type":"LineString","coordinates":[[138.55502,-34.966715],[138.555025,-34.966769]]}},{"type":"Feature","properties":{"tier":"arterial"},"geometry":{"type":"LineString","coordinates":[[138.554865,-34.966276],[138.554848,-34.966036]]}},{"type":"Feature","properties":{"tier":"arterial"},"geometry":{"type":"LineString","coordinates":[[138.553494,-34.945318],[138.553513,-34.945596]]}},{"type":"Feature","properties":{"tier":"arterial"},"geometry":{"type":"LineString","coordinates":[[138.553391,-34.945603],[138.55335,-34.945059]]}},{"type":"Feature","properties":{"tier":"regional"},"geometry":{"type":"LineString","coordinates":[[138.512341,-34.979147],[138.512353,-34.979271]]}},{"type":"Feature","properties":{"tier":"regional"},"geometry":{"type":"LineString","coordinates":[[138.512341,-34.979147],[138.512313,-34.978898]]}},{"type":"Feature","properties":{"tier":"regional"},"geometry":{"type":"LineString","coordinates":[[138.512128,-34.960116],[138.512016,-34.959854]]}},{"type":"Feature","properties":{"tier":"arterial"},"geometry":{"type":"LineString","coordinates":[[138.521073,-34.992978],[138.521043,-34.992563],[138.521037,-34.992496],[138.52096,-34.9916]]}},{"type":"Feature","properties":{"tier":"arterial"},"geometry":{"type":"LineString","coordinates":[[138.521093,-34.991592],[138.521178,-34.992556],[138.521204,-34.992921]]}},{"type":"Feature","properties":{"tier":"arterial"},"geometry":{"type":"LineString","coordinates":[[138.520679,-34.986077],[138.520719,-34.986674]]}},{"type":"Feature","properties":{"tier":"arterial"},"geometry":{"type":"LineString","coordinates":[[138.520614,-34.986674],[138.520568,-34.986042]]}},{"type":"Feature","properties":{"tier":"arterial"},"geometry":{"type":"LineString","coordinates":[[138.554577,-34.960067],[138.554588,-34.960339],[138.554603,-34.960533],[138.554609,-34.960615]]}},{"type":"Feature","properties":{"tier":"arterial"},"geometry":{"type":"LineString","coordinates":[[138.554495,-34.960813],[138.554482,-34.960612]]}},{"type":"Feature","properties":{"tier":"high"},"geometry":{"type":"LineString","coordinates":[[138.554533,-34.964273],[138.553926,-34.964666],[138.553596,-34.96488],[138.553448,-34.964975],[138.55294,-34.965297]]}},{"type":"Feature","properties":{"tier":"high"},"geometry":{"type":"LineString","coordinates":[[138.551855,-34.965809],[138.552333,-34.965494],[138.55273,-34.965237],[138.553024,-34.965044],[138.553214,-34.96492],[138.55345,-34.964765],[138.553737,-34.964584],[138.554041,-34.964391]]}},{"type":"Feature","properties":{"tier":"high"},"geometry":{"type":"LineString","coordinates":[[138.548859,-34.967934],[138.548632,-34.968083],[138.548507,-34.968164]]}},{"type":"Feature","properties":{"tier":"high"},"geometry":{"type":"LineString","coordinates":[[138.55294,-34.965297],[138.552801,-34.965384],[138.55244,-34.965613],[138.552022,-34.965893]]}},{"type":"Feature","properties":{"tier":"high"},"geometry":{"type":"LineString","coordinates":[[138.534934,-34.975627],[138.533955,-34.975675],[138.533838,-34.975681],[138.533504,-34.975698],[138.533333,-34.975706],[138.533247,-34.97571]]}},{"type":"Feature","properties":{"tier":"regional"},"geometry":{"type":"LineString","coordinates":[[138.537562,-34.973164],[138.53756,-34.973141],[138.537555,-34.973092],[138.53755,-34.973002],[138.537532,-34.972786],[138.53753,-34.97276],[138.537523,-34.97266],[138.537522,-34.972651],[138.537506,-34.972552],[138.537425,-34.971459],[138.53736,-34.970592],[138.537307,-34.96976],[138.537296,-34.969579],[138.537265,-34.969286]]}},{"type":"Feature","properties":{"tier":"regional"},"geometry":{"type":"LineString","coordinates":[[138.537365,-34.968712],[138.537354,-34.968745],[138.537329,-34.968773],[138.537313,-34.96878],[138.537292,-34.968789],[138.53725,-34.968793],[138.53721,-34.968783],[138.53718,-34.968762],[138.53716,-34.968734],[138.537156,-34.968701],[138.537166,-34.96867],[138.53719,-34.968643],[138.537224,-34.968627],[138.537264,-34.968622],[138.537303,-34.968629],[138.537326,-34.968643],[138.537337,-34.968649],[138.537359,-34.968678],[138.537365,-34.968712]]}},{"type":"Feature","properties":{"tier":"regional"},"geometry":{"type":"LineString","coordinates":[[138.537232,-34.969162],[138.537229,-34.969103],[138.537227,-34.96905],[138.537218,-34.968835],[138.53718,-34.968762]]}},{"type":"Feature","properties":{"tier":"regional"},"geometry":{"type":"LineString","coordinates":[[138.537178,-34.967937],[138.537232,-34.968138],[138.537266,-34.968506]]}},{"type":"Feature","properties":{"tier":"regional"},"geometry":{"type":"LineString","coordinates":[[138.537899,-34.968644],[138.5378,-34.968656],[138.537615,-34.968674],[138.537506,-34.968692],[138.537427,-34.968705],[138.537354,-34.968745]]}},{"type":"Feature","properties":{"tier":"regional"},"geometry":{"type":"LineString","coordinates":[[138.53719,-34.968643],[138.537188,-34.968535],[138.537187,-34.968443],[138.537175,-34.96827]]}},{"type":"Feature","properties":{"tier":"regional"},"geometry":{"type":"LineString","coordinates":[[138.537313,-34.96878],[138.537288,-34.96886],[138.537296,-34.969047],[138.537301,-34.96916]]}},{"type":"Feature","properties":{"tier":"regional"},"geometry":{"type":"LineString","coordinates":[[138.537265,-34.969286],[138.537232,-34.969162]]}},{"type":"Feature","properties":{"tier":"regional"},"geometry":{"type":"LineString","coordinates":[[138.537301,-34.96916],[138.537265,-34.969286]]}},{"type":"Feature","properties":{"tier":"regional"},"geometry":{"type":"LineString","coordinates":[[138.537326,-34.968643],[138.537501,-34.96863],[138.537552,-34.968626],[138.537735,-34.968626],[138.537899,-34.968644]]}},{"type":"Feature","properties":{"tier":"regional"},"geometry":{"type":"LineString","coordinates":[[138.537266,-34.968506],[138.537269,-34.968533],[138.537303,-34.968629]]}},{"type":"Feature","properties":{"tier":"regional"},"geometry":{"type":"LineString","coordinates":[[138.537175,-34.96827],[138.53716,-34.968038],[138.537178,-34.967937]]}},{"type":"Feature","properties":{"tier":"regional"},"geometry":{"type":"LineString","coordinates":[[138.537021,-34.965661],[138.536982,-34.965182],[138.536943,-34.96463],[138.53692,-34.964316],[138.536883,-34.963762]]}},{"type":"Feature","properties":{"tier":"arterial"},"geometry":{"type":"LineString","coordinates":[[138.521136,-34.985181],[138.521869,-34.985507],[138.52196,-34.985547],[138.522033,-34.985579]]}},{"type":"Feature","properties":{"tier":"arterial"},"geometry":{"type":"LineString","coordinates":[[138.520568,-34.986042],[138.520536,-34.985595]]}},{"type":"Feature","properties":{"tier":"regional"},"geometry":{"type":"LineString","coordinates":[[138.516988,-34.997081],[138.51698,-34.996979],[138.516979,-34.996962],[138.516975,-34.99691]]}},{"type":"Feature","properties":{"tier":"arterial"},"geometry":{"type":"LineString","coordinates":[[138.542831,-34.995749],[138.542265,-34.995768],[138.542161,-34.995773],[138.541042,-34.995843],[138.540982,-34.995847]]}},{"type":"Feature","properties":{"tier":"arterial"},"geometry":{"type":"LineString","coordinates":[[138.540635,-34.995871],[138.54036,-34.995913],[138.540083,-34.995962],[138.539897,-34.996],[138.539757,-34.996039]]}},{"type":"Feature","properties":{"tier":"arterial"},"geometry":{"type":"LineString","coordinates":[[138.523293,-34.986722],[138.523173,-34.986562],[138.523147,-34.986527],[138.523045,-34.986387]]}},{"type":"Feature","properties":{"tier":"arterial"},"geometry":{"type":"LineString","coordinates":[[138.53469,-34.939127],[138.534642,-34.93919],[138.534602,-34.939256],[138.534566,-34.939326]]}}]}
