{"type":"FeatureCollection","features":[{"type":"Feature","properties":{"tier":"arterial"},"geometry":{"type":"LineString","coordinates":[[138.746616,-34.573104],[138.746593,-34.573462],[138.746563,-34.573741],[138.746509,-34.573874]]}},{"type":"Feature","properties":{"tier":"arterial"},"geometry":{"type":"LineString","coordinates":[[138.749116,-34.597309],[138.749138,-34.597817]]}},{"type":"Feature","properties":{"tier":"high"},"geometry":{"type":"LineString","coordinates":[[138.728046,-34.617401],[138.727939,-34.617445],[138.727859,-34.617525]]}},{"type":"Feature","properties":{"tier":"regional"},"geometry":{"type":"LineString","coordinates":[[138.727992,-34.617023],[138.72798,-34.617198],[138.727984,-34.61724],[138.727999,-34.617281],[138.728018,-34.617308],[138.728048,-34.617332],[138.728087,-34.617352],[138.728539,-34.617428]]}},{"type":"Feature","properties":{"tier":"regional"},"geometry":{"type":"LineString","coordinates":[[138.72849,-34.617524],[138.728432,-34.617473],[138.728046,-34.617401]]}},{"type":"Feature","properties":{"tier":"arterial"},"geometry":{"type":"LineString","coordinates":[[138.724041,-34.604651],[138.724677,-34.60487]]}},{"type":"Feature","properties":{"tier":"arterial"},"geometry":{"type":"LineString","coordinates":[[138.723589,-34.604517],[138.724041,-34.604651]]}},{"type":"Feature","properties":{"tier":"arterial"},"geometry":{"type":"LineString","coordinates":[[138.723554,-34.604579],[138.723589,-34.604517]]}},{"type":"Feature","properties":{"tier":"arterial"},"geometry":{"type":"LineString","coordinates":[[138.723113,-34.604377],[138.723379,-34.604397],[138.723526,-34.604361],[138.723599,-34.604338],[138.723661,-34.604303],[138.723886,-34.604108]]}},{"type":"Feature","properties":{"tier":"arterial"},"geometry":{"type":"LineString","coordinates":[[138.723886,-34.604108],[138.723836,-34.60433],[138.723908,-34.60452],[138.724041,-34.604651]]}},{"type":"Feature","properties":{"tier":"arterial"},"geometry":{"type":"LineString","coordinates":[[138.734277,-34.607762],[138.732207,-34.607823],[138.731814,-34.607844],[138.731579,-34.607878],[138.731326,-34.607951],[138.731096,-34.608023],[138.730614,-34.608185],[138.730451,-34.608244]]}},{"type":"Feature","properties":{"tier":"arterial"},"geometry":{"type":"LineString","coordinates":[[138.737482,-34.607483],[138.73751,-34.607547],[138.737498,-34.607584],[138.737466,-34.607623],[138.737449,-34.607648],[138.737403,-34.607676],[138.737363,-34.607692],[138.737302,-34.607699]]}},{"type":"Feature","properties":{"tier":"arterial"},"geometry":{"type":"LineString","coordinates":[[138.740086,-34.606947],[138.740206,-34.606942],[138.74029,-34.606926],[138.740377,-34.606883],[138.740461,-34.606842]]}},{"type":"Feature","properties":{"tier":"arterial"},"geometry":{"type":"LineString","coordinates":[[138.739383,-34.605481],[138.739451,-34.605463],[138.739526,-34.60545],[138.739599,-34.605446]]}},{"type":"Feature","properties":{"tier":"arterial"},"geometry":{"type":"LineString","coordinates":[[138.737698,-34.583053],[138.737703,-34.583014],[138.73772,-34.582974],[138.737745,-34.582942],[138.737789,-34.582906],[138.737817,-34.582894],[138.737845,-34.582885],[138.737886,-34.582875],[138.737932,-34.58287],[138.737984,-34.582871],[138.738041,-34.582881],[138.7381,-34.582904]]}},{"type":"Feature","properties":{"tier":"arterial"},"geometry":{"type":"LineString","coordinates":[[138.737845,-34.582885],[138.737868,-34.582843],[138.73788,-34.582804],[138.737895,-34.582738],[138.737898,-34.582676],[138.737905,-34.582574]]}},{"type":"Feature","properties":{"tier":"arterial"},"geometry":{"type":"LineString","coordinates":[[138.739816,-34.584478],[138.740383,-34.584967],[138.740629,-34.585179],[138.740699,-34.585249],[138.740747,-34.585305],[138.740803,-34.585401],[138.740846,-34.585475],[138.740922,-34.585649],[138.741073,-34.585996],[138.741152,-34.586169],[138.741196,-34.586266],[138.741243,-34.586356],[138.741298,-34.586456],[138.74136,-34.58655],[138.741447,-34.586673],[138.741569,-34.586824],[138.74171,-34.586985],[138.741873,-34.587152],[138.742046,-34.587315],[138.742223,-34.58748],[138.742365,-34.587597],[138.742447,-34.587666],[138.74264,-34.587827]]}},{"type":"Feature","properties":{"tier":"arterial"},"geometry":{"type":"LineString","coordinates":[[138.749186,-34.602803],[138.749125,-34.602861],[138.749009,-34.602943]]}},{"type":"Feature","properties":{"tier":"regional"},"geometry":{"type":"LineString","coordinates":[[138.737274,-34.62502],[138.737023,-34.624871],[138.736948,-34.624826]]}},{"type":"Feature","properties":{"tier":"regional"},"geometry":{"type":"LineString","coordinates":[[138.74964,-34.607017],[138.749138,-34.607614],[138.748718,-34.608086],[138.748646,-34.608176],[138.748623,-34.608204],[138.748523,-34.608368]]}},{"type":"Feature","properties":{"tier":"regional"},"geometry":{"type":"LineString","coordinates":[[138.748099,-34.609198],[138.748188,-34.609225],[138.748747,-34.609398],[138.748806,-34.609404],[138.748842,-34.609397],[138.748864,-34.609392],[138.748949,-34.609374]]}},{"type":"Feature","properties":{"tier":"arterial"},"geometry":{"type":"LineString","coordinates":[[138.744722,-34.606319],[138.744729,-34.606295],[138.744744,-34.606274],[138.744767,-34.606258]]}},{"type":"Feature","properties":{"tier":"regional"},"geometry":{"type":"LineString","coordinates":[[138.747957,-34.609157],[138.747887,-34.609135],[138.747198,-34.608919],[138.74651,-34.608703],[138.746369,-34.608659],[138.745707,-34.608452],[138.7456,-34.608418],[138.745029,-34.608239],[138.744951,-34.608215]]}},{"type":"Feature","properties":{"tier":"regional"},"geometry":{"type":"LineString","coordinates":[[138.743144,-34.608275],[138.743007,-34.608291],[138.742883,-34.608306],[138.742724,-34.60833],[138.742368,-34.608344],[138.741382,-34.608377],[138.741097,-34.608385],[138.740955,-34.60839],[138.740855,-34.608393],[138.740819,-34.608396],[138.74062,-34.60841],[138.740544,-34.608415]]}},{"type":"Feature","properties":{"tier":"regional"},"geometry":{"type":"LineString","coordinates":[[138.740545,-34.608303],[138.740629,-34.6083],[138.740849,-34.608294],[138.740943,-34.608291],[138.741379,-34.608279],[138.742364,-34.608247],[138.742757,-34.608233],[138.743006,-34.60823],[138.743127,-34.608205]]}},{"type":"Feature","properties":{"tier":"arterial"},"geometry":{"type":"LineString","coordinates":[[138.749236,-34.60013],[138.749348,-34.600156],[138.749764,-34.600259],[138.749925,-34.600299]]}},{"type":"Feature","properties":{"tier":"regional"},"geometry":{"type":"LineString","coordinates":[[138.730659,-34.62317],[138.730493,-34.623379],[138.730472,-34.623423],[138.730464,-34.623476],[138.730457,-34.623539]]}},{"type":"Feature","properties":{"tier":"regional"},"geometry":{"type":"LineString","coordinates":[[138.745636,-34.592153],[138.745454,-34.592465],[138.745216,-34.592781],[138.745011,-34.592996],[138.74487,-34.59313],[138.744525,-34.593418],[138.743238,-34.594536],[138.743089,-34.594663],[138.743074,-34.594697],[138.743072,-34.594703],[138.743033,-34.594793]]}},{"type":"Feature","properties":{"tier":"regional"},"geometry":{"type":"LineString","coordinates":[[138.743033,-34.594793],[138.742985,-34.59488]]}},{"type":"Feature","properties":{"tier":"regional"},"geometry":{"type":"LineString","coordinates":[[138.740136,-34.59791],[138.740164,-34.597942],[138.740212,-34.597982],[138.740255,-34.597999],[138.740296,-34.598014],[138.740403,-34.598036],[138.740963,-34.598167],[138.741041,-34.598197],[138.741129,-34.598222],[138.74125,-34.598261],[138.741335,-34.598293],[138.741414,-34.598339]]}},{"type":"Feature","properties":{"tier":"regional"},"geometry":{"type":"LineString","coordinates":[[138.743932,-34.599574],[138.744337,-34.599786],[138.74447,-34.599856],[138.744538,-34.599903],[138.744575,-34.599931],[138.744615,-34.599971],[138.744651,-34.600007],[138.744688,-34.600049],[138.744722,-34.600099],[138.744753,-34.600158],[138.744785,-34.600231],[138.744821,-34.600324],[138.744844,-34.600401],[138.744836,-34.600578],[138.744841,-34.60064],[138.744857,-34.600696],[138.744923,-34.600744]]}},{"type":"Feature","properties":{"tier":"regional"},"geometry":{"type":"LineString","coordinates":[[138.744037,-34.600862],[138.743984,-34.600809],[138.743903,-34.600794],[138.743843,-34.600806],[138.743789,-34.600834],[138.74337,-34.60118],[138.743195,-34.601389],[138.743056,-34.601632]]}},{"type":"Feature","properties":{"tier":"arterial"},"geometry":{"type":"LineString","coordinates":[[138.723554,-34.604579],[138.722872,-34.604407]]}},{"type":"Feature","properties":{"tier":"arterial"},"geometry":{"type":"LineString","coordinates":[[138.721395,-34.604087],[138.721797,-34.604123],[138.722137,-34.604179],[138.722526,-34.604252]]}},{"type":"Feature","properties":{"tier":"arterial"},"geometry":{"type":"LineString","coordinates":[[138.71285,-34.606205],[138.711773,-34.606534],[138.708189,-34.607638],[138.704628,-34.608734],[138.703117,-34.60924]]}},{"type":"Feature","properties":{"tier":"regional"},"geometry":{"type":"LineString","coordinates":[[138.747904,-34.584401],[138.747912,-34.58436],[138.747937,-34.584327],[138.747965,-34.584308],[138.748003,-34.584299]]}},{"type":"Feature","properties":{"tier":"regional"},"geometry":{"type":"LineString","coordinates":[[138.737781,-34.622017],[138.73754,-34.62201],[138.736527,-34.62198],[138.736004,-34.621965],[138.735251,-34.621943],[138.734739,-34.621928]]}},{"type":"Feature","properties":{"tier":"regional"},"geometry":{"type":"LineString","coordinates":[[138.738916,-34.619928],[138.738791,-34.619815],[138.738722,-34.619673],[138.738678,-34.619304],[138.738666,-34.619216],[138.73856,-34.618437],[138.738539,-34.618306],[138.738514,-34.61824],[138.738476,-34.618187],[138.738425,-34.618158],[138.738371,-34.618141],[138.738275,-34.618121],[138.737959,-34.61815],[138.736812,-34.618255],[138.736482,-34.618285],[138.736336,-34.618242],[138.736296,-34.61816],[138.736272,-34.618016],[138.736125,-34.616886],[138.73611,-34.616778],[138.736132,-34.616692],[138.736247,-34.616554],[138.73677,-34.615936],[138.736887,-34.615821],[138.737043,-34.615774],[138.737902,-34.615693],[138.737949,-34.615686],[138.737994,-34.615674],[138.738026,-34.615662],[138.738049,-34.615649],[138.738073,-34.61563],[138.738095,-34.615604],[138.738112,-34.615578],[138.738124,-34.615551],[138.738131,-34.615525],[138.738132,-34.615472],[138.738119,-34.615378]]}},{"type":"Feature","properties":{"tier":"arterial"},"geometry":{"type":"LineString","coordinates":[[138.737482,-34.607483],[138.738565,-34.606418],[138.738625,-34.60636],[138.73922,-34.605614],[138.739271,-34.605558],[138.739316,-34.605516],[138.739383,-34.605481]]}},{"type":"Feature","properties":{"tier":"arterial"},"geometry":{"type":"LineString","coordinates":[[138.74621,-34.575531],[138.746057,-34.576354],[138.746003,-34.576629],[138.745978,-34.576867]]}},{"type":"Feature","properties":{"tier":"arterial"},"geometry":{"type":"LineString","coordinates":[[138.74904,-34.609535],[138.74935,-34.60979],[138.749932,-34.610329],[138.75002,-34.610389]]}},{"type":"Feature","properties":{"tier":"arterial"},"geometry":{"type":"LineString","coordinates":[[138.723912,-34.623362],[138.723898,-34.623287],[138.723839,-34.622967]]}},{"type":"Feature","properties":{"tier":"arterial"},"geometry":{"type":"LineString","coordinates":[[138.68505,-34.609321],[138.685063,-34.609377],[138.685055,-34.609433],[138.685027,-34.609485],[138.68498,-34.609528],[138.684926,-34.609555],[138.684866,-34.609569],[138.684803,-34.609568],[138.684742,-34.609553],[138.6847,-34.609532],[138.684664,-34.609504],[138.684629,-34.609457],[138.684612,-34.609403],[138.684615,-34.609349],[138.684637,-34.609297]]}},{"type":"Feature","properties":{"tier":"arterial"},"geometry":{"type":"LineString","coordinates":[[138.745369,-34.58384],[138.74512,-34.584629],[138.744882,-34.585384],[138.744694,-34.585978],[138.744607,-34.586197],[138.744536,-34.586345],[138.744445,-34.586485]]}},{"type":"Feature","properties":{"tier":"arterial"},"geometry":{"type":"LineString","coordinates":[[138.748869,-34.593916],[138.748929,-34.593985],[138.748959,-34.594064],[138.748974,-34.594329],[138.748976,-34.594372],[138.748979,-34.594443],[138.748985,-34.594576],[138.74899,-34.594707],[138.748994,-34.594775],[138.748997,-34.594854],[138.749004,-34.595011],[138.749021,-34.595404],[138.749025,-34.595485]]}},{"type":"Feature","properties":{"tier":"regional"},"geometry":{"type":"LineString","coordinates":[[138.749186,-34.602803],[138.749263,-34.602843],[138.749328,-34.602891],[138.749357,-34.602956],[138.749361,-34.602972],[138.749372,-34.603006],[138.74938,-34.603076],[138.749382,-34.603127],[138.749388,-34.603262],[138.749395,-34.603435],[138.749408,-34.603879],[138.749409,-34.603924],[138.749413,-34.604068],[138.749416,-34.60418],[138.749424,-34.604449],[138.74945,-34.60483],[138.749447,-34.605834],[138.749465,-34.605986],[138.749672,-34.606588]]}},{"type":"Feature","properties":{"tier":"arterial"},"geometry":{"type":"LineString","coordinates":[[138.740047,-34.606704],[138.740215,-34.60684],[138.740323,-34.60687],[138.740363,-34.606862],[138.740461,-34.606842]]}},{"type":"Feature","properties":{"tier":"arterial"},"geometry":{"type":"LineString","coordinates":[[138.749333,-34.597063],[138.749699,-34.596897]]}},{"type":"Feature","properties":{"tier":"high"},"geometry":{"type":"LineString","coordinates":[[138.681158,-34.61461],[138.681647,-34.614089]]}},{"type":"Feature","properties":{"tier":"high"},"geometry":{"type":"LineString","coordinates":[[138.679905,-34.616009],[138.680457,-34.615403]]}},{"type":"Feature","properties":{"tier":"high"},"geometry":{"type":"LineString","coordinates":[[138.728689,-34.596907],[138.728538,-34.597105],[138.728058,-34.597829],[138.727768,-34.598208],[138.727363,-34.598668],[138.726963,-34.599066],[138.726657,-34.599346],[138.726394,-34.599564]]}},{"type":"Feature","properties":{"tier":"high"},"geometry":{"type":"LineString","coordinates":[[138.681318,-34.614716],[138.680735,-34.61538]]}},{"type":"Feature","properties":{"tier":"high"},"geometry":{"type":"LineString","coordinates":[[138.723847,-34.610735],[138.723893,-34.610957]]}},{"type":"Feature","properties":{"tier":"regional"},"geometry":{"type":"LineString","coordinates":[[138.730341,-34.623527],[138.730383,-34.623456],[138.730537,-34.623289],[138.730659,-34.62317]]}},{"type":"Feature","properties":{"tier":"regional"},"geometry":{"type":"LineString","coordinates":[[138.730092,-34.623797],[138.730148,-34.623717],[138.730194,-34.623678],[138.73026,-34.623619],[138.730287,-34.623598]]}},{"type":"Feature","properties":{"tier":"regional"},"geometry":{"type":"LineString","coordinates":[[138.730356,-34.62368],[138.730309,-34.623692],[138.730261,-34.623704],[138.730207,-34.623733],[138.730092,-34.623797]]}},{"type":"Feature","properties":{"tier":"regional"},"geometry":{"type":"LineString","coordinates":[[138.730341,-34.623527],[138.730375,-34.623518],[138.730406,-34.623519],[138.730439,-34.623529],[138.730457,-34.623539]]}},{"type":"Feature","properties":{"tier":"high"},"geometry":{"type":"LineString","coordinates":[[138.680735,-34.61538],[138.680165,-34.616011]]}},{"type":"Feature","properties":{"tier":"high"},"geometry":{"type":"LineString","coordinates":[[138.680457,-34.615403],[138.681158,-34.61461]]}},{"type":"Feature","properties":{"tier":"high"},"geometry":{"type":"LineString","coordinates":[[138.68184,-34.614164],[138.681318,-34.614716]]}},{"type":"Feature","properties":{"tier":"high"},"geometry":{"type":"LineString","coordinates":[[138.682536,-34.613141],[138.683405,-34.612289],[138.683845,-34.611892],[138.684155,-34.611634],[138.684526,-34.611317],[138.68496,-34.610963],[138.685443,-34.610601],[138.68585,-34.610324],[138.68656,-34.609839]]}},{"type":"Feature","properties":{"tier":"high"},"geometry":{"type":"LineString","coordinates":[[138.684291,-34.610783],[138.684338,-34.610654],[138.684403,-34.610466],[138.684484,-34.610298],[138.684579,-34.610153],[138.684757,-34.609926],[138.684792,-34.609825],[138.684806,-34.609736],[138.684786,-34.609632],[138.684742,-34.609553]]}},{"type":"Feature","properties":{"tier":"high"},"geometry":{"type":"LineString","coordinates":[[138.688145,-34.610375],[138.687871,-34.610308],[138.687707,-34.610298],[138.687503,-34.610317],[138.68724,-34.610373],[138.686934,-34.610445],[138.686685,-34.610518],[138.686473,-34.610588],[138.686226,-34.610676],[138.685926,-34.6108],[138.685529,-34.611007],[138.685185,-34.611211],[138.684847,-34.611431],[138.684134,-34.61193]]}},{"type":"Feature","properties":{"tier":"regional"},"geometry":{"type":"LineString","coordinates":[[138.681392,-34.62502],[138.681634,-34.623289],[138.682205,-34.619125],[138.682553,-34.61668],[138.682684,-34.616013],[138.682739,-34.61582],[138.682974,-34.615203],[138.68342,-34.613873],[138.683662,-34.613259],[138.683919,-34.612818],[138.684166,-34.612553],[138.684745,-34.611988],[138.685067,-34.611687],[138.6854,-34.61144],[138.685743,-34.611255],[138.686001,-34.611184],[138.68629,-34.611131],[138.686601,-34.6111],[138.686929,-34.611114],[138.687234,-34.611136],[138.687497,-34.611158],[138.687696,-34.61114],[138.687841,-34.611087],[138.68798,-34.610999],[138.688087,-34.610888],[138.688189,-34.610628]]}},{"type":"Feature","properties":{"tier":"high"},"geometry":{"type":"LineString","coordinates":[[138.686915,-34.609616],[138.687214,-34.60943],[138.687613,-34.609198],[138.68803,-34.60895],[138.688444,-34.608737],[138.688988,-34.60846],[138.690355,-34.607818],[138.691651,-34.607293],[138.692983,-34.606841],[138.70088,-34.604448],[138.70133,-34.60431],[138.707525,-34.602416],[138.708263,-34.602219],[138.708943,-34.602067],[138.709802,-34.601904],[138.71073,-34.60178],[138.711446,-34.601714],[138.712261,-34.601669],[138.713029,-34.601658],[138.713395,-34.601664],[138.714137,-34.601697],[138.714742,-34.601744],[138.715716,-34.60182],[138.717379,-34.601948],[138.717992,-34.601993],[138.718676,-34.602009],[138.719219,-34.601993],[138.719761,-34.601956],[138.720408,-34.601879],[138.721005,-34.601783],[138.721562,-34.601664],[138.722066,-34.601534],[138.722657,-34.601351],[138.723066,-34.601209],[138.723674,-34.600961],[138.724233,-34.600697],[138.724571,-34.600522],[138.724972,-34.600292],[138.725312,-34.600079],[138.725658,-34.599842],[138.725893,-34.599669]]}},{"type":"Feature","properties":{"tier":"high"},"geometry":{"type":"LineString","coordinates":[[138.687153,-34.609693],[138.68684,-34.609901]]}},{"type":"Feature","properties":{"tier":"arterial"},"geometry":{"type":"LineString","coordinates":[[138.684664,-34.609504],[138.68453,-34.60945],[138.684153,-34.609377]]}},{"type":"Feature","properties":{"tier":"regional"},"geometry":{"type":"LineString","coordinates":[[138.6884,-34.610412],[138.688298,-34.6105],[138.688189,-34.610628]]}},{"type":"Feature","properties":{"tier":"arterial"},"geometry":{"type":"LineString","coordinates":[[138.687731,-34.610044],[138.687345,-34.609912],[138.686803,-34.609775],[138.686451,-34.609682]]}},{"type":"Feature","properties":{"tier":"high"},"geometry":{"type":"LineString","coordinates":[[138.68684,-34.609901],[138.686221,-34.610325],[138.685845,-34.610575],[138.685078,-34.611127],[138.684526,-34.611577],[138.684134,-34.61193]]}},{"type":"Feature","properties":{"tier":"high"},"geometry":{"type":"LineString","coordinates":[[138.68656,-34.609839],[138.686915,-34.609616]]}},{"type":"Feature","properties":{"tier":"arterial"},"geometry":{"type":"LineString","coordinates":[[138.68505,-34.609321],[138.685196,-34.609364],[138.685456,-34.609473]]}},{"type":"Feature","properties":{"tier":"arterial"},"geometry":{"type":"LineString","coordinates":[[138.684153,-34.609377],[138.683932,-34.609336],[138.683739,-34.609239],[138.683539,-34.609134],[138.683266,-34.609057]]}},{"type":"Feature","properties":{"tier":"high"},"geometry":{"type":"LineString","coordinates":[[138.725893,-34.599669],[138.72646,-34.599214]]}},{"type":"Feature","properties":{"tier":"high"},"geometry":{"type":"LineString","coordinates":[[138.725823,-34.599997],[138.725492,-34.60023],[138.725054,-34.600497],[138.72466,-34.600712],[138.724231,-34.600928],[138.723688,-34.601168],[138.723176,-34.601377],[138.722705,-34.601546],[138.722162,-34.601715],[138.721643,-34.60185],[138.721105,-34.601965],[138.720659,-34.602046],[138.720132,-34.602125],[138.71962,-34.602176],[138.718752,-34.60222],[138.717931,-34.602208],[138.71709,-34.602137],[138.716008,-34.602048],[138.714752,-34.601942],[138.713985,-34.601886],[138.71334,-34.601854],[138.712755,-34.601846],[138.712034,-34.601859],[138.711348,-34.601903],[138.710677,-34.601966],[138.709803,-34.602091],[138.709033,-34.602234],[138.708261,-34.602407],[138.707614,-34.602581],[138.701395,-34.60447],[138.700947,-34.604606],[138.692878,-34.607056],[138.691542,-34.607551],[138.690049,-34.608151],[138.688935,-34.608692],[138.688389,-34.608967],[138.687909,-34.609229],[138.687437,-34.609499],[138.687153,-34.609693]]}},{"type":"Feature","properties":{"tier":"high"},"geometry":{"type":"LineString","coordinates":[[138.726394,-34.599564],[138.725823,-34.599997]]}},{"type":"Feature","properties":{"tier":"high"},"geometry":{"type":"LineString","coordinates":[[138.72638,-34.601855],[138.726115,-34.602491],[138.725573,-34.603827],[138.724821,-34.605829],[138.724313,-34.607321],[138.723982,-34.60835],[138.723896,-34.608757],[138.72384,-34.60903],[138.723803,-34.609344],[138.723785,-34.610009],[138.7238,-34.610321],[138.72383,-34.61062],[138.723847,-34.610735]]}},{"type":"Feature","properties":{"tier":"high"},"geometry":{"type":"LineString","coordinates":[[138.72646,-34.599214],[138.726893,-34.598819],[138.727223,-34.598466],[138.727568,-34.598081],[138.727939,-34.597609],[138.72831,-34.597038],[138.728521,-34.596666],[138.728962,-34.595834],[138.729611,-34.594635],[138.730134,-34.593657],[138.730288,-34.593333],[138.730339,-34.593118]]}},{"type":"Feature","properties":{"tier":"arterial"},"geometry":{"type":"LineString","coordinates":[[138.74698,-34.604198],[138.747071,-34.604355],[138.747094,-34.604395],[138.747131,-34.604459],[138.747144,-34.60448],[138.747181,-34.604563],[138.747206,-34.604632],[138.747279,-34.604828],[138.747437,-34.605253],[138.7476,-34.605693],[138.747691,-34.605938],[138.747826,-34.606302],[138.747909,-34.606525],[138.748035,-34.606865],[138.748171,-34.607231],[138.748347,-34.607706],[138.748474,-34.608058],[138.748531,-34.608145],[138.748577,-34.608173],[138.748623,-34.608204]]}},{"type":"Feature","properties":{"tier":"arterial"},"geometry":{"type":"LineString","coordinates":[[138.743506,-34.607872],[138.744286,-34.606965]]}},{"type":"Feature","properties":{"tier":"arterial"},"geometry":{"type":"LineString","coordinates":[[138.746829,-34.604021],[138.746872,-34.604061],[138.746886,-34.604077],[138.746907,-34.604101],[138.74698,-34.604198]]}},{"type":"Feature","properties":{"tier":"regional"},"geometry":{"type":"LineString","coordinates":[[138.743346,-34.608187],[138.743386,-34.608199],[138.743475,-34.608205],[138.743588,-34.608203],[138.743995,-34.608189],[138.744195,-34.60818],[138.744809,-34.608157],[138.744951,-34.608215]]}},{"type":"Feature","properties":{"tier":"arterial"},"geometry":{"type":"LineString","coordinates":[[138.740461,-34.606842],[138.740391,-34.606904],[138.740266,-34.607014],[138.740221,-34.607083],[138.740171,-34.60717],[138.740105,-34.607361]]}},{"type":"Feature","properties":{"tier":"arterial"},"geometry":{"type":"LineString","coordinates":[[138.743199,-34.60905],[138.743163,-34.608745],[138.74315,-34.608458],[138.743156,-34.608393],[138.743165,-34.608296]]}},{"type":"Feature","properties":{"tier":"arterial"},"geometry":{"type":"LineString","coordinates":[[138.743346,-34.608187],[138.743355,-34.608217],[138.743352,-34.608248],[138.743336,-34.608276]]}},{"type":"Feature","properties":{"tier":"arterial"},"geometry":{"type":"LineString","coordinates":[[138.749424,-34.597102],[138.749207,-34.59722],[138.749116,-34.597309]]}},{"type":"Feature","properties":{"tier":"arterial"},"geometry":{"type":"LineString","coordinates":[[138.749424,-34.597102],[138.749319,-34.597127],[138.749214,-34.597137],[138.749183,-34.59714],[138.749108,-34.597141]]}},{"type":"Feature","properties":{"tier":"arterial"},"geometry":{"type":"LineString","coordinates":[[138.749095,-34.59689],[138.749211,-34.59702],[138.749333,-34.597063]]}},{"type":"Feature","properties":{"tier":"arterial"},"geometry":{"type":"LineString","coordinates":[[138.736948,-34.624826],[138.736783,-34.62502]]}},{"type":"Feature","properties":{"tier":"regional"},"geometry":{"type":"LineString","coordinates":[[138.747957,-34.609157],[138.747964,-34.609142],[138.747976,-34.60913],[138.747995,-34.609118],[138.748017,-34.609112],[138.74804,-34.609112],[138.748062,-34.609117]]}},{"type":"Feature","properties":{"tier":"regional"},"geometry":{"type":"LineString","coordinates":[[138.745975,-34.612635],[138.745965,-34.612646],[138.745945,-34.612657],[138.745917,-34.612662],[138.745888,-34.612657],[138.745869,-34.612646],[138.745852,-34.612627],[138.745848,-34.612606],[138.745853,-34.612583],[138.745869,-34.612567],[138.745888,-34.612554],[138.745917,-34.61255],[138.745943,-34.612553],[138.745965,-34.612567],[138.745981,-34.612586],[138.745985,-34.612606],[138.745975,-34.612635]]}},{"type":"Feature","properties":{"tier":"regional"},"geometry":{"type":"LineString","coordinates":[[138.740217,-34.596752],[138.740216,-34.596969],[138.740205,-34.59713],[138.74014,-34.597455],[138.740092,-34.597697],[138.74009,-34.597709],[138.740083,-34.597737],[138.740081,-34.597771],[138.74008,-34.597806],[138.740087,-34.597837],[138.740106,-34.597886],[138.740136,-34.59791]]}},{"type":"Feature","properties":{"tier":"regional"},"geometry":{"type":"LineString","coordinates":[[138.741414,-34.598339],[138.741478,-34.598378],[138.741522,-34.598415],[138.741546,-34.59845],[138.741706,-34.59868],[138.741939,-34.599043],[138.741959,-34.599064],[138.741991,-34.599092],[138.742016,-34.599108],[138.742045,-34.599117],[138.74209,-34.599124],[138.742304,-34.599124],[138.742834,-34.599106],[138.742943,-34.599118],[138.743932,-34.599574]]}},{"type":"Feature","properties":{"tier":"arterial"},"geometry":{"type":"LineString","coordinates":[[138.749853,-34.597106],[138.749787,-34.59705],[138.749711,-34.597023],[138.749619,-34.597013]]}},{"type":"Feature","properties":{"tier":"regional"},"geometry":{"type":"LineString","coordinates":[[138.734518,-34.621906],[138.734739,-34.621928]]}},{"type":"Feature","properties":{"tier":"regional"},"geometry":{"type":"LineString","coordinates":[[138.734528,-34.622018],[138.734518,-34.622028],[138.734489,-34.622045],[138.734443,-34.622053],[138.734401,-34.622044],[138.734369,-34.622028]]}},{"type":"Feature","properties":{"tier":"regional"},"geometry":{"type":"LineString","coordinates":[[138.734739,-34.621928],[138.734622,-34.621977],[138.734528,-34.622018]]}},{"type":"Feature","properties":{"tier":"regional"},"geometry":{"type":"LineString","coordinates":[[138.734369,-34.622028],[138.734282,-34.62204],[138.734159,-34.622063]]}},{"type":"Feature","properties":{"tier":"regional"},"geometry":{"type":"LineString","coordinates":[[138.734159,-34.622063],[138.734284,-34.621974],[138.734351,-34.621925]]}},{"type":"Feature","properties":{"tier":"arterial"},"geometry":{"type":"LineString","coordinates":[[138.75002,-34.600344],[138.750017,-34.600346],[138.749999,-34.600351],[138.74998,-34.600352],[138.749962,-34.600348],[138.749946,-34.60034],[138.749934,-34.600328],[138.749927,-34.600314],[138.749925,-34.600299],[138.74993,-34.600282],[138.749941,-34.600268],[138.749958,-34.600257],[138.749978,-34.600252],[138.749996,-34.600252],[138.750014,-34.600257],[138.75002,-34.600261]]}},{"type":"Feature","properties":{"tier":"regional"},"geometry":{"type":"LineString","coordinates":[[138.74265,-34.602505],[138.742641,-34.602524],[138.742468,-34.602876],[138.742007,-34.603817],[138.741552,-34.604753]]}},{"type":"Feature","properties":{"tier":"regional"},"geometry":{"type":"LineString","coordinates":[[138.629416,-34.600685],[138.62945,-34.602067],[138.629572,-34.606469],[138.629674,-34.609803],[138.629711,-34.6112],[138.629755,-34.612635],[138.629777,-34.61372],[138.629817,-34.61486],[138.630017,-34.622506]]}},{"type":"Feature","properties":{"tier":"regional"},"geometry":{"type":"LineString","coordinates":[[138.685727,-34.532955],[138.685819,-34.532927],[138.687545,-34.53314],[138.689182,-34.533306],[138.691404,-34.533519]]}},{"type":"Feature","properties":{"tier":"regional"},"geometry":{"type":"LineString","coordinates":[[138.691404,-34.533519],[138.707281,-34.535025],[138.715271,-34.535901],[138.726253,-34.536991],[138.733221,-34.537672],[138.738382,-34.538193]]}},{"type":"Feature","properties":{"tier":"arterial"},"geometry":{"type":"LineString","coordinates":[[138.728759,-34.607315],[138.728997,-34.607519]]}},{"type":"Feature","properties":{"tier":"arterial"},"geometry":{"type":"LineString","coordinates":[[138.728759,-34.607315],[138.728229,-34.606905]]}},{"type":"Feature","properties":{"tier":"arterial"},"geometry":{"type":"LineString","coordinates":[[138.728997,-34.607519],[138.729209,-34.607695]]}},{"type":"Feature","properties":{"tier":"arterial"},"geometry":{"type":"LineString","coordinates":[[138.729682,-34.608189],[138.729714,-34.608212],[138.729842,-34.608307]]}},{"type":"Feature","properties":{"tier":"arterial"},"geometry":{"type":"LineString","coordinates":[[138.692405,-34.545547],[138.689899,-34.545283],[138.688739,-34.545168],[138.688256,-34.545123],[138.687859,-34.54508],[138.687502,-34.545034],[138.687215,-34.544986],[138.686927,-34.544931],[138.686644,-34.544866],[138.686297,-34.544766],[138.685897,-34.544629],[138.685526,-34.544477],[138.684711,-34.544094],[138.678574,-34.541137],[138.678504,-34.541104],[138.662292,-34.533411],[138.644745,-34.525042],[138.644132,-34.524743],[138.643739,-34.524511],[138.643505,-34.52436],[138.643182,-34.52411],[138.642496,-34.523534],[138.637215,-34.518848],[138.63125,-34.513564],[138.629958,-34.512439],[138.629823,-34.51234],[138.62498,-34.508847]]}},{"type":"Feature","properties":{"tier":"arterial"},"geometry":{"type":"LineString","coordinates":[[138.683266,-34.609057],[138.683139,-34.609045],[138.680846,-34.608862],[138.675567,-34.608354],[138.668629,-34.607685],[138.667413,-34.607564],[138.667148,-34.607541],[138.666841,-34.6075],[138.666448,-34.607413],[138.666046,-34.607307],[138.665699,-34.607181],[138.665347,-34.607025],[138.665007,-34.60684],[138.664644,-34.606608],[138.664388,-34.606418],[138.664141,-34.606209],[138.66393,-34.606],[138.663471,-34.605537],[138.662925,-34.604841],[138.662394,-34.604308],[138.66146,-34.603506]]}},{"type":"Feature","properties":{"tier":"arterial"},"geometry":{"type":"LineString","coordinates":[[138.629954,-34.590141],[138.629324,-34.59017],[138.627024,-34.590232],[138.625474,-34.590274],[138.62498,-34.590287]]}},{"type":"Feature","properties":{"tier":"high"},"geometry":{"type":"LineString","coordinates":[[138.723989,-34.611426],[138.724055,-34.611667],[138.724145,-34.611987],[138.724247,-34.612296],[138.724328,-34.612542],[138.724538,-34.613079],[138.724677,-34.613393],[138.724796,-34.613686],[138.724896,-34.613902],[138.725071,-34.61425]]}},{"type":"Feature","properties":{"tier":"high"},"geometry":{"type":"LineString","coordinates":[[138.724971,-34.614301],[138.724692,-34.613714],[138.724609,-34.613526],[138.724526,-34.613325],[138.724434,-34.613118],[138.724357,-34.612937],[138.724202,-34.612513],[138.724066,-34.612094],[138.723949,-34.611713],[138.723895,-34.611512],[138.723876,-34.611434]]}},{"type":"Feature","properties":{"tier":"high"},"geometry":{"type":"LineString","coordinates":[[138.730257,-34.62502],[138.73002,-34.624319],[138.729956,-34.624127]]}},{"type":"Feature","properties":{"tier":"high"},"geometry":{"type":"LineString","coordinates":[[138.730156,-34.623973],[138.730275,-34.624339],[138.730506,-34.62502]]}},{"type":"Feature","properties":{"tier":"high"},"geometry":{"type":"LineString","coordinates":[[138.727423,-34.618341],[138.727393,-34.618288],[138.727121,-34.617827],[138.726699,-34.617156],[138.726505,-34.616855],[138.726329,-34.616574],[138.726011,-34.616097],[138.725749,-34.61567],[138.72536,-34.615013],[138.725087,-34.614518]]}},{"type":"Feature","properties":{"tier":"high"},"geometry":{"type":"LineString","coordinates":[[138.729992,-34.623487],[138.730156,-34.623973]]}},{"type":"Feature","properties":{"tier":"high"},"geometry":{"type":"LineString","coordinates":[[138.723876,-34.611434],[138.72378,-34.610954]]}},{"type":"Feature","properties":{"tier":"high"},"geometry":{"type":"LineString","coordinates":[[138.725071,-34.61425],[138.725185,-34.614462]]}},{"type":"Feature","properties":{"tier":"high"},"geometry":{"type":"LineString","coordinates":[[138.729956,-34.624127],[138.729813,-34.623698]]}},{"type":"Feature","properties":{"tier":"high"},"geometry":{"type":"LineString","coordinates":[[138.725087,-34.614518],[138.724971,-34.614301]]}},{"type":"Feature","properties":{"tier":"high"},"geometry":{"type":"LineString","coordinates":[[138.723893,-34.610957],[138.723989,-34.611426]]}},{"type":"Feature","properties":{"tier":"high"},"geometry":{"type":"LineString","coordinates":[[138.725185,-34.614462],[138.72529,-34.614652],[138.725401,-34.614846],[138.725565,-34.61512],[138.725716,-34.615363],[138.725937,-34.615692],[138.72643,-34.616374],[138.726796,-34.616897],[138.727046,-34.617281],[138.727332,-34.617735],[138.727569,-34.618135],[138.72795,-34.6188]]}},{"type":"Feature","properties":{"tier":"high"},"geometry":{"type":"LineString","coordinates":[[138.72378,-34.610954],[138.723749,-34.610773],[138.723715,-34.610545],[138.723695,-34.610295],[138.72368,-34.610104],[138.723674,-34.609871],[138.723666,-34.609512],[138.723674,-34.609329],[138.723696,-34.609107],[138.723725,-34.608885],[138.723742,-34.608753],[138.723787,-34.6085],[138.723823,-34.608328],[138.723898,-34.607982],[138.723962,-34.607726],[138.723996,-34.607588],[138.72407,-34.607331],[138.724174,-34.60699],[138.724276,-34.606679],[138.724609,-34.605785],[138.72499,-34.604683],[138.725354,-34.603738],[138.725603,-34.603104],[138.725686,-34.602831],[138.725745,-34.602606],[138.725801,-34.602344],[138.725833,-34.602114],[138.725867,-34.601841],[138.72592,-34.601428],[138.725982,-34.600939],[138.726039,-34.600495],[138.726043,-34.600391]]}},{"type":"Feature","properties":{"tier":"high"},"geometry":{"type":"LineString","coordinates":[[138.730909,-34.592433],[138.730763,-34.592823],[138.730593,-34.593218],[138.730406,-34.593611],[138.730067,-34.594254],[138.729342,-34.595631],[138.728689,-34.596907]]}},{"type":"Feature","properties":{"tier":"high"},"geometry":{"type":"LineString","coordinates":[[138.727423,-34.618341],[138.727056,-34.617896],[138.726784,-34.61756],[138.72659,-34.617339],[138.726288,-34.617033],[138.725933,-34.616695],[138.725554,-34.616332],[138.724923,-34.61573],[138.724469,-34.615292]]}},{"type":"Feature","properties":{"tier":"high"},"geometry":{"type":"LineString","coordinates":[[138.72638,-34.601855],[138.726195,-34.602503],[138.725997,-34.603237],[138.725865,-34.60379]]}},{"type":"Feature","properties":{"tier":"high"},"geometry":{"type":"LineString","coordinates":[[138.723977,-34.603949],[138.724084,-34.603746],[138.724144,-34.603633],[138.724425,-34.603222],[138.724604,-34.602984],[138.724878,-34.602672],[138.725136,-34.602359],[138.725361,-34.602039],[138.725506,-34.6018],[138.725659,-34.601505],[138.725787,-34.601202],[138.725895,-34.600857],[138.725953,-34.600637],[138.725969,-34.600514],[138.726043,-34.600391]]}},{"type":"Feature","properties":{"tier":"high"},"geometry":{"type":"LineString","coordinates":[[138.725594,-34.604897],[138.725617,-34.605066],[138.725633,-34.605112],[138.725655,-34.605159],[138.725679,-34.605206],[138.725721,-34.605264],[138.725786,-34.605322],[138.725877,-34.605398]]}},{"type":"Feature","properties":{"tier":"high"},"geometry":{"type":"LineString","coordinates":[[138.724469,-34.615292],[138.724338,-34.615236],[138.724263,-34.61521],[138.724204,-34.615194],[138.724153,-34.615186],[138.724085,-34.615182],[138.724038,-34.615183],[138.723964,-34.615191],[138.72377,-34.615224]]}},{"type":"Feature","properties":{"tier":"arterial"},"geometry":{"type":"LineString","coordinates":[[138.746497,-34.573099],[138.746477,-34.572572]]}},{"type":"Feature","properties":{"tier":"high"},"geometry":{"type":"LineString","coordinates":[[138.746139,-34.570485],[138.746101,-34.570282],[138.74609,-34.570187],[138.746055,-34.569912]]}},{"type":"Feature","properties":{"tier":"high"},"geometry":{"type":"LineString","coordinates":[[138.746519,-34.572042],[138.746568,-34.572566]]}},{"type":"Feature","properties":{"tier":"high"},"geometry":{"type":"LineString","coordinates":[[138.746477,-34.572572],[138.74637,-34.571849],[138.746319,-34.571555]]}},{"type":"Feature","properties":{"tier":"high"},"geometry":{"type":"LineString","coordinates":[[138.746055,-34.569912],[138.746035,-34.569745],[138.746013,-34.569416],[138.746,-34.569033],[138.746003,-34.56877],[138.746014,-34.568495],[138.746016,-34.568434],[138.746031,-34.568232],[138.746058,-34.568016]]}},{"type":"Feature","properties":{"tier":"high"},"geometry":{"type":"LineString","coordinates":[[138.75002,-34.568767],[138.749797,-34.568938],[138.748452,-34.569986]]}},{"type":"Feature","properties":{"tier":"high"},"geometry":{"type":"LineString","coordinates":[[138.74624,-34.571619],[138.746507,-34.571385]]}},{"type":"Feature","properties":{"tier":"high"},"geometry":{"type":"LineString","coordinates":[[138.73429,-34.582346],[138.733863,-34.582709],[138.733437,-34.583114],[138.73316,-34.58343],[138.732881,-34.583781],[138.732528,-34.584282],[138.732306,-34.584681],[138.732138,-34.585016],[138.731941,-34.585485],[138.731778,-34.586046],[138.73169,-34.586417],[138.731632,-34.586841],[138.731597,-34.587246],[138.731567,-34.588125],[138.731527,-34.589109],[138.731495,-34.589745],[138.73144,-34.590313],[138.731328,-34.590953],[138.731215,-34.591428],[138.731021,-34.592119]]}},{"type":"Feature","properties":{"tier":"high"},"geometry":{"type":"LineString","coordinates":[[138.746534,-34.571612],[138.746284,-34.571835]]}},{"type":"Feature","properties":{"tier":"high"},"geometry":{"type":"LineString","coordinates":[[138.730339,-34.593118],[138.730725,-34.592143]]}},{"type":"Feature","properties":{"tier":"high"},"geometry":{"type":"LineString","coordinates":[[138.731021,-34.592119],[138.731003,-34.592171],[138.730909,-34.592433]]}},{"type":"Feature","properties":{"tier":"high"},"geometry":{"type":"LineString","coordinates":[[138.741472,-34.575771],[138.741897,-34.575443],[138.742481,-34.574961],[138.742831,-34.574676],[138.74321,-34.574347],[138.743864,-34.573767],[138.744275,-34.573394]]}},{"type":"Feature","properties":{"tier":"high"},"geometry":{"type":"LineString","coordinates":[[138.746284,-34.571835],[138.74618,-34.571923],[138.745213,-34.572815],[138.744529,-34.57344],[138.743834,-34.574062],[138.742679,-34.575044],[138.742307,-34.575359]]}},{"type":"Feature","properties":{"tier":"high"},"geometry":{"type":"LineString","coordinates":[[138.746507,-34.571385],[138.746905,-34.571045],[138.747519,-34.570525],[138.748139,-34.570009],[138.75002,-34.568504]]}},{"type":"Feature","properties":{"tier":"arterial"},"geometry":{"type":"LineString","coordinates":[[138.747012,-34.56661],[138.747143,-34.566572],[138.747279,-34.566511],[138.747361,-34.566451],[138.747442,-34.566387],[138.747509,-34.566311],[138.747567,-34.56623],[138.748225,-34.565286],[138.75002,-34.562666]]}},{"type":"Feature","properties":{"tier":"high"},"geometry":{"type":"LineString","coordinates":[[138.737979,-34.57876],[138.738196,-34.578515]]}},{"type":"Feature","properties":{"tier":"high"},"geometry":{"type":"LineString","coordinates":[[138.74672,-34.570585],[138.746875,-34.570555],[138.747054,-34.570518],[138.747174,-34.57049],[138.747305,-34.570451],[138.74742,-34.570407],[138.747508,-34.570371],[138.747603,-34.570322],[138.747705,-34.570266],[138.747829,-34.570189],[138.748139,-34.570009]]}},{"type":"Feature","properties":{"tier":"high"},"geometry":{"type":"LineString","coordinates":[[138.735635,-34.58119],[138.735548,-34.581418],[138.735484,-34.581577],[138.735468,-34.58174],[138.735484,-34.581872],[138.735526,-34.581983],[138.73559,-34.582085],[138.735678,-34.582182],[138.735783,-34.582276],[138.735903,-34.582343],[138.735991,-34.582392]]}},{"type":"Feature","properties":{"tier":"high"},"geometry":{"type":"LineString","coordinates":[[138.747891,-34.570875],[138.74787,-34.570997],[138.747861,-34.5711],[138.74786,-34.571179],[138.747865,-34.571267],[138.74789,-34.571434],[138.747936,-34.571675],[138.747957,-34.571785],[138.747967,-34.57186],[138.74797,-34.571934],[138.747961,-34.572008],[138.747945,-34.572069],[138.747921,-34.572131],[138.74789,-34.572189],[138.747854,-34.572243],[138.7478,-34.572305],[138.747744,-34.572358],[138.747679,-34.572409],[138.747609,-34.572449],[138.747533,-34.572485],[138.747479,-34.572506],[138.747418,-34.572525],[138.747355,-34.572544],[138.747259,-34.572564],[138.74713,-34.572579],[138.746973,-34.57259],[138.746717,-34.572594],[138.746659,-34.572591],[138.746601,-34.572583],[138.746568,-34.572566]]}},{"type":"Feature","properties":{"tier":"high"},"geometry":{"type":"LineString","coordinates":[[138.746749,-34.572493],[138.74716,-34.572464],[138.747263,-34.572454],[138.747368,-34.572435],[138.747458,-34.572408],[138.747541,-34.572373],[138.747608,-34.572333],[138.747658,-34.572295],[138.747711,-34.572247],[138.747761,-34.572191],[138.747793,-34.572139],[138.747824,-34.572074],[138.747844,-34.572015],[138.747855,-34.571949],[138.747856,-34.571886],[138.747846,-34.571805],[138.747827,-34.571738],[138.7478,-34.571681],[138.747772,-34.571632],[138.747727,-34.571576],[138.74766,-34.571511],[138.747595,-34.571464],[138.747528,-34.571426],[138.747452,-34.571395],[138.747375,-34.571372],[138.74728,-34.571355],[138.747186,-34.571352],[138.747103,-34.571355],[138.747004,-34.571373],[138.746905,-34.571401],[138.746801,-34.571447],[138.746688,-34.571509],[138.746534,-34.571612]]}},{"type":"Feature","properties":{"tier":"high"},"geometry":{"type":"LineString","coordinates":[[138.746163,-34.57062],[138.746203,-34.57065],[138.746261,-34.570698]]}},{"type":"Feature","properties":{"tier":"high"},"geometry":{"type":"LineString","coordinates":[[138.746568,-34.572566],[138.746629,-34.572516],[138.746689,-34.572505],[138.746749,-34.572493]]}},{"type":"Feature","properties":{"tier":"high"},"geometry":{"type":"LineString","coordinates":[[138.746568,-34.572566],[138.746477,-34.572572]]}},{"type":"Feature","properties":{"tier":"high"},"geometry":{"type":"LineString","coordinates":[[138.746206,-34.570307],[138.746257,-34.570371],[138.746285,-34.570414],[138.746325,-34.570456],[138.746373,-34.570493],[138.746432,-34.570528],[138.746492,-34.570555],[138.746575,-34.570571],[138.74672,-34.570585]]}},{"type":"Feature","properties":{"tier":"high"},"geometry":{"type":"LineString","coordinates":[[138.746973,-34.57259],[138.746845,-34.572615],[138.746776,-34.572632],[138.746712,-34.572655],[138.74665,-34.572684],[138.746582,-34.572729]]}},{"type":"Feature","properties":{"tier":"high"},"geometry":{"type":"LineString","coordinates":[[138.745893,-34.570636],[138.746027,-34.570621],[138.746081,-34.570616],[138.746163,-34.57062]]}},{"type":"Feature","properties":{"tier":"high"},"geometry":{"type":"LineString","coordinates":[[138.737997,-34.577367],[138.738178,-34.577396],[138.738339,-34.577423],[138.738477,-34.577443],[138.738601,-34.577451],[138.738707,-34.57745],[138.738865,-34.577439],[138.73898,-34.577422],[138.739123,-34.577393],[138.739222,-34.577365],[138.739321,-34.577329],[138.739422,-34.577287],[138.739551,-34.577224],[138.739692,-34.577145],[138.739881,-34.577031]]}},{"type":"Feature","properties":{"tier":"high"},"geometry":{"type":"LineString","coordinates":[[138.748452,-34.569986],[138.748267,-34.570198],[138.748163,-34.570326],[138.7481,-34.570404],[138.748044,-34.570495],[138.747977,-34.57062],[138.747926,-34.570747],[138.747909,-34.570803],[138.747891,-34.570875]]}},{"type":"Feature","properties":{"tier":"high"},"geometry":{"type":"LineString","coordinates":[[138.735991,-34.582392],[138.735569,-34.582276],[138.735338,-34.582203],[138.7352,-34.582167],[138.735073,-34.582147],[138.734936,-34.58214],[138.734803,-34.582153],[138.734677,-34.582184],[138.734572,-34.582223],[138.734468,-34.582274],[138.73429,-34.582346]]}},{"type":"Feature","properties":{"tier":"arterial"},"geometry":{"type":"LineString","coordinates":[[138.748328,-34.603297],[138.748086,-34.603409]]}},{"type":"Feature","properties":{"tier":"arterial"},"geometry":{"type":"LineString","coordinates":[[138.746789,-34.603944],[138.74684,-34.603904],[138.746867,-34.603887],[138.746929,-34.603847],[138.746992,-34.603814]]}},{"type":"Feature","properties":{"tier":"arterial"},"geometry":{"type":"LineString","coordinates":[[138.748086,-34.603409],[138.747788,-34.603526],[138.747593,-34.6036]]}},{"type":"Feature","properties":{"tier":"arterial"},"geometry":{"type":"LineString","coordinates":[[138.739025,-34.622085],[138.739172,-34.622152]]}},{"type":"Feature","properties":{"tier":"arterial"},"geometry":{"type":"LineString","coordinates":[[138.736948,-34.624826],[138.736946,-34.624786],[138.736946,-34.624752],[138.736952,-34.624715]]}},{"type":"Feature","properties":{"tier":"arterial"},"geometry":{"type":"LineString","coordinates":[[138.749009,-34.602943],[138.748933,-34.602985],[138.748808,-34.603054],[138.748662,-34.603129],[138.748363,-34.60328],[138.748328,-34.603297]]}},{"type":"Feature","properties":{"tier":"arterial"},"geometry":{"type":"LineString","coordinates":[[138.743274,-34.608314],[138.743231,-34.608394],[138.743215,-34.608441],[138.743215,-34.608743],[138.743199,-34.60905]]}},{"type":"Feature","properties":{"tier":"arterial"},"geometry":{"type":"LineString","coordinates":[[138.74671,-34.603776],[138.746805,-34.603803],[138.746835,-34.60381],[138.746882,-34.603816],[138.746921,-34.603819],[138.746992,-34.603814]]}},{"type":"Feature","properties":{"tier":"arterial"},"geometry":{"type":"LineString","coordinates":[[138.736803,-34.624889],[138.736883,-34.624845],[138.736948,-34.624826]]}},{"type":"Feature","properties":{"tier":"arterial"},"geometry":{"type":"LineString","coordinates":[[138.743383,-34.616019],[138.743383,-34.616132],[138.743375,-34.616312],[138.743355,-34.616471],[138.743331,-34.616583],[138.743298,-34.616689],[138.743224,-34.616864],[138.743176,-34.616954]]}},{"type":"Feature","properties":{"tier":"arterial"},"geometry":{"type":"LineString","coordinates":[[138.743383,-34.616019],[138.74338,-34.615753],[138.743377,-34.615606],[138.743364,-34.614981],[138.743357,-34.614733],[138.743348,-34.614391],[138.743348,-34.614371],[138.743335,-34.613781],[138.74333,-34.613637],[138.743323,-34.613363],[138.74332,-34.613267],[138.743317,-34.613173],[138.743302,-34.612582],[138.743287,-34.612072],[138.743284,-34.611951],[138.743277,-34.611687]]}},{"type":"Feature","properties":{"tier":"arterial"},"geometry":{"type":"LineString","coordinates":[[138.741853,-34.618723],[138.742099,-34.618406]]}},{"type":"Feature","properties":{"tier":"arterial"},"geometry":{"type":"LineString","coordinates":[[138.739114,-34.622224],[138.738954,-34.622172]]}},{"type":"Feature","properties":{"tier":"arterial"},"geometry":{"type":"LineString","coordinates":[[138.746789,-34.603944],[138.746779,-34.603891],[138.746777,-34.603875],[138.746769,-34.603859],[138.746758,-34.603841],[138.74671,-34.603776]]}},{"type":"Feature","properties":{"tier":"arterial"},"geometry":{"type":"LineString","coordinates":[[138.735991,-34.582392],[138.736623,-34.582612]]}},{"type":"Feature","properties":{"tier":"arterial"},"geometry":{"type":"LineString","coordinates":[[138.737905,-34.582574],[138.737939,-34.582673],[138.737954,-34.582735],[138.73797,-34.582787],[138.73799,-34.582825],[138.738041,-34.582881]]}},{"type":"Feature","properties":{"tier":"arterial"},"geometry":{"type":"LineString","coordinates":[[138.737698,-34.583053],[138.737652,-34.583011],[138.73762,-34.582987],[138.737597,-34.582969],[138.737539,-34.582938],[138.737449,-34.582882]]}},{"type":"Feature","properties":{"tier":"arterial"},"geometry":{"type":"LineString","coordinates":[[138.738436,-34.583329],[138.738295,-34.583275],[138.738238,-34.583249],[138.738189,-34.58323],[138.738179,-34.583226],[138.73813,-34.58321],[138.73808,-34.583197]]}},{"type":"Feature","properties":{"tier":"arterial"},"geometry":{"type":"LineString","coordinates":[[138.737449,-34.582882],[138.737563,-34.5829],[138.737629,-34.582908],[138.737666,-34.582909],[138.737705,-34.58291],[138.737789,-34.582906]]}},{"type":"Feature","properties":{"tier":"arterial"},"geometry":{"type":"LineString","coordinates":[[138.738181,-34.583075],[138.738232,-34.583138],[138.738251,-34.58316],[138.738262,-34.583174],[138.738302,-34.58321],[138.738339,-34.583243],[138.738436,-34.583329]]}},{"type":"Feature","properties":{"tier":"arterial"},"geometry":{"type":"LineString","coordinates":[[138.739816,-34.584478],[138.739491,-34.584196],[138.739049,-34.583814],[138.738738,-34.583551],[138.738596,-34.583442],[138.738436,-34.583329]]}},{"type":"Feature","properties":{"tier":"arterial"},"geometry":{"type":"LineString","coordinates":[[138.73613,-34.577465],[138.736535,-34.577373]]}},{"type":"Feature","properties":{"tier":"arterial"},"geometry":{"type":"LineString","coordinates":[[138.737379,-34.579857],[138.737263,-34.579593],[138.737154,-34.579337]]}},{"type":"Feature","properties":{"tier":"arterial"},"geometry":{"type":"LineString","coordinates":[[138.737154,-34.579337],[138.737026,-34.579107],[138.736436,-34.578083]]}},{"type":"Feature","properties":{"tier":"high"},"geometry":{"type":"LineString","coordinates":[[138.746127,-34.568397],[138.746104,-34.568892],[138.746127,-34.569341],[138.746141,-34.569561]]}},{"type":"Feature","properties":{"tier":"arterial"},"geometry":{"type":"LineString","coordinates":[[138.737731,-34.581519],[138.737617,-34.580746],[138.737482,-34.580168],[138.737379,-34.579857]]}},{"type":"Feature","properties":{"tier":"arterial"},"geometry":{"type":"LineString","coordinates":[[138.73763,-34.577299],[138.73748,-34.577285],[138.737307,-34.57728],[138.73714,-34.577283],[138.736955,-34.577299],[138.736769,-34.577327],[138.736535,-34.577373]]}},{"type":"Feature","properties":{"tier":"arterial"},"geometry":{"type":"LineString","coordinates":[[138.745369,-34.58384],[138.745557,-34.583232],[138.745787,-34.582533],[138.745855,-34.582397],[138.745973,-34.582256],[138.746726,-34.581652],[138.74681,-34.581585],[138.747175,-34.581293],[138.747357,-34.581147],[138.747423,-34.581069],[138.747502,-34.580922],[138.747535,-34.580728],[138.747525,-34.580596],[138.747418,-34.579442]]}},{"type":"Feature","properties":{"tier":"regional"},"geometry":{"type":"LineString","coordinates":[[138.744951,-34.608215],[138.74475,-34.608264],[138.744219,-34.608291],[138.743997,-34.608295],[138.743874,-34.6083],[138.743686,-34.608299],[138.743462,-34.608276],[138.743336,-34.608276]]}},{"type":"Feature","properties":{"tier":"regional"},"geometry":{"type":"LineString","coordinates":[[138.743504,-34.616712],[138.743469,-34.616738],[138.743176,-34.616954]]}},{"type":"Feature","properties":{"tier":"regional"},"geometry":{"type":"LineString","coordinates":[[138.740299,-34.595518],[138.74026,-34.595522],[138.740231,-34.595536],[138.740212,-34.595552],[138.740195,-34.595568],[138.740184,-34.595585],[138.740172,-34.595606],[138.740165,-34.59563],[138.740191,-34.596192],[138.740217,-34.596752]]}},{"type":"Feature","properties":{"tier":"arterial"},"geometry":{"type":"LineString","coordinates":[[138.744553,-34.591381],[138.744637,-34.591519],[138.74475,-34.591682],[138.744942,-34.591821],[138.745175,-34.591947],[138.745636,-34.592153],[138.745902,-34.592294],[138.746129,-34.592421],[138.74627,-34.5925],[138.746419,-34.592583],[138.746888,-34.592845],[138.747776,-34.593279],[138.748232,-34.59354],[138.748353,-34.593608],[138.748454,-34.593668],[138.748519,-34.593707],[138.748869,-34.593916]]}},{"type":"Feature","properties":{"tier":"arterial"},"geometry":{"type":"LineString","coordinates":[[138.744162,-34.590682],[138.744553,-34.591381]]}},{"type":"Feature","properties":{"tier":"regional"},"geometry":{"type":"LineString","coordinates":[[138.747991,-34.609227],[138.747947,-34.609299],[138.74757,-34.609911],[138.747346,-34.610274],[138.747177,-34.610549],[138.745943,-34.612553]]}},{"type":"Feature","properties":{"tier":"regional"},"geometry":{"type":"LineString","coordinates":[[138.741597,-34.606328],[138.741595,-34.60626],[138.741594,-34.606229],[138.741552,-34.604753]]}},{"type":"Feature","properties":{"tier":"regional"},"geometry":{"type":"LineString","coordinates":[[138.743647,-34.616338],[138.74358,-34.616515],[138.743545,-34.61664],[138.743504,-34.616712]]}},{"type":"Feature","properties":{"tier":"regional"},"geometry":{"type":"LineString","coordinates":[[138.748523,-34.608368],[138.748499,-34.608405],[138.7483,-34.608729],[138.748062,-34.609117]]}},{"type":"Feature","properties":{"tier":"regional"},"geometry":{"type":"LineString","coordinates":[[138.741999,-34.623795],[138.741099,-34.623279],[138.741046,-34.623249],[138.740834,-34.623127]]}},{"type":"Feature","properties":{"tier":"arterial"},"geometry":{"type":"LineString","coordinates":[[138.7219,-34.566805],[138.722412,-34.566858],[138.724327,-34.567048],[138.726232,-34.567243],[138.727991,-34.567415],[138.728045,-34.567421],[138.728311,-34.567451],[138.729522,-34.567574]]}},{"type":"Feature","properties":{"tier":"arterial"},"geometry":{"type":"LineString","coordinates":[[138.74621,-34.575531],[138.746365,-34.57467]]}},{"type":"Feature","properties":{"tier":"arterial"},"geometry":{"type":"LineString","coordinates":[[138.690036,-34.518637],[138.68969,-34.514456],[138.689131,-34.50806],[138.688407,-34.49998]]}},{"type":"Feature","properties":{"tier":"regional"},"geometry":{"type":"LineString","coordinates":[[138.748022,-34.584471],[138.748165,-34.585606],[138.748277,-34.586567],[138.748322,-34.586996],[138.748333,-34.587113],[138.748346,-34.587195],[138.748517,-34.58862],[138.748562,-34.588996],[138.748775,-34.590698]]}},{"type":"Feature","properties":{"tier":"regional"},"geometry":{"type":"LineString","coordinates":[[138.748946,-34.592308],[138.748912,-34.592543]]}},{"type":"Feature","properties":{"tier":"regional"},"geometry":{"type":"LineString","coordinates":[[138.748912,-34.592543],[138.74889,-34.5928],[138.748902,-34.592934],[138.748923,-34.593111],[138.748946,-34.593488],[138.748961,-34.593726],[138.748943,-34.593826],[138.748906,-34.593871],[138.748869,-34.593916]]}},{"type":"Feature","properties":{"tier":"regional"},"geometry":{"type":"LineString","coordinates":[[138.747597,-34.581243],[138.747612,-34.581278],[138.747619,-34.581295],[138.747724,-34.582112],[138.747792,-34.582641],[138.747909,-34.583572],[138.748003,-34.584299]]}},{"type":"Feature","properties":{"tier":"arterial"},"geometry":{"type":"LineString","coordinates":[[138.728229,-34.606905],[138.727607,-34.606503],[138.727073,-34.606149],[138.72581,-34.605486]]}},{"type":"Feature","properties":{"tier":"arterial"},"geometry":{"type":"LineString","coordinates":[[138.729813,-34.608618],[138.729753,-34.6086],[138.729703,-34.608567],[138.729669,-34.608523],[138.729655,-34.608471],[138.729662,-34.608419],[138.729691,-34.608372],[138.729711,-34.608355]]}},{"type":"Feature","properties":{"tier":"arterial"},"geometry":{"type":"LineString","coordinates":[[138.739599,-34.605446],[138.739677,-34.605465],[138.739748,-34.605506],[138.7398,-34.605561],[138.739829,-34.605639],[138.73984,-34.60578],[138.739844,-34.606004],[138.73986,-34.606129],[138.739895,-34.606276],[138.739926,-34.606362]]}},{"type":"Feature","properties":{"tier":"arterial"},"geometry":{"type":"LineString","coordinates":[[138.684153,-34.609377],[138.684522,-34.609321],[138.684637,-34.609297]]}},{"type":"Feature","properties":{"tier":"arterial"},"geometry":{"type":"LineString","coordinates":[[138.685456,-34.609473],[138.68516,-34.609479],[138.68498,-34.609528]]}},{"type":"Feature","properties":{"tier":"high"},"geometry":{"type":"LineString","coordinates":[[138.727859,-34.617525],[138.727833,-34.617681],[138.727824,-34.617843],[138.72784,-34.618175],[138.72795,-34.6188]]}},{"type":"Feature","properties":{"tier":"regional"},"geometry":{"type":"LineString","coordinates":[[138.730659,-34.62317],[138.73124,-34.622473],[138.731468,-34.622209],[138.731506,-34.622178],[138.731539,-34.622152],[138.731583,-34.622126],[138.731631,-34.622101],[138.731672,-34.622083],[138.731732,-34.622064],[138.731801,-34.622051],[138.731875,-34.622043],[138.733023,-34.622079],[138.733616,-34.622097],[138.733735,-34.622095],[138.733974,-34.622092],[138.734031,-34.622091],[138.734106,-34.622081],[138.734159,-34.622063]]}},{"type":"Feature","properties":{"tier":"regional"},"geometry":{"type":"LineString","coordinates":[[138.629416,-34.600685],[138.627775,-34.600738],[138.626319,-34.600777],[138.62498,-34.600812]]}},{"type":"Feature","properties":{"tier":"arterial"},"geometry":{"type":"LineString","coordinates":[[138.652634,-34.616062],[138.652607,-34.614921],[138.652558,-34.613059],[138.652529,-34.612196],[138.65247,-34.610483],[138.652375,-34.607697],[138.652306,-34.605552],[138.652276,-34.604642],[138.652197,-34.601991],[138.652113,-34.599048],[138.652018,-34.596087],[138.651942,-34.593476],[138.651953,-34.593335],[138.652023,-34.593238]]}},{"type":"Feature","properties":{"tier":"arterial"},"geometry":{"type":"LineString","coordinates":[[138.645833,-34.62502],[138.645827,-34.624287],[138.645818,-34.622206]]}},{"type":"Feature","properties":{"tier":"regional"},"geometry":{"type":"LineString","coordinates":[[138.629711,-34.6112],[138.62498,-34.611312]]}},{"type":"Feature","properties":{"tier":"regional"},"geometry":{"type":"LineString","coordinates":[[138.645818,-34.622206],[138.64062,-34.62229],[138.632906,-34.622451],[138.630017,-34.622506]]}},{"type":"Feature","properties":{"tier":"arterial"},"geometry":{"type":"LineString","coordinates":[[138.652634,-34.616062],[138.650246,-34.616109],[138.650157,-34.61612],[138.650031,-34.616155],[138.649942,-34.616205],[138.649877,-34.616281],[138.649854,-34.616362],[138.649877,-34.617372],[138.649984,-34.621715],[138.649976,-34.621926],[138.649954,-34.621998],[138.649891,-34.622074],[138.649818,-34.622107],[138.649716,-34.622133],[138.645818,-34.622206]]}},{"type":"Feature","properties":{"tier":"arterial"},"geometry":{"type":"LineString","coordinates":[[138.724677,-34.60487],[138.725395,-34.605165]]}},{"type":"Feature","properties":{"tier":"arterial"},"geometry":{"type":"LineString","coordinates":[[138.725348,-34.605243],[138.72465,-34.604952]]}},{"type":"Feature","properties":{"tier":"arterial"},"geometry":{"type":"LineString","coordinates":[[138.72465,-34.604952],[138.723554,-34.604579]]}},{"type":"Feature","properties":{"tier":"arterial"},"geometry":{"type":"LineString","coordinates":[[138.725877,-34.605398],[138.726489,-34.605718],[138.727123,-34.606104],[138.728229,-34.606905]]}},{"type":"Feature","properties":{"tier":"arterial"},"geometry":{"type":"LineString","coordinates":[[138.743085,-34.588248],[138.743082,-34.588228],[138.743083,-34.588207],[138.743089,-34.588187],[138.743099,-34.588168],[138.743112,-34.58815],[138.74313,-34.588135],[138.74315,-34.588123]]}},{"type":"Feature","properties":{"tier":"arterial"},"geometry":{"type":"LineString","coordinates":[[138.74333,-34.588299],[138.743297,-34.588355],[138.743279,-34.588391],[138.743269,-34.588432],[138.743269,-34.588501],[138.743269,-34.588519]]}},{"type":"Feature","properties":{"tier":"arterial"},"geometry":{"type":"LineString","coordinates":[[138.743276,-34.588982],[138.743258,-34.588906],[138.743244,-34.588844],[138.743226,-34.588761],[138.74322,-34.588711],[138.743219,-34.588702],[138.743206,-34.588604],[138.743208,-34.588514],[138.743208,-34.588499],[138.743208,-34.588433],[138.743202,-34.588392],[138.743193,-34.588367],[138.743177,-34.588333]]}},{"type":"Feature","properties":{"tier":"arterial"},"geometry":{"type":"LineString","coordinates":[[138.744299,-34.586717],[138.74426,-34.586818],[138.743999,-34.587262],[138.743752,-34.587654],[138.743642,-34.587824],[138.743618,-34.587861],[138.743485,-34.588005],[138.743419,-34.588066],[138.743407,-34.588081],[138.743382,-34.588111],[138.743353,-34.588178]]}},{"type":"Feature","properties":{"tier":"arterial"},"geometry":{"type":"LineString","coordinates":[[138.74322,-34.588107],[138.743299,-34.588065],[138.743346,-34.588036],[138.743354,-34.588032],[138.743369,-34.588019],[138.743406,-34.587987],[138.743473,-34.587919],[138.743514,-34.58787],[138.743544,-34.587834],[138.743619,-34.587707],[138.743761,-34.587483],[138.743964,-34.587168],[138.744212,-34.586812],[138.744299,-34.586717]]}},{"type":"Feature","properties":{"tier":"arterial"},"geometry":{"type":"LineString","coordinates":[[138.743085,-34.588248],[138.743058,-34.588209],[138.743028,-34.588177],[138.742874,-34.588057],[138.74274,-34.587952],[138.74264,-34.587827]]}},{"type":"Feature","properties":{"tier":"arterial"},"geometry":{"type":"LineString","coordinates":[[138.74264,-34.587827],[138.742789,-34.587915],[138.742919,-34.588017],[138.742993,-34.588069],[138.743028,-34.588092],[138.743047,-34.588104],[138.743096,-34.588116],[138.74315,-34.588123]]}},{"type":"Feature","properties":{"tier":"arterial"},"geometry":{"type":"LineString","coordinates":[[138.749025,-34.595485],[138.749042,-34.595898],[138.749043,-34.595914]]}},{"type":"Feature","properties":{"tier":"arterial"},"geometry":{"type":"LineString","coordinates":[[138.749066,-34.596431],[138.74902,-34.596325],[138.748967,-34.596221],[138.748955,-34.596205],[138.748897,-34.596132],[138.748812,-34.596065]]}},{"type":"Feature","properties":{"tier":"arterial"},"geometry":{"type":"LineString","coordinates":[[138.745978,-34.576867],[138.746006,-34.57714],[138.746007,-34.577156],[138.746041,-34.577334],[138.746113,-34.577572],[138.746141,-34.577636],[138.746162,-34.577685],[138.746221,-34.577766],[138.747205,-34.579041],[138.74733,-34.579231],[138.747418,-34.579442]]}},{"type":"Feature","properties":{"tier":"arterial"},"geometry":{"type":"LineString","coordinates":[[138.746509,-34.573874],[138.746473,-34.573733],[138.746492,-34.573479],[138.7465,-34.573302],[138.746497,-34.573099]]}},{"type":"Feature","properties":{"tier":"arterial"},"geometry":{"type":"LineString","coordinates":[[138.743448,-34.589359],[138.743453,-34.58937],[138.743465,-34.589393],[138.743542,-34.589548],[138.743575,-34.589615],[138.743794,-34.59002],[138.743889,-34.590197],[138.744006,-34.590412],[138.744055,-34.590503],[138.744162,-34.590682]]}},{"type":"Feature","properties":{"tier":"regional"},"geometry":{"type":"LineString","coordinates":[[138.743056,-34.601632],[138.742957,-34.601832],[138.74265,-34.602505]]}},{"type":"Feature","properties":{"tier":"arterial"},"geometry":{"type":"LineString","coordinates":[[138.741322,-34.606452],[138.741597,-34.606328],[138.742707,-34.605825],[138.742726,-34.605816],[138.742802,-34.605781],[138.743251,-34.605574],[138.743876,-34.605296],[138.744923,-34.604822],[138.745224,-34.604678],[138.745416,-34.6046]]}},{"type":"Feature","properties":{"tier":"arterial"},"geometry":{"type":"LineString","coordinates":[[138.740047,-34.606704],[138.740086,-34.606947]]}},{"type":"Feature","properties":{"tier":"regional"},"geometry":{"type":"LineString","coordinates":[[138.738916,-34.619928],[138.739116,-34.620032],[138.739296,-34.620125],[138.739532,-34.620247],[138.740172,-34.620574],[138.740236,-34.620607]]}},{"type":"Feature","properties":{"tier":"arterial"},"geometry":{"type":"LineString","coordinates":[[138.740236,-34.620607],[138.740357,-34.620666]]}},{"type":"Feature","properties":{"tier":"arterial"},"geometry":{"type":"LineString","coordinates":[[138.703117,-34.60924],[138.700135,-34.610025],[138.69887,-34.610408],[138.697917,-34.610366],[138.690323,-34.609705],[138.690131,-34.609675],[138.689886,-34.609596],[138.689663,-34.60951],[138.689402,-34.60941],[138.689221,-34.609366],[138.68908,-34.609367],[138.689022,-34.609368],[138.688818,-34.609425],[138.688649,-34.609519],[138.688537,-34.609649],[138.688459,-34.609841]]}},{"type":"Feature","properties":{"tier":"regional"},"geometry":{"type":"LineString","coordinates":[[138.740291,-34.622826],[138.739197,-34.622266],[138.739176,-34.622255],[138.739114,-34.622224]]}},{"type":"Feature","properties":{"tier":"arterial"},"geometry":{"type":"LineString","coordinates":[[138.723832,-34.622703],[138.723741,-34.622319],[138.723712,-34.622198],[138.723602,-34.621736],[138.723559,-34.621574],[138.723525,-34.621448],[138.723475,-34.621264],[138.723229,-34.62059],[138.723064,-34.620147],[138.722862,-34.619578],[138.722667,-34.619155],[138.722402,-34.618566],[138.722197,-34.618102],[138.722044,-34.617683],[138.721988,-34.617463],[138.721995,-34.617209],[138.722044,-34.616867],[138.722221,-34.61649],[138.722419,-34.616185],[138.722638,-34.61598],[138.722973,-34.615749],[138.72377,-34.615224],[138.723829,-34.615185],[138.724149,-34.614982],[138.7242,-34.614949],[138.724959,-34.614472]]}},{"type":"Feature","properties":{"tier":"arterial"},"geometry":{"type":"LineString","coordinates":[[138.723309,-34.623538],[138.723439,-34.623459],[138.723601,-34.623318],[138.723653,-34.623273],[138.723769,-34.623082],[138.723839,-34.622967]]}},{"type":"Feature","properties":{"tier":"arterial"},"geometry":{"type":"LineString","coordinates":[[138.723832,-34.622703],[138.723906,-34.622959],[138.723955,-34.623135]]}},{"type":"Feature","properties":{"tier":"arterial"},"geometry":{"type":"LineString","coordinates":[[138.723955,-34.623135],[138.723979,-34.623269],[138.723992,-34.623339]]}},{"type":"Feature","properties":{"tier":"arterial"},"geometry":{"type":"LineString","coordinates":[[138.723955,-34.623135],[138.724085,-34.623221],[138.724102,-34.623233],[138.724262,-34.623259]]}},{"type":"Feature","properties":{"tier":"regional"},"geometry":{"type":"LineString","coordinates":[[138.744923,-34.600744],[138.744722,-34.600982],[138.744544,-34.601179]]}},{"type":"Feature","properties":{"tier":"regional"},"geometry":{"type":"LineString","coordinates":[[138.742985,-34.59488],[138.742372,-34.595443],[138.742286,-34.595449],[138.741697,-34.595489],[138.741628,-34.595493],[138.740299,-34.595518]]}},{"type":"Feature","properties":{"tier":"high"},"geometry":{"type":"LineString","coordinates":[[138.749455,-34.542734],[138.748849,-34.547835],[138.748638,-34.54942],[138.748539,-34.550168],[138.748481,-34.550601],[138.74747,-34.5582]]}},{"type":"Feature","properties":{"tier":"arterial"},"geometry":{"type":"LineString","coordinates":[[138.746568,-34.572566],[138.746582,-34.572729]]}},{"type":"Feature","properties":{"tier":"high"},"geometry":{"type":"LineString","coordinates":[[138.74747,-34.5582],[138.746563,-34.564678],[138.746348,-34.56634],[138.746319,-34.566574]]}},{"type":"Feature","properties":{"tier":"arterial"},"geometry":{"type":"LineString","coordinates":[[138.729522,-34.567574],[138.730786,-34.567707],[138.731698,-34.567804],[138.732101,-34.567888],[138.732492,-34.567994],[138.732921,-34.568215],[138.733329,-34.568528],[138.733581,-34.568789],[138.733764,-34.569085],[138.734016,-34.569721],[138.734184,-34.570257]]}},{"type":"Feature","properties":{"tier":"arterial"},"geometry":{"type":"LineString","coordinates":[[138.688091,-34.610272],[138.687892,-34.610146],[138.687731,-34.610044]]}},{"type":"Feature","properties":{"tier":"arterial"},"geometry":{"type":"LineString","coordinates":[[138.729682,-34.608189],[138.729534,-34.608013],[138.729438,-34.607916],[138.729209,-34.607695]]}},{"type":"Feature","properties":{"tier":"arterial"},"geometry":{"type":"LineString","coordinates":[[138.729711,-34.608355],[138.729688,-34.608223],[138.729682,-34.608189]]}},{"type":"Feature","properties":{"tier":"arterial"},"geometry":{"type":"LineString","coordinates":[[138.729948,-34.608333],[138.730094,-34.608335],[138.730196,-34.608336]]}},{"type":"Feature","properties":{"tier":"arterial"},"geometry":{"type":"LineString","coordinates":[[138.730196,-34.608336],[138.730121,-34.608387],[138.730033,-34.608446]]}},{"type":"Feature","properties":{"tier":"arterial"},"geometry":{"type":"LineString","coordinates":[[138.729981,-34.608572],[138.729991,-34.608654],[138.730027,-34.608712],[138.73004,-34.608732],[138.730093,-34.608915],[138.730168,-34.609102],[138.730218,-34.609337],[138.730264,-34.609539],[138.730276,-34.609761],[138.73022,-34.609998]]}},{"type":"Feature","properties":{"tier":"arterial"},"geometry":{"type":"LineString","coordinates":[[138.73022,-34.609998],[138.730184,-34.609745],[138.730178,-34.609527],[138.730104,-34.609247],[138.730019,-34.609004],[138.729989,-34.608862],[138.729916,-34.60875],[138.729904,-34.608731],[138.729846,-34.608675],[138.729813,-34.608618]]}},{"type":"Feature","properties":{"tier":"arterial"},"geometry":{"type":"LineString","coordinates":[[138.749236,-34.60013],[138.749254,-34.600586],[138.749259,-34.600694],[138.749283,-34.601306],[138.749297,-34.601643],[138.749302,-34.60178],[138.749313,-34.602054],[138.749318,-34.602182],[138.749325,-34.602358],[138.749327,-34.602493],[138.749308,-34.602618],[138.749259,-34.602718],[138.749186,-34.602803]]}},{"type":"Feature","properties":{"tier":"arterial"},"geometry":{"type":"LineString","coordinates":[[138.740461,-34.606842],[138.74079,-34.606693],[138.741322,-34.606452]]}},{"type":"Feature","properties":{"tier":"arterial"},"geometry":{"type":"LineString","coordinates":[[138.741072,-34.619768],[138.740422,-34.620584],[138.740357,-34.620666]]}},{"type":"Feature","properties":{"tier":"arterial"},"geometry":{"type":"LineString","coordinates":[[138.740236,-34.620607],[138.74032,-34.62051],[138.740583,-34.620208],[138.740956,-34.619744]]}},{"type":"Feature","properties":{"tier":"arterial"},"geometry":{"type":"LineString","coordinates":[[138.739908,-34.621244],[138.739256,-34.622048],[138.739226,-34.622086],[138.739172,-34.622152]]}},{"type":"Feature","properties":{"tier":"arterial"},"geometry":{"type":"LineString","coordinates":[[138.740357,-34.620666],[138.739908,-34.621244]]}},{"type":"Feature","properties":{"tier":"arterial"},"geometry":{"type":"LineString","coordinates":[[138.739688,-34.621303],[138.73994,-34.620994],[138.740236,-34.620607]]}},{"type":"Feature","properties":{"tier":"arterial"},"geometry":{"type":"LineString","coordinates":[[138.739025,-34.622085],[138.739086,-34.622013],[138.739688,-34.621303]]}},{"type":"Feature","properties":{"tier":"arterial"},"geometry":{"type":"LineString","coordinates":[[138.737833,-34.623767],[138.737664,-34.623974],[138.73712,-34.624619],[138.736948,-34.624826]]}},{"type":"Feature","properties":{"tier":"arterial"},"geometry":{"type":"LineString","coordinates":[[138.739114,-34.622224],[138.739016,-34.622344],[138.738649,-34.622797]]}},{"type":"Feature","properties":{"tier":"high"},"geometry":{"type":"LineString","coordinates":[[138.746261,-34.570698],[138.746295,-34.570813]]}},{"type":"Feature","properties":{"tier":"high"},"geometry":{"type":"LineString","coordinates":[[138.746206,-34.570307],[138.746217,-34.570407],[138.746245,-34.570565],[138.746261,-34.570698]]}},{"type":"Feature","properties":{"tier":"arterial"},"geometry":{"type":"LineString","coordinates":[[138.723886,-34.604108],[138.723977,-34.603949]]}},{"type":"Feature","properties":{"tier":"regional"},"geometry":{"type":"LineString","coordinates":[[138.727386,-34.612849],[138.727557,-34.613034]]}},{"type":"Feature","properties":{"tier":"arterial"},"geometry":{"type":"LineString","coordinates":[[138.723912,-34.623362],[138.723992,-34.623339]]}},{"type":"Feature","properties":{"tier":"arterial"},"geometry":{"type":"LineString","coordinates":[[138.723309,-34.623538],[138.723912,-34.623362]]}},{"type":"Feature","properties":{"tier":"arterial"},"geometry":{"type":"LineString","coordinates":[[138.688173,-34.610121],[138.688234,-34.610094]]}},{"type":"Feature","properties":{"tier":"arterial"},"geometry":{"type":"LineString","coordinates":[[138.688234,-34.610094],[138.688285,-34.610032],[138.688334,-34.609976],[138.688459,-34.609841]]}},{"type":"Feature","properties":{"tier":"arterial"},"geometry":{"type":"LineString","coordinates":[[138.687731,-34.610044],[138.68794,-34.610089],[138.688173,-34.610121]]}},{"type":"Feature","properties":{"tier":"arterial"},"geometry":{"type":"LineString","coordinates":[[138.739926,-34.606362],[138.740017,-34.606603],[138.740047,-34.606704]]}},{"type":"Feature","properties":{"tier":"arterial"},"geometry":{"type":"LineString","coordinates":[[138.66146,-34.603506],[138.658464,-34.600945],[138.657958,-34.60043],[138.656281,-34.598387],[138.654575,-34.59629],[138.65332,-34.594769],[138.652709,-34.59402],[138.652425,-34.593675],[138.652259,-34.593476],[138.652098,-34.593309],[138.652023,-34.593238],[138.651744,-34.592976],[138.651393,-34.592673],[138.64935,-34.590932],[138.648381,-34.590115],[138.648025,-34.589804],[138.64768,-34.589549],[138.647083,-34.589238],[138.646912,-34.589165],[138.646694,-34.589089],[138.646468,-34.589022],[138.646204,-34.588954],[138.645746,-34.588883],[138.64541,-34.58886],[138.645122,-34.58886],[138.641782,-34.588922],[138.64173,-34.588923],[138.640179,-34.589029],[138.638114,-34.589276],[138.631366,-34.590004],[138.629954,-34.590141]]}},{"type":"Feature","properties":{"tier":"arterial"},"geometry":{"type":"LineString","coordinates":[[138.7219,-34.566805],[138.716753,-34.566258],[138.71534,-34.566119],[138.713507,-34.565938],[138.709514,-34.565534],[138.706485,-34.565262],[138.704111,-34.565028],[138.703755,-34.564946],[138.703427,-34.564821],[138.703269,-34.5647],[138.702778,-34.564323],[138.700568,-34.561637],[138.696748,-34.556932],[138.695547,-34.555452],[138.694341,-34.55404],[138.69378,-34.55332],[138.693552,-34.552952],[138.693313,-34.552566],[138.693059,-34.551908],[138.692864,-34.551246],[138.69249,-34.5466]]}},{"type":"Feature","properties":{"tier":"high"},"geometry":{"type":"LineString","coordinates":[[138.729813,-34.623698],[138.729621,-34.623137],[138.72914,-34.621835],[138.728935,-34.621346],[138.728623,-34.620643],[138.728388,-34.620156],[138.728092,-34.619552],[138.727692,-34.618817],[138.727423,-34.618341]]}},{"type":"Feature","properties":{"tier":"arterial"},"geometry":{"type":"LineString","coordinates":[[138.73613,-34.577465],[138.736,-34.577146],[138.735901,-34.576883]]}},{"type":"Feature","properties":{"tier":"high"},"geometry":{"type":"LineString","coordinates":[[138.724469,-34.615292],[138.724149,-34.614982]]}},{"type":"Feature","properties":{"tier":"high"},"geometry":{"type":"LineString","coordinates":[[138.745893,-34.570636],[138.746047,-34.570562],[138.746099,-34.570529],[138.746139,-34.570485]]}},{"type":"Feature","properties":{"tier":"arterial"},"geometry":{"type":"LineString","coordinates":[[138.746319,-34.566574],[138.746439,-34.566583],[138.746597,-34.5666]]}},{"type":"Feature","properties":{"tier":"high"},"geometry":{"type":"LineString","coordinates":[[138.746058,-34.568016],[138.746176,-34.567255],[138.746274,-34.566677],[138.746319,-34.566574]]}},{"type":"Feature","properties":{"tier":"arterial"},"geometry":{"type":"LineString","coordinates":[[138.746992,-34.603814],[138.747018,-34.6038],[138.747229,-34.603724],[138.747593,-34.6036]]}},{"type":"Feature","properties":{"tier":"arterial"},"geometry":{"type":"LineString","coordinates":[[138.746133,-34.604756],[138.746349,-34.604495],[138.746447,-34.604376]]}},{"type":"Feature","properties":{"tier":"arterial"},"geometry":{"type":"LineString","coordinates":[[138.747077,-34.603877],[138.746933,-34.603953],[138.746829,-34.604021]]}},{"type":"Feature","properties":{"tier":"arterial"},"geometry":{"type":"LineString","coordinates":[[138.746829,-34.604021],[138.74678,-34.60406],[138.746746,-34.604091]]}},{"type":"Feature","properties":{"tier":"arterial"},"geometry":{"type":"LineString","coordinates":[[138.747593,-34.6036],[138.747494,-34.603656],[138.747283,-34.603776],[138.747077,-34.603877]]}},{"type":"Feature","properties":{"tier":"arterial"},"geometry":{"type":"LineString","coordinates":[[138.684882,-34.609201],[138.684936,-34.609217],[138.684985,-34.609243],[138.685023,-34.609278],[138.68505,-34.609321]]}},{"type":"Feature","properties":{"tier":"arterial"},"geometry":{"type":"LineString","coordinates":[[138.684671,-34.609257],[138.684715,-34.609227],[138.684767,-34.609207],[138.684824,-34.609198],[138.684882,-34.609201]]}},{"type":"Feature","properties":{"tier":"arterial"},"geometry":{"type":"LineString","coordinates":[[138.684637,-34.609297],[138.684671,-34.609257]]}},{"type":"Feature","properties":{"tier":"arterial"},"geometry":{"type":"LineString","coordinates":[[138.723113,-34.604377],[138.723589,-34.604517]]}},{"type":"Feature","properties":{"tier":"arterial"},"geometry":{"type":"LineString","coordinates":[[138.737303,-34.607472],[138.7374,-34.607456],[138.737482,-34.607483]]}},{"type":"Feature","properties":{"tier":"arterial"},"geometry":{"type":"LineString","coordinates":[[138.730033,-34.608446],[138.730031,-34.608492],[138.730013,-34.608535],[138.729981,-34.608572]]}},{"type":"Feature","properties":{"tier":"arterial"},"geometry":{"type":"LineString","coordinates":[[138.729948,-34.608333],[138.72999,-34.608363],[138.730019,-34.608402],[138.730033,-34.608446]]}},{"type":"Feature","properties":{"tier":"arterial"},"geometry":{"type":"LineString","coordinates":[[138.729842,-34.608307],[138.729897,-34.608313],[138.729948,-34.608333]]}},{"type":"Feature","properties":{"tier":"arterial"},"geometry":{"type":"LineString","coordinates":[[138.749106,-34.597099],[138.749108,-34.597141]]}},{"type":"Feature","properties":{"tier":"arterial"},"geometry":{"type":"LineString","coordinates":[[138.749619,-34.597013],[138.749424,-34.597102]]}},{"type":"Feature","properties":{"tier":"arterial"},"geometry":{"type":"LineString","coordinates":[[138.746597,-34.5666],[138.746868,-34.566614],[138.747012,-34.56661]]}},{"type":"Feature","properties":{"tier":"arterial"},"geometry":{"type":"LineString","coordinates":[[138.749095,-34.59689],[138.7491,-34.596992],[138.749106,-34.597099]]}},{"type":"Feature","properties":{"tier":"arterial"},"geometry":{"type":"LineString","coordinates":[[138.749106,-34.597099],[138.749182,-34.597097],[138.749259,-34.59709],[138.749333,-34.597063]]}},{"type":"Feature","properties":{"tier":"arterial"},"geometry":{"type":"LineString","coordinates":[[138.746582,-34.604215],[138.746622,-34.604125],[138.74665,-34.604093]]}},{"type":"Feature","properties":{"tier":"arterial"},"geometry":{"type":"LineString","coordinates":[[138.746447,-34.604376],[138.746582,-34.604215]]}},{"type":"Feature","properties":{"tier":"arterial"},"geometry":{"type":"LineString","coordinates":[[138.7377,-34.583079],[138.737698,-34.583053]]}},{"type":"Feature","properties":{"tier":"arterial"},"geometry":{"type":"LineString","coordinates":[[138.737772,-34.583187],[138.737742,-34.58316],[138.737716,-34.583124],[138.737708,-34.583107],[138.7377,-34.583079]]}},{"type":"Feature","properties":{"tier":"arterial"},"geometry":{"type":"LineString","coordinates":[[138.73808,-34.583197],[138.738037,-34.583214],[138.737986,-34.583226],[138.737925,-34.58323],[138.737866,-34.583226],[138.73781,-34.583209],[138.737772,-34.583187]]}},{"type":"Feature","properties":{"tier":"arterial"},"geometry":{"type":"LineString","coordinates":[[138.738181,-34.583075],[138.738168,-34.583113],[138.738142,-34.58315],[138.738114,-34.583176],[138.73808,-34.583197]]}},{"type":"Feature","properties":{"tier":"arterial"},"geometry":{"type":"LineString","coordinates":[[138.738184,-34.583047],[138.738181,-34.583075]]}},{"type":"Feature","properties":{"tier":"arterial"},"geometry":{"type":"LineString","coordinates":[[138.730451,-34.608244],[138.730196,-34.608336]]}},{"type":"Feature","properties":{"tier":"arterial"},"geometry":{"type":"LineString","coordinates":[[138.729711,-34.608355],[138.729737,-34.608335],[138.729787,-34.608314],[138.729842,-34.608307]]}},{"type":"Feature","properties":{"tier":"arterial"},"geometry":{"type":"LineString","coordinates":[[138.729981,-34.608572],[138.729938,-34.6086],[138.729877,-34.608617],[138.729813,-34.608618]]}},{"type":"Feature","properties":{"tier":"arterial"},"geometry":{"type":"LineString","coordinates":[[138.737209,-34.60765],[138.737194,-34.60761],[138.737207,-34.607564],[138.737245,-34.607519],[138.737303,-34.607472]]}},{"type":"Feature","properties":{"tier":"arterial"},"geometry":{"type":"LineString","coordinates":[[138.737302,-34.607699],[138.737243,-34.607681],[138.737209,-34.60765]]}},{"type":"Feature","properties":{"tier":"arterial"},"geometry":{"type":"LineString","coordinates":[[138.737209,-34.60765],[138.737029,-34.607663],[138.736687,-34.607677]]}},{"type":"Feature","properties":{"tier":"arterial"},"geometry":{"type":"LineString","coordinates":[[138.725395,-34.605165],[138.725471,-34.605196]]}},{"type":"Feature","properties":{"tier":"high"},"geometry":{"type":"LineString","coordinates":[[138.725594,-34.604897],[138.725539,-34.605102],[138.725494,-34.605176],[138.725471,-34.605196]]}},{"type":"Feature","properties":{"tier":"arterial"},"geometry":{"type":"LineString","coordinates":[[138.737905,-34.582574],[138.737815,-34.581989],[138.737751,-34.581632],[138.737731,-34.581519]]}},{"type":"Feature","properties":{"tier":"arterial"},"geometry":{"type":"LineString","coordinates":[[138.743999,-34.587262],[138.743939,-34.587288],[138.743856,-34.587414],[138.743819,-34.587468],[138.743789,-34.587487],[138.743761,-34.587483]]}},{"type":"Feature","properties":{"tier":"arterial"},"geometry":{"type":"LineString","coordinates":[[138.743473,-34.587919],[138.743526,-34.58789],[138.743571,-34.587846],[138.743693,-34.587674],[138.743717,-34.587654],[138.743752,-34.587654]]}},{"type":"Feature","properties":{"tier":"arterial"},"geometry":{"type":"LineString","coordinates":[[138.743448,-34.589359],[138.743345,-34.589189],[138.743299,-34.589071],[138.743276,-34.588982]]}},{"type":"Feature","properties":{"tier":"arterial"},"geometry":{"type":"LineString","coordinates":[[138.743269,-34.588519],[138.74331,-34.58865],[138.743344,-34.588844]]}},{"type":"Feature","properties":{"tier":"arterial"},"geometry":{"type":"LineString","coordinates":[[138.743269,-34.588519],[138.743263,-34.588653],[138.743288,-34.588811],[138.74331,-34.588913],[138.743301,-34.588953],[138.743276,-34.588982]]}},{"type":"Feature","properties":{"tier":"high"},"geometry":{"type":"LineString","coordinates":[[138.745199,-34.572093],[138.745219,-34.572021],[138.745247,-34.571907],[138.745269,-34.571725],[138.745289,-34.571502],[138.745311,-34.571276],[138.74533,-34.571167],[138.745353,-34.571077],[138.745383,-34.571014],[138.745422,-34.570953],[138.745475,-34.570887],[138.745524,-34.570836],[138.745587,-34.570788],[138.745645,-34.570748],[138.745727,-34.570702],[138.745802,-34.570666],[138.745893,-34.570636]]}},{"type":"Feature","properties":{"tier":"high"},"geometry":{"type":"LineString","coordinates":[[138.746322,-34.570942],[138.746394,-34.571286]]}},{"type":"Feature","properties":{"tier":"high"},"geometry":{"type":"LineString","coordinates":[[138.746394,-34.571286],[138.746519,-34.572042]]}},{"type":"Feature","properties":{"tier":"high"},"geometry":{"type":"LineString","coordinates":[[138.746519,-34.572042],[138.746542,-34.57213],[138.74657,-34.572261],[138.746597,-34.572334],[138.746628,-34.572393],[138.746664,-34.572441],[138.746699,-34.572465],[138.746749,-34.572493]]}},{"type":"Feature","properties":{"tier":"high"},"geometry":{"type":"LineString","coordinates":[[138.746295,-34.570813],[138.746322,-34.570942]]}},{"type":"Feature","properties":{"tier":"high"},"geometry":{"type":"LineString","coordinates":[[138.746295,-34.570813],[138.746335,-34.570778],[138.746377,-34.570745],[138.746438,-34.570707],[138.746495,-34.570673],[138.746568,-34.57064],[138.746643,-34.57061],[138.74672,-34.570585]]}},{"type":"Feature","properties":{"tier":"high"},"geometry":{"type":"LineString","coordinates":[[138.746206,-34.567759],[138.746127,-34.568397]]}},{"type":"Feature","properties":{"tier":"high"},"geometry":{"type":"LineString","coordinates":[[138.746161,-34.569895],[138.746176,-34.570046]]}},{"type":"Feature","properties":{"tier":"high"},"geometry":{"type":"LineString","coordinates":[[138.744857,-34.572739],[138.744953,-34.57261],[138.745028,-34.572494],[138.745095,-34.572369],[138.745141,-34.572264],[138.745175,-34.572173],[138.745199,-34.572093]]}},{"type":"Feature","properties":{"tier":"arterial"},"geometry":{"type":"LineString","coordinates":[[138.736436,-34.578083],[138.73613,-34.577465]]}},{"type":"Feature","properties":{"tier":"arterial"},"geometry":{"type":"LineString","coordinates":[[138.735511,-34.575383],[138.735531,-34.575523],[138.735751,-34.576422],[138.735901,-34.576883]]}},{"type":"Feature","properties":{"tier":"arterial"},"geometry":{"type":"LineString","coordinates":[[138.737997,-34.577367],[138.73779,-34.577327],[138.73763,-34.577299]]}},{"type":"Feature","properties":{"tier":"arterial"},"geometry":{"type":"LineString","coordinates":[[138.736623,-34.582612],[138.737449,-34.582882]]}},{"type":"Feature","properties":{"tier":"arterial"},"geometry":{"type":"LineString","coordinates":[[138.721395,-34.604087],[138.721137,-34.604054],[138.720735,-34.604029]]}},{"type":"Feature","properties":{"tier":"arterial"},"geometry":{"type":"LineString","coordinates":[[138.722526,-34.604252],[138.722884,-34.60432]]}},{"type":"Feature","properties":{"tier":"high"},"geometry":{"type":"LineString","coordinates":[[138.725865,-34.60379],[138.725731,-34.604375],[138.725594,-34.604897]]}},{"type":"Feature","properties":{"tier":"high"},"geometry":{"type":"LineString","coordinates":[[138.728689,-34.596907],[138.72835,-34.597619],[138.727961,-34.598396],[138.72763,-34.599074],[138.727331,-34.59971],[138.726995,-34.600466],[138.72638,-34.601855]]}},{"type":"Feature","properties":{"tier":"high"},"geometry":{"type":"LineString","coordinates":[[138.72789,-34.617366],[138.727859,-34.617525]]}},{"type":"Feature","properties":{"tier":"regional"},"geometry":{"type":"LineString","coordinates":[[138.727992,-34.617023],[138.72789,-34.617366]]}},{"type":"Feature","properties":{"tier":"regional"},"geometry":{"type":"LineString","coordinates":[[138.728337,-34.615951],[138.728159,-34.616476]]}},{"type":"Feature","properties":{"tier":"regional"},"geometry":{"type":"LineString","coordinates":[[138.728274,-34.613808],[138.728473,-34.614025],[138.728637,-34.614314],[138.728672,-34.614457],[138.728696,-34.614592],[138.728704,-34.614727],[138.728687,-34.614907],[138.72857,-34.6153],[138.728337,-34.615951]]}},{"type":"Feature","properties":{"tier":"high"},"geometry":{"type":"LineString","coordinates":[[138.682536,-34.613141],[138.683356,-34.612217],[138.683801,-34.611732],[138.683989,-34.611484],[138.684155,-34.611153],[138.684291,-34.610783]]}},{"type":"Feature","properties":{"tier":"arterial"},"geometry":{"type":"LineString","coordinates":[[138.686451,-34.609682],[138.686146,-34.6096],[138.685676,-34.60951],[138.685456,-34.609473]]}},{"type":"Feature","properties":{"tier":"high"},"geometry":{"type":"LineString","coordinates":[[138.738196,-34.578515],[138.738503,-34.578159],[138.738542,-34.578104],[138.73857,-34.578045],[138.738591,-34.577989],[138.738603,-34.577922],[138.738605,-34.577863],[138.738596,-34.5778],[138.738575,-34.57774],[138.738548,-34.577684],[138.738511,-34.57763],[138.73846,-34.577576],[138.738421,-34.577543],[138.738353,-34.577499],[138.738281,-34.577462],[138.738205,-34.577429],[138.738101,-34.577394],[138.737997,-34.577367]]}},{"type":"Feature","properties":{"tier":"high"},"geometry":{"type":"LineString","coordinates":[[138.746266,-34.567277],[138.746206,-34.567759]]}},{"type":"Feature","properties":{"tier":"high"},"geometry":{"type":"LineString","coordinates":[[138.746319,-34.566574],[138.74635,-34.566685],[138.746266,-34.567277]]}},{"type":"Feature","properties":{"tier":"arterial"},"geometry":{"type":"LineString","coordinates":[[138.749053,-34.596147],[138.749066,-34.596431]]}},{"type":"Feature","properties":{"tier":"arterial"},"geometry":{"type":"LineString","coordinates":[[138.749066,-34.596431],[138.749068,-34.596461],[138.749095,-34.59689]]}},{"type":"Feature","properties":{"tier":"arterial"},"geometry":{"type":"LineString","coordinates":[[138.749699,-34.596897],[138.749754,-34.596872]]}},{"type":"Feature","properties":{"tier":"arterial"},"geometry":{"type":"LineString","coordinates":[[138.75002,-34.59683],[138.749942,-34.596866],[138.749936,-34.596868],[138.74979,-34.596937]]}},{"type":"Feature","properties":{"tier":"arterial"},"geometry":{"type":"LineString","coordinates":[[138.749153,-34.598077],[138.749161,-34.598283],[138.74918,-34.598753],[138.749194,-34.599097],[138.749225,-34.599935],[138.749229,-34.600047],[138.749236,-34.60013]]}},{"type":"Feature","properties":{"tier":"arterial"},"geometry":{"type":"LineString","coordinates":[[138.749108,-34.597141],[138.74911,-34.597181],[138.749111,-34.597206],[138.749116,-34.597309]]}},{"type":"Feature","properties":{"tier":"arterial"},"geometry":{"type":"LineString","coordinates":[[138.745005,-34.606113],[138.745017,-34.606099],[138.745431,-34.605601],[138.745461,-34.605565],[138.745602,-34.605395],[138.745912,-34.605022],[138.746133,-34.604756]]}},{"type":"Feature","properties":{"tier":"arterial"},"geometry":{"type":"LineString","coordinates":[[138.745416,-34.6046],[138.745472,-34.604582],[138.745961,-34.604422]]}},{"type":"Feature","properties":{"tier":"regional"},"geometry":{"type":"LineString","coordinates":[[138.745361,-34.62502],[138.745361,-34.625017],[138.745458,-34.624663],[138.746557,-34.622898],[138.747263,-34.621732],[138.747595,-34.621264],[138.748062,-34.620796],[138.748376,-34.620578],[138.75002,-34.619806]]}},{"type":"Feature","properties":{"tier":"regional"},"geometry":{"type":"LineString","coordinates":[[138.75002,-34.619881],[138.749734,-34.620004],[138.748664,-34.620495],[138.748337,-34.620692],[138.748012,-34.620948],[138.747717,-34.621259],[138.747448,-34.621604],[138.747204,-34.622011],[138.746754,-34.622742],[138.746134,-34.623736],[138.745537,-34.624705],[138.745456,-34.624971],[138.745456,-34.62502]]}},{"type":"Feature","properties":{"tier":"regional"},"geometry":{"type":"LineString","coordinates":[[138.688189,-34.610628],[138.688196,-34.610515],[138.688199,-34.610411]]}},{"type":"Feature","properties":{"tier":"high"},"geometry":{"type":"LineString","coordinates":[[138.748452,-34.569986],[138.747852,-34.570463],[138.747488,-34.570766],[138.746858,-34.571302],[138.746534,-34.571612]]}},{"type":"Feature","properties":{"tier":"regional"},"geometry":{"type":"LineString","coordinates":[[138.738954,-34.622172],[138.73881,-34.622153],[138.737781,-34.622017]]}},{"type":"Feature","properties":{"tier":"regional"},"geometry":{"type":"LineString","coordinates":[[138.737781,-34.622017],[138.738434,-34.622036],[138.738879,-34.622075],[138.739025,-34.622085]]}},{"type":"Feature","properties":{"tier":"regional"},"geometry":{"type":"LineString","coordinates":[[138.739172,-34.622152],[138.739222,-34.622182],[138.740291,-34.622826]]}},{"type":"Feature","properties":{"tier":"high"},"geometry":{"type":"LineString","coordinates":[[138.746163,-34.57062],[138.746139,-34.570485]]}},{"type":"Feature","properties":{"tier":"arterial"},"geometry":{"type":"LineString","coordinates":[[138.746582,-34.572729],[138.746616,-34.573104]]}},{"type":"Feature","properties":{"tier":"arterial"},"geometry":{"type":"LineString","coordinates":[[138.688456,-34.610377],[138.6884,-34.610412]]}},{"type":"Feature","properties":{"tier":"arterial"},"geometry":{"type":"LineString","coordinates":[[138.688234,-34.610094],[138.688303,-34.610085],[138.688371,-34.610095],[138.688432,-34.610123],[138.688479,-34.610165]]}},{"type":"Feature","properties":{"tier":"arterial"},"geometry":{"type":"LineString","coordinates":[[138.688091,-34.610272],[138.688097,-34.610215],[138.688126,-34.610163],[138.688173,-34.610121]]}},{"type":"Feature","properties":{"tier":"arterial"},"geometry":{"type":"LineString","coordinates":[[138.688459,-34.609841],[138.688455,-34.609937],[138.688476,-34.610069],[138.688479,-34.610165]]}},{"type":"Feature","properties":{"tier":"arterial"},"geometry":{"type":"LineString","coordinates":[[138.688479,-34.610165],[138.688506,-34.610217],[138.688512,-34.610275],[138.688494,-34.61033],[138.688456,-34.610377]]}},{"type":"Feature","properties":{"tier":"arterial"},"geometry":{"type":"LineString","coordinates":[[138.688199,-34.610411],[138.688145,-34.610375]]}},{"type":"Feature","properties":{"tier":"arterial"},"geometry":{"type":"LineString","coordinates":[[138.688145,-34.610375],[138.688107,-34.610327],[138.688091,-34.610272]]}},{"type":"Feature","properties":{"tier":"arterial"},"geometry":{"type":"LineString","coordinates":[[138.6884,-34.610412],[138.688334,-34.61043],[138.688265,-34.61043],[138.688199,-34.610411]]}},{"type":"Feature","properties":{"tier":"arterial"},"geometry":{"type":"LineString","coordinates":[[138.723589,-34.604517],[138.723886,-34.604108]]}},{"type":"Feature","properties":{"tier":"arterial"},"geometry":{"type":"LineString","coordinates":[[138.722872,-34.604407],[138.722235,-34.604266],[138.721808,-34.604181],[138.721395,-34.604087]]}},{"type":"Feature","properties":{"tier":"arterial"},"geometry":{"type":"LineString","coordinates":[[138.722884,-34.60432],[138.723113,-34.604377]]}},{"type":"Feature","properties":{"tier":"arterial"},"geometry":{"type":"LineString","coordinates":[[138.725471,-34.605196],[138.725877,-34.605398]]}},{"type":"Feature","properties":{"tier":"high"},"geometry":{"type":"LineString","coordinates":[[138.725471,-34.605196],[138.725348,-34.605243]]}},{"type":"Feature","properties":{"tier":"regional"},"geometry":{"type":"LineString","coordinates":[[138.749672,-34.606588],[138.7497,-34.60667]]}},{"type":"Feature","properties":{"tier":"regional"},"geometry":{"type":"LineString","coordinates":[[138.744544,-34.601179],[138.744384,-34.601356],[138.744324,-34.601392],[138.74427,-34.601385],[138.744241,-34.601385],[138.744165,-34.601326],[138.744129,-34.601262],[138.744117,-34.601163],[138.744128,-34.601045],[138.744102,-34.60097]]}},{"type":"Feature","properties":{"tier":"regional"},"geometry":{"type":"LineString","coordinates":[[138.744102,-34.60097],[138.744037,-34.600862]]}},{"type":"Feature","properties":{"tier":"regional"},"geometry":{"type":"LineString","coordinates":[[138.72789,-34.617366],[138.727862,-34.61733],[138.727844,-34.617293],[138.727848,-34.617259],[138.72787,-34.617174],[138.72794,-34.61696],[138.728159,-34.616476]]}},{"type":"Feature","properties":{"tier":"regional"},"geometry":{"type":"LineString","coordinates":[[138.728046,-34.617401],[138.727919,-34.617373],[138.72789,-34.617366]]}},{"type":"Feature","properties":{"tier":"arterial"},"geometry":{"type":"LineString","coordinates":[[138.746746,-34.604091],[138.746678,-34.604154],[138.746582,-34.604215]]}},{"type":"Feature","properties":{"tier":"high"},"geometry":{"type":"LineString","coordinates":[[138.748481,-34.550601],[138.748407,-34.550343],[138.748321,-34.550191]]}},{"type":"Feature","properties":{"tier":"high"},"geometry":{"type":"LineString","coordinates":[[138.748218,-34.550075],[138.748357,-34.550028],[138.748456,-34.549936],[138.748638,-34.54942]]}},{"type":"Feature","properties":{"tier":"arterial"},"geometry":{"type":"LineString","coordinates":[[138.738212,-34.623287],[138.738168,-34.623349],[138.738148,-34.623376]]}},{"type":"Feature","properties":{"tier":"arterial"},"geometry":{"type":"LineString","coordinates":[[138.743277,-34.611687],[138.743275,-34.611621],[138.743273,-34.611563],[138.743265,-34.611185],[138.743263,-34.611112],[138.743262,-34.611081],[138.743241,-34.610561],[138.743235,-34.610411],[138.743233,-34.610297],[138.743231,-34.610251],[138.74322,-34.610036],[138.743215,-34.609926],[138.743213,-34.609806],[138.743204,-34.609337],[138.743199,-34.60905]]}},{"type":"Feature","properties":{"tier":"arterial"},"geometry":{"type":"LineString","coordinates":[[138.744445,-34.586485],[138.744299,-34.586717]]}},{"type":"Feature","properties":{"tier":"arterial"},"geometry":{"type":"LineString","coordinates":[[138.74979,-34.596937],[138.749619,-34.597013]]}},{"type":"Feature","properties":{"tier":"arterial"},"geometry":{"type":"LineString","coordinates":[[138.749754,-34.596872],[138.749901,-34.596808],[138.75002,-34.596757]]}},{"type":"Feature","properties":{"tier":"arterial"},"geometry":{"type":"LineString","coordinates":[[138.743344,-34.588844],[138.743363,-34.588937]]}},{"type":"Feature","properties":{"tier":"arterial"},"geometry":{"type":"LineString","coordinates":[[138.743363,-34.588937],[138.743416,-34.589186],[138.743448,-34.589359]]}},{"type":"Feature","properties":{"tier":"arterial"},"geometry":{"type":"LineString","coordinates":[[138.7381,-34.582904],[138.738137,-34.582934],[138.738165,-34.582972],[138.738179,-34.583005],[138.738184,-34.583047]]}},{"type":"Feature","properties":{"tier":"arterial"},"geometry":{"type":"LineString","coordinates":[[138.727386,-34.612849],[138.72758,-34.612721],[138.727672,-34.612661],[138.727921,-34.612497],[138.728829,-34.611915],[138.729365,-34.611538],[138.729647,-34.611312],[138.729764,-34.611164],[138.729859,-34.611035],[138.729951,-34.610874],[138.730052,-34.610738],[138.730117,-34.610579],[138.730164,-34.610396],[138.730224,-34.61019],[138.73022,-34.609998]]}},{"type":"Feature","properties":{"tier":"arterial"},"geometry":{"type":"LineString","coordinates":[[138.724959,-34.614472],[138.72529,-34.614253],[138.725758,-34.613948],[138.726646,-34.613349],[138.727021,-34.613096],[138.727123,-34.613027],[138.727386,-34.612849]]}},{"type":"Feature","properties":{"tier":"regional"},"geometry":{"type":"LineString","coordinates":[[138.728159,-34.616476],[138.727992,-34.617023]]}},{"type":"Feature","properties":{"tier":"regional"},"geometry":{"type":"LineString","coordinates":[[138.748775,-34.590698],[138.748833,-34.591261],[138.748899,-34.59162],[138.748953,-34.591818],[138.748976,-34.591924],[138.748983,-34.592012],[138.748982,-34.592107],[138.748946,-34.592308]]}},{"type":"Feature","properties":{"tier":"high"},"geometry":{"type":"LineString","coordinates":[[138.739881,-34.577031],[138.74067,-34.576387],[138.741472,-34.575771]]}},{"type":"Feature","properties":{"tier":"high"},"geometry":{"type":"LineString","coordinates":[[138.738551,-34.578227],[138.738859,-34.577942],[138.739545,-34.577333],[138.739881,-34.577031]]}},{"type":"Feature","properties":{"tier":"high"},"geometry":{"type":"LineString","coordinates":[[138.733661,-34.582577],[138.733966,-34.58231],[138.73434,-34.582019],[138.734825,-34.581646],[138.735775,-34.580869]]}},{"type":"Feature","properties":{"tier":"high"},"geometry":{"type":"LineString","coordinates":[[138.731861,-34.58506],[138.732055,-34.584652],[138.73227,-34.584267],[138.732648,-34.583687],[138.733024,-34.583227],[138.733391,-34.582839],[138.733661,-34.582577]]}},{"type":"Feature","properties":{"tier":"high"},"geometry":{"type":"LineString","coordinates":[[138.731086,-34.590794],[138.731158,-34.590317],[138.731223,-34.589793],[138.731267,-34.589064],[138.731318,-34.588111],[138.731335,-34.587729]]}},{"type":"Feature","properties":{"tier":"high"},"geometry":{"type":"LineString","coordinates":[[138.726043,-34.600391],[138.726096,-34.599914],[138.726135,-34.599595],[138.726186,-34.599274],[138.726243,-34.598998],[138.726281,-34.59879],[138.726339,-34.59853],[138.726413,-34.598282],[138.726511,-34.597987],[138.726658,-34.597642]]}},{"type":"Feature","properties":{"tier":"high"},"geometry":{"type":"LineString","coordinates":[[138.726658,-34.597642],[138.726773,-34.597408],[138.726911,-34.597158],[138.727105,-34.596854],[138.727288,-34.596596],[138.727458,-34.596388],[138.727637,-34.596186],[138.727869,-34.59595],[138.728708,-34.59513],[138.729167,-34.594666],[138.729418,-34.594388],[138.729678,-34.594053],[138.729848,-34.593815],[138.730015,-34.593559],[138.730172,-34.593292],[138.730339,-34.593118]]}},{"type":"Feature","properties":{"tier":"regional"},"geometry":{"type":"LineString","coordinates":[[138.7497,-34.60667],[138.749717,-34.60676],[138.74971,-34.606853],[138.749697,-34.606892],[138.749684,-34.606931],[138.74964,-34.607017]]}},{"type":"Feature","properties":{"tier":"high"},"geometry":{"type":"LineString","coordinates":[[138.744275,-34.573394],[138.744919,-34.572815],[138.745274,-34.572499],[138.745873,-34.571952],[138.74624,-34.571619]]}},{"type":"Feature","properties":{"tier":"high"},"geometry":{"type":"LineString","coordinates":[[138.744275,-34.573394],[138.744857,-34.572739]]}},{"type":"Feature","properties":{"tier":"high"},"geometry":{"type":"LineString","coordinates":[[138.746141,-34.569561],[138.746161,-34.569895]]}},{"type":"Feature","properties":{"tier":"high"},"geometry":{"type":"LineString","coordinates":[[138.746176,-34.570046],[138.746206,-34.570307]]}},{"type":"Feature","properties":{"tier":"high"},"geometry":{"type":"LineString","coordinates":[[138.746319,-34.571555],[138.746279,-34.571335],[138.746221,-34.570962]]}},{"type":"Feature","properties":{"tier":"high"},"geometry":{"type":"LineString","coordinates":[[138.746221,-34.570962],[138.746163,-34.57062]]}},{"type":"Feature","properties":{"tier":"high"},"geometry":{"type":"LineString","coordinates":[[138.746221,-34.570962],[138.746238,-34.570907],[138.746263,-34.570856],[138.746281,-34.570829],[138.746295,-34.570813]]}},{"type":"Feature","properties":{"tier":"high"},"geometry":{"type":"LineString","coordinates":[[138.731335,-34.587729],[138.731352,-34.587169],[138.731388,-34.586774],[138.731492,-34.586119],[138.731656,-34.585577],[138.731861,-34.58506]]}},{"type":"Feature","properties":{"tier":"high"},"geometry":{"type":"LineString","coordinates":[[138.730795,-34.59193],[138.730899,-34.591574],[138.731086,-34.590794]]}},{"type":"Feature","properties":{"tier":"high"},"geometry":{"type":"LineString","coordinates":[[138.730725,-34.592143],[138.730795,-34.59193]]}},{"type":"Feature","properties":{"tier":"high"},"geometry":{"type":"LineString","coordinates":[[138.735635,-34.58119],[138.734724,-34.581957],[138.73429,-34.582346]]}},{"type":"Feature","properties":{"tier":"high"},"geometry":{"type":"LineString","coordinates":[[138.736733,-34.580223],[138.735635,-34.58119]]}},{"type":"Feature","properties":{"tier":"high"},"geometry":{"type":"LineString","coordinates":[[138.738294,-34.57873],[138.737145,-34.579841],[138.736733,-34.580223]]}},{"type":"Feature","properties":{"tier":"high"},"geometry":{"type":"LineString","coordinates":[[138.741325,-34.576163],[138.740232,-34.57705],[138.739502,-34.577657],[138.738893,-34.578182],[138.738294,-34.57873]]}},{"type":"Feature","properties":{"tier":"high"},"geometry":{"type":"LineString","coordinates":[[138.742307,-34.575359],[138.741707,-34.575854],[138.741325,-34.576163]]}},{"type":"Feature","properties":{"tier":"regional"},"geometry":{"type":"LineString","coordinates":[[138.744145,-34.62502],[138.744083,-34.624989]]}},{"type":"Feature","properties":{"tier":"regional"},"geometry":{"type":"LineString","coordinates":[[138.740834,-34.623127],[138.740291,-34.622826]]}},{"type":"Feature","properties":{"tier":"arterial"},"geometry":{"type":"LineString","coordinates":[[138.749138,-34.597817],[138.749153,-34.598077]]}},{"type":"Feature","properties":{"tier":"high"},"geometry":{"type":"LineString","coordinates":[[138.67337,-34.62502],[138.674039,-34.62348],[138.674534,-34.622576],[138.674699,-34.622275],[138.675729,-34.620704],[138.676898,-34.619295],[138.679905,-34.616009]]}},{"type":"Feature","properties":{"tier":"high"},"geometry":{"type":"LineString","coordinates":[[138.680165,-34.616011],[138.677049,-34.619406],[138.675927,-34.620783],[138.674887,-34.622346],[138.674721,-34.62265],[138.674232,-34.623547],[138.673598,-34.62502]]}},{"type":"Feature","properties":{"tier":"high"},"geometry":{"type":"LineString","coordinates":[[138.681647,-34.614089],[138.682536,-34.613141]]}},{"type":"Feature","properties":{"tier":"high"},"geometry":{"type":"LineString","coordinates":[[138.684134,-34.61193],[138.683579,-34.612403],[138.682708,-34.613247],[138.68184,-34.614164]]}},{"type":"Feature","properties":{"tier":"regional"},"geometry":{"type":"LineString","coordinates":[[138.747597,-34.581243],[138.747547,-34.581128],[138.747466,-34.581089],[138.747423,-34.581069]]}},{"type":"Feature","properties":{"tier":"arterial"},"geometry":{"type":"LineString","coordinates":[[138.743176,-34.616954],[138.743117,-34.617063],[138.74305,-34.617167],[138.742995,-34.617237],[138.74296,-34.617295],[138.742674,-34.617664],[138.742099,-34.618406]]}},{"type":"Feature","properties":{"tier":"arterial"},"geometry":{"type":"LineString","coordinates":[[138.738148,-34.623376],[138.738009,-34.62355],[138.737833,-34.623767]]}},{"type":"Feature","properties":{"tier":"arterial"},"geometry":{"type":"LineString","coordinates":[[138.737654,-34.623784],[138.737806,-34.623531],[138.738064,-34.623211]]}},{"type":"Feature","properties":{"tier":"arterial"},"geometry":{"type":"LineString","coordinates":[[138.738064,-34.623211],[138.738383,-34.622843]]}},{"type":"Feature","properties":{"tier":"arterial"},"geometry":{"type":"LineString","coordinates":[[138.738649,-34.622797],[138.738212,-34.623287]]}},{"type":"Feature","properties":{"tier":"arterial"},"geometry":{"type":"LineString","coordinates":[[138.738954,-34.622172],[138.739025,-34.622085]]}},{"type":"Feature","properties":{"tier":"arterial"},"geometry":{"type":"LineString","coordinates":[[138.738383,-34.622843],[138.738837,-34.622307],[138.738849,-34.622293],[138.738954,-34.622172]]}},{"type":"Feature","properties":{"tier":"arterial"},"geometry":{"type":"LineString","coordinates":[[138.739172,-34.622152],[138.739114,-34.622224]]}},{"type":"Feature","properties":{"tier":"arterial"},"geometry":{"type":"LineString","coordinates":[[138.741333,-34.619435],[138.741072,-34.619768]]}},{"type":"Feature","properties":{"tier":"arterial"},"geometry":{"type":"LineString","coordinates":[[138.741853,-34.618723],[138.741333,-34.619435]]}},{"type":"Feature","properties":{"tier":"arterial"},"geometry":{"type":"LineString","coordinates":[[138.740956,-34.619744],[138.741082,-34.619603],[138.741853,-34.618723]]}},{"type":"Feature","properties":{"tier":"arterial"},"geometry":{"type":"LineString","coordinates":[[138.74665,-34.604093],[138.746734,-34.603998],[138.746789,-34.603944]]}},{"type":"Feature","properties":{"tier":"arterial"},"geometry":{"type":"LineString","coordinates":[[138.745961,-34.604422],[138.746241,-34.604336],[138.746274,-34.60433],[138.74631,-34.60433],[138.746351,-34.604336],[138.746378,-34.604342],[138.746447,-34.604376]]}},{"type":"Feature","properties":{"tier":"arterial"},"geometry":{"type":"LineString","coordinates":[[138.743407,-34.608022],[138.74343,-34.608153],[138.743475,-34.608205]]}},{"type":"Feature","properties":{"tier":"arterial"},"geometry":{"type":"LineString","coordinates":[[138.744644,-34.606549],[138.744705,-34.606426],[138.744734,-34.606368]]}},{"type":"Feature","properties":{"tier":"arterial"},"geometry":{"type":"LineString","coordinates":[[138.744832,-34.606408],[138.744762,-34.606461],[138.744644,-34.606549]]}},{"type":"Feature","properties":{"tier":"arterial"},"geometry":{"type":"LineString","coordinates":[[138.743244,-34.608129],[138.743401,-34.607949],[138.743437,-34.607922],[138.743506,-34.607872]]}},{"type":"Feature","properties":{"tier":"arterial"},"geometry":{"type":"LineString","coordinates":[[138.743506,-34.607872],[138.743471,-34.60794],[138.74346,-34.607961],[138.743407,-34.608022],[138.743382,-34.608051],[138.743353,-34.60809],[138.743337,-34.608131],[138.743329,-34.608163]]}},{"type":"Feature","properties":{"tier":"arterial"},"geometry":{"type":"LineString","coordinates":[[138.745005,-34.606113],[138.744951,-34.60621],[138.744908,-34.606288]]}},{"type":"Feature","properties":{"tier":"arterial"},"geometry":{"type":"LineString","coordinates":[[138.744832,-34.606245],[138.74491,-34.606186],[138.745005,-34.606113]]}},{"type":"Feature","properties":{"tier":"regional"},"geometry":{"type":"LineString","coordinates":[[138.745888,-34.612657],[138.745859,-34.612703],[138.744832,-34.614365],[138.74415,-34.615467],[138.743647,-34.616338]]}},{"type":"Feature","properties":{"tier":"regional"},"geometry":{"type":"LineString","coordinates":[[138.744083,-34.624989],[138.743192,-34.624478],[138.742104,-34.623855]]}},{"type":"Feature","properties":{"tier":"arterial"},"geometry":{"type":"LineString","coordinates":[[138.736694,-34.62502],[138.736803,-34.624889]]}},{"type":"Feature","properties":{"tier":"arterial"},"geometry":{"type":"LineString","coordinates":[[138.736803,-34.624889],[138.736829,-34.624857],[138.736952,-34.624715]]}},{"type":"Feature","properties":{"tier":"arterial"},"geometry":{"type":"LineString","coordinates":[[138.736952,-34.624715],[138.73706,-34.62459],[138.737088,-34.624555],[138.7374,-34.624134],[138.737567,-34.623916],[138.737654,-34.623784]]}},{"type":"Feature","properties":{"tier":"arterial"},"geometry":{"type":"LineString","coordinates":[[138.743177,-34.588333],[138.743155,-34.588325],[138.743135,-34.588314],[138.743118,-34.588301],[138.743103,-34.588285],[138.743092,-34.588267],[138.743085,-34.588248]]}},{"type":"Feature","properties":{"tier":"arterial"},"geometry":{"type":"LineString","coordinates":[[138.74333,-34.588299],[138.743305,-34.588318],[138.743276,-34.588331],[138.743244,-34.588338],[138.74321,-34.588339],[138.743177,-34.588333]]}},{"type":"Feature","properties":{"tier":"arterial"},"geometry":{"type":"LineString","coordinates":[[138.743353,-34.588178],[138.743361,-34.588198],[138.743364,-34.58822],[138.743363,-34.588241],[138.74336,-34.588248],[138.743356,-34.588262],[138.743345,-34.588282],[138.74333,-34.588299]]}},{"type":"Feature","properties":{"tier":"arterial"},"geometry":{"type":"LineString","coordinates":[[138.74322,-34.588107],[138.743262,-34.588111],[138.7433,-34.588125],[138.743331,-34.588148],[138.743353,-34.588178]]}},{"type":"Feature","properties":{"tier":"arterial"},"geometry":{"type":"LineString","coordinates":[[138.74315,-34.588123],[138.743172,-34.588115],[138.743196,-34.588109],[138.74322,-34.588107]]}},{"type":"Feature","properties":{"tier":"regional"},"geometry":{"type":"LineString","coordinates":[[138.748115,-34.584384],[138.748106,-34.584418],[138.748083,-34.584447],[138.748055,-34.584464],[138.748022,-34.584471]]}},{"type":"Feature","properties":{"tier":"regional"},"geometry":{"type":"LineString","coordinates":[[138.748003,-34.584299],[138.748042,-34.584306],[138.748084,-34.584328],[138.748101,-34.58435],[138.748115,-34.584384]]}},{"type":"Feature","properties":{"tier":"regional"},"geometry":{"type":"LineString","coordinates":[[138.748022,-34.584471],[138.747961,-34.58446],[138.747928,-34.584434],[138.747904,-34.584401]]}},{"type":"Feature","properties":{"tier":"arterial"},"geometry":{"type":"LineString","coordinates":[[138.744767,-34.606258],[138.744787,-34.60625],[138.744809,-34.606246],[138.744832,-34.606245]]}},{"type":"Feature","properties":{"tier":"arterial"},"geometry":{"type":"LineString","coordinates":[[138.744857,-34.606403],[138.744832,-34.606408]]}},{"type":"Feature","properties":{"tier":"arterial"},"geometry":{"type":"LineString","coordinates":[[138.744908,-34.606288],[138.744918,-34.606311],[138.74492,-34.606336]]}},{"type":"Feature","properties":{"tier":"arterial"},"geometry":{"type":"LineString","coordinates":[[138.744734,-34.606368],[138.744723,-34.606344],[138.744722,-34.606319]]}},{"type":"Feature","properties":{"tier":"arterial"},"geometry":{"type":"LineString","coordinates":[[138.744832,-34.606245],[138.744855,-34.60625],[138.744876,-34.606259],[138.744894,-34.606272],[138.744908,-34.606288]]}},{"type":"Feature","properties":{"tier":"arterial"},"geometry":{"type":"LineString","coordinates":[[138.744832,-34.606408],[138.744794,-34.606406],[138.74476,-34.606392],[138.744734,-34.606368]]}},{"type":"Feature","properties":{"tier":"arterial"},"geometry":{"type":"LineString","coordinates":[[138.74492,-34.606336],[138.744913,-34.606357],[138.7449,-34.606377],[138.744881,-34.606392],[138.744857,-34.606403]]}},{"type":"Feature","properties":{"tier":"arterial"},"geometry":{"type":"LineString","coordinates":[[138.743336,-34.608276],[138.743309,-34.6083],[138.743274,-34.608314]]}},{"type":"Feature","properties":{"tier":"arterial"},"geometry":{"type":"LineString","coordinates":[[138.743329,-34.608163],[138.743346,-34.608187]]}},{"type":"Feature","properties":{"tier":"arterial"},"geometry":{"type":"LineString","coordinates":[[138.743127,-34.608205],[138.743142,-34.608174],[138.743168,-34.608149],[138.743204,-34.608134],[138.743244,-34.608129]]}},{"type":"Feature","properties":{"tier":"arterial"},"geometry":{"type":"LineString","coordinates":[[138.743144,-34.608275],[138.743127,-34.608241],[138.743127,-34.608205]]}},{"type":"Feature","properties":{"tier":"arterial"},"geometry":{"type":"LineString","coordinates":[[138.743165,-34.608296],[138.743144,-34.608275]]}},{"type":"Feature","properties":{"tier":"arterial"},"geometry":{"type":"LineString","coordinates":[[138.743274,-34.608314],[138.743217,-34.608316],[138.743165,-34.608296]]}},{"type":"Feature","properties":{"tier":"arterial"},"geometry":{"type":"LineString","coordinates":[[138.743244,-34.608129],[138.743276,-34.608133],[138.743305,-34.608145],[138.743329,-34.608163]]}},{"type":"Feature","properties":{"tier":"arterial"},"geometry":{"type":"LineString","coordinates":[[138.736687,-34.607677],[138.735828,-34.607704],[138.734277,-34.607762]]}},{"type":"Feature","properties":{"tier":"regional"},"geometry":{"type":"LineString","coordinates":[[138.73739,-34.610096],[138.737386,-34.609993],[138.737342,-34.608796],[138.737329,-34.608438],[138.737306,-34.607817],[138.737302,-34.607699]]}},{"type":"Feature","properties":{"tier":"arterial"},"geometry":{"type":"LineString","coordinates":[[138.72213,-34.623898],[138.722796,-34.623691],[138.722908,-34.623658],[138.722992,-34.623633],[138.723309,-34.623538]]}},{"type":"Feature","properties":{"tier":"regional"},"geometry":{"type":"LineString","coordinates":[[138.730287,-34.623598],[138.730295,-34.62357],[138.730305,-34.623554],[138.730341,-34.623527]]}},{"type":"Feature","properties":{"tier":"regional"},"geometry":{"type":"LineString","coordinates":[[138.730356,-34.62368],[138.730325,-34.623666],[138.730311,-34.623655],[138.730293,-34.62363],[138.730287,-34.623598]]}},{"type":"Feature","properties":{"tier":"regional"},"geometry":{"type":"LineString","coordinates":[[138.730385,-34.623684],[138.730356,-34.62368]]}},{"type":"Feature","properties":{"tier":"regional"},"geometry":{"type":"LineString","coordinates":[[138.730479,-34.623638],[138.730458,-34.623662],[138.73042,-34.62368],[138.730385,-34.623684]]}},{"type":"Feature","properties":{"tier":"regional"},"geometry":{"type":"LineString","coordinates":[[138.730457,-34.623539],[138.730478,-34.623562],[138.730489,-34.623592],[138.730487,-34.623621],[138.730479,-34.623638]]}},{"type":"Feature","properties":{"tier":"regional"},"geometry":{"type":"LineString","coordinates":[[138.734518,-34.621906],[138.73454,-34.621934],[138.734548,-34.621967],[138.734544,-34.621993],[138.734528,-34.622018]]}},{"type":"Feature","properties":{"tier":"regional"},"geometry":{"type":"LineString","coordinates":[[138.734503,-34.621895],[138.734518,-34.621906]]}},{"type":"Feature","properties":{"tier":"regional"},"geometry":{"type":"LineString","coordinates":[[138.734363,-34.621912],[138.734369,-34.621906],[138.734401,-34.621889],[138.734441,-34.621881],[138.734476,-34.621885],[138.734503,-34.621895]]}},{"type":"Feature","properties":{"tier":"regional"},"geometry":{"type":"LineString","coordinates":[[138.734351,-34.621925],[138.734363,-34.621912]]}},{"type":"Feature","properties":{"tier":"regional"},"geometry":{"type":"LineString","coordinates":[[138.734369,-34.622028],[138.734344,-34.621998],[138.734338,-34.621967],[138.734351,-34.621925]]}},{"type":"Feature","properties":{"tier":"regional"},"geometry":{"type":"LineString","coordinates":[[138.742104,-34.623855],[138.741999,-34.623795]]}},{"type":"Feature","properties":{"tier":"arterial"},"geometry":{"type":"LineString","coordinates":[[138.748949,-34.609374],[138.74904,-34.609535]]}},{"type":"Feature","properties":{"tier":"arterial"},"geometry":{"type":"LineString","coordinates":[[138.748523,-34.608368],[138.748575,-34.608404],[138.748629,-34.608484],[138.748949,-34.609374]]}},{"type":"Feature","properties":{"tier":"regional"},"geometry":{"type":"LineString","coordinates":[[138.748062,-34.609117],[138.748081,-34.609128],[138.748095,-34.609143],[138.748103,-34.609161],[138.748104,-34.609179],[138.748099,-34.609198]]}},{"type":"Feature","properties":{"tier":"regional"},"geometry":{"type":"LineString","coordinates":[[138.747991,-34.609227],[138.747972,-34.609213],[138.747959,-34.609194],[138.747954,-34.609173],[138.747957,-34.609157]]}},{"type":"Feature","properties":{"tier":"regional"},"geometry":{"type":"LineString","coordinates":[[138.748099,-34.609198],[138.748085,-34.609215],[138.748065,-34.609228],[138.748041,-34.609235],[138.748015,-34.609234],[138.747991,-34.609227]]}},{"type":"Feature","properties":{"tier":"arterial"},"geometry":{"type":"LineString","coordinates":[[138.723839,-34.622967],[138.723832,-34.622703]]}},{"type":"Feature","properties":{"tier":"arterial"},"geometry":{"type":"LineString","coordinates":[[138.745961,-34.604422],[138.746083,-34.604338],[138.746354,-34.60425],[138.746447,-34.604227],[138.7465,-34.604214],[138.746582,-34.604215]]}},{"type":"Feature","properties":{"tier":"arterial"},"geometry":{"type":"LineString","coordinates":[[138.746365,-34.57467],[138.746482,-34.574019],[138.746498,-34.573935],[138.746509,-34.573874]]}},{"type":"Feature","properties":{"tier":"regional"},"geometry":{"type":"LineString","coordinates":[[138.737834,-34.613304],[138.7377,-34.612322],[138.737651,-34.612],[138.737546,-34.611316],[138.73739,-34.610096]]}},{"type":"Feature","properties":{"tier":"regional"},"geometry":{"type":"LineString","coordinates":[[138.738119,-34.615378],[138.737977,-34.614343],[138.73796,-34.614219],[138.737955,-34.614183],[138.737944,-34.614104],[138.737922,-34.613942],[138.737916,-34.6139],[138.737907,-34.613835],[138.737834,-34.613304]]}},{"type":"Feature","properties":{"tier":"arterial"},"geometry":{"type":"LineString","coordinates":[[138.72581,-34.605486],[138.725348,-34.605243]]}},{"type":"Feature","properties":{"tier":"arterial"},"geometry":{"type":"LineString","coordinates":[[138.720735,-34.604029],[138.720345,-34.604045],[138.719874,-34.604101],[138.719433,-34.604202],[138.716294,-34.60516],[138.715181,-34.605494],[138.71285,-34.606205]]}},{"type":"Feature","properties":{"tier":"high"},"geometry":{"type":"LineString","coordinates":[[138.728695,-34.620259],[138.728937,-34.620777]]}},{"type":"Feature","properties":{"tier":"high"},"geometry":{"type":"LineString","coordinates":[[138.72795,-34.6188],[138.728239,-34.61934],[138.728318,-34.619495]]}},{"type":"Feature","properties":{"tier":"high"},"geometry":{"type":"LineString","coordinates":[[138.728937,-34.620777],[138.729161,-34.62128],[138.729377,-34.621807],[138.729722,-34.622707],[138.72986,-34.623098],[138.729992,-34.623487]]}},{"type":"Feature","properties":{"tier":"high"},"geometry":{"type":"LineString","coordinates":[[138.728318,-34.619495],[138.728477,-34.619826],[138.728695,-34.620259]]}},{"type":"Feature","properties":{"tier":"regional"},"geometry":{"type":"LineString","coordinates":[[138.629954,-34.590141],[138.629955,-34.590226],[138.629961,-34.590954],[138.629967,-34.59219],[138.629976,-34.59345],[138.629957,-34.593568],[138.62992,-34.593704],[138.629859,-34.593869],[138.629323,-34.595286],[138.6293,-34.595378],[138.62928,-34.59551],[138.629278,-34.595675],[138.629298,-34.596308],[138.629412,-34.60052],[138.629416,-34.600685]]}},{"type":"Feature","properties":{"tier":"arterial"},"geometry":{"type":"LineString","coordinates":[[138.744286,-34.606965],[138.74445,-34.606773]]}},{"type":"Feature","properties":{"tier":"arterial"},"geometry":{"type":"LineString","coordinates":[[138.74445,-34.606773],[138.744583,-34.606619],[138.744644,-34.606549]]}},{"type":"Feature","properties":{"tier":"high"},"geometry":{"type":"LineString","coordinates":[[138.749597,-34.541839],[138.749545,-34.54196],[138.749536,-34.542075],[138.749535,-34.542199],[138.74953,-34.542358],[138.749455,-34.542734]]}},{"type":"Feature","properties":{"tier":"high"},"geometry":{"type":"LineString","coordinates":[[138.749455,-34.542734],[138.749436,-34.54223],[138.749425,-34.542088],[138.749409,-34.54198],[138.749346,-34.541888]]}},{"type":"Feature","properties":{"tier":"high"},"geometry":{"type":"LineString","coordinates":[[138.749597,-34.541839],[138.749503,-34.541883],[138.749425,-34.541893],[138.749346,-34.541888]]}},{"type":"Feature","properties":{"tier":"high"},"geometry":{"type":"LineString","coordinates":[[138.749373,-34.541375],[138.749481,-34.541198],[138.74957,-34.54103],[138.749616,-34.540918],[138.749666,-34.540741],[138.749726,-34.540414],[138.749787,-34.540186]]}},{"type":"Feature","properties":{"tier":"high"},"geometry":{"type":"LineString","coordinates":[[138.749787,-34.540186],[138.749798,-34.540372],[138.749776,-34.540586],[138.749728,-34.540856],[138.749648,-34.541088],[138.749624,-34.541188],[138.749616,-34.541286],[138.749632,-34.541446]]}},{"type":"Feature","properties":{"tier":"high"},"geometry":{"type":"LineString","coordinates":[[138.749632,-34.541446],[138.74969,-34.541509],[138.749723,-34.541583],[138.749727,-34.541663],[138.749701,-34.541739],[138.749649,-34.541806],[138.749597,-34.541839]]}},{"type":"Feature","properties":{"tier":"high"},"geometry":{"type":"LineString","coordinates":[[138.75002,-34.538483],[138.749951,-34.539033],[138.749787,-34.540186]]}},{"type":"Feature","properties":{"tier":"high"},"geometry":{"type":"LineString","coordinates":[[138.737979,-34.57876],[138.738551,-34.578227]]}},{"type":"Feature","properties":{"tier":"high"},"geometry":{"type":"LineString","coordinates":[[138.735775,-34.580869],[138.737979,-34.57876]]}},{"type":"Feature","properties":{"tier":"arterial"},"geometry":{"type":"LineString","coordinates":[[138.692405,-34.545547],[138.692303,-34.544361]]}},{"type":"Feature","properties":{"tier":"arterial"},"geometry":{"type":"LineString","coordinates":[[138.69249,-34.5466],[138.692405,-34.545547]]}},{"type":"Feature","properties":{"tier":"arterial"},"geometry":{"type":"LineString","coordinates":[[138.690407,-34.523094],[138.690139,-34.519888],[138.690036,-34.518637]]}},{"type":"Feature","properties":{"tier":"arterial"},"geometry":{"type":"LineString","coordinates":[[138.691151,-34.530664],[138.691056,-34.529593],[138.69085,-34.527666],[138.690568,-34.525033],[138.690415,-34.523188],[138.690407,-34.523094]]}},{"type":"Feature","properties":{"tier":"arterial"},"geometry":{"type":"LineString","coordinates":[[138.691514,-34.535191],[138.691404,-34.533519],[138.691172,-34.530902],[138.691151,-34.530664]]}},{"type":"Feature","properties":{"tier":"arterial"},"geometry":{"type":"LineString","coordinates":[[138.692303,-34.544361],[138.691985,-34.540677],[138.6917,-34.53739],[138.691525,-34.535365],[138.691514,-34.535191]]}},{"type":"Feature","properties":{"tier":"high"},"geometry":{"type":"LineString","coordinates":[[138.749346,-34.541888],[138.749265,-34.541863],[138.749195,-34.541822],[138.749141,-34.541767],[138.749108,-34.541701]]}},{"type":"Feature","properties":{"tier":"high"},"geometry":{"type":"LineString","coordinates":[[138.749108,-34.541701],[138.749097,-34.54164],[138.749104,-34.541578],[138.749128,-34.54152]]}},{"type":"Feature","properties":{"tier":"high"},"geometry":{"type":"LineString","coordinates":[[138.749128,-34.54152],[138.749171,-34.541466],[138.749228,-34.541422],[138.749297,-34.541391],[138.749373,-34.541375]]}},{"type":"Feature","properties":{"tier":"high"},"geometry":{"type":"LineString","coordinates":[[138.749373,-34.541375],[138.749443,-34.541374],[138.749512,-34.541386],[138.749576,-34.54141],[138.749632,-34.541446]]}},{"type":"Feature","properties":{"tier":"arterial"},"geometry":{"type":"LineString","coordinates":[[138.734184,-34.570257],[138.73449,-34.571314],[138.734695,-34.572105],[138.735056,-34.573197],[138.735239,-34.573798],[138.73525,-34.573859],[138.735359,-34.574463],[138.73544,-34.57487],[138.735511,-34.575383]]}},{"type":"Feature","properties":{"tier":"arterial"},"geometry":{"type":"LineString","coordinates":[[138.749049,-34.596059],[138.749053,-34.596147]]}},{"type":"Feature","properties":{"tier":"arterial"},"geometry":{"type":"LineString","coordinates":[[138.749043,-34.595914],[138.749048,-34.596025],[138.749049,-34.596059]]}},{"type":"Feature","properties":{"tier":"arterial"},"geometry":{"type":"LineString","coordinates":[[138.727672,-34.612661],[138.727534,-34.612829],[138.727521,-34.612918],[138.727557,-34.613034]]}},{"type":"Feature","properties":{"tier":"arterial"},"geometry":{"type":"LineString","coordinates":[[138.727557,-34.613034],[138.727364,-34.612994],[138.727239,-34.613002],[138.727123,-34.613027]]}},{"type":"Feature","properties":{"tier":"regional"},"geometry":{"type":"LineString","coordinates":[[138.727557,-34.613034],[138.728274,-34.613808]]}},{"type":"Feature","properties":{"tier":"arterial"},"geometry":{"type":"LineString","coordinates":[[138.736535,-34.577373],[138.736475,-34.57742],[138.736369,-34.577526],[138.736327,-34.577676],[138.736436,-34.578083]]}},{"type":"Feature","properties":{"tier":"arterial"},"geometry":{"type":"LineString","coordinates":[[138.735901,-34.576883],[138.736107,-34.577208],[138.736281,-34.577309],[138.736535,-34.577373]]}},{"type":"Feature","properties":{"tier":"arterial"},"geometry":{"type":"LineString","coordinates":[[138.718374,-34.62502],[138.719119,-34.624795],[138.719371,-34.624718],[138.720257,-34.62445],[138.720343,-34.624424]]}},{"type":"Feature","properties":{"tier":"arterial"},"geometry":{"type":"LineString","coordinates":[[138.720343,-34.624424],[138.72213,-34.623898]]}}]}
