{"type":"FeatureCollection","features":[{"type":"Feature","properties":{"tier":"arterial"},"geometry":{"type":"LineString","coordinates":[[138.528161,-34.875794],[138.528153,-34.875889]]}},{"type":"Feature","properties":{"tier":"arterial"},"geometry":{"type":"LineString","coordinates":[[138.515322,-34.880218],[138.514887,-34.879927],[138.514602,-34.879729],[138.514364,-34.87962],[138.514143,-34.879551],[138.513948,-34.879506],[138.513696,-34.879484],[138.513385,-34.879465],[138.512973,-34.879465],[138.512939,-34.879464],[138.512853,-34.879462]]}},{"type":"Feature","properties":{"tier":"arterial"},"geometry":{"type":"LineString","coordinates":[[138.520483,-34.883382],[138.520801,-34.883446],[138.520946,-34.883429],[138.521005,-34.883418],[138.521139,-34.88337],[138.521227,-34.883335]]}},{"type":"Feature","properties":{"tier":"high"},"geometry":{"type":"LineString","coordinates":[[138.52978,-34.877414],[138.529676,-34.877437],[138.52906,-34.877034],[138.529037,-34.877019],[138.52891,-34.876928],[138.528704,-34.876798]]}},{"type":"Feature","properties":{"tier":"regional"},"geometry":{"type":"LineString","coordinates":[[138.560883,-34.924225],[138.560887,-34.924274],[138.56091,-34.924598],[138.560936,-34.925144],[138.560982,-34.926105],[138.561029,-34.927079],[138.561064,-34.927818],[138.561075,-34.92805],[138.561132,-34.92901],[138.561134,-34.92907]]}},{"type":"Feature","properties":{"tier":"regional"},"geometry":{"type":"LineString","coordinates":[[138.561351,-34.932549],[138.56136,-34.932686],[138.561362,-34.932727],[138.561368,-34.932822],[138.561374,-34.932899]]}},{"type":"Feature","properties":{"tier":"regional"},"geometry":{"type":"LineString","coordinates":[[138.561482,-34.934317],[138.561514,-34.934321],[138.561543,-34.934333],[138.561564,-34.934354],[138.561575,-34.934379],[138.561573,-34.934411],[138.561555,-34.934439],[138.561524,-34.934458],[138.561485,-34.934465],[138.561458,-34.934462],[138.561434,-34.934452],[138.561414,-34.934436],[138.561401,-34.934416],[138.561396,-34.934395],[138.561401,-34.934366],[138.561419,-34.934341],[138.561448,-34.934324],[138.561482,-34.934317]]}},{"type":"Feature","properties":{"tier":"regional"},"geometry":{"type":"LineString","coordinates":[[138.561485,-34.934465],[138.561488,-34.934527],[138.561498,-34.934729],[138.561512,-34.934803],[138.561612,-34.935016]]}},{"type":"Feature","properties":{"tier":"regional"},"geometry":{"type":"LineString","coordinates":[[138.561826,-34.935994],[138.561853,-34.935997],[138.561899,-34.936029],[138.561907,-34.936051],[138.561907,-34.936065],[138.561899,-34.936086],[138.561855,-34.936119],[138.561826,-34.936123],[138.561799,-34.936118],[138.561765,-34.936097],[138.56175,-34.93607],[138.56175,-34.936048],[138.561759,-34.936026],[138.561792,-34.936001],[138.561826,-34.935994]]}},{"type":"Feature","properties":{"tier":"regional"},"geometry":{"type":"LineString","coordinates":[[138.561826,-34.936123],[138.56184,-34.936371],[138.561851,-34.936555],[138.561856,-34.936655],[138.56189,-34.937119],[138.561914,-34.93752]]}},{"type":"Feature","properties":{"tier":"arterial"},"geometry":{"type":"LineString","coordinates":[[138.548601,-34.889947],[138.548573,-34.889837],[138.548373,-34.889632],[138.548318,-34.889538],[138.548266,-34.889427],[138.548257,-34.889384],[138.548248,-34.88934],[138.548247,-34.889329],[138.548241,-34.889249],[138.548243,-34.88915]]}},{"type":"Feature","properties":{"tier":"high"},"geometry":{"type":"LineString","coordinates":[[138.548903,-34.890158],[138.548912,-34.890063],[138.548913,-34.890012],[138.548922,-34.889957],[138.548934,-34.889918],[138.548937,-34.889905],[138.548973,-34.889853],[138.549031,-34.889805],[138.54911,-34.889741]]}},{"type":"Feature","properties":{"tier":"high"},"geometry":{"type":"LineString","coordinates":[[138.548243,-34.88915],[138.54819,-34.889224],[138.548157,-34.889255],[138.54815,-34.889261],[138.54811,-34.889295],[138.548033,-34.889325],[138.54796,-34.889334],[138.547886,-34.889338],[138.547777,-34.889291],[138.547504,-34.889139],[138.547357,-34.889145]]}},{"type":"Feature","properties":{"tier":"arterial"},"geometry":{"type":"LineString","coordinates":[[138.549027,-34.885564],[138.549036,-34.885515],[138.549036,-34.885514],[138.549044,-34.885469],[138.549173,-34.884741],[138.549307,-34.883964],[138.549329,-34.883854],[138.549442,-34.883239],[138.549508,-34.882922],[138.549559,-34.882671],[138.549792,-34.881562],[138.549956,-34.880791],[138.550058,-34.880278],[138.550283,-34.879139],[138.55034,-34.878891],[138.55052,-34.87798]]}},{"type":"Feature","properties":{"tier":"arterial"},"geometry":{"type":"LineString","coordinates":[[138.550847,-34.876747],[138.55082,-34.876818],[138.550777,-34.876935],[138.550751,-34.877034],[138.550746,-34.877052],[138.550693,-34.877125]]}},{"type":"Feature","properties":{"tier":"arterial"},"geometry":{"type":"LineString","coordinates":[[138.550693,-34.877125],[138.550658,-34.87705],[138.550661,-34.877029],[138.550678,-34.876896]]}},{"type":"Feature","properties":{"tier":"arterial"},"geometry":{"type":"LineString","coordinates":[[138.550883,-34.876663],[138.550847,-34.876747]]}},{"type":"Feature","properties":{"tier":"arterial"},"geometry":{"type":"LineString","coordinates":[[138.550752,-34.876699],[138.550801,-34.876621]]}},{"type":"Feature","properties":{"tier":"arterial"},"geometry":{"type":"LineString","coordinates":[[138.550678,-34.876896],[138.550659,-34.876823],[138.550642,-34.876749],[138.550638,-34.876742],[138.55061,-34.876687],[138.550569,-34.876598]]}},{"type":"Feature","properties":{"tier":"arterial"},"geometry":{"type":"LineString","coordinates":[[138.551264,-34.876184],[138.55138,-34.876117],[138.551563,-34.876039],[138.551865,-34.875963],[138.552136,-34.875933],[138.552193,-34.875931],[138.552419,-34.87592]]}},{"type":"Feature","properties":{"tier":"arterial"},"geometry":{"type":"LineString","coordinates":[[138.559666,-34.87567],[138.559053,-34.875702],[138.558554,-34.875721]]}},{"type":"Feature","properties":{"tier":"arterial"},"geometry":{"type":"LineString","coordinates":[[138.551066,-34.876481],[138.551064,-34.876563],[138.551059,-34.876653],[138.551101,-34.876785]]}},{"type":"Feature","properties":{"tier":"arterial"},"geometry":{"type":"LineString","coordinates":[[138.550457,-34.876399],[138.550569,-34.876408],[138.550673,-34.876464],[138.550792,-34.876493],[138.55091,-34.876495]]}},{"type":"Feature","properties":{"tier":"arterial"},"geometry":{"type":"LineString","coordinates":[[138.552252,-34.924654],[138.552162,-34.924709],[138.552094,-34.924757],[138.552062,-34.924795],[138.552035,-34.924853],[138.551993,-34.925017]]}},{"type":"Feature","properties":{"tier":"arterial"},"geometry":{"type":"LineString","coordinates":[[138.551905,-34.92455],[138.551976,-34.924668]]}},{"type":"Feature","properties":{"tier":"arterial"},"geometry":{"type":"LineString","coordinates":[[138.552454,-34.932978],[138.552447,-34.932892],[138.552444,-34.932865],[138.552436,-34.932816]]}},{"type":"Feature","properties":{"tier":"arterial"},"geometry":{"type":"LineString","coordinates":[[138.56252,-34.932288],[138.562399,-34.932293],[138.562119,-34.932304],[138.562075,-34.932305],[138.561746,-34.932318]]}},{"type":"Feature","properties":{"tier":"arterial"},"geometry":{"type":"LineString","coordinates":[[138.552425,-34.932658],[138.552569,-34.932646]]}},{"type":"Feature","properties":{"tier":"arterial"},"geometry":{"type":"LineString","coordinates":[[138.561746,-34.932318],[138.56146,-34.9324],[138.561441,-34.932415],[138.561351,-34.932549]]}},{"type":"Feature","properties":{"tier":"arterial"},"geometry":{"type":"LineString","coordinates":[[138.560902,-34.932186],[138.561067,-34.932169],[138.561199,-34.932142],[138.561259,-34.932102],[138.561319,-34.93204]]}},{"type":"Feature","properties":{"tier":"arterial"},"geometry":{"type":"LineString","coordinates":[[138.53478,-34.927088],[138.534872,-34.926983]]}},{"type":"Feature","properties":{"tier":"arterial"},"geometry":{"type":"LineString","coordinates":[[138.524604,-34.926142],[138.525112,-34.926124]]}},{"type":"Feature","properties":{"tier":"arterial"},"geometry":{"type":"LineString","coordinates":[[138.522335,-34.926331],[138.52149,-34.92636],[138.521363,-34.926364],[138.521327,-34.926365]]}},{"type":"Feature","properties":{"tier":"arterial"},"geometry":{"type":"LineString","coordinates":[[138.521321,-34.926264],[138.521357,-34.926263],[138.52233,-34.926228]]}},{"type":"Feature","properties":{"tier":"arterial"},"geometry":{"type":"LineString","coordinates":[[138.517374,-34.92645],[138.517099,-34.92646],[138.5168,-34.926472],[138.516636,-34.926478],[138.516475,-34.926484],[138.515755,-34.926511],[138.514564,-34.926589]]}},{"type":"Feature","properties":{"tier":"arterial"},"geometry":{"type":"LineString","coordinates":[[138.543739,-34.924949],[138.543838,-34.924945],[138.544443,-34.924915],[138.545078,-34.924883]]}},{"type":"Feature","properties":{"tier":"arterial"},"geometry":{"type":"LineString","coordinates":[[138.5601,-34.924146],[138.560741,-34.924124],[138.560873,-34.92412]]}},{"type":"Feature","properties":{"tier":"arterial"},"geometry":{"type":"LineString","coordinates":[[138.552754,-34.924628],[138.552695,-34.924631],[138.55252,-34.92464]]}},{"type":"Feature","properties":{"tier":"arterial"},"geometry":{"type":"LineString","coordinates":[[138.551863,-34.924674],[138.551781,-34.924678],[138.551195,-34.924706],[138.550443,-34.924742],[138.550411,-34.924744],[138.549888,-34.924769],[138.549165,-34.924804],[138.549131,-34.924805],[138.54904,-34.92481]]}},{"type":"Feature","properties":{"tier":"arterial"},"geometry":{"type":"LineString","coordinates":[[138.530757,-34.926287],[138.52904,-34.926092]]}},{"type":"Feature","properties":{"tier":"arterial"},"geometry":{"type":"LineString","coordinates":[[138.517214,-34.92501],[138.517349,-34.925319],[138.517452,-34.925574],[138.517477,-34.925633]]}},{"type":"Feature","properties":{"tier":"arterial"},"geometry":{"type":"LineString","coordinates":[[138.560714,-34.904087],[138.560567,-34.904086],[138.560347,-34.904087],[138.560187,-34.904091],[138.559934,-34.904104],[138.559262,-34.904137],[138.558468,-34.904179],[138.55804,-34.904202],[138.557745,-34.904217]]}},{"type":"Feature","properties":{"tier":"arterial"},"geometry":{"type":"LineString","coordinates":[[138.554347,-34.904398],[138.55415,-34.904409],[138.5533,-34.904455]]}},{"type":"Feature","properties":{"tier":"arterial"},"geometry":{"type":"LineString","coordinates":[[138.532537,-34.905521],[138.532465,-34.905525],[138.532341,-34.905531]]}},{"type":"Feature","properties":{"tier":"arterial"},"geometry":{"type":"LineString","coordinates":[[138.509516,-34.906653],[138.509317,-34.906664]]}},{"type":"Feature","properties":{"tier":"arterial"},"geometry":{"type":"LineString","coordinates":[[138.550422,-34.904482],[138.550584,-34.904473],[138.551226,-34.904446],[138.55127,-34.904443],[138.551494,-34.904435]]}},{"type":"Feature","properties":{"tier":"arterial"},"geometry":{"type":"LineString","coordinates":[[138.551652,-34.904431],[138.552139,-34.904407],[138.552179,-34.904405],[138.552663,-34.904393],[138.553229,-34.904364]]}},{"type":"Feature","properties":{"tier":"arterial"},"geometry":{"type":"LineString","coordinates":[[138.556171,-34.90421],[138.557737,-34.904127],[138.558467,-34.904093],[138.559257,-34.904056],[138.559654,-34.904038],[138.559929,-34.904024],[138.560189,-34.904012],[138.560248,-34.90401],[138.560448,-34.904005],[138.560709,-34.904004]]}},{"type":"Feature","properties":{"tier":"arterial"},"geometry":{"type":"LineString","coordinates":[[138.532744,-34.895797],[138.532486,-34.895629],[138.532081,-34.895366]]}},{"type":"Feature","properties":{"tier":"arterial"},"geometry":{"type":"LineString","coordinates":[[138.532518,-34.905009],[138.532572,-34.905108],[138.53258,-34.905173]]}},{"type":"Feature","properties":{"tier":"arterial"},"geometry":{"type":"LineString","coordinates":[[138.548811,-34.924698],[138.548893,-34.924653],[138.548915,-34.924628],[138.548947,-34.924591],[138.549016,-34.924472]]}},{"type":"Feature","properties":{"tier":"arterial"},"geometry":{"type":"LineString","coordinates":[[138.549002,-34.924267],[138.549053,-34.924432],[138.549115,-34.924548],[138.549149,-34.924585],[138.549171,-34.9246],[138.549239,-34.924644],[138.5493,-34.924673]]}},{"type":"Feature","properties":{"tier":"arterial"},"geometry":{"type":"LineString","coordinates":[[138.548206,-34.914001],[138.548318,-34.915205],[138.548341,-34.915472],[138.548377,-34.915891],[138.54838,-34.915953],[138.548381,-34.915985]]}},{"type":"Feature","properties":{"tier":"arterial"},"geometry":{"type":"LineString","coordinates":[[138.548632,-34.911634],[138.548642,-34.911698],[138.548649,-34.911738],[138.548576,-34.91192],[138.548413,-34.912328],[138.548327,-34.912568],[138.548301,-34.912652],[138.548264,-34.912798],[138.54825,-34.912865],[138.548207,-34.913127],[138.54819,-34.913268],[138.548182,-34.913404],[138.548181,-34.913426]]}},{"type":"Feature","properties":{"tier":"arterial"},"geometry":{"type":"LineString","coordinates":[[138.548099,-34.91336],[138.548102,-34.913171],[138.548103,-34.913116],[138.548117,-34.913035],[138.548159,-34.912784],[138.548225,-34.912543],[138.54831,-34.912288],[138.548467,-34.911904],[138.548552,-34.911716],[138.548578,-34.911689],[138.548632,-34.911634]]}},{"type":"Feature","properties":{"tier":"arterial"},"geometry":{"type":"LineString","coordinates":[[138.549252,-34.909978],[138.549498,-34.909305],[138.54996,-34.908096],[138.550173,-34.907566]]}},{"type":"Feature","properties":{"tier":"arterial"},"geometry":{"type":"LineString","coordinates":[[138.551575,-34.904535],[138.551507,-34.904607],[138.551468,-34.90465],[138.551424,-34.904705],[138.551353,-34.904801],[138.551291,-34.904884],[138.551223,-34.90499],[138.551162,-34.905104],[138.551093,-34.905228],[138.551037,-34.905352],[138.550987,-34.905481],[138.550929,-34.905629],[138.550881,-34.905769],[138.550802,-34.905971],[138.55073,-34.906179],[138.550713,-34.906234],[138.550694,-34.906281],[138.550603,-34.906358]]}},{"type":"Feature","properties":{"tier":"arterial"},"geometry":{"type":"LineString","coordinates":[[138.551184,-34.904867],[138.551183,-34.904741],[138.55118,-34.904708],[138.551165,-34.904672],[138.551139,-34.904637],[138.551083,-34.904564]]}},{"type":"Feature","properties":{"tier":"regional"},"geometry":{"type":"LineString","coordinates":[[138.556149,-34.914721],[138.555201,-34.914772],[138.554487,-34.914806]]}},{"type":"Feature","properties":{"tier":"regional"},"geometry":{"type":"LineString","coordinates":[[138.554246,-34.924552],[138.554238,-34.924438]]}},{"type":"Feature","properties":{"tier":"regional"},"geometry":{"type":"LineString","coordinates":[[138.553949,-34.920579],[138.553987,-34.920583],[138.554019,-34.920603],[138.554034,-34.920632],[138.554029,-34.920667],[138.554002,-34.920695],[138.55396,-34.920706],[138.553924,-34.920701],[138.553896,-34.920682],[138.553881,-34.920655],[138.553884,-34.92062],[138.553909,-34.920592],[138.553949,-34.920579]]}},{"type":"Feature","properties":{"tier":"regional"},"geometry":{"type":"LineString","coordinates":[[138.553787,-34.918204],[138.553728,-34.91744],[138.553668,-34.916542],[138.55365,-34.916257],[138.553619,-34.915811],[138.553566,-34.915107],[138.553554,-34.914952],[138.553557,-34.914914],[138.553575,-34.914878]]}},{"type":"Feature","properties":{"tier":"regional"},"geometry":{"type":"LineString","coordinates":[[138.548546,-34.918744],[138.548656,-34.91874],[138.548695,-34.91874],[138.549355,-34.918721],[138.551184,-34.918633]]}},{"type":"Feature","properties":{"tier":"regional"},"geometry":{"type":"LineString","coordinates":[[138.551184,-34.918633],[138.551321,-34.918628],[138.553243,-34.918545],[138.55349,-34.918525]]}},{"type":"Feature","properties":{"tier":"arterial"},"geometry":{"type":"LineString","coordinates":[[138.521227,-34.883335],[138.52164,-34.882877],[138.521878,-34.882604],[138.522032,-34.88242],[138.522145,-34.882337]]}},{"type":"Feature","properties":{"tier":"arterial"},"geometry":{"type":"LineString","coordinates":[[138.503524,-34.892088],[138.502624,-34.892117],[138.501991,-34.892133],[138.501965,-34.892133],[138.501254,-34.892168],[138.500577,-34.892201],[138.500021,-34.892228],[138.49998,-34.89223]]}},{"type":"Feature","properties":{"tier":"arterial"},"geometry":{"type":"LineString","coordinates":[[138.561237,-34.932344],[138.561221,-34.932343],[138.561052,-34.932342],[138.560777,-34.932315]]}},{"type":"Feature","properties":{"tier":"arterial"},"geometry":{"type":"LineString","coordinates":[[138.552425,-34.932658],[138.552416,-34.932481]]}},{"type":"Feature","properties":{"tier":"arterial"},"geometry":{"type":"LineString","coordinates":[[138.552678,-34.935863],[138.552657,-34.935612],[138.552652,-34.935554]]}},{"type":"Feature","properties":{"tier":"arterial"},"geometry":{"type":"LineString","coordinates":[[138.552569,-34.932646],[138.552582,-34.932812]]}},{"type":"Feature","properties":{"tier":"arterial"},"geometry":{"type":"LineString","coordinates":[[138.552812,-34.935856],[138.552826,-34.936055],[138.552831,-34.936118],[138.552891,-34.936975],[138.5529,-34.937096],[138.55293,-34.93752]]}},{"type":"Feature","properties":{"tier":"regional"},"geometry":{"type":"LineString","coordinates":[[138.561612,-34.935016],[138.561676,-34.935136]]}},{"type":"Feature","properties":{"tier":"regional"},"geometry":{"type":"LineString","coordinates":[[138.561676,-34.935136],[138.56173,-34.935269],[138.561766,-34.93539],[138.561783,-34.935582],[138.561791,-34.935659],[138.561826,-34.935994]]}},{"type":"Feature","properties":{"tier":"arterial"},"geometry":{"type":"LineString","coordinates":[[138.552977,-34.932789],[138.552755,-34.932834],[138.55268,-34.932871],[138.552667,-34.932878],[138.55264,-34.932909],[138.552596,-34.933]]}},{"type":"Feature","properties":{"tier":"arterial"},"geometry":{"type":"LineString","coordinates":[[138.552436,-34.932816],[138.55238,-34.932819],[138.552249,-34.932824]]}},{"type":"Feature","properties":{"tier":"arterial"},"geometry":{"type":"LineString","coordinates":[[138.543652,-34.932564],[138.543516,-34.932572],[138.543365,-34.932579],[138.543093,-34.932594],[138.542227,-34.932639]]}},{"type":"Feature","properties":{"tier":"arterial"},"geometry":{"type":"LineString","coordinates":[[138.538919,-34.932681],[138.539165,-34.932668],[138.539933,-34.932628]]}},{"type":"Feature","properties":{"tier":"arterial"},"geometry":{"type":"LineString","coordinates":[[138.551978,-34.932663],[138.552201,-34.932619],[138.552288,-34.932585],[138.552332,-34.93256],[138.552347,-34.932549],[138.552379,-34.932525],[138.552416,-34.932481]]}},{"type":"Feature","properties":{"tier":"arterial"},"geometry":{"type":"LineString","coordinates":[[138.552454,-34.932978],[138.552419,-34.932929],[138.552388,-34.932903],[138.552379,-34.932897],[138.552349,-34.932877],[138.552249,-34.932824]]}},{"type":"Feature","properties":{"tier":"arterial"},"geometry":{"type":"LineString","coordinates":[[138.543706,-34.925345],[138.54365,-34.925189],[138.543609,-34.925143],[138.543594,-34.925135],[138.543554,-34.925117],[138.543485,-34.925111],[138.543326,-34.925133],[138.543159,-34.92516],[138.542937,-34.925212]]}},{"type":"Feature","properties":{"tier":"arterial"},"geometry":{"type":"LineString","coordinates":[[138.54402,-34.925703],[138.54403,-34.925881]]}},{"type":"Feature","properties":{"tier":"arterial"},"geometry":{"type":"LineString","coordinates":[[138.544153,-34.925045],[138.544061,-34.925106],[138.544049,-34.925114],[138.544011,-34.925171],[138.544003,-34.925255],[138.54402,-34.925703]]}},{"type":"Feature","properties":{"tier":"arterial"},"geometry":{"type":"LineString","coordinates":[[138.541778,-34.931891],[138.54176,-34.931972],[138.541721,-34.932144],[138.541715,-34.932242],[138.541737,-34.932303],[138.541778,-34.932371],[138.541856,-34.932438],[138.541952,-34.932473],[138.542086,-34.932502]]}},{"type":"Feature","properties":{"tier":"high"},"geometry":{"type":"LineString","coordinates":[[138.560363,-34.897814],[138.560132,-34.897659],[138.559268,-34.897083],[138.559198,-34.897039],[138.558137,-34.896328],[138.557816,-34.896114],[138.55773,-34.896057],[138.557259,-34.895742],[138.55693,-34.895523],[138.556424,-34.895178],[138.556247,-34.895068]]}},{"type":"Feature","properties":{"tier":"high"},"geometry":{"type":"LineString","coordinates":[[138.553706,-34.893371],[138.552596,-34.892638],[138.552517,-34.892585],[138.552302,-34.892443]]}},{"type":"Feature","properties":{"tier":"high"},"geometry":{"type":"LineString","coordinates":[[138.547357,-34.889145],[138.546939,-34.888862],[138.546801,-34.888776],[138.546354,-34.88847],[138.54619,-34.888359],[138.544898,-34.887509],[138.544785,-34.887433],[138.544097,-34.886975],[138.543752,-34.886745],[138.543602,-34.886646],[138.543262,-34.886427],[138.543003,-34.886261],[138.54274,-34.886093],[138.541168,-34.885046],[138.540764,-34.884777],[138.540483,-34.884591],[138.540241,-34.88443],[138.539889,-34.884202]]}},{"type":"Feature","properties":{"tier":"high"},"geometry":{"type":"LineString","coordinates":[[138.533707,-34.880088],[138.532673,-34.87938],[138.532586,-34.87932],[138.532512,-34.879271],[138.532274,-34.879106]]}},{"type":"Feature","properties":{"tier":"regional"},"geometry":{"type":"LineString","coordinates":[[138.552192,-34.908611],[138.552217,-34.908607],[138.552242,-34.90861],[138.552265,-34.908619],[138.552284,-34.908633],[138.552296,-34.908652],[138.552301,-34.908673],[138.552297,-34.908693],[138.552285,-34.908712],[138.552267,-34.908727],[138.552245,-34.908736],[138.55222,-34.90874],[138.552195,-34.908736],[138.552173,-34.908727],[138.552155,-34.908713],[138.552144,-34.908696],[138.552139,-34.908676],[138.552142,-34.908656],[138.552153,-34.908637],[138.55217,-34.908622],[138.552192,-34.908611]]}},{"type":"Feature","properties":{"tier":"regional"},"geometry":{"type":"LineString","coordinates":[[138.551084,-34.908336],[138.551107,-34.908333],[138.551131,-34.908335],[138.551152,-34.908344],[138.551169,-34.908358],[138.55118,-34.908376],[138.551183,-34.908395],[138.551179,-34.908415],[138.551167,-34.908432],[138.55115,-34.908446],[138.551128,-34.908454],[138.551104,-34.908456],[138.551081,-34.908452],[138.551061,-34.908443],[138.551045,-34.908429],[138.551035,-34.908413],[138.551032,-34.908394],[138.551035,-34.908376],[138.551046,-34.908358],[138.551063,-34.908344],[138.551084,-34.908336]]}},{"type":"Feature","properties":{"tier":"regional"},"geometry":{"type":"LineString","coordinates":[[138.54996,-34.908096],[138.550077,-34.908127],[138.551035,-34.908376]]}},{"type":"Feature","properties":{"tier":"regional"},"geometry":{"type":"LineString","coordinates":[[138.551179,-34.908415],[138.552142,-34.908656]]}},{"type":"Feature","properties":{"tier":"regional"},"geometry":{"type":"LineString","coordinates":[[138.552297,-34.908693],[138.553009,-34.908866]]}},{"type":"Feature","properties":{"tier":"arterial"},"geometry":{"type":"LineString","coordinates":[[138.548296,-34.875105],[138.548307,-34.874999],[138.548307,-34.87498]]}},{"type":"Feature","properties":{"tier":"arterial"},"geometry":{"type":"LineString","coordinates":[[138.503602,-34.87498],[138.503601,-34.875187],[138.503612,-34.875637],[138.503621,-34.876675],[138.503628,-34.876959],[138.503634,-34.877201],[138.50367,-34.878071],[138.503695,-34.878449]]}},{"type":"Feature","properties":{"tier":"arterial"},"geometry":{"type":"LineString","coordinates":[[138.517166,-34.935758],[138.517158,-34.936084],[138.517186,-34.936322],[138.517246,-34.937356]]}},{"type":"Feature","properties":{"tier":"arterial"},"geometry":{"type":"LineString","coordinates":[[138.517204,-34.934291],[138.517369,-34.934281]]}},{"type":"Feature","properties":{"tier":"arterial"},"geometry":{"type":"LineString","coordinates":[[138.517348,-34.934412],[138.517178,-34.934428]]}},{"type":"Feature","properties":{"tier":"arterial"},"geometry":{"type":"LineString","coordinates":[[138.519866,-34.93427],[138.519722,-34.934165]]}},{"type":"Feature","properties":{"tier":"arterial"},"geometry":{"type":"LineString","coordinates":[[138.519722,-34.934165],[138.519492,-34.934285]]}},{"type":"Feature","properties":{"tier":"arterial"},"geometry":{"type":"LineString","coordinates":[[138.524349,-34.934032],[138.524225,-34.933926]]}},{"type":"Feature","properties":{"tier":"arterial"},"geometry":{"type":"LineString","coordinates":[[138.524225,-34.933926],[138.524043,-34.934036]]}},{"type":"Feature","properties":{"tier":"regional"},"geometry":{"type":"LineString","coordinates":[[138.534651,-34.932679],[138.534659,-34.932825],[138.534661,-34.932861],[138.534632,-34.932911]]}},{"type":"Feature","properties":{"tier":"arterial"},"geometry":{"type":"LineString","coordinates":[[138.53861,-34.932808],[138.537908,-34.932796],[138.537826,-34.932738]]}},{"type":"Feature","properties":{"tier":"arterial"},"geometry":{"type":"LineString","coordinates":[[138.540449,-34.932593],[138.541006,-34.932512],[138.541124,-34.932462],[138.541132,-34.932459],[138.541182,-34.932416],[138.541189,-34.932407],[138.541253,-34.93232],[138.5414,-34.932092]]}},{"type":"Feature","properties":{"tier":"arterial"},"geometry":{"type":"LineString","coordinates":[[138.512541,-34.875041],[138.512596,-34.875832],[138.512608,-34.875997],[138.51263,-34.876386],[138.512661,-34.876922],[138.512665,-34.877037],[138.512717,-34.877677],[138.512788,-34.878548],[138.512839,-34.879268]]}},{"type":"Feature","properties":{"tier":"arterial"},"geometry":{"type":"LineString","coordinates":[[138.505079,-34.892052],[138.505237,-34.892058],[138.505399,-34.892051],[138.505648,-34.892038],[138.506278,-34.892006],[138.507028,-34.891969],[138.507464,-34.891952],[138.507982,-34.891923],[138.508338,-34.891911],[138.508557,-34.891902]]}},{"type":"Feature","properties":{"tier":"arterial"},"geometry":{"type":"LineString","coordinates":[[138.513633,-34.891737],[138.513626,-34.891655],[138.513613,-34.891497]]}},{"type":"Feature","properties":{"tier":"arterial"},"geometry":{"type":"LineString","coordinates":[[138.512389,-34.879386],[138.512504,-34.879322],[138.512608,-34.879286],[138.512643,-34.87926],[138.512675,-34.87923],[138.512706,-34.879175]]}},{"type":"Feature","properties":{"tier":"arterial"},"geometry":{"type":"LineString","coordinates":[[138.512745,-34.879752],[138.512696,-34.87962],[138.512633,-34.879542],[138.512568,-34.879504],[138.512475,-34.879477]]}},{"type":"Feature","properties":{"tier":"arterial"},"geometry":{"type":"LineString","coordinates":[[138.514741,-34.906319],[138.514744,-34.906408]]}},{"type":"Feature","properties":{"tier":"arterial"},"geometry":{"type":"LineString","coordinates":[[138.513274,-34.891705],[138.513539,-34.891639],[138.513613,-34.891497]]}},{"type":"Feature","properties":{"tier":"arterial"},"geometry":{"type":"LineString","coordinates":[[138.514277,-34.891852],[138.513991,-34.891864],[138.513869,-34.891895],[138.513767,-34.892047]]}},{"type":"Feature","properties":{"tier":"arterial"},"geometry":{"type":"LineString","coordinates":[[138.514721,-34.906106],[138.51477,-34.906185],[138.514817,-34.906236],[138.514826,-34.906245],[138.514871,-34.906268],[138.514955,-34.906301]]}},{"type":"Feature","properties":{"tier":"arterial"},"geometry":{"type":"LineString","coordinates":[[138.514425,-34.906335],[138.514513,-34.906241],[138.514549,-34.906192],[138.514613,-34.906108]]}},{"type":"Feature","properties":{"tier":"arterial"},"geometry":{"type":"LineString","coordinates":[[138.513397,-34.913751],[138.513204,-34.914774],[138.513102,-34.91531],[138.513057,-34.915512],[138.513046,-34.915619],[138.513022,-34.915869],[138.513025,-34.916007],[138.513027,-34.916085]]}},{"type":"Feature","properties":{"tier":"arterial"},"geometry":{"type":"LineString","coordinates":[[138.51808,-34.926319],[138.518674,-34.926305],[138.519044,-34.926307],[138.519296,-34.926308],[138.51972,-34.926293]]}},{"type":"Feature","properties":{"tier":"arterial"},"geometry":{"type":"LineString","coordinates":[[138.514621,-34.906412],[138.514624,-34.906323]]}},{"type":"Feature","properties":{"tier":"arterial"},"geometry":{"type":"LineString","coordinates":[[138.514599,-34.906609],[138.514515,-34.906498],[138.514485,-34.906461],[138.514428,-34.906423]]}},{"type":"Feature","properties":{"tier":"arterial"},"geometry":{"type":"LineString","coordinates":[[138.514995,-34.906395],[138.514862,-34.906442],[138.514816,-34.906469],[138.514805,-34.906476],[138.514774,-34.906513],[138.514713,-34.90663]]}},{"type":"Feature","properties":{"tier":"arterial"},"geometry":{"type":"LineString","coordinates":[[138.513247,-34.913733],[138.513413,-34.912824],[138.513415,-34.912793],[138.513429,-34.912708]]}},{"type":"Feature","properties":{"tier":"arterial"},"geometry":{"type":"LineString","coordinates":[[138.517671,-34.926111],[138.517685,-34.926122],[138.517816,-34.926222],[138.517924,-34.926269],[138.51808,-34.926319]]}},{"type":"Feature","properties":{"tier":"arterial"},"geometry":{"type":"LineString","coordinates":[[138.517384,-34.926332],[138.517477,-34.926279],[138.517516,-34.926251],[138.517559,-34.926181]]}},{"type":"Feature","properties":{"tier":"arterial"},"geometry":{"type":"LineString","coordinates":[[138.517369,-34.934281],[138.517348,-34.934412]]}},{"type":"Feature","properties":{"tier":"arterial"},"geometry":{"type":"LineString","coordinates":[[138.517178,-34.934428],[138.517204,-34.934291]]}},{"type":"Feature","properties":{"tier":"arterial"},"geometry":{"type":"LineString","coordinates":[[138.5176,-34.927624],[138.517608,-34.927367],[138.517611,-34.927295],[138.517597,-34.926878],[138.517589,-34.926616]]}},{"type":"Feature","properties":{"tier":"arterial"},"geometry":{"type":"LineString","coordinates":[[138.518199,-34.92644],[138.51806,-34.926472],[138.51789,-34.926493],[138.517838,-34.926512],[138.517774,-34.926564],[138.517738,-34.926637]]}},{"type":"Feature","properties":{"tier":"arterial"},"geometry":{"type":"LineString","coordinates":[[138.517589,-34.926616],[138.51756,-34.92654],[138.517527,-34.926507],[138.517462,-34.926467],[138.517374,-34.92645]]}},{"type":"Feature","properties":{"tier":"arterial"},"geometry":{"type":"LineString","coordinates":[[138.517476,-34.933618],[138.517517,-34.93375],[138.517531,-34.933812],[138.517551,-34.933868],[138.517591,-34.93394],[138.517645,-34.934011],[138.517709,-34.934069],[138.517786,-34.934115],[138.517875,-34.93416],[138.517949,-34.934185],[138.518189,-34.934237]]}},{"type":"Feature","properties":{"tier":"arterial"},"geometry":{"type":"LineString","coordinates":[[138.51841,-34.934356],[138.518267,-34.934393],[138.518157,-34.934423],[138.518042,-34.93446],[138.517936,-34.934502],[138.517845,-34.934551],[138.517755,-34.934608],[138.517676,-34.934666],[138.517583,-34.934754],[138.517505,-34.934835],[138.517437,-34.934925],[138.517381,-34.935009],[138.517339,-34.935096],[138.517307,-34.935183],[138.517276,-34.935275],[138.517186,-34.935499]]}},{"type":"Feature","properties":{"tier":"arterial"},"geometry":{"type":"LineString","coordinates":[[138.51565,-34.934646],[138.514244,-34.934887],[138.513787,-34.93497],[138.511106,-34.935408],[138.509838,-34.935615],[138.509439,-34.93568],[138.509067,-34.935742],[138.508004,-34.935918]]}},{"type":"Feature","properties":{"tier":"arterial"},"geometry":{"type":"LineString","coordinates":[[138.516207,-34.934452],[138.516284,-34.934404],[138.516365,-34.934376],[138.516474,-34.934346],[138.516557,-34.934317],[138.516636,-34.934285],[138.516739,-34.934235],[138.516827,-34.934182],[138.516908,-34.934123],[138.516995,-34.934045],[138.517058,-34.933985],[138.517125,-34.933905],[138.517181,-34.933825],[138.517226,-34.933754],[138.517293,-34.93362],[138.51737,-34.933463]]}},{"type":"Feature","properties":{"tier":"arterial"},"geometry":{"type":"LineString","coordinates":[[138.517092,-34.934945],[138.51704,-34.934842],[138.517003,-34.934773],[138.516964,-34.934724],[138.516927,-34.934688],[138.51687,-34.934643],[138.5168,-34.934605],[138.516729,-34.934579],[138.516647,-34.934557],[138.516428,-34.934522]]}},{"type":"Feature","properties":{"tier":"high"},"geometry":{"type":"LineString","coordinates":[[138.56252,-34.89922],[138.562167,-34.898982],[138.562141,-34.898966],[138.561148,-34.89832],[138.560821,-34.898114],[138.560363,-34.897814]]}},{"type":"Feature","properties":{"tier":"arterial"},"geometry":{"type":"LineString","coordinates":[[138.532499,-34.90516],[138.532495,-34.90512],[138.532518,-34.905009]]}},{"type":"Feature","properties":{"tier":"arterial"},"geometry":{"type":"LineString","coordinates":[[138.532859,-34.905496],[138.532735,-34.905582],[138.532655,-34.905689]]}},{"type":"Feature","properties":{"tier":"arterial"},"geometry":{"type":"LineString","coordinates":[[138.53258,-34.905173],[138.532648,-34.905277],[138.532686,-34.905327],[138.532704,-34.905339],[138.532732,-34.905358],[138.532822,-34.905413]]}},{"type":"Feature","properties":{"tier":"arterial"},"geometry":{"type":"LineString","coordinates":[[138.53224,-34.905445],[138.532349,-34.905389],[138.532409,-34.905346],[138.532446,-34.90529],[138.532499,-34.90516]]}},{"type":"Feature","properties":{"tier":"arterial"},"geometry":{"type":"LineString","coordinates":[[138.53257,-34.905719],[138.532513,-34.905644],[138.532471,-34.905601],[138.532458,-34.905592],[138.532429,-34.905572],[138.532341,-34.905531]]}},{"type":"Feature","properties":{"tier":"arterial"},"geometry":{"type":"LineString","coordinates":[[138.532518,-34.905009],[138.532498,-34.904729]]}},{"type":"Feature","properties":{"tier":"arterial"},"geometry":{"type":"LineString","coordinates":[[138.531832,-34.8952],[138.531803,-34.895112],[138.531748,-34.894941],[138.531721,-34.89448]]}},{"type":"Feature","properties":{"tier":"arterial"},"geometry":{"type":"LineString","coordinates":[[138.531837,-34.894549],[138.531721,-34.89448]]}},{"type":"Feature","properties":{"tier":"arterial"},"geometry":{"type":"LineString","coordinates":[[138.531631,-34.891024],[138.531494,-34.891031],[138.531447,-34.891033],[138.53123,-34.891039]]}},{"type":"Feature","properties":{"tier":"arterial"},"geometry":{"type":"LineString","coordinates":[[138.530884,-34.89103],[138.530702,-34.891038],[138.530338,-34.891056],[138.530035,-34.89107],[138.529926,-34.891076],[138.529217,-34.89111],[138.529055,-34.891118],[138.528418,-34.891148],[138.52817,-34.89116],[138.52808,-34.891164],[138.528001,-34.891168],[138.527615,-34.891187],[138.527477,-34.891193],[138.527111,-34.891211],[138.526246,-34.891252],[138.526121,-34.891258],[138.526031,-34.891263],[138.525252,-34.8913],[138.52491,-34.891317],[138.524184,-34.891351],[138.523645,-34.891377],[138.523281,-34.891395],[138.523099,-34.891403]]}},{"type":"Feature","properties":{"tier":"arterial"},"geometry":{"type":"LineString","coordinates":[[138.514529,-34.891822],[138.514957,-34.891801],[138.515106,-34.891793],[138.515731,-34.891762],[138.515925,-34.891752],[138.516196,-34.89174],[138.518959,-34.891605],[138.519767,-34.891565],[138.520266,-34.891541],[138.520675,-34.891521],[138.521215,-34.891495],[138.522106,-34.891452],[138.522548,-34.89143],[138.523099,-34.891403]]}},{"type":"Feature","properties":{"tier":"arterial"},"geometry":{"type":"LineString","coordinates":[[138.51364,-34.891818],[138.513197,-34.89178],[138.512966,-34.891785],[138.512421,-34.891821]]}},{"type":"Feature","properties":{"tier":"arterial"},"geometry":{"type":"LineString","coordinates":[[138.504621,-34.892088],[138.504526,-34.892077]]}},{"type":"Feature","properties":{"tier":"arterial"},"geometry":{"type":"LineString","coordinates":[[138.49998,-34.892116],[138.500569,-34.892089],[138.501959,-34.892029],[138.50262,-34.892006],[138.502875,-34.891998],[138.50351,-34.891975],[138.504018,-34.891967],[138.504221,-34.89197]]}},{"type":"Feature","properties":{"tier":"arterial"},"geometry":{"type":"LineString","coordinates":[[138.50414,-34.885025],[138.504186,-34.8858],[138.504203,-34.885988],[138.504295,-34.887471]]}},{"type":"Feature","properties":{"tier":"arterial"},"geometry":{"type":"LineString","coordinates":[[138.504526,-34.892077],[138.504513,-34.891993]]}},{"type":"Feature","properties":{"tier":"arterial"},"geometry":{"type":"LineString","coordinates":[[138.504513,-34.891993],[138.504509,-34.891919],[138.504482,-34.891733]]}},{"type":"Feature","properties":{"tier":"arterial"},"geometry":{"type":"LineString","coordinates":[[138.503551,-34.878453],[138.503524,-34.878076],[138.503499,-34.877688],[138.503498,-34.877556],[138.503496,-34.877194],[138.503494,-34.876971],[138.503493,-34.876769],[138.503489,-34.876672]]}},{"type":"Feature","properties":{"tier":"arterial"},"geometry":{"type":"LineString","coordinates":[[138.505626,-34.906841],[138.50551,-34.906844],[138.504981,-34.906869]]}},{"type":"Feature","properties":{"tier":"arterial"},"geometry":{"type":"LineString","coordinates":[[138.505622,-34.906749],[138.50572,-34.906745],[138.506766,-34.906701]]}},{"type":"Feature","properties":{"tier":"arterial"},"geometry":{"type":"LineString","coordinates":[[138.514741,-34.906319],[138.514801,-34.906314],[138.514955,-34.906301],[138.515877,-34.906256]]}},{"type":"Feature","properties":{"tier":"arterial"},"geometry":{"type":"LineString","coordinates":[[138.517623,-34.931121],[138.517602,-34.931973]]}},{"type":"Feature","properties":{"tier":"arterial"},"geometry":{"type":"LineString","coordinates":[[138.517602,-34.931973],[138.517599,-34.932069],[138.517588,-34.932558],[138.517584,-34.932781],[138.517574,-34.932927],[138.517553,-34.933094],[138.517536,-34.93324]]}},{"type":"Feature","properties":{"tier":"arterial"},"geometry":{"type":"LineString","coordinates":[[138.551494,-34.904435],[138.551593,-34.904432]]}},{"type":"Feature","properties":{"tier":"arterial"},"geometry":{"type":"LineString","coordinates":[[138.551421,-34.904547],[138.551203,-34.904558],[138.551083,-34.904564]]}},{"type":"Feature","properties":{"tier":"arterial"},"geometry":{"type":"LineString","coordinates":[[138.551575,-34.904535],[138.551497,-34.904541]]}},{"type":"Feature","properties":{"tier":"high"},"geometry":{"type":"LineString","coordinates":[[138.53045,-34.87787],[138.530396,-34.877833],[138.52978,-34.877414]]}},{"type":"Feature","properties":{"tier":"high"},"geometry":{"type":"LineString","coordinates":[[138.528955,-34.876855],[138.528274,-34.876413],[138.528233,-34.876387],[138.528111,-34.876302]]}},{"type":"Feature","properties":{"tier":"high"},"geometry":{"type":"LineString","coordinates":[[138.528111,-34.876302],[138.527987,-34.876226],[138.526693,-34.875383],[138.526077,-34.87498]]}},{"type":"Feature","properties":{"tier":"high"},"geometry":{"type":"LineString","coordinates":[[138.532051,-34.878376],[138.532896,-34.878942],[138.53295,-34.87898],[138.533012,-34.87902],[138.533582,-34.879402]]}},{"type":"Feature","properties":{"tier":"arterial"},"geometry":{"type":"LineString","coordinates":[[138.5353,-34.880663],[138.535275,-34.880693],[138.535148,-34.88084],[138.53503,-34.880978]]}},{"type":"Feature","properties":{"tier":"high"},"geometry":{"type":"LineString","coordinates":[[138.547788,-34.888854],[138.547846,-34.888976],[138.547943,-34.889058],[138.54798,-34.889114],[138.547975,-34.889175],[138.547974,-34.889195],[138.54792,-34.889255],[138.547856,-34.889273],[138.547777,-34.889291]]}},{"type":"Feature","properties":{"tier":"arterial"},"geometry":{"type":"LineString","coordinates":[[138.550859,-34.890941],[138.550971,-34.891055],[138.550996,-34.891109],[138.551024,-34.891162],[138.551049,-34.891269],[138.551057,-34.891419],[138.551058,-34.891441],[138.551064,-34.89153],[138.551067,-34.891622]]}},{"type":"Feature","properties":{"tier":"high"},"geometry":{"type":"LineString","coordinates":[[138.551067,-34.891622],[138.551152,-34.891531],[138.551247,-34.89147],[138.551303,-34.891457]]}},{"type":"Feature","properties":{"tier":"high"},"geometry":{"type":"LineString","coordinates":[[138.554673,-34.893478],[138.555026,-34.893712],[138.555358,-34.893932],[138.555608,-34.894098],[138.555779,-34.894211],[138.556252,-34.894524],[138.556561,-34.894729],[138.557845,-34.89559],[138.558156,-34.895777],[138.558264,-34.895842],[138.558978,-34.896311],[138.559536,-34.896678],[138.559705,-34.896788],[138.560069,-34.897041]]}},{"type":"Feature","properties":{"tier":"arterial"},"geometry":{"type":"LineString","coordinates":[[138.551236,-34.893769],[138.551306,-34.894658],[138.551319,-34.894825],[138.551359,-34.895337],[138.551392,-34.895755],[138.55147,-34.896752],[138.551592,-34.898312],[138.551614,-34.898582]]}},{"type":"Feature","properties":{"tier":"high"},"geometry":{"type":"LineString","coordinates":[[138.557845,-34.89559],[138.557861,-34.895683],[138.557878,-34.895837],[138.557849,-34.895906],[138.557818,-34.895982],[138.55773,-34.896057]]}},{"type":"Feature","properties":{"tier":"arterial"},"geometry":{"type":"LineString","coordinates":[[138.551494,-34.904435],[138.551564,-34.904339],[138.551679,-34.904178],[138.551728,-34.904102],[138.551769,-34.904023],[138.55181,-34.903926],[138.551845,-34.903806],[138.551867,-34.903711],[138.551876,-34.903591],[138.551891,-34.903452],[138.551894,-34.903333],[138.551902,-34.903229],[138.55191,-34.903009],[138.551898,-34.902622],[138.551933,-34.902542]]}},{"type":"Feature","properties":{"tier":"arterial"},"geometry":{"type":"LineString","coordinates":[[138.548384,-34.916763],[138.548327,-34.916616],[138.548257,-34.915992],[138.548253,-34.915855],[138.548226,-34.915478],[138.548206,-34.915212],[138.548179,-34.914825],[138.548111,-34.913944]]}},{"type":"Feature","properties":{"tier":"arterial"},"geometry":{"type":"LineString","coordinates":[[138.550876,-34.924598],[138.551579,-34.924565]]}},{"type":"Feature","properties":{"tier":"arterial"},"geometry":{"type":"LineString","coordinates":[[138.561271,-34.924207],[138.5612,-34.924211]]}},{"type":"Feature","properties":{"tier":"arterial"},"geometry":{"type":"LineString","coordinates":[[138.531458,-34.885144],[138.531643,-34.88493],[138.531749,-34.884808],[138.531819,-34.884723]]}},{"type":"Feature","properties":{"tier":"arterial"},"geometry":{"type":"LineString","coordinates":[[138.534945,-34.880922],[138.535187,-34.880644],[138.535192,-34.880638],[138.535224,-34.880602]]}},{"type":"Feature","properties":{"tier":"arterial"},"geometry":{"type":"LineString","coordinates":[[138.534562,-34.881531],[138.534032,-34.882185],[138.533686,-34.882588],[138.533636,-34.882656],[138.533556,-34.882763],[138.533328,-34.883034],[138.533042,-34.88338],[138.53294,-34.883504],[138.532861,-34.8836],[138.532414,-34.884142]]}},{"type":"Feature","properties":{"tier":"arterial"},"geometry":{"type":"LineString","coordinates":[[138.536894,-34.878909],[138.537062,-34.878738]]}},{"type":"Feature","properties":{"tier":"arterial"},"geometry":{"type":"LineString","coordinates":[[138.53938,-34.876416],[138.539347,-34.876506],[138.538957,-34.876909],[138.538744,-34.877113],[138.538521,-34.877358],[138.538511,-34.87737],[138.538476,-34.877408]]}},{"type":"Feature","properties":{"tier":"arterial"},"geometry":{"type":"LineString","coordinates":[[138.53938,-34.876416],[138.539432,-34.876361],[138.539835,-34.875951]]}},{"type":"Feature","properties":{"tier":"arterial"},"geometry":{"type":"LineString","coordinates":[[138.548277,-34.875208],[138.548131,-34.875119]]}},{"type":"Feature","properties":{"tier":"arterial"},"geometry":{"type":"LineString","coordinates":[[138.501735,-34.93752],[138.501737,-34.937508]]}},{"type":"Feature","properties":{"tier":"arterial"},"geometry":{"type":"LineString","coordinates":[[138.507975,-34.935812],[138.508475,-34.935728],[138.509025,-34.935635],[138.509409,-34.935571],[138.509752,-34.935515],[138.510929,-34.935318],[138.512108,-34.935126],[138.512208,-34.935109],[138.513098,-34.934962],[138.514221,-34.934781]]}},{"type":"Feature","properties":{"tier":"arterial"},"geometry":{"type":"LineString","coordinates":[[138.519722,-34.934165],[138.521745,-34.934051],[138.522977,-34.933993]]}},{"type":"Feature","properties":{"tier":"arterial"},"geometry":{"type":"LineString","coordinates":[[138.541169,-34.933361],[138.541007,-34.933726]]}},{"type":"Feature","properties":{"tier":"arterial"},"geometry":{"type":"LineString","coordinates":[[138.542227,-34.932639],[138.541981,-34.932677],[138.541827,-34.932712],[138.541659,-34.932763],[138.541559,-34.932815],[138.541503,-34.932863],[138.541472,-34.932889],[138.541393,-34.932969],[138.541169,-34.933361]]}},{"type":"Feature","properties":{"tier":"arterial"},"geometry":{"type":"LineString","coordinates":[[138.540925,-34.933216],[138.540914,-34.932963],[138.540886,-34.932883],[138.540883,-34.932873],[138.540771,-34.932786],[138.540579,-34.932718]]}},{"type":"Feature","properties":{"tier":"arterial"},"geometry":{"type":"LineString","coordinates":[[138.539705,-34.935634],[138.539636,-34.935654],[138.539584,-34.935673],[138.53955,-34.935692],[138.53951,-34.93573],[138.539466,-34.935779],[138.539441,-34.935806],[138.539265,-34.935967],[138.539241,-34.935983],[138.538236,-34.936661]]}},{"type":"Feature","properties":{"tier":"arterial"},"geometry":{"type":"LineString","coordinates":[[138.540618,-34.934537],[138.540564,-34.934621],[138.540438,-34.934783],[138.540111,-34.935163],[138.539995,-34.935299],[138.539952,-34.935359]]}},{"type":"Feature","properties":{"tier":"arterial"},"geometry":{"type":"LineString","coordinates":[[138.552569,-34.932646],[138.552673,-34.932637],[138.553718,-34.932622]]}},{"type":"Feature","properties":{"tier":"arterial"},"geometry":{"type":"LineString","coordinates":[[138.552582,-34.932812],[138.552436,-34.932816]]}},{"type":"Feature","properties":{"tier":"arterial"},"geometry":{"type":"LineString","coordinates":[[138.550847,-34.876747],[138.550752,-34.876699]]}},{"type":"Feature","properties":{"tier":"arterial"},"geometry":{"type":"LineString","coordinates":[[138.557468,-34.880655],[138.557548,-34.880702],[138.557835,-34.880879],[138.55815,-34.881068],[138.558545,-34.881309]]}},{"type":"Feature","properties":{"tier":"arterial"},"geometry":{"type":"LineString","coordinates":[[138.54991,-34.876187],[138.54941,-34.875891],[138.548992,-34.875648],[138.548882,-34.875584],[138.548625,-34.875434]]}},{"type":"Feature","properties":{"tier":"arterial"},"geometry":{"type":"LineString","coordinates":[[138.548625,-34.875434],[138.548338,-34.875252],[138.54832,-34.875237],[138.548301,-34.875222]]}},{"type":"Feature","properties":{"tier":"arterial"},"geometry":{"type":"LineString","coordinates":[[138.532105,-34.895218],[138.532895,-34.895735],[138.533348,-34.896032]]}},{"type":"Feature","properties":{"tier":"arterial"},"geometry":{"type":"LineString","coordinates":[[138.532081,-34.895366],[138.531993,-34.895361],[138.531968,-34.895368],[138.531953,-34.895371],[138.531914,-34.895397],[138.531883,-34.895431],[138.531854,-34.895472]]}},{"type":"Feature","properties":{"tier":"arterial"},"geometry":{"type":"LineString","coordinates":[[138.53151,-34.89122],[138.531425,-34.891117],[138.531379,-34.891082],[138.531329,-34.891063],[138.53123,-34.891039]]}},{"type":"Feature","properties":{"tier":"arterial"},"geometry":{"type":"LineString","coordinates":[[138.51272,-34.879372],[138.512714,-34.879305],[138.512706,-34.879175]]}},{"type":"Feature","properties":{"tier":"arterial"},"geometry":{"type":"LineString","coordinates":[[138.557249,-34.875786],[138.556092,-34.875841],[138.556091,-34.875841],[138.556,-34.875846],[138.55478,-34.875912],[138.55365,-34.875964]]}},{"type":"Feature","properties":{"tier":"arterial"},"geometry":{"type":"LineString","coordinates":[[138.56027,-34.875559],[138.560673,-34.875541],[138.560786,-34.875536]]}},{"type":"Feature","properties":{"tier":"high"},"geometry":{"type":"LineString","coordinates":[[138.554873,-34.894162],[138.554838,-34.894051],[138.554727,-34.893913],[138.554669,-34.893776],[138.554652,-34.893608],[138.554654,-34.893592],[138.554673,-34.893478]]}},{"type":"Feature","properties":{"tier":"high"},"geometry":{"type":"LineString","coordinates":[[138.554673,-34.893478],[138.554582,-34.893512],[138.554533,-34.893532],[138.554437,-34.893554],[138.554247,-34.893547],[138.554088,-34.893524],[138.553949,-34.893441],[138.553795,-34.893354],[138.553706,-34.893371]]}},{"type":"Feature","properties":{"tier":"high"},"geometry":{"type":"LineString","coordinates":[[138.55429,-34.893219],[138.554328,-34.893292],[138.554389,-34.893369],[138.554394,-34.893459],[138.554365,-34.893507],[138.554247,-34.893547]]}},{"type":"Feature","properties":{"tier":"regional"},"geometry":{"type":"LineString","coordinates":[[138.555028,-34.893133],[138.555487,-34.892683],[138.555576,-34.892594],[138.5556,-34.89257]]}},{"type":"Feature","properties":{"tier":"regional"},"geometry":{"type":"LineString","coordinates":[[138.555582,-34.892475],[138.555604,-34.892459],[138.555632,-34.892451],[138.55566,-34.892452],[138.555686,-34.892461],[138.555699,-34.892468],[138.555719,-34.892495],[138.555723,-34.892516],[138.555719,-34.892537],[138.555704,-34.892559],[138.555685,-34.892572],[138.55566,-34.892579],[138.555634,-34.89258],[138.5556,-34.89257],[138.55559,-34.892564],[138.555573,-34.892545],[138.555565,-34.892522],[138.555568,-34.892498],[138.555582,-34.892475]]}},{"type":"Feature","properties":{"tier":"regional"},"geometry":{"type":"LineString","coordinates":[[138.555699,-34.892468],[138.55608,-34.89208]]}},{"type":"Feature","properties":{"tier":"regional"},"geometry":{"type":"LineString","coordinates":[[138.556769,-34.891355],[138.557132,-34.891005]]}},{"type":"Feature","properties":{"tier":"regional"},"geometry":{"type":"LineString","coordinates":[[138.556512,-34.891613],[138.556769,-34.891355]]}},{"type":"Feature","properties":{"tier":"regional"},"geometry":{"type":"LineString","coordinates":[[138.557615,-34.890396],[138.557638,-34.890383],[138.557665,-34.890379],[138.557691,-34.890383],[138.557713,-34.890393],[138.557715,-34.890394],[138.557731,-34.890411],[138.557737,-34.890425],[138.557739,-34.890444],[138.557734,-34.890462],[138.557719,-34.89048],[138.557701,-34.890492],[138.557679,-34.890498],[138.557654,-34.890498],[138.557628,-34.89049],[138.55762,-34.890486],[138.557603,-34.89047],[138.557594,-34.890449],[138.557595,-34.890426],[138.557606,-34.890405],[138.557615,-34.890396]]}},{"type":"Feature","properties":{"tier":"regional"},"geometry":{"type":"LineString","coordinates":[[138.557715,-34.890394],[138.557794,-34.890315],[138.558333,-34.88977],[138.558383,-34.889719],[138.558433,-34.889666],[138.559008,-34.889091],[138.559056,-34.889041]]}},{"type":"Feature","properties":{"tier":"regional"},"geometry":{"type":"LineString","coordinates":[[138.559053,-34.888932],[138.559079,-34.888923],[138.559107,-34.888923],[138.559132,-34.888931],[138.559143,-34.888937],[138.559166,-34.888963],[138.559171,-34.888984],[138.559167,-34.889004],[138.559154,-34.889025],[138.559134,-34.889039],[138.559111,-34.889047],[138.559085,-34.889048],[138.559056,-34.889041],[138.559046,-34.889035],[138.559028,-34.889019],[138.559018,-34.888998],[138.559017,-34.888975],[138.559026,-34.888954],[138.55904,-34.888939],[138.559053,-34.888932]]}},{"type":"Feature","properties":{"tier":"regional"},"geometry":{"type":"LineString","coordinates":[[138.559143,-34.888937],[138.559203,-34.888879],[138.559638,-34.888447],[138.559672,-34.888414],[138.559729,-34.888353],[138.559802,-34.888279],[138.560227,-34.887854],[138.560254,-34.887827]]}},{"type":"Feature","properties":{"tier":"regional"},"geometry":{"type":"LineString","coordinates":[[138.560356,-34.887698],[138.560401,-34.887653],[138.560897,-34.887169],[138.560942,-34.887125]]}},{"type":"Feature","properties":{"tier":"regional"},"geometry":{"type":"LineString","coordinates":[[138.56092,-34.887027],[138.560943,-34.887012],[138.56097,-34.887004],[138.560999,-34.887005],[138.561024,-34.887014],[138.561032,-34.887019],[138.561055,-34.887045],[138.56106,-34.887067],[138.561057,-34.887087],[138.561041,-34.88711],[138.561022,-34.887124],[138.560998,-34.887132],[138.560971,-34.887133],[138.560942,-34.887125],[138.560928,-34.887117],[138.560911,-34.887099],[138.560902,-34.887076],[138.560904,-34.887052],[138.56092,-34.887027]]}},{"type":"Feature","properties":{"tier":"regional"},"geometry":{"type":"LineString","coordinates":[[138.561032,-34.887019],[138.561103,-34.886945],[138.56162,-34.886398],[138.561685,-34.886328],[138.561743,-34.88627],[138.56252,-34.885485]]}},{"type":"Feature","properties":{"tier":"arterial"},"geometry":{"type":"LineString","coordinates":[[138.535194,-34.918222],[138.535286,-34.918695]]}},{"type":"Feature","properties":{"tier":"arterial"},"geometry":{"type":"LineString","coordinates":[[138.535291,-34.919626],[138.535239,-34.919524],[138.535179,-34.918861]]}},{"type":"Feature","properties":{"tier":"arterial"},"geometry":{"type":"LineString","coordinates":[[138.535179,-34.918861],[138.535159,-34.918709]]}},{"type":"Feature","properties":{"tier":"arterial"},"geometry":{"type":"LineString","coordinates":[[138.535304,-34.918861],[138.535322,-34.919519],[138.535291,-34.919626]]}},{"type":"Feature","properties":{"tier":"arterial"},"geometry":{"type":"LineString","coordinates":[[138.535068,-34.918076],[138.535091,-34.917936]]}},{"type":"Feature","properties":{"tier":"arterial"},"geometry":{"type":"LineString","coordinates":[[138.535091,-34.917936],[138.535165,-34.918073]]}},{"type":"Feature","properties":{"tier":"arterial"},"geometry":{"type":"LineString","coordinates":[[138.535091,-34.917936],[138.534908,-34.917041],[138.534892,-34.916963],[138.534887,-34.916942],[138.534394,-34.914544],[138.534351,-34.914335]]}},{"type":"Feature","properties":{"tier":"arterial"},"geometry":{"type":"LineString","coordinates":[[138.533662,-34.910935],[138.533592,-34.910602],[138.533487,-34.910107],[138.53346,-34.909982],[138.533298,-34.909213],[138.533291,-34.909178],[138.53327,-34.909065],[138.533148,-34.908409],[138.533067,-34.908008],[138.533061,-34.907974],[138.533042,-34.907879],[138.53291,-34.907221]]}},{"type":"Feature","properties":{"tier":"regional"},"geometry":{"type":"LineString","coordinates":[[138.534179,-34.913476],[138.534071,-34.913484],[138.534047,-34.913485]]}},{"type":"Feature","properties":{"tier":"regional"},"geometry":{"type":"LineString","coordinates":[[138.527894,-34.913826],[138.527894,-34.91384],[138.527877,-34.913868],[138.52785,-34.91389],[138.527815,-34.913903],[138.527795,-34.913906],[138.527757,-34.913903],[138.527722,-34.913889],[138.527695,-34.913866],[138.527683,-34.913847],[138.527677,-34.913821],[138.527681,-34.91379]]}},{"type":"Feature","properties":{"tier":"regional"},"geometry":{"type":"LineString","coordinates":[[138.521001,-34.913793],[138.520502,-34.913695],[138.520012,-34.913593],[138.519521,-34.913495],[138.519012,-34.913378],[138.518477,-34.913271],[138.517897,-34.913155],[138.517759,-34.913124],[138.517114,-34.912984],[138.516969,-34.912954],[138.516271,-34.912807],[138.515896,-34.912745],[138.515655,-34.912712],[138.514965,-34.912653]]}},{"type":"Feature","properties":{"tier":"high"},"geometry":{"type":"LineString","coordinates":[[138.556424,-34.895178],[138.556399,-34.895116],[138.55638,-34.895068],[138.556367,-34.89503],[138.556364,-34.894987],[138.556368,-34.894944],[138.556377,-34.894901],[138.556397,-34.894862],[138.556413,-34.894842],[138.556434,-34.894815],[138.556477,-34.894779],[138.55651,-34.894763],[138.556537,-34.894752],[138.556561,-34.894729]]}},{"type":"Feature","properties":{"tier":"regional"},"geometry":{"type":"LineString","coordinates":[[138.513429,-34.912708],[138.513376,-34.91271],[138.513268,-34.912716],[138.512287,-34.91277]]}},{"type":"Feature","properties":{"tier":"high"},"geometry":{"type":"LineString","coordinates":[[138.527783,-34.875504],[138.527947,-34.875583],[138.528038,-34.87557],[138.528199,-34.875442]]}},{"type":"Feature","properties":{"tier":"high"},"geometry":{"type":"LineString","coordinates":[[138.530638,-34.878356],[138.530593,-34.878135],[138.530588,-34.878121],[138.530579,-34.878098],[138.530559,-34.878053],[138.53045,-34.87787]]}},{"type":"Feature","properties":{"tier":"arterial"},"geometry":{"type":"LineString","coordinates":[[138.542227,-34.932639],[138.541501,-34.932674],[138.541416,-34.932678]]}},{"type":"Feature","properties":{"tier":"arterial"},"geometry":{"type":"LineString","coordinates":[[138.503969,-34.87975],[138.504251,-34.879747]]}},{"type":"Feature","properties":{"tier":"arterial"},"geometry":{"type":"LineString","coordinates":[[138.55279,-34.935545],[138.552812,-34.935856]]}},{"type":"Feature","properties":{"tier":"high"},"geometry":{"type":"LineString","coordinates":[[138.560069,-34.897041],[138.560701,-34.897468],[138.560828,-34.897546],[138.561789,-34.898203],[138.561892,-34.898271],[138.562219,-34.898486],[138.56252,-34.898684]]}},{"type":"Feature","properties":{"tier":"arterial"},"geometry":{"type":"LineString","coordinates":[[138.512845,-34.879369],[138.512936,-34.87937],[138.513316,-34.879371],[138.513805,-34.879379],[138.514291,-34.87947],[138.514609,-34.879601],[138.514871,-34.87976],[138.515403,-34.880142]]}},{"type":"Feature","properties":{"tier":"arterial"},"geometry":{"type":"LineString","coordinates":[[138.513019,-34.881776],[138.513032,-34.881956]]}},{"type":"Feature","properties":{"tier":"arterial"},"geometry":{"type":"LineString","coordinates":[[138.513752,-34.891824],[138.513767,-34.892047],[138.51378,-34.892231],[138.513791,-34.892386]]}},{"type":"Feature","properties":{"tier":"high"},"geometry":{"type":"LineString","coordinates":[[138.53553,-34.880412],[138.535495,-34.880522],[138.535495,-34.880575],[138.535524,-34.880692]]}},{"type":"Feature","properties":{"tier":"arterial"},"geometry":{"type":"LineString","coordinates":[[138.535039,-34.88037],[138.535292,-34.880411],[138.535399,-34.8804]]}},{"type":"Feature","properties":{"tier":"arterial"},"geometry":{"type":"LineString","coordinates":[[138.53537,-34.8812],[138.535137,-34.881116],[138.535034,-34.881096],[138.534995,-34.881096],[138.534879,-34.881153]]}},{"type":"Feature","properties":{"tier":"arterial"},"geometry":{"type":"LineString","coordinates":[[138.531216,-34.88505],[138.531297,-34.885093],[138.531355,-34.885129],[138.531458,-34.885144]]}},{"type":"Feature","properties":{"tier":"arterial"},"geometry":{"type":"LineString","coordinates":[[138.534538,-34.926768],[138.534822,-34.92687],[138.534862,-34.926868],[138.534912,-34.92685],[138.534984,-34.926795]]}},{"type":"Feature","properties":{"tier":"arterial"},"geometry":{"type":"LineString","coordinates":[[138.534984,-34.926795],[138.534976,-34.926907],[138.534972,-34.926959],[138.534974,-34.926975],[138.534978,-34.926998],[138.535045,-34.927143]]}},{"type":"Feature","properties":{"tier":"arterial"},"geometry":{"type":"LineString","coordinates":[[138.535962,-34.927515],[138.536298,-34.92759],[138.536523,-34.927603],[138.536683,-34.927587],[138.536712,-34.927584]]}},{"type":"Feature","properties":{"tier":"arterial"},"geometry":{"type":"LineString","coordinates":[[138.551976,-34.924668],[138.55198,-34.924725],[138.551993,-34.925017]]}},{"type":"Feature","properties":{"tier":"arterial"},"geometry":{"type":"LineString","coordinates":[[138.551863,-34.924674],[138.551905,-34.92455]]}},{"type":"Feature","properties":{"tier":"regional"},"geometry":{"type":"LineString","coordinates":[[138.501418,-34.922882],[138.501405,-34.922648],[138.501422,-34.922022],[138.501417,-34.921721],[138.501416,-34.921425],[138.501417,-34.921271],[138.501431,-34.920612],[138.501431,-34.920506]]}},{"type":"Feature","properties":{"tier":"regional"},"geometry":{"type":"LineString","coordinates":[[138.500452,-34.916069],[138.500275,-34.915545],[138.500237,-34.915433],[138.49998,-34.914666]]}},{"type":"Feature","properties":{"tier":"arterial"},"geometry":{"type":"LineString","coordinates":[[138.551593,-34.904432],[138.551652,-34.904431]]}},{"type":"Feature","properties":{"tier":"arterial"},"geometry":{"type":"LineString","coordinates":[[138.551497,-34.904541],[138.551463,-34.904543],[138.551421,-34.904547]]}},{"type":"Feature","properties":{"tier":"arterial"},"geometry":{"type":"LineString","coordinates":[[138.551836,-34.904177],[138.551799,-34.904231],[138.551771,-34.904268],[138.551727,-34.904334],[138.551652,-34.904431]]}},{"type":"Feature","properties":{"tier":"arterial"},"geometry":{"type":"LineString","coordinates":[[138.548435,-34.917428],[138.548539,-34.918644],[138.548546,-34.918744]]}},{"type":"Feature","properties":{"tier":"arterial"},"geometry":{"type":"LineString","coordinates":[[138.549013,-34.88563],[138.549003,-34.885675],[138.548981,-34.885775],[138.54898,-34.885776],[138.548971,-34.885816],[138.548928,-34.885999]]}},{"type":"Feature","properties":{"tier":"arterial"},"geometry":{"type":"LineString","coordinates":[[138.539671,-34.935163],[138.539767,-34.935143],[138.539864,-34.935114],[138.539935,-34.93509],[138.54,-34.935058],[138.54006,-34.935014],[138.540119,-34.934963],[138.540179,-34.93489],[138.540299,-34.934674]]}},{"type":"Feature","properties":{"tier":"high"},"geometry":{"type":"LineString","coordinates":[[138.526969,-34.87498],[138.527256,-34.875165],[138.527591,-34.875377]]}},{"type":"Feature","properties":{"tier":"high"},"geometry":{"type":"LineString","coordinates":[[138.540261,-34.883827],[138.542614,-34.885415],[138.543198,-34.885805],[138.543285,-34.88586],[138.543933,-34.886296],[138.545103,-34.887074],[138.545203,-34.887138],[138.54561,-34.887417],[138.547788,-34.888854]]}},{"type":"Feature","properties":{"tier":"arterial"},"geometry":{"type":"LineString","coordinates":[[138.555075,-34.879195],[138.555358,-34.879369],[138.55544,-34.879419],[138.55656,-34.880104],[138.557468,-34.880655]]}},{"type":"Feature","properties":{"tier":"arterial"},"geometry":{"type":"LineString","coordinates":[[138.517032,-34.936323],[138.517022,-34.936083],[138.517018,-34.935939],[138.517018,-34.935836]]}},{"type":"Feature","properties":{"tier":"arterial"},"geometry":{"type":"LineString","coordinates":[[138.504569,-34.93673],[138.504613,-34.936834]]}},{"type":"Feature","properties":{"tier":"arterial"},"geometry":{"type":"LineString","coordinates":[[138.514244,-34.934887],[138.514221,-34.934781],[138.514184,-34.934633]]}},{"type":"Feature","properties":{"tier":"regional"},"geometry":{"type":"LineString","coordinates":[[138.49998,-34.901987],[138.500851,-34.901947],[138.501283,-34.901926],[138.501892,-34.901897],[138.502036,-34.901888],[138.503109,-34.901838],[138.504143,-34.901788],[138.504242,-34.901782],[138.505142,-34.90174],[138.505268,-34.901733]]}},{"type":"Feature","properties":{"tier":"regional"},"geometry":{"type":"LineString","coordinates":[[138.537014,-34.935187],[138.538747,-34.935079],[138.538975,-34.935069],[138.539133,-34.935092],[138.539269,-34.935141]]}},{"type":"Feature","properties":{"tier":"arterial"},"geometry":{"type":"LineString","coordinates":[[138.531023,-34.878275],[138.530885,-34.878267],[138.530819,-34.878274],[138.530731,-34.878344]]}},{"type":"Feature","properties":{"tier":"high"},"geometry":{"type":"LineString","coordinates":[[138.551304,-34.891778],[138.551275,-34.891699],[138.55126,-34.891652],[138.551245,-34.891607],[138.551249,-34.891563],[138.551273,-34.891521],[138.551303,-34.891457]]}},{"type":"Feature","properties":{"tier":"arterial"},"geometry":{"type":"LineString","coordinates":[[138.505622,-34.906749],[138.505626,-34.906841]]}},{"type":"Feature","properties":{"tier":"arterial"},"geometry":{"type":"LineString","coordinates":[[138.501725,-34.907027],[138.501296,-34.907049]]}},{"type":"Feature","properties":{"tier":"regional"},"geometry":{"type":"LineString","coordinates":[[138.542737,-34.935764],[138.542537,-34.935775],[138.542128,-34.935797],[138.541569,-34.935827],[138.541265,-34.935845],[138.541149,-34.935845],[138.541033,-34.935835],[138.540915,-34.935821],[138.5408,-34.935793],[138.540575,-34.935732],[138.540415,-34.935677],[138.540337,-34.935654],[138.540266,-34.935629]]}},{"type":"Feature","properties":{"tier":"arterial"},"geometry":{"type":"LineString","coordinates":[[138.515322,-34.880218],[138.515403,-34.880142]]}},{"type":"Feature","properties":{"tier":"arterial"},"geometry":{"type":"LineString","coordinates":[[138.541223,-34.932548],[138.541248,-34.932482],[138.541253,-34.93247],[138.5414,-34.932092]]}},{"type":"Feature","properties":{"tier":"arterial"},"geometry":{"type":"LineString","coordinates":[[138.541475,-34.932536],[138.541416,-34.932678]]}},{"type":"Feature","properties":{"tier":"arterial"},"geometry":{"type":"LineString","coordinates":[[138.550801,-34.876621],[138.550883,-34.876663]]}},{"type":"Feature","properties":{"tier":"arterial"},"geometry":{"type":"LineString","coordinates":[[138.542086,-34.932502],[138.542889,-34.932458]]}},{"type":"Feature","properties":{"tier":"arterial"},"geometry":{"type":"LineString","coordinates":[[138.53861,-34.932808],[138.537966,-34.93286],[138.537584,-34.932868],[138.537342,-34.932881],[138.537261,-34.932885]]}},{"type":"Feature","properties":{"tier":"regional"},"geometry":{"type":"LineString","coordinates":[[138.513429,-34.912708],[138.513591,-34.912701]]}},{"type":"Feature","properties":{"tier":"arterial"},"geometry":{"type":"LineString","coordinates":[[138.517204,-34.934291],[138.517218,-34.934212],[138.51733,-34.933689],[138.51737,-34.933463]]}},{"type":"Feature","properties":{"tier":"arterial"},"geometry":{"type":"LineString","coordinates":[[138.505494,-34.905008],[138.505464,-34.904575],[138.505431,-34.904093],[138.505359,-34.903055],[138.505348,-34.90289],[138.505342,-34.902808],[138.50531,-34.902341],[138.505282,-34.901932],[138.505268,-34.901733],[138.505256,-34.901548],[138.505228,-34.90115],[138.505201,-34.900753],[138.50515,-34.900106],[138.505104,-34.899424],[138.505099,-34.899338],[138.505085,-34.899132],[138.505083,-34.899105],[138.505079,-34.899047],[138.505075,-34.898979],[138.505074,-34.898964],[138.505055,-34.898659],[138.505027,-34.898324],[138.504988,-34.89772],[138.504969,-34.897469],[138.50484,-34.895636],[138.50481,-34.89522],[138.504691,-34.893492]]}},{"type":"Feature","properties":{"tier":"arterial"},"geometry":{"type":"LineString","coordinates":[[138.543706,-34.925345],[138.543696,-34.925129],[138.543695,-34.925105],[138.543693,-34.925067]]}},{"type":"Feature","properties":{"tier":"arterial"},"geometry":{"type":"LineString","coordinates":[[138.54207,-34.931246],[138.542013,-34.931375]]}},{"type":"Feature","properties":{"tier":"arterial"},"geometry":{"type":"LineString","coordinates":[[138.538388,-34.927186],[138.538079,-34.92732],[138.53782,-34.92742],[138.53745,-34.927542],[138.537026,-34.927654],[138.536722,-34.927681]]}},{"type":"Feature","properties":{"tier":"regional"},"geometry":{"type":"LineString","coordinates":[[138.534596,-34.932421],[138.534581,-34.932221],[138.534557,-34.931917],[138.534551,-34.931835],[138.534492,-34.931071],[138.534457,-34.930635],[138.534431,-34.930311],[138.53423,-34.927783]]}},{"type":"Feature","properties":{"tier":"arterial"},"geometry":{"type":"LineString","coordinates":[[138.54403,-34.925881],[138.544025,-34.92614],[138.544085,-34.926874],[138.544061,-34.927084],[138.544014,-34.927252],[138.543932,-34.927454],[138.543865,-34.927593],[138.543808,-34.927685],[138.543725,-34.927792],[138.543577,-34.927965],[138.543425,-34.928135],[138.543219,-34.928357],[138.543192,-34.928386],[138.543157,-34.928421],[138.543084,-34.928511],[138.543015,-34.928607],[138.542962,-34.9287],[138.542904,-34.928841],[138.542849,-34.929011],[138.542682,-34.929535],[138.542418,-34.930391],[138.542399,-34.930448],[138.542334,-34.930646],[138.542298,-34.930729],[138.542265,-34.930803],[138.54207,-34.931246]]}},{"type":"Feature","properties":{"tier":"regional"},"geometry":{"type":"LineString","coordinates":[[138.53423,-34.927783],[138.534219,-34.927623],[138.534187,-34.927174],[138.534181,-34.927065]]}},{"type":"Feature","properties":{"tier":"arterial"},"geometry":{"type":"LineString","coordinates":[[138.55258,-34.877684],[138.552908,-34.877882],[138.553367,-34.878159]]}},{"type":"Feature","properties":{"tier":"arterial"},"geometry":{"type":"LineString","coordinates":[[138.549531,-34.875845],[138.550457,-34.876399]]}},{"type":"Feature","properties":{"tier":"arterial"},"geometry":{"type":"LineString","coordinates":[[138.541578,-34.93169],[138.541717,-34.931357],[138.541964,-34.930744],[138.541999,-34.930655],[138.542084,-34.930436],[138.542156,-34.93025],[138.542365,-34.929586],[138.542555,-34.929013],[138.542607,-34.928855],[138.542679,-34.928646],[138.54275,-34.928506],[138.542825,-34.928406],[138.542915,-34.928289],[138.543044,-34.928153],[138.54309,-34.928107],[138.543117,-34.92808],[138.543215,-34.927981],[138.543335,-34.927841],[138.543488,-34.927667],[138.543583,-34.927541],[138.543679,-34.927365],[138.543743,-34.927181],[138.543796,-34.926908],[138.543758,-34.926156],[138.543737,-34.925927]]}},{"type":"Feature","properties":{"tier":"arterial"},"geometry":{"type":"LineString","coordinates":[[138.513023,-34.883529],[138.513012,-34.883384],[138.512997,-34.883176],[138.512967,-34.88277]]}},{"type":"Feature","properties":{"tier":"arterial"},"geometry":{"type":"LineString","coordinates":[[138.512684,-34.878748],[138.512663,-34.878551],[138.512595,-34.877511],[138.512564,-34.876981],[138.512494,-34.876003],[138.512485,-34.875836],[138.512435,-34.875047]]}},{"type":"Feature","properties":{"tier":"arterial"},"geometry":{"type":"LineString","coordinates":[[138.513614,-34.889909],[138.513628,-34.890025]]}},{"type":"Feature","properties":{"tier":"arterial"},"geometry":{"type":"LineString","coordinates":[[138.51373,-34.892916],[138.513664,-34.89211],[138.513659,-34.892053],[138.513649,-34.891936],[138.51364,-34.891818]]}},{"type":"Feature","properties":{"tier":"regional"},"geometry":{"type":"LineString","coordinates":[[138.502476,-34.913464],[138.50323,-34.913442],[138.503323,-34.913439],[138.504205,-34.913387]]}},{"type":"Feature","properties":{"tier":"regional"},"geometry":{"type":"LineString","coordinates":[[138.49998,-34.913579],[138.501919,-34.913493]]}},{"type":"Feature","properties":{"tier":"arterial"},"geometry":{"type":"LineString","coordinates":[[138.51434,-34.901802],[138.514314,-34.901388],[138.514292,-34.901008],[138.514256,-34.900482],[138.514249,-34.900384],[138.514214,-34.899902]]}},{"type":"Feature","properties":{"tier":"arterial"},"geometry":{"type":"LineString","coordinates":[[138.514721,-34.906106],[138.514732,-34.906249],[138.514733,-34.906257],[138.514741,-34.906319]]}},{"type":"Feature","properties":{"tier":"arterial"},"geometry":{"type":"LineString","coordinates":[[138.512839,-34.879268],[138.512841,-34.879294],[138.512845,-34.879369]]}},{"type":"Feature","properties":{"tier":"arterial"},"geometry":{"type":"LineString","coordinates":[[138.513791,-34.892386],[138.513799,-34.892492],[138.51381,-34.892653],[138.513849,-34.893184],[138.513884,-34.893662],[138.513891,-34.893777],[138.51396,-34.89473],[138.513979,-34.894984],[138.514015,-34.895483],[138.514042,-34.895865],[138.514051,-34.895989],[138.514176,-34.897713],[138.514187,-34.897863],[138.514195,-34.897971],[138.514245,-34.89866]]}},{"type":"Feature","properties":{"tier":"arterial"},"geometry":{"type":"LineString","coordinates":[[138.552419,-34.87592],[138.553461,-34.87588],[138.553652,-34.875871],[138.553885,-34.87586],[138.554741,-34.875822]]}},{"type":"Feature","properties":{"tier":"arterial"},"geometry":{"type":"LineString","coordinates":[[138.55365,-34.875964],[138.552425,-34.876023]]}},{"type":"Feature","properties":{"tier":"regional"},"geometry":{"type":"LineString","coordinates":[[138.561123,-34.929486],[138.561148,-34.929923],[138.561198,-34.930661],[138.561237,-34.931092],[138.56126,-34.931348],[138.561293,-34.93171]]}},{"type":"Feature","properties":{"tier":"regional"},"geometry":{"type":"LineString","coordinates":[[138.527421,-34.913833],[138.527175,-34.913845],[138.525379,-34.913931],[138.524809,-34.913958],[138.524676,-34.913964],[138.524648,-34.913966],[138.522786,-34.914063],[138.522655,-34.91406],[138.522401,-34.914053],[138.522079,-34.914023],[138.521561,-34.913925],[138.521001,-34.913793]]}},{"type":"Feature","properties":{"tier":"arterial"},"geometry":{"type":"LineString","coordinates":[[138.549905,-34.904622],[138.549024,-34.904666],[138.548675,-34.904683],[138.547852,-34.904726],[138.547733,-34.904732]]}},{"type":"Feature","properties":{"tier":"regional"},"geometry":{"type":"LineString","coordinates":[[138.561319,-34.93204],[138.561327,-34.932129],[138.561329,-34.932175],[138.561332,-34.932223]]}},{"type":"Feature","properties":{"tier":"arterial"},"geometry":{"type":"LineString","coordinates":[[138.523313,-34.905984],[138.523043,-34.905998],[138.522629,-34.906018]]}},{"type":"Feature","properties":{"tier":"regional"},"geometry":{"type":"LineString","coordinates":[[138.533964,-34.912434],[138.534113,-34.91241],[138.534151,-34.912405],[138.5349,-34.912301],[138.535934,-34.912255],[138.536624,-34.912221],[138.536836,-34.912211],[138.537947,-34.912157],[138.538668,-34.912116],[138.538773,-34.91211],[138.539242,-34.91208],[138.539801,-34.912043],[138.540277,-34.912023],[138.540319,-34.912021],[138.540832,-34.911993],[138.541858,-34.911943],[138.54216,-34.911927],[138.542672,-34.9119],[138.543004,-34.911879],[138.544257,-34.911814],[138.544301,-34.911812],[138.544573,-34.911799],[138.545211,-34.911768],[138.545375,-34.91176],[138.546222,-34.911715],[138.546475,-34.911699],[138.546716,-34.911689],[138.548226,-34.911629],[138.548479,-34.911611],[138.54852,-34.911617],[138.548632,-34.911634]]}},{"type":"Feature","properties":{"tier":"arterial"},"geometry":{"type":"LineString","coordinates":[[138.546259,-34.904722],[138.546358,-34.904717],[138.546909,-34.904692],[138.547431,-34.904667]]}},{"type":"Feature","properties":{"tier":"regional"},"geometry":{"type":"LineString","coordinates":[[138.534047,-34.913485],[138.533924,-34.913492]]}},{"type":"Feature","properties":{"tier":"arterial"},"geometry":{"type":"LineString","coordinates":[[138.552064,-34.925872],[138.552121,-34.926527],[138.552129,-34.92662],[138.552168,-34.927102],[138.552202,-34.927611],[138.552218,-34.927841]]}},{"type":"Feature","properties":{"tier":"arterial"},"geometry":{"type":"LineString","coordinates":[[138.5519,-34.925227],[138.551868,-34.924743],[138.551867,-34.924725],[138.551863,-34.924674]]}},{"type":"Feature","properties":{"tier":"arterial"},"geometry":{"type":"LineString","coordinates":[[138.552805,-34.93752],[138.552802,-34.937486],[138.552773,-34.9371],[138.552763,-34.93698],[138.552726,-34.93649],[138.552721,-34.936429],[138.552698,-34.936124],[138.552693,-34.93606],[138.552678,-34.935863]]}},{"type":"Feature","properties":{"tier":"arterial"},"geometry":{"type":"LineString","coordinates":[[138.538738,-34.905107],[138.539212,-34.905084],[138.539377,-34.905076],[138.540029,-34.905045],[138.54056,-34.905018],[138.541132,-34.904988]]}},{"type":"Feature","properties":{"tier":"arterial"},"geometry":{"type":"LineString","coordinates":[[138.551474,-34.932707],[138.550981,-34.932516],[138.55056,-34.932353],[138.550358,-34.932296],[138.550165,-34.932266],[138.54999,-34.932247],[138.549758,-34.932247],[138.549124,-34.932279],[138.549101,-34.93228],[138.549045,-34.932283],[138.548878,-34.93229],[138.548774,-34.932295],[138.547515,-34.932351],[138.54704,-34.932382],[138.546469,-34.93242],[138.546197,-34.932435],[138.545942,-34.932449],[138.54535,-34.932481],[138.545332,-34.932482],[138.543652,-34.932564]]}},{"type":"Feature","properties":{"tier":"arterial"},"geometry":{"type":"LineString","coordinates":[[138.560598,-34.932178],[138.560902,-34.932186]]}},{"type":"Feature","properties":{"tier":"arterial"},"geometry":{"type":"LineString","coordinates":[[138.550385,-34.932141],[138.550639,-34.932212],[138.551088,-34.93239],[138.551436,-34.93253],[138.55165,-34.932608],[138.551774,-34.932634],[138.551978,-34.932663]]}},{"type":"Feature","properties":{"tier":"arterial"},"geometry":{"type":"LineString","coordinates":[[138.527787,-34.933768],[138.527858,-34.933765],[138.527868,-34.933765],[138.527937,-34.933761]]}},{"type":"Feature","properties":{"tier":"arterial"},"geometry":{"type":"LineString","coordinates":[[138.51841,-34.934356],[138.517449,-34.934404],[138.517348,-34.934412]]}},{"type":"Feature","properties":{"tier":"arterial"},"geometry":{"type":"LineString","coordinates":[[138.552977,-34.932789],[138.552679,-34.932808],[138.552646,-34.932809],[138.552582,-34.932812]]}},{"type":"Feature","properties":{"tier":"arterial"},"geometry":{"type":"LineString","coordinates":[[138.517742,-34.926445],[138.517742,-34.926482],[138.517738,-34.926637],[138.517728,-34.92693],[138.517721,-34.927116],[138.517719,-34.927296],[138.517714,-34.927625]]}},{"type":"Feature","properties":{"tier":"arterial"},"geometry":{"type":"LineString","coordinates":[[138.51737,-34.933463],[138.517444,-34.933018],[138.517473,-34.932838],[138.517491,-34.932682],[138.517498,-34.932575],[138.517511,-34.932209],[138.517518,-34.93202]]}},{"type":"Feature","properties":{"tier":"regional"},"geometry":{"type":"LineString","coordinates":[[138.534959,-34.936903],[138.534981,-34.937156],[138.535004,-34.93752]]}},{"type":"Feature","properties":{"tier":"regional"},"geometry":{"type":"LineString","coordinates":[[138.539199,-34.935268],[138.539173,-34.935253],[138.539135,-34.93523],[138.539051,-34.935196],[138.538937,-34.935177],[138.53878,-34.935171],[138.538707,-34.935172]]}},{"type":"Feature","properties":{"tier":"arterial"},"geometry":{"type":"LineString","coordinates":[[138.5414,-34.932092],[138.541507,-34.931853],[138.541578,-34.93169]]}},{"type":"Feature","properties":{"tier":"arterial"},"geometry":{"type":"LineString","coordinates":[[138.548546,-34.918744],[138.548552,-34.918817],[138.548557,-34.918877],[138.548629,-34.919754]]}},{"type":"Feature","properties":{"tier":"regional"},"geometry":{"type":"LineString","coordinates":[[138.534497,-34.935332],[138.534494,-34.935279],[138.534505,-34.935226],[138.53453,-34.935177],[138.534568,-34.935133],[138.534615,-34.935097],[138.534672,-34.93507],[138.534733,-34.935054],[138.534798,-34.935049]]}},{"type":"Feature","properties":{"tier":"arterial"},"geometry":{"type":"LineString","coordinates":[[138.534632,-34.932911],[138.534481,-34.933034]]}},{"type":"Feature","properties":{"tier":"regional"},"geometry":{"type":"LineString","coordinates":[[138.534632,-34.932911],[138.534605,-34.932864],[138.534593,-34.9327]]}},{"type":"Feature","properties":{"tier":"arterial"},"geometry":{"type":"LineString","coordinates":[[138.534282,-34.932951],[138.534466,-34.932879],[138.534501,-34.932856],[138.53453,-34.932826],[138.534555,-34.932788],[138.534593,-34.9327]]}},{"type":"Feature","properties":{"tier":"arterial"},"geometry":{"type":"LineString","coordinates":[[138.534922,-34.933011],[138.534782,-34.93298],[138.534728,-34.932963],[138.534696,-34.932948],[138.534662,-34.932933],[138.534632,-34.932911]]}},{"type":"Feature","properties":{"tier":"arterial"},"geometry":{"type":"LineString","coordinates":[[138.534651,-34.932679],[138.534703,-34.932765],[138.534721,-34.932787],[138.534744,-34.932806],[138.534768,-34.932821],[138.534797,-34.932832],[138.535003,-34.9329]]}},{"type":"Feature","properties":{"tier":"arterial"},"geometry":{"type":"LineString","coordinates":[[138.51565,-34.934646],[138.51567,-34.934723],[138.515684,-34.934779]]}},{"type":"Feature","properties":{"tier":"arterial"},"geometry":{"type":"LineString","coordinates":[[138.548181,-34.913426],[138.548178,-34.91366],[138.548197,-34.913868],[138.548206,-34.914001]]}},{"type":"Feature","properties":{"tier":"arterial"},"geometry":{"type":"LineString","coordinates":[[138.517663,-34.929674],[138.517555,-34.929674]]}},{"type":"Feature","properties":{"tier":"arterial"},"geometry":{"type":"LineString","coordinates":[[138.51757,-34.92869],[138.517689,-34.928685]]}},{"type":"Feature","properties":{"tier":"arterial"},"geometry":{"type":"LineString","coordinates":[[138.51771,-34.927938],[138.517591,-34.927941]]}},{"type":"Feature","properties":{"tier":"arterial"},"geometry":{"type":"LineString","coordinates":[[138.517542,-34.930276],[138.517648,-34.930279]]}},{"type":"Feature","properties":{"tier":"arterial"},"geometry":{"type":"LineString","coordinates":[[138.535291,-34.919626],[138.535297,-34.919695],[138.5353,-34.919721],[138.535362,-34.920404],[138.535421,-34.921069],[138.535468,-34.921679],[138.535478,-34.921794],[138.535491,-34.921943],[138.535573,-34.923052],[138.5356,-34.923439],[138.535648,-34.924185],[138.535694,-34.925049],[138.535691,-34.92532],[138.535672,-34.925547],[138.535593,-34.92572],[138.535468,-34.925942]]}},{"type":"Feature","properties":{"tier":"arterial"},"geometry":{"type":"LineString","coordinates":[[138.548811,-34.924698],[138.548931,-34.924692],[138.548934,-34.924692],[138.549031,-34.924687]]}},{"type":"Feature","properties":{"tier":"arterial"},"geometry":{"type":"LineString","coordinates":[[138.551905,-34.92455],[138.552781,-34.924507]]}},{"type":"Feature","properties":{"tier":"arterial"},"geometry":{"type":"LineString","coordinates":[[138.549031,-34.924687],[138.549123,-34.924682],[138.5493,-34.924673]]}},{"type":"Feature","properties":{"tier":"arterial"},"geometry":{"type":"LineString","coordinates":[[138.548562,-34.924833],[138.548384,-34.924841]]}},{"type":"Feature","properties":{"tier":"arterial"},"geometry":{"type":"LineString","coordinates":[[138.548632,-34.911634],[138.548666,-34.911543],[138.548674,-34.911522],[138.549027,-34.910579],[138.549117,-34.91034],[138.549252,-34.909978]]}},{"type":"Feature","properties":{"tier":"arterial"},"geometry":{"type":"LineString","coordinates":[[138.549002,-34.924267],[138.549016,-34.924472]]}},{"type":"Feature","properties":{"tier":"arterial"},"geometry":{"type":"LineString","coordinates":[[138.548111,-34.913944],[138.548095,-34.913639],[138.548098,-34.913411],[138.548099,-34.91336]]}},{"type":"Feature","properties":{"tier":"arterial"},"geometry":{"type":"LineString","coordinates":[[138.552652,-34.935554],[138.552603,-34.93478],[138.55257,-34.934366],[138.55256,-34.934235],[138.552552,-34.934114],[138.552549,-34.934066],[138.552541,-34.933982],[138.552477,-34.93327],[138.552454,-34.932978]]}},{"type":"Feature","properties":{"tier":"regional"},"geometry":{"type":"LineString","coordinates":[[138.534596,-34.932421],[138.534646,-34.932595],[138.534651,-34.932679]]}},{"type":"Feature","properties":{"tier":"arterial"},"geometry":{"type":"LineString","coordinates":[[138.541168,-34.932688],[138.541223,-34.932548]]}},{"type":"Feature","properties":{"tier":"arterial"},"geometry":{"type":"LineString","coordinates":[[138.517518,-34.93202],[138.51752,-34.931217]]}},{"type":"Feature","properties":{"tier":"arterial"},"geometry":{"type":"LineString","coordinates":[[138.51752,-34.931217],[138.517526,-34.931165],[138.51753,-34.931124]]}},{"type":"Feature","properties":{"tier":"arterial"},"geometry":{"type":"LineString","coordinates":[[138.530795,-34.878129],[138.530785,-34.878141],[138.530755,-34.878212],[138.530742,-34.878267],[138.530731,-34.878344]]}},{"type":"Feature","properties":{"tier":"arterial"},"geometry":{"type":"LineString","coordinates":[[138.531494,-34.891031],[138.531492,-34.890986],[138.53149,-34.890963],[138.531475,-34.890788]]}},{"type":"Feature","properties":{"tier":"arterial"},"geometry":{"type":"LineString","coordinates":[[138.539671,-34.935163],[138.53975,-34.935173],[138.539823,-34.9352],[138.539884,-34.935242],[138.539928,-34.935297],[138.539952,-34.935359]]}},{"type":"Feature","properties":{"tier":"high"},"geometry":{"type":"LineString","coordinates":[[138.527591,-34.875377],[138.527682,-34.875531],[138.527852,-34.875697],[138.527974,-34.87578],[138.528051,-34.875831],[138.528153,-34.875889]]}},{"type":"Feature","properties":{"tier":"arterial"},"geometry":{"type":"LineString","coordinates":[[138.558835,-34.881616],[138.558475,-34.881387],[138.557767,-34.880958],[138.557459,-34.880767]]}},{"type":"Feature","properties":{"tier":"arterial"},"geometry":{"type":"LineString","coordinates":[[138.553592,-34.878431],[138.553285,-34.878243]]}},{"type":"Feature","properties":{"tier":"regional"},"geometry":{"type":"LineString","coordinates":[[138.504586,-34.913448],[138.504563,-34.913457],[138.504533,-34.913462],[138.504496,-34.913456],[138.504465,-34.913439],[138.504443,-34.913409],[138.504439,-34.91339],[138.504446,-34.913356],[138.504468,-34.913331],[138.504492,-34.913317],[138.504527,-34.91331],[138.504556,-34.913312],[138.504576,-34.913319],[138.5046,-34.913334],[138.504616,-34.913354],[138.504624,-34.913374],[138.504624,-34.913396],[138.504611,-34.913425],[138.504586,-34.913448]]}},{"type":"Feature","properties":{"tier":"arterial"},"geometry":{"type":"LineString","coordinates":[[138.548446,-34.87498],[138.548447,-34.874993],[138.548453,-34.875017],[138.548482,-34.875124],[138.548485,-34.875134],[138.548531,-34.875212],[138.548613,-34.875296]]}},{"type":"Feature","properties":{"tier":"regional"},"geometry":{"type":"LineString","coordinates":[[138.534739,-34.93568],[138.534684,-34.935525]]}},{"type":"Feature","properties":{"tier":"arterial"},"geometry":{"type":"LineString","coordinates":[[138.531631,-34.891024],[138.531633,-34.891089],[138.531645,-34.891478],[138.531659,-34.891767],[138.531665,-34.891894],[138.531676,-34.892043],[138.531694,-34.892301]]}},{"type":"Feature","properties":{"tier":"arterial"},"geometry":{"type":"LineString","coordinates":[[138.504626,-34.892144],[138.504637,-34.892264]]}},{"type":"Feature","properties":{"tier":"arterial"},"geometry":{"type":"LineString","coordinates":[[138.531121,-34.891002],[138.531264,-34.890996],[138.531442,-34.890989],[138.531492,-34.890986],[138.531624,-34.890974]]}},{"type":"Feature","properties":{"tier":"arterial"},"geometry":{"type":"LineString","coordinates":[[138.530884,-34.89103],[138.531121,-34.891002]]}},{"type":"Feature","properties":{"tier":"arterial"},"geometry":{"type":"LineString","coordinates":[[138.531115,-34.885647],[138.531095,-34.88541],[138.531092,-34.885362],[138.531078,-34.88515],[138.531084,-34.885048]]}},{"type":"Feature","properties":{"tier":"arterial"},"geometry":{"type":"LineString","coordinates":[[138.531295,-34.885325],[138.531242,-34.885274],[138.531217,-34.88525],[138.531174,-34.885184],[138.531132,-34.885117],[138.531084,-34.885048]]}},{"type":"Feature","properties":{"tier":"high"},"geometry":{"type":"LineString","coordinates":[[138.53466,-34.88012],[138.534861,-34.88034],[138.53516,-34.880556],[138.535177,-34.880568],[138.535224,-34.880602]]}},{"type":"Feature","properties":{"tier":"arterial"},"geometry":{"type":"LineString","coordinates":[[138.543798,-34.925062],[138.543816,-34.925094],[138.543904,-34.925247],[138.543946,-34.925369],[138.54402,-34.925703]]}},{"type":"Feature","properties":{"tier":"arterial"},"geometry":{"type":"LineString","coordinates":[[138.532627,-34.905516],[138.532636,-34.905569],[138.532655,-34.905689]]}},{"type":"Feature","properties":{"tier":"arterial"},"geometry":{"type":"LineString","coordinates":[[138.552522,-34.904494],[138.552245,-34.904507],[138.552184,-34.90451],[138.551575,-34.904535]]}},{"type":"Feature","properties":{"tier":"regional"},"geometry":{"type":"LineString","coordinates":[[138.50223,-34.913546],[138.502207,-34.913555],[138.502178,-34.913558],[138.502143,-34.913551],[138.502114,-34.913533],[138.502095,-34.913503],[138.502092,-34.913486],[138.5021,-34.913453],[138.502122,-34.913429],[138.502147,-34.913417],[138.502181,-34.913411],[138.502209,-34.913415],[138.502227,-34.913422],[138.502249,-34.913437],[138.502264,-34.913457],[138.50227,-34.913477],[138.502269,-34.913498],[138.502256,-34.913525],[138.50223,-34.913546]]}},{"type":"Feature","properties":{"tier":"arterial"},"geometry":{"type":"LineString","coordinates":[[138.504497,-34.936559],[138.504543,-34.936667],[138.504569,-34.93673]]}},{"type":"Feature","properties":{"tier":"regional"},"geometry":{"type":"LineString","coordinates":[[138.501426,-34.923001],[138.501398,-34.922995],[138.501377,-34.922983],[138.501361,-34.92296],[138.501357,-34.922942],[138.501362,-34.922919],[138.501376,-34.922901],[138.501396,-34.922888],[138.501418,-34.922882],[138.501443,-34.922882],[138.501463,-34.922888],[138.501491,-34.922908],[138.501503,-34.922939],[138.501498,-34.922964],[138.501487,-34.922979],[138.50146,-34.922996],[138.501426,-34.923001]]}},{"type":"Feature","properties":{"tier":"regional"},"geometry":{"type":"LineString","coordinates":[[138.500593,-34.916447],[138.500541,-34.916451],[138.500498,-34.916437],[138.500464,-34.916407],[138.500452,-34.916373],[138.500456,-34.916339],[138.500472,-34.916312],[138.500498,-34.916292],[138.500524,-34.916282],[138.500563,-34.916278],[138.500618,-34.916293],[138.50065,-34.916321],[138.500664,-34.916363],[138.500658,-34.916393],[138.500641,-34.916419],[138.500623,-34.916433],[138.500593,-34.916447]]}},{"type":"Feature","properties":{"tier":"regional"},"geometry":{"type":"LineString","coordinates":[[138.501431,-34.923723],[138.501431,-34.923765],[138.501426,-34.924383],[138.501416,-34.925076]]}},{"type":"Feature","properties":{"tier":"regional"},"geometry":{"type":"LineString","coordinates":[[138.560254,-34.887827],[138.560233,-34.887811],[138.560217,-34.887784],[138.560216,-34.887745],[138.560227,-34.887724],[138.560239,-34.887711],[138.560262,-34.887696],[138.560285,-34.887689],[138.560311,-34.887687],[138.560336,-34.887691],[138.560356,-34.887698],[138.560371,-34.887708],[138.560392,-34.887731],[138.5604,-34.887765],[138.560393,-34.887793],[138.560378,-34.887813],[138.560355,-34.887829],[138.560327,-34.887839],[138.560297,-34.88784],[138.560277,-34.887836],[138.560254,-34.887827]]}},{"type":"Feature","properties":{"tier":"arterial"},"geometry":{"type":"LineString","coordinates":[[138.505088,-34.892136],[138.504793,-34.892163],[138.504711,-34.892193],[138.50468,-34.892218],[138.504637,-34.892264]]}},{"type":"Feature","properties":{"tier":"arterial"},"geometry":{"type":"LineString","coordinates":[[138.504588,-34.891728],[138.504712,-34.891911],[138.504773,-34.891976],[138.504881,-34.892025]]}},{"type":"Feature","properties":{"tier":"arterial"},"geometry":{"type":"LineString","coordinates":[[138.504221,-34.89197],[138.504412,-34.891887],[138.504482,-34.891733]]}},{"type":"Feature","properties":{"tier":"arterial"},"geometry":{"type":"LineString","coordinates":[[138.541007,-34.933726],[138.540979,-34.933915],[138.540987,-34.933966],[138.541007,-34.934011],[138.54105,-34.934069]]}},{"type":"Feature","properties":{"tier":"arterial"},"geometry":{"type":"LineString","coordinates":[[138.552505,-34.877758],[138.55258,-34.877684]]}},{"type":"Feature","properties":{"tier":"arterial"},"geometry":{"type":"LineString","coordinates":[[138.504556,-34.892353],[138.504428,-34.892167],[138.504364,-34.892065]]}},{"type":"Feature","properties":{"tier":"regional"},"geometry":{"type":"LineString","coordinates":[[138.553011,-34.912744],[138.552918,-34.91272],[138.551968,-34.912482],[138.550873,-34.912198],[138.549857,-34.911957],[138.549709,-34.911919],[138.549157,-34.91177],[138.548768,-34.911669],[138.548743,-34.911662],[138.548632,-34.911634]]}},{"type":"Feature","properties":{"tier":"arterial"},"geometry":{"type":"LineString","coordinates":[[138.540299,-34.934674],[138.540434,-34.934483],[138.5405,-34.934334],[138.540556,-34.934218],[138.540619,-34.934152],[138.540696,-34.934094],[138.540764,-34.934066],[138.540793,-34.934058],[138.540821,-34.934049],[138.540869,-34.93404]]}},{"type":"Feature","properties":{"tier":"arterial"},"geometry":{"type":"LineString","coordinates":[[138.530638,-34.878356],[138.530528,-34.878235],[138.530522,-34.878232],[138.530477,-34.878211],[138.530303,-34.878209]]}},{"type":"Feature","properties":{"tier":"high"},"geometry":{"type":"LineString","coordinates":[[138.530303,-34.878209],[138.530431,-34.878131],[138.530464,-34.878068],[138.530476,-34.878045],[138.530479,-34.877955],[138.53045,-34.87787]]}},{"type":"Feature","properties":{"tier":"arterial"},"geometry":{"type":"LineString","coordinates":[[138.504482,-34.891733],[138.504438,-34.891358],[138.504361,-34.890306],[138.504306,-34.889634],[138.504285,-34.889372]]}},{"type":"Feature","properties":{"tier":"arterial"},"geometry":{"type":"LineString","coordinates":[[138.513517,-34.890243],[138.513559,-34.890085],[138.513586,-34.890044],[138.513628,-34.890025]]}},{"type":"Feature","properties":{"tier":"arterial"},"geometry":{"type":"LineString","coordinates":[[138.513628,-34.890025],[138.513684,-34.890022],[138.513901,-34.890008]]}},{"type":"Feature","properties":{"tier":"arterial"},"geometry":{"type":"LineString","coordinates":[[138.513628,-34.890025],[138.513634,-34.890119]]}},{"type":"Feature","properties":{"tier":"arterial"},"geometry":{"type":"LineString","coordinates":[[138.522145,-34.882337],[138.522114,-34.882458],[138.52182,-34.882834],[138.52142,-34.883305]]}},{"type":"Feature","properties":{"tier":"arterial"},"geometry":{"type":"LineString","coordinates":[[138.520511,-34.884245],[138.520525,-34.884192],[138.520706,-34.88396],[138.520862,-34.88378],[138.520892,-34.883752],[138.520939,-34.883692]]}},{"type":"Feature","properties":{"tier":"arterial"},"geometry":{"type":"LineString","coordinates":[[138.520939,-34.883692],[138.520999,-34.883616]]}},{"type":"Feature","properties":{"tier":"arterial"},"geometry":{"type":"LineString","coordinates":[[138.520706,-34.88396],[138.520706,-34.883878],[138.520735,-34.883831],[138.520745,-34.88374],[138.520705,-34.88367],[138.520631,-34.883574]]}},{"type":"Feature","properties":{"tier":"arterial"},"geometry":{"type":"LineString","coordinates":[[138.515589,-34.889597],[138.516075,-34.889065],[138.516357,-34.888765],[138.516792,-34.888294],[138.516899,-34.888179],[138.517045,-34.888025],[138.517508,-34.887509],[138.517865,-34.887114],[138.518411,-34.886502],[138.519205,-34.885671],[138.520511,-34.884245]]}},{"type":"Feature","properties":{"tier":"arterial"},"geometry":{"type":"LineString","coordinates":[[138.504182,-34.887606],[138.504214,-34.887531],[138.504231,-34.887499],[138.504295,-34.887471]]}},{"type":"Feature","properties":{"tier":"regional"},"geometry":{"type":"LineString","coordinates":[[138.503621,-34.876675],[138.503489,-34.876672],[138.503433,-34.876672],[138.50342,-34.876672],[138.503234,-34.876674],[138.503086,-34.876677],[138.502885,-34.87667],[138.502638,-34.876623],[138.502305,-34.876488],[138.501986,-34.876278],[138.501809,-34.876118],[138.501697,-34.876006],[138.501602,-34.875901],[138.501398,-34.87562],[138.50134,-34.875511],[138.501149,-34.875123],[138.501071,-34.87498]]}},{"type":"Feature","properties":{"tier":"arterial"},"geometry":{"type":"LineString","coordinates":[[138.503489,-34.876672],[138.503494,-34.875172],[138.503492,-34.87498]]}},{"type":"Feature","properties":{"tier":"arterial"},"geometry":{"type":"LineString","coordinates":[[138.522145,-34.882337],[138.522285,-34.88217],[138.522431,-34.882004],[138.522925,-34.881489],[138.522987,-34.88142],[138.523415,-34.880952],[138.523487,-34.880874],[138.523825,-34.880505],[138.523863,-34.880463],[138.524138,-34.880164],[138.525572,-34.878836],[138.526684,-34.877973],[138.527668,-34.877335],[138.52778,-34.877238]]}},{"type":"Feature","properties":{"tier":"arterial"},"geometry":{"type":"LineString","coordinates":[[138.52104,-34.883741],[138.520979,-34.883806],[138.520574,-34.884231],[138.520511,-34.884245]]}},{"type":"Feature","properties":{"tier":"arterial"},"geometry":{"type":"LineString","coordinates":[[138.503792,-34.879751],[138.503798,-34.87985]]}},{"type":"Feature","properties":{"tier":"arterial"},"geometry":{"type":"LineString","coordinates":[[138.503773,-34.879542],[138.50385,-34.879645],[138.503969,-34.87975]]}},{"type":"Feature","properties":{"tier":"arterial"},"geometry":{"type":"LineString","coordinates":[[138.503166,-34.879764],[138.503398,-34.879702],[138.503529,-34.879645],[138.503619,-34.879517]]}},{"type":"Feature","properties":{"tier":"arterial"},"geometry":{"type":"LineString","coordinates":[[138.504086,-34.879843],[138.503873,-34.879935],[138.50381,-34.880051]]}},{"type":"Feature","properties":{"tier":"arterial"},"geometry":{"type":"LineString","coordinates":[[138.503664,-34.880149],[138.503585,-34.880024],[138.503538,-34.879945],[138.503455,-34.879862]]}},{"type":"Feature","properties":{"tier":"regional"},"geometry":{"type":"LineString","coordinates":[[138.501436,-34.920345],[138.501446,-34.920068],[138.501437,-34.919752],[138.501381,-34.91901],[138.501351,-34.9187],[138.501227,-34.918266],[138.501081,-34.917874],[138.500901,-34.917382],[138.500819,-34.917134],[138.500661,-34.916655]]}},{"type":"Feature","properties":{"tier":"arterial"},"geometry":{"type":"LineString","coordinates":[[138.537174,-34.937382],[138.536972,-34.93752]]}},{"type":"Feature","properties":{"tier":"arterial"},"geometry":{"type":"LineString","coordinates":[[138.508557,-34.891902],[138.508757,-34.891895],[138.508966,-34.891886],[138.509726,-34.891852],[138.50988,-34.891845],[138.510158,-34.891832],[138.510457,-34.891819],[138.510882,-34.891799],[138.511111,-34.891788],[138.511624,-34.891764],[138.512096,-34.891745],[138.512348,-34.891735],[138.512419,-34.891733],[138.512883,-34.891705],[138.513274,-34.891705]]}},{"type":"Feature","properties":{"tier":"arterial"},"geometry":{"type":"LineString","coordinates":[[138.532646,-34.905909],[138.53257,-34.905719]]}},{"type":"Feature","properties":{"tier":"arterial"},"geometry":{"type":"LineString","coordinates":[[138.562351,-34.904104],[138.56252,-34.904115]]}},{"type":"Feature","properties":{"tier":"arterial"},"geometry":{"type":"LineString","coordinates":[[138.52784,-34.93413],[138.527752,-34.934033],[138.527717,-34.933981],[138.527632,-34.933928],[138.527474,-34.933893]]}},{"type":"Feature","properties":{"tier":"arterial"},"geometry":{"type":"LineString","coordinates":[[138.528832,-34.933822],[138.528661,-34.933896],[138.528229,-34.933911],[138.528041,-34.933968],[138.527939,-34.934038]]}},{"type":"Feature","properties":{"tier":"arterial"},"geometry":{"type":"LineString","coordinates":[[138.538476,-34.877408],[138.538396,-34.877488],[138.538366,-34.877521],[138.53832,-34.87757],[138.538316,-34.877574],[138.538277,-34.877615],[138.538233,-34.877659],[138.537777,-34.87812]]}},{"type":"Feature","properties":{"tier":"arterial"},"geometry":{"type":"LineString","coordinates":[[138.548655,-34.920072],[138.548708,-34.920758],[138.548739,-34.921159],[138.548759,-34.921368],[138.548806,-34.92187],[138.548833,-34.922146],[138.548845,-34.922284],[138.548863,-34.922492],[138.548913,-34.923077],[138.548922,-34.923181],[138.548948,-34.923489]]}},{"type":"Feature","properties":{"tier":"arterial"},"geometry":{"type":"LineString","coordinates":[[138.531649,-34.893377],[138.531602,-34.892818],[138.53156,-34.892307]]}},{"type":"Feature","properties":{"tier":"arterial"},"geometry":{"type":"LineString","coordinates":[[138.53156,-34.892307],[138.531547,-34.892041],[138.53154,-34.891812],[138.53151,-34.89122]]}},{"type":"Feature","properties":{"tier":"arterial"},"geometry":{"type":"LineString","coordinates":[[138.531862,-34.894942],[138.531914,-34.89506],[138.531946,-34.895091],[138.531953,-34.895099],[138.532105,-34.895218]]}},{"type":"Feature","properties":{"tier":"arterial"},"geometry":{"type":"LineString","coordinates":[[138.530638,-34.878356],[138.530658,-34.8782],[138.530667,-34.878161],[138.530688,-34.878112],[138.530703,-34.878075]]}},{"type":"Feature","properties":{"tier":"arterial"},"geometry":{"type":"LineString","coordinates":[[138.52778,-34.877238],[138.527927,-34.877053],[138.528002,-34.876881],[138.528048,-34.876712]]}},{"type":"Feature","properties":{"tier":"arterial"},"geometry":{"type":"LineString","coordinates":[[138.528248,-34.87498],[138.528222,-34.875212]]}},{"type":"Feature","properties":{"tier":"arterial"},"geometry":{"type":"LineString","coordinates":[[138.512421,-34.891821],[138.511631,-34.891856],[138.510467,-34.891908],[138.509733,-34.89194],[138.508974,-34.891978],[138.50877,-34.891986],[138.508568,-34.891998],[138.508346,-34.892004],[138.50798,-34.89202],[138.507472,-34.892045],[138.507037,-34.892063],[138.505463,-34.892134],[138.505088,-34.892136]]}},{"type":"Feature","properties":{"tier":"arterial"},"geometry":{"type":"LineString","coordinates":[[138.504264,-34.925192],[138.505147,-34.925149],[138.505382,-34.925175],[138.50553,-34.925212],[138.505579,-34.925223],[138.505841,-34.925311],[138.506017,-34.925404],[138.506128,-34.925476]]}},{"type":"Feature","properties":{"tier":"arterial"},"geometry":{"type":"LineString","coordinates":[[138.501714,-34.906944],[138.502389,-34.906911],[138.502922,-34.906885],[138.503589,-34.906852]]}},{"type":"Feature","properties":{"tier":"arterial"},"geometry":{"type":"LineString","coordinates":[[138.558526,-34.924331],[138.558062,-34.924355],[138.558033,-34.924357],[138.557822,-34.924368],[138.557567,-34.924381]]}},{"type":"Feature","properties":{"tier":"arterial"},"geometry":{"type":"LineString","coordinates":[[138.555247,-34.924388],[138.555276,-34.924387],[138.555893,-34.924356]]}},{"type":"Feature","properties":{"tier":"arterial"},"geometry":{"type":"LineString","coordinates":[[138.551184,-34.904867],[138.55134,-34.904662],[138.551379,-34.90461],[138.551421,-34.904547]]}},{"type":"Feature","properties":{"tier":"arterial"},"geometry":{"type":"LineString","coordinates":[[138.551976,-34.924668],[138.551863,-34.924674]]}},{"type":"Feature","properties":{"tier":"arterial"},"geometry":{"type":"LineString","coordinates":[[138.534872,-34.926983],[138.534912,-34.927019],[138.535045,-34.927143]]}},{"type":"Feature","properties":{"tier":"arterial"},"geometry":{"type":"LineString","coordinates":[[138.53478,-34.927088],[138.534489,-34.926873],[138.534371,-34.926814],[138.534268,-34.926784]]}},{"type":"Feature","properties":{"tier":"arterial"},"geometry":{"type":"LineString","coordinates":[[138.526019,-34.933843],[138.52769,-34.933772],[138.527715,-34.933771],[138.527787,-34.933768]]}},{"type":"Feature","properties":{"tier":"arterial"},"geometry":{"type":"LineString","coordinates":[[138.527917,-34.933872],[138.527868,-34.933875],[138.52782,-34.933877]]}},{"type":"Feature","properties":{"tier":"arterial"},"geometry":{"type":"LineString","coordinates":[[138.513774,-34.911724],[138.513731,-34.911954],[138.513707,-34.91208]]}},{"type":"Feature","properties":{"tier":"arterial"},"geometry":{"type":"LineString","coordinates":[[138.548384,-34.916763],[138.548415,-34.917187]]}},{"type":"Feature","properties":{"tier":"arterial"},"geometry":{"type":"LineString","coordinates":[[138.55513,-34.904266],[138.555378,-34.904253],[138.555522,-34.904245],[138.555591,-34.904241],[138.556171,-34.90421]]}},{"type":"Feature","properties":{"tier":"arterial"},"geometry":{"type":"LineString","coordinates":[[138.557745,-34.904217],[138.556179,-34.904292]]}},{"type":"Feature","properties":{"tier":"arterial"},"geometry":{"type":"LineString","coordinates":[[138.556179,-34.904292],[138.555898,-34.904307],[138.555528,-34.904326],[138.555136,-34.904346]]}},{"type":"Feature","properties":{"tier":"arterial"},"geometry":{"type":"LineString","coordinates":[[138.555136,-34.904346],[138.554956,-34.904358],[138.554347,-34.904398]]}},{"type":"Feature","properties":{"tier":"arterial"},"geometry":{"type":"LineString","coordinates":[[138.554336,-34.904304],[138.554967,-34.904273]]}},{"type":"Feature","properties":{"tier":"arterial"},"geometry":{"type":"LineString","coordinates":[[138.561721,-34.904145],[138.561198,-34.904108],[138.560714,-34.904087]]}},{"type":"Feature","properties":{"tier":"arterial"},"geometry":{"type":"LineString","coordinates":[[138.560709,-34.904004],[138.56098,-34.904017],[138.561229,-34.904033],[138.561728,-34.904068]]}},{"type":"Feature","properties":{"tier":"arterial"},"geometry":{"type":"LineString","coordinates":[[138.561728,-34.904068],[138.562351,-34.904104]]}},{"type":"Feature","properties":{"tier":"arterial"},"geometry":{"type":"LineString","coordinates":[[138.562339,-34.904186],[138.561721,-34.904145]]}},{"type":"Feature","properties":{"tier":"arterial"},"geometry":{"type":"LineString","coordinates":[[138.531985,-34.92646],[138.530757,-34.926287]]}},{"type":"Feature","properties":{"tier":"arterial"},"geometry":{"type":"LineString","coordinates":[[138.534268,-34.926784],[138.534177,-34.926759],[138.534055,-34.926732]]}},{"type":"Feature","properties":{"tier":"arterial"},"geometry":{"type":"LineString","coordinates":[[138.532006,-34.92636],[138.533041,-34.926494],[138.533439,-34.926545],[138.534038,-34.926633],[138.534221,-34.926662],[138.534314,-34.926677]]}},{"type":"Feature","properties":{"tier":"arterial"},"geometry":{"type":"LineString","coordinates":[[138.53137,-34.926281],[138.532006,-34.92636]]}},{"type":"Feature","properties":{"tier":"arterial"},"geometry":{"type":"LineString","coordinates":[[138.52392,-34.926172],[138.524604,-34.926142]]}},{"type":"Feature","properties":{"tier":"arterial"},"geometry":{"type":"LineString","coordinates":[[138.52233,-34.926228],[138.522365,-34.926227],[138.523257,-34.926199]]}},{"type":"Feature","properties":{"tier":"arterial"},"geometry":{"type":"LineString","coordinates":[[138.523926,-34.926274],[138.523505,-34.926292]]}},{"type":"Feature","properties":{"tier":"arterial"},"geometry":{"type":"LineString","coordinates":[[138.524609,-34.926252],[138.523926,-34.926274]]}},{"type":"Feature","properties":{"tier":"arterial"},"geometry":{"type":"LineString","coordinates":[[138.520485,-34.926282],[138.521321,-34.926264]]}},{"type":"Feature","properties":{"tier":"arterial"},"geometry":{"type":"LineString","coordinates":[[138.521327,-34.926365],[138.52049,-34.926393]]}},{"type":"Feature","properties":{"tier":"arterial"},"geometry":{"type":"LineString","coordinates":[[138.519492,-34.934285],[138.519099,-34.93431]]}},{"type":"Feature","properties":{"tier":"arterial"},"geometry":{"type":"LineString","coordinates":[[138.518858,-34.934209],[138.519722,-34.934165]]}},{"type":"Feature","properties":{"tier":"arterial"},"geometry":{"type":"LineString","coordinates":[[138.517369,-34.934281],[138.518189,-34.934237]]}},{"type":"Feature","properties":{"tier":"arterial"},"geometry":{"type":"LineString","coordinates":[[138.522991,-34.934099],[138.522193,-34.934144],[138.521774,-34.93417],[138.520887,-34.934217],[138.520657,-34.934229]]}},{"type":"Feature","properties":{"tier":"arterial"},"geometry":{"type":"LineString","coordinates":[[138.524043,-34.934036],[138.522991,-34.934099]]}},{"type":"Feature","properties":{"tier":"arterial"},"geometry":{"type":"LineString","coordinates":[[138.524225,-34.933926],[138.526019,-34.933843]]}},{"type":"Feature","properties":{"tier":"arterial"},"geometry":{"type":"LineString","coordinates":[[138.522977,-34.933993],[138.524225,-34.933926]]}},{"type":"Feature","properties":{"tier":"arterial"},"geometry":{"type":"LineString","coordinates":[[138.517555,-34.929674],[138.517559,-34.929423]]}},{"type":"Feature","properties":{"tier":"arterial"},"geometry":{"type":"LineString","coordinates":[[138.51767,-34.929423],[138.517663,-34.929674]]}},{"type":"Feature","properties":{"tier":"arterial"},"geometry":{"type":"LineString","coordinates":[[138.517548,-34.929932],[138.51755,-34.929774],[138.517555,-34.929674]]}},{"type":"Feature","properties":{"tier":"arterial"},"geometry":{"type":"LineString","coordinates":[[138.51753,-34.931124],[138.517542,-34.930276],[138.517548,-34.929932]]}},{"type":"Feature","properties":{"tier":"arterial"},"geometry":{"type":"LineString","coordinates":[[138.517656,-34.929934],[138.517648,-34.930279],[138.517646,-34.930373],[138.517636,-34.930893],[138.517623,-34.931121]]}},{"type":"Feature","properties":{"tier":"arterial"},"geometry":{"type":"LineString","coordinates":[[138.517663,-34.929674],[138.51766,-34.929778],[138.517656,-34.929934]]}},{"type":"Feature","properties":{"tier":"arterial"},"geometry":{"type":"LineString","coordinates":[[138.517685,-34.928835],[138.51768,-34.929035],[138.517675,-34.929233],[138.51767,-34.929423]]}},{"type":"Feature","properties":{"tier":"arterial"},"geometry":{"type":"LineString","coordinates":[[138.517689,-34.928685],[138.517685,-34.928835]]}},{"type":"Feature","properties":{"tier":"arterial"},"geometry":{"type":"LineString","coordinates":[[138.517563,-34.929038],[138.51757,-34.92869]]}},{"type":"Feature","properties":{"tier":"arterial"},"geometry":{"type":"LineString","coordinates":[[138.517559,-34.929423],[138.517563,-34.929038]]}},{"type":"Feature","properties":{"tier":"arterial"},"geometry":{"type":"LineString","coordinates":[[138.517591,-34.927941],[138.517592,-34.927917],[138.5176,-34.927624]]}},{"type":"Feature","properties":{"tier":"arterial"},"geometry":{"type":"LineString","coordinates":[[138.51757,-34.92869],[138.517577,-34.928443],[138.517591,-34.927941]]}},{"type":"Feature","properties":{"tier":"arterial"},"geometry":{"type":"LineString","coordinates":[[138.517714,-34.927625],[138.51771,-34.927938]]}},{"type":"Feature","properties":{"tier":"arterial"},"geometry":{"type":"LineString","coordinates":[[138.51771,-34.927938],[138.517689,-34.928685]]}},{"type":"Feature","properties":{"tier":"arterial"},"geometry":{"type":"LineString","coordinates":[[138.516235,-34.92299],[138.516345,-34.923219],[138.516668,-34.923887],[138.517072,-34.924718],[138.517214,-34.92501]]}},{"type":"Feature","properties":{"tier":"arterial"},"geometry":{"type":"LineString","coordinates":[[138.516079,-34.922639],[138.516235,-34.92299]]}},{"type":"Feature","properties":{"tier":"arterial"},"geometry":{"type":"LineString","coordinates":[[138.516119,-34.923022],[138.515955,-34.92268]]}},{"type":"Feature","properties":{"tier":"arterial"},"geometry":{"type":"LineString","coordinates":[[138.517087,-34.925059],[138.516772,-34.924405],[138.516551,-34.923947],[138.516257,-34.923336],[138.516119,-34.923022]]}},{"type":"Feature","properties":{"tier":"arterial"},"geometry":{"type":"LineString","coordinates":[[138.515713,-34.921873],[138.516079,-34.922639]]}},{"type":"Feature","properties":{"tier":"arterial"},"geometry":{"type":"LineString","coordinates":[[138.515434,-34.921298],[138.515456,-34.921343],[138.515713,-34.921873]]}},{"type":"Feature","properties":{"tier":"arterial"},"geometry":{"type":"LineString","coordinates":[[138.515582,-34.921911],[138.515296,-34.921344]]}},{"type":"Feature","properties":{"tier":"arterial"},"geometry":{"type":"LineString","coordinates":[[138.515955,-34.92268],[138.5157,-34.922154],[138.515582,-34.921911]]}},{"type":"Feature","properties":{"tier":"arterial"},"geometry":{"type":"LineString","coordinates":[[138.514484,-34.919647],[138.514341,-34.919349],[138.514293,-34.919249],[138.514243,-34.919146],[138.514117,-34.918884]]}},{"type":"Feature","properties":{"tier":"arterial"},"geometry":{"type":"LineString","coordinates":[[138.515296,-34.921344],[138.514484,-34.919647]]}},{"type":"Feature","properties":{"tier":"arterial"},"geometry":{"type":"LineString","coordinates":[[138.514605,-34.919606],[138.514923,-34.920255],[138.515096,-34.920608],[138.515434,-34.921298]]}},{"type":"Feature","properties":{"tier":"arterial"},"geometry":{"type":"LineString","coordinates":[[138.514249,-34.918842],[138.514419,-34.919206],[138.514605,-34.919606]]}},{"type":"Feature","properties":{"tier":"arterial"},"geometry":{"type":"LineString","coordinates":[[138.513059,-34.916291],[138.513115,-34.916473],[138.513216,-34.916707],[138.513636,-34.917627],[138.513807,-34.917966],[138.514,-34.91835],[138.514249,-34.918842]]}},{"type":"Feature","properties":{"tier":"arterial"},"geometry":{"type":"LineString","coordinates":[[138.513027,-34.916085],[138.513038,-34.916191],[138.513059,-34.916291]]}},{"type":"Feature","properties":{"tier":"arterial"},"geometry":{"type":"LineString","coordinates":[[138.512895,-34.916314],[138.512858,-34.916102]]}},{"type":"Feature","properties":{"tier":"arterial"},"geometry":{"type":"LineString","coordinates":[[138.514117,-34.918884],[138.513676,-34.91801],[138.513513,-34.917669],[138.513062,-34.916736],[138.513044,-34.916695],[138.512956,-34.916496],[138.512895,-34.916314]]}},{"type":"Feature","properties":{"tier":"high"},"geometry":{"type":"LineString","coordinates":[[138.53503,-34.880978],[138.534945,-34.880922]]}},{"type":"Feature","properties":{"tier":"high"},"geometry":{"type":"LineString","coordinates":[[138.539889,-34.884202],[138.539065,-34.883654],[138.538409,-34.883229],[138.538286,-34.883149],[138.537173,-34.882374],[138.537108,-34.882334],[138.536676,-34.88205],[138.536086,-34.881666]]}},{"type":"Feature","properties":{"tier":"high"},"geometry":{"type":"LineString","coordinates":[[138.536778,-34.881517],[138.536945,-34.881626],[138.53831,-34.88252],[138.538659,-34.882748],[138.539859,-34.883557],[138.54018,-34.883773],[138.540261,-34.883827]]}},{"type":"Feature","properties":{"tier":"high"},"geometry":{"type":"LineString","coordinates":[[138.535284,-34.880533],[138.535366,-34.880587]]}},{"type":"Feature","properties":{"tier":"arterial"},"geometry":{"type":"LineString","coordinates":[[138.535224,-34.880602],[138.535284,-34.880533]]}},{"type":"Feature","properties":{"tier":"arterial"},"geometry":{"type":"LineString","coordinates":[[138.561563,-34.875584],[138.560742,-34.875621]]}},{"type":"Feature","properties":{"tier":"arterial"},"geometry":{"type":"LineString","coordinates":[[138.558548,-34.875637],[138.559048,-34.875613],[138.55966,-34.875587]]}},{"type":"Feature","properties":{"tier":"arterial"},"geometry":{"type":"LineString","coordinates":[[138.551176,-34.893103],[138.551236,-34.893769]]}},{"type":"Feature","properties":{"tier":"arterial"},"geometry":{"type":"LineString","coordinates":[[138.551067,-34.891622],[138.551071,-34.891738],[138.551073,-34.891762],[138.551129,-34.892496],[138.551176,-34.893103]]}},{"type":"Feature","properties":{"tier":"arterial"},"geometry":{"type":"LineString","coordinates":[[138.561556,-34.875496],[138.56252,-34.875455]]}},{"type":"Feature","properties":{"tier":"arterial"},"geometry":{"type":"LineString","coordinates":[[138.56252,-34.875537],[138.561563,-34.875584]]}},{"type":"Feature","properties":{"tier":"arterial"},"geometry":{"type":"LineString","coordinates":[[138.53553,-34.880412],[138.535427,-34.880523],[138.535407,-34.880544],[138.535366,-34.880587]]}},{"type":"Feature","properties":{"tier":"arterial"},"geometry":{"type":"LineString","coordinates":[[138.536955,-34.878949],[138.536124,-34.879789]]}},{"type":"Feature","properties":{"tier":"arterial"},"geometry":{"type":"LineString","coordinates":[[138.536053,-34.879742],[138.536894,-34.878909]]}},{"type":"Feature","properties":{"tier":"arterial"},"geometry":{"type":"LineString","coordinates":[[138.535399,-34.8804],[138.536053,-34.879742]]}},{"type":"Feature","properties":{"tier":"arterial"},"geometry":{"type":"LineString","coordinates":[[138.517127,-34.93752],[138.517116,-34.937337]]}},{"type":"Feature","properties":{"tier":"arterial"},"geometry":{"type":"LineString","coordinates":[[138.517246,-34.937356],[138.517259,-34.93752]]}},{"type":"Feature","properties":{"tier":"arterial"},"geometry":{"type":"LineString","coordinates":[[138.55966,-34.875587],[138.56027,-34.875559]]}},{"type":"Feature","properties":{"tier":"arterial"},"geometry":{"type":"LineString","coordinates":[[138.560275,-34.875642],[138.559666,-34.87567]]}},{"type":"Feature","properties":{"tier":"arterial"},"geometry":{"type":"LineString","coordinates":[[138.560742,-34.875621],[138.560275,-34.875642]]}},{"type":"Feature","properties":{"tier":"arterial"},"geometry":{"type":"LineString","coordinates":[[138.560786,-34.875536],[138.561556,-34.875496]]}},{"type":"Feature","properties":{"tier":"arterial"},"geometry":{"type":"LineString","coordinates":[[138.558554,-34.875721],[138.558137,-34.875742],[138.557447,-34.875775],[138.557249,-34.875786]]}},{"type":"Feature","properties":{"tier":"arterial"},"geometry":{"type":"LineString","coordinates":[[138.55744,-34.87569],[138.558548,-34.875637]]}},{"type":"Feature","properties":{"tier":"arterial"},"geometry":{"type":"LineString","coordinates":[[138.543025,-34.902692],[138.542375,-34.902251],[138.541746,-34.901806],[138.54077,-34.901162],[138.540045,-34.900697]]}},{"type":"Feature","properties":{"tier":"arterial"},"geometry":{"type":"LineString","coordinates":[[138.540144,-34.900606],[138.540848,-34.901079],[138.541186,-34.901313],[138.54178,-34.901716],[138.542467,-34.902158],[138.543117,-34.9026]]}},{"type":"Feature","properties":{"tier":"arterial"},"geometry":{"type":"LineString","coordinates":[[138.538532,-34.899531],[138.539075,-34.899894],[138.539321,-34.900061]]}},{"type":"Feature","properties":{"tier":"arterial"},"geometry":{"type":"LineString","coordinates":[[138.539243,-34.900149],[138.538988,-34.899984],[138.538448,-34.899616]]}},{"type":"Feature","properties":{"tier":"arterial"},"geometry":{"type":"LineString","coordinates":[[138.536387,-34.905322],[138.535494,-34.905368]]}},{"type":"Feature","properties":{"tier":"arterial"},"geometry":{"type":"LineString","coordinates":[[138.533985,-34.905349],[138.534463,-34.905325],[138.534905,-34.905303],[138.535191,-34.905291],[138.535485,-34.905278]]}},{"type":"Feature","properties":{"tier":"arterial"},"geometry":{"type":"LineString","coordinates":[[138.536379,-34.905231],[138.537175,-34.905185]]}},{"type":"Feature","properties":{"tier":"arterial"},"geometry":{"type":"LineString","coordinates":[[138.537186,-34.905276],[138.537054,-34.905283],[138.536387,-34.905322]]}},{"type":"Feature","properties":{"tier":"arterial"},"geometry":{"type":"LineString","coordinates":[[138.541233,-34.905069],[138.541075,-34.905076]]}},{"type":"Feature","properties":{"tier":"arterial"},"geometry":{"type":"LineString","coordinates":[[138.543699,-34.904856],[138.544006,-34.90484],[138.544326,-34.904823]]}},{"type":"Feature","properties":{"tier":"arterial"},"geometry":{"type":"LineString","coordinates":[[138.544972,-34.90479],[138.545832,-34.904742]]}},{"type":"Feature","properties":{"tier":"arterial"},"geometry":{"type":"LineString","coordinates":[[138.544979,-34.904876],[138.544332,-34.904911]]}},{"type":"Feature","properties":{"tier":"arterial"},"geometry":{"type":"LineString","coordinates":[[138.538005,-34.899301],[138.537692,-34.899094],[138.537579,-34.899019],[138.536815,-34.898514],[138.536178,-34.898093],[138.535873,-34.897899],[138.535317,-34.89752]]}},{"type":"Feature","properties":{"tier":"arterial"},"geometry":{"type":"LineString","coordinates":[[138.535409,-34.897425],[138.53596,-34.897805],[138.536263,-34.898007],[138.536905,-34.898422],[138.537664,-34.898936],[138.538082,-34.899219]]}},{"type":"Feature","properties":{"tier":"arterial"},"geometry":{"type":"LineString","coordinates":[[138.543277,-34.904879],[138.543699,-34.904856]]}},{"type":"Feature","properties":{"tier":"arterial"},"geometry":{"type":"LineString","coordinates":[[138.543708,-34.90494],[138.543284,-34.904963]]}},{"type":"Feature","properties":{"tier":"arterial"},"geometry":{"type":"LineString","coordinates":[[138.546213,-34.904815],[138.546109,-34.904727]]}},{"type":"Feature","properties":{"tier":"arterial"},"geometry":{"type":"LineString","coordinates":[[138.546213,-34.904815],[138.546065,-34.904822],[138.545679,-34.904841],[138.545504,-34.90485],[138.545369,-34.904857],[138.544979,-34.904876]]}},{"type":"Feature","properties":{"tier":"arterial"},"geometry":{"type":"LineString","coordinates":[[138.544332,-34.904911],[138.544013,-34.904926],[138.543708,-34.90494]]}},{"type":"Feature","properties":{"tier":"arterial"},"geometry":{"type":"LineString","coordinates":[[138.544326,-34.904823],[138.544972,-34.90479]]}},{"type":"Feature","properties":{"tier":"arterial"},"geometry":{"type":"LineString","coordinates":[[138.513842,-34.911353],[138.513823,-34.911454],[138.513787,-34.911651],[138.513774,-34.911724]]}},{"type":"Feature","properties":{"tier":"arterial"},"geometry":{"type":"LineString","coordinates":[[138.513633,-34.911714],[138.513697,-34.911343]]}},{"type":"Feature","properties":{"tier":"arterial"},"geometry":{"type":"LineString","coordinates":[[138.516369,-34.906324],[138.515881,-34.906349]]}},{"type":"Feature","properties":{"tier":"arterial"},"geometry":{"type":"LineString","coordinates":[[138.515877,-34.906256],[138.516362,-34.906233]]}},{"type":"Feature","properties":{"tier":"arterial"},"geometry":{"type":"LineString","coordinates":[[138.514182,-34.909545],[138.514107,-34.90994],[138.514075,-34.91011],[138.514044,-34.910281]]}},{"type":"Feature","properties":{"tier":"arterial"},"geometry":{"type":"LineString","coordinates":[[138.513916,-34.910281],[138.514059,-34.909537]]}},{"type":"Feature","properties":{"tier":"arterial"},"geometry":{"type":"LineString","coordinates":[[138.51696,-34.906301],[138.516369,-34.906324]]}},{"type":"Feature","properties":{"tier":"arterial"},"geometry":{"type":"LineString","coordinates":[[138.517496,-34.906269],[138.51696,-34.906301]]}},{"type":"Feature","properties":{"tier":"arterial"},"geometry":{"type":"LineString","coordinates":[[138.516954,-34.906205],[138.517254,-34.90619],[138.517491,-34.906178]]}},{"type":"Feature","properties":{"tier":"arterial"},"geometry":{"type":"LineString","coordinates":[[138.516362,-34.906233],[138.516954,-34.906205]]}},{"type":"Feature","properties":{"tier":"arterial"},"geometry":{"type":"LineString","coordinates":[[138.514536,-34.90305],[138.514547,-34.90323],[138.514583,-34.903814],[138.514601,-34.904093],[138.514636,-34.90462]]}},{"type":"Feature","properties":{"tier":"arterial"},"geometry":{"type":"LineString","coordinates":[[138.514408,-34.903056],[138.51437,-34.902229],[138.514361,-34.902094],[138.514354,-34.901978],[138.514345,-34.901864],[138.51434,-34.901802]]}},{"type":"Feature","properties":{"tier":"arterial"},"geometry":{"type":"LineString","coordinates":[[138.512858,-34.916102],[138.512867,-34.915854],[138.512899,-34.915599],[138.512962,-34.915288],[138.513037,-34.914876]]}},{"type":"Feature","properties":{"tier":"arterial"},"geometry":{"type":"LineString","coordinates":[[138.514463,-34.907897],[138.514384,-34.908365],[138.514317,-34.908753],[138.514301,-34.908851],[138.514243,-34.90919]]}},{"type":"Feature","properties":{"tier":"arterial"},"geometry":{"type":"LineString","coordinates":[[138.523607,-34.905969],[138.523313,-34.905984]]}},{"type":"Feature","properties":{"tier":"arterial"},"geometry":{"type":"LineString","coordinates":[[138.524719,-34.905913],[138.524058,-34.905947]]}},{"type":"Feature","properties":{"tier":"arterial"},"geometry":{"type":"LineString","coordinates":[[138.523602,-34.90587],[138.523953,-34.905853],[138.524007,-34.90585],[138.524049,-34.905848]]}},{"type":"Feature","properties":{"tier":"arterial"},"geometry":{"type":"LineString","coordinates":[[138.523035,-34.905898],[138.523602,-34.90587]]}},{"type":"Feature","properties":{"tier":"arterial"},"geometry":{"type":"LineString","coordinates":[[138.518435,-34.906226],[138.517945,-34.906246],[138.517603,-34.906266]]}},{"type":"Feature","properties":{"tier":"arterial"},"geometry":{"type":"LineString","coordinates":[[138.519955,-34.90615],[138.518435,-34.906226]]}},{"type":"Feature","properties":{"tier":"arterial"},"geometry":{"type":"LineString","coordinates":[[138.518426,-34.906131],[138.518749,-34.906118],[138.519574,-34.906079],[138.519947,-34.906064]]}},{"type":"Feature","properties":{"tier":"arterial"},"geometry":{"type":"LineString","coordinates":[[138.517491,-34.906178],[138.517599,-34.906173]]}},{"type":"Feature","properties":{"tier":"arterial"},"geometry":{"type":"LineString","coordinates":[[138.514135,-34.898663],[138.514079,-34.897977],[138.514072,-34.897866],[138.513949,-34.895994],[138.513937,-34.89587],[138.513903,-34.895486],[138.513788,-34.893781],[138.51373,-34.892916]]}},{"type":"Feature","properties":{"tier":"arterial"},"geometry":{"type":"LineString","coordinates":[[138.514214,-34.899902],[138.514205,-34.89978],[138.51419,-34.899538],[138.514135,-34.898663]]}},{"type":"Feature","properties":{"tier":"arterial"},"geometry":{"type":"LineString","coordinates":[[138.514329,-34.8999],[138.514423,-34.901385],[138.514435,-34.901577],[138.514454,-34.90187]]}},{"type":"Feature","properties":{"tier":"arterial"},"geometry":{"type":"LineString","coordinates":[[138.514245,-34.89866],[138.514329,-34.8999]]}},{"type":"Feature","properties":{"tier":"arterial"},"geometry":{"type":"LineString","coordinates":[[138.514744,-34.906408],[138.514621,-34.906412]]}},{"type":"Feature","properties":{"tier":"arterial"},"geometry":{"type":"LineString","coordinates":[[138.515881,-34.906349],[138.514995,-34.906395]]}},{"type":"Feature","properties":{"tier":"arterial"},"geometry":{"type":"LineString","coordinates":[[138.514624,-34.906323],[138.514741,-34.906319]]}},{"type":"Feature","properties":{"tier":"arterial"},"geometry":{"type":"LineString","coordinates":[[138.530582,-34.905527],[138.530971,-34.905507]]}},{"type":"Feature","properties":{"tier":"regional"},"geometry":{"type":"LineString","coordinates":[[138.514965,-34.912653],[138.514623,-34.912653],[138.51452,-34.912657],[138.51435,-34.912665],[138.514128,-34.912678],[138.514043,-34.912681],[138.513711,-34.912696],[138.513682,-34.912699],[138.513591,-34.912701]]}},{"type":"Feature","properties":{"tier":"arterial"},"geometry":{"type":"LineString","coordinates":[[138.532627,-34.905516],[138.532537,-34.905521]]}},{"type":"Feature","properties":{"tier":"arterial"},"geometry":{"type":"LineString","coordinates":[[138.532612,-34.905424],[138.532627,-34.905516]]}},{"type":"Feature","properties":{"tier":"arterial"},"geometry":{"type":"LineString","coordinates":[[138.532526,-34.905427],[138.532612,-34.905424]]}},{"type":"Feature","properties":{"tier":"arterial"},"geometry":{"type":"LineString","coordinates":[[138.532537,-34.905521],[138.532526,-34.905427]]}},{"type":"Feature","properties":{"tier":"arterial"},"geometry":{"type":"LineString","coordinates":[[138.520665,-34.906117],[138.519955,-34.90615]]}},{"type":"Feature","properties":{"tier":"arterial"},"geometry":{"type":"LineString","coordinates":[[138.520661,-34.906025],[138.521373,-34.905984],[138.521835,-34.905957],[138.522622,-34.905918]]}},{"type":"Feature","properties":{"tier":"arterial"},"geometry":{"type":"LineString","coordinates":[[138.519947,-34.906064],[138.520661,-34.906025]]}},{"type":"Feature","properties":{"tier":"arterial"},"geometry":{"type":"LineString","coordinates":[[138.527157,-34.905695],[138.527597,-34.905673]]}},{"type":"Feature","properties":{"tier":"arterial"},"geometry":{"type":"LineString","coordinates":[[138.526429,-34.905731],[138.52693,-34.905706],[138.527157,-34.905695]]}},{"type":"Feature","properties":{"tier":"arterial"},"geometry":{"type":"LineString","coordinates":[[138.52717,-34.90579],[138.526439,-34.905827]]}},{"type":"Feature","properties":{"tier":"arterial"},"geometry":{"type":"LineString","coordinates":[[138.527609,-34.905768],[138.52717,-34.90579]]}},{"type":"Feature","properties":{"tier":"arterial"},"geometry":{"type":"LineString","coordinates":[[138.514496,-34.904627],[138.514461,-34.903965],[138.514453,-34.903819],[138.514408,-34.903056]]}},{"type":"Feature","properties":{"tier":"arterial"},"geometry":{"type":"LineString","coordinates":[[138.514454,-34.90187],[138.514479,-34.902285],[138.514488,-34.902425],[138.514506,-34.90265],[138.514536,-34.90305]]}},{"type":"Feature","properties":{"tier":"arterial"},"geometry":{"type":"LineString","coordinates":[[138.514118,-34.909176],[138.514316,-34.907969],[138.51433,-34.907881],[138.514421,-34.907449],[138.514599,-34.906609]]}},{"type":"Feature","properties":{"tier":"arterial"},"geometry":{"type":"LineString","coordinates":[[138.514059,-34.909537],[138.514118,-34.909176]]}},{"type":"Feature","properties":{"tier":"arterial"},"geometry":{"type":"LineString","coordinates":[[138.514243,-34.90919],[138.51422,-34.909321],[138.514182,-34.909545]]}},{"type":"Feature","properties":{"tier":"arterial"},"geometry":{"type":"LineString","coordinates":[[138.514744,-34.906408],[138.514736,-34.906462],[138.514713,-34.90663],[138.514632,-34.907041],[138.514584,-34.907283],[138.514507,-34.907674],[138.514463,-34.907897]]}},{"type":"Feature","properties":{"tier":"arterial"},"geometry":{"type":"LineString","coordinates":[[138.514636,-34.90462],[138.514655,-34.90499],[138.514663,-34.905107],[138.514667,-34.905169],[138.514676,-34.905307],[138.514686,-34.905484],[138.514688,-34.905514],[138.514703,-34.905785],[138.514721,-34.906106]]}},{"type":"Feature","properties":{"tier":"arterial"},"geometry":{"type":"LineString","coordinates":[[138.514624,-34.906323],[138.514621,-34.906262],[138.514613,-34.906108]]}},{"type":"Feature","properties":{"tier":"arterial"},"geometry":{"type":"LineString","coordinates":[[138.525404,-34.905879],[138.524719,-34.905913]]}},{"type":"Feature","properties":{"tier":"arterial"},"geometry":{"type":"LineString","coordinates":[[138.526439,-34.905827],[138.525404,-34.905879]]}},{"type":"Feature","properties":{"tier":"arterial"},"geometry":{"type":"LineString","coordinates":[[138.525397,-34.905782],[138.52586,-34.905759],[138.526429,-34.905731]]}},{"type":"Feature","properties":{"tier":"arterial"},"geometry":{"type":"LineString","coordinates":[[138.52471,-34.905816],[138.524949,-34.905804],[138.525397,-34.905782]]}},{"type":"Feature","properties":{"tier":"arterial"},"geometry":{"type":"LineString","coordinates":[[138.531349,-34.905581],[138.531008,-34.905598]]}},{"type":"Feature","properties":{"tier":"arterial"},"geometry":{"type":"LineString","coordinates":[[138.527597,-34.905673],[138.527911,-34.905658],[138.528443,-34.905632]]}},{"type":"Feature","properties":{"tier":"arterial"},"geometry":{"type":"LineString","coordinates":[[138.501289,-34.906967],[138.501714,-34.906944]]}},{"type":"Feature","properties":{"tier":"arterial"},"geometry":{"type":"LineString","coordinates":[[138.501296,-34.907049],[138.49998,-34.907118]]}},{"type":"Feature","properties":{"tier":"arterial"},"geometry":{"type":"LineString","coordinates":[[138.49998,-34.907031],[138.501289,-34.906967]]}},{"type":"Feature","properties":{"tier":"arterial"},"geometry":{"type":"LineString","coordinates":[[138.510831,-34.906491],[138.512084,-34.906435],[138.513286,-34.906381],[138.51394,-34.906352]]}},{"type":"Feature","properties":{"tier":"arterial"},"geometry":{"type":"LineString","coordinates":[[138.514621,-34.906412],[138.514549,-34.906416],[138.514428,-34.906423]]}},{"type":"Feature","properties":{"tier":"arterial"},"geometry":{"type":"LineString","coordinates":[[138.504974,-34.906783],[138.50515,-34.906773],[138.505192,-34.906771],[138.505471,-34.906756],[138.505503,-34.906754],[138.505622,-34.906749]]}},{"type":"Feature","properties":{"tier":"arterial"},"geometry":{"type":"LineString","coordinates":[[138.504981,-34.906869],[138.504087,-34.906915]]}},{"type":"Feature","properties":{"tier":"arterial"},"geometry":{"type":"LineString","coordinates":[[138.502258,-34.87986],[138.500615,-34.879843]]}},{"type":"Feature","properties":{"tier":"arterial"},"geometry":{"type":"LineString","coordinates":[[138.500615,-34.879843],[138.49998,-34.879836]]}},{"type":"Feature","properties":{"tier":"arterial"},"geometry":{"type":"LineString","coordinates":[[138.503644,-34.879858],[138.503584,-34.879861],[138.503455,-34.879862]]}},{"type":"Feature","properties":{"tier":"arterial"},"geometry":{"type":"LineString","coordinates":[[138.503166,-34.879764],[138.503538,-34.879754],[138.503577,-34.879756],[138.503638,-34.879755]]}},{"type":"Feature","properties":{"tier":"arterial"},"geometry":{"type":"LineString","coordinates":[[138.49998,-34.879687],[138.501009,-34.87971]]}},{"type":"Feature","properties":{"tier":"arterial"},"geometry":{"type":"LineString","coordinates":[[138.512965,-34.881044],[138.513019,-34.881776]]}},{"type":"Feature","properties":{"tier":"arterial"},"geometry":{"type":"LineString","coordinates":[[138.512853,-34.879462],[138.512856,-34.87955],[138.512865,-34.879664],[138.512906,-34.880217],[138.512965,-34.881044]]}},{"type":"Feature","properties":{"tier":"arterial"},"geometry":{"type":"LineString","coordinates":[[138.512745,-34.879752],[138.512732,-34.879567],[138.512732,-34.87956],[138.51273,-34.879532],[138.512726,-34.879466]]}},{"type":"Feature","properties":{"tier":"arterial"},"geometry":{"type":"LineString","coordinates":[[138.512907,-34.881961],[138.51284,-34.88105]]}},{"type":"Feature","properties":{"tier":"arterial"},"geometry":{"type":"LineString","coordinates":[[138.503725,-34.87892],[138.503749,-34.879228],[138.503773,-34.879542]]}},{"type":"Feature","properties":{"tier":"arterial"},"geometry":{"type":"LineString","coordinates":[[138.503695,-34.878449],[138.503725,-34.87892]]}},{"type":"Feature","properties":{"tier":"arterial"},"geometry":{"type":"LineString","coordinates":[[138.503619,-34.879517],[138.503551,-34.878453]]}},{"type":"Feature","properties":{"tier":"arterial"},"geometry":{"type":"LineString","coordinates":[[138.50378,-34.879645],[138.503783,-34.879667],[138.503792,-34.879751]]}},{"type":"Feature","properties":{"tier":"arterial"},"geometry":{"type":"LineString","coordinates":[[138.503638,-34.879755],[138.503631,-34.879666],[138.503619,-34.879517]]}},{"type":"Feature","properties":{"tier":"arterial"},"geometry":{"type":"LineString","coordinates":[[138.503644,-34.879858],[138.503642,-34.879823],[138.503638,-34.879755]]}},{"type":"Feature","properties":{"tier":"arterial"},"geometry":{"type":"LineString","coordinates":[[138.503798,-34.87985],[138.503644,-34.879858]]}},{"type":"Feature","properties":{"tier":"arterial"},"geometry":{"type":"LineString","coordinates":[[138.504752,-34.879834],[138.504086,-34.879843]]}},{"type":"Feature","properties":{"tier":"arterial"},"geometry":{"type":"LineString","coordinates":[[138.504114,-34.884552],[138.50414,-34.885025]]}},{"type":"Feature","properties":{"tier":"arterial"},"geometry":{"type":"LineString","coordinates":[[138.50381,-34.880051],[138.503837,-34.880595],[138.503893,-34.88138],[138.503905,-34.881559]]}},{"type":"Feature","properties":{"tier":"arterial"},"geometry":{"type":"LineString","coordinates":[[138.503968,-34.88456],[138.503938,-34.884112],[138.503873,-34.883198]]}},{"type":"Feature","properties":{"tier":"arterial"},"geometry":{"type":"LineString","coordinates":[[138.504001,-34.885031],[138.503968,-34.88456]]}},{"type":"Feature","properties":{"tier":"arterial"},"geometry":{"type":"LineString","coordinates":[[138.504621,-34.892088],[138.504626,-34.892144]]}},{"type":"Feature","properties":{"tier":"arterial"},"geometry":{"type":"LineString","coordinates":[[138.504533,-34.892132],[138.504526,-34.892077]]}},{"type":"Feature","properties":{"tier":"arterial"},"geometry":{"type":"LineString","coordinates":[[138.504613,-34.891999],[138.504621,-34.892088]]}},{"type":"Feature","properties":{"tier":"arterial"},"geometry":{"type":"LineString","coordinates":[[138.504513,-34.891993],[138.504613,-34.891999]]}},{"type":"Feature","properties":{"tier":"arterial"},"geometry":{"type":"LineString","coordinates":[[138.504638,-34.892686],[138.504594,-34.892626],[138.504579,-34.892535],[138.504556,-34.892353]]}},{"type":"Feature","properties":{"tier":"arterial"},"geometry":{"type":"LineString","coordinates":[[138.554341,-34.878747],[138.55445,-34.878814],[138.554883,-34.879079]]}},{"type":"Feature","properties":{"tier":"arterial"},"geometry":{"type":"LineString","coordinates":[[138.553669,-34.878347],[138.553971,-34.878527],[138.554036,-34.878565],[138.554341,-34.878747]]}},{"type":"Feature","properties":{"tier":"arterial"},"geometry":{"type":"LineString","coordinates":[[138.555277,-34.879457],[138.554262,-34.878836]]}},{"type":"Feature","properties":{"tier":"arterial"},"geometry":{"type":"LineString","coordinates":[[138.557459,-34.880767],[138.555277,-34.879457]]}},{"type":"Feature","properties":{"tier":"arterial"},"geometry":{"type":"LineString","coordinates":[[138.559138,-34.8818],[138.558835,-34.881616]]}},{"type":"Feature","properties":{"tier":"arterial"},"geometry":{"type":"LineString","coordinates":[[138.55991,-34.882266],[138.559661,-34.882116],[138.559138,-34.8818]]}},{"type":"Feature","properties":{"tier":"arterial"},"geometry":{"type":"LineString","coordinates":[[138.559216,-34.881711],[138.559989,-34.882177]]}},{"type":"Feature","properties":{"tier":"arterial"},"geometry":{"type":"LineString","coordinates":[[138.558545,-34.881309],[138.558647,-34.881368],[138.558888,-34.881514],[138.559216,-34.881711]]}},{"type":"Feature","properties":{"tier":"arterial"},"geometry":{"type":"LineString","coordinates":[[138.560717,-34.882761],[138.55991,-34.882266]]}},{"type":"Feature","properties":{"tier":"arterial"},"geometry":{"type":"LineString","coordinates":[[138.561744,-34.883388],[138.56085,-34.882841],[138.560717,-34.882761]]}},{"type":"Feature","properties":{"tier":"arterial"},"geometry":{"type":"LineString","coordinates":[[138.560804,-34.882672],[138.560934,-34.882753],[138.561831,-34.8833]]}},{"type":"Feature","properties":{"tier":"arterial"},"geometry":{"type":"LineString","coordinates":[[138.559989,-34.882177],[138.560804,-34.882672]]}},{"type":"Feature","properties":{"tier":"arterial"},"geometry":{"type":"LineString","coordinates":[[138.561831,-34.8833],[138.562435,-34.883661],[138.56252,-34.883712]]}},{"type":"Feature","properties":{"tier":"arterial"},"geometry":{"type":"LineString","coordinates":[[138.56252,-34.883844],[138.561744,-34.883388]]}},{"type":"Feature","properties":{"tier":"regional"},"geometry":{"type":"LineString","coordinates":[[138.557132,-34.891005],[138.557592,-34.890528],[138.557628,-34.89049]]}},{"type":"Feature","properties":{"tier":"regional"},"geometry":{"type":"LineString","coordinates":[[138.55608,-34.89208],[138.556512,-34.891613]]}},{"type":"Feature","properties":{"tier":"arterial"},"geometry":{"type":"LineString","coordinates":[[138.548131,-34.875119],[138.547908,-34.87498]]}},{"type":"Feature","properties":{"tier":"arterial"},"geometry":{"type":"LineString","coordinates":[[138.548354,-34.875138],[138.548301,-34.875222]]}},{"type":"Feature","properties":{"tier":"arterial"},"geometry":{"type":"LineString","coordinates":[[138.548277,-34.875208],[138.548296,-34.875105]]}},{"type":"Feature","properties":{"tier":"arterial"},"geometry":{"type":"LineString","coordinates":[[138.548296,-34.875105],[138.548354,-34.875138]]}},{"type":"Feature","properties":{"tier":"arterial"},"geometry":{"type":"LineString","coordinates":[[138.548354,-34.875138],[138.548412,-34.875173],[138.548613,-34.875296]]}},{"type":"Feature","properties":{"tier":"arterial"},"geometry":{"type":"LineString","coordinates":[[138.548084,-34.87498],[138.548185,-34.87504],[138.548296,-34.875105]]}},{"type":"Feature","properties":{"tier":"arterial"},"geometry":{"type":"LineString","coordinates":[[138.502847,-34.93722],[138.504569,-34.93673],[138.505351,-34.936507],[138.506151,-34.93628]]}},{"type":"Feature","properties":{"tier":"arterial"},"geometry":{"type":"LineString","coordinates":[[138.506205,-34.936389],[138.505708,-34.936528],[138.505405,-34.936612],[138.504794,-34.936783],[138.504613,-34.936834],[138.503719,-34.93709],[138.503565,-34.937134],[138.503357,-34.937194],[138.503104,-34.937267],[138.50289,-34.937328]]}},{"type":"Feature","properties":{"tier":"arterial"},"geometry":{"type":"LineString","coordinates":[[138.513746,-34.891747],[138.513752,-34.891824]]}},{"type":"Feature","properties":{"tier":"arterial"},"geometry":{"type":"LineString","coordinates":[[138.513752,-34.891824],[138.51364,-34.891818]]}},{"type":"Feature","properties":{"tier":"arterial"},"geometry":{"type":"LineString","coordinates":[[138.514277,-34.891852],[138.513929,-34.891832],[138.513872,-34.891828],[138.513752,-34.891824]]}},{"type":"Feature","properties":{"tier":"arterial"},"geometry":{"type":"LineString","coordinates":[[138.513746,-34.891747],[138.513816,-34.891753],[138.513928,-34.891757],[138.514374,-34.891783],[138.514529,-34.891822]]}},{"type":"Feature","properties":{"tier":"arterial"},"geometry":{"type":"LineString","coordinates":[[138.513633,-34.891737],[138.513746,-34.891747]]}},{"type":"Feature","properties":{"tier":"arterial"},"geometry":{"type":"LineString","coordinates":[[138.51364,-34.891818],[138.513633,-34.891737]]}},{"type":"Feature","properties":{"tier":"arterial"},"geometry":{"type":"LineString","coordinates":[[138.513482,-34.88827],[138.513517,-34.888705],[138.513545,-34.889126],[138.513583,-34.889556],[138.513614,-34.889909]]}},{"type":"Feature","properties":{"tier":"arterial"},"geometry":{"type":"LineString","coordinates":[[138.513439,-34.887721],[138.513482,-34.88827]]}},{"type":"Feature","properties":{"tier":"arterial"},"geometry":{"type":"LineString","coordinates":[[138.513372,-34.888272],[138.513331,-34.887723]]}},{"type":"Feature","properties":{"tier":"arterial"},"geometry":{"type":"LineString","coordinates":[[138.513549,-34.890689],[138.513523,-34.890336],[138.513517,-34.890243],[138.513469,-34.889595],[138.513422,-34.888955],[138.513372,-34.888272]]}},{"type":"Feature","properties":{"tier":"arterial"},"geometry":{"type":"LineString","coordinates":[[138.513279,-34.885638],[138.513353,-34.886623],[138.513402,-34.887184],[138.513415,-34.887421],[138.513439,-34.887721]]}},{"type":"Feature","properties":{"tier":"arterial"},"geometry":{"type":"LineString","coordinates":[[138.513331,-34.887723],[138.513288,-34.887129],[138.513255,-34.886683],[138.513178,-34.885644]]}},{"type":"Feature","properties":{"tier":"arterial"},"geometry":{"type":"LineString","coordinates":[[138.513264,-34.885441],[138.513279,-34.885638]]}},{"type":"Feature","properties":{"tier":"arterial"},"geometry":{"type":"LineString","coordinates":[[138.513178,-34.885644],[138.513164,-34.885448]]}},{"type":"Feature","properties":{"tier":"arterial"},"geometry":{"type":"LineString","coordinates":[[138.513228,-34.884609],[138.513237,-34.884721],[138.513243,-34.885092],[138.513264,-34.885441]]}},{"type":"Feature","properties":{"tier":"arterial"},"geometry":{"type":"LineString","coordinates":[[138.513161,-34.883706],[138.51318,-34.883954],[138.513213,-34.884399],[138.513228,-34.884609]]}},{"type":"Feature","properties":{"tier":"arterial"},"geometry":{"type":"LineString","coordinates":[[138.513148,-34.883523],[138.513161,-34.883706]]}},{"type":"Feature","properties":{"tier":"arterial"},"geometry":{"type":"LineString","coordinates":[[138.513036,-34.883711],[138.513023,-34.883529]]}},{"type":"Feature","properties":{"tier":"arterial"},"geometry":{"type":"LineString","coordinates":[[138.513103,-34.884617],[138.513055,-34.883963],[138.513036,-34.883711]]}},{"type":"Feature","properties":{"tier":"arterial"},"geometry":{"type":"LineString","coordinates":[[138.513164,-34.885448],[138.513137,-34.885095],[138.513103,-34.884617]]}},{"type":"Feature","properties":{"tier":"arterial"},"geometry":{"type":"LineString","coordinates":[[138.512967,-34.88277],[138.512907,-34.881961]]}},{"type":"Feature","properties":{"tier":"arterial"},"geometry":{"type":"LineString","coordinates":[[138.513092,-34.882766],[138.513126,-34.883222],[138.513134,-34.883337],[138.513148,-34.883523]]}},{"type":"Feature","properties":{"tier":"arterial"},"geometry":{"type":"LineString","coordinates":[[138.513032,-34.881956],[138.513092,-34.882766]]}},{"type":"Feature","properties":{"tier":"arterial"},"geometry":{"type":"LineString","coordinates":[[138.514154,-34.889995],[138.514757,-34.889973],[138.514979,-34.889939],[138.515094,-34.889897],[138.515187,-34.889863],[138.515257,-34.889838],[138.515589,-34.889597]]}},{"type":"Feature","properties":{"tier":"arterial"},"geometry":{"type":"LineString","coordinates":[[138.519315,-34.882882],[138.519775,-34.883156],[138.520115,-34.883299],[138.520483,-34.883382]]}},{"type":"Feature","properties":{"tier":"arterial"},"geometry":{"type":"LineString","coordinates":[[138.520631,-34.883574],[138.520279,-34.883464],[138.519878,-34.883334],[138.519544,-34.883156],[138.519242,-34.882954]]}},{"type":"Feature","properties":{"tier":"arterial"},"geometry":{"type":"LineString","coordinates":[[138.531832,-34.894135],[138.531835,-34.894411],[138.531837,-34.894549]]}},{"type":"Feature","properties":{"tier":"arterial"},"geometry":{"type":"LineString","coordinates":[[138.531721,-34.89448],[138.531704,-34.894139]]}},{"type":"Feature","properties":{"tier":"arterial"},"geometry":{"type":"LineString","coordinates":[[138.531837,-34.894549],[138.531862,-34.894935],[138.531862,-34.894942]]}},{"type":"Feature","properties":{"tier":"arterial"},"geometry":{"type":"LineString","coordinates":[[138.531794,-34.893734],[138.531832,-34.894135]]}},{"type":"Feature","properties":{"tier":"arterial"},"geometry":{"type":"LineString","coordinates":[[138.531768,-34.893371],[138.531794,-34.893734]]}},{"type":"Feature","properties":{"tier":"arterial"},"geometry":{"type":"LineString","coordinates":[[138.531674,-34.893741],[138.531649,-34.893377]]}},{"type":"Feature","properties":{"tier":"arterial"},"geometry":{"type":"LineString","coordinates":[[138.531704,-34.894139],[138.531674,-34.893741]]}},{"type":"Feature","properties":{"tier":"arterial"},"geometry":{"type":"LineString","coordinates":[[138.531435,-34.888414],[138.531447,-34.888642]]}},{"type":"Feature","properties":{"tier":"arterial"},"geometry":{"type":"LineString","coordinates":[[138.531301,-34.88854],[138.531295,-34.888418]]}},{"type":"Feature","properties":{"tier":"arterial"},"geometry":{"type":"LineString","coordinates":[[138.531366,-34.885368],[138.531336,-34.885405],[138.531318,-34.885428],[138.531268,-34.88551],[138.531243,-34.885606],[138.531291,-34.886314]]}},{"type":"Feature","properties":{"tier":"arterial"},"geometry":{"type":"LineString","coordinates":[[138.53116,-34.886313],[138.531151,-34.886096],[138.531115,-34.885647]]}},{"type":"Feature","properties":{"tier":"arterial"},"geometry":{"type":"LineString","coordinates":[[138.531365,-34.887332],[138.531406,-34.887913],[138.531426,-34.8882],[138.531435,-34.888414]]}},{"type":"Feature","properties":{"tier":"arterial"},"geometry":{"type":"LineString","coordinates":[[138.531334,-34.886899],[138.531365,-34.887332]]}},{"type":"Feature","properties":{"tier":"arterial"},"geometry":{"type":"LineString","coordinates":[[138.531291,-34.886314],[138.531311,-34.88657],[138.531334,-34.886899]]}},{"type":"Feature","properties":{"tier":"arterial"},"geometry":{"type":"LineString","coordinates":[[138.531217,-34.887339],[138.531202,-34.887094],[138.531191,-34.886908]]}},{"type":"Feature","properties":{"tier":"arterial"},"geometry":{"type":"LineString","coordinates":[[138.531295,-34.888418],[138.531259,-34.887918],[138.531217,-34.887339]]}},{"type":"Feature","properties":{"tier":"arterial"},"geometry":{"type":"LineString","coordinates":[[138.531353,-34.885262],[138.531415,-34.885317]]}},{"type":"Feature","properties":{"tier":"arterial"},"geometry":{"type":"LineString","coordinates":[[138.531415,-34.885317],[138.531366,-34.885368]]}},{"type":"Feature","properties":{"tier":"arterial"},"geometry":{"type":"LineString","coordinates":[[138.531115,-34.885647],[138.53115,-34.885549],[138.531166,-34.885494],[138.531202,-34.885426],[138.531252,-34.885365],[138.531265,-34.885353],[138.531295,-34.885325]]}},{"type":"Feature","properties":{"tier":"arterial"},"geometry":{"type":"LineString","coordinates":[[138.531366,-34.885368],[138.531295,-34.885325]]}},{"type":"Feature","properties":{"tier":"arterial"},"geometry":{"type":"LineString","coordinates":[[138.531295,-34.885325],[138.531353,-34.885262]]}},{"type":"Feature","properties":{"tier":"arterial"},"geometry":{"type":"LineString","coordinates":[[138.531165,-34.884622],[138.531177,-34.884764],[138.531188,-34.884934],[138.531216,-34.88505]]}},{"type":"Feature","properties":{"tier":"arterial"},"geometry":{"type":"LineString","coordinates":[[138.531086,-34.883358],[138.531091,-34.883449],[138.5311,-34.883586],[138.531102,-34.883631],[138.531165,-34.884622]]}},{"type":"Feature","properties":{"tier":"arterial"},"geometry":{"type":"LineString","coordinates":[[138.531064,-34.884627],[138.530961,-34.883363]]}},{"type":"Feature","properties":{"tier":"arterial"},"geometry":{"type":"LineString","coordinates":[[138.531084,-34.885048],[138.531082,-34.885007],[138.531064,-34.884627]]}},{"type":"Feature","properties":{"tier":"arterial"},"geometry":{"type":"LineString","coordinates":[[138.530882,-34.880164],[138.530904,-34.880483],[138.530932,-34.880876],[138.530966,-34.881349],[138.53098,-34.881541]]}},{"type":"Feature","properties":{"tier":"arterial"},"geometry":{"type":"LineString","coordinates":[[138.530845,-34.879718],[138.530882,-34.880164]]}},{"type":"Feature","properties":{"tier":"arterial"},"geometry":{"type":"LineString","coordinates":[[138.530745,-34.880168],[138.53072,-34.879723]]}},{"type":"Feature","properties":{"tier":"arterial"},"geometry":{"type":"LineString","coordinates":[[138.530904,-34.88259],[138.530837,-34.881547],[138.530766,-34.880489],[138.530745,-34.880168]]}},{"type":"Feature","properties":{"tier":"high"},"geometry":{"type":"LineString","coordinates":[[138.530795,-34.878129],[138.530703,-34.878075]]}},{"type":"Feature","properties":{"tier":"high"},"geometry":{"type":"LineString","coordinates":[[138.530703,-34.878075],[138.530926,-34.877849],[138.531068,-34.877709]]}},{"type":"Feature","properties":{"tier":"high"},"geometry":{"type":"LineString","coordinates":[[138.531148,-34.877767],[138.530884,-34.878034],[138.530795,-34.878129]]}},{"type":"Feature","properties":{"tier":"high"},"geometry":{"type":"LineString","coordinates":[[138.531068,-34.877709],[138.531148,-34.877767]]}},{"type":"Feature","properties":{"tier":"high"},"geometry":{"type":"LineString","coordinates":[[138.52953,-34.876694],[138.529633,-34.876767],[138.529653,-34.876781]]}},{"type":"Feature","properties":{"tier":"arterial"},"geometry":{"type":"LineString","coordinates":[[138.549031,-34.924687],[138.54904,-34.92481]]}},{"type":"Feature","properties":{"tier":"arterial"},"geometry":{"type":"LineString","coordinates":[[138.552123,-34.928401],[138.552085,-34.927845]]}},{"type":"Feature","properties":{"tier":"arterial"},"geometry":{"type":"LineString","coordinates":[[138.552303,-34.929101],[138.552324,-34.929342],[138.552351,-34.929671],[138.552362,-34.929823]]}},{"type":"Feature","properties":{"tier":"arterial"},"geometry":{"type":"LineString","coordinates":[[138.538881,-34.926989],[138.538388,-34.927186]]}},{"type":"Feature","properties":{"tier":"arterial"},"geometry":{"type":"LineString","coordinates":[[138.538324,-34.927086],[138.5385,-34.927011],[138.538812,-34.926876]]}},{"type":"Feature","properties":{"tier":"arterial"},"geometry":{"type":"LineString","coordinates":[[138.542937,-34.925212],[138.5426,-34.925373],[138.542346,-34.925492],[138.542214,-34.925552],[138.541984,-34.925656],[138.541344,-34.925923],[138.541241,-34.925972],[138.540552,-34.926268],[138.54003,-34.926493],[138.53968,-34.926645],[138.539466,-34.926737],[138.538881,-34.926989]]}},{"type":"Feature","properties":{"tier":"arterial"},"geometry":{"type":"LineString","coordinates":[[138.541187,-34.925882],[138.542167,-34.925422],[138.54224,-34.925387],[138.542929,-34.925078],[138.543103,-34.925018],[138.543301,-34.924972],[138.543554,-34.924959],[138.543603,-34.924956],[138.543641,-34.924954],[138.543739,-34.924949]]}},{"type":"Feature","properties":{"tier":"arterial"},"geometry":{"type":"LineString","coordinates":[[138.552033,-34.927107],[138.552003,-34.926635],[138.551997,-34.926534],[138.551954,-34.926056]]}},{"type":"Feature","properties":{"tier":"arterial"},"geometry":{"type":"LineString","coordinates":[[138.552175,-34.929112],[138.552123,-34.928401]]}},{"type":"Feature","properties":{"tier":"arterial"},"geometry":{"type":"LineString","coordinates":[[138.548381,-34.915985],[138.54839,-34.916624],[138.548384,-34.916763]]}},{"type":"Feature","properties":{"tier":"arterial"},"geometry":{"type":"LineString","coordinates":[[138.552328,-34.931297],[138.552298,-34.9307]]}},{"type":"Feature","properties":{"tier":"arterial"},"geometry":{"type":"LineString","coordinates":[[138.552362,-34.929823],[138.552422,-34.930693]]}},{"type":"Feature","properties":{"tier":"arterial"},"geometry":{"type":"LineString","coordinates":[[138.552214,-34.929679],[138.552191,-34.929349],[138.552175,-34.929112]]}},{"type":"Feature","properties":{"tier":"arterial"},"geometry":{"type":"LineString","coordinates":[[138.55223,-34.929828],[138.552214,-34.929679]]}},{"type":"Feature","properties":{"tier":"regional"},"geometry":{"type":"LineString","coordinates":[[138.534268,-34.926784],[138.534314,-34.926677]]}},{"type":"Feature","properties":{"tier":"arterial"},"geometry":{"type":"LineString","coordinates":[[138.534538,-34.926768],[138.534704,-34.926875],[138.534872,-34.926983]]}},{"type":"Feature","properties":{"tier":"arterial"},"geometry":{"type":"LineString","coordinates":[[138.543739,-34.924949],[138.543798,-34.925062]]}},{"type":"Feature","properties":{"tier":"arterial"},"geometry":{"type":"LineString","coordinates":[[138.552298,-34.9307],[138.55223,-34.929828]]}},{"type":"Feature","properties":{"tier":"arterial"},"geometry":{"type":"LineString","coordinates":[[138.538812,-34.926876],[138.538883,-34.926847]]}},{"type":"Feature","properties":{"tier":"arterial"},"geometry":{"type":"LineString","coordinates":[[138.552085,-34.927845],[138.552033,-34.927107]]}},{"type":"Feature","properties":{"tier":"arterial"},"geometry":{"type":"LineString","coordinates":[[138.552255,-34.928396],[138.552303,-34.929101]]}},{"type":"Feature","properties":{"tier":"arterial"},"geometry":{"type":"LineString","coordinates":[[138.548415,-34.917187],[138.548422,-34.917276]]}},{"type":"Feature","properties":{"tier":"arterial"},"geometry":{"type":"LineString","coordinates":[[138.548422,-34.917276],[138.548435,-34.917428]]}},{"type":"Feature","properties":{"tier":"arterial"},"geometry":{"type":"LineString","coordinates":[[138.561461,-34.932222],[138.561999,-34.932196],[138.562174,-34.932188],[138.562364,-34.932178],[138.56252,-34.932171]]}},{"type":"Feature","properties":{"tier":"arterial"},"geometry":{"type":"LineString","coordinates":[[138.560109,-34.924262],[138.559925,-34.924268]]}},{"type":"Feature","properties":{"tier":"arterial"},"geometry":{"type":"LineString","coordinates":[[138.557558,-34.924273],[138.558518,-34.924225]]}},{"type":"Feature","properties":{"tier":"regional"},"geometry":{"type":"LineString","coordinates":[[138.560873,-34.92412],[138.560883,-34.924225]]}},{"type":"Feature","properties":{"tier":"arterial"},"geometry":{"type":"LineString","coordinates":[[138.560883,-34.924225],[138.560109,-34.924262]]}},{"type":"Feature","properties":{"tier":"arterial"},"geometry":{"type":"LineString","coordinates":[[138.558066,-34.932443],[138.557696,-34.932468]]}},{"type":"Feature","properties":{"tier":"arterial"},"geometry":{"type":"LineString","coordinates":[[138.557686,-34.932362],[138.558059,-34.932341]]}},{"type":"Feature","properties":{"tier":"arterial"},"geometry":{"type":"LineString","coordinates":[[138.553718,-34.932622],[138.554907,-34.932555],[138.555326,-34.932525],[138.556013,-34.932477],[138.556891,-34.932415]]}},{"type":"Feature","properties":{"tier":"arterial"},"geometry":{"type":"LineString","coordinates":[[138.556896,-34.932527],[138.556062,-34.932583],[138.555429,-34.932626],[138.554917,-34.93266],[138.553725,-34.932739]]}},{"type":"Feature","properties":{"tier":"arterial"},"geometry":{"type":"LineString","coordinates":[[138.561852,-34.924086],[138.562125,-34.924076],[138.562221,-34.924073],[138.562453,-34.924065]]}},{"type":"Feature","properties":{"tier":"arterial"},"geometry":{"type":"LineString","coordinates":[[138.562458,-34.924151],[138.562325,-34.924157],[138.562226,-34.924162],[138.561803,-34.924182]]}},{"type":"Feature","properties":{"tier":"arterial"},"geometry":{"type":"LineString","coordinates":[[138.56252,-34.924149],[138.562458,-34.924151]]}},{"type":"Feature","properties":{"tier":"arterial"},"geometry":{"type":"LineString","coordinates":[[138.562453,-34.924065],[138.56252,-34.92406]]}},{"type":"Feature","properties":{"tier":"arterial"},"geometry":{"type":"LineString","coordinates":[[138.556891,-34.932415],[138.557686,-34.932362]]}},{"type":"Feature","properties":{"tier":"arterial"},"geometry":{"type":"LineString","coordinates":[[138.557696,-34.932468],[138.556896,-34.932527]]}},{"type":"Feature","properties":{"tier":"arterial"},"geometry":{"type":"LineString","coordinates":[[138.555903,-34.924466],[138.555782,-34.924473],[138.555255,-34.9245]]}},{"type":"Feature","properties":{"tier":"arterial"},"geometry":{"type":"LineString","coordinates":[[138.557567,-34.924381],[138.557377,-34.924391],[138.556959,-34.924412],[138.55648,-34.924437],[138.555903,-34.924466]]}},{"type":"Feature","properties":{"tier":"arterial"},"geometry":{"type":"LineString","coordinates":[[138.555893,-34.924356],[138.557558,-34.924273]]}},{"type":"Feature","properties":{"tier":"arterial"},"geometry":{"type":"LineString","coordinates":[[138.554238,-34.924438],[138.555073,-34.924397],[138.555247,-34.924388]]}},{"type":"Feature","properties":{"tier":"arterial"},"geometry":{"type":"LineString","coordinates":[[138.558924,-34.924205],[138.559274,-34.924188],[138.559372,-34.924183],[138.5601,-34.924146]]}},{"type":"Feature","properties":{"tier":"arterial"},"geometry":{"type":"LineString","coordinates":[[138.558518,-34.924225],[138.558924,-34.924205]]}},{"type":"Feature","properties":{"tier":"arterial"},"geometry":{"type":"LineString","coordinates":[[138.558934,-34.924308],[138.558526,-34.924331]]}},{"type":"Feature","properties":{"tier":"arterial"},"geometry":{"type":"LineString","coordinates":[[138.561803,-34.924182],[138.561563,-34.924193],[138.561271,-34.924207]]}},{"type":"Feature","properties":{"tier":"arterial"},"geometry":{"type":"LineString","coordinates":[[138.561266,-34.924106],[138.561852,-34.924086]]}},{"type":"Feature","properties":{"tier":"arterial"},"geometry":{"type":"LineString","coordinates":[[138.560873,-34.92412],[138.561266,-34.924106]]}},{"type":"Feature","properties":{"tier":"arterial"},"geometry":{"type":"LineString","coordinates":[[138.544024,-34.903362],[138.543025,-34.902692]]}},{"type":"Feature","properties":{"tier":"arterial"},"geometry":{"type":"LineString","coordinates":[[138.543117,-34.9026],[138.544116,-34.903273]]}},{"type":"Feature","properties":{"tier":"arterial"},"geometry":{"type":"LineString","coordinates":[[138.544454,-34.903647],[138.544024,-34.903362]]}},{"type":"Feature","properties":{"tier":"arterial"},"geometry":{"type":"LineString","coordinates":[[138.546109,-34.904727],[138.546037,-34.90468],[138.545919,-34.904604]]}},{"type":"Feature","properties":{"tier":"arterial"},"geometry":{"type":"LineString","coordinates":[[138.544548,-34.903563],[138.544773,-34.903714],[138.545323,-34.904082],[138.545383,-34.904123],[138.545586,-34.904258],[138.545754,-34.904371],[138.545892,-34.904464],[138.546157,-34.90465],[138.546185,-34.904669],[138.546259,-34.904722]]}},{"type":"Feature","properties":{"tier":"arterial"},"geometry":{"type":"LineString","coordinates":[[138.540045,-34.900697],[138.539458,-34.900296],[138.539243,-34.900149]]}},{"type":"Feature","properties":{"tier":"arterial"},"geometry":{"type":"LineString","coordinates":[[138.539321,-34.900061],[138.540144,-34.900606]]}},{"type":"Feature","properties":{"tier":"arterial"},"geometry":{"type":"LineString","coordinates":[[138.538448,-34.899616],[138.538005,-34.899301]]}},{"type":"Feature","properties":{"tier":"arterial"},"geometry":{"type":"LineString","coordinates":[[138.538082,-34.899219],[138.538532,-34.899531]]}},{"type":"Feature","properties":{"tier":"arterial"},"geometry":{"type":"LineString","coordinates":[[138.547438,-34.904748],[138.546371,-34.904807],[138.546338,-34.904808],[138.546213,-34.904815]]}},{"type":"Feature","properties":{"tier":"arterial"},"geometry":{"type":"LineString","coordinates":[[138.547733,-34.904732],[138.547438,-34.904748]]}},{"type":"Feature","properties":{"tier":"arterial"},"geometry":{"type":"LineString","coordinates":[[138.547431,-34.904667],[138.547726,-34.904651]]}},{"type":"Feature","properties":{"tier":"arterial"},"geometry":{"type":"LineString","coordinates":[[138.537575,-34.905162],[138.538738,-34.905107]]}},{"type":"Feature","properties":{"tier":"arterial"},"geometry":{"type":"LineString","coordinates":[[138.537175,-34.905185],[138.537575,-34.905162]]}},{"type":"Feature","properties":{"tier":"arterial"},"geometry":{"type":"LineString","coordinates":[[138.537585,-34.905256],[138.537186,-34.905276]]}},{"type":"Feature","properties":{"tier":"arterial"},"geometry":{"type":"LineString","coordinates":[[138.538768,-34.905192],[138.53845,-34.905209],[138.538272,-34.905219],[138.537585,-34.905256]]}},{"type":"Feature","properties":{"tier":"arterial"},"geometry":{"type":"LineString","coordinates":[[138.512435,-34.875047],[138.51243,-34.87498]]}},{"type":"Feature","properties":{"tier":"arterial"},"geometry":{"type":"LineString","coordinates":[[138.512536,-34.87498],[138.512541,-34.875041]]}},{"type":"Feature","properties":{"tier":"arterial"},"geometry":{"type":"LineString","coordinates":[[138.508613,-34.926771],[138.508811,-34.926763]]}},{"type":"Feature","properties":{"tier":"arterial"},"geometry":{"type":"LineString","coordinates":[[138.507584,-34.926793],[138.507825,-34.926796],[138.508241,-34.926787],[138.508613,-34.926771]]}},{"type":"Feature","properties":{"tier":"arterial"},"geometry":{"type":"LineString","coordinates":[[138.507561,-34.926922],[138.507427,-34.926909],[138.507326,-34.926889],[138.507141,-34.926849],[138.507028,-34.926794],[138.506926,-34.926733],[138.506802,-34.92663],[138.506658,-34.926478],[138.506551,-34.926337],[138.506244,-34.925849],[138.506129,-34.925711],[138.506005,-34.925601]]}},{"type":"Feature","properties":{"tier":"arterial"},"geometry":{"type":"LineString","coordinates":[[138.508625,-34.926878],[138.508143,-34.926901],[138.507793,-34.926921],[138.507665,-34.926922],[138.507561,-34.926922]]}},{"type":"Feature","properties":{"tier":"arterial"},"geometry":{"type":"LineString","coordinates":[[138.514279,-34.926455],[138.51574,-34.926369],[138.516372,-34.926354],[138.516454,-34.926353],[138.517384,-34.926332]]}},{"type":"Feature","properties":{"tier":"arterial"},"geometry":{"type":"LineString","coordinates":[[138.512225,-34.92656],[138.514279,-34.926455]]}},{"type":"Feature","properties":{"tier":"arterial"},"geometry":{"type":"LineString","coordinates":[[138.512238,-34.926703],[138.511144,-34.926757],[138.510947,-34.926748]]}},{"type":"Feature","properties":{"tier":"arterial"},"geometry":{"type":"LineString","coordinates":[[138.513276,-34.926659],[138.512238,-34.926703]]}},{"type":"Feature","properties":{"tier":"arterial"},"geometry":{"type":"LineString","coordinates":[[138.508004,-34.935918],[138.507582,-34.935998],[138.507461,-34.936029],[138.507256,-34.936083],[138.506205,-34.936389]]}},{"type":"Feature","properties":{"tier":"arterial"},"geometry":{"type":"LineString","coordinates":[[138.506151,-34.93628],[138.507212,-34.935978],[138.507404,-34.935928],[138.507556,-34.935889],[138.507975,-34.935812]]}},{"type":"Feature","properties":{"tier":"arterial"},"geometry":{"type":"LineString","coordinates":[[138.504089,-34.925201],[138.504264,-34.925192]]}},{"type":"Feature","properties":{"tier":"arterial"},"geometry":{"type":"LineString","coordinates":[[138.502991,-34.925247],[138.503476,-34.925227],[138.504089,-34.925201]]}},{"type":"Feature","properties":{"tier":"arterial"},"geometry":{"type":"LineString","coordinates":[[138.502995,-34.925337],[138.501709,-34.925382],[138.50159,-34.925388]]}},{"type":"Feature","properties":{"tier":"arterial"},"geometry":{"type":"LineString","coordinates":[[138.50357,-34.925316],[138.502995,-34.925337]]}},{"type":"Feature","properties":{"tier":"arterial"},"geometry":{"type":"LineString","coordinates":[[138.50427,-34.925288],[138.504095,-34.925297]]}},{"type":"Feature","properties":{"tier":"arterial"},"geometry":{"type":"LineString","coordinates":[[138.538764,-34.876999],[138.538873,-34.87689],[138.539014,-34.876744],[138.539201,-34.87655],[138.539281,-34.876467],[138.53938,-34.876416]]}},{"type":"Feature","properties":{"tier":"regional"},"geometry":{"type":"LineString","coordinates":[[138.53488,-34.93752],[138.534808,-34.936906],[138.534779,-34.936701],[138.534756,-34.935832],[138.534751,-34.935789],[138.534739,-34.93568]]}},{"type":"Feature","properties":{"tier":"arterial"},"geometry":{"type":"LineString","coordinates":[[138.531285,-34.905492],[138.53224,-34.905445]]}},{"type":"Feature","properties":{"tier":"arterial"},"geometry":{"type":"LineString","coordinates":[[138.552425,-34.876023],[138.552201,-34.876035],[138.55209,-34.87604],[138.55191,-34.87606],[138.551762,-34.876084],[138.551659,-34.876114],[138.551545,-34.876147],[138.551373,-34.876224],[138.55118,-34.876359],[138.551066,-34.876481]]}},{"type":"Feature","properties":{"tier":"high"},"geometry":{"type":"LineString","coordinates":[[138.56252,-34.899099],[138.562519,-34.899099],[138.562497,-34.899093],[138.562455,-34.899079],[138.562309,-34.899033],[138.562236,-34.899009],[138.562167,-34.898982]]}},{"type":"Feature","properties":{"tier":"arterial"},"geometry":{"type":"LineString","coordinates":[[138.551421,-34.904547],[138.551494,-34.904435]]}},{"type":"Feature","properties":{"tier":"arterial"},"geometry":{"type":"LineString","coordinates":[[138.514425,-34.906335],[138.514551,-34.906328],[138.514624,-34.906323]]}},{"type":"Feature","properties":{"tier":"arterial"},"geometry":{"type":"LineString","coordinates":[[138.51394,-34.906352],[138.514425,-34.906335]]}},{"type":"Feature","properties":{"tier":"arterial"},"geometry":{"type":"LineString","coordinates":[[138.514529,-34.891822],[138.514277,-34.891852]]}},{"type":"Feature","properties":{"tier":"arterial"},"geometry":{"type":"LineString","coordinates":[[138.516207,-34.934452],[138.516556,-34.934391],[138.517106,-34.934302],[138.517137,-34.934297],[138.517204,-34.934291]]}},{"type":"Feature","properties":{"tier":"arterial"},"geometry":{"type":"LineString","coordinates":[[138.517092,-34.934945],[138.517159,-34.934533],[138.517166,-34.934492],[138.517178,-34.934428]]}},{"type":"Feature","properties":{"tier":"arterial"},"geometry":{"type":"LineString","coordinates":[[138.519099,-34.93431],[138.518775,-34.934341],[138.51841,-34.934356]]}},{"type":"Feature","properties":{"tier":"arterial"},"geometry":{"type":"LineString","coordinates":[[138.517476,-34.933618],[138.517383,-34.93418],[138.517379,-34.934207],[138.517369,-34.934281]]}},{"type":"Feature","properties":{"tier":"high"},"geometry":{"type":"LineString","coordinates":[[138.556247,-34.895068],[138.555856,-34.894812],[138.555633,-34.894666],[138.555505,-34.894582],[138.555329,-34.894467]]}},{"type":"Feature","properties":{"tier":"high"},"geometry":{"type":"LineString","coordinates":[[138.551633,-34.891452],[138.551735,-34.891524],[138.552764,-34.892201],[138.552921,-34.892305]]}},{"type":"Feature","properties":{"tier":"high"},"geometry":{"type":"LineString","coordinates":[[138.54911,-34.889741],[138.550126,-34.890438]]}},{"type":"Feature","properties":{"tier":"high"},"geometry":{"type":"LineString","coordinates":[[138.551067,-34.891622],[138.551001,-34.891577],[138.550202,-34.891037],[138.5498,-34.890766]]}},{"type":"Feature","properties":{"tier":"high"},"geometry":{"type":"LineString","coordinates":[[138.548243,-34.88915],[138.54911,-34.889741]]}},{"type":"Feature","properties":{"tier":"arterial"},"geometry":{"type":"LineString","coordinates":[[138.55247,-34.931288],[138.55251,-34.931975],[138.552557,-34.932519],[138.552569,-34.932646]]}},{"type":"Feature","properties":{"tier":"arterial"},"geometry":{"type":"LineString","coordinates":[[138.551978,-34.932663],[138.552177,-34.932681],[138.552346,-34.932664],[138.552374,-34.932662],[138.552425,-34.932658]]}},{"type":"Feature","properties":{"tier":"arterial"},"geometry":{"type":"LineString","coordinates":[[138.552436,-34.932816],[138.552425,-34.932658]]}},{"type":"Feature","properties":{"tier":"arterial"},"geometry":{"type":"LineString","coordinates":[[138.553725,-34.932739],[138.553343,-34.932764],[138.552977,-34.932789]]}},{"type":"Feature","properties":{"tier":"arterial"},"geometry":{"type":"LineString","coordinates":[[138.513274,-34.891705],[138.513514,-34.891726],[138.513633,-34.891737]]}},{"type":"Feature","properties":{"tier":"arterial"},"geometry":{"type":"LineString","coordinates":[[138.560902,-34.932186],[138.56118,-34.932221],[138.56122,-34.932223],[138.561235,-34.932223]]}},{"type":"Feature","properties":{"tier":"arterial"},"geometry":{"type":"LineString","coordinates":[[138.561746,-34.932318],[138.561489,-34.932336],[138.561486,-34.932336],[138.561461,-34.932338]]}},{"type":"Feature","properties":{"tier":"regional"},"geometry":{"type":"LineString","coordinates":[[138.561332,-34.932223],[138.561337,-34.932344]]}},{"type":"Feature","properties":{"tier":"arterial"},"geometry":{"type":"LineString","coordinates":[[138.512389,-34.879386],[138.512607,-34.879381],[138.512644,-34.879379],[138.51272,-34.879372]]}},{"type":"Feature","properties":{"tier":"arterial"},"geometry":{"type":"LineString","coordinates":[[138.51272,-34.879372],[138.512845,-34.879369]]}},{"type":"Feature","properties":{"tier":"arterial"},"geometry":{"type":"LineString","coordinates":[[138.51284,-34.88105],[138.512779,-34.880223],[138.512745,-34.879752]]}},{"type":"Feature","properties":{"tier":"high"},"geometry":{"type":"LineString","coordinates":[[138.527783,-34.875504],[138.528047,-34.875707],[138.528068,-34.875723],[138.528161,-34.875794]]}},{"type":"Feature","properties":{"tier":"high"},"geometry":{"type":"LineString","coordinates":[[138.527591,-34.875377],[138.527783,-34.875504]]}},{"type":"Feature","properties":{"tier":"high"},"geometry":{"type":"LineString","coordinates":[[138.528161,-34.875794],[138.528324,-34.875896],[138.52908,-34.876402]]}},{"type":"Feature","properties":{"tier":"high"},"geometry":{"type":"LineString","coordinates":[[138.52978,-34.877414],[138.52913,-34.876976],[138.529119,-34.876968]]}},{"type":"Feature","properties":{"tier":"arterial"},"geometry":{"type":"LineString","coordinates":[[138.53072,-34.879723],[138.530683,-34.879189],[138.530654,-34.878797],[138.530638,-34.878356]]}},{"type":"Feature","properties":{"tier":"high"},"geometry":{"type":"LineString","coordinates":[[138.531023,-34.878275],[138.530879,-34.87818],[138.530854,-34.878168],[138.530795,-34.878129]]}},{"type":"Feature","properties":{"tier":"arterial"},"geometry":{"type":"LineString","coordinates":[[138.514995,-34.906395],[138.5148,-34.906405],[138.514744,-34.906408]]}},{"type":"Feature","properties":{"tier":"arterial"},"geometry":{"type":"LineString","coordinates":[[138.532081,-34.895366],[138.531936,-34.895269],[138.531832,-34.8952]]}},{"type":"Feature","properties":{"tier":"arterial"},"geometry":{"type":"LineString","coordinates":[[138.552582,-34.932812],[138.552584,-34.932848],[138.552596,-34.933]]}},{"type":"Feature","properties":{"tier":"arterial"},"geometry":{"type":"LineString","coordinates":[[138.546109,-34.904727],[138.546259,-34.904722]]}},{"type":"Feature","properties":{"tier":"arterial"},"geometry":{"type":"LineString","coordinates":[[138.546259,-34.904722],[138.546213,-34.904815]]}},{"type":"Feature","properties":{"tier":"arterial"},"geometry":{"type":"LineString","coordinates":[[138.543798,-34.925062],[138.543693,-34.925067]]}},{"type":"Feature","properties":{"tier":"arterial"},"geometry":{"type":"LineString","coordinates":[[138.544153,-34.925045],[138.543876,-34.925058],[138.543844,-34.92506],[138.543798,-34.925062]]}},{"type":"Feature","properties":{"tier":"high"},"geometry":{"type":"LineString","coordinates":[[138.53537,-34.8812],[138.535098,-34.881022],[138.535096,-34.881021],[138.535077,-34.881009],[138.53503,-34.880978]]}},{"type":"Feature","properties":{"tier":"high"},"geometry":{"type":"LineString","coordinates":[[138.536086,-34.881666],[138.535977,-34.881595],[138.53537,-34.8812]]}},{"type":"Feature","properties":{"tier":"arterial"},"geometry":{"type":"LineString","coordinates":[[138.541416,-34.932678],[138.541168,-34.932688]]}},{"type":"Feature","properties":{"tier":"arterial"},"geometry":{"type":"LineString","coordinates":[[138.536124,-34.879789],[138.536052,-34.879864],[138.53553,-34.880412]]}},{"type":"Feature","properties":{"tier":"arterial"},"geometry":{"type":"LineString","coordinates":[[138.521098,-34.883675],[138.52104,-34.883741]]}},{"type":"Feature","properties":{"tier":"arterial"},"geometry":{"type":"LineString","coordinates":[[138.520483,-34.883382],[138.520546,-34.88345],[138.520771,-34.883502],[138.520921,-34.883577],[138.520944,-34.883588],[138.520999,-34.883616]]}},{"type":"Feature","properties":{"tier":"arterial"},"geometry":{"type":"LineString","coordinates":[[138.503638,-34.879755],[138.503792,-34.879751]]}},{"type":"Feature","properties":{"tier":"arterial"},"geometry":{"type":"LineString","coordinates":[[138.503664,-34.880149],[138.503652,-34.87996],[138.503649,-34.879927],[138.503644,-34.879858]]}},{"type":"Feature","properties":{"tier":"arterial"},"geometry":{"type":"LineString","coordinates":[[138.503773,-34.879542],[138.50378,-34.879645]]}},{"type":"Feature","properties":{"tier":"arterial"},"geometry":{"type":"LineString","coordinates":[[138.503905,-34.881559],[138.504024,-34.883192]]}},{"type":"Feature","properties":{"tier":"arterial"},"geometry":{"type":"LineString","coordinates":[[138.504086,-34.879843],[138.503887,-34.879849],[138.503835,-34.87985],[138.503798,-34.87985]]}},{"type":"Feature","properties":{"tier":"arterial"},"geometry":{"type":"LineString","coordinates":[[138.512726,-34.879466],[138.51272,-34.879372]]}},{"type":"Feature","properties":{"tier":"arterial"},"geometry":{"type":"LineString","coordinates":[[138.512853,-34.879462],[138.512726,-34.879466]]}},{"type":"Feature","properties":{"tier":"arterial"},"geometry":{"type":"LineString","coordinates":[[138.514599,-34.906609],[138.514615,-34.906468],[138.514621,-34.906412]]}},{"type":"Feature","properties":{"tier":"arterial"},"geometry":{"type":"LineString","coordinates":[[138.513591,-34.912701],[138.513576,-34.912781],[138.513397,-34.913751]]}},{"type":"Feature","properties":{"tier":"arterial"},"geometry":{"type":"LineString","coordinates":[[138.517735,-34.926325],[138.517742,-34.926445]]}},{"type":"Feature","properties":{"tier":"arterial"},"geometry":{"type":"LineString","coordinates":[[138.517583,-34.926328],[138.517735,-34.926325]]}},{"type":"Feature","properties":{"tier":"arterial"},"geometry":{"type":"LineString","coordinates":[[138.517384,-34.926332],[138.517516,-34.926329],[138.517543,-34.926329],[138.517583,-34.926328]]}},{"type":"Feature","properties":{"tier":"high"},"geometry":{"type":"LineString","coordinates":[[138.547788,-34.888854],[138.548085,-34.889051],[138.548109,-34.889066],[138.548243,-34.88915]]}},{"type":"Feature","properties":{"tier":"arterial"},"geometry":{"type":"LineString","coordinates":[[138.531447,-34.888642],[138.531514,-34.889442],[138.531517,-34.88949],[138.531549,-34.889932],[138.531594,-34.890577],[138.531621,-34.890943],[138.531624,-34.890974]]}},{"type":"Feature","properties":{"tier":"arterial"},"geometry":{"type":"LineString","coordinates":[[138.531862,-34.894942],[138.531843,-34.895106],[138.531832,-34.8952]]}},{"type":"Feature","properties":{"tier":"arterial"},"geometry":{"type":"LineString","coordinates":[[138.52142,-34.883305],[138.521162,-34.883601],[138.521098,-34.883675]]}},{"type":"Feature","properties":{"tier":"arterial"},"geometry":{"type":"LineString","coordinates":[[138.504588,-34.891728],[138.504603,-34.891928],[138.504613,-34.891999]]}},{"type":"Feature","properties":{"tier":"arterial"},"geometry":{"type":"LineString","coordinates":[[138.550678,-34.876896],[138.550724,-34.876788],[138.55073,-34.876768],[138.550752,-34.876699]]}},{"type":"Feature","properties":{"tier":"arterial"},"geometry":{"type":"LineString","coordinates":[[138.531624,-34.890974],[138.531631,-34.891024]]}},{"type":"Feature","properties":{"tier":"arterial"},"geometry":{"type":"LineString","coordinates":[[138.54837,-34.87498],[138.54837,-34.874987],[138.54837,-34.875007],[138.548371,-34.875081],[138.548354,-34.875138]]}},{"type":"Feature","properties":{"tier":"arterial"},"geometry":{"type":"LineString","coordinates":[[138.550883,-34.876663],[138.550977,-34.876716],[138.551101,-34.876785]]}},{"type":"Feature","properties":{"tier":"arterial"},"geometry":{"type":"LineString","coordinates":[[138.550457,-34.876399],[138.55073,-34.876578],[138.550755,-34.876593],[138.550801,-34.876621]]}},{"type":"Feature","properties":{"tier":"high"},"geometry":{"type":"LineString","coordinates":[[138.535039,-34.88037],[138.535215,-34.880487],[138.535243,-34.880506],[138.535284,-34.880533]]}},{"type":"Feature","properties":{"tier":"arterial"},"geometry":{"type":"LineString","coordinates":[[138.517583,-34.926328],[138.517582,-34.926279],[138.517559,-34.926181]]}},{"type":"Feature","properties":{"tier":"arterial"},"geometry":{"type":"LineString","coordinates":[[138.517585,-34.926447],[138.517583,-34.926328]]}},{"type":"Feature","properties":{"tier":"arterial"},"geometry":{"type":"LineString","coordinates":[[138.517742,-34.926445],[138.517585,-34.926447]]}},{"type":"Feature","properties":{"tier":"arterial"},"geometry":{"type":"LineString","coordinates":[[138.518199,-34.92644],[138.517839,-34.926444],[138.517833,-34.926444],[138.517798,-34.926445],[138.517742,-34.926445]]}},{"type":"Feature","properties":{"tier":"arterial"},"geometry":{"type":"LineString","coordinates":[[138.52049,-34.926393],[138.519957,-34.926407],[138.519725,-34.926413]]}},{"type":"Feature","properties":{"tier":"arterial"},"geometry":{"type":"LineString","coordinates":[[138.503752,-34.881557],[138.503743,-34.881386],[138.503714,-34.880854],[138.503664,-34.880149]]}},{"type":"Feature","properties":{"tier":"arterial"},"geometry":{"type":"LineString","coordinates":[[138.53151,-34.89122],[138.531499,-34.891092],[138.531494,-34.891031]]}},{"type":"Feature","properties":{"tier":"arterial"},"geometry":{"type":"LineString","coordinates":[[138.53224,-34.905445],[138.532426,-34.905432],[138.532453,-34.905431],[138.532526,-34.905427]]}},{"type":"Feature","properties":{"tier":"arterial"},"geometry":{"type":"LineString","coordinates":[[138.552252,-34.924654],[138.552027,-34.924666],[138.551976,-34.924668]]}},{"type":"Feature","properties":{"tier":"arterial"},"geometry":{"type":"LineString","coordinates":[[138.504637,-34.892264],[138.50467,-34.892621],[138.504638,-34.892686]]}},{"type":"Feature","properties":{"tier":"arterial"},"geometry":{"type":"LineString","coordinates":[[138.504221,-34.89197],[138.504466,-34.891989],[138.504513,-34.891993]]}},{"type":"Feature","properties":{"tier":"arterial"},"geometry":{"type":"LineString","coordinates":[[138.554883,-34.879079],[138.555075,-34.879195]]}},{"type":"Feature","properties":{"tier":"arterial"},"geometry":{"type":"LineString","coordinates":[[138.553367,-34.878159],[138.553669,-34.878347]]}},{"type":"Feature","properties":{"tier":"arterial"},"geometry":{"type":"LineString","coordinates":[[138.554262,-34.878836],[138.553958,-34.878653],[138.553592,-34.878431]]}},{"type":"Feature","properties":{"tier":"arterial"},"geometry":{"type":"LineString","coordinates":[[138.554741,-34.875822],[138.5559,-34.875767],[138.555993,-34.875763],[138.557243,-34.875703]]}},{"type":"Feature","properties":{"tier":"arterial"},"geometry":{"type":"LineString","coordinates":[[138.557243,-34.875703],[138.55744,-34.87569]]}},{"type":"Feature","properties":{"tier":"arterial"},"geometry":{"type":"LineString","coordinates":[[138.541416,-34.932678],[138.541397,-34.932727],[138.541169,-34.933361]]}},{"type":"Feature","properties":{"tier":"arterial"},"geometry":{"type":"LineString","coordinates":[[138.540449,-34.932593],[138.541069,-34.932558],[138.541144,-34.932554],[138.541223,-34.932548]]}},{"type":"Feature","properties":{"tier":"arterial"},"geometry":{"type":"LineString","coordinates":[[138.541778,-34.931891],[138.54151,-34.932467],[138.541475,-34.932536]]}},{"type":"Feature","properties":{"tier":"arterial"},"geometry":{"type":"LineString","coordinates":[[138.541168,-34.932688],[138.541099,-34.932693],[138.540579,-34.932718]]}},{"type":"Feature","properties":{"tier":"arterial"},"geometry":{"type":"LineString","coordinates":[[138.541475,-34.932536],[138.541554,-34.932531],[138.542086,-34.932502]]}},{"type":"Feature","properties":{"tier":"arterial"},"geometry":{"type":"LineString","coordinates":[[138.541223,-34.932548],[138.541475,-34.932536]]}},{"type":"Feature","properties":{"tier":"arterial"},"geometry":{"type":"LineString","coordinates":[[138.540925,-34.933216],[138.541118,-34.932818],[138.54114,-34.93276],[138.541168,-34.932688]]}},{"type":"Feature","properties":{"tier":"arterial"},"geometry":{"type":"LineString","coordinates":[[138.517735,-34.926325],[138.517789,-34.926324],[138.51808,-34.926319]]}},{"type":"Feature","properties":{"tier":"arterial"},"geometry":{"type":"LineString","coordinates":[[138.517585,-34.926447],[138.517545,-34.926448],[138.517374,-34.92645]]}},{"type":"Feature","properties":{"tier":"arterial"},"geometry":{"type":"LineString","coordinates":[[138.517589,-34.926616],[138.517585,-34.926511],[138.517586,-34.92649],[138.517585,-34.926447]]}},{"type":"Feature","properties":{"tier":"arterial"},"geometry":{"type":"LineString","coordinates":[[138.541007,-34.933726],[138.540869,-34.93404],[138.540823,-34.934143],[138.540701,-34.934389],[138.540618,-34.934537]]}},{"type":"Feature","properties":{"tier":"arterial"},"geometry":{"type":"LineString","coordinates":[[138.503455,-34.879862],[138.502258,-34.87986]]}},{"type":"Feature","properties":{"tier":"arterial"},"geometry":{"type":"LineString","coordinates":[[138.503798,-34.87985],[138.503802,-34.879918],[138.50381,-34.880051]]}},{"type":"Feature","properties":{"tier":"arterial"},"geometry":{"type":"LineString","coordinates":[[138.501009,-34.87971],[138.503166,-34.879764]]}},{"type":"Feature","properties":{"tier":"regional"},"geometry":{"type":"LineString","coordinates":[[138.561337,-34.932344],[138.56134,-34.932388],[138.561341,-34.932396],[138.561342,-34.932429],[138.561351,-34.932549]]}},{"type":"Feature","properties":{"tier":"arterial"},"geometry":{"type":"LineString","coordinates":[[138.551993,-34.925017],[138.552004,-34.925145]]}},{"type":"Feature","properties":{"tier":"arterial"},"geometry":{"type":"LineString","coordinates":[[138.549016,-34.924472],[138.549025,-34.924597],[138.549028,-34.924644],[138.549031,-34.924687]]}},{"type":"Feature","properties":{"tier":"arterial"},"geometry":{"type":"LineString","coordinates":[[138.543693,-34.925067],[138.543644,-34.925068],[138.543512,-34.925071],[138.543348,-34.925092],[138.543145,-34.925145],[138.542937,-34.925212]]}},{"type":"Feature","properties":{"tier":"arterial"},"geometry":{"type":"LineString","coordinates":[[138.543737,-34.925927],[138.543706,-34.925345]]}},{"type":"Feature","properties":{"tier":"arterial"},"geometry":{"type":"LineString","coordinates":[[138.531475,-34.890788],[138.53147,-34.890708],[138.531467,-34.890666],[138.531374,-34.889445],[138.531301,-34.88854]]}},{"type":"Feature","properties":{"tier":"arterial"},"geometry":{"type":"LineString","coordinates":[[138.504881,-34.892025],[138.505079,-34.892052]]}},{"type":"Feature","properties":{"tier":"arterial"},"geometry":{"type":"LineString","coordinates":[[138.504613,-34.891999],[138.504675,-34.892005],[138.504881,-34.892025]]}},{"type":"Feature","properties":{"tier":"arterial"},"geometry":{"type":"LineString","coordinates":[[138.504364,-34.892065],[138.504146,-34.89206],[138.503967,-34.892067],[138.503524,-34.892088]]}},{"type":"Feature","properties":{"tier":"arterial"},"geometry":{"type":"LineString","coordinates":[[138.504526,-34.892077],[138.504473,-34.892072],[138.504364,-34.892065]]}},{"type":"Feature","properties":{"tier":"arterial"},"geometry":{"type":"LineString","coordinates":[[138.504556,-34.892353],[138.504533,-34.892132]]}},{"type":"Feature","properties":{"tier":"arterial"},"geometry":{"type":"LineString","coordinates":[[138.504664,-34.893132],[138.504638,-34.892686]]}},{"type":"Feature","properties":{"tier":"arterial"},"geometry":{"type":"LineString","coordinates":[[138.505622,-34.906749],[138.505618,-34.906695],[138.505616,-34.906675],[138.505602,-34.906491],[138.505589,-34.906324],[138.505557,-34.905922]]}},{"type":"Feature","properties":{"tier":"arterial"},"geometry":{"type":"LineString","coordinates":[[138.531854,-34.895472],[138.531839,-34.895337],[138.531837,-34.8953],[138.531832,-34.8952]]}},{"type":"Feature","properties":{"tier":"high"},"geometry":{"type":"LineString","coordinates":[[138.548601,-34.889947],[138.548039,-34.889586],[138.547912,-34.889504],[138.547805,-34.889433],[138.54756,-34.889271],[138.547357,-34.889145]]}},{"type":"Feature","properties":{"tier":"arterial"},"geometry":{"type":"LineString","coordinates":[[138.532859,-34.905496],[138.532696,-34.905511],[138.532627,-34.905516]]}},{"type":"Feature","properties":{"tier":"arterial"},"geometry":{"type":"LineString","coordinates":[[138.532612,-34.905424],[138.532682,-34.90542],[138.532822,-34.905413]]}},{"type":"Feature","properties":{"tier":"arterial"},"geometry":{"type":"LineString","coordinates":[[138.532341,-34.905531],[138.531946,-34.905551],[138.531822,-34.905557],[138.531349,-34.905581]]}},{"type":"Feature","properties":{"tier":"arterial"},"geometry":{"type":"LineString","coordinates":[[138.531353,-34.885262],[138.531392,-34.885218],[138.531458,-34.885144]]}},{"type":"Feature","properties":{"tier":"arterial"},"geometry":{"type":"LineString","coordinates":[[138.531216,-34.88505],[138.531261,-34.885149],[138.531294,-34.885201],[138.531305,-34.885211],[138.531353,-34.885262]]}},{"type":"Feature","properties":{"tier":"arterial"},"geometry":{"type":"LineString","coordinates":[[138.50289,-34.937328],[138.502679,-34.937391],[138.502244,-34.93752]]}},{"type":"Feature","properties":{"tier":"arterial"},"geometry":{"type":"LineString","coordinates":[[138.501707,-34.93752],[138.501737,-34.937508]]}},{"type":"Feature","properties":{"tier":"arterial"},"geometry":{"type":"LineString","coordinates":[[138.501922,-34.937464],[138.501971,-34.93746],[138.502054,-34.937445],[138.502847,-34.93722]]}},{"type":"Feature","properties":{"tier":"arterial"},"geometry":{"type":"LineString","coordinates":[[138.506771,-34.906787],[138.505925,-34.906827],[138.505756,-34.906835],[138.505728,-34.906836],[138.505626,-34.906841]]}},{"type":"Feature","properties":{"tier":"high"},"geometry":{"type":"LineString","coordinates":[[138.555329,-34.894467],[138.55497,-34.894226],[138.554873,-34.894162],[138.554379,-34.89383],[138.554284,-34.893767],[138.554081,-34.89363],[138.553706,-34.893371]]}},{"type":"Feature","properties":{"tier":"arterial"},"geometry":{"type":"LineString","coordinates":[[138.520939,-34.883692],[138.520872,-34.883668],[138.520631,-34.883574]]}},{"type":"Feature","properties":{"tier":"arterial"},"geometry":{"type":"LineString","coordinates":[[138.534179,-34.913476],[138.534163,-34.9134],[138.534159,-34.913379],[138.533964,-34.912434]]}},{"type":"Feature","properties":{"tier":"arterial"},"geometry":{"type":"LineString","coordinates":[[138.534334,-34.914253],[138.534328,-34.914225],[138.534254,-34.913854],[138.534202,-34.913592],[138.534196,-34.913564],[138.534179,-34.913476]]}},{"type":"Feature","properties":{"tier":"arterial"},"geometry":{"type":"LineString","coordinates":[[138.55091,-34.876495],[138.551056,-34.876349],[138.55117,-34.87625],[138.551264,-34.876184]]}},{"type":"Feature","properties":{"tier":"arterial"},"geometry":{"type":"LineString","coordinates":[[138.550801,-34.876621],[138.550844,-34.876567],[138.550853,-34.876556],[138.55091,-34.876495]]}},{"type":"Feature","properties":{"tier":"arterial"},"geometry":{"type":"LineString","coordinates":[[138.551101,-34.876785],[138.551263,-34.876884],[138.552039,-34.877355],[138.552304,-34.877516],[138.55258,-34.877684]]}},{"type":"Feature","properties":{"tier":"arterial"},"geometry":{"type":"LineString","coordinates":[[138.535491,-34.927481],[138.535309,-34.927416],[138.535158,-34.927336],[138.534826,-34.927118],[138.53478,-34.927088]]}},{"type":"Feature","properties":{"tier":"arterial"},"geometry":{"type":"LineString","coordinates":[[138.535236,-34.926351],[138.535187,-34.926438],[138.535096,-34.926598],[138.534984,-34.926795]]}},{"type":"Feature","properties":{"tier":"arterial"},"geometry":{"type":"LineString","coordinates":[[138.534984,-34.926795],[138.534895,-34.926946],[138.534872,-34.926983]]}},{"type":"Feature","properties":{"tier":"high"},"geometry":{"type":"LineString","coordinates":[[138.530703,-34.878075],[138.530618,-34.878011],[138.53045,-34.87787]]}},{"type":"Feature","properties":{"tier":"arterial"},"geometry":{"type":"LineString","coordinates":[[138.528048,-34.876712],[138.528089,-34.876446],[138.528094,-34.87641],[138.528111,-34.876302]]}},{"type":"Feature","properties":{"tier":"regional"},"geometry":{"type":"LineString","coordinates":[[138.561387,-34.933105],[138.561416,-34.933549],[138.561417,-34.933564],[138.561422,-34.933638],[138.561442,-34.93387],[138.56146,-34.934069],[138.561465,-34.93413],[138.561475,-34.93424],[138.561482,-34.934317]]}},{"type":"Feature","properties":{"tier":"regional"},"geometry":{"type":"LineString","coordinates":[[138.561293,-34.93171],[138.561302,-34.93182]]}},{"type":"Feature","properties":{"tier":"arterial"},"geometry":{"type":"LineString","coordinates":[[138.558059,-34.932341],[138.558783,-34.932288],[138.559133,-34.932263],[138.559961,-34.932203],[138.560157,-34.932191]]}},{"type":"Feature","properties":{"tier":"arterial"},"geometry":{"type":"LineString","coordinates":[[138.517116,-34.937337],[138.517068,-34.936755],[138.517032,-34.936323]]}},{"type":"Feature","properties":{"tier":"arterial"},"geometry":{"type":"LineString","coordinates":[[138.519866,-34.93427],[138.519492,-34.934285]]}},{"type":"Feature","properties":{"tier":"arterial"},"geometry":{"type":"LineString","coordinates":[[138.520657,-34.934229],[138.519866,-34.93427]]}},{"type":"Feature","properties":{"tier":"arterial"},"geometry":{"type":"LineString","coordinates":[[138.517536,-34.93324],[138.517476,-34.933618]]}},{"type":"Feature","properties":{"tier":"arterial"},"geometry":{"type":"LineString","coordinates":[[138.517018,-34.935627],[138.517019,-34.935448],[138.517033,-34.935309],[138.517092,-34.934945]]}},{"type":"Feature","properties":{"tier":"arterial"},"geometry":{"type":"LineString","coordinates":[[138.517018,-34.935836],[138.517018,-34.935627]]}},{"type":"Feature","properties":{"tier":"arterial"},"geometry":{"type":"LineString","coordinates":[[138.516428,-34.934522],[138.516019,-34.934581],[138.51565,-34.934646]]}},{"type":"Feature","properties":{"tier":"arterial"},"geometry":{"type":"LineString","coordinates":[[138.517178,-34.934428],[138.517115,-34.934433],[138.516428,-34.934522]]}},{"type":"Feature","properties":{"tier":"arterial"},"geometry":{"type":"LineString","coordinates":[[138.517186,-34.935499],[138.517173,-34.935639],[138.517166,-34.935758]]}},{"type":"Feature","properties":{"tier":"arterial"},"geometry":{"type":"LineString","coordinates":[[138.517348,-34.934412],[138.517338,-34.934478],[138.517251,-34.935015],[138.517186,-34.935499]]}},{"type":"Feature","properties":{"tier":"arterial"},"geometry":{"type":"LineString","coordinates":[[138.518189,-34.934237],[138.518858,-34.934209]]}},{"type":"Feature","properties":{"tier":"arterial"},"geometry":{"type":"LineString","coordinates":[[138.515032,-34.934642],[138.516207,-34.934452]]}},{"type":"Feature","properties":{"tier":"arterial"},"geometry":{"type":"LineString","coordinates":[[138.514221,-34.934781],[138.514389,-34.934752],[138.515032,-34.934642]]}},{"type":"Feature","properties":{"tier":"arterial"},"geometry":{"type":"LineString","coordinates":[[138.535045,-34.927143],[138.535198,-34.927251],[138.535402,-34.927358],[138.535562,-34.927433],[138.535962,-34.927515]]}},{"type":"Feature","properties":{"tier":"arterial"},"geometry":{"type":"LineString","coordinates":[[138.534314,-34.926677],[138.534404,-34.926714],[138.534538,-34.926768]]}},{"type":"Feature","properties":{"tier":"arterial"},"geometry":{"type":"LineString","coordinates":[[138.551066,-34.876481],[138.550946,-34.8766],[138.550928,-34.876617],[138.550883,-34.876663]]}},{"type":"Feature","properties":{"tier":"arterial"},"geometry":{"type":"LineString","coordinates":[[138.548613,-34.875296],[138.549531,-34.875845]]}},{"type":"Feature","properties":{"tier":"arterial"},"geometry":{"type":"LineString","coordinates":[[138.55052,-34.87798],[138.550623,-34.877473],[138.550693,-34.877125]]}},{"type":"Feature","properties":{"tier":"arterial"},"geometry":{"type":"LineString","coordinates":[[138.550569,-34.876598],[138.54991,-34.876187]]}},{"type":"Feature","properties":{"tier":"arterial"},"geometry":{"type":"LineString","coordinates":[[138.550752,-34.876699],[138.550705,-34.876673],[138.550569,-34.876598]]}},{"type":"Feature","properties":{"tier":"arterial"},"geometry":{"type":"LineString","coordinates":[[138.548301,-34.875222],[138.548277,-34.875208]]}},{"type":"Feature","properties":{"tier":"arterial"},"geometry":{"type":"LineString","coordinates":[[138.560157,-34.932191],[138.560475,-34.932179],[138.560598,-34.932178]]}},{"type":"Feature","properties":{"tier":"arterial"},"geometry":{"type":"LineString","coordinates":[[138.560169,-34.932301],[138.559968,-34.932312],[138.559146,-34.932358],[138.559012,-34.932366],[138.558066,-34.932443]]}},{"type":"Feature","properties":{"tier":"regional"},"geometry":{"type":"LineString","coordinates":[[138.512287,-34.91277],[138.512189,-34.912774],[138.51151,-34.912807]]}},{"type":"Feature","properties":{"tier":"arterial"},"geometry":{"type":"LineString","coordinates":[[138.513429,-34.912708],[138.513451,-34.912595],[138.513633,-34.911714]]}},{"type":"Feature","properties":{"tier":"regional"},"geometry":{"type":"LineString","coordinates":[[138.51151,-34.912807],[138.510262,-34.912859],[138.509428,-34.912896],[138.507947,-34.91297],[138.507494,-34.912993],[138.506904,-34.913022],[138.506809,-34.913027],[138.506505,-34.913039],[138.506478,-34.913041],[138.506066,-34.913058],[138.505824,-34.913068],[138.505737,-34.913071],[138.505659,-34.913089],[138.505557,-34.913109],[138.505466,-34.913139],[138.504892,-34.913307]]}},{"type":"Feature","properties":{"tier":"arterial"},"geometry":{"type":"LineString","coordinates":[[138.513037,-34.914876],[138.51313,-34.914368],[138.513247,-34.913733]]}},{"type":"Feature","properties":{"tier":"arterial"},"geometry":{"type":"LineString","coordinates":[[138.514044,-34.910281],[138.513922,-34.910915]]}},{"type":"Feature","properties":{"tier":"arterial"},"geometry":{"type":"LineString","coordinates":[[138.560777,-34.932315],[138.560677,-34.932303],[138.560602,-34.932294],[138.560403,-34.932291],[138.560169,-34.932301]]}},{"type":"Feature","properties":{"tier":"regional"},"geometry":{"type":"LineString","coordinates":[[138.561374,-34.932899],[138.561387,-34.933105]]}},{"type":"Feature","properties":{"tier":"arterial"},"geometry":{"type":"LineString","coordinates":[[138.531832,-34.8952],[138.531929,-34.895189],[138.53198,-34.895192],[138.532105,-34.895218]]}},{"type":"Feature","properties":{"tier":"arterial"},"geometry":{"type":"LineString","coordinates":[[138.531882,-34.895952],[138.531854,-34.895472]]}},{"type":"Feature","properties":{"tier":"arterial"},"geometry":{"type":"LineString","coordinates":[[138.53247,-34.904419],[138.532457,-34.904275],[138.532439,-34.904083],[138.5324,-34.903214],[138.532383,-34.902984],[138.532367,-34.90276],[138.532366,-34.902732],[138.532325,-34.902162],[138.532318,-34.902062],[138.532299,-34.901801],[138.532288,-34.901646],[138.532263,-34.901287],[138.532242,-34.90099],[138.532215,-34.900607],[138.532178,-34.900138],[138.532173,-34.900064],[138.532169,-34.899999],[138.532161,-34.899869],[138.532135,-34.899483],[138.532107,-34.899092],[138.532096,-34.898932],[138.532083,-34.898758],[138.532075,-34.898636],[138.532059,-34.898402],[138.532045,-34.89821],[138.53199,-34.89744],[138.531951,-34.896887],[138.531942,-34.896755],[138.531918,-34.896422]]}},{"type":"Feature","properties":{"tier":"arterial"},"geometry":{"type":"LineString","coordinates":[[138.534195,-34.896602],[138.534968,-34.897132],[138.535409,-34.897425]]}},{"type":"Feature","properties":{"tier":"arterial"},"geometry":{"type":"LineString","coordinates":[[138.535317,-34.89752],[138.534873,-34.897233],[138.534093,-34.896694]]}},{"type":"Feature","properties":{"tier":"high"},"geometry":{"type":"LineString","coordinates":[[138.552921,-34.892305],[138.55429,-34.893219]]}},{"type":"Feature","properties":{"tier":"high"},"geometry":{"type":"LineString","coordinates":[[138.55429,-34.893219],[138.554554,-34.893398],[138.55458,-34.893415],[138.554673,-34.893478]]}},{"type":"Feature","properties":{"tier":"arterial"},"geometry":{"type":"LineString","coordinates":[[138.531918,-34.896422],[138.531907,-34.896273]]}},{"type":"Feature","properties":{"tier":"arterial"},"geometry":{"type":"LineString","coordinates":[[138.53325,-34.896135],[138.532794,-34.895831],[138.532744,-34.895797]]}},{"type":"Feature","properties":{"tier":"arterial"},"geometry":{"type":"LineString","coordinates":[[138.550603,-34.906358],[138.550576,-34.906264],[138.550594,-34.906213],[138.550654,-34.905984],[138.550692,-34.905855]]}},{"type":"Feature","properties":{"tier":"arterial"},"geometry":{"type":"LineString","coordinates":[[138.551083,-34.904564],[138.549905,-34.904622]]}},{"type":"Feature","properties":{"tier":"arterial"},"geometry":{"type":"LineString","coordinates":[[138.547726,-34.904651],[138.549884,-34.904533]]}},{"type":"Feature","properties":{"tier":"arterial"},"geometry":{"type":"LineString","coordinates":[[138.551933,-34.902542],[138.55198,-34.902617],[138.55199,-34.902974],[138.552,-34.903178]]}},{"type":"Feature","properties":{"tier":"arterial"},"geometry":{"type":"LineString","coordinates":[[138.550888,-34.905396],[138.550965,-34.905241],[138.551041,-34.905098],[138.551184,-34.904867]]}},{"type":"Feature","properties":{"tier":"arterial"},"geometry":{"type":"LineString","coordinates":[[138.535286,-34.918695],[138.535304,-34.918861]]}},{"type":"Feature","properties":{"tier":"arterial"},"geometry":{"type":"LineString","coordinates":[[138.535159,-34.918709],[138.535092,-34.918239]]}},{"type":"Feature","properties":{"tier":"arterial"},"geometry":{"type":"LineString","coordinates":[[138.512726,-34.879466],[138.512651,-34.879469],[138.512475,-34.879477]]}},{"type":"Feature","properties":{"tier":"arterial"},"geometry":{"type":"LineString","coordinates":[[138.503792,-34.879751],[138.503827,-34.879751],[138.503969,-34.87975]]}},{"type":"Feature","properties":{"tier":"arterial"},"geometry":{"type":"LineString","coordinates":[[138.503873,-34.883198],[138.503831,-34.88271],[138.503752,-34.881557]]}},{"type":"Feature","properties":{"tier":"arterial"},"geometry":{"type":"LineString","coordinates":[[138.548948,-34.923489],[138.549002,-34.924267]]}},{"type":"Feature","properties":{"tier":"arterial"},"geometry":{"type":"LineString","coordinates":[[138.5493,-34.924673],[138.55023,-34.924629]]}},{"type":"Feature","properties":{"tier":"arterial"},"geometry":{"type":"LineString","coordinates":[[138.548375,-34.92472],[138.548811,-34.924698]]}},{"type":"Feature","properties":{"tier":"arterial"},"geometry":{"type":"LineString","coordinates":[[138.54904,-34.92481],[138.548562,-34.924833]]}},{"type":"Feature","properties":{"tier":"high"},"geometry":{"type":"LineString","coordinates":[[138.531148,-34.877767],[138.531209,-34.877808],[138.531535,-34.878028],[138.532051,-34.878376]]}},{"type":"Feature","properties":{"tier":"arterial"},"geometry":{"type":"LineString","coordinates":[[138.530731,-34.878344],[138.530764,-34.87876],[138.530829,-34.879532],[138.530845,-34.879718]]}},{"type":"Feature","properties":{"tier":"high"},"geometry":{"type":"LineString","coordinates":[[138.532274,-34.879106],[138.532133,-34.87901],[138.532013,-34.878928],[138.531981,-34.878907],[138.531512,-34.878598]]}},{"type":"Feature","properties":{"tier":"arterial"},"geometry":{"type":"LineString","coordinates":[[138.534567,-34.881386],[138.534891,-34.881019],[138.534909,-34.880996],[138.534945,-34.880922]]}},{"type":"Feature","properties":{"tier":"arterial"},"geometry":{"type":"LineString","coordinates":[[138.531819,-34.884723],[138.532229,-34.884227]]}},{"type":"Feature","properties":{"tier":"high"},"geometry":{"type":"LineString","coordinates":[[138.534945,-34.880922],[138.534871,-34.880874],[138.534859,-34.880866],[138.534541,-34.880659]]}},{"type":"Feature","properties":{"tier":"arterial"},"geometry":{"type":"LineString","coordinates":[[138.534879,-34.881153],[138.534562,-34.881531]]}},{"type":"Feature","properties":{"tier":"arterial"},"geometry":{"type":"LineString","coordinates":[[138.53503,-34.880978],[138.534978,-34.881038],[138.534879,-34.881153]]}},{"type":"Feature","properties":{"tier":"high"},"geometry":{"type":"LineString","coordinates":[[138.535524,-34.880692],[138.536778,-34.881517]]}},{"type":"Feature","properties":{"tier":"high"},"geometry":{"type":"LineString","coordinates":[[138.535366,-34.880587],[138.535425,-34.880626],[138.535524,-34.880692]]}},{"type":"Feature","properties":{"tier":"arterial"},"geometry":{"type":"LineString","coordinates":[[138.535284,-34.880533],[138.535316,-34.880495],[138.535399,-34.8804]]}},{"type":"Feature","properties":{"tier":"arterial"},"geometry":{"type":"LineString","coordinates":[[138.535366,-34.880587],[138.5353,-34.880663]]}},{"type":"Feature","properties":{"tier":"high"},"geometry":{"type":"LineString","coordinates":[[138.534183,-34.879804],[138.534465,-34.87999],[138.53466,-34.88012]]}},{"type":"Feature","properties":{"tier":"high"},"geometry":{"type":"LineString","coordinates":[[138.53466,-34.88012],[138.535039,-34.88037]]}},{"type":"Feature","properties":{"tier":"arterial"},"geometry":{"type":"LineString","coordinates":[[138.531191,-34.886908],[138.531172,-34.886498],[138.53116,-34.886313]]}},{"type":"Feature","properties":{"tier":"arterial"},"geometry":{"type":"LineString","coordinates":[[138.510959,-34.879445],[138.511876,-34.879403],[138.512389,-34.879386]]}},{"type":"Feature","properties":{"tier":"arterial"},"geometry":{"type":"LineString","coordinates":[[138.509592,-34.87961],[138.509326,-34.879623],[138.506792,-34.879744],[138.505792,-34.879788],[138.504752,-34.879834]]}},{"type":"Feature","properties":{"tier":"arterial"},"geometry":{"type":"LineString","coordinates":[[138.504251,-34.879747],[138.505782,-34.879681],[138.50636,-34.879656],[138.509318,-34.879517],[138.50957,-34.879506]]}},{"type":"Feature","properties":{"tier":"arterial"},"geometry":{"type":"LineString","coordinates":[[138.532104,-34.884506],[138.531454,-34.885272],[138.531415,-34.885317]]}},{"type":"Feature","properties":{"tier":"high"},"geometry":{"type":"LineString","coordinates":[[138.52974,-34.876839],[138.530012,-34.877028],[138.530964,-34.877642],[138.530993,-34.877661],[138.531068,-34.877709]]}},{"type":"Feature","properties":{"tier":"arterial"},"geometry":{"type":"LineString","coordinates":[[138.544116,-34.903273],[138.544548,-34.903563]]}},{"type":"Feature","properties":{"tier":"arterial"},"geometry":{"type":"LineString","coordinates":[[138.505526,-34.905503],[138.505494,-34.905008]]}},{"type":"Feature","properties":{"tier":"arterial"},"geometry":{"type":"LineString","coordinates":[[138.505557,-34.905922],[138.505541,-34.905693],[138.505526,-34.905503]]}},{"type":"Feature","properties":{"tier":"arterial"},"geometry":{"type":"LineString","coordinates":[[138.552002,-34.903583],[138.551993,-34.903753],[138.551967,-34.903894],[138.551958,-34.90392],[138.551926,-34.90401],[138.551885,-34.904098],[138.551836,-34.904177]]}},{"type":"Feature","properties":{"tier":"arterial"},"geometry":{"type":"LineString","coordinates":[[138.553229,-34.904364],[138.554336,-34.904304]]}},{"type":"Feature","properties":{"tier":"arterial"},"geometry":{"type":"LineString","coordinates":[[138.512706,-34.879175],[138.512684,-34.878748]]}},{"type":"Feature","properties":{"tier":"arterial"},"geometry":{"type":"LineString","coordinates":[[138.512845,-34.879369],[138.512853,-34.879462]]}},{"type":"Feature","properties":{"tier":"arterial"},"geometry":{"type":"LineString","coordinates":[[138.519242,-34.882954],[138.516394,-34.880959],[138.515322,-34.880218]]}},{"type":"Feature","properties":{"tier":"regional"},"geometry":{"type":"LineString","coordinates":[[138.53487,-34.935785],[138.534905,-34.936276],[138.534959,-34.936903]]}},{"type":"Feature","properties":{"tier":"arterial"},"geometry":{"type":"LineString","coordinates":[[138.538236,-34.936661],[138.537839,-34.936936],[138.537769,-34.936981],[138.537573,-34.937109],[138.537174,-34.937382]]}},{"type":"Feature","properties":{"tier":"regional"},"geometry":{"type":"LineString","coordinates":[[138.538707,-34.935172],[138.537831,-34.935216],[138.537015,-34.935254],[138.536898,-34.935255],[138.536143,-34.935263],[138.536025,-34.935264],[138.535376,-34.935305],[138.535275,-34.935312]]}},{"type":"Feature","properties":{"tier":"arterial"},"geometry":{"type":"LineString","coordinates":[[138.540579,-34.932718],[138.539927,-34.932749]]}},{"type":"Feature","properties":{"tier":"arterial"},"geometry":{"type":"LineString","coordinates":[[138.54069,-34.933725],[138.540925,-34.933216]]}},{"type":"Feature","properties":{"tier":"regional"},"geometry":{"type":"LineString","coordinates":[[138.535063,-34.935184],[138.535206,-34.935235],[138.535368,-34.935227],[138.536126,-34.93519],[138.536769,-34.935188],[138.537014,-34.935187]]}},{"type":"Feature","properties":{"tier":"arterial"},"geometry":{"type":"LineString","coordinates":[[138.532655,-34.905689],[138.532646,-34.905909]]}},{"type":"Feature","properties":{"tier":"arterial"},"geometry":{"type":"LineString","coordinates":[[138.533987,-34.905446],[138.533798,-34.905454],[138.533284,-34.905478],[138.532859,-34.905496]]}},{"type":"Feature","properties":{"tier":"arterial"},"geometry":{"type":"LineString","coordinates":[[138.532526,-34.905427],[138.53252,-34.905371],[138.532499,-34.90516]]}},{"type":"Feature","properties":{"tier":"arterial"},"geometry":{"type":"LineString","coordinates":[[138.532822,-34.905413],[138.533985,-34.905349]]}},{"type":"Feature","properties":{"tier":"arterial"},"geometry":{"type":"LineString","coordinates":[[138.53258,-34.905173],[138.532605,-34.905367],[138.532612,-34.905424]]}},{"type":"Feature","properties":{"tier":"arterial"},"geometry":{"type":"LineString","coordinates":[[138.53257,-34.905719],[138.532546,-34.905573],[138.532537,-34.905521]]}},{"type":"Feature","properties":{"tier":"arterial"},"geometry":{"type":"LineString","coordinates":[[138.55252,-34.92464],[138.552252,-34.924654]]}},{"type":"Feature","properties":{"tier":"arterial"},"geometry":{"type":"LineString","coordinates":[[138.555255,-34.9245],[138.554938,-34.924516],[138.554577,-34.924535],[138.554246,-34.924552]]}},{"type":"Feature","properties":{"tier":"arterial"},"geometry":{"type":"LineString","coordinates":[[138.552004,-34.925145],[138.55206,-34.925823]]}},{"type":"Feature","properties":{"tier":"arterial"},"geometry":{"type":"LineString","coordinates":[[138.551579,-34.924565],[138.551742,-34.924557],[138.551776,-34.924555],[138.551905,-34.92455]]}},{"type":"Feature","properties":{"tier":"arterial"},"geometry":{"type":"LineString","coordinates":[[138.55023,-34.924629],[138.550512,-34.924616],[138.550876,-34.924598]]}},{"type":"Feature","properties":{"tier":"arterial"},"geometry":{"type":"LineString","coordinates":[[138.539927,-34.932749],[138.53861,-34.932808]]}},{"type":"Feature","properties":{"tier":"arterial"},"geometry":{"type":"LineString","coordinates":[[138.542889,-34.932458],[138.543007,-34.932452],[138.543639,-34.932418],[138.544408,-34.932377],[138.545342,-34.932327],[138.54617,-34.932286],[138.546902,-34.932251],[138.547533,-34.93222],[138.547762,-34.932206],[138.548868,-34.932141],[138.549112,-34.932126],[138.549774,-34.932095],[138.55002,-34.932094],[138.550207,-34.932116],[138.550385,-34.932141]]}},{"type":"Feature","properties":{"tier":"arterial"},"geometry":{"type":"LineString","coordinates":[[138.542013,-34.931375],[138.541932,-34.931553],[138.541778,-34.931891]]}},{"type":"Feature","properties":{"tier":"arterial"},"geometry":{"type":"LineString","coordinates":[[138.539933,-34.932628],[138.540449,-34.932593]]}},{"type":"Feature","properties":{"tier":"arterial"},"geometry":{"type":"LineString","coordinates":[[138.534632,-34.932911],[138.534828,-34.932916],[138.535003,-34.9329],[138.535207,-34.932886],[138.535472,-34.932868],[138.53582,-34.932845],[138.535897,-34.932843],[138.536808,-34.932806],[138.536988,-34.932791],[138.537018,-34.932789],[138.537206,-34.932779]]}},{"type":"Feature","properties":{"tier":"arterial"},"geometry":{"type":"LineString","coordinates":[[138.540299,-34.934674],[138.540445,-34.934307],[138.540514,-34.934123],[138.540572,-34.933992],[138.54069,-34.933725]]}},{"type":"Feature","properties":{"tier":"arterial"},"geometry":{"type":"LineString","coordinates":[[138.539429,-34.935534],[138.539405,-34.935499],[138.539388,-34.935462],[138.539379,-34.935423]]}},{"type":"Feature","properties":{"tier":"arterial"},"geometry":{"type":"LineString","coordinates":[[138.539705,-34.935634],[138.539644,-34.935636],[138.539581,-34.935626],[138.539522,-34.935605],[138.53947,-34.935574],[138.539429,-34.935534]]}},{"type":"Feature","properties":{"tier":"regional"},"geometry":{"type":"LineString","coordinates":[[138.53973,-34.935629],[138.539705,-34.935634]]}},{"type":"Feature","properties":{"tier":"arterial"},"geometry":{"type":"LineString","coordinates":[[138.539945,-34.935465],[138.53992,-34.935516],[138.539881,-34.93556],[138.539854,-34.935579],[138.539831,-34.935595],[138.539772,-34.935621],[138.53973,-34.935629]]}},{"type":"Feature","properties":{"tier":"arterial"},"geometry":{"type":"LineString","coordinates":[[138.539952,-34.935359],[138.539956,-34.935413],[138.539945,-34.935465]]}},{"type":"Feature","properties":{"tier":"arterial"},"geometry":{"type":"LineString","coordinates":[[138.539497,-34.935208],[138.53955,-34.935183],[138.539609,-34.935167],[138.539671,-34.935163]]}},{"type":"Feature","properties":{"tier":"arterial"},"geometry":{"type":"LineString","coordinates":[[138.539379,-34.935423],[138.539387,-34.935341],[138.539427,-34.935267],[138.539497,-34.935208]]}},{"type":"Feature","properties":{"tier":"regional"},"geometry":{"type":"LineString","coordinates":[[138.534684,-34.935525],[138.534637,-34.935506],[138.534595,-34.93548],[138.534559,-34.935449],[138.53453,-34.935413],[138.534509,-34.935374],[138.534497,-34.935332]]}},{"type":"Feature","properties":{"tier":"regional"},"geometry":{"type":"LineString","coordinates":[[138.534915,-34.935522],[138.534839,-34.935539],[138.534761,-34.935541],[138.534684,-34.935525]]}},{"type":"Feature","properties":{"tier":"regional"},"geometry":{"type":"LineString","coordinates":[[138.535074,-34.935387],[138.535047,-34.935429],[138.535011,-34.935467],[138.534966,-34.935498],[138.534915,-34.935522]]}},{"type":"Feature","properties":{"tier":"regional"},"geometry":{"type":"LineString","coordinates":[[138.535063,-34.935184],[138.535082,-34.935223],[138.535093,-34.935263],[138.535095,-34.935305],[138.535089,-34.935347],[138.535074,-34.935387]]}},{"type":"Feature","properties":{"tier":"regional"},"geometry":{"type":"LineString","coordinates":[[138.534798,-34.935049],[138.534853,-34.935053],[138.534905,-34.935066],[138.534954,-34.935086],[138.534997,-34.935113],[138.535034,-34.935146],[138.535063,-34.935184]]}},{"type":"Feature","properties":{"tier":"arterial"},"geometry":{"type":"LineString","coordinates":[[138.531694,-34.892301],[138.531697,-34.892347]]}},{"type":"Feature","properties":{"tier":"arterial"},"geometry":{"type":"LineString","coordinates":[[138.531697,-34.892347],[138.53172,-34.892652],[138.531731,-34.892813],[138.53174,-34.892968],[138.531768,-34.893371]]}},{"type":"Feature","properties":{"tier":"arterial"},"geometry":{"type":"LineString","coordinates":[[138.513922,-34.910915],[138.513842,-34.911353]]}},{"type":"Feature","properties":{"tier":"arterial"},"geometry":{"type":"LineString","coordinates":[[138.513781,-34.910914],[138.513916,-34.910281]]}},{"type":"Feature","properties":{"tier":"arterial"},"geometry":{"type":"LineString","coordinates":[[138.532498,-34.904729],[138.532476,-34.904484],[138.53247,-34.904419]]}},{"type":"Feature","properties":{"tier":"arterial"},"geometry":{"type":"LineString","coordinates":[[138.543693,-34.925067],[138.543739,-34.924949]]}},{"type":"Feature","properties":{"tier":"arterial"},"geometry":{"type":"LineString","coordinates":[[138.524349,-34.934032],[138.524331,-34.934032],[138.524043,-34.934036]]}},{"type":"Feature","properties":{"tier":"arterial"},"geometry":{"type":"LineString","coordinates":[[138.548629,-34.919754],[138.548642,-34.919911],[138.548655,-34.920072]]}},{"type":"Feature","properties":{"tier":"arterial"},"geometry":{"type":"LineString","coordinates":[[138.551652,-34.904431],[138.551575,-34.904535]]}},{"type":"Feature","properties":{"tier":"arterial"},"geometry":{"type":"LineString","coordinates":[[138.534922,-34.933011],[138.534821,-34.933018],[138.534683,-34.933025],[138.534661,-34.933025]]}},{"type":"Feature","properties":{"tier":"arterial"},"geometry":{"type":"LineString","coordinates":[[138.534661,-34.933025],[138.534481,-34.933034]]}},{"type":"Feature","properties":{"tier":"regional"},"geometry":{"type":"LineString","coordinates":[[138.534593,-34.9327],[138.534592,-34.932682],[138.534585,-34.932595],[138.534596,-34.932421]]}},{"type":"Feature","properties":{"tier":"arterial"},"geometry":{"type":"LineString","coordinates":[[138.534481,-34.933034],[138.534255,-34.933076],[138.53396,-34.933139],[138.533669,-34.933254],[138.53337,-34.933374],[138.533102,-34.93349],[138.532927,-34.933538],[138.53275,-34.933581],[138.532542,-34.933621],[138.532341,-34.933648],[138.531779,-34.933666],[138.528832,-34.933822],[138.528062,-34.933863],[138.527917,-34.933872]]}},{"type":"Feature","properties":{"tier":"arterial"},"geometry":{"type":"LineString","coordinates":[[138.527474,-34.933893],[138.526134,-34.933956],[138.524349,-34.934032]]}},{"type":"Feature","properties":{"tier":"arterial"},"geometry":{"type":"LineString","coordinates":[[138.527937,-34.933761],[138.531794,-34.93356],[138.532324,-34.933532],[138.532523,-34.933507],[138.53269,-34.933483],[138.532887,-34.933436],[138.533055,-34.933381],[138.533303,-34.933278],[138.533624,-34.93314],[138.533926,-34.933039],[138.534236,-34.932958],[138.534282,-34.932951],[138.534464,-34.932919],[138.534632,-34.932911]]}},{"type":"Feature","properties":{"tier":"arterial"},"geometry":{"type":"LineString","coordinates":[[138.52782,-34.933877],[138.527736,-34.933881],[138.527474,-34.933893]]}},{"type":"Feature","properties":{"tier":"high"},"geometry":{"type":"LineString","coordinates":[[138.535224,-34.880602],[138.5353,-34.880663]]}},{"type":"Feature","properties":{"tier":"high"},"geometry":{"type":"LineString","coordinates":[[138.545203,-34.887138],[138.545151,-34.887191],[138.545091,-34.887266],[138.545057,-34.887305],[138.544941,-34.887454],[138.544898,-34.887509]]}},{"type":"Feature","properties":{"tier":"arterial"},"geometry":{"type":"LineString","coordinates":[[138.540246,-34.875529],[138.540385,-34.875389],[138.540788,-34.87498]]}},{"type":"Feature","properties":{"tier":"arterial"},"geometry":{"type":"LineString","coordinates":[[138.539835,-34.875951],[138.539877,-34.875907]]}},{"type":"Feature","properties":{"tier":"arterial"},"geometry":{"type":"LineString","coordinates":[[138.539877,-34.875907],[138.539934,-34.875849]]}},{"type":"Feature","properties":{"tier":"arterial"},"geometry":{"type":"LineString","coordinates":[[138.537123,-34.878779],[138.536955,-34.878949]]}},{"type":"Feature","properties":{"tier":"arterial"},"geometry":{"type":"LineString","coordinates":[[138.537062,-34.878738],[138.537399,-34.878387],[138.537706,-34.878067]]}},{"type":"Feature","properties":{"tier":"arterial"},"geometry":{"type":"LineString","coordinates":[[138.537706,-34.878067],[138.538077,-34.877696],[138.538173,-34.8776],[138.538183,-34.87759],[138.538207,-34.877569],[138.538248,-34.877528],[138.538304,-34.87747],[138.538337,-34.877439],[138.538408,-34.877364],[138.538764,-34.876999]]}},{"type":"Feature","properties":{"tier":"arterial"},"geometry":{"type":"LineString","coordinates":[[138.537777,-34.87812],[138.537467,-34.878433],[138.537123,-34.878779]]}},{"type":"Feature","properties":{"tier":"high"},"geometry":{"type":"LineString","coordinates":[[138.551303,-34.891457],[138.551399,-34.891444],[138.551517,-34.891461],[138.551621,-34.891508],[138.551735,-34.891524]]}},{"type":"Feature","properties":{"tier":"high"},"geometry":{"type":"LineString","coordinates":[[138.55122,-34.891722],[138.551067,-34.891622]]}},{"type":"Feature","properties":{"tier":"high"},"geometry":{"type":"LineString","coordinates":[[138.529439,-34.876637],[138.52953,-34.876694]]}},{"type":"Feature","properties":{"tier":"high"},"geometry":{"type":"LineString","coordinates":[[138.52908,-34.876402],[138.529369,-34.876593]]}},{"type":"Feature","properties":{"tier":"arterial"},"geometry":{"type":"LineString","coordinates":[[138.528199,-34.875442],[138.528174,-34.875669],[138.528169,-34.8757],[138.528161,-34.875794]]}},{"type":"Feature","properties":{"tier":"arterial"},"geometry":{"type":"LineString","coordinates":[[138.528222,-34.875212],[138.528204,-34.87539],[138.528199,-34.875442]]}},{"type":"Feature","properties":{"tier":"arterial"},"geometry":{"type":"LineString","coordinates":[[138.528153,-34.875889],[138.528144,-34.875974],[138.528127,-34.87616],[138.528111,-34.876302]]}},{"type":"Feature","properties":{"tier":"arterial"},"geometry":{"type":"LineString","coordinates":[[138.552781,-34.924507],[138.554238,-34.924438]]}},{"type":"Feature","properties":{"tier":"arterial"},"geometry":{"type":"LineString","coordinates":[[138.552138,-34.877535],[138.551512,-34.877155],[138.550959,-34.876816],[138.550939,-34.876803],[138.550847,-34.876747]]}},{"type":"Feature","properties":{"tier":"arterial"},"geometry":{"type":"LineString","coordinates":[[138.513639,-34.8902],[138.513661,-34.890505],[138.513732,-34.891543],[138.513739,-34.891635],[138.513746,-34.891747]]}},{"type":"Feature","properties":{"tier":"arterial"},"geometry":{"type":"LineString","coordinates":[[138.513634,-34.890119],[138.513639,-34.8902]]}},{"type":"Feature","properties":{"tier":"arterial"},"geometry":{"type":"LineString","coordinates":[[138.552416,-34.932481],[138.552387,-34.93198],[138.552328,-34.931297]]}},{"type":"Feature","properties":{"tier":"arterial"},"geometry":{"type":"LineString","coordinates":[[138.552596,-34.933],[138.552619,-34.933274],[138.552679,-34.934005],[138.552683,-34.934053],[138.552693,-34.934225],[138.552703,-34.93436],[138.55279,-34.935545]]}},{"type":"Feature","properties":{"tier":"arterial"},"geometry":{"type":"LineString","coordinates":[[138.552249,-34.932824],[138.551984,-34.932813],[138.551844,-34.932793],[138.55174,-34.932778],[138.551474,-34.932707]]}},{"type":"Feature","properties":{"tier":"arterial"},"geometry":{"type":"LineString","coordinates":[[138.503589,-34.906852],[138.50372,-34.906803],[138.503738,-34.906769],[138.503747,-34.906751],[138.503734,-34.906667]]}},{"type":"Feature","properties":{"tier":"arterial"},"geometry":{"type":"LineString","coordinates":[[138.504003,-34.906834],[138.504564,-34.906804],[138.50495,-34.906784],[138.504974,-34.906783]]}},{"type":"Feature","properties":{"tier":"arterial"},"geometry":{"type":"LineString","coordinates":[[138.504087,-34.906915],[138.502382,-34.906996],[138.50218,-34.907006],[138.501725,-34.907027]]}},{"type":"Feature","properties":{"tier":"arterial"},"geometry":{"type":"LineString","coordinates":[[138.513697,-34.911343],[138.513781,-34.910914]]}},{"type":"Feature","properties":{"tier":"arterial"},"geometry":{"type":"LineString","coordinates":[[138.513707,-34.91208],[138.513616,-34.912555],[138.51361,-34.912581],[138.513591,-34.912701]]}},{"type":"Feature","properties":{"tier":"arterial"},"geometry":{"type":"LineString","coordinates":[[138.501275,-34.925401],[138.50069,-34.925431],[138.500449,-34.925444]]}},{"type":"Feature","properties":{"tier":"arterial"},"geometry":{"type":"LineString","coordinates":[[138.50159,-34.925388],[138.501473,-34.925393]]}},{"type":"Feature","properties":{"tier":"arterial"},"geometry":{"type":"LineString","coordinates":[[138.501412,-34.925327],[138.501709,-34.925312],[138.502181,-34.925288],[138.502428,-34.925276],[138.502685,-34.925263],[138.502991,-34.925247]]}},{"type":"Feature","properties":{"tier":"arterial"},"geometry":{"type":"LineString","coordinates":[[138.500442,-34.925374],[138.500686,-34.925362],[138.501412,-34.925327]]}},{"type":"Feature","properties":{"tier":"arterial"},"geometry":{"type":"LineString","coordinates":[[138.505088,-34.892136],[138.504685,-34.892095],[138.504621,-34.892088]]}},{"type":"Feature","properties":{"tier":"arterial"},"geometry":{"type":"LineString","coordinates":[[138.513613,-34.891497],[138.513574,-34.890935],[138.513549,-34.890689]]}},{"type":"Feature","properties":{"tier":"arterial"},"geometry":{"type":"LineString","coordinates":[[138.515403,-34.880142],[138.516095,-34.880626],[138.516608,-34.880986],[138.519315,-34.882882]]}},{"type":"Feature","properties":{"tier":"arterial"},"geometry":{"type":"LineString","coordinates":[[138.549013,-34.88563],[138.549018,-34.885604],[138.549027,-34.885564]]}},{"type":"Feature","properties":{"tier":"arterial"},"geometry":{"type":"LineString","coordinates":[[138.552787,-34.924627],[138.552754,-34.924628]]}},{"type":"Feature","properties":{"tier":"regional"},"geometry":{"type":"LineString","coordinates":[[138.554238,-34.924438],[138.554234,-34.924384],[138.554201,-34.923959],[138.554212,-34.923891],[138.554202,-34.923841],[138.554174,-34.923761],[138.554181,-34.923711],[138.554185,-34.923658],[138.554187,-34.923633],[138.554171,-34.923542],[138.554164,-34.923447],[138.554162,-34.923428],[138.554151,-34.923284],[138.554136,-34.923101],[138.554147,-34.923056],[138.554149,-34.923005],[138.554114,-34.922929],[138.554115,-34.92287],[138.554127,-34.922805],[138.55411,-34.922733],[138.554099,-34.922555],[138.55405,-34.921879],[138.554056,-34.921821],[138.554059,-34.921782],[138.554021,-34.921685],[138.554025,-34.921633],[138.554038,-34.921589],[138.554018,-34.921475],[138.553965,-34.920771],[138.55396,-34.920706]]}},{"type":"Feature","properties":{"tier":"arterial"},"geometry":{"type":"LineString","coordinates":[[138.554246,-34.924552],[138.553133,-34.924609],[138.552787,-34.924627]]}},{"type":"Feature","properties":{"tier":"arterial"},"geometry":{"type":"LineString","coordinates":[[138.559925,-34.924268],[138.559465,-34.924287],[138.559373,-34.92429],[138.559149,-34.924299],[138.558934,-34.924308]]}},{"type":"Feature","properties":{"tier":"arterial"},"geometry":{"type":"LineString","coordinates":[[138.5612,-34.924211],[138.560883,-34.924225]]}},{"type":"Feature","properties":{"tier":"arterial"},"geometry":{"type":"LineString","coordinates":[[138.548384,-34.924841],[138.547292,-34.924894]]}},{"type":"Feature","properties":{"tier":"arterial"},"geometry":{"type":"LineString","coordinates":[[138.547292,-34.924894],[138.546202,-34.924946]]}},{"type":"Feature","properties":{"tier":"arterial"},"geometry":{"type":"LineString","coordinates":[[138.547285,-34.924774],[138.547605,-34.924758],[138.547834,-34.924747],[138.5482,-34.924729],[138.548375,-34.92472]]}},{"type":"Feature","properties":{"tier":"arterial"},"geometry":{"type":"LineString","coordinates":[[138.546202,-34.924946],[138.545088,-34.925]]}},{"type":"Feature","properties":{"tier":"arterial"},"geometry":{"type":"LineString","coordinates":[[138.54619,-34.924828],[138.546742,-34.924801],[138.547072,-34.924785],[138.547285,-34.924774]]}},{"type":"Feature","properties":{"tier":"arterial"},"geometry":{"type":"LineString","coordinates":[[138.545088,-34.925],[138.544525,-34.925027],[138.544454,-34.92503],[138.544153,-34.925045]]}},{"type":"Feature","properties":{"tier":"arterial"},"geometry":{"type":"LineString","coordinates":[[138.545078,-34.924883],[138.54579,-34.924848],[138.54619,-34.924828]]}},{"type":"Feature","properties":{"tier":"arterial"},"geometry":{"type":"LineString","coordinates":[[138.538883,-34.926847],[138.539382,-34.926636],[138.539503,-34.926585],[138.539879,-34.926427],[138.539969,-34.92639],[138.541187,-34.925882]]}},{"type":"Feature","properties":{"tier":"arterial"},"geometry":{"type":"LineString","coordinates":[[138.536722,-34.927681],[138.536533,-34.927692],[138.536446,-34.927684],[138.536293,-34.927668],[138.536246,-34.927659],[138.53608,-34.927625],[138.535953,-34.927599],[138.535769,-34.927552],[138.535491,-34.927481]]}},{"type":"Feature","properties":{"tier":"arterial"},"geometry":{"type":"LineString","coordinates":[[138.536712,-34.927584],[138.536946,-34.927547],[138.537008,-34.927537],[138.537406,-34.927437],[138.537763,-34.927321],[138.538037,-34.927213],[138.538324,-34.927086]]}},{"type":"Feature","properties":{"tier":"arterial"},"geometry":{"type":"LineString","coordinates":[[138.530773,-34.926209],[138.53137,-34.926281]]}},{"type":"Feature","properties":{"tier":"arterial"},"geometry":{"type":"LineString","coordinates":[[138.529046,-34.925981],[138.529357,-34.926022],[138.529779,-34.926078],[138.530131,-34.926124],[138.530773,-34.926209]]}},{"type":"Feature","properties":{"tier":"arterial"},"geometry":{"type":"LineString","coordinates":[[138.52904,-34.926092],[138.528801,-34.926088],[138.52823,-34.926109]]}},{"type":"Feature","properties":{"tier":"arterial"},"geometry":{"type":"LineString","coordinates":[[138.528249,-34.926006],[138.528289,-34.926004],[138.5288,-34.925981],[138.529046,-34.925981]]}},{"type":"Feature","properties":{"tier":"arterial"},"geometry":{"type":"LineString","coordinates":[[138.527855,-34.926122],[138.527643,-34.926129]]}},{"type":"Feature","properties":{"tier":"arterial"},"geometry":{"type":"LineString","coordinates":[[138.527643,-34.926129],[138.526721,-34.926166]]}},{"type":"Feature","properties":{"tier":"arterial"},"geometry":{"type":"LineString","coordinates":[[138.527634,-34.926034],[138.527852,-34.926023]]}},{"type":"Feature","properties":{"tier":"arterial"},"geometry":{"type":"LineString","coordinates":[[138.526721,-34.926166],[138.526566,-34.926173],[138.525117,-34.926231]]}},{"type":"Feature","properties":{"tier":"arterial"},"geometry":{"type":"LineString","coordinates":[[138.526714,-34.926066],[138.526985,-34.926057],[138.527634,-34.926034]]}},{"type":"Feature","properties":{"tier":"arterial"},"geometry":{"type":"LineString","coordinates":[[138.525112,-34.926124],[138.525446,-34.926112],[138.525835,-34.926098],[138.526356,-34.926079],[138.526559,-34.926072],[138.526714,-34.926066]]}},{"type":"Feature","properties":{"tier":"arterial"},"geometry":{"type":"LineString","coordinates":[[138.525117,-34.926231],[138.524609,-34.926252]]}},{"type":"Feature","properties":{"tier":"arterial"},"geometry":{"type":"LineString","coordinates":[[138.523496,-34.926191],[138.52392,-34.926172]]}},{"type":"Feature","properties":{"tier":"arterial"},"geometry":{"type":"LineString","coordinates":[[138.523257,-34.926199],[138.523496,-34.926191]]}},{"type":"Feature","properties":{"tier":"arterial"},"geometry":{"type":"LineString","coordinates":[[138.523265,-34.926301],[138.522378,-34.926328],[138.522335,-34.926331]]}},{"type":"Feature","properties":{"tier":"arterial"},"geometry":{"type":"LineString","coordinates":[[138.523505,-34.926292],[138.523265,-34.926301]]}},{"type":"Feature","properties":{"tier":"arterial"},"geometry":{"type":"LineString","coordinates":[[138.519725,-34.926413],[138.519624,-34.926416],[138.519428,-34.926423],[138.519292,-34.926427],[138.519046,-34.92643],[138.51833,-34.926439],[138.518199,-34.92644]]}},{"type":"Feature","properties":{"tier":"arterial"},"geometry":{"type":"LineString","coordinates":[[138.51972,-34.926293],[138.520485,-34.926282]]}},{"type":"Feature","properties":{"tier":"arterial"},"geometry":{"type":"LineString","coordinates":[[138.517559,-34.926181],[138.517369,-34.925722],[138.517241,-34.925409],[138.51722,-34.925359],[138.517087,-34.925059]]}},{"type":"Feature","properties":{"tier":"arterial"},"geometry":{"type":"LineString","coordinates":[[138.517671,-34.926111],[138.517723,-34.926238],[138.517731,-34.926267],[138.517735,-34.926325]]}},{"type":"Feature","properties":{"tier":"arterial"},"geometry":{"type":"LineString","coordinates":[[138.51429,-34.926603],[138.513475,-34.926647],[138.513276,-34.926659]]}},{"type":"Feature","properties":{"tier":"arterial"},"geometry":{"type":"LineString","coordinates":[[138.514564,-34.926589],[138.51429,-34.926603]]}},{"type":"Feature","properties":{"tier":"arterial"},"geometry":{"type":"LineString","coordinates":[[138.510654,-34.926761],[138.509886,-34.926802],[138.508826,-34.92687]]}},{"type":"Feature","properties":{"tier":"arterial"},"geometry":{"type":"LineString","coordinates":[[138.510947,-34.926748],[138.510654,-34.926761]]}},{"type":"Feature","properties":{"tier":"arterial"},"geometry":{"type":"LineString","coordinates":[[138.510644,-34.926652],[138.512225,-34.92656]]}},{"type":"Feature","properties":{"tier":"arterial"},"geometry":{"type":"LineString","coordinates":[[138.508826,-34.92687],[138.508625,-34.926878]]}},{"type":"Feature","properties":{"tier":"arterial"},"geometry":{"type":"LineString","coordinates":[[138.508811,-34.926763],[138.510644,-34.926652]]}},{"type":"Feature","properties":{"tier":"arterial"},"geometry":{"type":"LineString","coordinates":[[138.506005,-34.925601],[138.505861,-34.925503],[138.505724,-34.925425],[138.505503,-34.925342],[138.505198,-34.925276],[138.504841,-34.925269],[138.50427,-34.925288]]}},{"type":"Feature","properties":{"tier":"arterial"},"geometry":{"type":"LineString","coordinates":[[138.506128,-34.925476],[138.506293,-34.925619],[138.506388,-34.925741],[138.506545,-34.925983],[138.506771,-34.926314],[138.506913,-34.926506],[138.507047,-34.92661],[138.507196,-34.926689],[138.507355,-34.926747],[138.507584,-34.926793]]}},{"type":"Feature","properties":{"tier":"arterial"},"geometry":{"type":"LineString","coordinates":[[138.503589,-34.906852],[138.504003,-34.906834]]}},{"type":"Feature","properties":{"tier":"arterial"},"geometry":{"type":"LineString","coordinates":[[138.507889,-34.906731],[138.507735,-34.906739],[138.506771,-34.906787]]}},{"type":"Feature","properties":{"tier":"arterial"},"geometry":{"type":"LineString","coordinates":[[138.507881,-34.906647],[138.509397,-34.906575]]}},{"type":"Feature","properties":{"tier":"arterial"},"geometry":{"type":"LineString","coordinates":[[138.506766,-34.906701],[138.507881,-34.906647]]}},{"type":"Feature","properties":{"tier":"arterial"},"geometry":{"type":"LineString","coordinates":[[138.510838,-34.906591],[138.509516,-34.906653]]}},{"type":"Feature","properties":{"tier":"arterial"},"geometry":{"type":"LineString","coordinates":[[138.509516,-34.906653],[138.509397,-34.906575]]}},{"type":"Feature","properties":{"tier":"arterial"},"geometry":{"type":"LineString","coordinates":[[138.509397,-34.906575],[138.509595,-34.906564]]}},{"type":"Feature","properties":{"tier":"arterial"},"geometry":{"type":"LineString","coordinates":[[138.509595,-34.906564],[138.510831,-34.906491]]}},{"type":"Feature","properties":{"tier":"arterial"},"geometry":{"type":"LineString","coordinates":[[138.509317,-34.906664],[138.508385,-34.906708],[138.507889,-34.906731]]}},{"type":"Feature","properties":{"tier":"arterial"},"geometry":{"type":"LineString","coordinates":[[138.514613,-34.906108],[138.514496,-34.904627]]}},{"type":"Feature","properties":{"tier":"arterial"},"geometry":{"type":"LineString","coordinates":[[138.514428,-34.906423],[138.51373,-34.906449],[138.512094,-34.90653],[138.510838,-34.906591]]}},{"type":"Feature","properties":{"tier":"arterial"},"geometry":{"type":"LineString","coordinates":[[138.517599,-34.906173],[138.517796,-34.906164]]}},{"type":"Feature","properties":{"tier":"arterial"},"geometry":{"type":"LineString","coordinates":[[138.517796,-34.906164],[138.517862,-34.906162],[138.517927,-34.90616],[138.518426,-34.906131]]}},{"type":"Feature","properties":{"tier":"arterial"},"geometry":{"type":"LineString","coordinates":[[138.517603,-34.906266],[138.517496,-34.906269]]}},{"type":"Feature","properties":{"tier":"arterial"},"geometry":{"type":"LineString","coordinates":[[138.522629,-34.906018],[138.522139,-34.906043],[138.521928,-34.906053],[138.520665,-34.906117]]}},{"type":"Feature","properties":{"tier":"arterial"},"geometry":{"type":"LineString","coordinates":[[138.522622,-34.905918],[138.522657,-34.905917],[138.523035,-34.905898]]}},{"type":"Feature","properties":{"tier":"arterial"},"geometry":{"type":"LineString","coordinates":[[138.524058,-34.905947],[138.523607,-34.905969]]}},{"type":"Feature","properties":{"tier":"arterial"},"geometry":{"type":"LineString","coordinates":[[138.524049,-34.905848],[138.52471,-34.905816]]}},{"type":"Feature","properties":{"tier":"arterial"},"geometry":{"type":"LineString","coordinates":[[138.528456,-34.905726],[138.528007,-34.905749],[138.527919,-34.905753],[138.527609,-34.905768]]}},{"type":"Feature","properties":{"tier":"arterial"},"geometry":{"type":"LineString","coordinates":[[138.528443,-34.905632],[138.530091,-34.905551],[138.530582,-34.905527]]}},{"type":"Feature","properties":{"tier":"arterial"},"geometry":{"type":"LineString","coordinates":[[138.535494,-34.905368],[138.535434,-34.905371],[138.535198,-34.905383],[138.534912,-34.905398],[138.533987,-34.905446]]}},{"type":"Feature","properties":{"tier":"arterial"},"geometry":{"type":"LineString","coordinates":[[138.535485,-34.905278],[138.536379,-34.905231]]}},{"type":"Feature","properties":{"tier":"arterial"},"geometry":{"type":"LineString","coordinates":[[138.543284,-34.904963],[138.542774,-34.904988],[138.542462,-34.905003]]}},{"type":"Feature","properties":{"tier":"arterial"},"geometry":{"type":"LineString","coordinates":[[138.541132,-34.904988],[138.541292,-34.904982]]}},{"type":"Feature","properties":{"tier":"arterial"},"geometry":{"type":"LineString","coordinates":[[138.541292,-34.904982],[138.541716,-34.90496],[138.542214,-34.904935]]}},{"type":"Feature","properties":{"tier":"arterial"},"geometry":{"type":"LineString","coordinates":[[138.541075,-34.905076],[138.540559,-34.905102],[138.540002,-34.90513],[138.539384,-34.905161],[138.539254,-34.905168],[138.538768,-34.905192]]}},{"type":"Feature","properties":{"tier":"arterial"},"geometry":{"type":"LineString","coordinates":[[138.542214,-34.904935],[138.542455,-34.904922]]}},{"type":"Feature","properties":{"tier":"arterial"},"geometry":{"type":"LineString","coordinates":[[138.542455,-34.904922],[138.542559,-34.904916],[138.542746,-34.904906],[138.543277,-34.904879]]}},{"type":"Feature","properties":{"tier":"arterial"},"geometry":{"type":"LineString","coordinates":[[138.542462,-34.905003],[138.542221,-34.905017]]}},{"type":"Feature","properties":{"tier":"arterial"},"geometry":{"type":"LineString","coordinates":[[138.542221,-34.905017],[138.542117,-34.905022],[138.541905,-34.905034],[138.541233,-34.905069]]}},{"type":"Feature","properties":{"tier":"arterial"},"geometry":{"type":"LineString","coordinates":[[138.545832,-34.904742],[138.545924,-34.904677],[138.545919,-34.904604]]}},{"type":"Feature","properties":{"tier":"arterial"},"geometry":{"type":"LineString","coordinates":[[138.545919,-34.904604],[138.544454,-34.903647]]}},{"type":"Feature","properties":{"tier":"arterial"},"geometry":{"type":"LineString","coordinates":[[138.545832,-34.904742],[138.545969,-34.904735],[138.546003,-34.904733],[138.546109,-34.904727]]}},{"type":"Feature","properties":{"tier":"arterial"},"geometry":{"type":"LineString","coordinates":[[138.554967,-34.904273],[138.55513,-34.904266]]}},{"type":"Feature","properties":{"tier":"arterial"},"geometry":{"type":"LineString","coordinates":[[138.56252,-34.904198],[138.562339,-34.904186]]}},{"type":"Feature","properties":{"tier":"arterial"},"geometry":{"type":"LineString","coordinates":[[138.504552,-34.891194],[138.504572,-34.891563],[138.504588,-34.891728]]}},{"type":"Feature","properties":{"tier":"regional"},"geometry":{"type":"LineString","coordinates":[[138.554673,-34.893478],[138.55476,-34.893404],[138.554792,-34.893376],[138.555028,-34.893133]]}},{"type":"Feature","properties":{"tier":"high"},"geometry":{"type":"LineString","coordinates":[[138.528704,-34.876798],[138.528322,-34.876568],[138.528236,-34.876579],[138.528133,-34.876619],[138.528048,-34.876712]]}},{"type":"Feature","properties":{"tier":"arterial"},"geometry":{"type":"LineString","coordinates":[[138.520999,-34.883616],[138.521227,-34.883335]]}},{"type":"Feature","properties":{"tier":"arterial"},"geometry":{"type":"LineString","coordinates":[[138.504024,-34.883192],[138.504085,-34.884107],[138.504114,-34.884552]]}},{"type":"Feature","properties":{"tier":"arterial"},"geometry":{"type":"LineString","coordinates":[[138.504439,-34.889365],[138.504503,-34.8903],[138.504525,-34.890643],[138.504552,-34.891194]]}},{"type":"Feature","properties":{"tier":"arterial"},"geometry":{"type":"LineString","coordinates":[[138.504197,-34.887899],[138.504183,-34.887678],[138.504182,-34.887606],[138.504094,-34.886523],[138.504059,-34.885851],[138.504001,-34.885031]]}},{"type":"Feature","properties":{"tier":"arterial"},"geometry":{"type":"LineString","coordinates":[[138.548928,-34.885999],[138.548904,-34.886114]]}},{"type":"Feature","properties":{"tier":"arterial"},"geometry":{"type":"LineString","coordinates":[[138.548904,-34.886114],[138.548713,-34.887017],[138.548502,-34.888027],[138.548275,-34.889013],[138.548271,-34.889027],[138.548243,-34.88915]]}},{"type":"Feature","properties":{"tier":"regional"},"geometry":{"type":"LineString","coordinates":[[138.553816,-34.918422],[138.553845,-34.918425],[138.55387,-34.918436],[138.553885,-34.918448],[138.553896,-34.918463],[138.553902,-34.918482],[138.553901,-34.918501],[138.553894,-34.91852],[138.553877,-34.918539],[138.553853,-34.918551],[138.553829,-34.918557],[138.553804,-34.918555],[138.55378,-34.918548],[138.553765,-34.918539],[138.553752,-34.918527],[138.553742,-34.918509],[138.553739,-34.918489],[138.553742,-34.91847],[138.553752,-34.918452],[138.553768,-34.918438],[138.553788,-34.918428],[138.553816,-34.918422]]}},{"type":"Feature","properties":{"tier":"regional"},"geometry":{"type":"LineString","coordinates":[[138.553853,-34.918551],[138.553851,-34.918619],[138.553851,-34.918626],[138.553853,-34.918737],[138.553852,-34.918798],[138.553832,-34.91884]]}},{"type":"Feature","properties":{"tier":"regional"},"geometry":{"type":"LineString","coordinates":[[138.553832,-34.91884],[138.55381,-34.918801],[138.5538,-34.918727],[138.553791,-34.918667],[138.553787,-34.918621],[138.553783,-34.918565],[138.55378,-34.918548]]}},{"type":"Feature","properties":{"tier":"regional"},"geometry":{"type":"LineString","coordinates":[[138.553788,-34.918428],[138.553777,-34.918402],[138.553767,-34.918309],[138.553765,-34.918249],[138.553787,-34.918204]]}},{"type":"Feature","properties":{"tier":"regional"},"geometry":{"type":"LineString","coordinates":[[138.553787,-34.918204],[138.553815,-34.918251],[138.553832,-34.918293],[138.55385,-34.918332],[138.553868,-34.918371],[138.553875,-34.918401],[138.55387,-34.918436]]}},{"type":"Feature","properties":{"tier":"regional"},"geometry":{"type":"LineString","coordinates":[[138.553752,-34.918527],[138.553705,-34.918526],[138.553637,-34.918529],[138.55357,-34.918533],[138.55349,-34.918525]]}},{"type":"Feature","properties":{"tier":"regional"},"geometry":{"type":"LineString","coordinates":[[138.55349,-34.918525],[138.55356,-34.918496],[138.553635,-34.918487],[138.553704,-34.918479],[138.553742,-34.91847]]}},{"type":"Feature","properties":{"tier":"regional"},"geometry":{"type":"LineString","coordinates":[[138.553949,-34.920579],[138.55388,-34.919684],[138.553898,-34.91959],[138.553868,-34.919507],[138.553845,-34.919417],[138.553869,-34.919354],[138.553857,-34.919281],[138.553832,-34.91884]]}},{"type":"Feature","properties":{"tier":"arterial"},"geometry":{"type":"LineString","coordinates":[[138.513901,-34.890008],[138.514011,-34.890001],[138.514154,-34.889995]]}},{"type":"Feature","properties":{"tier":"arterial"},"geometry":{"type":"LineString","coordinates":[[138.551954,-34.926056],[138.551944,-34.925912],[138.551926,-34.925634]]}},{"type":"Feature","properties":{"tier":"arterial"},"geometry":{"type":"LineString","coordinates":[[138.53123,-34.891039],[138.530884,-34.89103]]}},{"type":"Feature","properties":{"tier":"arterial"},"geometry":{"type":"LineString","coordinates":[[138.531264,-34.890996],[138.531386,-34.89097],[138.53142,-34.890946],[138.531435,-34.890935],[138.531475,-34.890788]]}},{"type":"Feature","properties":{"tier":"arterial"},"geometry":{"type":"LineString","coordinates":[[138.501761,-34.937474],[138.50179,-34.93745],[138.501836,-34.937438],[138.501882,-34.937446]]}},{"type":"Feature","properties":{"tier":"arterial"},"geometry":{"type":"LineString","coordinates":[[138.501737,-34.937508],[138.501761,-34.937474]]}},{"type":"Feature","properties":{"tier":"arterial"},"geometry":{"type":"LineString","coordinates":[[138.501922,-34.937464],[138.50196,-34.937504],[138.501967,-34.93752]]}},{"type":"Feature","properties":{"tier":"arterial"},"geometry":{"type":"LineString","coordinates":[[138.501882,-34.937446],[138.501922,-34.937464]]}},{"type":"Feature","properties":{"tier":"arterial"},"geometry":{"type":"LineString","coordinates":[[138.535092,-34.918239],[138.535068,-34.918076]]}},{"type":"Feature","properties":{"tier":"arterial"},"geometry":{"type":"LineString","coordinates":[[138.535165,-34.918073],[138.535178,-34.91814],[138.535194,-34.918222]]}},{"type":"Feature","properties":{"tier":"arterial"},"geometry":{"type":"LineString","coordinates":[[138.504691,-34.893492],[138.504664,-34.893132]]}},{"type":"Feature","properties":{"tier":"arterial"},"geometry":{"type":"LineString","coordinates":[[138.504095,-34.925297],[138.50357,-34.925316]]}},{"type":"Feature","properties":{"tier":"arterial"},"geometry":{"type":"LineString","coordinates":[[138.501473,-34.925393],[138.501275,-34.925401]]}},{"type":"Feature","properties":{"tier":"regional"},"geometry":{"type":"LineString","coordinates":[[138.562219,-34.914423],[138.562175,-34.914426],[138.562061,-34.914432],[138.562021,-34.914434],[138.561733,-34.914453],[138.561033,-34.914486]]}},{"type":"Feature","properties":{"tier":"regional"},"geometry":{"type":"LineString","coordinates":[[138.559941,-34.914538],[138.5594,-34.914564],[138.558232,-34.914625],[138.557726,-34.914647]]}},{"type":"Feature","properties":{"tier":"regional"},"geometry":{"type":"LineString","coordinates":[[138.554487,-34.914806],[138.553663,-34.914844],[138.55362,-34.914857],[138.553575,-34.914878]]}},{"type":"Feature","properties":{"tier":"regional"},"geometry":{"type":"LineString","coordinates":[[138.557726,-34.914647],[138.557324,-34.914664],[138.556871,-34.914682],[138.556601,-34.914696],[138.556149,-34.914721]]}},{"type":"Feature","properties":{"tier":"arterial"},"geometry":{"type":"LineString","coordinates":[[138.535468,-34.925942],[138.535313,-34.926215],[138.535236,-34.926351]]}},{"type":"Feature","properties":{"tier":"arterial"},"geometry":{"type":"LineString","coordinates":[[138.532848,-34.906916],[138.532811,-34.90673],[138.532771,-34.906529],[138.532761,-34.906483],[138.532698,-34.906168],[138.532646,-34.905909]]}},{"type":"Feature","properties":{"tier":"arterial"},"geometry":{"type":"LineString","coordinates":[[138.531907,-34.896273],[138.531895,-34.896123],[138.531882,-34.895952]]}},{"type":"Feature","properties":{"tier":"arterial"},"geometry":{"type":"LineString","coordinates":[[138.53368,-34.896418],[138.533447,-34.896263],[138.53325,-34.896135]]}},{"type":"Feature","properties":{"tier":"arterial"},"geometry":{"type":"LineString","coordinates":[[138.530888,-34.905604],[138.530971,-34.905507]]}},{"type":"Feature","properties":{"tier":"arterial"},"geometry":{"type":"LineString","coordinates":[[138.530971,-34.905507],[138.531008,-34.905598]]}},{"type":"Feature","properties":{"tier":"arterial"},"geometry":{"type":"LineString","coordinates":[[138.530971,-34.905507],[138.531285,-34.905492]]}},{"type":"Feature","properties":{"tier":"arterial"},"geometry":{"type":"LineString","coordinates":[[138.531008,-34.905598],[138.530888,-34.905604]]}},{"type":"Feature","properties":{"tier":"arterial"},"geometry":{"type":"LineString","coordinates":[[138.530888,-34.905604],[138.530593,-34.905619]]}},{"type":"Feature","properties":{"tier":"arterial"},"geometry":{"type":"LineString","coordinates":[[138.530593,-34.905619],[138.530102,-34.905643],[138.52995,-34.905651],[138.529564,-34.90567],[138.528898,-34.905704],[138.528456,-34.905726]]}},{"type":"Feature","properties":{"tier":"arterial"},"geometry":{"type":"LineString","coordinates":[[138.548467,-34.911904],[138.548433,-34.911791],[138.548398,-34.911732],[138.548301,-34.911678],[138.548226,-34.911629]]}},{"type":"Feature","properties":{"tier":"arterial"},"geometry":{"type":"LineString","coordinates":[[138.531435,-34.888414],[138.531301,-34.88854]]}},{"type":"Feature","properties":{"tier":"regional"},"geometry":{"type":"LineString","coordinates":[[138.561302,-34.93182],[138.561319,-34.93204]]}},{"type":"Feature","properties":{"tier":"regional"},"geometry":{"type":"LineString","coordinates":[[138.534181,-34.927065],[138.534139,-34.926838],[138.53412,-34.926813],[138.534055,-34.926732]]}},{"type":"Feature","properties":{"tier":"regional"},"geometry":{"type":"LineString","coordinates":[[138.534181,-34.927065],[138.534191,-34.92699],[138.534244,-34.926836],[138.534268,-34.926784]]}},{"type":"Feature","properties":{"tier":"arterial"},"geometry":{"type":"LineString","coordinates":[[138.534055,-34.926732],[138.533899,-34.926707],[138.533404,-34.926649],[138.531985,-34.92646]]}},{"type":"Feature","properties":{"tier":"regional"},"geometry":{"type":"LineString","coordinates":[[138.534489,-34.926873],[138.534353,-34.926893],[138.53433,-34.926897],[138.534239,-34.926966],[138.534181,-34.927065]]}},{"type":"Feature","properties":{"tier":"regional"},"geometry":{"type":"LineString","coordinates":[[138.561143,-34.929262],[138.561135,-34.929359],[138.561123,-34.929486]]}},{"type":"Feature","properties":{"tier":"regional"},"geometry":{"type":"LineString","coordinates":[[138.561123,-34.929486],[138.561085,-34.929363],[138.561059,-34.929277]]}},{"type":"Feature","properties":{"tier":"regional"},"geometry":{"type":"LineString","coordinates":[[138.561116,-34.929157],[138.561138,-34.929168],[138.561155,-34.929184],[138.561164,-34.929204],[138.561165,-34.929225],[138.561158,-34.929245],[138.561143,-34.929262],[138.561123,-34.929275],[138.561098,-34.929281],[138.561072,-34.929281],[138.561059,-34.929277],[138.561048,-34.929274],[138.561027,-34.92926],[138.561013,-34.929242],[138.561007,-34.929221],[138.56101,-34.929199],[138.561022,-34.929179],[138.561031,-34.929172],[138.56104,-34.929164],[138.561065,-34.929154],[138.561091,-34.929152],[138.561116,-34.929157]]}},{"type":"Feature","properties":{"tier":"regional"},"geometry":{"type":"LineString","coordinates":[[138.561091,-34.929152],[138.561134,-34.92907]]}},{"type":"Feature","properties":{"tier":"regional"},"geometry":{"type":"LineString","coordinates":[[138.561134,-34.92907],[138.561138,-34.929168]]}},{"type":"Feature","properties":{"tier":"regional"},"geometry":{"type":"LineString","coordinates":[[138.500524,-34.916282],[138.500507,-34.916232],[138.500452,-34.916069]]}},{"type":"Feature","properties":{"tier":"regional"},"geometry":{"type":"LineString","coordinates":[[138.501919,-34.913493],[138.502018,-34.913486],[138.502092,-34.913486]]}},{"type":"Feature","properties":{"tier":"regional"},"geometry":{"type":"LineString","coordinates":[[138.50227,-34.913477],[138.502338,-34.913472],[138.502476,-34.913464]]}},{"type":"Feature","properties":{"tier":"regional"},"geometry":{"type":"LineString","coordinates":[[138.504205,-34.913387],[138.50424,-34.913388],[138.50436,-34.913395],[138.504439,-34.91339]]}},{"type":"Feature","properties":{"tier":"regional"},"geometry":{"type":"LineString","coordinates":[[138.504892,-34.913307],[138.504714,-34.91336],[138.504692,-34.913366],[138.504624,-34.913374]]}},{"type":"Feature","properties":{"tier":"regional"},"geometry":{"type":"LineString","coordinates":[[138.500661,-34.916655],[138.500603,-34.91648],[138.500593,-34.916447]]}},{"type":"Feature","properties":{"tier":"regional"},"geometry":{"type":"LineString","coordinates":[[138.527884,-34.913774],[138.527975,-34.913779],[138.528099,-34.913787]]}},{"type":"Feature","properties":{"tier":"regional"},"geometry":{"type":"LineString","coordinates":[[138.528099,-34.913787],[138.527977,-34.91381],[138.527894,-34.913826]]}},{"type":"Feature","properties":{"tier":"regional"},"geometry":{"type":"LineString","coordinates":[[138.527681,-34.91379],[138.527698,-34.913761],[138.527726,-34.91374],[138.52775,-34.91373],[138.527781,-34.913725]]}},{"type":"Feature","properties":{"tier":"regional"},"geometry":{"type":"LineString","coordinates":[[138.527781,-34.913725],[138.527819,-34.913728],[138.527853,-34.913743],[138.52788,-34.913765],[138.527884,-34.913774]]}},{"type":"Feature","properties":{"tier":"regional"},"geometry":{"type":"LineString","coordinates":[[138.527884,-34.913774],[138.527896,-34.913798],[138.527894,-34.913826]]}},{"type":"Feature","properties":{"tier":"arterial"},"geometry":{"type":"LineString","coordinates":[[138.532302,-34.884275],[138.532104,-34.884506]]}},{"type":"Feature","properties":{"tier":"arterial"},"geometry":{"type":"LineString","coordinates":[[138.532229,-34.884227],[138.532336,-34.884094]]}},{"type":"Feature","properties":{"tier":"arterial"},"geometry":{"type":"LineString","coordinates":[[138.532336,-34.884094],[138.532712,-34.883643],[138.532745,-34.883609],[138.532787,-34.88356],[138.532869,-34.883465],[138.533273,-34.882975],[138.533475,-34.882715],[138.533505,-34.882679],[138.533559,-34.882613],[138.533745,-34.882389],[138.533936,-34.882133],[138.534488,-34.881482],[138.534567,-34.881386]]}},{"type":"Feature","properties":{"tier":"arterial"},"geometry":{"type":"LineString","coordinates":[[138.532414,-34.884142],[138.532302,-34.884275]]}},{"type":"Feature","properties":{"tier":"arterial"},"geometry":{"type":"LineString","coordinates":[[138.546902,-34.932251],[138.547036,-34.932316],[138.54704,-34.932382]]}},{"type":"Feature","properties":{"tier":"arterial"},"geometry":{"type":"LineString","coordinates":[[138.551926,-34.925634],[138.551905,-34.925319],[138.5519,-34.925227]]}},{"type":"Feature","properties":{"tier":"arterial"},"geometry":{"type":"LineString","coordinates":[[138.537186,-34.93289],[138.537084,-34.932895],[138.536966,-34.9329],[138.535825,-34.932949],[138.535012,-34.933004],[138.534922,-34.933011]]}},{"type":"Feature","properties":{"tier":"arterial"},"geometry":{"type":"LineString","coordinates":[[138.537206,-34.932779],[138.537826,-34.932738],[138.538844,-34.932685],[138.538919,-34.932681]]}},{"type":"Feature","properties":{"tier":"arterial"},"geometry":{"type":"LineString","coordinates":[[138.537261,-34.932885],[138.537186,-34.93289]]}},{"type":"Feature","properties":{"tier":"regional"},"geometry":{"type":"LineString","coordinates":[[138.534915,-34.935522],[138.534861,-34.935662],[138.53487,-34.935785]]}},{"type":"Feature","properties":{"tier":"regional"},"geometry":{"type":"LineString","coordinates":[[138.535275,-34.935312],[138.535216,-34.935316],[138.535074,-34.935387]]}},{"type":"Feature","properties":{"tier":"regional"},"geometry":{"type":"LineString","coordinates":[[138.539379,-34.935423],[138.539309,-34.935367],[138.539247,-34.935305],[138.539199,-34.935268]]}},{"type":"Feature","properties":{"tier":"regional"},"geometry":{"type":"LineString","coordinates":[[138.539269,-34.935141],[138.539273,-34.935142],[138.539497,-34.935208]]}},{"type":"Feature","properties":{"tier":"arterial"},"geometry":{"type":"LineString","coordinates":[[138.55206,-34.925823],[138.552064,-34.925872]]}},{"type":"Feature","properties":{"tier":"high"},"geometry":{"type":"LineString","coordinates":[[138.550859,-34.890941],[138.551324,-34.891249],[138.551374,-34.89128],[138.551633,-34.891452]]}},{"type":"Feature","properties":{"tier":"high"},"geometry":{"type":"LineString","coordinates":[[138.550126,-34.890438],[138.550457,-34.890666],[138.550859,-34.890941]]}},{"type":"Feature","properties":{"tier":"high"},"geometry":{"type":"LineString","coordinates":[[138.5498,-34.890766],[138.54972,-34.890712],[138.549019,-34.89024],[138.548952,-34.890193],[138.548903,-34.890158],[138.548601,-34.889947]]}},{"type":"Feature","properties":{"tier":"regional"},"geometry":{"type":"LineString","coordinates":[[138.534254,-34.913854],[138.534047,-34.913626],[138.533924,-34.913492]]}},{"type":"Feature","properties":{"tier":"arterial"},"geometry":{"type":"LineString","coordinates":[[138.5533,-34.904455],[138.552522,-34.904494]]}},{"type":"Feature","properties":{"tier":"arterial"},"geometry":{"type":"LineString","coordinates":[[138.549884,-34.904533],[138.550422,-34.904482]]}},{"type":"Feature","properties":{"tier":"arterial"},"geometry":{"type":"LineString","coordinates":[[138.550692,-34.905855],[138.550759,-34.905685],[138.550888,-34.905396]]}},{"type":"Feature","properties":{"tier":"arterial"},"geometry":{"type":"LineString","coordinates":[[138.552,-34.903178],[138.552002,-34.903583]]}},{"type":"Feature","properties":{"tier":"arterial"},"geometry":{"type":"LineString","coordinates":[[138.551958,-34.90392],[138.551951,-34.904035],[138.551944,-34.904098],[138.55193,-34.904218],[138.55193,-34.904271],[138.551942,-34.904299],[138.551963,-34.90433],[138.551981,-34.904348],[138.552016,-34.904369],[138.552053,-34.904384],[138.552105,-34.9044],[138.552139,-34.904407]]}},{"type":"Feature","properties":{"tier":"arterial"},"geometry":{"type":"LineString","coordinates":[[138.550173,-34.907566],[138.550603,-34.906358]]}},{"type":"Feature","properties":{"tier":"arterial"},"geometry":{"type":"LineString","coordinates":[[138.551898,-34.902207],[138.551933,-34.902542]]}},{"type":"Feature","properties":{"tier":"arterial"},"geometry":{"type":"LineString","coordinates":[[138.512475,-34.879477],[138.510962,-34.879545],[138.509592,-34.87961]]}},{"type":"Feature","properties":{"tier":"arterial"},"geometry":{"type":"LineString","coordinates":[[138.50957,-34.879506],[138.510001,-34.879486],[138.510959,-34.879445]]}},{"type":"Feature","properties":{"tier":"high"},"geometry":{"type":"LineString","coordinates":[[138.552302,-34.892443],[138.552026,-34.892257],[138.551304,-34.891778],[138.55122,-34.891722]]}},{"type":"Feature","properties":{"tier":"arterial"},"geometry":{"type":"LineString","coordinates":[[138.504285,-34.889372],[138.504234,-34.888417],[138.504197,-34.887899]]}},{"type":"Feature","properties":{"tier":"arterial"},"geometry":{"type":"LineString","coordinates":[[138.504295,-34.887471],[138.504356,-34.888132],[138.504375,-34.88841],[138.504393,-34.888686],[138.504439,-34.889365]]}},{"type":"Feature","properties":{"tier":"arterial"},"geometry":{"type":"LineString","coordinates":[[138.49998,-34.925398],[138.500442,-34.925374]]}},{"type":"Feature","properties":{"tier":"arterial"},"geometry":{"type":"LineString","coordinates":[[138.500449,-34.925444],[138.49998,-34.925462]]}},{"type":"Feature","properties":{"tier":"arterial"},"geometry":{"type":"LineString","coordinates":[[138.534093,-34.896694],[138.53368,-34.896418]]}},{"type":"Feature","properties":{"tier":"arterial"},"geometry":{"type":"LineString","coordinates":[[138.533348,-34.896032],[138.534195,-34.896602]]}},{"type":"Feature","properties":{"tier":"arterial"},"geometry":{"type":"LineString","coordinates":[[138.533964,-34.912434],[138.53396,-34.912413],[138.533776,-34.911539],[138.533727,-34.911279],[138.533662,-34.910935]]}},{"type":"Feature","properties":{"tier":"arterial"},"geometry":{"type":"LineString","coordinates":[[138.53291,-34.907221],[138.532891,-34.90713],[138.532848,-34.906916]]}},{"type":"Feature","properties":{"tier":"arterial"},"geometry":{"type":"LineString","coordinates":[[138.527852,-34.926023],[138.528249,-34.926006]]}},{"type":"Feature","properties":{"tier":"arterial"},"geometry":{"type":"LineString","coordinates":[[138.52823,-34.926109],[138.527855,-34.926122]]}},{"type":"Feature","properties":{"tier":"arterial"},"geometry":{"type":"LineString","coordinates":[[138.561235,-34.932223],[138.561332,-34.932223]]}},{"type":"Feature","properties":{"tier":"arterial"},"geometry":{"type":"LineString","coordinates":[[138.561332,-34.932223],[138.561433,-34.932223],[138.561461,-34.932222]]}},{"type":"Feature","properties":{"tier":"arterial"},"geometry":{"type":"LineString","coordinates":[[138.561461,-34.932338],[138.561436,-34.93234],[138.561337,-34.932344]]}},{"type":"Feature","properties":{"tier":"arterial"},"geometry":{"type":"LineString","coordinates":[[138.561337,-34.932344],[138.561237,-34.932344]]}},{"type":"Feature","properties":{"tier":"regional"},"geometry":{"type":"LineString","coordinates":[[138.501431,-34.920506],[138.501436,-34.920345]]}},{"type":"Feature","properties":{"tier":"regional"},"geometry":{"type":"LineString","coordinates":[[138.501426,-34.923001],[138.501436,-34.923095],[138.501434,-34.923245],[138.501432,-34.923554],[138.501431,-34.923723]]}},{"type":"Feature","properties":{"tier":"regional"},"geometry":{"type":"LineString","coordinates":[[138.501416,-34.925076],[138.501413,-34.925258],[138.501412,-34.925288],[138.501412,-34.925327]]}},{"type":"Feature","properties":{"tier":"arterial"},"geometry":{"type":"LineString","coordinates":[[138.517477,-34.925633],[138.517604,-34.925947],[138.517671,-34.926111]]}},{"type":"Feature","properties":{"tier":"regional"},"geometry":{"type":"LineString","coordinates":[[138.527677,-34.913821],[138.527582,-34.913826],[138.527421,-34.913833]]}},{"type":"Feature","properties":{"tier":"regional"},"geometry":{"type":"LineString","coordinates":[[138.528274,-34.913778],[138.528099,-34.913787]]}},{"type":"Feature","properties":{"tier":"arterial"},"geometry":{"type":"LineString","coordinates":[[138.534351,-34.914335],[138.534334,-34.914253]]}},{"type":"Feature","properties":{"tier":"regional"},"geometry":{"type":"LineString","coordinates":[[138.56252,-34.914412],[138.562378,-34.914415],[138.562219,-34.914423]]}},{"type":"Feature","properties":{"tier":"regional"},"geometry":{"type":"LineString","coordinates":[[138.561033,-34.914486],[138.560701,-34.914503],[138.560564,-34.914509],[138.560397,-34.914514],[138.559941,-34.914538]]}},{"type":"Feature","properties":{"tier":"regional"},"geometry":{"type":"LineString","coordinates":[[138.539956,-34.935413],[138.539966,-34.935446],[138.540082,-34.935544],[138.540182,-34.935598],[138.540266,-34.935629]]}},{"type":"Feature","properties":{"tier":"regional"},"geometry":{"type":"LineString","coordinates":[[138.540266,-34.935629],[138.540156,-34.935607],[138.540038,-34.935586],[138.539927,-34.935575],[138.539854,-34.935579]]}},{"type":"Feature","properties":{"tier":"regional"},"geometry":{"type":"LineString","coordinates":[[138.533924,-34.913492],[138.533128,-34.913533],[138.531927,-34.913599],[138.531844,-34.913603],[138.530245,-34.913681],[138.529953,-34.913696],[138.529908,-34.913698],[138.529134,-34.913735],[138.528636,-34.913759],[138.528274,-34.913778]]}},{"type":"Feature","properties":{"tier":"arterial"},"geometry":{"type":"LineString","coordinates":[[138.551614,-34.898582],[138.55164,-34.898919],[138.551708,-34.899787],[138.551796,-34.900903]]}},{"type":"Feature","properties":{"tier":"arterial"},"geometry":{"type":"LineString","coordinates":[[138.551796,-34.900903],[138.551804,-34.901005],[138.55186,-34.901714],[138.551898,-34.902207]]}},{"type":"Feature","properties":{"tier":"arterial"},"geometry":{"type":"LineString","coordinates":[[138.531,-34.881976],[138.531029,-34.882584],[138.531038,-34.882695],[138.531072,-34.88317],[138.531086,-34.883358]]}},{"type":"Feature","properties":{"tier":"arterial"},"geometry":{"type":"LineString","coordinates":[[138.530961,-34.883363],[138.530942,-34.883097],[138.530923,-34.882813],[138.530904,-34.88259]]}},{"type":"Feature","properties":{"tier":"arterial"},"geometry":{"type":"LineString","coordinates":[[138.53098,-34.881541],[138.531,-34.881976]]}},{"type":"Feature","properties":{"tier":"high"},"geometry":{"type":"LineString","coordinates":[[138.534541,-34.880659],[138.534437,-34.880587],[138.533707,-34.880088]]}},{"type":"Feature","properties":{"tier":"high"},"geometry":{"type":"LineString","coordinates":[[138.533582,-34.879402],[138.533958,-34.879653],[138.534183,-34.879804]]}},{"type":"Feature","properties":{"tier":"high"},"geometry":{"type":"LineString","coordinates":[[138.531512,-34.878598],[138.531202,-34.878394],[138.531023,-34.878275]]}},{"type":"Feature","properties":{"tier":"arterial"},"geometry":{"type":"LineString","coordinates":[[138.552422,-34.930693],[138.552446,-34.930984],[138.55247,-34.931288]]}},{"type":"Feature","properties":{"tier":"arterial"},"geometry":{"type":"LineString","coordinates":[[138.552218,-34.927841],[138.552255,-34.928396]]}},{"type":"Feature","properties":{"tier":"arterial"},"geometry":{"type":"LineString","coordinates":[[138.553285,-34.878243],[138.552505,-34.877758],[138.552138,-34.877535]]}},{"type":"Feature","properties":{"tier":"arterial"},"geometry":{"type":"LineString","coordinates":[[138.539934,-34.875849],[138.540246,-34.875529]]}},{"type":"Feature","properties":{"tier":"high"},"geometry":{"type":"LineString","coordinates":[[138.529119,-34.876968],[138.529107,-34.87696],[138.529005,-34.876887]]}},{"type":"Feature","properties":{"tier":"high"},"geometry":{"type":"LineString","coordinates":[[138.529005,-34.876887],[138.528955,-34.876855]]}},{"type":"Feature","properties":{"tier":"high"},"geometry":{"type":"LineString","coordinates":[[138.529369,-34.876593],[138.529418,-34.876624],[138.529439,-34.876637]]}},{"type":"Feature","properties":{"tier":"high"},"geometry":{"type":"LineString","coordinates":[[138.529653,-34.876781],[138.52974,-34.876839]]}}]}
