{"type":"FeatureCollection","features":[{"type":"Feature","properties":{"tier":"regional"},"geometry":{"type":"LineString","coordinates":[[138.587317,-34.923598],[138.587538,-34.923587]]}},{"type":"Feature","properties":{"tier":"regional"},"geometry":{"type":"LineString","coordinates":[[138.587621,-34.927763],[138.587857,-34.927752]]}},{"type":"Feature","properties":{"tier":"arterial"},"geometry":{"type":"LineString","coordinates":[[138.587727,-34.929192],[138.587971,-34.92918]]}},{"type":"Feature","properties":{"tier":"regional"},"geometry":{"type":"LineString","coordinates":[[138.587846,-34.93073],[138.588081,-34.930719]]}},{"type":"Feature","properties":{"tier":"arterial"},"geometry":{"type":"LineString","coordinates":[[138.588057,-34.933524],[138.588304,-34.933513]]}},{"type":"Feature","properties":{"tier":"arterial"},"geometry":{"type":"LineString","coordinates":[[138.59361,-34.931892],[138.593653,-34.931871],[138.593694,-34.931857],[138.593733,-34.931849],[138.59377,-34.931842]]}},{"type":"Feature","properties":{"tier":"arterial"},"geometry":{"type":"LineString","coordinates":[[138.588576,-34.936931],[138.588476,-34.936684],[138.588393,-34.936542],[138.588376,-34.936517],[138.588315,-34.936425]]}},{"type":"Feature","properties":{"tier":"regional"},"geometry":{"type":"LineString","coordinates":[[138.592953,-34.917587],[138.59314,-34.917552]]}},{"type":"Feature","properties":{"tier":"arterial"},"geometry":{"type":"LineString","coordinates":[[138.591982,-34.908541],[138.591864,-34.908401],[138.591859,-34.908395],[138.591704,-34.908343]]}},{"type":"Feature","properties":{"tier":"arterial"},"geometry":{"type":"LineString","coordinates":[[138.59349,-34.922865],[138.593494,-34.922965],[138.593495,-34.922982],[138.593504,-34.923181],[138.593505,-34.92322],[138.593508,-34.923285]]}},{"type":"Feature","properties":{"tier":"arterial"},"geometry":{"type":"LineString","coordinates":[[138.593167,-34.91837],[138.593241,-34.919576],[138.593249,-34.919728]]}},{"type":"Feature","properties":{"tier":"arterial"},"geometry":{"type":"LineString","coordinates":[[138.585836,-34.921469],[138.586425,-34.921644],[138.586478,-34.92166],[138.586716,-34.921741],[138.587215,-34.921916],[138.587249,-34.921928],[138.587321,-34.921948]]}},{"type":"Feature","properties":{"tier":"arterial"},"geometry":{"type":"LineString","coordinates":[[138.587319,-34.922209],[138.587291,-34.922209],[138.587249,-34.922208]]}},{"type":"Feature","properties":{"tier":"arterial"},"geometry":{"type":"LineString","coordinates":[[138.587304,-34.923242],[138.587277,-34.923077],[138.587258,-34.923004],[138.587221,-34.922897],[138.587186,-34.922816],[138.587132,-34.922715]]}},{"type":"Feature","properties":{"tier":"arterial"},"geometry":{"type":"LineString","coordinates":[[138.584942,-34.921346],[138.584303,-34.921074],[138.584019,-34.920965],[138.583664,-34.920842]]}},{"type":"Feature","properties":{"tier":"arterial"},"geometry":{"type":"LineString","coordinates":[[138.588174,-34.9352],[138.588071,-34.933667]]}},{"type":"Feature","properties":{"tier":"arterial"},"geometry":{"type":"LineString","coordinates":[[138.593506,-34.912642],[138.593542,-34.912723],[138.593654,-34.913041],[138.593717,-34.91324],[138.593722,-34.913256],[138.593758,-34.913441],[138.59377,-34.913527]]}},{"type":"Feature","properties":{"tier":"arterial"},"geometry":{"type":"LineString","coordinates":[[138.59377,-34.913684],[138.593758,-34.913809],[138.593718,-34.913981],[138.59368,-34.914115],[138.59353,-34.914442],[138.593417,-34.914688],[138.593297,-34.914951],[138.593239,-34.915091],[138.59319,-34.915213],[138.593152,-34.915339],[138.593119,-34.915503],[138.593095,-34.915647],[138.593088,-34.915779],[138.593084,-34.915943],[138.593085,-34.916027],[138.593136,-34.917443],[138.593137,-34.917444],[138.593138,-34.917479],[138.59314,-34.917552]]}},{"type":"Feature","properties":{"tier":"arterial"},"geometry":{"type":"LineString","coordinates":[[138.591704,-34.908343],[138.591397,-34.90841],[138.591311,-34.908428],[138.591263,-34.908424],[138.591193,-34.908405],[138.591135,-34.908374],[138.591106,-34.908339],[138.591011,-34.908109],[138.590714,-34.907292],[138.590697,-34.907244],[138.590642,-34.907105],[138.590619,-34.907049],[138.590615,-34.907037],[138.590531,-34.906772],[138.590544,-34.906689],[138.590592,-34.906621]]}},{"type":"Feature","properties":{"tier":"arterial"},"geometry":{"type":"LineString","coordinates":[[138.5921,-34.908258],[138.5919,-34.908294],[138.59181,-34.908317],[138.591704,-34.908343]]}},{"type":"Feature","properties":{"tier":"arterial"},"geometry":{"type":"LineString","coordinates":[[138.591162,-34.906236],[138.591188,-34.906256],[138.591231,-34.906288],[138.591344,-34.906373],[138.591674,-34.906379]]}},{"type":"Feature","properties":{"tier":"arterial"},"geometry":{"type":"LineString","coordinates":[[138.590592,-34.906621],[138.590743,-34.906537],[138.590905,-34.906498],[138.591,-34.906446],[138.591037,-34.906426],[138.591124,-34.906361],[138.59114,-34.906309],[138.591162,-34.906236]]}},{"type":"Feature","properties":{"tier":"arterial"},"geometry":{"type":"LineString","coordinates":[[138.591982,-34.908541],[138.592169,-34.909088],[138.592285,-34.909378]]}},{"type":"Feature","properties":{"tier":"high"},"geometry":{"type":"LineString","coordinates":[[138.576649,-34.908587],[138.576821,-34.90855],[138.576906,-34.908527],[138.576983,-34.908501]]}},{"type":"Feature","properties":{"tier":"high"},"geometry":{"type":"LineString","coordinates":[[138.579494,-34.906722],[138.57937,-34.906867],[138.579306,-34.906923],[138.57873,-34.907419]]}},{"type":"Feature","properties":{"tier":"high"},"geometry":{"type":"LineString","coordinates":[[138.576627,-34.908096],[138.577067,-34.908359],[138.577192,-34.908403]]}},{"type":"Feature","properties":{"tier":"high"},"geometry":{"type":"LineString","coordinates":[[138.57894,-34.919933],[138.578958,-34.920357],[138.578975,-34.920464],[138.578998,-34.92059]]}},{"type":"Feature","properties":{"tier":"high"},"geometry":{"type":"LineString","coordinates":[[138.576192,-34.929496],[138.576324,-34.929335],[138.576542,-34.929094],[138.576793,-34.928852],[138.577057,-34.928628],[138.577336,-34.928418],[138.577632,-34.928223],[138.577942,-34.928037],[138.57824,-34.92783],[138.578504,-34.927594],[138.578738,-34.927339],[138.578922,-34.927073],[138.579086,-34.926765],[138.579194,-34.926457],[138.579263,-34.926144],[138.579282,-34.925829],[138.57926,-34.925512],[138.579213,-34.925204]]}},{"type":"Feature","properties":{"tier":"high"},"geometry":{"type":"LineString","coordinates":[[138.575371,-34.93105],[138.575328,-34.93129],[138.575353,-34.931358],[138.575406,-34.931401],[138.575599,-34.931433]]}},{"type":"Feature","properties":{"tier":"high"},"geometry":{"type":"LineString","coordinates":[[138.574018,-34.931589],[138.574393,-34.931522],[138.574448,-34.931511],[138.574689,-34.931444]]}},{"type":"Feature","properties":{"tier":"regional"},"geometry":{"type":"LineString","coordinates":[[138.587519,-34.926386],[138.587742,-34.926375]]}},{"type":"Feature","properties":{"tier":"arterial"},"geometry":{"type":"LineString","coordinates":[[138.569511,-34.923792],[138.56949,-34.923793],[138.569387,-34.923798],[138.569143,-34.923806],[138.568411,-34.923839]]}},{"type":"Feature","properties":{"tier":"high"},"geometry":{"type":"LineString","coordinates":[[138.570472,-34.932105],[138.570499,-34.932786],[138.570507,-34.933025],[138.570536,-34.933936]]}},{"type":"Feature","properties":{"tier":"arterial"},"geometry":{"type":"LineString","coordinates":[[138.562548,-34.932287],[138.56248,-34.93229]]}},{"type":"Feature","properties":{"tier":"arterial"},"geometry":{"type":"LineString","coordinates":[[138.593126,-34.924343],[138.593261,-34.924143],[138.593312,-34.924062],[138.593337,-34.924013],[138.593352,-34.923984],[138.593363,-34.923939],[138.593377,-34.923849],[138.59338,-34.923732],[138.59337,-34.923577],[138.593367,-34.923398],[138.593367,-34.923375],[138.593363,-34.923292]]}},{"type":"Feature","properties":{"tier":"arterial"},"geometry":{"type":"LineString","coordinates":[[138.593508,-34.923285],[138.593514,-34.923368],[138.593535,-34.923674],[138.593536,-34.92369],[138.593541,-34.923759],[138.59355,-34.923833],[138.593567,-34.923888],[138.59359,-34.923944],[138.593608,-34.923973],[138.593624,-34.923999],[138.593671,-34.924048],[138.59369,-34.924062],[138.593715,-34.924081],[138.59377,-34.924121]]}},{"type":"Feature","properties":{"tier":"arterial"},"geometry":{"type":"LineString","coordinates":[[138.59377,-34.926187],[138.593767,-34.926198],[138.593762,-34.926319],[138.593719,-34.926376]]}},{"type":"Feature","properties":{"tier":"arterial"},"geometry":{"type":"LineString","coordinates":[[138.570703,-34.931819],[138.571367,-34.931768],[138.572,-34.931703],[138.572418,-34.93166]]}},{"type":"Feature","properties":{"tier":"high"},"geometry":{"type":"LineString","coordinates":[[138.570422,-34.931379],[138.570468,-34.931535],[138.570527,-34.931629],[138.570588,-34.931703],[138.570612,-34.931731],[138.570703,-34.931819]]}},{"type":"Feature","properties":{"tier":"arterial"},"geometry":{"type":"LineString","coordinates":[[138.581188,-34.930109],[138.583184,-34.929659]]}},{"type":"Feature","properties":{"tier":"arterial"},"geometry":{"type":"LineString","coordinates":[[138.588865,-34.929135],[138.58939,-34.92911]]}},{"type":"Feature","properties":{"tier":"arterial"},"geometry":{"type":"LineString","coordinates":[[138.587177,-34.92922],[138.587567,-34.929099],[138.587647,-34.929051],[138.587703,-34.928877]]}},{"type":"Feature","properties":{"tier":"arterial"},"geometry":{"type":"LineString","coordinates":[[138.587739,-34.929341],[138.587608,-34.929346],[138.586593,-34.929389]]}},{"type":"Feature","properties":{"tier":"arterial"},"geometry":{"type":"LineString","coordinates":[[138.575728,-34.931516],[138.575149,-34.931603],[138.575102,-34.93161],[138.574994,-34.931626]]}},{"type":"Feature","properties":{"tier":"arterial"},"geometry":{"type":"LineString","coordinates":[[138.571367,-34.931768],[138.571461,-34.931808],[138.571534,-34.931853]]}},{"type":"Feature","properties":{"tier":"high"},"geometry":{"type":"LineString","coordinates":[[138.576351,-34.929502],[138.576328,-34.929648],[138.576144,-34.929943],[138.576116,-34.930114],[138.576138,-34.930318]]}},{"type":"Feature","properties":{"tier":"arterial"},"geometry":{"type":"LineString","coordinates":[[138.576261,-34.930538],[138.57603,-34.930449],[138.575898,-34.930427],[138.575754,-34.930437]]}},{"type":"Feature","properties":{"tier":"arterial"},"geometry":{"type":"LineString","coordinates":[[138.569687,-34.923683],[138.569848,-34.923677]]}},{"type":"Feature","properties":{"tier":"arterial"},"geometry":{"type":"LineString","coordinates":[[138.569857,-34.923782],[138.569695,-34.923787]]}},{"type":"Feature","properties":{"tier":"arterial"},"geometry":{"type":"LineString","coordinates":[[138.570031,-34.923669],[138.571522,-34.9236],[138.572343,-34.923561],[138.573403,-34.923512]]}},{"type":"Feature","properties":{"tier":"high"},"geometry":{"type":"LineString","coordinates":[[138.576556,-34.923391],[138.577049,-34.923327],[138.577208,-34.923314],[138.578565,-34.923275],[138.578664,-34.923274],[138.578705,-34.923273],[138.579171,-34.92327],[138.579208,-34.923268],[138.579241,-34.923261],[138.579258,-34.923254],[138.579267,-34.92325],[138.579302,-34.923231],[138.579394,-34.923151]]}},{"type":"Feature","properties":{"tier":"high"},"geometry":{"type":"LineString","coordinates":[[138.576192,-34.929496],[138.576229,-34.929345],[138.576472,-34.929076],[138.576499,-34.929037],[138.576514,-34.929004],[138.57652,-34.928971],[138.576525,-34.928923],[138.576525,-34.928848],[138.576533,-34.92881],[138.576543,-34.928785],[138.576569,-34.928736]]}},{"type":"Feature","properties":{"tier":"regional"},"geometry":{"type":"LineString","coordinates":[[138.577422,-34.927077],[138.577449,-34.92707],[138.577477,-34.927071],[138.577504,-34.927078],[138.577525,-34.927092],[138.577541,-34.927109],[138.57755,-34.92713],[138.577551,-34.927152],[138.577543,-34.927176],[138.577525,-34.927197],[138.5775,-34.927211],[138.57747,-34.927218],[138.57744,-34.927216],[138.577412,-34.927206],[138.577392,-34.927191],[138.577378,-34.927173],[138.577371,-34.927152],[138.577373,-34.92713],[138.577382,-34.927108],[138.577399,-34.92709],[138.577422,-34.927077]]}},{"type":"Feature","properties":{"tier":"regional"},"geometry":{"type":"LineString","coordinates":[[138.577504,-34.927078],[138.577553,-34.927005],[138.577866,-34.926544],[138.578143,-34.926088],[138.578195,-34.926002]]}},{"type":"Feature","properties":{"tier":"regional"},"geometry":{"type":"LineString","coordinates":[[138.578303,-34.925876],[138.578323,-34.925899],[138.578332,-34.925929],[138.57833,-34.925949],[138.578309,-34.925983],[138.578279,-34.926002],[138.578237,-34.92601],[138.578195,-34.926002],[138.578166,-34.925984],[138.578148,-34.925958],[138.578143,-34.925926],[138.578148,-34.925907],[138.578167,-34.92588],[138.578191,-34.925865],[138.57824,-34.925855],[138.578275,-34.925861],[138.578303,-34.925876]]}},{"type":"Feature","properties":{"tier":"regional"},"geometry":{"type":"LineString","coordinates":[[138.578275,-34.925861],[138.578323,-34.925776],[138.578625,-34.925246],[138.578954,-34.924635],[138.578967,-34.92461],[138.578981,-34.924585],[138.579012,-34.924524]]}},{"type":"Feature","properties":{"tier":"high"},"geometry":{"type":"LineString","coordinates":[[138.576986,-34.909327],[138.576949,-34.909154],[138.576935,-34.909097]]}},{"type":"Feature","properties":{"tier":"high"},"geometry":{"type":"LineString","coordinates":[[138.576912,-34.909005],[138.576882,-34.908924],[138.576851,-34.908863],[138.576825,-34.908811],[138.576807,-34.908779],[138.576789,-34.908753],[138.57674,-34.908691]]}},{"type":"Feature","properties":{"tier":"high"},"geometry":{"type":"LineString","coordinates":[[138.577205,-34.908991],[138.57728,-34.909367]]}},{"type":"Feature","properties":{"tier":"high"},"geometry":{"type":"LineString","coordinates":[[138.56456,-34.911727],[138.564579,-34.91185],[138.564617,-34.911994]]}},{"type":"Feature","properties":{"tier":"high"},"geometry":{"type":"LineString","coordinates":[[138.576983,-34.908501],[138.577091,-34.908456],[138.577192,-34.908403],[138.577348,-34.908305],[138.577485,-34.908207],[138.577789,-34.907931],[138.577886,-34.907843]]}},{"type":"Feature","properties":{"tier":"high"},"geometry":{"type":"LineString","coordinates":[[138.577049,-34.908606],[138.576981,-34.908629],[138.576906,-34.908651],[138.57674,-34.908691]]}},{"type":"Feature","properties":{"tier":"high"},"geometry":{"type":"LineString","coordinates":[[138.569699,-34.922374],[138.569772,-34.92291],[138.569807,-34.923184],[138.569819,-34.92332]]}},{"type":"Feature","properties":{"tier":"high"},"geometry":{"type":"LineString","coordinates":[[138.569523,-34.921742],[138.569486,-34.921592],[138.569448,-34.921446],[138.569396,-34.921309],[138.569336,-34.921186],[138.568904,-34.920352],[138.568891,-34.920327],[138.568858,-34.920263]]}},{"type":"Feature","properties":{"tier":"high"},"geometry":{"type":"LineString","coordinates":[[138.565393,-34.913807],[138.565077,-34.913167],[138.564886,-34.912808],[138.564614,-34.912386],[138.564504,-34.912166],[138.564464,-34.912056]]}},{"type":"Feature","properties":{"tier":"high"},"geometry":{"type":"LineString","coordinates":[[138.5644,-34.911634],[138.564421,-34.911405],[138.564486,-34.911152],[138.564569,-34.910899],[138.564639,-34.910656],[138.564687,-34.910456],[138.564776,-34.909956],[138.564887,-34.909425]]}},{"type":"Feature","properties":{"tier":"high"},"geometry":{"type":"LineString","coordinates":[[138.570459,-34.93194],[138.570465,-34.931998],[138.570472,-34.932105]]}},{"type":"Feature","properties":{"tier":"regional"},"geometry":{"type":"LineString","coordinates":[[138.566515,-34.914566],[138.56633,-34.914619],[138.566235,-34.914637]]}},{"type":"Feature","properties":{"tier":"regional"},"geometry":{"type":"LineString","coordinates":[[138.564879,-34.914695],[138.565322,-34.914678]]}},{"type":"Feature","properties":{"tier":"high"},"geometry":{"type":"LineString","coordinates":[[138.570305,-34.932511],[138.570284,-34.93242],[138.570238,-34.932189],[138.570192,-34.932084],[138.570161,-34.932034],[138.570145,-34.932011],[138.570088,-34.931967]]}},{"type":"Feature","properties":{"tier":"arterial"},"geometry":{"type":"LineString","coordinates":[[138.574449,-34.923593],[138.574318,-34.9236],[138.57341,-34.923644]]}},{"type":"Feature","properties":{"tier":"regional"},"geometry":{"type":"LineString","coordinates":[[138.572238,-34.913562],[138.571971,-34.913605],[138.571756,-34.913644],[138.570753,-34.91382],[138.570613,-34.913846],[138.569913,-34.913966],[138.569176,-34.914098],[138.568291,-34.914264],[138.568232,-34.914276]]}},{"type":"Feature","properties":{"tier":"arterial"},"geometry":{"type":"LineString","coordinates":[[138.582396,-34.920181],[138.582853,-34.92036]]}},{"type":"Feature","properties":{"tier":"arterial"},"geometry":{"type":"LineString","coordinates":[[138.585836,-34.921469],[138.586399,-34.921751],[138.586518,-34.921803],[138.586641,-34.921851],[138.586763,-34.921892],[138.586862,-34.921923],[138.586941,-34.921952],[138.587012,-34.921981],[138.587063,-34.922008],[138.587109,-34.922034],[138.587153,-34.922061],[138.587187,-34.922085],[138.587261,-34.922147]]}},{"type":"Feature","properties":{"tier":"arterial"},"geometry":{"type":"LineString","coordinates":[[138.582643,-34.920472],[138.582191,-34.920289]]}},{"type":"Feature","properties":{"tier":"arterial"},"geometry":{"type":"LineString","coordinates":[[138.586878,-34.93752],[138.587704,-34.936544]]}},{"type":"Feature","properties":{"tier":"high"},"geometry":{"type":"LineString","coordinates":[[138.578784,-34.918005],[138.578778,-34.91838],[138.578796,-34.918534],[138.578804,-34.918599]]}},{"type":"Feature","properties":{"tier":"arterial"},"geometry":{"type":"LineString","coordinates":[[138.562546,-34.93217],[138.563556,-34.932127],[138.563656,-34.932123],[138.564057,-34.9321],[138.564561,-34.932072]]}},{"type":"Feature","properties":{"tier":"regional"},"geometry":{"type":"LineString","coordinates":[[138.587742,-34.926375],[138.587834,-34.926371],[138.587898,-34.926368],[138.588239,-34.926351],[138.588639,-34.926331],[138.589086,-34.926308],[138.589582,-34.926284],[138.589635,-34.926281],[138.590178,-34.926254],[138.590234,-34.926251],[138.59035,-34.926246],[138.591076,-34.926209],[138.591712,-34.926178],[138.591769,-34.926175],[138.592312,-34.926153],[138.592481,-34.926146],[138.592801,-34.926133]]}},{"type":"Feature","properties":{"tier":"arterial"},"geometry":{"type":"LineString","coordinates":[[138.58813,-34.931392],[138.588149,-34.931651],[138.588199,-34.932119]]}},{"type":"Feature","properties":{"tier":"regional"},"geometry":{"type":"LineString","coordinates":[[138.588383,-34.934917],[138.58847,-34.934913],[138.588493,-34.934912],[138.588898,-34.93489],[138.589013,-34.934884],[138.589575,-34.934855],[138.590617,-34.934801],[138.590986,-34.934781],[138.591135,-34.934774],[138.591277,-34.934766],[138.591688,-34.934745],[138.592401,-34.934707],[138.592609,-34.934697],[138.593094,-34.934671],[138.59377,-34.934636]]}},{"type":"Feature","properties":{"tier":"regional"},"geometry":{"type":"LineString","coordinates":[[138.588081,-34.930719],[138.588187,-34.930714],[138.588226,-34.930712],[138.588536,-34.930697]]}},{"type":"Feature","properties":{"tier":"regional"},"geometry":{"type":"LineString","coordinates":[[138.588199,-34.932119],[138.58826,-34.932116],[138.588299,-34.932114],[138.589013,-34.932077],[138.589711,-34.932041],[138.589858,-34.932034],[138.590701,-34.93199],[138.590779,-34.931987],[138.590854,-34.931983],[138.591492,-34.93195],[138.591663,-34.931941],[138.592088,-34.931919],[138.592176,-34.931915],[138.592364,-34.931905],[138.592907,-34.931877]]}},{"type":"Feature","properties":{"tier":"regional"},"geometry":{"type":"LineString","coordinates":[[138.588304,-34.933513],[138.588404,-34.933508],[138.588432,-34.933506],[138.588617,-34.933498],[138.58875,-34.933491],[138.589376,-34.933461],[138.589462,-34.933457],[138.590144,-34.933424],[138.590204,-34.933422],[138.590292,-34.933417],[138.590381,-34.933413],[138.590796,-34.933393],[138.590883,-34.933389],[138.590967,-34.933385],[138.591585,-34.933355],[138.591766,-34.933347],[138.592109,-34.93333],[138.592299,-34.933321],[138.592473,-34.933313],[138.593033,-34.933286]]}},{"type":"Feature","properties":{"tier":"arterial"},"geometry":{"type":"LineString","coordinates":[[138.588383,-34.934917],[138.588521,-34.936162],[138.588522,-34.936175],[138.588529,-34.936242]]}},{"type":"Feature","properties":{"tier":"high"},"geometry":{"type":"LineString","coordinates":[[138.570976,-34.931898],[138.570777,-34.931973],[138.570576,-34.932047],[138.570567,-34.932051],[138.570472,-34.932105]]}},{"type":"Feature","properties":{"tier":"arterial"},"geometry":{"type":"LineString","coordinates":[[138.587519,-34.926386],[138.587509,-34.926239],[138.587448,-34.925413],[138.587421,-34.92504],[138.587418,-34.925011],[138.587413,-34.924931]]}},{"type":"Feature","properties":{"tier":"regional"},"geometry":{"type":"LineString","coordinates":[[138.59377,-34.92747],[138.593661,-34.927475],[138.593613,-34.927477],[138.592494,-34.927531],[138.591871,-34.927561],[138.591756,-34.927566],[138.591305,-34.927588],[138.591164,-34.927595],[138.590289,-34.927637],[138.590262,-34.927638],[138.589731,-34.927663],[138.589218,-34.927688],[138.589153,-34.927691],[138.589081,-34.927695],[138.588339,-34.92773]]}},{"type":"Feature","properties":{"tier":"arterial"},"geometry":{"type":"LineString","coordinates":[[138.572418,-34.93166],[138.57336,-34.93162]]}},{"type":"Feature","properties":{"tier":"arterial"},"geometry":{"type":"LineString","coordinates":[[138.575067,-34.931512],[138.575183,-34.931496],[138.575599,-34.931433],[138.576035,-34.931354],[138.576537,-34.931234]]}},{"type":"Feature","properties":{"tier":"high"},"geometry":{"type":"LineString","coordinates":[[138.579383,-34.919143],[138.579198,-34.919148],[138.57914,-34.919153],[138.579082,-34.919163],[138.579044,-34.919177],[138.579005,-34.919202],[138.57897,-34.919231],[138.578932,-34.919272],[138.57891,-34.919306],[138.578886,-34.919348]]}},{"type":"Feature","properties":{"tier":"arterial"},"geometry":{"type":"LineString","coordinates":[[138.587501,-34.923019],[138.587511,-34.923135],[138.587517,-34.923241]]}},{"type":"Feature","properties":{"tier":"arterial"},"geometry":{"type":"LineString","coordinates":[[138.59377,-34.92472],[138.593127,-34.924756],[138.593094,-34.924758],[138.592975,-34.924765]]}},{"type":"Feature","properties":{"tier":"arterial"},"geometry":{"type":"LineString","coordinates":[[138.587704,-34.936544],[138.587967,-34.936347],[138.588167,-34.936268],[138.588233,-34.936256]]}},{"type":"Feature","properties":{"tier":"arterial"},"geometry":{"type":"LineString","coordinates":[[138.588529,-34.936242],[138.588586,-34.936242],[138.589082,-34.936244]]}},{"type":"Feature","properties":{"tier":"arterial"},"geometry":{"type":"LineString","coordinates":[[138.589082,-34.936244],[138.588776,-34.936319]]}},{"type":"Feature","properties":{"tier":"high"},"geometry":{"type":"LineString","coordinates":[[138.565006,-34.909312],[138.564986,-34.909421],[138.564725,-34.910849]]}},{"type":"Feature","properties":{"tier":"high"},"geometry":{"type":"LineString","coordinates":[[138.57728,-34.909367],[138.577329,-34.909675],[138.577362,-34.909877],[138.577456,-34.910733],[138.577594,-34.911489],[138.577932,-34.913152],[138.577942,-34.913199],[138.57798,-34.913388]]}},{"type":"Feature","properties":{"tier":"high"},"geometry":{"type":"LineString","coordinates":[[138.578347,-34.917246],[138.578021,-34.915326],[138.577933,-34.914765],[138.577828,-34.914125],[138.57774,-34.91356],[138.577719,-34.91342]]}},{"type":"Feature","properties":{"tier":"arterial"},"geometry":{"type":"LineString","coordinates":[[138.579943,-34.919159],[138.58119,-34.91968]]}},{"type":"Feature","properties":{"tier":"arterial"},"geometry":{"type":"LineString","coordinates":[[138.58844,-34.929311],[138.588124,-34.929325],[138.588121,-34.929325],[138.588075,-34.929327],[138.587982,-34.929331]]}},{"type":"Feature","properties":{"tier":"arterial"},"geometry":{"type":"LineString","coordinates":[[138.588539,-34.93636],[138.588545,-34.936444],[138.588552,-34.936556]]}},{"type":"Feature","properties":{"tier":"arterial"},"geometry":{"type":"LineString","coordinates":[[138.587413,-34.924931],[138.587279,-34.924917],[138.586451,-34.924807],[138.586003,-34.924734],[138.585628,-34.924661],[138.585446,-34.924626],[138.584481,-34.924393],[138.58391,-34.924258],[138.582393,-34.923883],[138.582151,-34.923823],[138.581539,-34.92367]]}},{"type":"Feature","properties":{"tier":"arterial"},"geometry":{"type":"LineString","coordinates":[[138.577644,-34.923386],[138.578579,-34.923378],[138.579259,-34.923385]]}},{"type":"Feature","properties":{"tier":"arterial"},"geometry":{"type":"LineString","coordinates":[[138.579257,-34.923481],[138.578624,-34.923466],[138.577689,-34.923482]]}},{"type":"Feature","properties":{"tier":"arterial"},"geometry":{"type":"LineString","coordinates":[[138.587405,-34.924801],[138.587614,-34.924823]]}},{"type":"Feature","properties":{"tier":"arterial"},"geometry":{"type":"LineString","coordinates":[[138.587625,-34.924952],[138.587413,-34.924931]]}},{"type":"Feature","properties":{"tier":"high"},"geometry":{"type":"LineString","coordinates":[[138.577049,-34.908606],[138.577089,-34.908669],[138.577128,-34.908753],[138.577157,-34.908822],[138.57718,-34.908898],[138.577205,-34.908991]]}},{"type":"Feature","properties":{"tier":"high"},"geometry":{"type":"LineString","coordinates":[[138.579509,-34.92397],[138.579485,-34.924027],[138.579448,-34.924108],[138.579427,-34.924173],[138.579396,-34.924287],[138.579362,-34.924447],[138.579346,-34.924498],[138.579322,-34.924539],[138.579295,-34.924558],[138.579271,-34.924566],[138.579232,-34.924572]]}},{"type":"Feature","properties":{"tier":"arterial"},"geometry":{"type":"LineString","coordinates":[[138.579259,-34.923385],[138.580306,-34.923411]]}},{"type":"Feature","properties":{"tier":"arterial"},"geometry":{"type":"LineString","coordinates":[[138.587304,-34.923242],[138.587291,-34.922857],[138.587274,-34.922546],[138.587259,-34.922388],[138.587258,-34.922369]]}},{"type":"Feature","properties":{"tier":"high"},"geometry":{"type":"LineString","coordinates":[[138.57942,-34.92533],[138.579459,-34.925644],[138.579464,-34.925959],[138.579425,-34.926271],[138.57935,-34.926577],[138.579232,-34.926871],[138.579076,-34.927161],[138.578881,-34.927432],[138.578658,-34.927684],[138.5784,-34.927914],[138.578115,-34.928119],[138.5778,-34.928301],[138.577484,-34.928481],[138.577183,-34.928681],[138.576901,-34.928903],[138.576644,-34.929143],[138.576424,-34.929403],[138.576351,-34.929502]]}},{"type":"Feature","properties":{"tier":"regional"},"geometry":{"type":"LineString","coordinates":[[138.589302,-34.910309],[138.589411,-34.910282],[138.589746,-34.9102],[138.590119,-34.910114],[138.590936,-34.909926],[138.59132,-34.909837],[138.591499,-34.909796],[138.591771,-34.909735],[138.59211,-34.909661],[138.592173,-34.909658],[138.592347,-34.909649]]}},{"type":"Feature","properties":{"tier":"arterial"},"geometry":{"type":"LineString","coordinates":[[138.57674,-34.908691],[138.576616,-34.908723],[138.5765,-34.908753]]}},{"type":"Feature","properties":{"tier":"arterial"},"geometry":{"type":"LineString","coordinates":[[138.572553,-34.909479],[138.570767,-34.909808],[138.569812,-34.909983],[138.567493,-34.910399],[138.567343,-34.910426],[138.56723,-34.910447],[138.566848,-34.910518],[138.566099,-34.910656],[138.565094,-34.910842],[138.564793,-34.910862],[138.564725,-34.910849]]}},{"type":"Feature","properties":{"tier":"high"},"geometry":{"type":"LineString","coordinates":[[138.576983,-34.908501],[138.577049,-34.908606]]}},{"type":"Feature","properties":{"tier":"high"},"geometry":{"type":"LineString","coordinates":[[138.575067,-34.931512],[138.574994,-34.931626]]}},{"type":"Feature","properties":{"tier":"regional"},"geometry":{"type":"LineString","coordinates":[[138.587538,-34.923587],[138.587686,-34.923579],[138.587709,-34.923578],[138.587856,-34.923571],[138.588245,-34.923551],[138.589441,-34.92349]]}},{"type":"Feature","properties":{"tier":"high"},"geometry":{"type":"LineString","coordinates":[[138.578153,-34.923575],[138.577542,-34.923559],[138.576676,-34.923509]]}},{"type":"Feature","properties":{"tier":"high"},"geometry":{"type":"LineString","coordinates":[[138.579399,-34.923328],[138.579394,-34.923151],[138.579386,-34.923066],[138.579372,-34.922972],[138.579335,-34.922835],[138.579292,-34.922702],[138.579253,-34.922583],[138.579209,-34.922401],[138.579167,-34.922185],[138.579132,-34.922013],[138.579109,-34.921913]]}},{"type":"Feature","properties":{"tier":"arterial"},"geometry":{"type":"LineString","coordinates":[[138.592973,-34.924673],[138.592987,-34.924596],[138.592998,-34.924563],[138.593044,-34.92446],[138.593109,-34.924364],[138.593126,-34.924343]]}},{"type":"Feature","properties":{"tier":"high"},"geometry":{"type":"LineString","coordinates":[[138.579394,-34.923562],[138.579399,-34.923328]]}},{"type":"Feature","properties":{"tier":"high"},"geometry":{"type":"LineString","coordinates":[[138.579511,-34.923104],[138.579485,-34.923329]]}},{"type":"Feature","properties":{"tier":"arterial"},"geometry":{"type":"LineString","coordinates":[[138.593296,-34.920763],[138.593373,-34.9216],[138.593423,-34.922152],[138.59349,-34.922865]]}},{"type":"Feature","properties":{"tier":"arterial"},"geometry":{"type":"LineString","coordinates":[[138.593182,-34.920763],[138.59313,-34.919922],[138.593129,-34.919902],[138.59312,-34.919736]]}},{"type":"Feature","properties":{"tier":"arterial"},"geometry":{"type":"LineString","coordinates":[[138.593249,-34.919728],[138.593263,-34.919964],[138.593268,-34.920168],[138.593296,-34.920763]]}},{"type":"Feature","properties":{"tier":"arterial"},"geometry":{"type":"LineString","coordinates":[[138.576537,-34.931234],[138.577358,-34.931047]]}},{"type":"Feature","properties":{"tier":"arterial"},"geometry":{"type":"LineString","coordinates":[[138.577358,-34.931047],[138.578609,-34.930732]]}},{"type":"Feature","properties":{"tier":"arterial"},"geometry":{"type":"LineString","coordinates":[[138.578868,-34.93067],[138.579033,-34.93063],[138.579272,-34.930572]]}},{"type":"Feature","properties":{"tier":"arterial"},"geometry":{"type":"LineString","coordinates":[[138.578893,-34.930797],[138.578641,-34.930855]]}},{"type":"Feature","properties":{"tier":"arterial"},"geometry":{"type":"LineString","coordinates":[[138.578609,-34.930732],[138.578868,-34.93067]]}},{"type":"Feature","properties":{"tier":"arterial"},"geometry":{"type":"LineString","coordinates":[[138.578641,-34.930855],[138.577374,-34.931177]]}},{"type":"Feature","properties":{"tier":"arterial"},"geometry":{"type":"LineString","coordinates":[[138.577374,-34.931177],[138.576564,-34.931356]]}},{"type":"Feature","properties":{"tier":"arterial"},"geometry":{"type":"LineString","coordinates":[[138.579761,-34.930585],[138.579301,-34.930699]]}},{"type":"Feature","properties":{"tier":"arterial"},"geometry":{"type":"LineString","coordinates":[[138.57974,-34.93046],[138.580224,-34.930342],[138.580342,-34.930313]]}},{"type":"Feature","properties":{"tier":"arterial"},"geometry":{"type":"LineString","coordinates":[[138.581228,-34.930221],[138.580676,-34.930352]]}},{"type":"Feature","properties":{"tier":"arterial"},"geometry":{"type":"LineString","coordinates":[[138.580649,-34.930238],[138.581188,-34.930109]]}},{"type":"Feature","properties":{"tier":"arterial"},"geometry":{"type":"LineString","coordinates":[[138.580676,-34.930352],[138.580557,-34.930383],[138.580409,-34.93042]]}},{"type":"Feature","properties":{"tier":"arterial"},"geometry":{"type":"LineString","coordinates":[[138.579301,-34.930699],[138.579069,-34.930755],[138.578893,-34.930797]]}},{"type":"Feature","properties":{"tier":"arterial"},"geometry":{"type":"LineString","coordinates":[[138.579272,-34.930572],[138.57974,-34.93046]]}},{"type":"Feature","properties":{"tier":"regional"},"geometry":{"type":"LineString","coordinates":[[138.570459,-34.93752],[138.570544,-34.937384]]}},{"type":"Feature","properties":{"tier":"high"},"geometry":{"type":"LineString","coordinates":[[138.571598,-34.935952],[138.571666,-34.935853]]}},{"type":"Feature","properties":{"tier":"high"},"geometry":{"type":"LineString","coordinates":[[138.571666,-34.935853],[138.571931,-34.93547],[138.572165,-34.935164],[138.572645,-34.934596]]}},{"type":"Feature","properties":{"tier":"high"},"geometry":{"type":"LineString","coordinates":[[138.571807,-34.93598],[138.571399,-34.936533],[138.571164,-34.936874]]}},{"type":"Feature","properties":{"tier":"high"},"geometry":{"type":"LineString","coordinates":[[138.571854,-34.93591],[138.571807,-34.93598]]}},{"type":"Feature","properties":{"tier":"regional"},"geometry":{"type":"LineString","coordinates":[[138.571972,-34.935937],[138.572079,-34.935785],[138.572163,-34.935693]]}},{"type":"Feature","properties":{"tier":"regional"},"geometry":{"type":"LineString","coordinates":[[138.571916,-34.936015],[138.571972,-34.935937]]}},{"type":"Feature","properties":{"tier":"regional"},"geometry":{"type":"LineString","coordinates":[[138.572719,-34.934784],[138.572378,-34.935266],[138.572344,-34.935336],[138.572275,-34.935517],[138.572163,-34.935693]]}},{"type":"Feature","properties":{"tier":"high"},"geometry":{"type":"LineString","coordinates":[[138.574752,-34.931655],[138.574825,-34.931546]]}},{"type":"Feature","properties":{"tier":"high"},"geometry":{"type":"LineString","coordinates":[[138.574886,-34.931796],[138.574774,-34.931996]]}},{"type":"Feature","properties":{"tier":"high"},"geometry":{"type":"LineString","coordinates":[[138.575728,-34.931516],[138.575064,-34.931737],[138.574886,-34.931796]]}},{"type":"Feature","properties":{"tier":"arterial"},"geometry":{"type":"LineString","coordinates":[[138.576138,-34.930318],[138.576265,-34.930407],[138.576367,-34.9305],[138.576493,-34.930687],[138.576529,-34.930771],[138.576609,-34.930958],[138.57666,-34.93113],[138.576715,-34.931466],[138.576733,-34.931651]]}},{"type":"Feature","properties":{"tier":"arterial"},"geometry":{"type":"LineString","coordinates":[[138.592953,-34.917587],[138.59295,-34.917512],[138.592901,-34.916205],[138.592892,-34.915976],[138.592896,-34.915855],[138.592896,-34.915751],[138.59291,-34.915628],[138.592924,-34.91552],[138.59294,-34.915424],[138.592958,-34.915333],[138.592987,-34.915249],[138.593034,-34.91511],[138.593082,-34.915002],[138.593134,-34.914885],[138.593232,-34.914677],[138.593251,-34.914633],[138.593309,-34.914502],[138.593389,-34.914327],[138.593477,-34.914131],[138.593534,-34.913971],[138.59356,-34.913877],[138.59358,-34.913773],[138.59359,-34.913671],[138.593589,-34.913557],[138.593579,-34.913451],[138.593559,-34.913348],[138.593533,-34.913236],[138.593505,-34.913112],[138.593472,-34.912992],[138.593408,-34.912806],[138.593392,-34.912759],[138.593362,-34.912676]]}},{"type":"Feature","properties":{"tier":"arterial"},"geometry":{"type":"LineString","coordinates":[[138.576676,-34.923509],[138.57559,-34.923546]]}},{"type":"Feature","properties":{"tier":"arterial"},"geometry":{"type":"LineString","coordinates":[[138.576058,-34.908698],[138.5762,-34.908611],[138.576296,-34.908523],[138.57632,-34.90845],[138.576302,-34.908355]]}},{"type":"Feature","properties":{"tier":"arterial"},"geometry":{"type":"LineString","coordinates":[[138.593153,-34.921926],[138.593147,-34.921873],[138.59314,-34.921814],[138.593136,-34.921776]]}},{"type":"Feature","properties":{"tier":"arterial"},"geometry":{"type":"LineString","coordinates":[[138.590896,-34.922053],[138.590896,-34.92204],[138.590893,-34.921974],[138.590889,-34.921935],[138.590883,-34.921875]]}},{"type":"Feature","properties":{"tier":"high"},"geometry":{"type":"LineString","coordinates":[[138.564464,-34.912056],[138.564425,-34.911891],[138.564394,-34.911748],[138.5644,-34.911634]]}},{"type":"Feature","properties":{"tier":"high"},"geometry":{"type":"LineString","coordinates":[[138.570696,-34.935999],[138.570768,-34.937006],[138.570771,-34.937051],[138.570777,-34.937134]]}},{"type":"Feature","properties":{"tier":"arterial"},"geometry":{"type":"LineString","coordinates":[[138.583184,-34.929659],[138.583264,-34.929642],[138.583922,-34.92951],[138.584342,-34.929451],[138.585779,-34.929331],[138.586588,-34.929268],[138.587177,-34.92922]]}},{"type":"Feature","properties":{"tier":"arterial"},"geometry":{"type":"LineString","coordinates":[[138.580316,-34.923523],[138.579257,-34.923481]]}},{"type":"Feature","properties":{"tier":"arterial"},"geometry":{"type":"LineString","coordinates":[[138.581562,-34.923581],[138.582178,-34.923729],[138.583935,-34.924157],[138.584513,-34.924294]]}},{"type":"Feature","properties":{"tier":"high"},"geometry":{"type":"LineString","coordinates":[[138.57919,-34.923617],[138.578801,-34.923608],[138.578363,-34.923586],[138.578153,-34.923575]]}},{"type":"Feature","properties":{"tier":"arterial"},"geometry":{"type":"LineString","coordinates":[[138.587704,-34.936544],[138.587771,-34.93644],[138.587818,-34.936361],[138.587859,-34.936279],[138.5879,-34.936187],[138.587979,-34.935981],[138.58804,-34.935801],[138.588083,-34.93562],[138.588174,-34.9352]]}},{"type":"Feature","properties":{"tier":"arterial"},"geometry":{"type":"LineString","coordinates":[[138.569187,-34.923703],[138.56957,-34.923688],[138.569634,-34.923685],[138.569687,-34.923683]]}},{"type":"Feature","properties":{"tier":"arterial"},"geometry":{"type":"LineString","coordinates":[[138.565841,-34.923961],[138.565253,-34.923993],[138.565065,-34.924004],[138.564869,-34.924015],[138.564169,-34.924053],[138.564,-34.924063],[138.563715,-34.924079],[138.563202,-34.924112],[138.563021,-34.924124],[138.562808,-34.924138]]}},{"type":"Feature","properties":{"tier":"arterial"},"geometry":{"type":"LineString","coordinates":[[138.586593,-34.929389],[138.584364,-34.929529],[138.583981,-34.929584],[138.583291,-34.92972],[138.583214,-34.929738]]}},{"type":"Feature","properties":{"tier":"regional"},"geometry":{"type":"LineString","coordinates":[[138.577719,-34.91342],[138.577598,-34.913435],[138.577551,-34.91344],[138.577007,-34.913508],[138.576512,-34.913567],[138.576326,-34.913589],[138.575344,-34.913701],[138.575182,-34.91372],[138.574167,-34.913838],[138.574056,-34.91385],[138.573052,-34.913959],[138.572972,-34.913933],[138.572842,-34.913859],[138.572658,-34.913734]]}},{"type":"Feature","properties":{"tier":"arterial"},"geometry":{"type":"LineString","coordinates":[[138.572553,-34.909479],[138.572847,-34.909389],[138.572968,-34.909327],[138.573003,-34.909299],[138.573039,-34.909271],[138.573103,-34.909175],[138.573154,-34.909083]]}},{"type":"Feature","properties":{"tier":"arterial"},"geometry":{"type":"LineString","coordinates":[[138.576058,-34.908698],[138.576457,-34.908623],[138.576477,-34.908619],[138.576649,-34.908587]]}},{"type":"Feature","properties":{"tier":"arterial"},"geometry":{"type":"LineString","coordinates":[[138.578784,-34.918005],[138.57889,-34.918255],[138.578924,-34.918337],[138.578967,-34.918425],[138.579007,-34.918494],[138.579057,-34.918576],[138.579106,-34.918643],[138.579199,-34.918743],[138.579312,-34.918839],[138.579403,-34.918904],[138.579496,-34.918977]]}},{"type":"Feature","properties":{"tier":"arterial"},"geometry":{"type":"LineString","coordinates":[[138.59377,-34.929008],[138.593757,-34.929009],[138.593423,-34.929026],[138.593085,-34.929043],[138.592706,-34.929066],[138.591987,-34.929107],[138.591433,-34.929148],[138.591363,-34.929152],[138.590628,-34.929192],[138.590542,-34.929197],[138.590443,-34.929202],[138.589841,-34.929234]]}},{"type":"Feature","properties":{"tier":"regional"},"geometry":{"type":"LineString","coordinates":[[138.593508,-34.923285],[138.593644,-34.923279],[138.593679,-34.923277],[138.59377,-34.923273]]}},{"type":"Feature","properties":{"tier":"arterial"},"geometry":{"type":"LineString","coordinates":[[138.587538,-34.923587],[138.587544,-34.923676],[138.58758,-34.924264],[138.587592,-34.924463]]}},{"type":"Feature","properties":{"tier":"arterial"},"geometry":{"type":"LineString","coordinates":[[138.587317,-34.923598],[138.587313,-34.923489],[138.587304,-34.923242]]}},{"type":"Feature","properties":{"tier":"high"},"geometry":{"type":"LineString","coordinates":[[138.580058,-34.90623],[138.579967,-34.906309],[138.579907,-34.906361],[138.579774,-34.906476],[138.579627,-34.906605],[138.579494,-34.906722]]}},{"type":"Feature","properties":{"tier":"high"},"geometry":{"type":"LineString","coordinates":[[138.579494,-34.906722],[138.579218,-34.906946],[138.578386,-34.907621],[138.578155,-34.907815]]}},{"type":"Feature","properties":{"tier":"high"},"geometry":{"type":"LineString","coordinates":[[138.57674,-34.908691],[138.5767,-34.908641],[138.576649,-34.908587]]}},{"type":"Feature","properties":{"tier":"arterial"},"geometry":{"type":"LineString","coordinates":[[138.588383,-34.934917],[138.588374,-34.936157],[138.588375,-34.936178],[138.588375,-34.93625]]}},{"type":"Feature","properties":{"tier":"regional"},"geometry":{"type":"LineString","coordinates":[[138.566217,-34.914574],[138.566515,-34.914566]]}},{"type":"Feature","properties":{"tier":"high"},"geometry":{"type":"LineString","coordinates":[[138.570777,-34.937134],[138.57068,-34.937315]]}},{"type":"Feature","properties":{"tier":"regional"},"geometry":{"type":"LineString","coordinates":[[138.57068,-34.937315],[138.570614,-34.937479],[138.570582,-34.93752]]}},{"type":"Feature","properties":{"tier":"high"},"geometry":{"type":"LineString","coordinates":[[138.569819,-34.92332],[138.56991,-34.923524],[138.569942,-34.923585],[138.569963,-34.923608],[138.569987,-34.923633],[138.570031,-34.923669]]}},{"type":"Feature","properties":{"tier":"high"},"geometry":{"type":"LineString","coordinates":[[138.569734,-34.924291],[138.569683,-34.924159],[138.56965,-34.924037],[138.569639,-34.923991],[138.56962,-34.923948],[138.569587,-34.923891],[138.569569,-34.923864],[138.569551,-34.923843],[138.569511,-34.923792]]}},{"type":"Feature","properties":{"tier":"high"},"geometry":{"type":"LineString","coordinates":[[138.570735,-34.93752],[138.570809,-34.93732]]}},{"type":"Feature","properties":{"tier":"high"},"geometry":{"type":"LineString","coordinates":[[138.570809,-34.93732],[138.570939,-34.93708],[138.571077,-34.936812]]}},{"type":"Feature","properties":{"tier":"high"},"geometry":{"type":"LineString","coordinates":[[138.571164,-34.936874],[138.571138,-34.936913],[138.571029,-34.937082],[138.571012,-34.937109],[138.570911,-34.937306],[138.570827,-34.937507]]}},{"type":"Feature","properties":{"tier":"high"},"geometry":{"type":"LineString","coordinates":[[138.569589,-34.922379],[138.569699,-34.922374]]}},{"type":"Feature","properties":{"tier":"high"},"geometry":{"type":"LineString","coordinates":[[138.570711,-34.93752],[138.57068,-34.937315]]}},{"type":"Feature","properties":{"tier":"high"},"geometry":{"type":"LineString","coordinates":[[138.570305,-34.932511],[138.570289,-34.932044],[138.570288,-34.932015],[138.570288,-34.932002],[138.570287,-34.931956]]}},{"type":"Feature","properties":{"tier":"high"},"geometry":{"type":"LineString","coordinates":[[138.570581,-34.936008],[138.570575,-34.935904]]}},{"type":"Feature","properties":{"tier":"high"},"geometry":{"type":"LineString","coordinates":[[138.570691,-34.935895],[138.570696,-34.935999]]}},{"type":"Feature","properties":{"tier":"high"},"geometry":{"type":"LineString","coordinates":[[138.568964,-34.920238],[138.569001,-34.92031],[138.569164,-34.920626],[138.569274,-34.92084],[138.569306,-34.920901],[138.569378,-34.921037],[138.569423,-34.921138],[138.569479,-34.921282],[138.569511,-34.921372],[138.569526,-34.921419],[138.569535,-34.921446],[138.569548,-34.921489]]}},{"type":"Feature","properties":{"tier":"high"},"geometry":{"type":"LineString","coordinates":[[138.57068,-34.937315],[138.570666,-34.9372]]}},{"type":"Feature","properties":{"tier":"arterial"},"geometry":{"type":"LineString","coordinates":[[138.570381,-34.923766],[138.570225,-34.923812],[138.570041,-34.923874],[138.569955,-34.923902],[138.569925,-34.923917],[138.569903,-34.923935],[138.569872,-34.923961]]}},{"type":"Feature","properties":{"tier":"high"},"geometry":{"type":"LineString","coordinates":[[138.569798,-34.925653],[138.569768,-34.92501],[138.569768,-34.924867],[138.569755,-34.924692],[138.569744,-34.924448],[138.569734,-34.924291]]}},{"type":"Feature","properties":{"tier":"arterial"},"geometry":{"type":"LineString","coordinates":[[138.569187,-34.923703],[138.569581,-34.923574],[138.569672,-34.923483]]}},{"type":"Feature","properties":{"tier":"high"},"geometry":{"type":"LineString","coordinates":[[138.57003,-34.927303],[138.569994,-34.92749],[138.569994,-34.927536],[138.569987,-34.927555],[138.569978,-34.927571],[138.56997,-34.92758],[138.569928,-34.927589]]}},{"type":"Feature","properties":{"tier":"regional"},"geometry":{"type":"LineString","coordinates":[[138.564535,-34.914767],[138.564288,-34.914751],[138.563947,-34.914684],[138.563893,-34.914674],[138.56361,-34.91461],[138.563383,-34.914553]]}},{"type":"Feature","properties":{"tier":"regional"},"geometry":{"type":"LineString","coordinates":[[138.571076,-34.937459],[138.571003,-34.93752]]}},{"type":"Feature","properties":{"tier":"arterial"},"geometry":{"type":"LineString","coordinates":[[138.593358,-34.922875],[138.593251,-34.921594],[138.593182,-34.920763]]}},{"type":"Feature","properties":{"tier":"arterial"},"geometry":{"type":"LineString","coordinates":[[138.587614,-34.924823],[138.587768,-34.924832],[138.588211,-34.924848],[138.589011,-34.924846],[138.589424,-34.924844],[138.589461,-34.924844],[138.589535,-34.924843]]}},{"type":"Feature","properties":{"tier":"regional"},"geometry":{"type":"LineString","coordinates":[[138.593256,-34.93186],[138.593305,-34.931841],[138.593371,-34.93184],[138.59343,-34.931856],[138.593441,-34.93186],[138.59345,-34.931864],[138.593463,-34.931874],[138.593501,-34.931901],[138.593522,-34.931911],[138.59354,-34.931918],[138.593564,-34.931926]]}},{"type":"Feature","properties":{"tier":"arterial"},"geometry":{"type":"LineString","coordinates":[[138.592475,-34.909929],[138.592624,-34.910348],[138.592714,-34.9106],[138.593051,-34.91155],[138.593066,-34.911592],[138.593351,-34.912394]]}},{"type":"Feature","properties":{"tier":"arterial"},"geometry":{"type":"LineString","coordinates":[[138.593362,-34.912676],[138.593338,-34.912587],[138.593351,-34.912394]]}},{"type":"Feature","properties":{"tier":"arterial"},"geometry":{"type":"LineString","coordinates":[[138.593351,-34.912394],[138.593449,-34.912529],[138.593468,-34.912555],[138.593506,-34.912642]]}},{"type":"Feature","properties":{"tier":"arterial"},"geometry":{"type":"LineString","coordinates":[[138.592285,-34.909378],[138.592327,-34.909481],[138.592345,-34.909528],[138.592389,-34.909639]]}},{"type":"Feature","properties":{"tier":"arterial"},"geometry":{"type":"LineString","coordinates":[[138.592475,-34.909929],[138.592403,-34.9098],[138.592388,-34.909762],[138.592347,-34.909649]]}},{"type":"Feature","properties":{"tier":"arterial"},"geometry":{"type":"LineString","coordinates":[[138.59312,-34.919736],[138.593026,-34.918811],[138.59299,-34.918378]]}},{"type":"Feature","properties":{"tier":"arterial"},"geometry":{"type":"LineString","coordinates":[[138.59299,-34.918378],[138.592968,-34.917909]]}},{"type":"Feature","properties":{"tier":"arterial"},"geometry":{"type":"LineString","coordinates":[[138.5921,-34.908258],[138.591992,-34.908364],[138.591991,-34.908374],[138.591982,-34.908541]]}},{"type":"Feature","properties":{"tier":"arterial"},"geometry":{"type":"LineString","coordinates":[[138.592205,-34.906886],[138.59222,-34.906932],[138.592328,-34.907239],[138.592437,-34.907548],[138.592522,-34.90778],[138.592586,-34.907977],[138.592561,-34.908074],[138.592509,-34.908135],[138.592448,-34.90818],[138.5921,-34.908258]]}},{"type":"Feature","properties":{"tier":"arterial"},"geometry":{"type":"LineString","coordinates":[[138.590592,-34.906621],[138.591051,-34.90652],[138.591093,-34.906511],[138.591377,-34.906446],[138.591445,-34.906431],[138.591674,-34.906379]]}},{"type":"Feature","properties":{"tier":"regional"},"geometry":{"type":"LineString","coordinates":[[138.592953,-34.917587],[138.5929,-34.917597],[138.592862,-34.917604],[138.592551,-34.917663]]}},{"type":"Feature","properties":{"tier":"regional"},"geometry":{"type":"LineString","coordinates":[[138.58783,-34.910624],[138.587832,-34.910607],[138.587839,-34.910592]]}},{"type":"Feature","properties":{"tier":"regional"},"geometry":{"type":"LineString","coordinates":[[138.592151,-34.906742],[138.592293,-34.906734],[138.592628,-34.906716]]}},{"type":"Feature","properties":{"tier":"regional"},"geometry":{"type":"LineString","coordinates":[[138.592628,-34.906716],[138.592363,-34.906823],[138.592328,-34.906837],[138.592205,-34.906886]]}},{"type":"Feature","properties":{"tier":"regional"},"geometry":{"type":"LineString","coordinates":[[138.571076,-34.937459],[138.57107,-34.937389],[138.571065,-34.937341],[138.571071,-34.9373],[138.571102,-34.937234],[138.571146,-34.937175],[138.571196,-34.937116],[138.571303,-34.936993],[138.571395,-34.936866],[138.571742,-34.936286],[138.571916,-34.936015]]}},{"type":"Feature","properties":{"tier":"arterial"},"geometry":{"type":"LineString","coordinates":[[138.58844,-34.929311],[138.588193,-34.929376],[138.588112,-34.929422],[138.587999,-34.929541]]}},{"type":"Feature","properties":{"tier":"regional"},"geometry":{"type":"LineString","coordinates":[[138.591044,-34.908505],[138.591083,-34.908442],[138.591135,-34.908374]]}},{"type":"Feature","properties":{"tier":"regional"},"geometry":{"type":"LineString","coordinates":[[138.591263,-34.908424],[138.591177,-34.90849],[138.59114,-34.908495],[138.591096,-34.908502],[138.591044,-34.908505]]}},{"type":"Feature","properties":{"tier":"arterial"},"geometry":{"type":"LineString","coordinates":[[138.59377,-34.926018],[138.593749,-34.926022],[138.593691,-34.926032]]}},{"type":"Feature","properties":{"tier":"high"},"geometry":{"type":"LineString","coordinates":[[138.578998,-34.92059],[138.578888,-34.920593]]}},{"type":"Feature","properties":{"tier":"high"},"geometry":{"type":"LineString","coordinates":[[138.579457,-34.923563],[138.579453,-34.923582],[138.579445,-34.923595],[138.579433,-34.923606],[138.579409,-34.923618],[138.579392,-34.923622]]}},{"type":"Feature","properties":{"tier":"arterial"},"geometry":{"type":"LineString","coordinates":[[138.576647,-34.931651],[138.576643,-34.931469],[138.576606,-34.931135],[138.576536,-34.930948],[138.576444,-34.930775],[138.576344,-34.930624],[138.576261,-34.930538],[138.576135,-34.930435],[138.575953,-34.930351],[138.575928,-34.930339],[138.575835,-34.930296]]}},{"type":"Feature","properties":{"tier":"regional"},"geometry":{"type":"LineString","coordinates":[[138.56723,-34.910447],[138.567249,-34.910497],[138.567278,-34.910528],[138.567818,-34.911102],[138.567882,-34.911126],[138.568656,-34.911424],[138.568735,-34.911429],[138.569855,-34.911213],[138.569898,-34.911196],[138.569937,-34.911168],[138.570773,-34.909859],[138.570767,-34.909808]]}},{"type":"Feature","properties":{"tier":"high"},"geometry":{"type":"LineString","coordinates":[[138.578613,-34.917086],[138.578491,-34.917191],[138.578474,-34.917205],[138.578461,-34.917215],[138.578447,-34.917223],[138.578424,-34.917232],[138.578386,-34.91724],[138.578347,-34.917246]]}},{"type":"Feature","properties":{"tier":"arterial"},"geometry":{"type":"LineString","coordinates":[[138.587903,-34.928318],[138.587961,-34.929059],[138.587964,-34.929101],[138.587971,-34.92918]]}},{"type":"Feature","properties":{"tier":"arterial"},"geometry":{"type":"LineString","coordinates":[[138.587592,-34.924463],[138.587603,-34.924639],[138.587605,-34.924688],[138.587614,-34.924823]]}},{"type":"Feature","properties":{"tier":"arterial"},"geometry":{"type":"LineString","coordinates":[[138.593363,-34.923292],[138.593508,-34.923285]]}},{"type":"Feature","properties":{"tier":"arterial"},"geometry":{"type":"LineString","coordinates":[[138.593126,-34.924343],[138.593248,-34.924286],[138.593335,-34.924235],[138.593414,-34.924201],[138.593508,-34.924179],[138.593722,-34.92417],[138.59377,-34.924166]]}},{"type":"Feature","properties":{"tier":"arterial"},"geometry":{"type":"LineString","coordinates":[[138.593363,-34.923292],[138.593363,-34.923225],[138.593363,-34.923191]]}},{"type":"Feature","properties":{"tier":"arterial"},"geometry":{"type":"LineString","coordinates":[[138.59377,-34.927004],[138.593728,-34.926481],[138.593719,-34.926376]]}},{"type":"Feature","properties":{"tier":"regional"},"geometry":{"type":"LineString","coordinates":[[138.593263,-34.933269],[138.593327,-34.933247],[138.593365,-34.933237],[138.5934,-34.933227],[138.593422,-34.933219],[138.593438,-34.933211],[138.593456,-34.933202],[138.593478,-34.933188],[138.593528,-34.933144]]}},{"type":"Feature","properties":{"tier":"arterial"},"geometry":{"type":"LineString","coordinates":[[138.587982,-34.929331],[138.587739,-34.929341]]}},{"type":"Feature","properties":{"tier":"regional"},"geometry":{"type":"LineString","coordinates":[[138.592968,-34.917909],[138.592945,-34.917816],[138.592932,-34.917784],[138.592913,-34.917752],[138.592895,-34.917731],[138.592871,-34.917714],[138.59285,-34.917704],[138.592836,-34.917697],[138.592796,-34.917686],[138.592747,-34.917675],[138.59269,-34.917669],[138.592632,-34.917667],[138.592551,-34.917663]]}},{"type":"Feature","properties":{"tier":"regional"},"geometry":{"type":"LineString","coordinates":[[138.592347,-34.909649],[138.592191,-34.90971],[138.59214,-34.909731],[138.591522,-34.909864],[138.590147,-34.910185],[138.589772,-34.910272],[138.589438,-34.910357],[138.589327,-34.910385]]}},{"type":"Feature","properties":{"tier":"arterial"},"geometry":{"type":"LineString","coordinates":[[138.591677,-34.924835],[138.590249,-34.924913],[138.589652,-34.924945],[138.589622,-34.924947],[138.589543,-34.924951]]}},{"type":"Feature","properties":{"tier":"arterial"},"geometry":{"type":"LineString","coordinates":[[138.591672,-34.924731],[138.592456,-34.924696]]}},{"type":"Feature","properties":{"tier":"arterial"},"geometry":{"type":"LineString","coordinates":[[138.587846,-34.93073],[138.58784,-34.93065],[138.587747,-34.929444],[138.587745,-34.929422],[138.587739,-34.929341]]}},{"type":"Feature","properties":{"tier":"arterial"},"geometry":{"type":"LineString","coordinates":[[138.588304,-34.933513],[138.588312,-34.933627],[138.588359,-34.934479],[138.588383,-34.934917]]}},{"type":"Feature","properties":{"tier":"high"},"geometry":{"type":"LineString","coordinates":[[138.565231,-34.906967],[138.565146,-34.907551],[138.565105,-34.907712],[138.565088,-34.90783],[138.565052,-34.908136],[138.565033,-34.908486],[138.565026,-34.908699],[138.565016,-34.909005],[138.56501,-34.909247],[138.565006,-34.909312]]}},{"type":"Feature","properties":{"tier":"high"},"geometry":{"type":"LineString","coordinates":[[138.565372,-34.90623],[138.565231,-34.906967]]}},{"type":"Feature","properties":{"tier":"arterial"},"geometry":{"type":"LineString","coordinates":[[138.59377,-34.933704],[138.593756,-34.933695],[138.593701,-34.933653],[138.593657,-34.93361],[138.593619,-34.933563],[138.593591,-34.933517],[138.593564,-34.933458]]}},{"type":"Feature","properties":{"tier":"arterial"},"geometry":{"type":"LineString","coordinates":[[138.593564,-34.933458],[138.593553,-34.93342],[138.59355,-34.933395],[138.593544,-34.933337],[138.59354,-34.933261],[138.593528,-34.933144],[138.593513,-34.932966],[138.593507,-34.932889],[138.59348,-34.932584],[138.593452,-34.932265],[138.59345,-34.932192],[138.593457,-34.932125],[138.593467,-34.932077]]}},{"type":"Feature","properties":{"tier":"regional"},"geometry":{"type":"LineString","coordinates":[[138.593507,-34.917504],[138.593692,-34.917493],[138.59377,-34.917488]]}},{"type":"Feature","properties":{"tier":"regional"},"geometry":{"type":"LineString","coordinates":[[138.587954,-34.932131],[138.588199,-34.932119]]}},{"type":"Feature","properties":{"tier":"arterial"},"geometry":{"type":"LineString","coordinates":[[138.588539,-34.93636],[138.588315,-34.936425]]}},{"type":"Feature","properties":{"tier":"arterial"},"geometry":{"type":"LineString","coordinates":[[138.588315,-34.936425],[138.588233,-34.936256]]}},{"type":"Feature","properties":{"tier":"arterial"},"geometry":{"type":"LineString","coordinates":[[138.584942,-34.921346],[138.584993,-34.92127],[138.585026,-34.921221],[138.585075,-34.921149]]}},{"type":"Feature","properties":{"tier":"regional"},"geometry":{"type":"LineString","coordinates":[[138.592273,-34.923346],[138.592334,-34.923343],[138.592933,-34.923313]]}},{"type":"Feature","properties":{"tier":"regional"},"geometry":{"type":"LineString","coordinates":[[138.563043,-34.914319],[138.56309,-34.914392],[138.563089,-34.914449],[138.563062,-34.914501],[138.563013,-34.914539],[138.56295,-34.914559],[138.562883,-34.914557],[138.562821,-34.914535]]}},{"type":"Feature","properties":{"tier":"regional"},"geometry":{"type":"LineString","coordinates":[[138.589441,-34.92349],[138.590154,-34.923454],[138.590385,-34.923443]]}},{"type":"Feature","properties":{"tier":"regional"},"geometry":{"type":"LineString","coordinates":[[138.590385,-34.923443],[138.590857,-34.923419],[138.59136,-34.923393]]}},{"type":"Feature","properties":{"tier":"regional"},"geometry":{"type":"LineString","coordinates":[[138.59136,-34.923393],[138.591538,-34.923384],[138.59158,-34.923382]]}},{"type":"Feature","properties":{"tier":"arterial"},"geometry":{"type":"LineString","coordinates":[[138.589535,-34.924843],[138.589614,-34.924839],[138.591296,-34.924751]]}},{"type":"Feature","properties":{"tier":"arterial"},"geometry":{"type":"LineString","coordinates":[[138.589543,-34.924951],[138.589469,-34.924955],[138.588838,-34.924977],[138.588625,-34.924984],[138.588287,-34.924974],[138.58819,-34.924972],[138.588153,-34.924971],[138.587806,-34.924963],[138.587771,-34.924962],[138.587625,-34.924952]]}},{"type":"Feature","properties":{"tier":"arterial"},"geometry":{"type":"LineString","coordinates":[[138.593251,-34.914633],[138.593417,-34.914688]]}},{"type":"Feature","properties":{"tier":"regional"},"geometry":{"type":"LineString","coordinates":[[138.592551,-34.917663],[138.592112,-34.91774],[138.592007,-34.917755],[138.591895,-34.917761],[138.591779,-34.917759],[138.591678,-34.917752],[138.591585,-34.917743],[138.591502,-34.917726],[138.591413,-34.917706],[138.591313,-34.917674],[138.591197,-34.917631],[138.591081,-34.917585],[138.59081,-34.917468],[138.590196,-34.91719],[138.589609,-34.916911],[138.589246,-34.916731],[138.588881,-34.916535],[138.588393,-34.916241],[138.587895,-34.915934],[138.587521,-34.915697],[138.587128,-34.915451],[138.58686,-34.915293],[138.58662,-34.915149],[138.586337,-34.914975],[138.586104,-34.914819],[138.585713,-34.914586],[138.585403,-34.914381],[138.585151,-34.914207],[138.584983,-34.914094],[138.584857,-34.914006],[138.584565,-34.913798],[138.58435,-34.913652],[138.584145,-34.913513],[138.583945,-34.91339],[138.58374,-34.913254],[138.583435,-34.91304],[138.583309,-34.912948],[138.583201,-34.912867],[138.583086,-34.912769],[138.582949,-34.912643],[138.582818,-34.912507],[138.582709,-34.912376],[138.58264,-34.912286],[138.582565,-34.912193],[138.58245,-34.912036],[138.582139,-34.911589],[138.582012,-34.911366],[138.581907,-34.91118],[138.581854,-34.911063],[138.581765,-34.910868],[138.581676,-34.91065],[138.581607,-34.910454],[138.581546,-34.910255],[138.581494,-34.91006],[138.581423,-34.909744],[138.581387,-34.909536],[138.581361,-34.90932],[138.581347,-34.909115],[138.58135,-34.90895],[138.581366,-34.908779],[138.581391,-34.908601],[138.58142,-34.908429],[138.581461,-34.908233],[138.581501,-34.908068],[138.581548,-34.907886],[138.581603,-34.907689],[138.581653,-34.907508],[138.581719,-34.907282],[138.581771,-34.907118],[138.581798,-34.907017],[138.581909,-34.906697],[138.581975,-34.906476],[138.582038,-34.906304],[138.582076,-34.90623]]}},{"type":"Feature","properties":{"tier":"arterial"},"geometry":{"type":"LineString","coordinates":[[138.589082,-34.936244],[138.589796,-34.93621],[138.591124,-34.936148],[138.59119,-34.936145],[138.591309,-34.93614],[138.591396,-34.936135],[138.592679,-34.936065],[138.593388,-34.936028],[138.59377,-34.936008]]}},{"type":"Feature","properties":{"tier":"high"},"geometry":{"type":"LineString","coordinates":[[138.569928,-34.927589],[138.569982,-34.927603],[138.570004,-34.927619],[138.570029,-34.927643],[138.570054,-34.927676]]}},{"type":"Feature","properties":{"tier":"arterial"},"geometry":{"type":"LineString","coordinates":[[138.592973,-34.924673],[138.593087,-34.924668],[138.59377,-34.924634]]}},{"type":"Feature","properties":{"tier":"arterial"},"geometry":{"type":"LineString","coordinates":[[138.591459,-34.922021],[138.590955,-34.922049],[138.590896,-34.922053]]}},{"type":"Feature","properties":{"tier":"arterial"},"geometry":{"type":"LineString","coordinates":[[138.582008,-34.920021],[138.581965,-34.920081],[138.581946,-34.920111],[138.581906,-34.920168]]}},{"type":"Feature","properties":{"tier":"high"},"geometry":{"type":"LineString","coordinates":[[138.57365,-34.90623],[138.573637,-34.906277]]}},{"type":"Feature","properties":{"tier":"high"},"geometry":{"type":"LineString","coordinates":[[138.578155,-34.907815],[138.578013,-34.907939]]}},{"type":"Feature","properties":{"tier":"high"},"geometry":{"type":"LineString","coordinates":[[138.577588,-34.908313],[138.577291,-34.908494],[138.577187,-34.908549],[138.577165,-34.908561],[138.577049,-34.908606]]}},{"type":"Feature","properties":{"tier":"high"},"geometry":{"type":"LineString","coordinates":[[138.578211,-34.907868],[138.578069,-34.907989]]}},{"type":"Feature","properties":{"tier":"high"},"geometry":{"type":"LineString","coordinates":[[138.577755,-34.908285],[138.577637,-34.908387],[138.577589,-34.908423],[138.577543,-34.908457],[138.577428,-34.908537],[138.577297,-34.908628],[138.577277,-34.908652],[138.577251,-34.90869],[138.577231,-34.908727],[138.577214,-34.90877],[138.577204,-34.908813],[138.577199,-34.908874],[138.577199,-34.908924],[138.577205,-34.908991]]}},{"type":"Feature","properties":{"tier":"high"},"geometry":{"type":"LineString","coordinates":[[138.578023,-34.907722],[138.578068,-34.907677],[138.578334,-34.907443],[138.57886,-34.906977]]}},{"type":"Feature","properties":{"tier":"high"},"geometry":{"type":"LineString","coordinates":[[138.577886,-34.907843],[138.578023,-34.907722]]}},{"type":"Feature","properties":{"tier":"arterial"},"geometry":{"type":"LineString","coordinates":[[138.568411,-34.923839],[138.567817,-34.923865],[138.567121,-34.923896]]}},{"type":"Feature","properties":{"tier":"regional"},"geometry":{"type":"LineString","coordinates":[[138.59158,-34.923382],[138.591923,-34.923364],[138.592273,-34.923346]]}},{"type":"Feature","properties":{"tier":"high"},"geometry":{"type":"LineString","coordinates":[[138.574825,-34.931546],[138.574898,-34.931436],[138.574961,-34.931342]]}},{"type":"Feature","properties":{"tier":"arterial"},"geometry":{"type":"LineString","coordinates":[[138.576522,-34.932649],[138.576535,-34.93242],[138.576583,-34.932177],[138.576602,-34.932053],[138.576622,-34.931921],[138.576647,-34.931651]]}},{"type":"Feature","properties":{"tier":"arterial"},"geometry":{"type":"LineString","coordinates":[[138.576733,-34.931651],[138.576737,-34.931764],[138.57674,-34.931833],[138.576703,-34.932088],[138.576642,-34.932342],[138.576609,-34.93245],[138.576522,-34.932649]]}},{"type":"Feature","properties":{"tier":"regional"},"geometry":{"type":"LineString","coordinates":[[138.572658,-34.913734],[138.572479,-34.913607],[138.572396,-34.913575],[138.572319,-34.91356],[138.572238,-34.913562]]}},{"type":"Feature","properties":{"tier":"regional"},"geometry":{"type":"LineString","coordinates":[[138.566235,-34.914637],[138.565587,-34.914754]]}},{"type":"Feature","properties":{"tier":"high"},"geometry":{"type":"LineString","coordinates":[[138.566217,-34.914574],[138.566235,-34.914637]]}},{"type":"Feature","properties":{"tier":"high"},"geometry":{"type":"LineString","coordinates":[[138.564617,-34.911994],[138.564628,-34.912026],[138.564661,-34.912108],[138.564701,-34.912194],[138.564763,-34.9123],[138.564857,-34.912468],[138.564965,-34.912628],[138.56524,-34.912892],[138.565566,-34.91319],[138.565924,-34.913773]]}},{"type":"Feature","properties":{"tier":"regional"},"geometry":{"type":"LineString","coordinates":[[138.565576,-34.914662],[138.566217,-34.914574]]}},{"type":"Feature","properties":{"tier":"regional"},"geometry":{"type":"LineString","coordinates":[[138.562775,-34.914495],[138.562535,-34.914412]]}},{"type":"Feature","properties":{"tier":"regional"},"geometry":{"type":"LineString","coordinates":[[138.562535,-34.914412],[138.562763,-34.914362]]}},{"type":"Feature","properties":{"tier":"arterial"},"geometry":{"type":"LineString","coordinates":[[138.573197,-34.909218],[138.573103,-34.909175],[138.572974,-34.909098],[138.572123,-34.908544],[138.571795,-34.908323],[138.571637,-34.908217]]}},{"type":"Feature","properties":{"tier":"arterial"},"geometry":{"type":"LineString","coordinates":[[138.569562,-34.906727],[138.570217,-34.907163],[138.570833,-34.907572]]}},{"type":"Feature","properties":{"tier":"arterial"},"geometry":{"type":"LineString","coordinates":[[138.588081,-34.930719],[138.588094,-34.930858],[138.58813,-34.931392]]}},{"type":"Feature","properties":{"tier":"arterial"},"geometry":{"type":"LineString","coordinates":[[138.587999,-34.929541],[138.588038,-34.930117],[138.588043,-34.930183],[138.58807,-34.9306],[138.588073,-34.930639],[138.588081,-34.930719]]}},{"type":"Feature","properties":{"tier":"arterial"},"geometry":{"type":"LineString","coordinates":[[138.587899,-34.931412],[138.587858,-34.930889],[138.587857,-34.930871],[138.587846,-34.93073]]}},{"type":"Feature","properties":{"tier":"arterial"},"geometry":{"type":"LineString","coordinates":[[138.588057,-34.933524],[138.588055,-34.933486],[138.587954,-34.932131]]}},{"type":"Feature","properties":{"tier":"arterial"},"geometry":{"type":"LineString","coordinates":[[138.587982,-34.929331],[138.587989,-34.929414],[138.587999,-34.929541]]}},{"type":"Feature","properties":{"tier":"arterial"},"geometry":{"type":"LineString","coordinates":[[138.587971,-34.92918],[138.587982,-34.929331]]}},{"type":"Feature","properties":{"tier":"arterial"},"geometry":{"type":"LineString","coordinates":[[138.587739,-34.929341],[138.587727,-34.929192]]}},{"type":"Feature","properties":{"tier":"arterial"},"geometry":{"type":"LineString","coordinates":[[138.587857,-34.927752],[138.587864,-34.927843],[138.587866,-34.927879],[138.587903,-34.928318]]}},{"type":"Feature","properties":{"tier":"arterial"},"geometry":{"type":"LineString","coordinates":[[138.587625,-34.924952],[138.587631,-34.925038],[138.587674,-34.925551],[138.587742,-34.926375]]}},{"type":"Feature","properties":{"tier":"arterial"},"geometry":{"type":"LineString","coordinates":[[138.587661,-34.928327],[138.587631,-34.92792],[138.587629,-34.927892],[138.587627,-34.927854],[138.587621,-34.927763]]}},{"type":"Feature","properties":{"tier":"arterial"},"geometry":{"type":"LineString","coordinates":[[138.587727,-34.929192],[138.587721,-34.929118],[138.587703,-34.928877]]}},{"type":"Feature","properties":{"tier":"arterial"},"geometry":{"type":"LineString","coordinates":[[138.580342,-34.930313],[138.580649,-34.930238]]}},{"type":"Feature","properties":{"tier":"arterial"},"geometry":{"type":"LineString","coordinates":[[138.580348,-34.930436],[138.580103,-34.930498]]}},{"type":"Feature","properties":{"tier":"arterial"},"geometry":{"type":"LineString","coordinates":[[138.587405,-34.924801],[138.587392,-34.924651],[138.587323,-34.923708],[138.587323,-34.923706],[138.587321,-34.923685],[138.587317,-34.923598]]}},{"type":"Feature","properties":{"tier":"arterial"},"geometry":{"type":"LineString","coordinates":[[138.587413,-34.924931],[138.587405,-34.924801]]}},{"type":"Feature","properties":{"tier":"arterial"},"geometry":{"type":"LineString","coordinates":[[138.587614,-34.924823],[138.587619,-34.924889],[138.587625,-34.924952]]}},{"type":"Feature","properties":{"tier":"arterial"},"geometry":{"type":"LineString","coordinates":[[138.573368,-34.931738],[138.572428,-34.931788],[138.571957,-34.931816],[138.571534,-34.931853]]}},{"type":"Feature","properties":{"tier":"arterial"},"geometry":{"type":"LineString","coordinates":[[138.574994,-34.931626],[138.574752,-34.931655]]}},{"type":"Feature","properties":{"tier":"arterial"},"geometry":{"type":"LineString","coordinates":[[138.574825,-34.931546],[138.575067,-34.931512]]}},{"type":"Feature","properties":{"tier":"arterial"},"geometry":{"type":"LineString","coordinates":[[138.574018,-34.931589],[138.574636,-34.931559],[138.574698,-34.931556],[138.574825,-34.931546]]}},{"type":"Feature","properties":{"tier":"arterial"},"geometry":{"type":"LineString","coordinates":[[138.57336,-34.93162],[138.574018,-34.931589]]}},{"type":"Feature","properties":{"tier":"arterial"},"geometry":{"type":"LineString","coordinates":[[138.573993,-34.931704],[138.573368,-34.931738]]}},{"type":"Feature","properties":{"tier":"arterial"},"geometry":{"type":"LineString","coordinates":[[138.574752,-34.931655],[138.574628,-34.931666],[138.573993,-34.931704]]}},{"type":"Feature","properties":{"tier":"high"},"geometry":{"type":"LineString","coordinates":[[138.575835,-34.930296],[138.5758,-34.930351],[138.575754,-34.930437]]}},{"type":"Feature","properties":{"tier":"high"},"geometry":{"type":"LineString","coordinates":[[138.575894,-34.930203],[138.575835,-34.930296]]}},{"type":"Feature","properties":{"tier":"arterial"},"geometry":{"type":"LineString","coordinates":[[138.57575,-34.930152],[138.575894,-34.930203]]}},{"type":"Feature","properties":{"tier":"high"},"geometry":{"type":"LineString","coordinates":[[138.5757,-34.930224],[138.57575,-34.930152]]}},{"type":"Feature","properties":{"tier":"high"},"geometry":{"type":"LineString","coordinates":[[138.574961,-34.931342],[138.575634,-34.930321],[138.575655,-34.930292],[138.5757,-34.930224]]}},{"type":"Feature","properties":{"tier":"high"},"geometry":{"type":"LineString","coordinates":[[138.575835,-34.930296],[138.5757,-34.930224]]}},{"type":"Feature","properties":{"tier":"arterial"},"geometry":{"type":"LineString","coordinates":[[138.575583,-34.923422],[138.576556,-34.923391]]}},{"type":"Feature","properties":{"tier":"arterial"},"geometry":{"type":"LineString","coordinates":[[138.57444,-34.923473],[138.575583,-34.923422]]}},{"type":"Feature","properties":{"tier":"arterial"},"geometry":{"type":"LineString","coordinates":[[138.57559,-34.923546],[138.574449,-34.923593]]}},{"type":"Feature","properties":{"tier":"arterial"},"geometry":{"type":"LineString","coordinates":[[138.582008,-34.920021],[138.58213,-34.920071],[138.582396,-34.920181]]}},{"type":"Feature","properties":{"tier":"arterial"},"geometry":{"type":"LineString","coordinates":[[138.582191,-34.920289],[138.582064,-34.920233],[138.582035,-34.920222],[138.581906,-34.920168]]}},{"type":"Feature","properties":{"tier":"high"},"geometry":{"type":"LineString","coordinates":[[138.578789,-34.919942],[138.57894,-34.919933]]}},{"type":"Feature","properties":{"tier":"high"},"geometry":{"type":"LineString","coordinates":[[138.578804,-34.918599],[138.578812,-34.918672],[138.578828,-34.918808],[138.57883,-34.91885]]}},{"type":"Feature","properties":{"tier":"high"},"geometry":{"type":"LineString","coordinates":[[138.578789,-34.919942],[138.578751,-34.919588],[138.578733,-34.919446],[138.578704,-34.919271],[138.578635,-34.918902],[138.578627,-34.91886]]}},{"type":"Feature","properties":{"tier":"high"},"geometry":{"type":"LineString","coordinates":[[138.578888,-34.920593],[138.578812,-34.92012],[138.578789,-34.919942]]}},{"type":"Feature","properties":{"tier":"high"},"geometry":{"type":"LineString","coordinates":[[138.573637,-34.906277],[138.573506,-34.906415],[138.57343,-34.906494]]}},{"type":"Feature","properties":{"tier":"high"},"geometry":{"type":"LineString","coordinates":[[138.57403,-34.906873],[138.57343,-34.906494]]}},{"type":"Feature","properties":{"tier":"high"},"geometry":{"type":"LineString","coordinates":[[138.57544,-34.907811],[138.575265,-34.907696],[138.574607,-34.907261],[138.574573,-34.907238],[138.574455,-34.907162],[138.57403,-34.906873]]}},{"type":"Feature","properties":{"tier":"high"},"geometry":{"type":"LineString","coordinates":[[138.566314,-34.91496],[138.566427,-34.915326],[138.56658,-34.915695],[138.566666,-34.915858],[138.566825,-34.916158],[138.566961,-34.916416],[138.56705,-34.916587]]}},{"type":"Feature","properties":{"tier":"high"},"geometry":{"type":"LineString","coordinates":[[138.567038,-34.917054],[138.566914,-34.916934],[138.566658,-34.916741],[138.566414,-34.916514],[138.566267,-34.916363]]}},{"type":"Feature","properties":{"tier":"high"},"geometry":{"type":"LineString","coordinates":[[138.567258,-34.917245],[138.567038,-34.917054]]}},{"type":"Feature","properties":{"tier":"high"},"geometry":{"type":"LineString","coordinates":[[138.56705,-34.916587],[138.567293,-34.917054],[138.567317,-34.917095]]}},{"type":"Feature","properties":{"tier":"arterial"},"geometry":{"type":"LineString","coordinates":[[138.56248,-34.932173],[138.562546,-34.93217]]}},{"type":"Feature","properties":{"tier":"high"},"geometry":{"type":"LineString","coordinates":[[138.569964,-34.926331],[138.569851,-34.926334]]}},{"type":"Feature","properties":{"tier":"high"},"geometry":{"type":"LineString","coordinates":[[138.569848,-34.926274],[138.569959,-34.926271]]}},{"type":"Feature","properties":{"tier":"arterial"},"geometry":{"type":"LineString","coordinates":[[138.570287,-34.931956],[138.570222,-34.931961],[138.570088,-34.931967]]}},{"type":"Feature","properties":{"tier":"arterial"},"geometry":{"type":"LineString","coordinates":[[138.56918,-34.931879],[138.569519,-34.931873],[138.570072,-34.931857],[138.570136,-34.931854],[138.5702,-34.931852],[138.57028,-34.931848]]}},{"type":"Feature","properties":{"tier":"arterial"},"geometry":{"type":"LineString","coordinates":[[138.566711,-34.923915],[138.566211,-34.923943],[138.566093,-34.92395],[138.566018,-34.923954]]}},{"type":"Feature","properties":{"tier":"arterial"},"geometry":{"type":"LineString","coordinates":[[138.566008,-34.923852],[138.566593,-34.923823],[138.566707,-34.923817]]}},{"type":"Feature","properties":{"tier":"high"},"geometry":{"type":"LineString","coordinates":[[138.570536,-34.933936],[138.570596,-34.934703]]}},{"type":"Feature","properties":{"tier":"high"},"geometry":{"type":"LineString","coordinates":[[138.570575,-34.935904],[138.570557,-34.935582],[138.570528,-34.935245]]}},{"type":"Feature","properties":{"tier":"arterial"},"geometry":{"type":"LineString","coordinates":[[138.562808,-34.924138],[138.56248,-34.92415]]}},{"type":"Feature","properties":{"tier":"arterial"},"geometry":{"type":"LineString","coordinates":[[138.56248,-34.924063],[138.563606,-34.923972],[138.564802,-34.923912],[138.56562,-34.923871],[138.565809,-34.923862]]}},{"type":"Feature","properties":{"tier":"arterial"},"geometry":{"type":"LineString","coordinates":[[138.565809,-34.923862],[138.566008,-34.923852]]}},{"type":"Feature","properties":{"tier":"arterial"},"geometry":{"type":"LineString","coordinates":[[138.566018,-34.923954],[138.565941,-34.923957],[138.565841,-34.923961]]}},{"type":"Feature","properties":{"tier":"arterial"},"geometry":{"type":"LineString","coordinates":[[138.566707,-34.923817],[138.567226,-34.923792]]}},{"type":"Feature","properties":{"tier":"arterial"},"geometry":{"type":"LineString","coordinates":[[138.567226,-34.923792],[138.56841,-34.923733]]}},{"type":"Feature","properties":{"tier":"arterial"},"geometry":{"type":"LineString","coordinates":[[138.567121,-34.923896],[138.566711,-34.923915]]}},{"type":"Feature","properties":{"tier":"high"},"geometry":{"type":"LineString","coordinates":[[138.567768,-34.918175],[138.567614,-34.917884]]}},{"type":"Feature","properties":{"tier":"high"},"geometry":{"type":"LineString","coordinates":[[138.567317,-34.917095],[138.567477,-34.917399],[138.567494,-34.91743],[138.567588,-34.917614]]}},{"type":"Feature","properties":{"tier":"high"},"geometry":{"type":"LineString","coordinates":[[138.570167,-34.929203],[138.570203,-34.929635]]}},{"type":"Feature","properties":{"tier":"high"},"geometry":{"type":"LineString","coordinates":[[138.570095,-34.929642],[138.570042,-34.929221]]}},{"type":"Feature","properties":{"tier":"high"},"geometry":{"type":"LineString","coordinates":[[138.57028,-34.931848],[138.570273,-34.931762],[138.570267,-34.931692],[138.570241,-34.931385],[138.570213,-34.931044],[138.570095,-34.929642]]}},{"type":"Feature","properties":{"tier":"high"},"geometry":{"type":"LineString","coordinates":[[138.570335,-34.930714],[138.570371,-34.930994],[138.570422,-34.931379]]}},{"type":"Feature","properties":{"tier":"high"},"geometry":{"type":"LineString","coordinates":[[138.57,-34.926917],[138.57003,-34.927303],[138.570041,-34.927493]]}},{"type":"Feature","properties":{"tier":"high"},"geometry":{"type":"LineString","coordinates":[[138.569928,-34.927589],[138.569893,-34.926913]]}},{"type":"Feature","properties":{"tier":"high"},"geometry":{"type":"LineString","coordinates":[[138.570041,-34.927493],[138.570054,-34.927676],[138.570067,-34.927873],[138.570112,-34.928551],[138.570136,-34.928837],[138.570139,-34.928868],[138.570157,-34.929078],[138.570167,-34.929203]]}},{"type":"Feature","properties":{"tier":"high"},"geometry":{"type":"LineString","coordinates":[[138.570042,-34.929221],[138.570012,-34.928877],[138.56999,-34.928533],[138.569928,-34.927589]]}},{"type":"Feature","properties":{"tier":"arterial"},"geometry":{"type":"LineString","coordinates":[[138.567246,-34.931947],[138.567776,-34.931922],[138.568083,-34.931908]]}},{"type":"Feature","properties":{"tier":"arterial"},"geometry":{"type":"LineString","coordinates":[[138.56809,-34.932013],[138.56804,-34.932015],[138.567251,-34.93205]]}},{"type":"Feature","properties":{"tier":"high"},"geometry":{"type":"LineString","coordinates":[[138.568463,-34.919506],[138.568036,-34.918682]]}},{"type":"Feature","properties":{"tier":"high"},"geometry":{"type":"LineString","coordinates":[[138.568122,-34.918642],[138.568308,-34.91898],[138.568548,-34.919446]]}},{"type":"Feature","properties":{"tier":"high"},"geometry":{"type":"LineString","coordinates":[[138.568548,-34.919446],[138.568692,-34.919741],[138.56891,-34.92014],[138.568964,-34.920238]]}},{"type":"Feature","properties":{"tier":"high"},"geometry":{"type":"LineString","coordinates":[[138.568858,-34.920263],[138.568463,-34.919506]]}},{"type":"Feature","properties":{"tier":"high"},"geometry":{"type":"LineString","coordinates":[[138.568036,-34.918682],[138.567768,-34.918175]]}},{"type":"Feature","properties":{"tier":"high"},"geometry":{"type":"LineString","coordinates":[[138.567843,-34.9181],[138.568122,-34.918642]]}},{"type":"Feature","properties":{"tier":"high"},"geometry":{"type":"LineString","coordinates":[[138.570596,-34.934703],[138.570634,-34.935242]]}},{"type":"Feature","properties":{"tier":"high"},"geometry":{"type":"LineString","coordinates":[[138.57049,-34.934709],[138.570435,-34.933942]]}},{"type":"Feature","properties":{"tier":"high"},"geometry":{"type":"LineString","coordinates":[[138.570528,-34.935245],[138.57049,-34.934709]]}},{"type":"Feature","properties":{"tier":"high"},"geometry":{"type":"LineString","coordinates":[[138.570634,-34.935242],[138.570691,-34.935895]]}},{"type":"Feature","properties":{"tier":"high"},"geometry":{"type":"LineString","coordinates":[[138.569589,-34.922379],[138.569565,-34.922059],[138.569551,-34.921895],[138.569523,-34.921742]]}},{"type":"Feature","properties":{"tier":"high"},"geometry":{"type":"LineString","coordinates":[[138.569687,-34.923683],[138.569683,-34.923621],[138.569672,-34.923483]]}},{"type":"Feature","properties":{"tier":"high"},"geometry":{"type":"LineString","coordinates":[[138.569548,-34.921489],[138.569606,-34.92171]]}},{"type":"Feature","properties":{"tier":"high"},"geometry":{"type":"LineString","coordinates":[[138.569606,-34.92171],[138.569634,-34.921864],[138.569657,-34.922032],[138.569699,-34.922374]]}},{"type":"Feature","properties":{"tier":"high"},"geometry":{"type":"LineString","coordinates":[[138.569959,-34.926271],[138.56996,-34.92629],[138.569964,-34.926331],[138.569978,-34.926476],[138.569992,-34.92682],[138.57,-34.926917]]}},{"type":"Feature","properties":{"tier":"high"},"geometry":{"type":"LineString","coordinates":[[138.569916,-34.925648],[138.569959,-34.926271]]}},{"type":"Feature","properties":{"tier":"high"},"geometry":{"type":"LineString","coordinates":[[138.569848,-34.926274],[138.569798,-34.925653]]}},{"type":"Feature","properties":{"tier":"high"},"geometry":{"type":"LineString","coordinates":[[138.569893,-34.926913],[138.569872,-34.926618],[138.569851,-34.926334],[138.569848,-34.926274]]}},{"type":"Feature","properties":{"tier":"arterial"},"geometry":{"type":"LineString","coordinates":[[138.56459,-34.932184],[138.564089,-34.932206],[138.563665,-34.932225],[138.563565,-34.932231]]}},{"type":"Feature","properties":{"tier":"arterial"},"geometry":{"type":"LineString","coordinates":[[138.567251,-34.93205],[138.565821,-34.932123],[138.56528,-34.932149],[138.56459,-34.932184]]}},{"type":"Feature","properties":{"tier":"arterial"},"geometry":{"type":"LineString","coordinates":[[138.564561,-34.932072],[138.565239,-34.932043],[138.565333,-34.932039],[138.565831,-34.932017],[138.566492,-34.931984],[138.567246,-34.931947]]}},{"type":"Feature","properties":{"tier":"high"},"geometry":{"type":"LineString","coordinates":[[138.570827,-34.937507],[138.570828,-34.93752]]}},{"type":"Feature","properties":{"tier":"arterial"},"geometry":{"type":"LineString","coordinates":[[138.564925,-34.908514],[138.564878,-34.908398],[138.564842,-34.908169],[138.56483,-34.908061],[138.564815,-34.907846],[138.564811,-34.907691]]}},{"type":"Feature","properties":{"tier":"arterial"},"geometry":{"type":"LineString","coordinates":[[138.565585,-34.906255],[138.565492,-34.906771],[138.565297,-34.907817],[138.565247,-34.908118],[138.565006,-34.909312]]}},{"type":"Feature","properties":{"tier":"high"},"geometry":{"type":"LineString","coordinates":[[138.565105,-34.906914],[138.565169,-34.906582],[138.565237,-34.90623]]}},{"type":"Feature","properties":{"tier":"arterial"},"geometry":{"type":"LineString","coordinates":[[138.584513,-34.924294],[138.585444,-34.924517],[138.586056,-34.924602],[138.587156,-34.924769],[138.587217,-34.924777],[138.587218,-34.924777],[138.587273,-34.924785],[138.587405,-34.924801]]}},{"type":"Feature","properties":{"tier":"arterial"},"geometry":{"type":"LineString","coordinates":[[138.584481,-34.924393],[138.584513,-34.924294]]}},{"type":"Feature","properties":{"tier":"high"},"geometry":{"type":"LineString","coordinates":[[138.564887,-34.909425],[138.564909,-34.909265],[138.564923,-34.909065],[138.56493,-34.908844],[138.564925,-34.908514]]}},{"type":"Feature","properties":{"tier":"arterial"},"geometry":{"type":"LineString","coordinates":[[138.579383,-34.919143],[138.579227,-34.919078],[138.579101,-34.91901],[138.578977,-34.918947],[138.578953,-34.918931],[138.578912,-34.918909],[138.57883,-34.91885]]}},{"type":"Feature","properties":{"tier":"arterial"},"geometry":{"type":"LineString","coordinates":[[138.587261,-34.922147],[138.587295,-34.922029],[138.587321,-34.921948]]}},{"type":"Feature","properties":{"tier":"arterial"},"geometry":{"type":"LineString","coordinates":[[138.59354,-34.921922],[138.593533,-34.921954],[138.593531,-34.921977],[138.593531,-34.921998],[138.593531,-34.922025],[138.593538,-34.92211],[138.593539,-34.922151],[138.593537,-34.922199],[138.593534,-34.922269],[138.593533,-34.92231],[138.593533,-34.922346],[138.593553,-34.922601],[138.59356,-34.922695],[138.593571,-34.922826],[138.593572,-34.922858],[138.593572,-34.922874],[138.593568,-34.922891],[138.593556,-34.922908],[138.593546,-34.922919],[138.593539,-34.922925],[138.593494,-34.922965]]}},{"type":"Feature","properties":{"tier":"high"},"geometry":{"type":"LineString","coordinates":[[138.579485,-34.923329],[138.579457,-34.923563]]}},{"type":"Feature","properties":{"tier":"high"},"geometry":{"type":"LineString","coordinates":[[138.579528,-34.92333],[138.579532,-34.923564]]}},{"type":"Feature","properties":{"tier":"high"},"geometry":{"type":"LineString","coordinates":[[138.579109,-34.921913],[138.579191,-34.921906]]}},{"type":"Feature","properties":{"tier":"regional"},"geometry":{"type":"LineString","coordinates":[[138.576569,-34.928736],[138.576682,-34.928386],[138.57674,-34.928231],[138.576778,-34.928151],[138.576838,-34.928051],[138.577356,-34.927289],[138.577412,-34.927206]]}},{"type":"Feature","properties":{"tier":"arterial"},"geometry":{"type":"LineString","coordinates":[[138.593363,-34.923191],[138.593325,-34.923135],[138.593304,-34.923098],[138.593271,-34.92302],[138.593253,-34.922967],[138.593241,-34.922927],[138.593222,-34.922834],[138.593215,-34.922757],[138.593211,-34.92272],[138.593187,-34.922401],[138.593161,-34.922039],[138.593159,-34.922016],[138.593153,-34.921926]]}},{"type":"Feature","properties":{"tier":"arterial"},"geometry":{"type":"LineString","coordinates":[[138.593588,-34.926102],[138.593575,-34.926097],[138.59354,-34.926079],[138.593519,-34.926071]]}},{"type":"Feature","properties":{"tier":"regional"},"geometry":{"type":"LineString","coordinates":[[138.593691,-34.926032],[138.593519,-34.926071]]}},{"type":"Feature","properties":{"tier":"regional"},"geometry":{"type":"LineString","coordinates":[[138.593467,-34.932077],[138.593421,-34.931992],[138.593407,-34.931965],[138.593393,-34.931942],[138.593387,-34.931933],[138.593378,-34.931923],[138.593363,-34.931912],[138.593347,-34.931902],[138.593331,-34.931895],[138.593312,-34.931888],[138.59328,-34.931879],[138.593256,-34.93186]]}},{"type":"Feature","properties":{"tier":"regional"},"geometry":{"type":"LineString","coordinates":[[138.59355,-34.933395],[138.593517,-34.933363],[138.593506,-34.933354],[138.593499,-34.933349],[138.593476,-34.933335],[138.593447,-34.933321],[138.593405,-34.933305],[138.593376,-34.933296],[138.593345,-34.933291],[138.593263,-34.933269]]}},{"type":"Feature","properties":{"tier":"arterial"},"geometry":{"type":"LineString","coordinates":[[138.587621,-34.927763],[138.587616,-34.927698],[138.58754,-34.926668],[138.587519,-34.926386]]}},{"type":"Feature","properties":{"tier":"arterial"},"geometry":{"type":"LineString","coordinates":[[138.587742,-34.926375],[138.587845,-34.927597],[138.587853,-34.927683],[138.587857,-34.927752]]}},{"type":"Feature","properties":{"tier":"high"},"geometry":{"type":"LineString","coordinates":[[138.569872,-34.923961],[138.569896,-34.924333],[138.569895,-34.924665],[138.569899,-34.925]]}},{"type":"Feature","properties":{"tier":"high"},"geometry":{"type":"LineString","coordinates":[[138.569848,-34.923677],[138.569857,-34.923782]]}},{"type":"Feature","properties":{"tier":"arterial"},"geometry":{"type":"LineString","coordinates":[[138.56841,-34.923733],[138.569187,-34.923703]]}},{"type":"Feature","properties":{"tier":"high"},"geometry":{"type":"LineString","coordinates":[[138.576627,-34.908096],[138.576826,-34.908308],[138.576908,-34.908408],[138.576926,-34.908432],[138.576983,-34.908501]]}},{"type":"Feature","properties":{"tier":"high"},"geometry":{"type":"LineString","coordinates":[[138.576382,-34.907929],[138.576627,-34.908096]]}},{"type":"Feature","properties":{"tier":"arterial"},"geometry":{"type":"LineString","coordinates":[[138.570976,-34.931898],[138.570603,-34.931928],[138.570536,-34.931932],[138.570459,-34.93194]]}},{"type":"Feature","properties":{"tier":"high"},"geometry":{"type":"LineString","coordinates":[[138.570454,-34.931838],[138.570459,-34.93194]]}},{"type":"Feature","properties":{"tier":"arterial"},"geometry":{"type":"LineString","coordinates":[[138.57028,-34.931848],[138.570454,-34.931838]]}},{"type":"Feature","properties":{"tier":"high"},"geometry":{"type":"LineString","coordinates":[[138.570287,-34.931956],[138.57028,-34.931848]]}},{"type":"Feature","properties":{"tier":"arterial"},"geometry":{"type":"LineString","coordinates":[[138.570459,-34.93194],[138.570287,-34.931956]]}},{"type":"Feature","properties":{"tier":"arterial"},"geometry":{"type":"LineString","coordinates":[[138.574795,-34.908943],[138.575629,-34.908779]]}},{"type":"Feature","properties":{"tier":"high"},"geometry":{"type":"LineString","coordinates":[[138.573861,-34.90623],[138.574354,-34.906554],[138.574624,-34.906727],[138.574684,-34.906766],[138.574784,-34.906832],[138.574843,-34.906871],[138.574896,-34.906907],[138.575202,-34.907125],[138.575608,-34.907414]]}},{"type":"Feature","properties":{"tier":"high"},"geometry":{"type":"LineString","coordinates":[[138.575371,-34.93105],[138.575155,-34.931388],[138.575138,-34.931414],[138.575067,-34.931512]]}},{"type":"Feature","properties":{"tier":"high"},"geometry":{"type":"LineString","coordinates":[[138.579511,-34.923104],[138.579528,-34.92333]]}},{"type":"Feature","properties":{"tier":"high"},"geometry":{"type":"LineString","coordinates":[[138.579532,-34.923564],[138.579528,-34.923736],[138.579527,-34.923798],[138.579509,-34.92397]]}},{"type":"Feature","properties":{"tier":"arterial"},"geometry":{"type":"LineString","coordinates":[[138.580294,-34.919497],[138.579383,-34.919143]]}},{"type":"Feature","properties":{"tier":"arterial"},"geometry":{"type":"LineString","coordinates":[[138.581906,-34.920168],[138.580294,-34.919497]]}},{"type":"Feature","properties":{"tier":"high"},"geometry":{"type":"LineString","coordinates":[[138.578475,-34.916429],[138.578613,-34.917086],[138.578649,-34.917262],[138.578784,-34.918005]]}},{"type":"Feature","properties":{"tier":"arterial"},"geometry":{"type":"LineString","coordinates":[[138.587177,-34.92922],[138.587587,-34.929199],[138.587599,-34.929199],[138.587727,-34.929192]]}},{"type":"Feature","properties":{"tier":"regional"},"geometry":{"type":"LineString","coordinates":[[138.565322,-34.914678],[138.565416,-34.914672],[138.565576,-34.914662]]}},{"type":"Feature","properties":{"tier":"arterial"},"geometry":{"type":"LineString","coordinates":[[138.592968,-34.917909],[138.592957,-34.917677],[138.592956,-34.917648],[138.592953,-34.917587]]}},{"type":"Feature","properties":{"tier":"high"},"geometry":{"type":"LineString","coordinates":[[138.579385,-34.923735],[138.579392,-34.923622]]}},{"type":"Feature","properties":{"tier":"high"},"geometry":{"type":"LineString","coordinates":[[138.577408,-34.911736],[138.577364,-34.911496],[138.577187,-34.910344]]}},{"type":"Feature","properties":{"tier":"regional"},"geometry":{"type":"LineString","coordinates":[[138.57798,-34.913388],[138.577882,-34.9134],[138.577812,-34.913409],[138.577719,-34.91342]]}},{"type":"Feature","properties":{"tier":"high"},"geometry":{"type":"LineString","coordinates":[[138.57575,-34.930152],[138.575856,-34.929971],[138.576112,-34.929591],[138.576192,-34.929496]]}},{"type":"Feature","properties":{"tier":"high"},"geometry":{"type":"LineString","coordinates":[[138.569819,-34.92332],[138.569841,-34.923584],[138.569843,-34.92361],[138.569848,-34.923677]]}},{"type":"Feature","properties":{"tier":"high"},"geometry":{"type":"LineString","coordinates":[[138.565671,-34.915193],[138.565587,-34.914754]]}},{"type":"Feature","properties":{"tier":"high"},"geometry":{"type":"LineString","coordinates":[[138.57343,-34.906494],[138.573238,-34.906364],[138.57304,-34.90623]]}},{"type":"Feature","properties":{"tier":"arterial"},"geometry":{"type":"LineString","coordinates":[[138.585075,-34.921149],[138.585197,-34.9212],[138.585836,-34.921469]]}},{"type":"Feature","properties":{"tier":"arterial"},"geometry":{"type":"LineString","coordinates":[[138.586237,-34.921917],[138.585047,-34.921393],[138.585019,-34.92138],[138.584942,-34.921346]]}},{"type":"Feature","properties":{"tier":"high"},"geometry":{"type":"LineString","coordinates":[[138.570435,-34.933942],[138.570365,-34.933306],[138.570344,-34.933054]]}},{"type":"Feature","properties":{"tier":"arterial"},"geometry":{"type":"LineString","coordinates":[[138.590896,-34.922053],[138.590769,-34.922061],[138.590709,-34.922064],[138.590052,-34.922095],[138.589337,-34.922129],[138.588623,-34.922163]]}},{"type":"Feature","properties":{"tier":"arterial"},"geometry":{"type":"LineString","coordinates":[[138.592389,-34.909639],[138.592434,-34.909752],[138.592448,-34.909789],[138.592475,-34.909929]]}},{"type":"Feature","properties":{"tier":"high"},"geometry":{"type":"LineString","coordinates":[[138.570809,-34.93732],[138.570827,-34.937507]]}},{"type":"Feature","properties":{"tier":"arterial"},"geometry":{"type":"LineString","coordinates":[[138.573197,-34.909218],[138.57314,-34.909307],[138.573066,-34.909375],[138.572975,-34.909415],[138.572739,-34.909464],[138.572553,-34.909479]]}},{"type":"Feature","properties":{"tier":"high"},"geometry":{"type":"LineString","coordinates":[[138.574994,-34.931626],[138.574936,-34.931718],[138.574886,-34.931796]]}},{"type":"Feature","properties":{"tier":"arterial"},"geometry":{"type":"LineString","coordinates":[[138.576564,-34.931356],[138.575982,-34.93147],[138.575728,-34.931516]]}},{"type":"Feature","properties":{"tier":"arterial"},"geometry":{"type":"LineString","coordinates":[[138.569695,-34.923787],[138.569638,-34.923789],[138.569511,-34.923792]]}},{"type":"Feature","properties":{"tier":"arterial"},"geometry":{"type":"LineString","coordinates":[[138.569848,-34.923677],[138.569912,-34.923674],[138.570031,-34.923669]]}},{"type":"Feature","properties":{"tier":"high"},"geometry":{"type":"LineString","coordinates":[[138.569734,-34.924291],[138.569723,-34.924152],[138.569703,-34.923885],[138.5697,-34.923851],[138.569695,-34.923787]]}},{"type":"Feature","properties":{"tier":"arterial"},"geometry":{"type":"LineString","coordinates":[[138.573403,-34.923512],[138.574326,-34.923477],[138.57444,-34.923473]]}},{"type":"Feature","properties":{"tier":"high"},"geometry":{"type":"LineString","coordinates":[[138.579392,-34.923622],[138.579297,-34.92362],[138.57919,-34.923617]]}},{"type":"Feature","properties":{"tier":"high"},"geometry":{"type":"LineString","coordinates":[[138.576351,-34.929502],[138.576226,-34.929671],[138.576046,-34.92996],[138.575932,-34.930147],[138.575894,-34.930203]]}},{"type":"Feature","properties":{"tier":"arterial"},"geometry":{"type":"LineString","coordinates":[[138.575894,-34.930203],[138.575985,-34.930245],[138.576138,-34.930318]]}},{"type":"Feature","properties":{"tier":"high"},"geometry":{"type":"LineString","coordinates":[[138.570422,-34.931379],[138.570449,-34.931723],[138.570451,-34.931759],[138.570454,-34.931838]]}},{"type":"Feature","properties":{"tier":"arterial"},"geometry":{"type":"LineString","coordinates":[[138.570454,-34.931838],[138.570527,-34.931834],[138.570538,-34.931833],[138.570703,-34.931819]]}},{"type":"Feature","properties":{"tier":"arterial"},"geometry":{"type":"LineString","coordinates":[[138.59314,-34.917552],[138.593143,-34.917622],[138.59315,-34.91784],[138.593167,-34.91837]]}},{"type":"Feature","properties":{"tier":"regional"},"geometry":{"type":"LineString","coordinates":[[138.59314,-34.917552],[138.593208,-34.917543],[138.593238,-34.917539],[138.593507,-34.917504]]}},{"type":"Feature","properties":{"tier":"high"},"geometry":{"type":"LineString","coordinates":[[138.576302,-34.908355],[138.575975,-34.90816],[138.57544,-34.907811]]}},{"type":"Feature","properties":{"tier":"high"},"geometry":{"type":"LineString","coordinates":[[138.576649,-34.908587],[138.576584,-34.908531],[138.576522,-34.908489],[138.576482,-34.908463],[138.576302,-34.908355]]}},{"type":"Feature","properties":{"tier":"arterial"},"geometry":{"type":"LineString","coordinates":[[138.573249,-34.909123],[138.573313,-34.909142],[138.573372,-34.909152],[138.573496,-34.909172],[138.573661,-34.909167],[138.574238,-34.90905]]}},{"type":"Feature","properties":{"tier":"high"},"geometry":{"type":"LineString","coordinates":[[138.575608,-34.907414],[138.576338,-34.9079],[138.576382,-34.907929]]}},{"type":"Feature","properties":{"tier":"arterial"},"geometry":{"type":"LineString","coordinates":[[138.579496,-34.918977],[138.579943,-34.919159]]}},{"type":"Feature","properties":{"tier":"high"},"geometry":{"type":"LineString","coordinates":[[138.578442,-34.916215],[138.578475,-34.916429]]}},{"type":"Feature","properties":{"tier":"high"},"geometry":{"type":"LineString","coordinates":[[138.578529,-34.918325],[138.578469,-34.917943],[138.578371,-34.91736],[138.578364,-34.917322],[138.578347,-34.917246]]}},{"type":"Feature","properties":{"tier":"high"},"geometry":{"type":"LineString","coordinates":[[138.578574,-34.918609],[138.578529,-34.918325]]}},{"type":"Feature","properties":{"tier":"high"},"geometry":{"type":"LineString","coordinates":[[138.578886,-34.919348],[138.57894,-34.919933]]}},{"type":"Feature","properties":{"tier":"arterial"},"geometry":{"type":"LineString","coordinates":[[138.574323,-34.909162],[138.573529,-34.909288],[138.573412,-34.909282],[138.573345,-34.909271],[138.573324,-34.909268],[138.573298,-34.909258],[138.573197,-34.909218]]}},{"type":"Feature","properties":{"tier":"arterial"},"geometry":{"type":"LineString","coordinates":[[138.564811,-34.907691],[138.564821,-34.907486],[138.564832,-34.907365],[138.564845,-34.907249],[138.564903,-34.906925]]}},{"type":"Feature","properties":{"tier":"arterial"},"geometry":{"type":"LineString","coordinates":[[138.564903,-34.906925],[138.565035,-34.90623]]}},{"type":"Feature","properties":{"tier":"arterial"},"geometry":{"type":"LineString","coordinates":[[138.565589,-34.90623],[138.565585,-34.906255]]}},{"type":"Feature","properties":{"tier":"arterial"},"geometry":{"type":"LineString","coordinates":[[138.569489,-34.9068],[138.569397,-34.906739]]}},{"type":"Feature","properties":{"tier":"arterial"},"geometry":{"type":"LineString","coordinates":[[138.563565,-34.932231],[138.56272,-34.932276],[138.562548,-34.932287]]}},{"type":"Feature","properties":{"tier":"arterial"},"geometry":{"type":"LineString","coordinates":[[138.588576,-34.936931],[138.588615,-34.93752]]}},{"type":"Feature","properties":{"tier":"arterial"},"geometry":{"type":"LineString","coordinates":[[138.587449,-34.922492],[138.587493,-34.922912],[138.587501,-34.923019]]}},{"type":"Feature","properties":{"tier":"arterial"},"geometry":{"type":"LineString","coordinates":[[138.582853,-34.92036],[138.58321,-34.9205],[138.584101,-34.920788],[138.584131,-34.920798],[138.584903,-34.921085],[138.585075,-34.921149]]}},{"type":"Feature","properties":{"tier":"arterial"},"geometry":{"type":"LineString","coordinates":[[138.587321,-34.921948],[138.587403,-34.921964],[138.587493,-34.921968]]}},{"type":"Feature","properties":{"tier":"arterial"},"geometry":{"type":"LineString","coordinates":[[138.59377,-34.921911],[138.59354,-34.921922]]}},{"type":"Feature","properties":{"tier":"arterial"},"geometry":{"type":"LineString","coordinates":[[138.57726,-34.93752],[138.577212,-34.937264],[138.577196,-34.937178],[138.577146,-34.936881],[138.577039,-34.936245],[138.577002,-34.936027],[138.576962,-34.935811],[138.576898,-34.93547],[138.57688,-34.935371],[138.576773,-34.934719],[138.576739,-34.934515],[138.576563,-34.933422],[138.576529,-34.933212],[138.576519,-34.932915],[138.576519,-34.9329],[138.576522,-34.932649]]}},{"type":"Feature","properties":{"tier":"arterial"},"geometry":{"type":"LineString","coordinates":[[138.589459,-34.929256],[138.588486,-34.929309]]}},{"type":"Feature","properties":{"tier":"arterial"},"geometry":{"type":"LineString","coordinates":[[138.587971,-34.92918],[138.58806,-34.929175],[138.588865,-34.929135]]}},{"type":"Feature","properties":{"tier":"arterial"},"geometry":{"type":"LineString","coordinates":[[138.587703,-34.928877],[138.587661,-34.928327]]}},{"type":"Feature","properties":{"tier":"high"},"geometry":{"type":"LineString","coordinates":[[138.569899,-34.925],[138.569916,-34.925648]]}},{"type":"Feature","properties":{"tier":"high"},"geometry":{"type":"LineString","coordinates":[[138.570203,-34.929635],[138.570335,-34.930714]]}},{"type":"Feature","properties":{"tier":"arterial"},"geometry":{"type":"LineString","coordinates":[[138.568083,-34.931908],[138.56918,-34.931879]]}},{"type":"Feature","properties":{"tier":"arterial"},"geometry":{"type":"LineString","coordinates":[[138.571534,-34.931853],[138.570976,-34.931898]]}},{"type":"Feature","properties":{"tier":"arterial"},"geometry":{"type":"LineString","coordinates":[[138.569184,-34.931988],[138.568437,-34.932005],[138.56809,-34.932013]]}},{"type":"Feature","properties":{"tier":"arterial"},"geometry":{"type":"LineString","coordinates":[[138.570088,-34.931967],[138.569453,-34.931982],[138.569184,-34.931988]]}},{"type":"Feature","properties":{"tier":"high"},"geometry":{"type":"LineString","coordinates":[[138.570344,-34.933054],[138.570308,-34.93255],[138.570305,-34.932511]]}},{"type":"Feature","properties":{"tier":"high"},"geometry":{"type":"LineString","coordinates":[[138.565522,-34.914335],[138.565393,-34.913807]]}},{"type":"Feature","properties":{"tier":"high"},"geometry":{"type":"LineString","coordinates":[[138.565576,-34.914662],[138.565522,-34.914335]]}},{"type":"Feature","properties":{"tier":"regional"},"geometry":{"type":"LineString","coordinates":[[138.56309,-34.914392],[138.563232,-34.914445],[138.563976,-34.914603],[138.564021,-34.914613],[138.564315,-34.914663],[138.564879,-34.914695]]}},{"type":"Feature","properties":{"tier":"high"},"geometry":{"type":"LineString","coordinates":[[138.566235,-34.914637],[138.566314,-34.91496]]}},{"type":"Feature","properties":{"tier":"high"},"geometry":{"type":"LineString","coordinates":[[138.565924,-34.913773],[138.566059,-34.914139],[138.56616,-34.914419],[138.566217,-34.914574]]}},{"type":"Feature","properties":{"tier":"regional"},"geometry":{"type":"LineString","coordinates":[[138.565587,-34.914754],[138.565121,-34.914785],[138.564535,-34.914767]]}},{"type":"Feature","properties":{"tier":"high"},"geometry":{"type":"LineString","coordinates":[[138.565874,-34.915793],[138.565671,-34.915193]]}},{"type":"Feature","properties":{"tier":"high"},"geometry":{"type":"LineString","coordinates":[[138.566267,-34.916363],[138.566095,-34.916156],[138.565874,-34.915793]]}},{"type":"Feature","properties":{"tier":"regional"},"geometry":{"type":"LineString","coordinates":[[138.568232,-34.914276],[138.567636,-34.914377],[138.567453,-34.914408],[138.567341,-34.914427]]}},{"type":"Feature","properties":{"tier":"regional"},"geometry":{"type":"LineString","coordinates":[[138.567341,-34.914427],[138.566828,-34.914514],[138.566515,-34.914566]]}},{"type":"Feature","properties":{"tier":"arterial"},"geometry":{"type":"LineString","coordinates":[[138.570381,-34.923766],[138.569984,-34.923778],[138.569918,-34.92378],[138.569857,-34.923782]]}},{"type":"Feature","properties":{"tier":"high"},"geometry":{"type":"LineString","coordinates":[[138.569857,-34.923782],[138.569863,-34.923855],[138.569872,-34.923961]]}},{"type":"Feature","properties":{"tier":"high"},"geometry":{"type":"LineString","coordinates":[[138.571077,-34.936812],[138.571371,-34.936307],[138.571598,-34.935952]]}},{"type":"Feature","properties":{"tier":"high"},"geometry":{"type":"LineString","coordinates":[[138.570777,-34.937134],[138.570809,-34.93732]]}},{"type":"Feature","properties":{"tier":"arterial"},"geometry":{"type":"LineString","coordinates":[[138.593507,-34.917504],[138.593388,-34.917569],[138.593294,-34.917601],[138.593252,-34.917627],[138.59324,-34.917636],[138.593201,-34.917666],[138.593176,-34.917711],[138.593163,-34.917763],[138.59315,-34.91784]]}},{"type":"Feature","properties":{"tier":"arterial"},"geometry":{"type":"LineString","coordinates":[[138.587249,-34.922208],[138.58721,-34.922205],[138.587161,-34.922201],[138.587087,-34.922194],[138.587014,-34.922185],[138.586921,-34.922167],[138.586827,-34.922144],[138.586725,-34.922115]]}},{"type":"Feature","properties":{"tier":"arterial"},"geometry":{"type":"LineString","coordinates":[[138.587261,-34.922147],[138.587319,-34.922209]]}},{"type":"Feature","properties":{"tier":"arterial"},"geometry":{"type":"LineString","coordinates":[[138.587556,-34.922203],[138.587477,-34.922205],[138.587393,-34.922208],[138.587319,-34.922209]]}},{"type":"Feature","properties":{"tier":"high"},"geometry":{"type":"LineString","coordinates":[[138.564725,-34.910849],[138.564605,-34.911342],[138.564568,-34.911554],[138.56456,-34.911727]]}},{"type":"Feature","properties":{"tier":"high"},"geometry":{"type":"LineString","coordinates":[[138.565587,-34.914754],[138.565576,-34.914662]]}},{"type":"Feature","properties":{"tier":"high"},"geometry":{"type":"LineString","coordinates":[[138.569695,-34.923787],[138.569687,-34.923683]]}},{"type":"Feature","properties":{"tier":"high"},"geometry":{"type":"LineString","coordinates":[[138.569672,-34.923483],[138.56966,-34.923322],[138.569657,-34.923269],[138.569637,-34.923009],[138.569589,-34.922379]]}},{"type":"Feature","properties":{"tier":"high"},"geometry":{"type":"LineString","coordinates":[[138.57883,-34.91885],[138.578843,-34.918975],[138.578886,-34.919348]]}},{"type":"Feature","properties":{"tier":"high"},"geometry":{"type":"LineString","coordinates":[[138.578627,-34.91886],[138.578616,-34.918805],[138.578584,-34.918666],[138.578574,-34.918609]]}},{"type":"Feature","properties":{"tier":"arterial"},"geometry":{"type":"LineString","coordinates":[[138.578574,-34.918609],[138.578653,-34.918605],[138.57868,-34.918602],[138.578756,-34.918599],[138.578804,-34.918599]]}},{"type":"Feature","properties":{"tier":"arterial"},"geometry":{"type":"LineString","coordinates":[[138.578804,-34.918599],[138.578844,-34.9186],[138.578917,-34.91861],[138.578971,-34.918628],[138.579008,-34.91865],[138.579039,-34.918674],[138.579087,-34.918719],[138.579158,-34.918785],[138.579207,-34.918828],[138.579254,-34.918865],[138.579328,-34.918915],[138.579379,-34.918939],[138.579496,-34.918977]]}},{"type":"Feature","properties":{"tier":"high"},"geometry":{"type":"LineString","coordinates":[[138.570666,-34.9372],[138.570649,-34.937054],[138.570581,-34.936008]]}},{"type":"Feature","properties":{"tier":"regional"},"geometry":{"type":"LineString","coordinates":[[138.570544,-34.937384],[138.570585,-34.937326],[138.570666,-34.9372]]}},{"type":"Feature","properties":{"tier":"arterial"},"geometry":{"type":"LineString","coordinates":[[138.592347,-34.909649],[138.59231,-34.909536],[138.592307,-34.909527],[138.592285,-34.909378]]}},{"type":"Feature","properties":{"tier":"regional"},"geometry":{"type":"LineString","coordinates":[[138.588051,-34.910625],[138.588047,-34.910651],[138.588035,-34.910675]]}},{"type":"Feature","properties":{"tier":"regional"},"geometry":{"type":"LineString","coordinates":[[138.588035,-34.910675],[138.588015,-34.910695],[138.588004,-34.910702],[138.587993,-34.910708],[138.587974,-34.910714],[138.587954,-34.910718],[138.587934,-34.910718],[138.587899,-34.910712],[138.58788,-34.910704],[138.587864,-34.910693]]}},{"type":"Feature","properties":{"tier":"regional"},"geometry":{"type":"LineString","coordinates":[[138.58801,-34.910557],[138.588032,-34.910576],[138.588046,-34.9106],[138.588051,-34.910625]]}},{"type":"Feature","properties":{"tier":"regional"},"geometry":{"type":"LineString","coordinates":[[138.587973,-34.910541],[138.587993,-34.910548],[138.58801,-34.910557]]}},{"type":"Feature","properties":{"tier":"regional"},"geometry":{"type":"LineString","coordinates":[[138.587839,-34.910592],[138.587856,-34.910569],[138.58788,-34.910552],[138.587909,-34.910541],[138.587941,-34.910537],[138.587973,-34.910541]]}},{"type":"Feature","properties":{"tier":"regional"},"geometry":{"type":"LineString","coordinates":[[138.587864,-34.910693],[138.587844,-34.910673],[138.587833,-34.910649],[138.58783,-34.910624]]}},{"type":"Feature","properties":{"tier":"regional"},"geometry":{"type":"LineString","coordinates":[[138.59309,-34.909479],[138.59377,-34.909324]]}},{"type":"Feature","properties":{"tier":"regional"},"geometry":{"type":"LineString","coordinates":[[138.592389,-34.909639],[138.592558,-34.909601],[138.592613,-34.909588],[138.592916,-34.909519],[138.59309,-34.909479]]}},{"type":"Feature","properties":{"tier":"arterial"},"geometry":{"type":"LineString","coordinates":[[138.59116,-34.90623],[138.591162,-34.906236]]}},{"type":"Feature","properties":{"tier":"arterial"},"geometry":{"type":"LineString","coordinates":[[138.591674,-34.906379],[138.591834,-34.906341],[138.591949,-34.906373],[138.592035,-34.906437],[138.592122,-34.906665],[138.592129,-34.906684],[138.592138,-34.906709],[138.592151,-34.906742]]}},{"type":"Feature","properties":{"tier":"arterial"},"geometry":{"type":"LineString","coordinates":[[138.593153,-34.921926],[138.593026,-34.921933],[138.592546,-34.921957],[138.59245,-34.921964],[138.591459,-34.922021]]}},{"type":"Feature","properties":{"tier":"arterial"},"geometry":{"type":"LineString","coordinates":[[138.593136,-34.921776],[138.593584,-34.921761]]}},{"type":"Feature","properties":{"tier":"arterial"},"geometry":{"type":"LineString","coordinates":[[138.593584,-34.921761],[138.59375,-34.921757],[138.59377,-34.921756]]}},{"type":"Feature","properties":{"tier":"arterial"},"geometry":{"type":"LineString","coordinates":[[138.59354,-34.921922],[138.593518,-34.921923],[138.593225,-34.921925],[138.593153,-34.921926]]}},{"type":"Feature","properties":{"tier":"arterial"},"geometry":{"type":"LineString","coordinates":[[138.587556,-34.922203],[138.587504,-34.922236],[138.587468,-34.922266],[138.587444,-34.9223],[138.587417,-34.922361]]}},{"type":"Feature","properties":{"tier":"arterial"},"geometry":{"type":"LineString","coordinates":[[138.578574,-34.918609],[138.578692,-34.91872],[138.578726,-34.918752],[138.578763,-34.918787],[138.578789,-34.918811],[138.578819,-34.918839],[138.57883,-34.91885]]}},{"type":"Feature","properties":{"tier":"arterial"},"geometry":{"type":"LineString","coordinates":[[138.587261,-34.922147],[138.587382,-34.922025],[138.587493,-34.921968]]}},{"type":"Feature","properties":{"tier":"arterial"},"geometry":{"type":"LineString","coordinates":[[138.588271,-34.921934],[138.588607,-34.921919],[138.588728,-34.921917],[138.588868,-34.921915],[138.589013,-34.921917],[138.589253,-34.92192],[138.589363,-34.921922],[138.589564,-34.921923],[138.589789,-34.921924],[138.589907,-34.921923],[138.590021,-34.921918],[138.59066,-34.921886],[138.590697,-34.921884],[138.590717,-34.921883]]}},{"type":"Feature","properties":{"tier":"arterial"},"geometry":{"type":"LineString","coordinates":[[138.587517,-34.923241],[138.587532,-34.92348],[138.587534,-34.923521],[138.587538,-34.923587]]}},{"type":"Feature","properties":{"tier":"arterial"},"geometry":{"type":"LineString","coordinates":[[138.591934,-34.921829],[138.592344,-34.921811],[138.592437,-34.921807],[138.592966,-34.921783],[138.593017,-34.921781],[138.593136,-34.921776]]}},{"type":"Feature","properties":{"tier":"arterial"},"geometry":{"type":"LineString","coordinates":[[138.588315,-34.936425],[138.5882,-34.936501],[138.587575,-34.937002],[138.587475,-34.937086],[138.587368,-34.937183],[138.587251,-34.937299],[138.587057,-34.93752]]}},{"type":"Feature","properties":{"tier":"arterial"},"geometry":{"type":"LineString","coordinates":[[138.588776,-34.936319],[138.588622,-34.936447],[138.588552,-34.936556]]}},{"type":"Feature","properties":{"tier":"arterial"},"geometry":{"type":"LineString","coordinates":[[138.588552,-34.936556],[138.588576,-34.936931]]}},{"type":"Feature","properties":{"tier":"arterial"},"geometry":{"type":"LineString","coordinates":[[138.588776,-34.936319],[138.588626,-34.936345]]}},{"type":"Feature","properties":{"tier":"arterial"},"geometry":{"type":"LineString","coordinates":[[138.588626,-34.936345],[138.588596,-34.93635],[138.588539,-34.93636]]}},{"type":"Feature","properties":{"tier":"high"},"geometry":{"type":"LineString","coordinates":[[138.57798,-34.913388],[138.578025,-34.913632]]}},{"type":"Feature","properties":{"tier":"high"},"geometry":{"type":"LineString","coordinates":[[138.579392,-34.923622],[138.579394,-34.923562]]}},{"type":"Feature","properties":{"tier":"high"},"geometry":{"type":"LineString","coordinates":[[138.567719,-34.917851],[138.567843,-34.9181]]}},{"type":"Feature","properties":{"tier":"high"},"geometry":{"type":"LineString","coordinates":[[138.567614,-34.917884],[138.567484,-34.917656]]}},{"type":"Feature","properties":{"tier":"high"},"geometry":{"type":"LineString","coordinates":[[138.567484,-34.917656],[138.567342,-34.917385],[138.567258,-34.917245]]}},{"type":"Feature","properties":{"tier":"high"},"geometry":{"type":"LineString","coordinates":[[138.567588,-34.917614],[138.567719,-34.917851]]}},{"type":"Feature","properties":{"tier":"high"},"geometry":{"type":"LineString","coordinates":[[138.576649,-34.908811],[138.576624,-34.908796],[138.576596,-34.908783],[138.576568,-34.908772],[138.576522,-34.90876],[138.5765,-34.908753]]}},{"type":"Feature","properties":{"tier":"arterial"},"geometry":{"type":"LineString","coordinates":[[138.5765,-34.908753],[138.574323,-34.909162]]}},{"type":"Feature","properties":{"tier":"arterial"},"geometry":{"type":"LineString","coordinates":[[138.593467,-34.932077],[138.593493,-34.932019],[138.593505,-34.931997],[138.593521,-34.931974],[138.593545,-34.931946],[138.593564,-34.931926]]}},{"type":"Feature","properties":{"tier":"arterial"},"geometry":{"type":"LineString","coordinates":[[138.593564,-34.931926],[138.593583,-34.93191],[138.59361,-34.931892]]}},{"type":"Feature","properties":{"tier":"regional"},"geometry":{"type":"LineString","coordinates":[[138.592907,-34.931877],[138.593256,-34.93186]]}},{"type":"Feature","properties":{"tier":"regional"},"geometry":{"type":"LineString","coordinates":[[138.593033,-34.933286],[138.593263,-34.933269]]}},{"type":"Feature","properties":{"tier":"arterial"},"geometry":{"type":"LineString","coordinates":[[138.592975,-34.924765],[138.592838,-34.924772],[138.591677,-34.924835]]}},{"type":"Feature","properties":{"tier":"arterial"},"geometry":{"type":"LineString","coordinates":[[138.592975,-34.924765],[138.592973,-34.924673]]}},{"type":"Feature","properties":{"tier":"arterial"},"geometry":{"type":"LineString","coordinates":[[138.593519,-34.926071],[138.593485,-34.92606],[138.593443,-34.926045],[138.593408,-34.926032]]}},{"type":"Feature","properties":{"tier":"regional"},"geometry":{"type":"LineString","coordinates":[[138.593519,-34.926071],[138.593413,-34.926098],[138.593343,-34.92611],[138.593284,-34.926114]]}},{"type":"Feature","properties":{"tier":"arterial"},"geometry":{"type":"LineString","coordinates":[[138.593691,-34.926032],[138.593619,-34.926034],[138.593572,-34.926033],[138.593506,-34.926036],[138.593428,-34.92603],[138.593408,-34.926032]]}},{"type":"Feature","properties":{"tier":"arterial"},"geometry":{"type":"LineString","coordinates":[[138.593408,-34.926032],[138.593286,-34.926005],[138.593219,-34.92598],[138.593154,-34.925942],[138.593098,-34.925895],[138.593081,-34.925874],[138.593073,-34.925864],[138.593052,-34.925823],[138.593039,-34.925739],[138.593011,-34.925405],[138.593005,-34.92526],[138.593003,-34.925191],[138.593001,-34.925123],[138.592982,-34.924862],[138.592979,-34.924834],[138.592975,-34.924765]]}},{"type":"Feature","properties":{"tier":"regional"},"geometry":{"type":"LineString","coordinates":[[138.593588,-34.926102],[138.593284,-34.926114],[138.59309,-34.926121],[138.592974,-34.926126],[138.592801,-34.926133]]}},{"type":"Feature","properties":{"tier":"regional"},"geometry":{"type":"LineString","coordinates":[[138.59377,-34.926094],[138.593695,-34.926097],[138.593588,-34.926102]]}},{"type":"Feature","properties":{"tier":"arterial"},"geometry":{"type":"LineString","coordinates":[[138.588071,-34.933667],[138.588069,-34.93364],[138.588057,-34.933524]]}},{"type":"Feature","properties":{"tier":"high"},"geometry":{"type":"LineString","coordinates":[[138.574774,-34.931996],[138.574343,-34.932661],[138.573976,-34.933218],[138.573679,-34.933641],[138.573348,-34.934042],[138.573203,-34.934213]]}},{"type":"Feature","properties":{"tier":"high"},"geometry":{"type":"LineString","coordinates":[[138.572988,-34.934466],[138.572891,-34.93458]]}},{"type":"Feature","properties":{"tier":"high"},"geometry":{"type":"LineString","coordinates":[[138.572891,-34.93458],[138.572799,-34.934687],[138.572719,-34.934784],[138.572332,-34.935247],[138.572108,-34.935541],[138.571854,-34.93591]]}},{"type":"Feature","properties":{"tier":"high"},"geometry":{"type":"LineString","coordinates":[[138.573203,-34.934213],[138.572988,-34.934466]]}},{"type":"Feature","properties":{"tier":"high"},"geometry":{"type":"LineString","coordinates":[[138.572645,-34.934596],[138.573158,-34.933949],[138.573478,-34.933549],[138.573771,-34.933138],[138.574187,-34.932503],[138.574666,-34.931774],[138.574684,-34.931748],[138.574752,-34.931655]]}},{"type":"Feature","properties":{"tier":"arterial"},"geometry":{"type":"LineString","coordinates":[[138.588199,-34.932119],[138.58829,-34.933338],[138.588301,-34.933473],[138.588304,-34.933513]]}},{"type":"Feature","properties":{"tier":"arterial"},"geometry":{"type":"LineString","coordinates":[[138.587954,-34.932131],[138.587899,-34.931412]]}},{"type":"Feature","properties":{"tier":"regional"},"geometry":{"type":"LineString","coordinates":[[138.588536,-34.930697],[138.588722,-34.930689],[138.589303,-34.930661],[138.589948,-34.93063],[138.590231,-34.930617],[138.590413,-34.930608],[138.590554,-34.930602],[138.59065,-34.930597],[138.590764,-34.930591],[138.59139,-34.930562],[138.591444,-34.930559],[138.592092,-34.930528],[138.592802,-34.930495],[138.593177,-34.930477],[138.593513,-34.930461],[138.59377,-34.930448]]}},{"type":"Feature","properties":{"tier":"arterial"},"geometry":{"type":"LineString","coordinates":[[138.588486,-34.929309],[138.58844,-34.929311]]}},{"type":"Feature","properties":{"tier":"regional"},"geometry":{"type":"LineString","coordinates":[[138.588339,-34.92773],[138.588145,-34.927739],[138.588003,-34.927746],[138.587957,-34.927748],[138.587857,-34.927752]]}},{"type":"Feature","properties":{"tier":"high"},"geometry":{"type":"LineString","coordinates":[[138.57886,-34.906977],[138.579467,-34.906447],[138.579641,-34.906296],[138.579698,-34.906246],[138.579716,-34.90623]]}},{"type":"Feature","properties":{"tier":"arterial"},"geometry":{"type":"LineString","coordinates":[[138.573249,-34.909123],[138.573197,-34.909218]]}},{"type":"Feature","properties":{"tier":"high"},"geometry":{"type":"LineString","coordinates":[[138.576935,-34.909097],[138.576795,-34.90895],[138.576734,-34.908883],[138.57669,-34.908845],[138.576649,-34.908811]]}},{"type":"Feature","properties":{"tier":"arterial"},"geometry":{"type":"LineString","coordinates":[[138.587249,-34.922208],[138.587261,-34.922147]]}},{"type":"Feature","properties":{"tier":"arterial"},"geometry":{"type":"LineString","coordinates":[[138.587417,-34.922361],[138.587435,-34.922419],[138.587449,-34.922492]]}},{"type":"Feature","properties":{"tier":"arterial"},"geometry":{"type":"LineString","coordinates":[[138.587258,-34.922369],[138.587251,-34.922288],[138.587249,-34.922258],[138.587249,-34.922208]]}},{"type":"Feature","properties":{"tier":"arterial"},"geometry":{"type":"LineString","coordinates":[[138.588623,-34.922163],[138.587618,-34.922201],[138.587556,-34.922203]]}},{"type":"Feature","properties":{"tier":"arterial"},"geometry":{"type":"LineString","coordinates":[[138.587319,-34.922209],[138.587371,-34.922274],[138.587417,-34.922361]]}},{"type":"Feature","properties":{"tier":"high"},"geometry":{"type":"LineString","coordinates":[[138.578998,-34.92059],[138.579001,-34.920639]]}},{"type":"Feature","properties":{"tier":"high"},"geometry":{"type":"LineString","coordinates":[[138.579001,-34.920639],[138.579079,-34.921159],[138.579191,-34.921906]]}},{"type":"Feature","properties":{"tier":"high"},"geometry":{"type":"LineString","coordinates":[[138.579191,-34.921906],[138.579222,-34.922081],[138.579249,-34.922205],[138.579281,-34.922335],[138.579334,-34.922487],[138.579397,-34.922677],[138.5794,-34.922688],[138.579442,-34.922815],[138.579467,-34.922895],[138.579491,-34.922983],[138.579511,-34.923104]]}},{"type":"Feature","properties":{"tier":"high"},"geometry":{"type":"LineString","coordinates":[[138.579109,-34.921913],[138.579017,-34.921362],[138.578984,-34.921167],[138.578955,-34.92099],[138.578888,-34.920593]]}},{"type":"Feature","properties":{"tier":"high"},"geometry":{"type":"LineString","coordinates":[[138.575754,-34.930437],[138.575371,-34.93105]]}},{"type":"Feature","properties":{"tier":"arterial"},"geometry":{"type":"LineString","coordinates":[[138.580103,-34.930498],[138.579761,-34.930585]]}},{"type":"Feature","properties":{"tier":"arterial"},"geometry":{"type":"LineString","coordinates":[[138.580409,-34.93042],[138.580348,-34.930436]]}},{"type":"Feature","properties":{"tier":"arterial"},"geometry":{"type":"LineString","coordinates":[[138.57341,-34.923644],[138.57324,-34.923655],[138.571202,-34.923753],[138.570381,-34.923766]]}},{"type":"Feature","properties":{"tier":"arterial"},"geometry":{"type":"LineString","coordinates":[[138.568818,-34.90623],[138.569369,-34.906598],[138.569468,-34.906664]]}},{"type":"Feature","properties":{"tier":"arterial"},"geometry":{"type":"LineString","coordinates":[[138.569397,-34.906739],[138.569297,-34.906671],[138.568642,-34.90623]]}},{"type":"Feature","properties":{"tier":"arterial"},"geometry":{"type":"LineString","coordinates":[[138.569468,-34.906664],[138.569562,-34.906727]]}},{"type":"Feature","properties":{"tier":"arterial"},"geometry":{"type":"LineString","coordinates":[[138.570767,-34.907642],[138.569489,-34.9068]]}},{"type":"Feature","properties":{"tier":"arterial"},"geometry":{"type":"LineString","coordinates":[[138.570833,-34.907572],[138.571519,-34.908028],[138.571751,-34.908181]]}},{"type":"Feature","properties":{"tier":"arterial"},"geometry":{"type":"LineString","coordinates":[[138.571751,-34.908181],[138.571865,-34.908257],[138.572379,-34.908601],[138.572872,-34.908925],[138.573012,-34.909008],[138.573045,-34.909028],[138.573154,-34.909083],[138.573249,-34.909123]]}},{"type":"Feature","properties":{"tier":"arterial"},"geometry":{"type":"LineString","coordinates":[[138.571637,-34.908217],[138.571449,-34.908093],[138.570767,-34.907642]]}},{"type":"Feature","properties":{"tier":"arterial"},"geometry":{"type":"LineString","coordinates":[[138.593363,-34.923191],[138.593358,-34.922875]]}},{"type":"Feature","properties":{"tier":"arterial"},"geometry":{"type":"LineString","coordinates":[[138.593719,-34.926376],[138.593675,-34.926324],[138.593668,-34.926229],[138.593662,-34.926186],[138.593646,-34.92616],[138.593628,-34.926137],[138.593588,-34.926102]]}},{"type":"Feature","properties":{"tier":"arterial"},"geometry":{"type":"LineString","coordinates":[[138.589831,-34.929089],[138.590433,-34.92906],[138.590532,-34.929056],[138.590619,-34.929051],[138.59135,-34.929017],[138.591423,-34.929013],[138.591976,-34.928987]]}},{"type":"Feature","properties":{"tier":"arterial"},"geometry":{"type":"LineString","coordinates":[[138.589841,-34.929234],[138.589459,-34.929256]]}},{"type":"Feature","properties":{"tier":"arterial"},"geometry":{"type":"LineString","coordinates":[[138.58939,-34.92911],[138.58945,-34.929107],[138.589831,-34.929089]]}},{"type":"Feature","properties":{"tier":"arterial"},"geometry":{"type":"LineString","coordinates":[[138.593404,-34.928919],[138.593712,-34.928904],[138.593749,-34.928902],[138.59377,-34.928901]]}},{"type":"Feature","properties":{"tier":"regional"},"geometry":{"type":"LineString","coordinates":[[138.59377,-34.906453],[138.593398,-34.906539],[138.593333,-34.906554],[138.593237,-34.906576],[138.592628,-34.906716]]}},{"type":"Feature","properties":{"tier":"arterial"},"geometry":{"type":"LineString","coordinates":[[138.583214,-34.929738],[138.581228,-34.930221]]}},{"type":"Feature","properties":{"tier":"high"},"geometry":{"type":"LineString","coordinates":[[138.578025,-34.913632],[138.578052,-34.91378],[138.578182,-34.914743],[138.578286,-34.915446],[138.578442,-34.916215]]}},{"type":"Feature","properties":{"tier":"regional"},"geometry":{"type":"LineString","coordinates":[[138.562821,-34.914535],[138.562775,-34.914495],[138.562748,-34.91443],[138.562763,-34.914362]]}},{"type":"Feature","properties":{"tier":"regional"},"geometry":{"type":"LineString","coordinates":[[138.562763,-34.914362],[138.562808,-34.914312]]}},{"type":"Feature","properties":{"tier":"regional"},"geometry":{"type":"LineString","coordinates":[[138.562808,-34.914312],[138.562884,-34.914281],[138.562969,-34.914284],[138.563043,-34.914319]]}},{"type":"Feature","properties":{"tier":"regional"},"geometry":{"type":"LineString","coordinates":[[138.58801,-34.910557],[138.588047,-34.910564],[138.588078,-34.910569],[138.588092,-34.910572],[138.58813,-34.910572],[138.588404,-34.910512],[138.588762,-34.910433],[138.588832,-34.910417],[138.589172,-34.910339],[138.589302,-34.910309]]}},{"type":"Feature","properties":{"tier":"regional"},"geometry":{"type":"LineString","coordinates":[[138.589327,-34.910385],[138.588861,-34.91049],[138.588786,-34.910507],[138.58843,-34.910581],[138.588271,-34.910616],[138.588197,-34.910617],[138.588151,-34.910624],[138.588102,-34.910634],[138.588085,-34.91064],[138.588035,-34.910675]]}},{"type":"Feature","properties":{"tier":"arterial"},"geometry":{"type":"LineString","coordinates":[[138.580306,-34.923411],[138.58079,-34.923456],[138.581164,-34.923509],[138.581562,-34.923581]]}},{"type":"Feature","properties":{"tier":"arterial"},"geometry":{"type":"LineString","coordinates":[[138.576556,-34.923391],[138.577644,-34.923386]]}},{"type":"Feature","properties":{"tier":"arterial"},"geometry":{"type":"LineString","coordinates":[[138.577689,-34.923482],[138.576676,-34.923509]]}},{"type":"Feature","properties":{"tier":"arterial"},"geometry":{"type":"LineString","coordinates":[[138.581539,-34.92367],[138.581152,-34.923591],[138.580782,-34.923549],[138.580316,-34.923523]]}},{"type":"Feature","properties":{"tier":"arterial"},"geometry":{"type":"LineString","coordinates":[[138.583664,-34.920842],[138.582643,-34.920472]]}},{"type":"Feature","properties":{"tier":"arterial"},"geometry":{"type":"LineString","coordinates":[[138.588375,-34.93625],[138.588529,-34.936242]]}},{"type":"Feature","properties":{"tier":"arterial"},"geometry":{"type":"LineString","coordinates":[[138.588233,-34.936256],[138.588229,-34.936181],[138.588174,-34.9352]]}},{"type":"Feature","properties":{"tier":"arterial"},"geometry":{"type":"LineString","coordinates":[[138.588233,-34.936256],[138.588375,-34.93625]]}},{"type":"Feature","properties":{"tier":"arterial"},"geometry":{"type":"LineString","coordinates":[[138.588375,-34.93625],[138.588346,-34.936335],[138.588315,-34.936425]]}},{"type":"Feature","properties":{"tier":"arterial"},"geometry":{"type":"LineString","coordinates":[[138.588529,-34.936242],[138.588539,-34.93636]]}},{"type":"Feature","properties":{"tier":"arterial"},"geometry":{"type":"LineString","coordinates":[[138.592151,-34.906742],[138.592187,-34.906836],[138.592205,-34.906886]]}},{"type":"Feature","properties":{"tier":"regional"},"geometry":{"type":"LineString","coordinates":[[138.592933,-34.923313],[138.593176,-34.923301],[138.593214,-34.9233],[138.59323,-34.923299],[138.59325,-34.923298],[138.593363,-34.923292]]}},{"type":"Feature","properties":{"tier":"arterial"},"geometry":{"type":"LineString","coordinates":[[138.587132,-34.922715],[138.587054,-34.922609],[138.58697,-34.922505],[138.586942,-34.922476],[138.58689,-34.922423],[138.58678,-34.922318],[138.586607,-34.922165],[138.586498,-34.922078],[138.586408,-34.922019],[138.586237,-34.921917]]}},{"type":"Feature","properties":{"tier":"arterial"},"geometry":{"type":"LineString","coordinates":[[138.586725,-34.922115],[138.586634,-34.922086],[138.586558,-34.922056],[138.586237,-34.921917]]}},{"type":"Feature","properties":{"tier":"arterial"},"geometry":{"type":"LineString","coordinates":[[138.587493,-34.921968],[138.588271,-34.921934]]}},{"type":"Feature","properties":{"tier":"high"},"geometry":{"type":"LineString","coordinates":[[138.564925,-34.908514],[138.564945,-34.90812],[138.564967,-34.907716],[138.565033,-34.907245],[138.565105,-34.906914]]}},{"type":"Feature","properties":{"tier":"arterial"},"geometry":{"type":"LineString","coordinates":[[138.58119,-34.91968],[138.581862,-34.919961],[138.582008,-34.920021]]}},{"type":"Feature","properties":{"tier":"arterial"},"geometry":{"type":"LineString","coordinates":[[138.590883,-34.921875],[138.590955,-34.921872],[138.591934,-34.921829]]}},{"type":"Feature","properties":{"tier":"arterial"},"geometry":{"type":"LineString","coordinates":[[138.592456,-34.924696],[138.592819,-34.92468],[138.592846,-34.924679],[138.592973,-34.924673]]}},{"type":"Feature","properties":{"tier":"arterial"},"geometry":{"type":"LineString","coordinates":[[138.591296,-34.924751],[138.591672,-34.924731]]}},{"type":"Feature","properties":{"tier":"high"},"geometry":{"type":"LineString","coordinates":[[138.579509,-34.92397],[138.579493,-34.924061],[138.579445,-34.924279],[138.579418,-34.924415],[138.579394,-34.924657],[138.579389,-34.92469],[138.579379,-34.925008],[138.57942,-34.92533]]}},{"type":"Feature","properties":{"tier":"high"},"geometry":{"type":"LineString","coordinates":[[138.579213,-34.925204],[138.579211,-34.924808],[138.579224,-34.924666],[138.579232,-34.924572],[138.579251,-34.92449],[138.579257,-34.924464],[138.579282,-34.92436],[138.579306,-34.924271],[138.579347,-34.924068],[138.579368,-34.923948],[138.579384,-34.923748],[138.579385,-34.923735]]}},{"type":"Feature","properties":{"tier":"arterial"},"geometry":{"type":"LineString","coordinates":[[138.590717,-34.921883],[138.590883,-34.921875]]}},{"type":"Feature","properties":{"tier":"high"},"geometry":{"type":"LineString","coordinates":[[138.574689,-34.931444],[138.574714,-34.931437],[138.574858,-34.931398],[138.574961,-34.931342]]}},{"type":"Feature","properties":{"tier":"regional"},"geometry":{"type":"LineString","coordinates":[[138.563383,-34.914553],[138.563197,-34.914506],[138.563062,-34.914501]]}},{"type":"Feature","properties":{"tier":"regional"},"geometry":{"type":"LineString","coordinates":[[138.562535,-34.914412],[138.56248,-34.914413]]}},{"type":"Feature","properties":{"tier":"high"},"geometry":{"type":"LineString","coordinates":[[138.57873,-34.907419],[138.578283,-34.907804],[138.578211,-34.907868]]}},{"type":"Feature","properties":{"tier":"high"},"geometry":{"type":"LineString","coordinates":[[138.578069,-34.907989],[138.577946,-34.908105],[138.577755,-34.908285]]}},{"type":"Feature","properties":{"tier":"arterial"},"geometry":{"type":"LineString","coordinates":[[138.591976,-34.928987],[138.592694,-34.928953],[138.593404,-34.928919]]}},{"type":"Feature","properties":{"tier":"high"},"geometry":{"type":"LineString","coordinates":[[138.565671,-34.915193],[138.565528,-34.915077],[138.565214,-34.914839],[138.565121,-34.914785]]}},{"type":"Feature","properties":{"tier":"high"},"geometry":{"type":"LineString","coordinates":[[138.579218,-34.906946],[138.579016,-34.907011],[138.578942,-34.907019],[138.57886,-34.906977]]}},{"type":"Feature","properties":{"tier":"high"},"geometry":{"type":"LineString","coordinates":[[138.578013,-34.907939],[138.57777,-34.908146]]}},{"type":"Feature","properties":{"tier":"high"},"geometry":{"type":"LineString","coordinates":[[138.57777,-34.908146],[138.577588,-34.908313]]}},{"type":"Feature","properties":{"tier":"arterial"},"geometry":{"type":"LineString","coordinates":[[138.575629,-34.908779],[138.576058,-34.908698]]}},{"type":"Feature","properties":{"tier":"arterial"},"geometry":{"type":"LineString","coordinates":[[138.574238,-34.90905],[138.574795,-34.908943]]}},{"type":"Feature","properties":{"tier":"high"},"geometry":{"type":"LineString","coordinates":[[138.577719,-34.91342],[138.577694,-34.913289],[138.577408,-34.911736]]}},{"type":"Feature","properties":{"tier":"high"},"geometry":{"type":"LineString","coordinates":[[138.577187,-34.910344],[138.577158,-34.910157],[138.577157,-34.910153],[138.576986,-34.909327]]}},{"type":"Feature","properties":{"tier":"high"},"geometry":{"type":"LineString","coordinates":[[138.576935,-34.909097],[138.576912,-34.909005]]}}]}
