{"type":"FeatureCollection","features":[{"type":"Feature","properties":{"tier":"arterial"},"geometry":{"type":"LineString","coordinates":[[139.263487,-34.755412],[139.263474,-34.752961],[139.263526,-34.752311],[139.263772,-34.75132],[139.264524,-34.749882],[139.268493,-34.742444],[139.270835,-34.7381],[139.274539,-34.731231]]}},{"type":"Feature","properties":{"tier":"arterial"},"geometry":{"type":"LineString","coordinates":[[139.295398,-34.572872],[139.295532,-34.572731],[139.295776,-34.572539],[139.296067,-34.572319],[139.296871,-34.571725],[139.297088,-34.571562],[139.297576,-34.571195],[139.297959,-34.570907],[139.298457,-34.570532],[139.299822,-34.569497],[139.300196,-34.569213],[139.304041,-34.566298],[139.306016,-34.564806],[139.308842,-34.562676],[139.311706,-34.56051],[139.315946,-34.557296],[139.316586,-34.556811],[139.321148,-34.553337],[139.32219,-34.552543],[139.323727,-34.551377],[139.325107,-34.55033],[139.329929,-34.54669],[139.330582,-34.546197],[139.330908,-34.545973],[139.331146,-34.545838],[139.335359,-34.543536],[139.335573,-34.543419],[139.337001,-34.54264],[139.337396,-34.542416],[139.337648,-34.542265],[139.338062,-34.541996],[139.338538,-34.541643],[139.339123,-34.541195],[139.340476,-34.540147],[139.340701,-34.539951],[139.341089,-34.539553],[139.341694,-34.538915],[139.342911,-34.537638],[139.343523,-34.536999],[139.344115,-34.536383],[139.344754,-34.535705],[139.345291,-34.535133],[139.34559,-34.534831],[139.345917,-34.534551],[139.346631,-34.534019],[139.347457,-34.533392],[139.350759,-34.530887],[139.355492,-34.527307],[139.358491,-34.525021],[139.358831,-34.524758],[139.359049,-34.524522],[139.359259,-34.524242],[139.359346,-34.524085],[139.35947,-34.523861],[139.35962,-34.523419],[139.359681,-34.522937],[139.359674,-34.522382],[139.359735,-34.518174],[139.359763,-34.515149],[139.359769,-34.514476],[139.359796,-34.510744],[139.35983,-34.50704],[139.359864,-34.503506],[139.359891,-34.49998]]}},{"type":"Feature","properties":{"tier":"arterial"},"geometry":{"type":"LineString","coordinates":[[139.057741,-34.508455],[139.058385,-34.510039],[139.058835,-34.511145],[139.059208,-34.512063],[139.059582,-34.512927],[139.05965,-34.513078],[139.059729,-34.513215],[139.05983,-34.513355],[139.059952,-34.513497],[139.060073,-34.513616],[139.060208,-34.513739],[139.060327,-34.51383],[139.060539,-34.51397],[139.060695,-34.514056],[139.060892,-34.514143]]}},{"type":"Feature","properties":{"tier":"arterial"},"geometry":{"type":"LineString","coordinates":[[139.045281,-34.781249],[139.044965,-34.780638],[139.044775,-34.780288]]}},{"type":"Feature","properties":{"tier":"arterial"},"geometry":{"type":"LineString","coordinates":[[139.036839,-34.780476],[139.037013,-34.780338],[139.037215,-34.780189],[139.037413,-34.780059],[139.038248,-34.7796],[139.039085,-34.77915],[139.039133,-34.779123],[139.039754,-34.778796],[139.040333,-34.778492],[139.040561,-34.778386],[139.041129,-34.778148],[139.041608,-34.777938],[139.042127,-34.777715],[139.042898,-34.777377],[139.043667,-34.777039],[139.043771,-34.776997]]}},{"type":"Feature","properties":{"tier":"arterial"},"geometry":{"type":"LineString","coordinates":[[139.043771,-34.776997],[139.045058,-34.776437],[139.045104,-34.776417],[139.04516,-34.776393],[139.046668,-34.77575]]}},{"type":"Feature","properties":{"tier":"arterial"},"geometry":{"type":"LineString","coordinates":[[139.034917,-34.84966],[139.036519,-34.848668],[139.036913,-34.848441],[139.037737,-34.848138],[139.038106,-34.84807],[139.03845,-34.848027],[139.041393,-34.848032],[139.041815,-34.847997],[139.043183,-34.847605],[139.046295,-34.845516],[139.046735,-34.845266],[139.047218,-34.845041],[139.047692,-34.844852],[139.049837,-34.844078],[139.051117,-34.843439],[139.055406,-34.840277],[139.056998,-34.839025],[139.0575,-34.838227],[139.057668,-34.836678],[139.057624,-34.836062]]}},{"type":"Feature","properties":{"tier":"regional"},"geometry":{"type":"LineString","coordinates":[[139.175097,-34.968106],[139.167337,-34.966752],[139.165942,-34.966436],[139.165148,-34.965838],[139.164376,-34.965011],[139.162767,-34.963921],[139.161608,-34.963007],[139.16075,-34.962567],[139.159958,-34.962362],[139.159078,-34.962345],[139.157037,-34.962602],[139.154937,-34.96296],[139.15307,-34.963224],[139.151694,-34.96313],[139.150514,-34.962549],[139.149701,-34.96187],[139.149079,-34.96099],[139.148392,-34.95997],[139.147789,-34.958856],[139.147102,-34.958135],[139.144549,-34.956887],[139.141566,-34.95555],[139.140536,-34.955163],[139.138541,-34.954794],[139.135022,-34.954284],[139.132812,-34.953915],[139.130602,-34.953879],[139.128306,-34.953668],[139.125924,-34.953457],[139.12466,-34.953446],[139.123523,-34.953534],[139.122744,-34.953599],[139.118193,-34.954531],[139.116908,-34.955039],[139.1161,-34.955393],[139.116073,-34.955405],[139.113362,-34.957],[139.112747,-34.95723],[139.111457,-34.957715],[139.108767,-34.958958],[139.107155,-34.959632],[139.106283,-34.959947],[139.105742,-34.960035],[139.104857,-34.960011]]}},{"type":"Feature","properties":{"tier":"arterial"},"geometry":{"type":"LineString","coordinates":[[139.008609,-34.950732],[139.008489,-34.950798],[139.00737,-34.951633],[139.006681,-34.951774],[139.005348,-34.951972],[139.003969,-34.952126],[139.003082,-34.952249],[139.002277,-34.952271],[139.001459,-34.952275],[139.000818,-34.952332],[139.000169,-34.952478],[138.99998,-34.952475]]}},{"type":"Feature","properties":{"tier":"regional"},"geometry":{"type":"LineString","coordinates":[[139.04506,-34.500214],[139.044996,-34.499993]]}},{"type":"Feature","properties":{"tier":"arterial"},"geometry":{"type":"LineString","coordinates":[[139.046668,-34.77575],[139.046967,-34.775617],[139.047138,-34.775541],[139.048236,-34.775056],[139.049407,-34.774552],[139.049498,-34.774506],[139.049608,-34.774432],[139.049725,-34.774332],[139.049919,-34.774141],[139.050218,-34.773842],[139.051308,-34.772756],[139.052909,-34.771125],[139.053242,-34.770778],[139.053693,-34.770264],[139.054016,-34.769895],[139.054324,-34.769532],[139.054653,-34.769159],[139.055111,-34.768631],[139.056093,-34.767514]]}},{"type":"Feature","properties":{"tier":"regional"},"geometry":{"type":"LineString","coordinates":[[139.065472,-34.79117],[139.06636,-34.790169],[139.067604,-34.789041],[139.07078,-34.785975],[139.080222,-34.777092],[139.083485,-34.773986]]}},{"type":"Feature","properties":{"tier":"regional"},"geometry":{"type":"LineString","coordinates":[[139.049065,-34.793074],[139.051001,-34.794462],[139.052582,-34.795768],[139.055209,-34.797684],[139.055911,-34.79815],[139.058678,-34.800213]]}},{"type":"Feature","properties":{"tier":"regional"},"geometry":{"type":"LineString","coordinates":[[139.067124,-34.792354],[139.065304,-34.794024],[139.063716,-34.795547],[139.062832,-34.796301],[139.062146,-34.797055],[139.061613,-34.797393],[139.061116,-34.797852],[139.060531,-34.79843],[139.060069,-34.798888],[139.058678,-34.800213]]}},{"type":"Feature","properties":{"tier":"regional"},"geometry":{"type":"LineString","coordinates":[[139.041414,-34.506874],[139.041127,-34.507049],[139.040746,-34.507271],[139.040525,-34.507349],[139.039494,-34.507596],[139.039219,-34.507641],[139.039068,-34.507635],[139.03835,-34.507544],[139.037852,-34.507494],[139.037234,-34.507509],[139.03665,-34.50765],[139.035981,-34.507685],[139.03532,-34.507636],[139.033397,-34.507263],[139.033131,-34.507211],[139.032104,-34.507003],[139.031457,-34.506872],[139.030488,-34.506695],[139.029801,-34.506589],[139.02944,-34.506601],[139.029166,-34.506636],[139.028812,-34.506716],[139.028496,-34.506836],[139.027628,-34.507198],[139.027315,-34.507273],[139.027048,-34.507323],[139.026629,-34.50733],[139.026153,-34.507296],[139.021808,-34.505965]]}},{"type":"Feature","properties":{"tier":"regional"},"geometry":{"type":"LineString","coordinates":[[139.01412,-34.517834],[139.014918,-34.51794],[139.015734,-34.517812],[139.016448,-34.517484],[139.017012,-34.516936],[139.018471,-34.513732],[139.020723,-34.508468],[139.021808,-34.505965]]}},{"type":"Feature","properties":{"tier":"regional"},"geometry":{"type":"LineString","coordinates":[[139.148882,-34.520734],[139.146994,-34.525109],[139.146874,-34.525387],[139.144368,-34.53103],[139.14272,-34.534951],[139.142188,-34.53622],[139.139535,-34.542392]]}},{"type":"Feature","properties":{"tier":"arterial"},"geometry":{"type":"LineString","coordinates":[[139.056093,-34.767514],[139.056163,-34.767535],[139.056313,-34.767575],[139.056797,-34.767927]]}},{"type":"Feature","properties":{"tier":"arterial"},"geometry":{"type":"LineString","coordinates":[[139.070948,-34.61396],[139.070715,-34.613733],[139.070512,-34.61351],[139.070303,-34.613213],[139.070145,-34.612949],[139.070022,-34.612702],[139.069892,-34.61242],[139.069813,-34.612109],[139.069722,-34.611784],[139.069694,-34.611461],[139.069683,-34.611023],[139.069717,-34.610703],[139.069767,-34.610466],[139.069846,-34.610211],[139.069984,-34.609794],[139.070211,-34.609286],[139.071608,-34.606164],[139.072825,-34.60345]]}},{"type":"Feature","properties":{"tier":"regional"},"geometry":{"type":"LineString","coordinates":[[139.070948,-34.61396],[139.070773,-34.614021],[139.070696,-34.614034],[139.070629,-34.614034],[139.070543,-34.614019],[139.069725,-34.61377],[139.069401,-34.613663],[139.069146,-34.613565],[139.068993,-34.613496],[139.068879,-34.613449],[139.068784,-34.613408],[139.068671,-34.613372],[139.068582,-34.613342],[139.068465,-34.613308],[139.067233,-34.612973],[139.065875,-34.612564],[139.059565,-34.610664],[139.056459,-34.609727],[139.054113,-34.608993],[139.050258,-34.607791],[139.04689,-34.606747],[139.045567,-34.606354],[139.044717,-34.606109],[139.044419,-34.606023],[139.041085,-34.604965],[139.040805,-34.604878],[139.038252,-34.604079],[139.032307,-34.602248],[139.030859,-34.601824],[139.029517,-34.601426],[139.028965,-34.601263],[139.026401,-34.600479]]}},{"type":"Feature","properties":{"tier":"regional"},"geometry":{"type":"LineString","coordinates":[[139.065204,-34.532267],[139.065119,-34.532291],[139.064803,-34.532437],[139.064744,-34.532491],[139.064719,-34.532536],[139.064708,-34.532556],[139.064693,-34.532664],[139.064549,-34.534198],[139.064526,-34.534439],[139.064548,-34.534619],[139.064562,-34.534726],[139.064606,-34.53484],[139.064824,-34.535368],[139.064912,-34.535566],[139.064963,-34.535733],[139.06497,-34.535889],[139.064948,-34.536051],[139.064453,-34.537268],[139.063206,-34.540103],[139.063198,-34.540123],[139.062352,-34.542124],[139.062262,-34.542313],[139.062169,-34.542471],[139.06207,-34.542602],[139.06194,-34.542738],[139.061797,-34.542863],[139.061629,-34.542978],[139.061422,-34.543088],[139.061236,-34.543169],[139.061056,-34.543226],[139.06085,-34.543275],[139.060612,-34.543318],[139.06039,-34.543355],[139.060086,-34.543407],[139.059785,-34.54347],[139.059566,-34.543537],[139.059375,-34.543625],[139.059218,-34.543715],[139.059063,-34.543808],[139.05892,-34.543921],[139.058822,-34.544022],[139.058731,-34.544117],[139.058669,-34.544205],[139.058593,-34.54432],[139.058535,-34.54443],[139.057286,-34.54717],[139.053785,-34.555027],[139.053387,-34.555885],[139.05228,-34.558362],[139.050321,-34.562788],[139.049517,-34.564604],[139.047762,-34.568335],[139.047644,-34.568554],[139.047506,-34.568758],[139.047347,-34.568962],[139.047174,-34.569141],[139.047052,-34.569236],[139.046922,-34.569331],[139.046781,-34.569416],[139.046628,-34.56949],[139.046484,-34.569559],[139.046331,-34.569611],[139.046015,-34.569693],[139.045817,-34.56974],[139.04562,-34.569773],[139.045231,-34.569785],[139.044971,-34.569809],[139.044778,-34.56984],[139.044656,-34.569855],[139.044353,-34.569925],[139.043998,-34.570032],[139.043672,-34.570094],[139.043479,-34.570112],[139.042659,-34.570107],[139.041703,-34.570073],[139.04138,-34.570074],[139.041143,-34.570115],[139.040944,-34.570172],[139.040802,-34.570215],[139.040659,-34.570281],[139.040499,-34.570363],[139.040309,-34.570488],[139.040076,-34.570674],[139.03993,-34.570842],[139.039799,-34.570991],[139.039144,-34.572418],[139.03873,-34.573382],[139.038158,-34.574633],[139.036219,-34.578876],[139.035835,-34.579725],[139.034668,-34.582353],[139.034578,-34.582525],[139.033986,-34.58375],[139.033152,-34.585542],[139.032828,-34.586254],[139.032244,-34.587538],[139.03132,-34.58962],[139.031072,-34.59021],[139.030582,-34.591255],[139.029909,-34.592695],[139.02872,-34.59529],[139.028368,-34.596077],[139.027139,-34.598828],[139.026401,-34.600479]]}},{"type":"Feature","properties":{"tier":"regional"},"geometry":{"type":"LineString","coordinates":[[139.04269,-34.527483],[139.042918,-34.527918],[139.043218,-34.528576],[139.043416,-34.529226],[139.043647,-34.529969],[139.044145,-34.530839],[139.044523,-34.531687],[139.044746,-34.532323],[139.04472,-34.532748],[139.044506,-34.533264],[139.04418,-34.533653],[139.043604,-34.534063],[139.042832,-34.534247],[139.042034,-34.534282],[139.041133,-34.534388],[139.040532,-34.534529],[139.039931,-34.534777],[139.039712,-34.534928],[139.039347,-34.53518],[139.038747,-34.535816],[139.037571,-34.537428],[139.035906,-34.539585],[139.033785,-34.542243],[139.031142,-34.545509],[139.030713,-34.545849],[139.030181,-34.546061],[139.029597,-34.546216],[139.029151,-34.546301],[139.028069,-34.546414],[139.027003,-34.546437],[139.026231,-34.546437],[139.025347,-34.54638],[139.023888,-34.546203],[139.02254,-34.546062],[139.021484,-34.546062],[139.020008,-34.54597],[139.019321,-34.545815],[139.017384,-34.545256],[139.016575,-34.545023],[139.014489,-34.544266],[139.013442,-34.544196],[139.012343,-34.544266],[139.011193,-34.544139],[139.010421,-34.543927],[139.009133,-34.543362],[139.00812,-34.54269],[139.007005,-34.541771],[139.006232,-34.541229],[139.005134,-34.540661],[139.003735,-34.540215],[139.002916,-34.539909],[139.002584,-34.539742],[139.001569,-34.539106],[139.001049,-34.53894],[139.000611,-34.538888],[138.99998,-34.538832]]}},{"type":"Feature","properties":{"tier":"regional"},"geometry":{"type":"LineString","coordinates":[[138.99998,-34.532846],[139.000009,-34.532738],[139.000245,-34.532499],[139.000997,-34.532084],[139.001168,-34.531681],[139.001039,-34.531045],[139.000267,-34.530006],[138.99998,-34.529631]]}},{"type":"Feature","properties":{"tier":"regional"},"geometry":{"type":"LineString","coordinates":[[139.04269,-34.527483],[139.042338,-34.527022],[139.04195,-34.52664],[139.041098,-34.525938],[139.040256,-34.525183],[139.039917,-34.524801],[139.039598,-34.524387],[139.038712,-34.52318],[139.038111,-34.522332],[139.037536,-34.521589],[139.03718,-34.52109]]}},{"type":"Feature","properties":{"tier":"arterial"},"geometry":{"type":"LineString","coordinates":[[139.031668,-34.783709],[139.031885,-34.78356],[139.032025,-34.783476],[139.032133,-34.783416],[139.032455,-34.783257],[139.033254,-34.782951],[139.034005,-34.78267],[139.034183,-34.782599],[139.034503,-34.782386],[139.034882,-34.782085],[139.035324,-34.781721],[139.035919,-34.78125]]}},{"type":"Feature","properties":{"tier":"arterial"},"geometry":{"type":"LineString","coordinates":[[139.239431,-34.556841],[139.240036,-34.557052],[139.240529,-34.557184],[139.241129,-34.557212],[139.241817,-34.557144],[139.242377,-34.556992],[139.242473,-34.556944],[139.243003,-34.556708],[139.245363,-34.555231],[139.247643,-34.553786],[139.249203,-34.552801],[139.250078,-34.55224],[139.250765,-34.551948],[139.251293,-34.551853],[139.251772,-34.551823],[139.252013,-34.551817],[139.252275,-34.551831],[139.2525,-34.551854],[139.252693,-34.551884],[139.252897,-34.551934],[139.253126,-34.551997],[139.253351,-34.552075],[139.253628,-34.55219],[139.253903,-34.552343],[139.261682,-34.556905],[139.268377,-34.560878],[139.269813,-34.56129],[139.271333,-34.561431],[139.274352,-34.561482],[139.274924,-34.561546],[139.275387,-34.561642],[139.276142,-34.561861],[139.276844,-34.562189],[139.28066,-34.564296],[139.281951,-34.564888],[139.283405,-34.565272],[139.28382,-34.565415],[139.286942,-34.566861],[139.287328,-34.567076],[139.287477,-34.567175]]}},{"type":"Feature","properties":{"tier":"arterial"},"geometry":{"type":"LineString","coordinates":[[139.06786,-34.517522],[139.068316,-34.517575],[139.068734,-34.517607],[139.069153,-34.517613],[139.071582,-34.517641],[139.071982,-34.517649],[139.07233,-34.517699],[139.072733,-34.517789],[139.073145,-34.517908],[139.073615,-34.518082],[139.073953,-34.51822],[139.074984,-34.51878],[139.075502,-34.519073]]}},{"type":"Feature","properties":{"tier":"arterial"},"geometry":{"type":"LineString","coordinates":[[139.064076,-34.516411],[139.065708,-34.517179],[139.065898,-34.51723],[139.066261,-34.517322],[139.06786,-34.517522]]}},{"type":"Feature","properties":{"tier":"arterial"},"geometry":{"type":"LineString","coordinates":[[139.059859,-34.520886],[139.059795,-34.520689],[139.059217,-34.519088],[139.058922,-34.518238],[139.058831,-34.517848],[139.058795,-34.517503],[139.058471,-34.514957],[139.058451,-34.514597],[139.058161,-34.512394],[139.058142,-34.512133],[139.058053,-34.511395],[139.057989,-34.510858],[139.057781,-34.508876],[139.057741,-34.508455]]}},{"type":"Feature","properties":{"tier":"arterial"},"geometry":{"type":"LineString","coordinates":[[139.052205,-34.49998],[139.052825,-34.5017],[139.052946,-34.502034],[139.053217,-34.502782]]}},{"type":"Feature","properties":{"tier":"arterial"},"geometry":{"type":"LineString","coordinates":[[139.054159,-34.50524],[139.05426,-34.505374],[139.054368,-34.505507],[139.054545,-34.505658],[139.054639,-34.505723],[139.054734,-34.505779],[139.054853,-34.505844]]}},{"type":"Feature","properties":{"tier":"regional"},"geometry":{"type":"LineString","coordinates":[[139.021808,-34.505965],[139.023127,-34.502863],[139.023815,-34.501284],[139.024383,-34.49998]]}},{"type":"Feature","properties":{"tier":"arterial"},"geometry":{"type":"LineString","coordinates":[[139.50002,-34.571616],[139.482207,-34.573956],[139.480061,-34.574203],[139.478716,-34.574348],[139.47779,-34.574395],[139.477218,-34.574424],[139.476311,-34.57441],[139.4759,-34.574393]]}},{"type":"Feature","properties":{"tier":"arterial"},"geometry":{"type":"LineString","coordinates":[[139.282393,-34.609699],[139.282427,-34.609489],[139.282439,-34.608531],[139.282599,-34.59656],[139.282628,-34.594546],[139.282689,-34.590428],[139.282718,-34.588205],[139.282737,-34.587804],[139.282818,-34.58739],[139.282928,-34.586978],[139.283086,-34.58656],[139.283277,-34.586167],[139.283588,-34.585659],[139.283662,-34.585564],[139.283903,-34.585254],[139.284999,-34.584077]]}},{"type":"Feature","properties":{"tier":"arterial"},"geometry":{"type":"LineString","coordinates":[[138.99998,-34.980041],[139.000096,-34.980008],[139.000929,-34.979255],[139.002645,-34.976864],[139.002876,-34.976624],[139.003489,-34.976295],[139.003958,-34.976119],[139.004881,-34.975319],[139.005272,-34.974874],[139.005735,-34.974135],[139.005817,-34.973273],[139.005841,-34.973167]]}},{"type":"Feature","properties":{"tier":"regional"},"geometry":{"type":"LineString","coordinates":[[139.02739,-34.884591],[139.027413,-34.883916],[139.027559,-34.883381],[139.02785,-34.882845],[139.028726,-34.881381],[139.029015,-34.880951],[139.029057,-34.880527],[139.028892,-34.880007]]}},{"type":"Feature","properties":{"tier":"regional"},"geometry":{"type":"LineString","coordinates":[[139.028892,-34.880007],[139.02825,-34.879436]]}},{"type":"Feature","properties":{"tier":"regional"},"geometry":{"type":"LineString","coordinates":[[139.194681,-34.86577],[139.195045,-34.863189],[139.195336,-34.861191],[139.195425,-34.860686],[139.195704,-34.860299],[139.195816,-34.860111],[139.195937,-34.859906],[139.196176,-34.859507],[139.196348,-34.858837],[139.196498,-34.857675],[139.196593,-34.856901],[139.19668,-34.856184],[139.196691,-34.856091],[139.196756,-34.855615],[139.19671,-34.855258],[139.196624,-34.854906],[139.196477,-34.854629],[139.196431,-34.854342],[139.196434,-34.85396],[139.196541,-34.853432],[139.197357,-34.848061],[139.197718,-34.845432],[139.198491,-34.840536],[139.19892,-34.837806],[139.199181,-34.835821],[139.199337,-34.834858],[139.1995,-34.833655],[139.200467,-34.827332],[139.201848,-34.818098],[139.202868,-34.811579]]}},{"type":"Feature","properties":{"tier":"arterial"},"geometry":{"type":"LineString","coordinates":[[139.056178,-34.812593],[139.056174,-34.812317],[139.056236,-34.812034],[139.056304,-34.811803],[139.056453,-34.811359],[139.05652,-34.811079],[139.056541,-34.810909],[139.056546,-34.810763],[139.056527,-34.810633],[139.056501,-34.81053],[139.056434,-34.810387],[139.056353,-34.810232],[139.056267,-34.810101],[139.056158,-34.809966],[139.056065,-34.809861],[139.055988,-34.809785],[139.055889,-34.809703],[139.055747,-34.809609],[139.05555,-34.809497],[139.055387,-34.809396],[139.055167,-34.80927],[139.054918,-34.809106],[139.054696,-34.808952],[139.054521,-34.808793],[139.054259,-34.808508],[139.05345,-34.807606],[139.052359,-34.806369],[139.052219,-34.806187],[139.05214,-34.80605],[139.052066,-34.805899],[139.052027,-34.805785],[139.051999,-34.805665],[139.051978,-34.805537],[139.051973,-34.805341],[139.051987,-34.804958],[139.052041,-34.804163],[139.05209,-34.803477],[139.052092,-34.803252],[139.05208,-34.803033],[139.052057,-34.802858],[139.052017,-34.802686],[139.051987,-34.802557],[139.051927,-34.802345],[139.051785,-34.801859],[139.051681,-34.801503],[139.051409,-34.800632],[139.051358,-34.800472],[139.051312,-34.800359],[139.051252,-34.80023],[139.051177,-34.800104],[139.051096,-34.79998],[139.050982,-34.799818],[139.049954,-34.798351],[139.049219,-34.797344],[139.049168,-34.797269],[139.049117,-34.797188],[139.049056,-34.797085],[139.048995,-34.796968],[139.048941,-34.796853],[139.048896,-34.796743],[139.048851,-34.796618],[139.048816,-34.796505],[139.048789,-34.796401],[139.048773,-34.796328],[139.048756,-34.796234],[139.04874,-34.796125],[139.04873,-34.796023],[139.048724,-34.795932],[139.048722,-34.795817],[139.048725,-34.795713],[139.048732,-34.795603],[139.048744,-34.795496],[139.048808,-34.795064],[139.048958,-34.794198],[139.049063,-34.793501],[139.049074,-34.793272],[139.049065,-34.793074],[139.048971,-34.79266],[139.048876,-34.792415],[139.048413,-34.791148],[139.047602,-34.788835],[139.047136,-34.787463],[139.0471,-34.787318],[139.047077,-34.787204],[139.047067,-34.787094],[139.047067,-34.786937],[139.04709,-34.786706],[139.047118,-34.78653],[139.047176,-34.786258],[139.047241,-34.78592],[139.047257,-34.785795],[139.047262,-34.785632],[139.047253,-34.785446],[139.047234,-34.785295],[139.047213,-34.785145],[139.047176,-34.784969],[139.047139,-34.784788],[139.04709,-34.784658],[139.047016,-34.784493],[139.046243,-34.783017],[139.045281,-34.781249]]}},{"type":"Feature","properties":{"tier":"arterial"},"geometry":{"type":"LineString","coordinates":[[139.162305,-34.853087],[139.162835,-34.853309],[139.164852,-34.854138]]}},{"type":"Feature","properties":{"tier":"regional"},"geometry":{"type":"LineString","coordinates":[[139.104857,-34.960011],[139.104584,-34.959962],[139.104021,-34.959816],[139.103404,-34.959622],[139.101741,-34.959085],[139.100499,-34.958722],[139.099209,-34.958057],[139.097943,-34.957459],[139.096462,-34.956632],[139.095583,-34.956263],[139.094778,-34.9557],[139.094006,-34.954953],[139.093085,-34.954316],[139.091795,-34.95388],[139.09024,-34.953379],[139.089188,-34.953062],[139.088332,-34.952672],[139.087096,-34.952077],[139.086667,-34.951831],[139.086481,-34.951702],[139.086163,-34.951338]]}},{"type":"Feature","properties":{"tier":"regional"},"geometry":{"type":"LineString","coordinates":[[139.286229,-34.65165],[139.286734,-34.651652],[139.286792,-34.651652],[139.307459,-34.651751],[139.331967,-34.651862],[139.336028,-34.651873],[139.336708,-34.651755],[139.337337,-34.651671],[139.337979,-34.651586],[139.340075,-34.65161],[139.350231,-34.652121],[139.351387,-34.652193],[139.352336,-34.652244],[139.353096,-34.652268],[139.35527,-34.652259],[139.35694,-34.652251],[139.358193,-34.652244],[139.358756,-34.65224],[139.360701,-34.652235],[139.36158,-34.65223],[139.362798,-34.652231],[139.363231,-34.652214],[139.363706,-34.652131],[139.364511,-34.651949],[139.364743,-34.651932],[139.364955,-34.651928],[139.365169,-34.651953],[139.365401,-34.652023],[139.365577,-34.652092],[139.365775,-34.652176]]}},{"type":"Feature","properties":{"tier":"arterial"},"geometry":{"type":"LineString","coordinates":[[139.316948,-34.909509],[139.317543,-34.909855]]}},{"type":"Feature","properties":{"tier":"arterial"},"geometry":{"type":"LineString","coordinates":[[139.310495,-34.915549],[139.310645,-34.915463],[139.31179,-34.91416],[139.311869,-34.914071],[139.312256,-34.913634],[139.313058,-34.91273],[139.313091,-34.912706]]}},{"type":"Feature","properties":{"tier":"arterial"},"geometry":{"type":"LineString","coordinates":[[139.320012,-34.911263],[139.32044,-34.911503],[139.320566,-34.911555]]}},{"type":"Feature","properties":{"tier":"regional"},"geometry":{"type":"LineString","coordinates":[[139.03718,-34.52109],[139.036725,-34.520585],[139.036592,-34.520479],[139.036376,-34.52031],[139.036024,-34.520059],[139.035679,-34.519865],[139.035021,-34.519545],[139.034275,-34.51905],[139.03388,-34.518647],[139.033348,-34.51799],[139.032841,-34.517191],[139.032344,-34.516285],[139.032129,-34.515691],[139.03199,-34.515184],[139.031949,-34.514637],[139.031983,-34.514065],[139.031949,-34.512367],[139.031958,-34.511935],[139.032017,-34.509071],[139.031974,-34.50777],[139.032104,-34.507003]]}},{"type":"Feature","properties":{"tier":"arterial"},"geometry":{"type":"LineString","coordinates":[[139.316948,-34.909509],[139.317051,-34.909278],[139.317096,-34.908853],[139.317111,-34.908489],[139.317134,-34.908305],[139.317177,-34.908142],[139.31723,-34.90802],[139.317374,-34.907758],[139.317958,-34.906968]]}},{"type":"Feature","properties":{"tier":"arterial"},"geometry":{"type":"LineString","coordinates":[[139.320784,-34.911457],[139.320157,-34.911091]]}},{"type":"Feature","properties":{"tier":"arterial"},"geometry":{"type":"LineString","coordinates":[[139.317051,-34.909278],[139.317146,-34.909305],[139.317742,-34.909648]]}},{"type":"Feature","properties":{"tier":"regional"},"geometry":{"type":"LineString","coordinates":[[138.99998,-34.525253],[139.000192,-34.524763],[139.000556,-34.523964],[139.001548,-34.521722],[139.002404,-34.519762],[139.002539,-34.519453],[139.00343,-34.517382],[139.004422,-34.515076]]}},{"type":"Feature","properties":{"tier":"arterial"},"geometry":{"type":"LineString","coordinates":[[139.450053,-34.839371],[139.450476,-34.839102],[139.45091,-34.838888],[139.453781,-34.837543],[139.457008,-34.836],[139.458198,-34.835413],[139.461543,-34.833838],[139.467946,-34.830749],[139.47305,-34.828327],[139.474484,-34.827638],[139.479674,-34.825144],[139.482257,-34.823924],[139.48287,-34.823622],[139.483234,-34.823411],[139.483544,-34.823203],[139.483947,-34.822889],[139.484242,-34.822628],[139.484533,-34.822322],[139.484843,-34.821939],[139.489112,-34.815764],[139.495153,-34.807082],[139.496805,-34.804706],[139.50002,-34.800062]]}},{"type":"Feature","properties":{"tier":"arterial"},"geometry":{"type":"LineString","coordinates":[[139.282904,-34.904381],[139.284838,-34.902137],[139.290388,-34.895811],[139.293464,-34.8923],[139.293795,-34.891881],[139.296361,-34.88847],[139.296587,-34.888177],[139.298532,-34.885628],[139.299411,-34.884581],[139.300523,-34.883292],[139.300901,-34.882941],[139.301817,-34.88223],[139.304525,-34.880156],[139.304963,-34.879748],[139.305162,-34.879502],[139.305404,-34.879166],[139.305571,-34.878882],[139.305743,-34.878548],[139.306179,-34.877708],[139.306338,-34.877447],[139.306489,-34.877239],[139.306693,-34.876978],[139.306986,-34.876644],[139.308338,-34.875072],[139.308893,-34.874432],[139.30906,-34.874211],[139.30926,-34.87389],[139.309386,-34.873656],[139.309537,-34.873311],[139.309676,-34.87291],[139.309757,-34.872579],[139.309798,-34.872314],[139.309826,-34.872037],[139.309831,-34.871668],[139.309822,-34.871347],[139.3097,-34.870641],[139.309533,-34.869718],[139.309496,-34.86943],[139.309447,-34.868868],[139.309353,-34.86759],[139.309186,-34.865241],[139.309031,-34.863163],[139.30897,-34.862303],[139.308974,-34.862012],[139.309011,-34.861711],[139.309064,-34.86142],[139.309137,-34.861069],[139.309639,-34.85875],[139.310242,-34.856012],[139.310347,-34.855521],[139.310917,-34.852846],[139.311104,-34.852123],[139.311248,-34.851754],[139.311426,-34.85133],[139.311849,-34.850509],[139.314325,-34.846029],[139.314698,-34.845312],[139.314825,-34.844992],[139.314952,-34.844589],[139.315028,-34.844164],[139.315071,-34.843663],[139.315079,-34.84326],[139.315062,-34.839545],[139.315079,-34.836963],[139.315096,-34.836741],[139.315181,-34.836393],[139.315257,-34.836066],[139.315367,-34.835767],[139.315707,-34.834814],[139.315783,-34.834535],[139.315817,-34.834292],[139.315834,-34.833902],[139.315829,-34.833637],[139.315801,-34.833389],[139.315735,-34.833067],[139.315642,-34.832765],[139.315499,-34.83242],[139.31536,-34.83215],[139.314645,-34.830736],[139.313635,-34.828721],[139.313399,-34.828305],[139.313166,-34.827943],[139.312895,-34.827558],[139.31269,-34.827287],[139.312468,-34.827031],[139.312239,-34.826757],[139.311937,-34.826429],[139.311162,-34.825663],[139.310975,-34.825457],[139.310801,-34.825247],[139.310706,-34.825111],[139.310659,-34.825044],[139.310538,-34.82485],[139.310402,-34.824597],[139.310312,-34.8244],[139.310232,-34.824183],[139.310173,-34.82399],[139.310107,-34.823699],[139.310069,-34.823394],[139.310058,-34.823146],[139.310062,-34.822832],[139.310097,-34.822399],[139.310157,-34.821404],[139.310154,-34.821182],[139.310125,-34.820976],[139.310092,-34.820781],[139.310032,-34.820555],[139.309963,-34.82033],[139.309872,-34.820101],[139.309787,-34.819925],[139.309685,-34.819739],[139.309594,-34.819575],[139.309225,-34.81894],[139.309081,-34.818634],[139.30899,-34.818398],[139.308916,-34.818152],[139.308867,-34.817919],[139.308836,-34.817696],[139.308816,-34.817462],[139.30881,-34.817234],[139.308821,-34.81616],[139.308821,-34.816056],[139.308831,-34.813962],[139.30881,-34.81356],[139.308761,-34.813209],[139.308692,-34.812936],[139.308612,-34.812694],[139.308522,-34.812483],[139.308414,-34.81226],[139.308303,-34.812058],[139.308174,-34.81187],[139.308039,-34.811693],[139.307907,-34.81153],[139.307695,-34.811308],[139.307501,-34.811131],[139.307306,-34.81096],[139.30707,-34.810801],[139.306862,-34.810664],[139.306633,-34.810527],[139.306369,-34.810384],[139.3044,-34.809355],[139.301425,-34.807801],[139.298091,-34.80606],[139.29697,-34.805467],[139.296689,-34.805273],[139.296439,-34.805079],[139.296248,-34.804911],[139.296026,-34.804703],[139.295859,-34.804517],[139.294408,-34.802778],[139.293897,-34.802222],[139.293546,-34.801897],[139.29321,-34.801612],[139.29298,-34.801435],[139.292657,-34.80121],[139.29223,-34.800931],[139.291876,-34.800725],[139.291442,-34.800494],[139.290908,-34.800258],[139.290397,-34.800064],[139.289862,-34.799887],[139.289314,-34.799733],[139.28871,-34.799599],[139.285494,-34.799069],[139.28481,-34.798932],[139.284363,-34.798804],[139.284047,-34.798701],[139.283751,-34.798578],[139.283422,-34.798436],[139.283081,-34.798253],[139.282758,-34.798065],[139.282488,-34.797886],[139.282088,-34.797592],[139.281554,-34.79719],[139.279922,-34.795961],[139.279696,-34.795773],[139.279408,-34.795513],[139.279193,-34.795299],[139.278963,-34.795049],[139.278755,-34.794795],[139.27855,-34.794521],[139.277516,-34.793038],[139.27315,-34.786747],[139.272167,-34.785338],[139.271969,-34.78507],[139.271737,-34.784775],[139.271554,-34.784551],[139.27132,-34.784288],[139.271027,-34.783984],[139.27081,-34.783767],[139.270569,-34.783543],[139.270156,-34.783184],[139.269832,-34.782918],[139.26948,-34.782639],[139.268919,-34.782188],[139.26735,-34.780942],[139.265796,-34.779709],[139.264501,-34.778681],[139.263147,-34.777599],[139.261695,-34.776441],[139.260075,-34.775156],[139.258538,-34.773936],[139.257154,-34.772844],[139.256725,-34.772479],[139.256344,-34.772106],[139.256054,-34.771785],[139.255898,-34.771583],[139.255707,-34.771306],[139.255512,-34.770978],[139.255354,-34.770645],[139.25521,-34.770284],[139.255105,-34.769939],[139.255041,-34.769663],[139.25499,-34.769348],[139.254968,-34.769025],[139.254961,-34.768683],[139.254992,-34.768314],[139.255034,-34.768059],[139.255093,-34.767781],[139.255168,-34.767508],[139.255283,-34.767182],[139.255412,-34.766887],[139.255517,-34.766656],[139.255644,-34.766408],[139.256166,-34.765428],[139.256505,-34.764796],[139.257237,-34.763441],[139.257896,-34.762203],[139.258329,-34.761403],[139.258535,-34.761022],[139.259213,-34.759761],[139.259597,-34.759038],[139.25996,-34.758372],[139.260199,-34.757941],[139.260553,-34.757272],[139.260824,-34.756781],[139.261187,-34.756099],[139.261519,-34.755431]]}},{"type":"Feature","properties":{"tier":"regional"},"geometry":{"type":"LineString","coordinates":[[139.301756,-34.914083],[139.301902,-34.913941],[139.301931,-34.913912],[139.301993,-34.913852],[139.302054,-34.913792],[139.302189,-34.91366],[139.302261,-34.913559],[139.302282,-34.913471],[139.30225,-34.913289],[139.301786,-34.912208],[139.301517,-34.911576],[139.30128,-34.911018],[139.300012,-34.908027],[139.297089,-34.901162]]}},{"type":"Feature","properties":{"tier":"regional"},"geometry":{"type":"LineString","coordinates":[[139.297089,-34.901162],[139.296992,-34.900937],[139.296668,-34.900197],[139.296063,-34.89854],[139.295577,-34.896993],[139.294421,-34.893311],[139.294021,-34.8921],[139.293967,-34.892008],[139.293795,-34.891881]]}},{"type":"Feature","properties":{"tier":"regional"},"geometry":{"type":"LineString","coordinates":[[139.295008,-34.927178],[139.294851,-34.927543],[139.294762,-34.927792],[139.294165,-34.929711],[139.293931,-34.930459],[139.29383,-34.930779],[139.293768,-34.9309],[139.293632,-34.93114],[139.293543,-34.931252],[139.293412,-34.931423],[139.293158,-34.93173]]}},{"type":"Feature","properties":{"tier":"arterial"},"geometry":{"type":"LineString","coordinates":[[139.32877,-34.906279],[139.330282,-34.908142],[139.330481,-34.908429],[139.330617,-34.908696],[139.330711,-34.90894],[139.330774,-34.909172],[139.330805,-34.909374],[139.330821,-34.909563],[139.330821,-34.909717],[139.3308,-34.909923],[139.330758,-34.910168],[139.330551,-34.911141],[139.330517,-34.911297],[139.330324,-34.912169],[139.330297,-34.912379],[139.330287,-34.91259],[139.330292,-34.912783],[139.330334,-34.913019],[139.330376,-34.913199],[139.330428,-34.91338],[139.330481,-34.913517],[139.330559,-34.913684],[139.330633,-34.913818],[139.331538,-34.9152],[139.331653,-34.915414],[139.331727,-34.915578],[139.331779,-34.915702],[139.331821,-34.915844],[139.331868,-34.916054],[139.33213,-34.917544],[139.332188,-34.917754],[139.332287,-34.918016],[139.332418,-34.918282],[139.332591,-34.918544],[139.332795,-34.918793],[139.333062,-34.919046],[139.333308,-34.919235],[139.333559,-34.919394],[139.333863,-34.919536],[139.335858,-34.920369],[139.336083,-34.920489],[139.336266,-34.920592],[139.336486,-34.920738],[139.336695,-34.920897],[139.336894,-34.921081],[139.337072,-34.921279],[139.337271,-34.921566],[139.337402,-34.92182],[139.337528,-34.92212],[139.33803,-34.924284],[139.338423,-34.926018],[139.338983,-34.928409],[139.339318,-34.929857],[139.340368,-34.934393],[139.340397,-34.934619],[139.340399,-34.93485],[139.340367,-34.935314],[139.340281,-34.935784],[139.340163,-34.93623],[139.339906,-34.937179],[139.339853,-34.937421],[139.339818,-34.937658],[139.339794,-34.937891],[139.339799,-34.938154],[139.341666,-34.953993],[139.341725,-34.954496],[139.34208,-34.957532],[139.34226,-34.95905],[139.342406,-34.960281],[139.342436,-34.960535],[139.342506,-34.961146],[139.342563,-34.96146],[139.342654,-34.961765],[139.342794,-34.962148],[139.343043,-34.962619],[139.343316,-34.963011],[139.34349,-34.963222],[139.343695,-34.963426],[139.344109,-34.963809],[139.345439,-34.965021],[139.346761,-34.966263],[139.347403,-34.966854],[139.359091,-34.977647],[139.368661,-34.986484],[139.368905,-34.986737],[139.369119,-34.986981],[139.36931,-34.987243],[139.36948,-34.987507],[139.36963,-34.987768],[139.369762,-34.988042],[139.369977,-34.988589],[139.370787,-34.990881],[139.371611,-34.993219],[139.372342,-34.995275],[139.372493,-34.995618],[139.373273,-34.997069],[139.37377,-34.997997],[139.374003,-34.998473],[139.374097,-34.998699],[139.37418,-34.998921],[139.374271,-34.999225],[139.374339,-34.999549],[139.374407,-35.00002]]}},{"type":"Feature","properties":{"tier":"arterial"},"geometry":{"type":"LineString","coordinates":[[139.292906,-34.575581],[139.293314,-34.575142],[139.293438,-34.575009],[139.294161,-34.57424],[139.294205,-34.574192],[139.29455,-34.573819],[139.294777,-34.573574],[139.294963,-34.573373],[139.295164,-34.573192],[139.295398,-34.572872]]}},{"type":"Feature","properties":{"tier":"arterial"},"geometry":{"type":"LineString","coordinates":[[139.50002,-34.757077],[139.483216,-34.756752],[139.482699,-34.756744],[139.464222,-34.75625],[139.453325,-34.756063],[139.436425,-34.755772],[139.423586,-34.755511],[139.42295,-34.755486],[139.422189,-34.755392],[139.417642,-34.754471],[139.417055,-34.754366],[139.416632,-34.75432],[139.416153,-34.754296],[139.376581,-34.754373],[139.340006,-34.754444],[139.335351,-34.754453],[139.309644,-34.754506],[139.309027,-34.754541],[139.308676,-34.754589],[139.308424,-34.754624],[139.30787,-34.754729],[139.307006,-34.754924]]}},{"type":"Feature","properties":{"tier":"arterial"},"geometry":{"type":"LineString","coordinates":[[139.056193,-34.812967],[139.056194,-34.813775]]}},{"type":"Feature","properties":{"tier":"arterial"},"geometry":{"type":"LineString","coordinates":[[139.056178,-34.812593],[139.056193,-34.812967]]}},{"type":"Feature","properties":{"tier":"arterial"},"geometry":{"type":"LineString","coordinates":[[139.004519,-34.799279],[139.004637,-34.79938],[139.004762,-34.799509],[139.004866,-34.799632],[139.004978,-34.799801],[139.005549,-34.800248],[139.006352,-34.800927],[139.006948,-34.80153],[139.007288,-34.801915],[139.007615,-34.80218],[139.007988,-34.802391],[139.008465,-34.802671],[139.0092,-34.803083],[139.009919,-34.803479],[139.01071,-34.803913],[139.011214,-34.804072],[139.0118,-34.804144],[139.012901,-34.804221],[139.013588,-34.804263],[139.01436,-34.804303],[139.015026,-34.804373],[139.015937,-34.804472],[139.016648,-34.804532],[139.017396,-34.804611],[139.01787,-34.804827],[139.018582,-34.805294],[139.019062,-34.805651],[139.020312,-34.806543],[139.021106,-34.807128],[139.021554,-34.807446],[139.021962,-34.807606],[139.022603,-34.807745],[139.023167,-34.807901],[139.02355,-34.808077],[139.024669,-34.8086],[139.02623,-34.809511],[139.027353,-34.80991],[139.028499,-34.810159],[139.030393,-34.810643],[139.031509,-34.810925],[139.032415,-34.810956],[139.033268,-34.811256],[139.035039,-34.812075],[139.036337,-34.8127],[139.037432,-34.813345],[139.039877,-34.814576],[139.041144,-34.815124],[139.041745,-34.815353],[139.045007,-34.816199],[139.046036,-34.816303],[139.046981,-34.816357],[139.047709,-34.81632],[139.048632,-34.816144],[139.04934,-34.815721],[139.050456,-34.815158],[139.051329,-34.814708],[139.051873,-34.814472],[139.052584,-34.814206],[139.052997,-34.814162],[139.053374,-34.814171],[139.054028,-34.814207],[139.054665,-34.814319],[139.055112,-34.814559],[139.055448,-34.814778],[139.055927,-34.815083]]}},{"type":"Feature","properties":{"tier":"arterial"},"geometry":{"type":"LineString","coordinates":[[139.096768,-34.640345],[139.095162,-34.639592]]}},{"type":"Feature","properties":{"tier":"arterial"},"geometry":{"type":"LineString","coordinates":[[139.095162,-34.639592],[139.091695,-34.637986]]}},{"type":"Feature","properties":{"tier":"arterial"},"geometry":{"type":"LineString","coordinates":[[139.091695,-34.637986],[139.091139,-34.637721],[139.091072,-34.637679],[139.090986,-34.637629],[139.090889,-34.637572],[139.090771,-34.637501],[139.090626,-34.637409],[139.090478,-34.63731],[139.090364,-34.637228],[139.090334,-34.637207],[139.090063,-34.636997],[139.089876,-34.636837],[139.089704,-34.636677],[139.089593,-34.636568],[139.089466,-34.636435],[139.089346,-34.6363],[139.089214,-34.636142],[139.08911,-34.636007],[139.088995,-34.63585],[139.088948,-34.635781],[139.088759,-34.635469],[139.088279,-34.634591],[139.087434,-34.633],[139.087055,-34.632275],[139.086841,-34.631893],[139.086712,-34.631675],[139.086511,-34.631405]]}},{"type":"Feature","properties":{"tier":"regional"},"geometry":{"type":"LineString","coordinates":[[139.08519,-34.547798],[139.085115,-34.547492],[139.084991,-34.547084],[139.084579,-34.54594],[139.084513,-34.545757],[139.084488,-34.545685],[139.084444,-34.545418],[139.084305,-34.54458],[139.084291,-34.544148],[139.084324,-34.543788],[139.084418,-34.5434],[139.084621,-34.542569],[139.084878,-34.541515],[139.085668,-34.538877],[139.085968,-34.53863],[139.086466,-34.538316],[139.088846,-34.536815],[139.091324,-34.534233]]}},{"type":"Feature","properties":{"tier":"regional"},"geometry":{"type":"LineString","coordinates":[[139.083986,-34.546379],[139.084513,-34.545757]]}},{"type":"Feature","properties":{"tier":"arterial"},"geometry":{"type":"LineString","coordinates":[[139.024399,-34.770458],[139.023717,-34.769951],[139.022667,-34.769162],[139.021862,-34.768557],[139.020653,-34.76765],[139.018851,-34.766301],[139.018046,-34.76569]]}},{"type":"Feature","properties":{"tier":"arterial"},"geometry":{"type":"LineString","coordinates":[[139.077274,-34.593576],[139.077473,-34.593135],[139.079567,-34.588439],[139.081813,-34.583691],[139.083915,-34.579116],[139.085652,-34.575306],[139.086012,-34.574531],[139.086164,-34.574187],[139.086271,-34.57396],[139.086304,-34.573861],[139.086343,-34.573747],[139.086435,-34.573314],[139.086521,-34.572829],[139.087374,-34.567642],[139.087781,-34.565167],[139.088024,-34.563686],[139.088869,-34.558536],[139.088985,-34.55783],[139.089082,-34.557135],[139.089118,-34.556789],[139.089124,-34.556425],[139.0891,-34.55601],[139.089038,-34.555594],[139.08893,-34.555118],[139.08874,-34.554625],[139.087778,-34.552794],[139.086313,-34.549945],[139.085589,-34.54851],[139.08519,-34.547798],[139.084947,-34.54744],[139.084736,-34.547159],[139.084416,-34.546801],[139.083986,-34.546379],[139.083548,-34.546011],[139.083092,-34.545648],[139.082914,-34.545544]]}},{"type":"Feature","properties":{"tier":"arterial"},"geometry":{"type":"LineString","coordinates":[[139.072825,-34.60345],[139.074537,-34.599639],[139.076015,-34.596371],[139.077274,-34.593576]]}},{"type":"Feature","properties":{"tier":"regional"},"geometry":{"type":"LineString","coordinates":[[139.096768,-34.640345],[139.097644,-34.638379],[139.097789,-34.638044],[139.097811,-34.637999],[139.098525,-34.636333],[139.09967,-34.633835],[139.10069,-34.631584],[139.101194,-34.630383],[139.102224,-34.628185],[139.102803,-34.62679],[139.103586,-34.625086],[139.104216,-34.623706],[139.104801,-34.622373]]}},{"type":"Feature","properties":{"tier":"arterial"},"geometry":{"type":"LineString","coordinates":[[139.088215,-34.709908],[139.088313,-34.709666]]}},{"type":"Feature","properties":{"tier":"arterial"},"geometry":{"type":"LineString","coordinates":[[139.087736,-34.71105],[139.088211,-34.709918],[139.088215,-34.709908]]}},{"type":"Feature","properties":{"tier":"arterial"},"geometry":{"type":"LineString","coordinates":[[139.088313,-34.709666],[139.088582,-34.709022]]}},{"type":"Feature","properties":{"tier":"arterial"},"geometry":{"type":"LineString","coordinates":[[139.087185,-34.7149],[139.087175,-34.713467],[139.087178,-34.713061],[139.087195,-34.71285],[139.08723,-34.712572],[139.087285,-34.712305],[139.087349,-34.712048],[139.087458,-34.711721],[139.087565,-34.711455],[139.087736,-34.71105]]}},{"type":"Feature","properties":{"tier":"arterial"},"geometry":{"type":"LineString","coordinates":[[139.059657,-34.763622],[139.059906,-34.763338],[139.060262,-34.762946],[139.060964,-34.762183],[139.061416,-34.761691],[139.061816,-34.761247],[139.062718,-34.760252],[139.063374,-34.759529],[139.063584,-34.75932],[139.063747,-34.759176],[139.063871,-34.759062],[139.064467,-34.758636],[139.06622,-34.757459],[139.066587,-34.757192],[139.066742,-34.75707],[139.066908,-34.756906],[139.067036,-34.756758],[139.067185,-34.756561],[139.067348,-34.756302],[139.067478,-34.756041],[139.067991,-34.754947],[139.068595,-34.753595],[139.068621,-34.753531],[139.06864,-34.753488],[139.068909,-34.752899],[139.069386,-34.751865],[139.069966,-34.750585],[139.07055,-34.749336],[139.070965,-34.748434],[139.071067,-34.74822],[139.07114,-34.748044],[139.071235,-34.747782],[139.071313,-34.74752],[139.071473,-34.746906],[139.071811,-34.745568],[139.072227,-34.743923],[139.072409,-34.743232],[139.07252,-34.742849],[139.072671,-34.742465],[139.072746,-34.742326],[139.072808,-34.742228],[139.072967,-34.741981],[139.073159,-34.741734],[139.07338,-34.741496],[139.073675,-34.74121],[139.074151,-34.740748],[139.074458,-34.740453],[139.074994,-34.739934],[139.075082,-34.739834],[139.075162,-34.73975],[139.075327,-34.739548],[139.07545,-34.739333],[139.075592,-34.739014],[139.076026,-34.737924],[139.0761,-34.737756],[139.076189,-34.737601],[139.076294,-34.737437],[139.076425,-34.737256],[139.07655,-34.737099],[139.076864,-34.736709],[139.077168,-34.736331],[139.077947,-34.735421],[139.078319,-34.735004],[139.078377,-34.734939],[139.078472,-34.734834],[139.078782,-34.734485],[139.078884,-34.734393],[139.079101,-34.734203],[139.079367,-34.734009],[139.079617,-34.733849],[139.079859,-34.73373],[139.08009,-34.733644],[139.080333,-34.733565],[139.080762,-34.733451],[139.081364,-34.733306],[139.081592,-34.733246],[139.081664,-34.733225],[139.081845,-34.733172],[139.082033,-34.733104],[139.082231,-34.733015],[139.082421,-34.73292],[139.082595,-34.732819],[139.082765,-34.732711],[139.082929,-34.732587],[139.083056,-34.732472],[139.083177,-34.732346],[139.08329,-34.732214],[139.083389,-34.732089],[139.083478,-34.731953],[139.083551,-34.731821],[139.083626,-34.731687],[139.083691,-34.731545],[139.084059,-34.730708],[139.084288,-34.730178],[139.084361,-34.730007],[139.084957,-34.728628],[139.086279,-34.725569],[139.086466,-34.725133],[139.086718,-34.724562],[139.086802,-34.724342],[139.086877,-34.724123],[139.086919,-34.72394],[139.086941,-34.723761],[139.086963,-34.723473],[139.08698,-34.723073],[139.08705,-34.721287],[139.087105,-34.719917],[139.087111,-34.719718],[139.087155,-34.718852],[139.087165,-34.718595],[139.08719,-34.718045],[139.087195,-34.717648],[139.087202,-34.71726],[139.087198,-34.716993],[139.087194,-34.716463],[139.087186,-34.715217],[139.087185,-34.7149]]}},{"type":"Feature","properties":{"tier":"arterial"},"geometry":{"type":"LineString","coordinates":[[139.096655,-34.671327],[139.096811,-34.670982]]}},{"type":"Feature","properties":{"tier":"arterial"},"geometry":{"type":"LineString","coordinates":[[139.096811,-34.670982],[139.097287,-34.669873],[139.097972,-34.668292],[139.098709,-34.666611],[139.099462,-34.664866],[139.099983,-34.663624],[139.100212,-34.663109],[139.100929,-34.661468],[139.10147,-34.660215],[139.102215,-34.658498],[139.102326,-34.658207],[139.10237,-34.658076],[139.102418,-34.6579],[139.102452,-34.657711],[139.102473,-34.657524],[139.102475,-34.657478],[139.102485,-34.657317],[139.102475,-34.657094],[139.102449,-34.65688],[139.102416,-34.656704],[139.101681,-34.654215],[139.10139,-34.653202],[139.101339,-34.653032],[139.101164,-34.652446],[139.100987,-34.651835]]}},{"type":"Feature","properties":{"tier":"arterial"},"geometry":{"type":"LineString","coordinates":[[139.087322,-34.700436],[139.087052,-34.699912],[139.086575,-34.698993],[139.08616,-34.698268],[139.085995,-34.697967],[139.085894,-34.697751],[139.08582,-34.697554],[139.08576,-34.697331],[139.085716,-34.697138],[139.085693,-34.696984],[139.085678,-34.696725],[139.085685,-34.696511],[139.085706,-34.696299],[139.085742,-34.696072],[139.085809,-34.695837],[139.085892,-34.695623],[139.086039,-34.695265],[139.086242,-34.694803],[139.086946,-34.69319],[139.087601,-34.691686],[139.088387,-34.68992],[139.089044,-34.688409],[139.089644,-34.687051],[139.089933,-34.686396],[139.09076,-34.684537],[139.091134,-34.683704],[139.091621,-34.682617],[139.092325,-34.681042],[139.093096,-34.6793],[139.093887,-34.677521],[139.09401,-34.677247],[139.094307,-34.67658],[139.095202,-34.674566],[139.096039,-34.672693],[139.096655,-34.671327]]}},{"type":"Feature","properties":{"tier":"arterial"},"geometry":{"type":"LineString","coordinates":[[139.056976,-34.766576],[139.057667,-34.765827],[139.058335,-34.765082],[139.058835,-34.764521],[139.059405,-34.763902],[139.059657,-34.763622]]}},{"type":"Feature","properties":{"tier":"arterial"},"geometry":{"type":"LineString","coordinates":[[139.100987,-34.651835],[139.100766,-34.651078],[139.100281,-34.649473],[139.099776,-34.647783],[139.099402,-34.646538]]}},{"type":"Feature","properties":{"tier":"arterial"},"geometry":{"type":"LineString","coordinates":[[139.087825,-34.7025],[139.08767,-34.701482],[139.087637,-34.701302],[139.087601,-34.701135],[139.087536,-34.700944],[139.087464,-34.70076],[139.087381,-34.700567],[139.087322,-34.700436]]}},{"type":"Feature","properties":{"tier":"arterial"},"geometry":{"type":"LineString","coordinates":[[139.099402,-34.646538],[139.098918,-34.644889],[139.098456,-34.643368],[139.098111,-34.642192]]}},{"type":"Feature","properties":{"tier":"arterial"},"geometry":{"type":"LineString","coordinates":[[139.048263,-34.500928],[139.048309,-34.500917],[139.04846,-34.500874]]}},{"type":"Feature","properties":{"tier":"arterial"},"geometry":{"type":"LineString","coordinates":[[139.048566,-34.500845],[139.048752,-34.500793],[139.048789,-34.500783],[139.04984,-34.500467],[139.050268,-34.500344],[139.050849,-34.500178],[139.051539,-34.49998]]}},{"type":"Feature","properties":{"tier":"regional"},"geometry":{"type":"LineString","coordinates":[[139.04489,-34.500796],[139.045036,-34.500604],[139.045087,-34.500501],[139.0451,-34.500379],[139.04506,-34.500214]]}},{"type":"Feature","properties":{"tier":"arterial"},"geometry":{"type":"LineString","coordinates":[[138.99998,-34.801552],[139.000004,-34.801543],[139.000194,-34.801446],[139.000342,-34.801347],[139.000463,-34.801253],[139.000608,-34.801137],[139.000761,-34.801035],[139.000931,-34.800944],[139.001092,-34.800876],[139.001422,-34.80077],[139.00189,-34.800622],[139.002633,-34.800365],[139.002951,-34.80024],[139.003131,-34.800157],[139.003424,-34.79997],[139.003877,-34.799686]]}},{"type":"Feature","properties":{"tier":"arterial"},"geometry":{"type":"LineString","coordinates":[[139.035919,-34.78125],[139.036496,-34.78077],[139.036718,-34.780586],[139.036839,-34.780476]]}},{"type":"Feature","properties":{"tier":"regional"},"geometry":{"type":"LineString","coordinates":[[138.99998,-34.502478],[139.000036,-34.502494],[139.000585,-34.502653],[139.008783,-34.505071],[139.010601,-34.505609],[139.014619,-34.506789],[139.018615,-34.507987],[139.018936,-34.50806],[139.019271,-34.508132],[139.019687,-34.508202],[139.019987,-34.508253],[139.020267,-34.508334],[139.020723,-34.508468]]}},{"type":"Feature","properties":{"tier":"arterial"},"geometry":{"type":"LineString","coordinates":[[139.105317,-34.822633],[139.104915,-34.822861]]}},{"type":"Feature","properties":{"tier":"arterial"},"geometry":{"type":"LineString","coordinates":[[139.056166,-34.815259],[139.055987,-34.815121]]}},{"type":"Feature","properties":{"tier":"arterial"},"geometry":{"type":"LineString","coordinates":[[139.105676,-34.822441],[139.105317,-34.822633]]}},{"type":"Feature","properties":{"tier":"arterial"},"geometry":{"type":"LineString","coordinates":[[139.159314,-34.851776],[139.158915,-34.851542],[139.158698,-34.851416],[139.158526,-34.851287],[139.15838,-34.851188]]}},{"type":"Feature","properties":{"tier":"arterial"},"geometry":{"type":"LineString","coordinates":[[139.031878,-34.776066],[139.032269,-34.77636],[139.0324,-34.776459],[139.032501,-34.77654],[139.032604,-34.776639],[139.032725,-34.776778],[139.032818,-34.776902],[139.032911,-34.777053],[139.03307,-34.777363],[139.033228,-34.777671],[139.033294,-34.777801],[139.033362,-34.777904],[139.033447,-34.778002]]}},{"type":"Feature","properties":{"tier":"arterial"},"geometry":{"type":"LineString","coordinates":[[139.034147,-34.778483],[139.034356,-34.778612]]}},{"type":"Feature","properties":{"tier":"arterial"},"geometry":{"type":"LineString","coordinates":[[139.024399,-34.770458],[139.024538,-34.770561]]}},{"type":"Feature","properties":{"tier":"arterial"},"geometry":{"type":"LineString","coordinates":[[139.034356,-34.778612],[139.034773,-34.778907],[139.035777,-34.779664],[139.036196,-34.779985],[139.03632,-34.780079],[139.036839,-34.780476]]}},{"type":"Feature","properties":{"tier":"arterial"},"geometry":{"type":"LineString","coordinates":[[139.228408,-34.938296],[139.228332,-34.937662]]}},{"type":"Feature","properties":{"tier":"arterial"},"geometry":{"type":"LineString","coordinates":[[139.280822,-34.905177],[139.280968,-34.905016],[139.28112,-34.904808],[139.281165,-34.90474],[139.281343,-34.904475],[139.281443,-34.904324]]}},{"type":"Feature","properties":{"tier":"arterial"},"geometry":{"type":"LineString","coordinates":[[139.058856,-34.818012],[139.058705,-34.81812],[139.058635,-34.818183]]}},{"type":"Feature","properties":{"tier":"arterial"},"geometry":{"type":"LineString","coordinates":[[139.163836,-34.920853],[139.163801,-34.920451],[139.163786,-34.920071]]}},{"type":"Feature","properties":{"tier":"arterial"},"geometry":{"type":"LineString","coordinates":[[139.164728,-34.888056],[139.164805,-34.887795],[139.164864,-34.887545],[139.16488,-34.887457]]}},{"type":"Feature","properties":{"tier":"arterial"},"geometry":{"type":"LineString","coordinates":[[139.16488,-34.887457],[139.164893,-34.887386],[139.16492,-34.887236],[139.164956,-34.886956],[139.164985,-34.8866],[139.165089,-34.885325],[139.165123,-34.88497],[139.165126,-34.884845],[139.165122,-34.88469],[139.165107,-34.884531],[139.165089,-34.884413],[139.165055,-34.884251],[139.165018,-34.884119],[139.164993,-34.88404],[139.164946,-34.883915],[139.164893,-34.883793],[139.164822,-34.883651],[139.164759,-34.883541],[139.164689,-34.88343],[139.164619,-34.883331],[139.163397,-34.881638],[139.16307,-34.881176],[139.162979,-34.88104],[139.162904,-34.880901],[139.162824,-34.880721],[139.16275,-34.880471],[139.162664,-34.880123],[139.162371,-34.878917],[139.162193,-34.878182],[139.161704,-34.876142],[139.161467,-34.875188],[139.161416,-34.874945],[139.161372,-34.874729],[139.16133,-34.874476],[139.161292,-34.874103],[139.161072,-34.872112],[139.160875,-34.870365],[139.160823,-34.86991],[139.160781,-34.869522],[139.160559,-34.867502],[139.160444,-34.866476],[139.160408,-34.866179],[139.160388,-34.866016],[139.160355,-34.865841],[139.160325,-34.865683],[139.160272,-34.865496],[139.160222,-34.865318],[139.160133,-34.864946],[139.160112,-34.864854],[139.160085,-34.86472],[139.160073,-34.864571],[139.160038,-34.86372],[139.159964,-34.862097],[139.159925,-34.861017],[139.15991,-34.860844],[139.159881,-34.860667],[139.159851,-34.860507],[139.159843,-34.86043]]}},{"type":"Feature","properties":{"tier":"arterial"},"geometry":{"type":"LineString","coordinates":[[139.163786,-34.920071],[139.163795,-34.919815],[139.163836,-34.919509],[139.163906,-34.919198],[139.163961,-34.919005],[139.164046,-34.918771],[139.16439,-34.917939],[139.164486,-34.917661],[139.164538,-34.917434],[139.164594,-34.917157],[139.164629,-34.916827],[139.164739,-34.915586],[139.164891,-34.914059],[139.165056,-34.912337],[139.165175,-34.911056],[139.165267,-34.90996],[139.1653,-34.909513],[139.1653,-34.909231],[139.165276,-34.908988],[139.165223,-34.908744],[139.165131,-34.908472],[139.164994,-34.908173],[139.164185,-34.906469],[139.163245,-34.904548],[139.162721,-34.903376],[139.162644,-34.903216],[139.162593,-34.903041],[139.162546,-34.9028],[139.162095,-34.900493],[139.161692,-34.89839],[139.161659,-34.89812],[139.16165,-34.897898],[139.161665,-34.897548],[139.161804,-34.896445],[139.161811,-34.896389],[139.161829,-34.896287],[139.161856,-34.896171],[139.161896,-34.896045],[139.161953,-34.895902],[139.162028,-34.895752],[139.162083,-34.89566],[139.162154,-34.895555],[139.162225,-34.895463],[139.162314,-34.895359],[139.162428,-34.895243],[139.162513,-34.895167],[139.162558,-34.89513],[139.16313,-34.894623],[139.163456,-34.894308],[139.163512,-34.894252],[139.163585,-34.89417],[139.163652,-34.894089],[139.163727,-34.893987],[139.163786,-34.893896],[139.163852,-34.893783],[139.163913,-34.893659],[139.163964,-34.893535],[139.163992,-34.893453],[139.164025,-34.893336],[139.164046,-34.893244],[139.164068,-34.893104],[139.164078,-34.892992],[139.164081,-34.89288],[139.16408,-34.892834],[139.164072,-34.892693],[139.164046,-34.892532],[139.163995,-34.892359],[139.163883,-34.891968],[139.163826,-34.891752],[139.163776,-34.891535],[139.163737,-34.891299],[139.163723,-34.891044],[139.163723,-34.890767],[139.163743,-34.890492],[139.163791,-34.890234],[139.163859,-34.889969],[139.163978,-34.889629],[139.164105,-34.889342],[139.16425,-34.889077],[139.164313,-34.888971],[139.164416,-34.888785],[139.164532,-34.888554],[139.164648,-34.888286],[139.164728,-34.888056]]}},{"type":"Feature","properties":{"tier":"arterial"},"geometry":{"type":"LineString","coordinates":[[139.18637,-35.00002],[139.186045,-34.999134],[139.185366,-34.997287],[139.185182,-34.996785],[139.185134,-34.996653],[139.184541,-34.995026],[139.183719,-34.992802],[139.182862,-34.990462],[139.182042,-34.988231],[139.181302,-34.98622],[139.180523,-34.984089],[139.180507,-34.984044],[139.179742,-34.981939],[139.178926,-34.979706],[139.178177,-34.977661],[139.177383,-34.975502],[139.177002,-34.974465],[139.176882,-34.974142],[139.176841,-34.974],[139.176813,-34.973905],[139.176771,-34.97376],[139.176681,-34.973404],[139.176421,-34.972269],[139.176281,-34.971703],[139.1762,-34.971414],[139.176101,-34.971101],[139.175891,-34.970475],[139.175363,-34.968891],[139.175097,-34.968106],[139.174841,-34.967324],[139.174171,-34.965286],[139.173407,-34.96299],[139.172696,-34.96083],[139.17199,-34.958694],[139.171288,-34.956539],[139.170503,-34.954178],[139.169786,-34.95199],[139.169124,-34.94997],[139.168439,-34.94791],[139.168334,-34.947612],[139.168247,-34.947421],[139.168153,-34.947239],[139.168046,-34.947065],[139.167949,-34.946928],[139.16783,-34.94678],[139.167666,-34.946558],[139.167558,-34.946405],[139.167521,-34.946352],[139.167407,-34.946173],[139.167291,-34.945949],[139.167183,-34.945688],[139.16711,-34.945432],[139.167069,-34.945224],[139.167034,-34.945002],[139.167016,-34.944725],[139.166935,-34.942885],[139.16685,-34.941112],[139.166754,-34.939111],[139.166658,-34.937015],[139.166544,-34.934683],[139.166439,-34.932393],[139.166398,-34.931846],[139.166381,-34.931719],[139.166355,-34.931533],[139.166308,-34.931325],[139.166232,-34.931002],[139.166119,-34.930574],[139.16557,-34.928485],[139.164999,-34.926319],[139.164486,-34.924362],[139.164165,-34.923116],[139.164043,-34.922636],[139.164002,-34.922457],[139.163961,-34.922239],[139.163935,-34.922],[139.163836,-34.920853]]}},{"type":"Feature","properties":{"tier":"arterial"},"geometry":{"type":"LineString","coordinates":[[139.088582,-34.709022],[139.087409,-34.708658],[139.086201,-34.708289]]}},{"type":"Feature","properties":{"tier":"arterial"},"geometry":{"type":"LineString","coordinates":[[139.000359,-34.693537],[138.99998,-34.693425]]}},{"type":"Feature","properties":{"tier":"arterial"},"geometry":{"type":"LineString","coordinates":[[139.057225,-34.699696],[139.056014,-34.699779],[139.054555,-34.69999],[139.053053,-34.699955],[139.051251,-34.69948],[139.048247,-34.699461],[139.042142,-34.699196],[139.04108,-34.698881],[139.038262,-34.6978],[139.037926,-34.697676],[139.037744,-34.697616],[139.037454,-34.697526],[139.037245,-34.697478],[139.035968,-34.697221],[139.03078,-34.696234],[139.028119,-34.695635],[139.023281,-34.69415],[139.022299,-34.693855],[139.020948,-34.693511],[139.020357,-34.693473],[139.019617,-34.693478],[139.018496,-34.693528],[139.017879,-34.693654],[139.017396,-34.693824],[139.016871,-34.694177],[139.01576,-34.695015],[139.014971,-34.695388],[139.014382,-34.695562],[139.0137,-34.695632],[139.012418,-34.695434],[139.011286,-34.695419],[139.010014,-34.695471],[139.007639,-34.695244],[139.006625,-34.695037],[139.005115,-34.69469],[139.002912,-34.694184],[139.000359,-34.693537]]}},{"type":"Feature","properties":{"tier":"arterial"},"geometry":{"type":"LineString","coordinates":[[139.009297,-34.962347],[139.010506,-34.957031],[139.010749,-34.956244],[139.010948,-34.955925],[139.011596,-34.955348],[139.012086,-34.954793],[139.012588,-34.954222],[139.012888,-34.95387],[139.013581,-34.953336],[139.014606,-34.952492]]}},{"type":"Feature","properties":{"tier":"arterial"},"geometry":{"type":"LineString","coordinates":[[139.034917,-34.84966],[139.033492,-34.85045],[139.03239,-34.850949],[139.02979,-34.852065],[139.028287,-34.852696],[139.0245,-34.854286],[139.021924,-34.855416],[139.021018,-34.855905],[139.017824,-34.85763],[139.015702,-34.858766],[139.015038,-34.858992],[139.012616,-34.859564],[139.011603,-34.859943],[139.011052,-34.860355],[139.010469,-34.861013],[139.010145,-34.861877],[139.009723,-34.863805],[139.00944,-34.86443],[139.009229,-34.864829],[139.008857,-34.865274],[139.008338,-34.865686],[139.008117,-34.865787],[139.007536,-34.866052],[139.006663,-34.866293],[139.006167,-34.86643],[139.003648,-34.867055],[139.001792,-34.867487],[138.99998,-34.867788]]}},{"type":"Feature","properties":{"tier":"regional"},"geometry":{"type":"LineString","coordinates":[[139.02739,-34.884591],[139.027712,-34.884927],[139.028088,-34.885117],[139.028533,-34.885253],[139.029497,-34.88538],[139.031445,-34.885521],[139.03259,-34.885126],[139.033846,-34.884664],[139.035074,-34.884215],[139.035299,-34.884169],[139.035609,-34.884127]]}},{"type":"Feature","properties":{"tier":"regional"},"geometry":{"type":"LineString","coordinates":[[139.02825,-34.879436],[139.02783,-34.879427],[139.027068,-34.879444],[139.025405,-34.879515],[139.023903,-34.87979],[139.022369,-34.880195],[139.02061,-34.880659],[139.019215,-34.881119],[139.018034,-34.881706],[139.01665,-34.882472],[139.015116,-34.883249],[139.014226,-34.883695],[139.013614,-34.883845],[139.013196,-34.88383],[139.012531,-34.88381],[139.011222,-34.88366],[139.009269,-34.883477],[139.008776,-34.883466],[139.008261,-34.883484],[139.007499,-34.883431],[139.00692,-34.883299],[139.00575,-34.88287],[139.004066,-34.882146],[139.002263,-34.881486],[139.001394,-34.881213],[139.000418,-34.881002],[138.99998,-34.880922]]}},{"type":"Feature","properties":{"tier":"arterial"},"geometry":{"type":"LineString","coordinates":[[139.008609,-34.950732],[139.008733,-34.950701],[139.008862,-34.950693],[139.009044,-34.950692],[139.009265,-34.950737],[139.00944,-34.950783],[139.009634,-34.95083],[139.00971,-34.950843],[139.009787,-34.950856],[139.00987,-34.950856],[139.009962,-34.950847],[139.010035,-34.950817],[139.010094,-34.950777],[139.01016,-34.950724],[139.010332,-34.95054],[139.010447,-34.950378],[139.01055,-34.950232],[139.010649,-34.950122],[139.010713,-34.950082],[139.010786,-34.950046],[139.010841,-34.950023],[139.010887,-34.95001],[139.010932,-34.950005],[139.011017,-34.950001],[139.011137,-34.95002],[139.011475,-34.950091],[139.011732,-34.950148],[139.012134,-34.950235],[139.012681,-34.950332],[139.013116,-34.95042]]}},{"type":"Feature","properties":{"tier":"arterial"},"geometry":{"type":"LineString","coordinates":[[139.128909,-34.553139],[139.130189,-34.553534],[139.131079,-34.553777],[139.132259,-34.554148]]}},{"type":"Feature","properties":{"tier":"arterial"},"geometry":{"type":"LineString","coordinates":[[139.164201,-34.572513],[139.164544,-34.572261],[139.164703,-34.572124],[139.165129,-34.5717],[139.165556,-34.571112],[139.165853,-34.570543],[139.1662,-34.570056],[139.166674,-34.569663],[139.167156,-34.569332],[139.167521,-34.568957],[139.1678,-34.568515],[139.167977,-34.568038],[139.168131,-34.567605],[139.168465,-34.56715],[139.168825,-34.566863],[139.169318,-34.566483],[139.16988,-34.566107],[139.170552,-34.565626],[139.171046,-34.56525],[139.17135,-34.564915],[139.171614,-34.564504],[139.171875,-34.564057],[139.172194,-34.563651],[139.17261,-34.563355],[139.172982,-34.563139],[139.173531,-34.563001],[139.174349,-34.563041],[139.175169,-34.563227],[139.176108,-34.563452],[139.177009,-34.563598],[139.178066,-34.563731],[139.179509,-34.563969],[139.180996,-34.564168],[139.182063,-34.564146],[139.183211,-34.564097],[139.184187,-34.564036],[139.184825,-34.563916],[139.185437,-34.563713],[139.186189,-34.563355],[139.18703,-34.562816],[139.187911,-34.562304],[139.188732,-34.561942],[139.189665,-34.561615],[139.190426,-34.561429],[139.191584,-34.561345],[139.193033,-34.561292],[139.194637,-34.561363],[139.195543,-34.561438],[139.197179,-34.561557],[139.197989,-34.561553],[139.198667,-34.56142],[139.19938,-34.561116],[139.200056,-34.560727],[139.200328,-34.560638],[139.200652,-34.560634],[139.20099,-34.560714],[139.201863,-34.560771],[139.202163,-34.560758],[139.20248,-34.560665],[139.202748,-34.560643],[139.202994,-34.560669],[139.203382,-34.560877],[139.204352,-34.561487],[139.204534,-34.561663],[139.204965,-34.562238],[139.205248,-34.562427],[139.205655,-34.562538],[139.206294,-34.562631],[139.206714,-34.562733],[139.20735,-34.562984],[139.207937,-34.563351],[139.208371,-34.563673],[139.208543,-34.563837],[139.208752,-34.563947],[139.20897,-34.563947],[139.209197,-34.563868],[139.209389,-34.563731],[139.209621,-34.563673],[139.209975,-34.563687],[139.210328,-34.563669],[139.210628,-34.563541],[139.21086,-34.563404],[139.211121,-34.563293],[139.211445,-34.563232],[139.21184,-34.563227],[139.212259,-34.563165],[139.212715,-34.56298],[139.213162,-34.562799],[139.213385,-34.562732],[139.213552,-34.562701],[139.213755,-34.562728],[139.213991,-34.562843],[139.214197,-34.56298],[139.214399,-34.563028],[139.21456,-34.563019],[139.214791,-34.562927],[139.214921,-34.562733],[139.215039,-34.562596],[139.215231,-34.562432],[139.215392,-34.562414],[139.215832,-34.562449],[139.216035,-34.562436],[139.216225,-34.562339],[139.216632,-34.561968],[139.216878,-34.561774],[139.217147,-34.561694],[139.217453,-34.561659],[139.217671,-34.561672],[139.218675,-34.561937],[139.219356,-34.562136],[139.219892,-34.562423],[139.220114,-34.562578],[139.220305,-34.562657],[139.220509,-34.562648],[139.220736,-34.562565],[139.220902,-34.562423],[139.220981,-34.562207],[139.22094,-34.561747],[139.220924,-34.561403],[139.220919,-34.561058],[139.221155,-34.560316],[139.221326,-34.559874],[139.221632,-34.559499],[139.221906,-34.55919],[139.221979,-34.558898],[139.22197,-34.558518],[139.22204,-34.558076],[139.222253,-34.557753],[139.222677,-34.557426],[139.223444,-34.557047],[139.224046,-34.556693],[139.224811,-34.556243],[139.225092,-34.556066],[139.225344,-34.555792],[139.225589,-34.555403],[139.225902,-34.555032],[139.226326,-34.55478],[139.226803,-34.554595],[139.227295,-34.554484],[139.228046,-34.55444],[139.228722,-34.554431],[139.229597,-34.554378],[139.23039,-34.554338],[139.231165,-34.554361],[139.232,-34.554427],[139.232842,-34.554546],[139.233792,-34.55478],[139.234929,-34.555138],[139.235819,-34.555372],[139.236774,-34.555465],[139.237482,-34.555624],[139.238223,-34.555977],[139.23877,-34.556371],[139.239297,-34.556738],[139.239431,-34.556841]]}},{"type":"Feature","properties":{"tier":"arterial"},"geometry":{"type":"LineString","coordinates":[[139.163788,-34.572773],[139.164201,-34.572513]]}},{"type":"Feature","properties":{"tier":"arterial"},"geometry":{"type":"LineString","coordinates":[[139.058635,-34.818183],[139.058749,-34.817901]]}},{"type":"Feature","properties":{"tier":"arterial"},"geometry":{"type":"LineString","coordinates":[[139.058635,-34.818183],[139.058575,-34.818282],[139.058468,-34.818503],[139.057938,-34.819587],[139.057893,-34.819811],[139.057871,-34.820013],[139.057886,-34.820246],[139.058537,-34.823903],[139.058748,-34.826204],[139.058553,-34.828013],[139.058146,-34.831336],[139.057824,-34.833958],[139.057604,-34.83579]]}},{"type":"Feature","properties":{"tier":"regional"},"geometry":{"type":"LineString","coordinates":[[139.139535,-34.542392],[139.138474,-34.54485],[139.137003,-34.548253],[139.135537,-34.551529],[139.134568,-34.553795],[139.13419,-34.554679]]}},{"type":"Feature","properties":{"tier":"regional"},"geometry":{"type":"LineString","coordinates":[[139.204148,-34.807191],[139.204341,-34.806703],[139.204759,-34.805311],[139.205156,-34.804096],[139.205543,-34.802757],[139.205983,-34.801373],[139.206283,-34.800633],[139.206776,-34.799602],[139.207206,-34.798536],[139.20757,-34.797435],[139.207924,-34.796422]]}},{"type":"Feature","properties":{"tier":"arterial"},"geometry":{"type":"LineString","coordinates":[[139.307006,-34.754924],[139.306857,-34.754967]]}},{"type":"Feature","properties":{"tier":"arterial"},"geometry":{"type":"LineString","coordinates":[[139.226704,-34.755489],[139.226187,-34.75549],[139.225605,-34.755503],[139.225129,-34.755536],[139.224932,-34.755561],[139.2247,-34.755591],[139.221169,-34.756267],[139.22106,-34.756288],[139.220884,-34.756321],[139.220159,-34.756466],[139.220106,-34.756477],[139.219714,-34.756555],[139.219113,-34.756723],[139.218487,-34.756937],[139.218038,-34.757141],[139.217437,-34.757438],[139.216913,-34.757719],[139.211924,-34.760461],[139.211586,-34.76065],[139.207907,-34.762211],[139.207371,-34.762406],[139.206988,-34.762508],[139.206326,-34.762614],[139.205962,-34.762624],[139.205494,-34.762601],[139.205204,-34.762571],[139.204782,-34.762488],[139.203492,-34.762089],[139.203305,-34.76201],[139.203137,-34.761926],[139.20165,-34.760873],[139.201426,-34.760756],[139.201276,-34.76072],[139.201094,-34.760705],[139.20092,-34.76072],[139.200746,-34.76076],[139.200341,-34.760935],[139.200115,-34.761006],[139.199962,-34.761029],[139.199767,-34.761033],[139.199533,-34.761004],[139.199332,-34.76096],[139.198968,-34.760805],[139.198806,-34.760694],[139.19869,-34.760581],[139.198334,-34.760061],[139.19823,-34.759943],[139.198132,-34.759853],[139.197971,-34.759753],[139.197793,-34.759675],[139.197648,-34.759641],[139.197441,-34.759616],[139.196829,-34.759612],[139.196595,-34.759583],[139.19644,-34.759539],[139.195981,-34.759345],[139.19427,-34.758553],[139.194011,-34.758466],[139.1938,-34.75842],[139.193506,-34.758419],[139.193179,-34.758495],[139.193028,-34.758558],[139.191996,-34.759132],[139.191705,-34.759255],[139.191507,-34.759288],[139.191348,-34.759291],[139.190837,-34.759259],[139.190405,-34.759215],[139.190128,-34.759155],[139.189975,-34.759098],[139.188865,-34.758354],[139.188523,-34.758173],[139.187596,-34.757829],[139.18697,-34.757626],[139.186716,-34.757569],[139.186238,-34.757527],[139.185974,-34.757539],[139.185719,-34.757588],[139.184111,-34.758111],[139.183222,-34.758417],[139.183007,-34.758477],[139.18278,-34.758531],[139.182517,-34.758551],[139.182288,-34.758539],[139.181986,-34.75848],[139.181718,-34.758385],[139.179732,-34.757243],[139.179529,-34.757154],[139.179188,-34.757049],[139.178878,-34.757002],[139.177193,-34.756814],[139.17386,-34.756457],[139.173491,-34.756434],[139.173316,-34.756441],[139.173156,-34.756461],[139.172922,-34.756515],[139.172508,-34.756647],[139.170618,-34.75735],[139.170165,-34.757549],[139.170006,-34.757635],[139.169931,-34.757696],[139.169737,-34.757854],[139.169519,-34.758109],[139.168284,-34.759705],[139.167999,-34.759974],[139.164148,-34.762311],[139.163513,-34.762667],[139.162883,-34.762982],[139.162404,-34.763168],[139.160266,-34.763826],[139.160021,-34.763919],[139.159643,-34.764141],[139.157893,-34.765456],[139.157628,-34.765752],[139.157478,-34.766049],[139.157095,-34.767227],[139.157038,-34.767347],[139.156839,-34.767613],[139.156665,-34.767781],[139.156015,-34.768223],[139.155659,-34.768442],[139.155316,-34.76861],[139.155098,-34.76869],[139.154802,-34.768744],[139.15462,-34.768764],[139.154421,-34.768762],[139.150667,-34.768491],[139.141787,-34.767849],[139.141488,-34.767852],[139.141214,-34.767878],[139.140918,-34.767929],[139.140675,-34.767986],[139.140313,-34.768107],[139.139862,-34.768313],[139.137674,-34.769596]]}},{"type":"Feature","properties":{"tier":"arterial"},"geometry":{"type":"LineString","coordinates":[[139.274652,-34.731022],[139.274888,-34.730657],[139.275176,-34.730071],[139.275316,-34.729738],[139.275507,-34.72911],[139.275666,-34.728267],[139.275741,-34.727584],[139.275732,-34.726413],[139.275633,-34.721165],[139.275652,-34.72075],[139.275699,-34.720482],[139.275828,-34.720004],[139.276155,-34.719041],[139.277749,-34.714234],[139.278444,-34.712132],[139.282336,-34.700423],[139.282469,-34.699932],[139.282523,-34.699476],[139.282529,-34.699004],[139.28249,-34.696573],[139.282461,-34.694181],[139.282399,-34.689932],[139.282366,-34.687994],[139.282317,-34.684553],[139.282302,-34.683579],[139.282254,-34.680061],[139.28221,-34.676841],[139.282173,-34.673587],[139.282117,-34.669752]]}},{"type":"Feature","properties":{"tier":"arterial"},"geometry":{"type":"LineString","coordinates":[[139.274539,-34.731231],[139.274652,-34.731022]]}},{"type":"Feature","properties":{"tier":"arterial"},"geometry":{"type":"LineString","coordinates":[[139.281905,-34.655941],[139.281878,-34.654365],[139.281877,-34.65429]]}},{"type":"Feature","properties":{"tier":"regional"},"geometry":{"type":"LineString","coordinates":[[139.286229,-34.65165],[139.284389,-34.651832]]}},{"type":"Feature","properties":{"tier":"arterial"},"geometry":{"type":"LineString","coordinates":[[139.282015,-34.617642],[139.281986,-34.618641],[139.281974,-34.61993],[139.281972,-34.621997],[139.281954,-34.623885],[139.281933,-34.626542],[139.281916,-34.627929],[139.2819,-34.629094],[139.281907,-34.629244],[139.281878,-34.631822],[139.281847,-34.634461],[139.281832,-34.63624],[139.281824,-34.637092],[139.281825,-34.639731],[139.281771,-34.642433],[139.281782,-34.645751],[139.281792,-34.648372]]}},{"type":"Feature","properties":{"tier":"arterial"},"geometry":{"type":"LineString","coordinates":[[139.282232,-34.667239],[139.282417,-34.666782]]}},{"type":"Feature","properties":{"tier":"arterial"},"geometry":{"type":"LineString","coordinates":[[139.281915,-34.657633],[139.281937,-34.659759],[139.281932,-34.661426],[139.282387,-34.66328],[139.282655,-34.664542],[139.282752,-34.665116],[139.282749,-34.665179],[139.282731,-34.665593],[139.282696,-34.665966],[139.282633,-34.666214],[139.282417,-34.666782]]}},{"type":"Feature","properties":{"tier":"regional"},"geometry":{"type":"LineString","coordinates":[[139.365775,-34.652176],[139.365934,-34.652254]]}},{"type":"Feature","properties":{"tier":"regional"},"geometry":{"type":"LineString","coordinates":[[139.365934,-34.652254],[139.366124,-34.65234],[139.366343,-34.652419],[139.366568,-34.652476],[139.366705,-34.652499],[139.366908,-34.652524],[139.367162,-34.652522],[139.367562,-34.652478],[139.368278,-34.652391],[139.368761,-34.652302],[139.369049,-34.652214],[139.369261,-34.652127],[139.3698,-34.651851],[139.371059,-34.651227],[139.371306,-34.651124],[139.371588,-34.651032],[139.371828,-34.650962],[139.372103,-34.650892],[139.372437,-34.650836],[139.372961,-34.650789],[139.373461,-34.650778],[139.375046,-34.650746],[139.375251,-34.650738],[139.377108,-34.650714],[139.378775,-34.650689],[139.38069,-34.650636],[139.380849,-34.650588],[139.389041,-34.648111]]}},{"type":"Feature","properties":{"tier":"regional"},"geometry":{"type":"LineString","coordinates":[[139.389041,-34.648111],[139.39241,-34.647189],[139.39322,-34.646924]]}},{"type":"Feature","properties":{"tier":"regional"},"geometry":{"type":"LineString","coordinates":[[139.393447,-34.64685],[139.393702,-34.646732],[139.394522,-34.646374],[139.395003,-34.646195],[139.395376,-34.646138],[139.395849,-34.646154],[139.396363,-34.646244],[139.396942,-34.646409],[139.398941,-34.647336],[139.399896,-34.647723],[139.400637,-34.648115],[139.401128,-34.648674],[139.404809,-34.651949],[139.405378,-34.652442],[139.405989,-34.653236],[139.406869,-34.653954],[139.409598,-34.655988],[139.411701,-34.657012],[139.412757,-34.657859],[139.413718,-34.659377],[139.414593,-34.660718],[139.414748,-34.661337],[139.414892,-34.66171],[139.415047,-34.662022],[139.415179,-34.662245],[139.415462,-34.662642],[139.415655,-34.662848],[139.415876,-34.663056],[139.416166,-34.663258],[139.416791,-34.663662],[139.417494,-34.664036],[139.417889,-34.664566],[139.418353,-34.666013],[139.417649,-34.668745],[139.417666,-34.669825],[139.418421,-34.670319],[139.419263,-34.670481],[139.420567,-34.670566],[139.421237,-34.670975],[139.421614,-34.67166],[139.423125,-34.673284],[139.424344,-34.674505],[139.424987,-34.675578],[139.425871,-34.677342],[139.426489,-34.677942],[139.427107,-34.678114],[139.428824,-34.678034],[139.429485,-34.678331],[139.429742,-34.678895],[139.429699,-34.680413],[139.430515,-34.681775],[139.430343,-34.682777],[139.430687,-34.684189],[139.430687,-34.685967],[139.431056,-34.686906],[139.432154,-34.688423],[139.433013,-34.689482],[139.433845,-34.690237],[139.435261,-34.691458],[139.43579,-34.691814],[139.436446,-34.692256],[139.441184,-34.694669],[139.442832,-34.69613],[139.445578,-34.697612],[139.446823,-34.698656],[139.447964,-34.700103],[139.44902,-34.701126],[139.450256,-34.701676],[139.452282,-34.70229],[139.453432,-34.702594],[139.455861,-34.702643],[139.45617,-34.702683]]}},{"type":"Feature","properties":{"tier":"regional"},"geometry":{"type":"LineString","coordinates":[[139.39322,-34.646924],[139.393447,-34.64685]]}},{"type":"Feature","properties":{"tier":"arterial"},"geometry":{"type":"LineString","coordinates":[[139.359138,-34.573322],[139.35771,-34.573249],[139.357065,-34.573245],[139.338956,-34.573138],[139.319175,-34.573015],[139.309382,-34.572843],[139.3041,-34.572871]]}},{"type":"Feature","properties":{"tier":"arterial"},"geometry":{"type":"LineString","coordinates":[[139.4759,-34.574393],[139.474571,-34.574322],[139.473175,-34.574287],[139.470526,-34.57429],[139.443849,-34.574295],[139.441571,-34.574295],[139.439726,-34.574305],[139.439051,-34.574345],[139.438283,-34.574449],[139.437758,-34.574549],[139.436225,-34.574882],[139.432499,-34.57571],[139.426461,-34.577055],[139.417183,-34.579104],[139.411635,-34.580336],[139.408664,-34.580996],[139.408021,-34.581118],[139.407498,-34.581179],[139.406986,-34.581222],[139.406304,-34.581241],[139.405621,-34.581228],[139.405338,-34.581208],[139.405042,-34.58118],[139.403568,-34.581022],[139.396549,-34.580252],[139.39599,-34.580173],[139.395408,-34.58007],[139.393579,-34.579698],[139.38671,-34.57833],[139.38319,-34.577686],[139.361345,-34.573686],[139.359647,-34.573385],[139.359138,-34.573322]]}},{"type":"Feature","properties":{"tier":"arterial"},"geometry":{"type":"LineString","coordinates":[[139.28514,-34.583925],[139.286955,-34.581975],[139.291257,-34.577353],[139.292906,-34.575581]]}},{"type":"Feature","properties":{"tier":"arterial"},"geometry":{"type":"LineString","coordinates":[[139.284999,-34.584077],[139.28514,-34.583925]]}},{"type":"Feature","properties":{"tier":"arterial"},"geometry":{"type":"LineString","coordinates":[[139.287655,-34.567296],[139.288233,-34.567724],[139.288825,-34.568164],[139.290066,-34.569208]]}},{"type":"Feature","properties":{"tier":"arterial"},"geometry":{"type":"LineString","coordinates":[[139.290066,-34.569208],[139.290176,-34.569294]]}},{"type":"Feature","properties":{"tier":"arterial"},"geometry":{"type":"LineString","coordinates":[[139.287477,-34.567175],[139.287655,-34.567296]]}},{"type":"Feature","properties":{"tier":"arterial"},"geometry":{"type":"LineString","coordinates":[[139.290176,-34.569294],[139.291681,-34.57045]]}},{"type":"Feature","properties":{"tier":"regional"},"geometry":{"type":"LineString","coordinates":[[139.45617,-34.702683],[139.456746,-34.702759],[139.457105,-34.702805],[139.459076,-34.703104]]}},{"type":"Feature","properties":{"tier":"regional"},"geometry":{"type":"LineString","coordinates":[[139.459076,-34.703104],[139.459294,-34.703137],[139.460899,-34.70349],[139.46174,-34.70361],[139.463045,-34.702735],[139.463817,-34.702608],[139.464873,-34.702855],[139.468735,-34.703617],[139.470649,-34.703772],[139.471997,-34.703476],[139.47342,-34.70299],[139.476168,-34.70308],[139.477258,-34.702784],[139.480322,-34.701726],[139.481181,-34.701324],[139.481867,-34.700879],[139.48258,-34.699926],[139.483198,-34.699362],[139.483756,-34.699044],[139.484588,-34.698797],[139.485515,-34.69867],[139.486047,-34.698783],[139.487043,-34.699044],[139.487849,-34.699151],[139.488365,-34.699164],[139.489077,-34.698811],[139.490047,-34.698691],[139.491309,-34.698903],[139.493223,-34.699771],[139.494376,-34.700267],[139.495665,-34.700909],[139.495709,-34.700945],[139.496096,-34.701256],[139.496469,-34.701628],[139.496761,-34.701987],[139.497034,-34.702622],[139.498086,-34.705102],[139.499569,-34.706423],[139.50002,-34.706577]]}},{"type":"Feature","properties":{"tier":"arterial"},"geometry":{"type":"LineString","coordinates":[[139.296345,-34.910479],[139.297298,-34.910912],[139.300124,-34.912892]]}},{"type":"Feature","properties":{"tier":"arterial"},"geometry":{"type":"LineString","coordinates":[[139.281749,-34.903858],[139.282444,-34.904173]]}},{"type":"Feature","properties":{"tier":"arterial"},"geometry":{"type":"LineString","coordinates":[[139.175078,-34.858436],[139.175634,-34.858641],[139.177244,-34.85924],[139.184229,-34.86182],[139.190461,-34.864124],[139.1934,-34.865211],[139.194681,-34.86577],[139.197008,-34.866972],[139.201879,-34.869345],[139.207822,-34.872222],[139.212205,-34.874358],[139.212746,-34.874622],[139.215973,-34.876191],[139.216596,-34.876494],[139.221725,-34.878977],[139.226772,-34.881428],[139.228797,-34.882412],[139.232034,-34.883984],[139.235764,-34.885787],[139.236343,-34.886067],[139.237318,-34.88654],[139.242702,-34.889159],[139.246227,-34.890863],[139.246432,-34.890962],[139.246626,-34.891031],[139.246841,-34.891088],[139.247825,-34.891313],[139.24905,-34.891607],[139.253238,-34.892611],[139.253636,-34.892704],[139.253823,-34.892752],[139.253943,-34.892783],[139.254134,-34.89286],[139.254456,-34.892998],[139.255534,-34.893538],[139.259268,-34.895365],[139.259868,-34.895656],[139.260106,-34.895749],[139.260365,-34.895839],[139.260702,-34.895941],[139.26234,-34.896385],[139.267255,-34.897729],[139.269179,-34.898269],[139.269457,-34.898356],[139.269698,-34.898433],[139.269994,-34.898541],[139.271106,-34.899057],[139.272777,-34.89981],[139.281749,-34.903858]]}},{"type":"Feature","properties":{"tier":"arterial"},"geometry":{"type":"LineString","coordinates":[[139.164852,-34.854138],[139.168404,-34.855656],[139.169121,-34.855959],[139.170045,-34.856354]]}},{"type":"Feature","properties":{"tier":"arterial"},"geometry":{"type":"LineString","coordinates":[[139.077427,-34.822249],[139.075593,-34.822327],[139.075433,-34.822348],[139.075271,-34.822372],[139.075113,-34.822407],[139.074972,-34.822447],[139.074849,-34.822485],[139.074693,-34.822542],[139.074215,-34.822698],[139.073874,-34.82279],[139.072251,-34.823201],[139.071607,-34.823372]]}},{"type":"Feature","properties":{"tier":"arterial"},"geometry":{"type":"LineString","coordinates":[[139.071218,-34.823428],[139.071173,-34.823429],[139.071128,-34.823428],[139.071051,-34.823424],[139.070935,-34.823412],[139.070846,-34.823397],[139.070753,-34.823376],[139.070659,-34.823348],[139.070471,-34.823293],[139.068803,-34.822841],[139.068545,-34.822763],[139.068434,-34.822719],[139.06826,-34.822637],[139.068102,-34.82255],[139.067171,-34.822056],[139.066305,-34.821589],[139.065222,-34.821002],[139.064983,-34.820877],[139.064829,-34.820812]]}},{"type":"Feature","properties":{"tier":"arterial"},"geometry":{"type":"LineString","coordinates":[[139.058749,-34.817901],[139.058685,-34.817835],[139.058259,-34.817392],[139.057878,-34.816997],[139.057583,-34.81669],[139.056783,-34.815856],[139.056407,-34.815475],[139.056312,-34.815385],[139.056212,-34.815294],[139.056166,-34.815259]]}},{"type":"Feature","properties":{"tier":"arterial"},"geometry":{"type":"LineString","coordinates":[[139.061936,-34.820376],[139.061826,-34.82036],[139.061749,-34.82035],[139.061642,-34.820332],[139.061539,-34.82031],[139.061459,-34.820289],[139.061369,-34.820261],[139.061296,-34.820236],[139.061235,-34.820212],[139.061154,-34.820177],[139.061066,-34.820135],[139.06099,-34.820094],[139.060909,-34.820046],[139.060832,-34.819994],[139.060779,-34.819956],[139.060719,-34.819908],[139.060587,-34.819787],[139.060071,-34.819259]]}},{"type":"Feature","properties":{"tier":"regional"},"geometry":{"type":"LineString","coordinates":[[139.332032,-34.905828],[139.332433,-34.905415],[139.332647,-34.905252],[139.332981,-34.90509],[139.334522,-34.904677],[139.334672,-34.904637],[139.337673,-34.903824],[139.339107,-34.902989],[139.339372,-34.902814]]}},{"type":"Feature","properties":{"tier":"arterial"},"geometry":{"type":"LineString","coordinates":[[139.082643,-34.545385],[139.081903,-34.545018],[139.081028,-34.54467],[139.080659,-34.544571],[139.080552,-34.544536],[139.079111,-34.544075],[139.077549,-34.543135],[139.077019,-34.542644],[139.076658,-34.542313],[139.076227,-34.542001],[139.075557,-34.541649],[139.075116,-34.541455],[139.074611,-34.541239],[139.073538,-34.540764],[139.072473,-34.54032],[139.071533,-34.539862],[139.07111,-34.539596],[139.070768,-34.539374],[139.07018,-34.538868],[139.069738,-34.538342],[139.068348,-34.536504],[139.065204,-34.532267],[139.064027,-34.530703],[139.063338,-34.529788],[139.06314,-34.529472],[139.062944,-34.529124],[139.061123,-34.524262],[139.059859,-34.520886]]}},{"type":"Feature","properties":{"tier":"arterial"},"geometry":{"type":"LineString","coordinates":[[139.082914,-34.545544],[139.082643,-34.545385]]}},{"type":"Feature","properties":{"tier":"arterial"},"geometry":{"type":"LineString","coordinates":[[139.075502,-34.519073],[139.075861,-34.519276]]}},{"type":"Feature","properties":{"tier":"arterial"},"geometry":{"type":"LineString","coordinates":[[139.075861,-34.519276],[139.076307,-34.519529],[139.076795,-34.519835],[139.077224,-34.520137],[139.077448,-34.520337],[139.077654,-34.520542],[139.077962,-34.520915],[139.078272,-34.521371],[139.079015,-34.522467],[139.079202,-34.522741],[139.079444,-34.523027],[139.080297,-34.52394],[139.08203,-34.525601],[139.082238,-34.525818],[139.08247,-34.526081],[139.082707,-34.526351],[139.082931,-34.526623],[139.083187,-34.526909],[139.083328,-34.52704],[139.084193,-34.527758],[139.084935,-34.528157],[139.086612,-34.529301],[139.087596,-34.529914],[139.087947,-34.530469],[139.088481,-34.531856],[139.088865,-34.53262],[139.089152,-34.533006],[139.089516,-34.533385],[139.089899,-34.533644],[139.091186,-34.534196],[139.091324,-34.534233],[139.093987,-34.534943],[139.094361,-34.535077],[139.094513,-34.53515],[139.094768,-34.535271],[139.09569,-34.536109],[139.096872,-34.537392],[139.098582,-34.539394],[139.100584,-34.540729],[139.101312,-34.541136],[139.102535,-34.541671],[139.103069,-34.541915],[139.103849,-34.542307],[139.104543,-34.542786],[139.105303,-34.543275],[139.106033,-34.543637],[139.106451,-34.543785],[139.108603,-34.544139],[139.11105,-34.544309],[139.112314,-34.544581],[139.113838,-34.544927],[139.114975,-34.545188],[139.115549,-34.545321],[139.118685,-34.545984],[139.119369,-34.546256],[139.119934,-34.546593],[139.120945,-34.547679],[139.122716,-34.54971],[139.122859,-34.549817],[139.12371,-34.550423],[139.124599,-34.550945],[139.125854,-34.551714],[139.126879,-34.552174],[139.127993,-34.552804],[139.128645,-34.553059],[139.128909,-34.553139]]}},{"type":"Feature","properties":{"tier":"arterial"},"geometry":{"type":"LineString","coordinates":[[139.043192,-34.49998],[139.043969,-34.500353],[139.04417,-34.50045],[139.04489,-34.500796],[139.045674,-34.501186],[139.045745,-34.50121],[139.045804,-34.501225],[139.045851,-34.501232],[139.045944,-34.501234],[139.046261,-34.501209],[139.046569,-34.501174],[139.046892,-34.501141],[139.04738,-34.501095],[139.047496,-34.50108],[139.047764,-34.501045],[139.047851,-34.501029],[139.047931,-34.50101],[139.048263,-34.500928]]}},{"type":"Feature","properties":{"tier":"arterial"},"geometry":{"type":"LineString","coordinates":[[139.281915,-34.657633],[139.281906,-34.656223],[139.281905,-34.656066]]}},{"type":"Feature","properties":{"tier":"arterial"},"geometry":{"type":"LineString","coordinates":[[139.282117,-34.669752],[139.282076,-34.668629],[139.282068,-34.668273],[139.28208,-34.667828],[139.282093,-34.667709],[139.282128,-34.667554],[139.282232,-34.667239]]}},{"type":"Feature","properties":{"tier":"arterial"},"geometry":{"type":"LineString","coordinates":[[139.281792,-34.648372],[139.281832,-34.651036]]}},{"type":"Feature","properties":{"tier":"arterial"},"geometry":{"type":"LineString","coordinates":[[139.347767,-34.888055],[139.348025,-34.887993],[139.348265,-34.88789],[139.348525,-34.887746],[139.348887,-34.887493],[139.350486,-34.886279],[139.351106,-34.88574],[139.353667,-34.883447],[139.353978,-34.883192],[139.357726,-34.880254],[139.358078,-34.880012],[139.358323,-34.879843],[139.358736,-34.879586],[139.358831,-34.879527],[139.359172,-34.879343],[139.359693,-34.879115],[139.360316,-34.878864],[139.363274,-34.877732],[139.363646,-34.877619],[139.363963,-34.877532],[139.364458,-34.877427],[139.366793,-34.876998],[139.367219,-34.876886],[139.367382,-34.87683],[139.369322,-34.875923],[139.369817,-34.875631],[139.370133,-34.875417],[139.370586,-34.875086],[139.370903,-34.874814],[139.371184,-34.874524],[139.37145,-34.874202],[139.374992,-34.869444],[139.375361,-34.868987],[139.375612,-34.868706],[139.376238,-34.868058],[139.380053,-34.864505],[139.380976,-34.863613],[139.381146,-34.863431],[139.381404,-34.863091],[139.381613,-34.862684],[139.381725,-34.862315],[139.381943,-34.861277],[139.382013,-34.861065],[139.382044,-34.860974],[139.382064,-34.860913],[139.382137,-34.860765],[139.38219,-34.860659],[139.382332,-34.860455],[139.382502,-34.86025],[139.38413,-34.858529],[139.385459,-34.857125],[139.385921,-34.856711],[139.386216,-34.856486],[139.386719,-34.856167],[139.387153,-34.855939],[139.387677,-34.855719],[139.388066,-34.855584],[139.390049,-34.854961],[139.391094,-34.854664],[139.391607,-34.854559],[139.392129,-34.854502],[139.392606,-34.854478],[139.39333,-34.85449],[139.394085,-34.854538],[139.394399,-34.854538],[139.39476,-34.854506],[139.39498,-34.854473],[139.3954,-34.854374],[139.39708,-34.853981],[139.39752,-34.853922],[139.397962,-34.85391],[139.398362,-34.853927],[139.398848,-34.853996],[139.401467,-34.854576],[139.402112,-34.854683],[139.402818,-34.854719],[139.404297,-34.854713],[139.406587,-34.854703],[139.40831,-34.854631],[139.408682,-34.854626],[139.409012,-34.854647],[139.409427,-34.854686],[139.409911,-34.854779],[139.412235,-34.855366],[139.412633,-34.85544],[139.41291,-34.855462],[139.413299,-34.855463],[139.414375,-34.85544],[139.414926,-34.855472],[139.415184,-34.855512],[139.415568,-34.855596],[139.416596,-34.855867],[139.416893,-34.85593],[139.417381,-34.856015],[139.41776,-34.856057],[139.418101,-34.856078],[139.418604,-34.856076],[139.419232,-34.856026],[139.419545,-34.855982],[139.42002,-34.855886],[139.420447,-34.855767],[139.420674,-34.855694],[139.421277,-34.855452],[139.422656,-34.854784],[139.424735,-34.853746],[139.425323,-34.853377],[139.426429,-34.8525],[139.426729,-34.852283],[139.427194,-34.85201],[139.427723,-34.851768],[139.428159,-34.851617],[139.428516,-34.851516],[139.434046,-34.850249],[139.434564,-34.850092],[139.434854,-34.849985],[139.435154,-34.849862],[139.43568,-34.849604],[139.436193,-34.8493],[139.436663,-34.84896],[139.438633,-34.847208],[139.438817,-34.847018],[139.438966,-34.846832],[139.439653,-34.845674],[139.439909,-34.845337],[139.440187,-34.845068],[139.440439,-34.844874],[139.440674,-34.844723],[139.441007,-34.844557],[139.441406,-34.844412],[139.441501,-34.844378],[139.44187,-34.844299],[139.442124,-34.844263],[139.448822,-34.843972],[139.448959,-34.843964],[139.465354,-34.843218],[139.484337,-34.842364],[139.50002,-34.841659]]}},{"type":"Feature","properties":{"tier":"arterial"},"geometry":{"type":"LineString","coordinates":[[139.317958,-34.906968],[139.318271,-34.906602],[139.318957,-34.906027],[139.319288,-34.905729],[139.320363,-34.904559],[139.320644,-34.904297],[139.32189,-34.903418],[139.322281,-34.903098],[139.322501,-34.902862],[139.322667,-34.902644],[139.32283,-34.90235],[139.322907,-34.902133],[139.323194,-34.90108]]}},{"type":"Feature","properties":{"tier":"regional"},"geometry":{"type":"LineString","coordinates":[[139.387415,-34.872875],[139.388637,-34.871758],[139.390067,-34.870452],[139.390469,-34.869908]]}},{"type":"Feature","properties":{"tier":"regional"},"geometry":{"type":"LineString","coordinates":[[139.396911,-34.865511],[139.398063,-34.865426],[139.401269,-34.865447],[139.402716,-34.865412],[139.404266,-34.865369],[139.405315,-34.865412],[139.406813,-34.865099],[139.408451,-34.864985],[139.410175,-34.86473],[139.414273,-34.863684],[139.418968,-34.862526],[139.419696,-34.862512],[139.420363,-34.862647],[139.421169,-34.863073],[139.42239,-34.863962],[139.424192,-34.864715],[139.42589,-34.865092],[139.427207,-34.865398],[139.428429,-34.865263],[139.432232,-34.86463],[139.433029,-34.864296],[139.433921,-34.863827],[139.436971,-34.862789],[139.43795,-34.862298],[139.441823,-34.861054],[139.442264,-34.860934],[139.442732,-34.860805],[139.44499,-34.860141],[139.446568,-34.859849],[139.450381,-34.859145],[139.450917,-34.858949],[139.451999,-34.858552],[139.452678,-34.858321],[139.453438,-34.858271],[139.454118,-34.858381],[139.454872,-34.858698]]}},{"type":"Feature","properties":{"tier":"regional"},"geometry":{"type":"LineString","coordinates":[[139.454872,-34.858698],[139.457095,-34.859935],[139.459601,-34.861397],[139.460564,-34.86205],[139.460673,-34.862124],[139.460795,-34.862206],[139.461575,-34.862808],[139.463166,-34.864036],[139.464531,-34.865126],[139.465267,-34.865715],[139.467099,-34.866771],[139.467236,-34.866847],[139.468582,-34.867595],[139.469068,-34.867756],[139.469702,-34.867967],[139.469745,-34.867982],[139.470695,-34.868319],[139.470763,-34.868362],[139.471485,-34.868821],[139.471718,-34.868986],[139.47377,-34.870435],[139.474796,-34.870955],[139.475458,-34.871291],[139.477079,-34.871785],[139.483434,-34.873722],[139.483481,-34.873736],[139.484832,-34.874148],[139.487379,-34.874262],[139.487417,-34.87427],[139.488886,-34.874589]]}},{"type":"Feature","properties":{"tier":"regional"},"geometry":{"type":"LineString","coordinates":[[139.349423,-34.895436],[139.34984,-34.89434],[139.350808,-34.893506],[139.352058,-34.892692],[139.35272,-34.892278],[139.353179,-34.892178],[139.354007,-34.892097],[139.355618,-34.891496],[139.356268,-34.891354],[139.356736,-34.891361]]}},{"type":"Feature","properties":{"tier":"regional"},"geometry":{"type":"LineString","coordinates":[[139.34092,-34.901788],[139.342121,-34.900993],[139.343046,-34.900676],[139.343236,-34.900611],[139.344804,-34.899747],[139.345785,-34.899013],[139.348125,-34.896601],[139.349105,-34.895908],[139.349423,-34.895436]]}},{"type":"Feature","properties":{"tier":"regional"},"geometry":{"type":"LineString","coordinates":[[139.085948,-34.951075],[139.085822,-34.95028],[139.085725,-34.949647],[139.085575,-34.948987],[139.085465,-34.948041],[139.085101,-34.947223],[139.084888,-34.946701],[139.083933,-34.945778],[139.083191,-34.944989],[139.082268,-34.943723],[139.081616,-34.942867],[139.081356,-34.942527],[139.081109,-34.94221],[139.080768,-34.942005],[139.080425,-34.941838],[139.079951,-34.941638],[139.079374,-34.941389],[139.079007,-34.941199],[139.078599,-34.9409],[139.078408,-34.94051],[139.078279,-34.940281],[139.078234,-34.939994],[139.078266,-34.939668],[139.078376,-34.939287],[139.078687,-34.938513],[139.079438,-34.936965],[139.079586,-34.936555],[139.079663,-34.936165],[139.079653,-34.935883],[139.079532,-34.93557],[139.079395,-34.935285],[139.07932,-34.935083],[139.079028,-34.934822],[139.078513,-34.934514],[139.077698,-34.934286],[139.077183,-34.934259],[139.076335,-34.934233],[139.074586,-34.934075],[139.073696,-34.93403],[139.072859,-34.934004],[139.072151,-34.933934],[139.071606,-34.933869],[139.071166,-34.933808],[139.070812,-34.933658],[139.070554,-34.933561],[139.070329,-34.933394],[139.070123,-34.933256],[139.069876,-34.93301],[139.069653,-34.932682],[139.069522,-34.932412],[139.06946,-34.932057],[139.069404,-34.931805],[139.069447,-34.931435],[139.069833,-34.927231],[139.07022,-34.923501],[139.07037,-34.9219],[139.070649,-34.919454],[139.07067,-34.918328],[139.070359,-34.917625],[139.070013,-34.917195],[139.069646,-34.91686],[139.068673,-34.916343],[139.067809,-34.916146],[139.065136,-34.915959],[139.064067,-34.915649],[139.063652,-34.915383],[139.062499,-34.913861],[139.061742,-34.913014],[139.059003,-34.910196],[139.057202,-34.908768],[139.057052,-34.908532],[139.056337,-34.906704],[139.055998,-34.904572],[139.05564,-34.90232],[139.055838,-34.900709],[139.056,-34.898823],[139.055886,-34.897798],[139.056048,-34.895114],[139.056265,-34.891655],[139.056175,-34.890345],[139.056079,-34.888931],[139.055802,-34.887788],[139.055454,-34.887349],[139.055148,-34.887059],[139.052679,-34.885215]]}},{"type":"Feature","properties":{"tier":"regional"},"geometry":{"type":"LineString","coordinates":[[139.086163,-34.951338],[139.085948,-34.951075]]}},{"type":"Feature","properties":{"tier":"arterial"},"geometry":{"type":"LineString","coordinates":[[139.145273,-34.558045],[139.145693,-34.558275],[139.145998,-34.558469]]}},{"type":"Feature","properties":{"tier":"arterial"},"geometry":{"type":"LineString","coordinates":[[139.145998,-34.558469],[139.146352,-34.558695],[139.146852,-34.559088],[139.147422,-34.559706],[139.14771,-34.560078],[139.14817,-34.560877],[139.148578,-34.561513],[139.149207,-34.562565],[139.149953,-34.563704],[139.150675,-34.564959],[139.151453,-34.566151],[139.15242,-34.56776],[139.153025,-34.568753],[139.153663,-34.569623],[139.154076,-34.570132],[139.155006,-34.570892],[139.155908,-34.5716],[139.156594,-34.572084],[139.157579,-34.572729],[139.158128,-34.573025],[139.158933,-34.573302],[139.159693,-34.57348],[139.160438,-34.57355],[139.161211,-34.573537],[139.161985,-34.573436],[139.162574,-34.573294],[139.163171,-34.573073],[139.163788,-34.572773]]}},{"type":"Feature","properties":{"tier":"regional"},"geometry":{"type":"LineString","coordinates":[[139.064027,-34.530703],[139.063988,-34.530784],[139.063967,-34.530845],[139.063902,-34.530859],[139.063784,-34.530885],[139.063645,-34.530921],[139.063537,-34.53096],[139.063482,-34.531011],[139.063435,-34.531053],[139.063339,-34.531159],[139.063258,-34.53127],[139.062124,-34.533245],[139.061928,-34.533586],[139.060887,-34.535278],[139.060251,-34.536453],[139.059541,-34.537766],[139.058962,-34.538681],[139.058978,-34.538742],[139.059004,-34.538804],[139.059074,-34.538844],[139.059224,-34.538902],[139.060945,-34.539426],[139.06166,-34.539644],[139.062711,-34.539953],[139.063198,-34.540123]]}},{"type":"Feature","properties":{"tier":"arterial"},"geometry":{"type":"LineString","coordinates":[[139.060892,-34.514143],[139.06143,-34.514346],[139.061559,-34.514402],[139.061669,-34.514456],[139.061812,-34.514532],[139.061943,-34.514617],[139.06209,-34.514744],[139.062341,-34.514975],[139.062606,-34.515241],[139.063114,-34.515725],[139.063418,-34.516001],[139.064076,-34.516411]]}},{"type":"Feature","properties":{"tier":"regional"},"geometry":{"type":"LineString","coordinates":[[139.048872,-34.88368],[139.045486,-34.883444],[139.04403,-34.883308],[139.043501,-34.883092],[139.042763,-34.882654],[139.041615,-34.882122],[139.041213,-34.882201],[139.040973,-34.882363],[139.040613,-34.882797],[139.039772,-34.883437],[139.037255,-34.884122],[139.03651,-34.884122],[139.035609,-34.884127]]}},{"type":"Feature","properties":{"tier":"regional"},"geometry":{"type":"LineString","coordinates":[[139.052679,-34.885215],[139.051592,-34.884546],[139.05053,-34.883984],[139.05027,-34.883878],[139.050052,-34.883817],[139.048872,-34.88368]]}},{"type":"Feature","properties":{"tier":"arterial"},"geometry":{"type":"LineString","coordinates":[[139.109776,-34.821068],[139.108343,-34.821359],[139.108017,-34.821431],[139.107833,-34.821477],[139.107651,-34.821532],[139.107487,-34.821585],[139.107317,-34.821645],[139.107115,-34.821723],[139.106951,-34.821795],[139.106834,-34.821845],[139.106711,-34.821909],[139.106524,-34.822009],[139.105676,-34.822441]]}},{"type":"Feature","properties":{"tier":"arterial"},"geometry":{"type":"LineString","coordinates":[[139.104915,-34.822861],[139.104203,-34.82322],[139.10284,-34.823935],[139.101905,-34.824413],[139.10109,-34.824834],[139.100918,-34.824921],[139.100262,-34.825251],[139.099245,-34.825767],[139.099044,-34.825865],[139.09897,-34.825899],[139.09889,-34.825932],[139.0988,-34.825966],[139.098703,-34.825997],[139.098619,-34.82602],[139.098519,-34.826043],[139.098421,-34.826062],[139.098312,-34.826078],[139.098245,-34.826085],[139.098149,-34.826092],[139.098071,-34.826095],[139.098016,-34.826096],[139.097888,-34.826092],[139.097752,-34.826081],[139.097627,-34.826065],[139.097531,-34.826047],[139.097453,-34.82603],[139.097371,-34.826009],[139.097264,-34.825976],[139.097171,-34.825944],[139.097065,-34.825907],[139.09663,-34.825739],[139.096405,-34.825659],[139.096219,-34.825596],[139.095975,-34.825535],[139.095509,-34.825428],[139.094845,-34.825283],[139.094367,-34.825207],[139.093745,-34.825131],[139.093487,-34.82511],[139.093237,-34.825106],[139.093095,-34.825116],[139.09293,-34.825135],[139.092756,-34.825167],[139.092587,-34.825211],[139.092364,-34.825282],[139.092201,-34.825329],[139.09202,-34.825381],[139.091865,-34.825415],[139.091712,-34.825442],[139.090071,-34.825722],[139.089876,-34.825747],[139.089732,-34.82576],[139.089614,-34.825766],[139.089468,-34.82576],[139.089178,-34.825735],[139.088781,-34.825691],[139.088576,-34.825661],[139.088425,-34.825634],[139.088291,-34.825602],[139.088173,-34.825567],[139.088053,-34.825519],[139.087588,-34.825314],[139.086727,-34.82492],[139.086548,-34.824843],[139.086402,-34.824796],[139.086274,-34.824763],[139.086144,-34.824737],[139.086014,-34.82472],[139.08581,-34.8247],[139.08552,-34.824685],[139.085139,-34.824653],[139.084965,-34.824626],[139.084812,-34.824586],[139.084666,-34.824548],[139.084561,-34.82451],[139.084462,-34.824465],[139.084331,-34.824409],[139.084236,-34.824358],[139.084111,-34.824283],[139.083537,-34.823973],[139.082048,-34.8231],[139.081475,-34.822786],[139.081287,-34.822696],[139.081115,-34.82262],[139.080908,-34.822534],[139.080672,-34.822449],[139.080354,-34.82233],[139.079927,-34.822195],[139.079727,-34.822144],[139.079509,-34.822102],[139.079302,-34.822079],[139.079153,-34.822075],[139.078975,-34.822077],[139.078759,-34.822092],[139.078522,-34.822123],[139.078105,-34.822188],[139.078005,-34.822201],[139.077708,-34.822229],[139.077427,-34.822249]]}},{"type":"Feature","properties":{"tier":"arterial"},"geometry":{"type":"LineString","coordinates":[[139.089363,-34.707138],[139.089385,-34.707036],[139.089396,-34.706975],[139.089403,-34.706929],[139.089408,-34.706868],[139.089413,-34.706783],[139.089415,-34.70672],[139.089412,-34.706633],[139.089403,-34.706542],[139.089385,-34.70644],[139.089365,-34.706364],[139.089352,-34.706315],[139.089318,-34.706219],[139.089233,-34.706047],[139.088942,-34.705525],[139.088623,-34.704954],[139.08828,-34.704332],[139.088178,-34.704121],[139.088145,-34.704042],[139.088085,-34.703887],[139.088013,-34.703635],[139.087985,-34.703524],[139.087966,-34.703413],[139.087891,-34.702954],[139.087825,-34.7025]]}},{"type":"Feature","properties":{"tier":"arterial"},"geometry":{"type":"LineString","coordinates":[[139.088582,-34.709022],[139.088814,-34.708475],[139.089078,-34.707843],[139.08912,-34.707737],[139.0893,-34.707325],[139.089363,-34.707138]]}},{"type":"Feature","properties":{"tier":"arterial"},"geometry":{"type":"LineString","coordinates":[[139.086201,-34.708289],[139.085132,-34.707953],[139.08277,-34.70726],[139.081061,-34.706762],[139.080992,-34.706742],[139.080948,-34.706729]]}},{"type":"Feature","properties":{"tier":"arterial"},"geometry":{"type":"LineString","coordinates":[[139.080948,-34.706729],[139.079737,-34.706373],[139.079539,-34.706307],[139.079313,-34.706209],[139.079119,-34.70611],[139.078407,-34.705674],[139.078081,-34.705493],[139.07779,-34.705361],[139.077487,-34.705259],[139.07724,-34.705195],[139.076917,-34.705149],[139.076596,-34.705114],[139.075506,-34.705015],[139.075225,-34.704971],[139.074999,-34.704926],[139.074738,-34.704851],[139.069146,-34.703201],[139.060049,-34.700404],[139.057225,-34.699696]]}},{"type":"Feature","properties":{"tier":"arterial"},"geometry":{"type":"LineString","coordinates":[[139.086511,-34.631405],[139.086279,-34.631123],[139.085978,-34.630799],[139.085828,-34.630634],[139.085627,-34.630413],[139.084936,-34.629671],[139.08478,-34.629499],[139.084444,-34.629132],[139.084287,-34.628939],[139.084161,-34.628765],[139.084037,-34.628585],[139.083931,-34.628411],[139.083186,-34.627077],[139.082977,-34.626761],[139.082841,-34.626572],[139.082619,-34.626252],[139.081668,-34.624935],[139.081292,-34.624411],[139.081194,-34.624245],[139.081078,-34.624039],[139.080962,-34.623795],[139.080874,-34.623564],[139.080787,-34.623261],[139.080707,-34.622894],[139.080586,-34.622362],[139.080495,-34.62208],[139.080385,-34.621789],[139.080245,-34.621511],[139.080127,-34.621293],[139.079962,-34.621025],[139.079784,-34.620769],[139.07957,-34.620512],[139.079387,-34.620302],[139.079165,-34.620079],[139.078972,-34.619901],[139.078676,-34.619664],[139.078307,-34.619373],[139.077699,-34.618926],[139.077194,-34.618552],[139.076268,-34.617856],[139.075745,-34.617477],[139.074815,-34.616796],[139.073467,-34.615831],[139.07311,-34.615573],[139.071544,-34.614441],[139.071255,-34.614229],[139.071067,-34.614081],[139.070948,-34.61396]]}},{"type":"Feature","properties":{"tier":"regional"},"geometry":{"type":"LineString","coordinates":[[139.125572,-34.57437],[139.125171,-34.575299],[139.1234,-34.579445],[139.122714,-34.581028],[139.122056,-34.582559],[139.121656,-34.583392],[139.121562,-34.583548],[139.121445,-34.58372],[139.121281,-34.583921],[139.121014,-34.584209],[139.120081,-34.585025],[139.119967,-34.585133],[139.119813,-34.585306],[139.119671,-34.585478],[139.119519,-34.585678],[139.118969,-34.586605],[139.118435,-34.587513],[139.118325,-34.587703],[139.118225,-34.587912],[139.118112,-34.588193],[139.11804,-34.588421],[139.117966,-34.588697],[139.117899,-34.589074],[139.117877,-34.589312],[139.117875,-34.589487],[139.117883,-34.589671],[139.117912,-34.589932],[139.118071,-34.590578],[139.118111,-34.590687],[139.118165,-34.590839],[139.11825,-34.591036],[139.118331,-34.591204],[139.118755,-34.591874],[139.118867,-34.592069],[139.119004,-34.59233],[139.119159,-34.59272],[139.119251,-34.593052],[139.119313,-34.593361],[139.119347,-34.593584],[139.119361,-34.593839],[139.119339,-34.594266],[139.119304,-34.594624],[139.119237,-34.594922],[139.11916,-34.595178],[139.119047,-34.595487],[139.118381,-34.59681],[139.117963,-34.597611],[139.117558,-34.598428],[139.117277,-34.599015],[139.117065,-34.599486],[139.116861,-34.60002],[139.116324,-34.601687],[139.116026,-34.602591],[139.115769,-34.603241],[139.114838,-34.605136],[139.114602,-34.605657],[139.113632,-34.608674],[139.113434,-34.609183],[139.113339,-34.609475],[139.111697,-34.611621],[139.110217,-34.613422],[139.108876,-34.615276],[139.107502,-34.617051],[139.106579,-34.618472],[139.105652,-34.620444],[139.105217,-34.621333],[139.104801,-34.622373]]}},{"type":"Feature","properties":{"tier":"regional"},"geometry":{"type":"LineString","coordinates":[[139.13419,-34.554679],[139.133364,-34.556508],[139.132214,-34.559231],[139.12999,-34.56429],[139.129877,-34.564546],[139.129279,-34.565892],[139.12739,-34.570151],[139.125572,-34.57437]]}},{"type":"Feature","properties":{"tier":"arterial"},"geometry":{"type":"LineString","coordinates":[[139.098111,-34.642192],[139.097993,-34.641788],[139.097972,-34.641714],[139.097761,-34.641055],[139.097746,-34.641008],[139.097728,-34.640965],[139.097693,-34.640901],[139.097644,-34.640833],[139.097611,-34.640795],[139.097549,-34.640738],[139.097508,-34.640706],[139.097446,-34.640667],[139.097383,-34.640633],[139.096768,-34.640345]]}},{"type":"Feature","properties":{"tier":"arterial"},"geometry":{"type":"LineString","coordinates":[[139.294843,-34.572889],[139.294937,-34.572978],[139.29509,-34.573122],[139.295164,-34.573192]]}},{"type":"Feature","properties":{"tier":"arterial"},"geometry":{"type":"LineString","coordinates":[[139.325525,-34.90741],[139.326042,-34.907088],[139.326696,-34.906789],[139.32735,-34.90658]]}},{"type":"Feature","properties":{"tier":"regional"},"geometry":{"type":"LineString","coordinates":[[139.339372,-34.902814],[139.34092,-34.901788]]}},{"type":"Feature","properties":{"tier":"regional"},"geometry":{"type":"LineString","coordinates":[[139.357957,-34.892008],[139.358568,-34.892477],[139.358941,-34.892583],[139.359478,-34.892509],[139.360058,-34.892303],[139.360868,-34.891891],[139.362657,-34.890793],[139.364784,-34.889449],[139.366278,-34.887854],[139.366954,-34.886785],[139.367504,-34.885715],[139.368522,-34.88504],[139.369501,-34.884503],[139.370485,-34.883363],[139.371957,-34.881988],[139.373014,-34.881131],[139.374128,-34.880623],[139.376705,-34.879632],[139.377238,-34.879219],[139.378111,-34.878288],[139.379549,-34.877186],[139.381507,-34.875772],[139.382313,-34.875374],[139.383274,-34.875075],[139.383727,-34.874724],[139.384499,-34.87394],[139.385124,-34.873649],[139.387415,-34.872875]]}},{"type":"Feature","properties":{"tier":"arterial"},"geometry":{"type":"LineString","coordinates":[[139.32735,-34.90658],[139.328018,-34.906427],[139.32877,-34.906279]]}},{"type":"Feature","properties":{"tier":"regional"},"geometry":{"type":"LineString","coordinates":[[139.390469,-34.869908],[139.391297,-34.868788],[139.391739,-34.868184],[139.392614,-34.867374],[139.393333,-34.866656],[139.394069,-34.866279],[139.395083,-34.865973],[139.396911,-34.865511]]}},{"type":"Feature","properties":{"tier":"arterial"},"geometry":{"type":"LineString","coordinates":[[139.332874,-34.90593],[139.333776,-34.906151],[139.334348,-34.906365],[139.336869,-34.907642],[139.33762,-34.907964],[139.338529,-34.90828],[139.339473,-34.908483],[139.340471,-34.908608],[139.341601,-34.908608],[139.342503,-34.908517],[139.343433,-34.908342],[139.34417,-34.908133],[139.345052,-34.907789],[139.349494,-34.905591],[139.349625,-34.90554],[139.350293,-34.905281],[139.351237,-34.904964],[139.352277,-34.904733],[139.353234,-34.904614],[139.354219,-34.904546],[139.357608,-34.904371],[139.358483,-34.904354],[139.359426,-34.904416],[139.360437,-34.904532],[139.362732,-34.904721],[139.363469,-34.904755],[139.364234,-34.904744],[139.365012,-34.904665],[139.371755,-34.903784],[139.372947,-34.903688],[139.374083,-34.90371],[139.375364,-34.903852],[139.376432,-34.9041],[139.393575,-34.90863],[139.395036,-34.908913],[139.396303,-34.909065],[139.397605,-34.909127],[139.399141,-34.909121],[139.400505,-34.908986],[139.404087,-34.908496],[139.412152,-34.907393],[139.41344,-34.907291],[139.414652,-34.90732],[139.41583,-34.907478],[139.433634,-34.910545],[139.434626,-34.910663],[139.43557,-34.910669],[139.436548,-34.910601],[139.442388,-34.910085],[139.455572,-34.908918],[139.456743,-34.908896],[139.458279,-34.909014],[139.460069,-34.909189],[139.461282,-34.909206],[139.468638,-34.90867],[139.469005,-34.908644],[139.477392,-34.90806],[139.488426,-34.907256],[139.494529,-34.906811],[139.50002,-34.906423]]}},{"type":"Feature","properties":{"tier":"regional"},"geometry":{"type":"LineString","coordinates":[[139.148502,-34.49998],[139.148305,-34.504542],[139.148633,-34.505162],[139.148653,-34.5052],[139.149285,-34.506906],[139.149641,-34.507629],[139.149925,-34.508019],[139.150088,-34.508258],[139.150225,-34.508631],[139.150273,-34.508788],[139.150431,-34.512128],[139.150565,-34.51371],[139.150668,-34.516386],[139.150621,-34.516712],[139.150542,-34.516979],[139.149135,-34.520248],[139.148882,-34.520734]]}},{"type":"Feature","properties":{"tier":"arterial"},"geometry":{"type":"LineString","coordinates":[[139.056797,-34.767927],[139.060199,-34.770372],[139.060394,-34.770485],[139.060624,-34.770584],[139.060865,-34.770659],[139.061064,-34.770699],[139.061255,-34.770716],[139.061441,-34.770723],[139.061692,-34.770712],[139.062366,-34.770645],[139.063936,-34.77049],[139.06431,-34.770467],[139.064626,-34.770457],[139.064908,-34.770492],[139.0651,-34.770525],[139.065304,-34.770592],[139.065484,-34.770678],[139.065651,-34.770774],[139.065806,-34.770869],[139.066079,-34.771052]]}},{"type":"Feature","properties":{"tier":"arterial"},"geometry":{"type":"LineString","coordinates":[[139.066079,-34.771052],[139.066162,-34.771108],[139.067187,-34.771845],[139.068178,-34.772542],[139.06836,-34.772654],[139.068515,-34.772736],[139.068676,-34.772796],[139.068955,-34.772865],[139.069275,-34.772921],[139.073259,-34.773199],[139.073928,-34.773245],[139.074238,-34.773263],[139.074507,-34.77325],[139.076173,-34.773115],[139.076371,-34.773128],[139.076631,-34.773179],[139.07691,-34.773273],[139.077115,-34.773375],[139.077365,-34.77353],[139.077824,-34.77383],[139.078059,-34.773947],[139.078239,-34.774008],[139.078505,-34.774062],[139.078675,-34.77409],[139.078951,-34.774095],[139.081261,-34.774011],[139.082989,-34.773975],[139.083485,-34.773986]]}},{"type":"Feature","properties":{"tier":"arterial"},"geometry":{"type":"LineString","coordinates":[[139.044775,-34.780288],[139.04468,-34.780113],[139.044365,-34.779483],[139.044283,-34.779295],[139.044191,-34.779038],[139.044012,-34.778432],[139.043952,-34.778199],[139.043923,-34.778033],[139.043771,-34.776997]]}},{"type":"Feature","properties":{"tier":"arterial"},"geometry":{"type":"LineString","coordinates":[[139.056178,-34.813985],[139.056162,-34.815189],[139.056166,-34.815259]]}},{"type":"Feature","properties":{"tier":"arterial"},"geometry":{"type":"LineString","coordinates":[[139.32218,-34.910245],[139.325525,-34.90741]]}},{"type":"Feature","properties":{"tier":"arterial"},"geometry":{"type":"LineString","coordinates":[[139.159843,-34.86043],[139.159797,-34.860251],[139.159762,-34.860044],[139.159726,-34.859833],[139.1597,-34.859614],[139.159575,-34.858544],[139.159326,-34.856391],[139.159285,-34.855978]]}},{"type":"Feature","properties":{"tier":"arterial"},"geometry":{"type":"LineString","coordinates":[[139.159285,-34.855978],[139.159157,-34.854711],[139.159138,-34.854551],[139.159061,-34.853908],[139.158969,-34.853151],[139.158905,-34.85263],[139.158899,-34.852506],[139.158911,-34.852406],[139.15895,-34.852294],[139.159033,-34.852155],[139.159157,-34.851992],[139.159314,-34.851776]]}},{"type":"Feature","properties":{"tier":"arterial"},"geometry":{"type":"LineString","coordinates":[[139.157971,-34.850885],[139.157725,-34.850686],[139.157507,-34.850496],[139.157281,-34.850282],[139.156762,-34.849744],[139.155825,-34.848718],[139.155606,-34.848433],[139.155328,-34.848109]]}},{"type":"Feature","properties":{"tier":"arterial"},"geometry":{"type":"LineString","coordinates":[[139.155328,-34.848109],[139.154497,-34.847071],[139.154307,-34.846859],[139.154198,-34.846754],[139.154094,-34.846671],[139.153949,-34.846577],[139.153756,-34.846455],[139.15356,-34.846345],[139.153133,-34.846109],[139.152217,-34.845565],[139.151922,-34.845373],[139.15175,-34.845245],[139.151511,-34.845049],[139.151304,-34.84487],[139.151139,-34.844758],[139.150961,-34.844661],[139.150794,-34.844588],[139.150594,-34.844524],[139.150214,-34.844445],[139.14786,-34.844032],[139.147549,-34.843983],[139.14721,-34.843939],[139.146855,-34.843905],[139.146502,-34.843874],[139.146303,-34.843859],[139.146095,-34.843841],[139.146009,-34.843831],[139.145927,-34.843817],[139.145871,-34.843806],[139.145807,-34.843789],[139.145731,-34.843766],[139.145645,-34.843734],[139.14558,-34.843707],[139.145507,-34.843671],[139.145437,-34.843631],[139.145379,-34.843595],[139.145324,-34.843556],[139.145279,-34.84352],[139.145238,-34.843485],[139.145197,-34.843447],[139.145154,-34.843403],[139.145111,-34.843353],[139.145079,-34.843312],[139.14504,-34.843257],[139.14501,-34.843207],[139.14499,-34.84317],[139.144864,-34.843004],[139.14479,-34.842924],[139.144701,-34.842836],[139.144574,-34.842726],[139.143762,-34.842033],[139.14375,-34.842023],[139.143701,-34.841984],[139.143605,-34.841918],[139.143531,-34.841874],[139.14347,-34.841842],[139.143426,-34.841821],[139.14333,-34.841781],[139.143231,-34.841746],[139.143144,-34.841722],[139.143067,-34.841704],[139.142987,-34.84169],[139.142497,-34.841613],[139.14236,-34.84159],[139.142218,-34.841558],[139.142109,-34.841526],[139.141992,-34.841487],[139.141879,-34.841441],[139.141763,-34.841387],[139.141688,-34.841348],[139.141607,-34.841301],[139.141524,-34.841247],[139.14144,-34.841187],[139.141373,-34.841135],[139.141308,-34.841079],[139.141235,-34.841009],[139.141162,-34.840932],[139.14112,-34.840882],[139.140779,-34.84051],[139.140607,-34.840331],[139.140482,-34.840207],[139.140248,-34.840015],[139.140023,-34.839844],[139.139264,-34.839301],[139.137686,-34.838167],[139.137455,-34.838012],[139.137388,-34.837967],[139.13728,-34.837908],[139.137196,-34.83787],[139.13711,-34.837837],[139.137047,-34.837817],[139.136967,-34.837795],[139.136871,-34.837775],[139.136755,-34.837759],[139.136662,-34.837752],[139.136585,-34.83775],[139.136558,-34.837751],[139.136179,-34.837758],[139.134049,-34.837908],[139.133719,-34.837927],[139.133611,-34.837932],[139.133506,-34.837934],[139.133407,-34.837933],[139.133306,-34.837929],[139.13321,-34.837922],[139.133097,-34.837909],[139.13301,-34.837897],[139.132885,-34.837875],[139.132813,-34.83786],[139.132692,-34.83783],[139.132595,-34.837802],[139.132496,-34.837771],[139.132395,-34.837734],[139.132294,-34.837693],[139.132198,-34.83765],[139.132101,-34.837605],[139.13029,-34.836765],[139.129692,-34.836489],[139.128632,-34.836007],[139.128446,-34.835902],[139.128346,-34.835838],[139.128314,-34.835817],[139.1282,-34.835737],[139.128089,-34.835647],[139.127957,-34.835527],[139.127572,-34.835177],[139.127316,-34.834921],[139.127216,-34.834817],[139.127121,-34.834696],[139.127049,-34.834594],[139.126986,-34.834491],[139.126907,-34.834344],[139.126843,-34.834201],[139.126597,-34.833584],[139.126541,-34.833466],[139.126483,-34.833369],[139.126416,-34.833266],[139.126339,-34.833173],[139.126246,-34.833066],[139.126153,-34.832971],[139.126049,-34.832879],[139.125944,-34.832791],[139.125835,-34.83271],[139.125677,-34.832603],[139.124822,-34.831991],[139.124044,-34.831433],[139.122964,-34.830658],[139.122484,-34.830307],[139.122321,-34.830174],[139.122192,-34.830056],[139.122106,-34.82998],[139.121829,-34.82974],[139.121307,-34.829288],[139.120334,-34.828428],[139.120117,-34.828227],[139.120054,-34.828167],[139.119847,-34.827947],[139.11849,-34.826436],[139.117731,-34.825594],[139.117543,-34.8254],[139.117466,-34.825327],[139.117374,-34.825265],[139.117288,-34.825209],[139.117246,-34.825192],[139.117111,-34.82512],[139.116692,-34.82493],[139.11645,-34.824809],[139.116387,-34.824779],[139.116306,-34.824732],[139.116139,-34.824615],[139.115447,-34.824104],[139.115104,-34.82382],[139.11479,-34.823552],[139.114461,-34.823272],[139.113521,-34.822483],[139.112774,-34.821858],[139.112632,-34.82174],[139.112527,-34.821667],[139.112416,-34.821593],[139.112289,-34.821521],[139.112019,-34.821384],[139.11155,-34.821164],[139.111324,-34.821068],[139.111176,-34.821015],[139.111077,-34.820988],[139.110959,-34.820964],[139.110888,-34.820954],[139.110762,-34.820943],[139.110666,-34.82094],[139.110564,-34.820943],[139.110429,-34.820957],[139.110353,-34.820968],[139.110107,-34.821008],[139.109776,-34.821068]]}},{"type":"Feature","properties":{"tier":"arterial"},"geometry":{"type":"LineString","coordinates":[[139.063973,-34.820644],[139.061936,-34.820376]]}},{"type":"Feature","properties":{"tier":"arterial"},"geometry":{"type":"LineString","coordinates":[[139.060071,-34.819259],[139.05918,-34.818348]]}},{"type":"Feature","properties":{"tier":"arterial"},"geometry":{"type":"LineString","coordinates":[[139.056194,-34.813775],[139.056178,-34.813985]]}},{"type":"Feature","properties":{"tier":"regional"},"geometry":{"type":"LineString","coordinates":[[139.004422,-34.515076],[139.004478,-34.514926]]}},{"type":"Feature","properties":{"tier":"arterial"},"geometry":{"type":"LineString","coordinates":[[139.054853,-34.505844],[139.055085,-34.505949],[139.056265,-34.506391],[139.056407,-34.506445],[139.056624,-34.506535],[139.056769,-34.50661],[139.056924,-34.506691],[139.057072,-34.506799],[139.057201,-34.506912],[139.057233,-34.506951],[139.057305,-34.507036],[139.057387,-34.507143],[139.057489,-34.507333],[139.05756,-34.507534],[139.05761,-34.507746],[139.057653,-34.507987]]}},{"type":"Feature","properties":{"tier":"arterial"},"geometry":{"type":"LineString","coordinates":[[139.053217,-34.502782],[139.053523,-34.503621],[139.053638,-34.503936],[139.053691,-34.504081],[139.053739,-34.504213],[139.053822,-34.504436],[139.053894,-34.504619],[139.054102,-34.505132],[139.054159,-34.50524]]}},{"type":"Feature","properties":{"tier":"arterial"},"geometry":{"type":"LineString","coordinates":[[139.132259,-34.554148],[139.133048,-34.554387],[139.13419,-34.554679],[139.134951,-34.554909],[139.136445,-34.555364],[139.138006,-34.55585],[139.13892,-34.556132]]}},{"type":"Feature","properties":{"tier":"arterial"},"geometry":{"type":"LineString","coordinates":[[139.13892,-34.556132],[139.139415,-34.556278],[139.140038,-34.556472],[139.141737,-34.556965]]}},{"type":"Feature","properties":{"tier":"arterial"},"geometry":{"type":"LineString","coordinates":[[139.141737,-34.556965],[139.142865,-34.557316],[139.144383,-34.557736],[139.145273,-34.558045]]}},{"type":"Feature","properties":{"tier":"arterial"},"geometry":{"type":"LineString","coordinates":[[139.291681,-34.57045],[139.292742,-34.571261],[139.293123,-34.571561],[139.29374,-34.572043],[139.294165,-34.572387],[139.294353,-34.572533],[139.294737,-34.572831],[139.294843,-34.572889]]}},{"type":"Feature","properties":{"tier":"arterial"},"geometry":{"type":"LineString","coordinates":[[139.004519,-34.799279],[139.004665,-34.799149],[139.004793,-34.799032],[139.005004,-34.798749],[139.005766,-34.797666],[139.006113,-34.79711],[139.006491,-34.796567],[139.006891,-34.796002],[139.007684,-34.79486],[139.007996,-34.794403],[139.008385,-34.793856],[139.008526,-34.793692],[139.008639,-34.793599],[139.008733,-34.793539],[139.008895,-34.793455],[139.009093,-34.793372],[139.009288,-34.793301],[139.009877,-34.793116],[139.010215,-34.793005],[139.010443,-34.792918],[139.010752,-34.792775],[139.010908,-34.792673],[139.011057,-34.792541],[139.011136,-34.792461],[139.011189,-34.792392],[139.011284,-34.792253],[139.011766,-34.791476],[139.012202,-34.790798],[139.012366,-34.790577],[139.012553,-34.790361],[139.012602,-34.790314],[139.01268,-34.790241],[139.012812,-34.79014],[139.01293,-34.790073],[139.013096,-34.790005],[139.013248,-34.789959],[139.013361,-34.789941],[139.013815,-34.789902],[139.014112,-34.789884],[139.014243,-34.78989],[139.014429,-34.789905],[139.014621,-34.78992],[139.015314,-34.790004],[139.016016,-34.790073],[139.016411,-34.790093],[139.016552,-34.79009],[139.016645,-34.790087],[139.016808,-34.790063],[139.016981,-34.790018],[139.017487,-34.789885],[139.017851,-34.789791],[139.018022,-34.789755],[139.018175,-34.789732],[139.018359,-34.789715],[139.01864,-34.789696],[139.018867,-34.789689],[139.019044,-34.78969],[139.019174,-34.789697],[139.019295,-34.789714],[139.019477,-34.78976],[139.01986,-34.789883],[139.020692,-34.790169],[139.021266,-34.790358],[139.02145,-34.790403],[139.021652,-34.790443],[139.021932,-34.790476],[139.022282,-34.790502],[139.022533,-34.790513],[139.022736,-34.790504],[139.022936,-34.790485],[139.023131,-34.790447],[139.023568,-34.790346],[139.024026,-34.790228],[139.02445,-34.79009],[139.024709,-34.789999],[139.02491,-34.789921],[139.025168,-34.789802],[139.025418,-34.789672],[139.025677,-34.789514],[139.025894,-34.789358],[139.026207,-34.789113],[139.0265,-34.788856],[139.027302,-34.788109],[139.027821,-34.78759],[139.028858,-34.786492],[139.029889,-34.785385],[139.0307,-34.784576],[139.031062,-34.784232],[139.031438,-34.783893],[139.031668,-34.783709]]}},{"type":"Feature","properties":{"tier":"arterial"},"geometry":{"type":"LineString","coordinates":[[139.313091,-34.912706],[139.313256,-34.912572],[139.313612,-34.912326],[139.314395,-34.91172],[139.315266,-34.911044],[139.315437,-34.910912],[139.315808,-34.910565],[139.316056,-34.910328],[139.316948,-34.909509]]}},{"type":"Feature","properties":{"tier":"regional"},"geometry":{"type":"LineString","coordinates":[[139.207924,-34.796422],[139.208053,-34.795973],[139.208364,-34.795065],[139.208579,-34.794431],[139.208686,-34.793876],[139.20874,-34.793312],[139.208697,-34.79281],[139.208654,-34.792325],[139.208496,-34.791776],[139.208397,-34.79119],[139.20837,-34.7904],[139.208367,-34.789029],[139.208367,-34.787866],[139.208356,-34.787293],[139.208243,-34.786734],[139.208061,-34.786311],[139.207583,-34.785641],[139.20698,-34.784805],[139.206339,-34.783874],[139.206156,-34.783416],[139.205942,-34.782605],[139.205832,-34.782117],[139.205805,-34.781791],[139.20587,-34.781197],[139.206009,-34.780152],[139.206101,-34.779227],[139.206238,-34.778481],[139.206557,-34.777112],[139.206951,-34.775421],[139.207232,-34.774296],[139.207449,-34.773418],[139.20761,-34.77274],[139.20773,-34.772179]]}},{"type":"Feature","properties":{"tier":"arterial"},"geometry":{"type":"LineString","coordinates":[[139.323194,-34.90108],[139.323312,-34.900726],[139.323463,-34.900423],[139.323654,-34.900142],[139.323771,-34.900002],[139.323988,-34.899773],[139.324119,-34.899664],[139.324336,-34.899531],[139.324555,-34.899421],[139.325529,-34.899071],[139.325801,-34.898953],[139.325973,-34.89887],[139.326288,-34.89867],[139.326427,-34.898561],[139.326631,-34.898361],[139.327195,-34.897683],[139.327552,-34.897325],[139.328554,-34.896512],[139.329068,-34.896027],[139.329382,-34.895731],[139.329768,-34.895431],[139.331443,-34.89424],[139.333391,-34.892749],[139.333636,-34.892577],[139.333851,-34.892451],[139.334728,-34.892022],[139.335505,-34.891666],[139.336783,-34.891196],[139.339248,-34.890346],[139.339486,-34.890248],[139.340758,-34.889587],[139.341022,-34.889465],[139.341587,-34.889235],[139.342037,-34.889096],[139.342335,-34.889031],[139.347767,-34.888055]]}},{"type":"Feature","properties":{"tier":"regional"},"geometry":{"type":"LineString","coordinates":[[139.20773,-34.772179],[139.207862,-34.77166],[139.20819,-34.77029],[139.208415,-34.769461],[139.208479,-34.76925],[139.208842,-34.768546],[139.209552,-34.76717],[139.210118,-34.766074],[139.210258,-34.765708],[139.210349,-34.765382],[139.210641,-34.764429],[139.210928,-34.763443],[139.211258,-34.762314],[139.211405,-34.761878],[139.211633,-34.761397],[139.211808,-34.76097],[139.21188,-34.760683],[139.211924,-34.760461]]}},{"type":"Feature","properties":{"tier":"arterial"},"geometry":{"type":"LineString","coordinates":[[139.281905,-34.656066],[139.281905,-34.655941]]}},{"type":"Feature","properties":{"tier":"arterial"},"geometry":{"type":"LineString","coordinates":[[139.281877,-34.65429],[139.281849,-34.652194],[139.281847,-34.652086]]}},{"type":"Feature","properties":{"tier":"regional"},"geometry":{"type":"LineString","coordinates":[[139.284389,-34.651832],[139.281847,-34.652086]]}},{"type":"Feature","properties":{"tier":"arterial"},"geometry":{"type":"LineString","coordinates":[[139.300124,-34.912892],[139.300212,-34.912953],[139.300521,-34.913179],[139.301756,-34.914083],[139.302398,-34.914544],[139.30248,-34.9146],[139.302922,-34.91492],[139.303879,-34.915495],[139.304034,-34.915544],[139.304275,-34.915568],[139.305697,-34.915501],[139.306807,-34.91544],[139.307229,-34.915417],[139.30749,-34.915402],[139.307676,-34.915387],[139.307891,-34.915343],[139.308309,-34.915215],[139.308535,-34.915163],[139.308664,-34.915131],[139.308858,-34.915112],[139.30898,-34.915128],[139.309085,-34.915162],[139.309502,-34.915302],[139.309887,-34.915432]]}},{"type":"Feature","properties":{"tier":"regional"},"geometry":{"type":"LineString","coordinates":[[139.291478,-34.933475],[139.291234,-34.933728],[139.290904,-34.934033],[139.290637,-34.934239],[139.290516,-34.934312],[139.289417,-34.934883],[139.289066,-34.935085],[139.28894,-34.935162],[139.28883,-34.935248],[139.288595,-34.935415],[139.288134,-34.935767],[139.287066,-34.936612],[139.286537,-34.936969],[139.286317,-34.937093],[139.286197,-34.937149],[139.286066,-34.9372],[139.285731,-34.937329],[139.281752,-34.938638],[139.278972,-34.93954],[139.278532,-34.939694],[139.278286,-34.939758],[139.278093,-34.939788],[139.277995,-34.939794],[139.277946,-34.939797],[139.277737,-34.939801],[139.27749,-34.939793],[139.277365,-34.939788],[139.277098,-34.93975],[139.275852,-34.939535],[139.275218,-34.939454],[139.274962,-34.939436],[139.274794,-34.939436],[139.274559,-34.939441],[139.274365,-34.939454],[139.274087,-34.939488],[139.273182,-34.939591],[139.272862,-34.939625],[139.272642,-34.939634],[139.272344,-34.939638],[139.270611,-34.93957],[139.270281,-34.939565],[139.270087,-34.939574],[139.26982,-34.939608],[139.268642,-34.939861],[139.267318,-34.940123],[139.267066,-34.940158],[139.266752,-34.940188],[139.266396,-34.940205],[139.266082,-34.940213],[139.265731,-34.940213],[139.265475,-34.940205],[139.265208,-34.940179],[139.26493,-34.940145],[139.264653,-34.940102],[139.264103,-34.93999],[139.26025,-34.93884],[139.259763,-34.938698],[139.259459,-34.938634],[139.259046,-34.938557],[139.258716,-34.93851],[139.258423,-34.938492],[139.257363,-34.93841],[139.257113,-34.938394],[139.255779,-34.938286],[139.255543,-34.938252],[139.255349,-34.938222],[139.255161,-34.938183],[139.254747,-34.93808],[139.254527,-34.938024],[139.254234,-34.937926],[139.254014,-34.937857],[139.25369,-34.93772],[139.25336,-34.937565],[139.249852,-34.935874],[139.248852,-34.935398],[139.24847,-34.935243],[139.248208,-34.935145],[139.247941,-34.935059],[139.247664,-34.934973],[139.247507,-34.934934],[139.247276,-34.934891],[139.247077,-34.934848],[139.246899,-34.934827],[139.246727,-34.934797],[139.244475,-34.934526],[139.243763,-34.934419],[139.243465,-34.934363],[139.243098,-34.934269],[139.242789,-34.93417],[139.242444,-34.934046],[139.242109,-34.933913],[139.241884,-34.933805],[139.241533,-34.933625],[139.241245,-34.933449],[139.24092,-34.933235],[139.240522,-34.93296],[139.240002,-34.932579]]}},{"type":"Feature","properties":{"tier":"arterial"},"geometry":{"type":"LineString","coordinates":[[139.056093,-34.767514],[139.056976,-34.766576]]}},{"type":"Feature","properties":{"tier":"arterial"},"geometry":{"type":"LineString","coordinates":[[139.288386,-34.906862],[139.296345,-34.910479]]}},{"type":"Feature","properties":{"tier":"arterial"},"geometry":{"type":"LineString","coordinates":[[139.033447,-34.778002],[139.033525,-34.77807],[139.033752,-34.778235],[139.034147,-34.778483]]}},{"type":"Feature","properties":{"tier":"arterial"},"geometry":{"type":"LineString","coordinates":[[139.295398,-34.572872],[139.295263,-34.572873],[139.294843,-34.572889]]}},{"type":"Feature","properties":{"tier":"arterial"},"geometry":{"type":"LineString","coordinates":[[139.301902,-34.572883],[139.299562,-34.572898],[139.297431,-34.572909],[139.296909,-34.572912],[139.296271,-34.572916],[139.29547,-34.572871],[139.295398,-34.572872]]}},{"type":"Feature","properties":{"tier":"arterial"},"geometry":{"type":"LineString","coordinates":[[139.448959,-34.843964],[139.448964,-34.84392],[139.448995,-34.843843],[139.449014,-34.843001],[139.449033,-34.841212],[139.44906,-34.84091],[139.449149,-34.84053],[139.449217,-34.84036],[139.449396,-34.840033],[139.449565,-34.839797],[139.449757,-34.839596],[139.450053,-34.839371]]}},{"type":"Feature","properties":{"tier":"arterial"},"geometry":{"type":"LineString","coordinates":[[139.15838,-34.851188],[139.158327,-34.851153],[139.157971,-34.850885]]}},{"type":"Feature","properties":{"tier":"arterial"},"geometry":{"type":"LineString","coordinates":[[139.159314,-34.851776],[139.159621,-34.851934],[139.159903,-34.852063],[139.160777,-34.852439],[139.161866,-34.852902],[139.162305,-34.853087]]}},{"type":"Feature","properties":{"tier":"arterial"},"geometry":{"type":"LineString","coordinates":[[139.309887,-34.915432],[139.310206,-34.91554],[139.310321,-34.915559],[139.310495,-34.915549]]}},{"type":"Feature","properties":{"tier":"arterial"},"geometry":{"type":"LineString","coordinates":[[139.064829,-34.820812],[139.06469,-34.820759],[139.064539,-34.820722],[139.064442,-34.820707],[139.064303,-34.820684],[139.063973,-34.820644]]}},{"type":"Feature","properties":{"tier":"arterial"},"geometry":{"type":"LineString","coordinates":[[139.071607,-34.823372],[139.071541,-34.823388],[139.07144,-34.823407],[139.071335,-34.823421],[139.071254,-34.823427],[139.071218,-34.823428]]}},{"type":"Feature","properties":{"tier":"arterial"},"geometry":{"type":"LineString","coordinates":[[139.282444,-34.904173],[139.282372,-34.904178],[139.282292,-34.904172],[139.282096,-34.904123],[139.281995,-34.904111],[139.281885,-34.904117],[139.281751,-34.904154],[139.281638,-34.904212],[139.281554,-34.904268],[139.281443,-34.904324]]}},{"type":"Feature","properties":{"tier":"arterial"},"geometry":{"type":"LineString","coordinates":[[139.014606,-34.952492],[139.014738,-34.952363],[139.014775,-34.952204],[139.014772,-34.952086],[139.014686,-34.951934],[139.014402,-34.951741],[139.013155,-34.951478],[139.012936,-34.951389],[139.012901,-34.951314],[139.01289,-34.9512],[139.013116,-34.95042]]}},{"type":"Feature","properties":{"tier":"arterial"},"geometry":{"type":"LineString","coordinates":[[139.282444,-34.904173],[139.282904,-34.904381],[139.287156,-34.906306],[139.288386,-34.906862]]}},{"type":"Feature","properties":{"tier":"arterial"},"geometry":{"type":"LineString","coordinates":[[139.057653,-34.507987],[139.057741,-34.508455]]}},{"type":"Feature","properties":{"tier":"arterial"},"geometry":{"type":"LineString","coordinates":[[139.058856,-34.818012],[139.058749,-34.817901]]}},{"type":"Feature","properties":{"tier":"arterial"},"geometry":{"type":"LineString","coordinates":[[139.05918,-34.818348],[139.058895,-34.818053],[139.058856,-34.818012]]}},{"type":"Feature","properties":{"tier":"arterial"},"geometry":{"type":"LineString","coordinates":[[139.281443,-34.904324],[139.281749,-34.903858]]}},{"type":"Feature","properties":{"tier":"arterial"},"geometry":{"type":"LineString","coordinates":[[139.003877,-34.799686],[139.004333,-34.799397],[139.004519,-34.799279]]}},{"type":"Feature","properties":{"tier":"arterial"},"geometry":{"type":"LineString","coordinates":[[139.057624,-34.836062],[139.057619,-34.836004]]}},{"type":"Feature","properties":{"tier":"arterial"},"geometry":{"type":"LineString","coordinates":[[139.057619,-34.836004],[139.057604,-34.83579]]}},{"type":"Feature","properties":{"tier":"arterial"},"geometry":{"type":"LineString","coordinates":[[139.228332,-34.937662],[139.228283,-34.937158],[139.228286,-34.937029],[139.228305,-34.936801],[139.228352,-34.936588],[139.228404,-34.9364],[139.228523,-34.936124],[139.228823,-34.935458],[139.228858,-34.935382],[139.228895,-34.935309],[139.228947,-34.935214],[139.229005,-34.935122],[139.229088,-34.935004],[139.229158,-34.934915],[139.229247,-34.934813],[139.229336,-34.934722],[139.22942,-34.934643],[139.229509,-34.934567],[139.229527,-34.934552],[139.229585,-34.934506],[139.229722,-34.934409],[139.229855,-34.934324],[139.229962,-34.934264],[139.230088,-34.934199],[139.230277,-34.934115],[139.230396,-34.93407],[139.230533,-34.934024],[139.230693,-34.933977],[139.231473,-34.93376],[139.23451,-34.932909],[139.235044,-34.932776],[139.235392,-34.932713],[139.235723,-34.932674],[139.236074,-34.932672],[139.23643,-34.932679],[139.238133,-34.932762],[139.238464,-34.93277],[139.238655,-34.932775],[139.238761,-34.932774],[139.238933,-34.932767],[139.239137,-34.932751],[139.239346,-34.932725],[139.239535,-34.932694],[139.239763,-34.932645],[139.239906,-34.932607],[139.240002,-34.932579],[139.240212,-34.93251],[139.240424,-34.932427],[139.240624,-34.932336],[139.240765,-34.932265],[139.240907,-34.932191],[139.241184,-34.932023],[139.241742,-34.931651],[139.244414,-34.929841],[139.247085,-34.92804],[139.250019,-34.926058],[139.25305,-34.924017],[139.256146,-34.921919],[139.256906,-34.921416],[139.256921,-34.921406],[139.259353,-34.919763],[139.262033,-34.917941],[139.263341,-34.917061],[139.264627,-34.916206],[139.266316,-34.915051],[139.267384,-34.914336],[139.270182,-34.912442],[139.273141,-34.910437],[139.276122,-34.908429],[139.276555,-34.908136],[139.278567,-34.906777],[139.279364,-34.906238],[139.280242,-34.905645],[139.280452,-34.905491],[139.280631,-34.905353],[139.280822,-34.905177]]}},{"type":"Feature","properties":{"tier":"arterial"},"geometry":{"type":"LineString","coordinates":[[139.234083,-34.972788],[139.234122,-34.972221],[139.234274,-34.970057],[139.234404,-34.968168],[139.234546,-34.966116],[139.234556,-34.96597],[139.2347,-34.963968],[139.234837,-34.961774],[139.234973,-34.959765],[139.234986,-34.959565],[139.235141,-34.957366],[139.235276,-34.95519],[139.235431,-34.952949],[139.235652,-34.949712],[139.235809,-34.947345],[139.235812,-34.947178],[139.235798,-34.946918],[139.235762,-34.946644],[139.235682,-34.9463],[139.235605,-34.946042],[139.235514,-34.9458],[139.235436,-34.945633],[139.235334,-34.945429],[139.235235,-34.945257],[139.235135,-34.945113],[139.235033,-34.944968],[139.234882,-34.944764],[139.234716,-34.944574],[139.234515,-34.944373],[139.23436,-34.944233],[139.234172,-34.944065],[139.232058,-34.942269],[139.229728,-34.940305],[139.229688,-34.940271],[139.22922,-34.939856],[139.229147,-34.939788],[139.229065,-34.939706],[139.228991,-34.939625],[139.228923,-34.939544],[139.22884,-34.939436],[139.22877,-34.939334],[139.228725,-34.939263],[139.228659,-34.939145],[139.228609,-34.939043],[139.228564,-34.93894],[139.228517,-34.938813],[139.228482,-34.938699],[139.228457,-34.9386],[139.228433,-34.938474],[139.228408,-34.938296]]}},{"type":"Feature","properties":{"tier":"arterial"},"geometry":{"type":"LineString","coordinates":[[139.008473,-34.761783],[139.006889,-34.761439],[139.006779,-34.761411],[139.006593,-34.761356],[139.006474,-34.761317],[139.006345,-34.761269],[139.006203,-34.761211],[139.006054,-34.761143],[139.005921,-34.761077],[139.005845,-34.761036],[139.005675,-34.760936],[139.005569,-34.760867],[139.005461,-34.760793],[139.00536,-34.760717],[139.005272,-34.760647],[139.00518,-34.760568],[139.005073,-34.760469],[139.004838,-34.76024],[139.003524,-34.758954],[139.00195,-34.757413],[138.99998,-34.755491]]}},{"type":"Feature","properties":{"tier":"arterial"},"geometry":{"type":"LineString","coordinates":[[139.024538,-34.770561],[139.025744,-34.771471],[139.028166,-34.773277],[139.029124,-34.773995],[139.030331,-34.7749]]}},{"type":"Feature","properties":{"tier":"arterial"},"geometry":{"type":"LineString","coordinates":[[139.030331,-34.7749],[139.031878,-34.776066]]}},{"type":"Feature","properties":{"tier":"arterial"},"geometry":{"type":"LineString","coordinates":[[139.017973,-34.765634],[139.016915,-34.764831],[139.014964,-34.76335],[139.013715,-34.7624],[139.013599,-34.762321],[139.013467,-34.76224],[139.013374,-34.762189],[139.013274,-34.762139],[139.013172,-34.762092],[139.013053,-34.762044],[139.01292,-34.761996],[139.012803,-34.76196],[139.012719,-34.761937],[139.012617,-34.761912],[139.012496,-34.761887],[139.012374,-34.761866],[139.012245,-34.76185],[139.012126,-34.761839],[139.012001,-34.761832],[139.011868,-34.761829],[139.011621,-34.761839],[139.011316,-34.761863],[139.010787,-34.761923],[139.010405,-34.76196],[139.010178,-34.761979],[139.009997,-34.761983],[139.009808,-34.761987],[139.009649,-34.761981],[139.009471,-34.76196],[139.009289,-34.761941],[139.009083,-34.761908],[139.008879,-34.761871],[139.008473,-34.761783]]}},{"type":"Feature","properties":{"tier":"arterial"},"geometry":{"type":"LineString","coordinates":[[139.018046,-34.76569],[139.017973,-34.765634]]}},{"type":"Feature","properties":{"tier":"regional"},"geometry":{"type":"LineString","coordinates":[[139.449289,-34.796114],[139.436893,-34.810453],[139.431141,-34.817161],[139.428977,-34.819683],[139.422688,-34.8295],[139.422191,-34.830788],[139.413234,-34.838817],[139.412534,-34.839396],[139.411139,-34.841967],[139.408306,-34.849381],[139.408113,-34.849786],[139.40792,-34.850015],[139.407663,-34.850332],[139.40689,-34.850931],[139.406293,-34.851484],[139.405816,-34.85218],[139.404297,-34.854713]]}},{"type":"Feature","properties":{"tier":"regional"},"geometry":{"type":"LineString","coordinates":[[139.50002,-34.736881],[139.483316,-34.756334],[139.483226,-34.756457],[139.48321,-34.756598],[139.483216,-34.756752]]}},{"type":"Feature","properties":{"tier":"regional"},"geometry":{"type":"LineString","coordinates":[[138.99998,-34.513584],[139.000558,-34.513754],[139.004478,-34.514926],[139.009201,-34.5163],[139.01412,-34.517834]]}},{"type":"Feature","properties":{"tier":"arterial"},"geometry":{"type":"LineString","coordinates":[[139.134806,-34.771279],[139.133226,-34.772191],[139.132086,-34.772767],[139.129934,-34.773809],[139.128965,-34.774141],[139.125822,-34.775146],[139.125323,-34.775293],[139.124621,-34.775443],[139.124144,-34.7755],[139.123679,-34.775499],[139.123365,-34.775477],[139.122723,-34.775393],[139.122236,-34.77526],[139.121979,-34.775155],[139.121119,-34.774721],[139.114653,-34.771396],[139.114421,-34.7713],[139.114111,-34.771198],[139.112055,-34.770834],[139.111863,-34.770819],[139.11169,-34.770819],[139.111448,-34.770849],[139.111151,-34.77091],[139.110873,-34.771001],[139.110454,-34.77117],[139.110091,-34.771364],[139.109906,-34.771495],[139.109723,-34.771682],[139.108838,-34.772798],[139.108649,-34.772986],[139.108383,-34.77321],[139.108104,-34.773406],[139.107883,-34.773531],[139.107389,-34.773734],[139.107104,-34.773813],[139.106559,-34.773937],[139.10626,-34.773977],[139.105989,-34.773996],[139.105673,-34.773986],[139.105068,-34.773923],[139.102884,-34.773612],[139.102527,-34.773576],[139.101921,-34.773575],[139.101731,-34.773606],[139.101567,-34.773652],[139.101384,-34.773726],[139.10062,-34.77415],[139.099304,-34.774879],[139.09905,-34.774983],[139.098644,-34.775061],[139.098174,-34.775066],[139.097588,-34.775026],[139.094569,-34.774802],[139.087212,-34.774288],[139.083485,-34.773986]]}},{"type":"Feature","properties":{"tier":"arterial"},"geometry":{"type":"LineString","coordinates":[[139.137674,-34.769596],[139.137048,-34.769963],[139.134806,-34.771279]]}},{"type":"Feature","properties":{"tier":"regional"},"geometry":{"type":"LineString","coordinates":[[139.293158,-34.93173],[139.293071,-34.931823],[139.291478,-34.933475]]}},{"type":"Feature","properties":{"tier":"arterial"},"geometry":{"type":"LineString","coordinates":[[139.281832,-34.651036],[139.281847,-34.652086]]}},{"type":"Feature","properties":{"tier":"arterial"},"geometry":{"type":"LineString","coordinates":[[139.240501,-35.00002],[139.240487,-35.000003],[139.238867,-34.998011],[139.23731,-34.996108],[139.235776,-34.994213],[139.234222,-34.992321],[139.233543,-34.991491],[139.233372,-34.991256],[139.233321,-34.991172],[139.233228,-34.991021],[139.233137,-34.990842],[139.233046,-34.990654],[139.233009,-34.990551],[139.232966,-34.990433],[139.232908,-34.99022],[139.232859,-34.989969],[139.232841,-34.989849],[139.232828,-34.989759],[139.23282,-34.989583],[139.232823,-34.989375],[139.232842,-34.988965],[139.232999,-34.986747],[139.233143,-34.984622],[139.233248,-34.983168],[139.233284,-34.982772],[139.233488,-34.981352],[139.233507,-34.981185],[139.233527,-34.980932],[139.233629,-34.979394],[139.233756,-34.977449],[139.233885,-34.975636],[139.234026,-34.973716],[139.234083,-34.972788]]}},{"type":"Feature","properties":{"tier":"arterial"},"geometry":{"type":"LineString","coordinates":[[139.3041,-34.572871],[139.302223,-34.572881],[139.301902,-34.572883]]}},{"type":"Feature","properties":{"tier":"regional"},"geometry":{"type":"LineString","coordinates":[[139.482699,-34.756744],[139.482695,-34.756977],[139.482624,-34.757141],[139.482388,-34.757413]]}},{"type":"Feature","properties":{"tier":"arterial"},"geometry":{"type":"LineString","coordinates":[[139.306857,-34.754967],[139.306535,-34.755058],[139.306089,-34.755153],[139.305791,-34.755217],[139.305306,-34.755287],[139.304814,-34.755338],[139.304335,-34.75536],[139.28535,-34.755398],[139.263865,-34.755412],[139.263487,-34.755412],[139.261519,-34.755431],[139.243517,-34.75547],[139.238576,-34.755481],[139.226704,-34.755489]]}},{"type":"Feature","properties":{"tier":"arterial"},"geometry":{"type":"LineString","coordinates":[[139.282015,-34.617642],[139.282024,-34.616675],[139.282059,-34.612793],[139.282092,-34.611413],[139.28235,-34.609973],[139.282369,-34.609856]]}},{"type":"Feature","properties":{"tier":"arterial"},"geometry":{"type":"LineString","coordinates":[[139.282369,-34.609856],[139.282393,-34.609699]]}},{"type":"Feature","properties":{"tier":"arterial"},"geometry":{"type":"LineString","coordinates":[[139.170045,-34.856354],[139.172435,-34.857365],[139.173005,-34.857606],[139.174146,-34.858083],[139.174509,-34.858223]]}},{"type":"Feature","properties":{"tier":"arterial"},"geometry":{"type":"LineString","coordinates":[[139.174509,-34.858223],[139.174731,-34.858308],[139.175078,-34.858436]]}},{"type":"Feature","properties":{"tier":"arterial"},"geometry":{"type":"LineString","coordinates":[[139.055927,-34.815083],[139.055987,-34.815121]]}},{"type":"Feature","properties":{"tier":"arterial"},"geometry":{"type":"LineString","coordinates":[[139.04846,-34.500874],[139.048566,-34.500845]]}},{"type":"Feature","properties":{"tier":"regional"},"geometry":{"type":"LineString","coordinates":[[139.202868,-34.811579],[139.203021,-34.810306],[139.203161,-34.809769],[139.203611,-34.808544],[139.204089,-34.80734]]}},{"type":"Feature","properties":{"tier":"regional"},"geometry":{"type":"LineString","coordinates":[[139.204089,-34.80734],[139.204148,-34.807191]]}},{"type":"Feature","properties":{"tier":"arterial"},"geometry":{"type":"LineString","coordinates":[[139.005841,-34.973167],[139.006007,-34.972823],[139.006422,-34.972096],[139.007185,-34.970861],[139.007663,-34.970134],[139.00802,-34.96946],[139.008265,-34.968996],[139.008423,-34.968297],[139.009267,-34.962553],[139.009297,-34.962347]]}},{"type":"Feature","properties":{"tier":"regional"},"geometry":{"type":"LineString","coordinates":[[139.482388,-34.757413],[139.459527,-34.784132],[139.453875,-34.790734],[139.449289,-34.796114]]}},{"type":"Feature","properties":{"tier":"arterial"},"geometry":{"type":"LineString","coordinates":[[139.32877,-34.906279],[139.330457,-34.905947],[139.330587,-34.905932],[139.331366,-34.90584],[139.332032,-34.905828],[139.332874,-34.90593]]}},{"type":"Feature","properties":{"tier":"arterial"},"geometry":{"type":"LineString","coordinates":[[139.320566,-34.911555],[139.320655,-34.911541],[139.320784,-34.911457],[139.32218,-34.910245]]}}]}
