{"type":"FeatureCollection","features":[{"type":"Feature","properties":{"tier":"high"},"geometry":{"type":"LineString","coordinates":[[139.458683,-35.268349],[139.458692,-35.268426],[139.458784,-35.269205],[139.458805,-35.269401],[139.458913,-35.270066],[139.459039,-35.270533],[139.459083,-35.270695]]}},{"type":"Feature","properties":{"tier":"arterial"},"geometry":{"type":"LineString","coordinates":[[139.50002,-35.285767],[139.496373,-35.285732],[139.495384,-35.285721],[139.494437,-35.285713],[139.493803,-35.285726],[139.493265,-35.285744],[139.492646,-35.285782],[139.491955,-35.285829],[139.491653,-35.285857],[139.490979,-35.285928],[139.490376,-35.286006],[139.488857,-35.286238],[139.488824,-35.286243],[139.488487,-35.286297],[139.488245,-35.286336],[139.486062,-35.28669]]}},{"type":"Feature","properties":{"tier":"high"},"geometry":{"type":"LineString","coordinates":[[139.343562,-35.163852],[139.343644,-35.163965],[139.343716,-35.164058],[139.344331,-35.164868],[139.344565,-35.165175],[139.345246,-35.166071],[139.346873,-35.168215],[139.349241,-35.171342],[139.349518,-35.171701],[139.353094,-35.176423],[139.354765,-35.178622],[139.356577,-35.181028],[139.356905,-35.18146],[139.357453,-35.182118],[139.358066,-35.182789],[139.358452,-35.183158],[139.35876,-35.183431],[139.359136,-35.183756],[139.359525,-35.184059],[139.360292,-35.184624],[139.361099,-35.185149],[139.363848,-35.186919],[139.365231,-35.187807],[139.365372,-35.187894],[139.366139,-35.188384],[139.366715,-35.188759],[139.368226,-35.189731],[139.369406,-35.190481],[139.370516,-35.191199],[139.371233,-35.191639],[139.372353,-35.192254],[139.372613,-35.192388],[139.372933,-35.192549],[139.3734,-35.192771],[139.373876,-35.192981],[139.376403,-35.194036],[139.37806,-35.194724],[139.379237,-35.195214],[139.381705,-35.196245],[139.384785,-35.197533],[139.385373,-35.197771],[139.390114,-35.19974],[139.392888,-35.200901],[139.395508,-35.201985],[139.397491,-35.202815]]}},{"type":"Feature","properties":{"tier":"high"},"geometry":{"type":"LineString","coordinates":[[139.227642,-35.143215],[139.227749,-35.143483],[139.227824,-35.143722],[139.227869,-35.143902]]}},{"type":"Feature","properties":{"tier":"arterial"},"geometry":{"type":"LineString","coordinates":[[139.279143,-35.116389],[139.27902,-35.116538]]}},{"type":"Feature","properties":{"tier":"arterial"},"geometry":{"type":"LineString","coordinates":[[139.283626,-35.112283],[139.28342,-35.112354],[139.283317,-35.112396],[139.283221,-35.112441],[139.283132,-35.112488],[139.283056,-35.11253],[139.282973,-35.112581],[139.282899,-35.112631],[139.282783,-35.112721],[139.282707,-35.112789],[139.282638,-35.112854],[139.280975,-35.114534],[139.279143,-35.116389]]}},{"type":"Feature","properties":{"tier":"arterial"},"geometry":{"type":"LineString","coordinates":[[139.227945,-35.14023],[139.227789,-35.140151],[139.227614,-35.140089],[139.227185,-35.140008]]}},{"type":"Feature","properties":{"tier":"high"},"geometry":{"type":"LineString","coordinates":[[139.037787,-35.126308],[139.038654,-35.126603],[139.038984,-35.126634],[139.039169,-35.126641],[139.039393,-35.126623],[139.03957,-35.126578],[139.039753,-35.126492],[139.039929,-35.126368],[139.040049,-35.126231],[139.040123,-35.126074],[139.040168,-35.125921],[139.040185,-35.125817],[139.040177,-35.125682],[139.040138,-35.125466],[139.040056,-35.125289],[139.039962,-35.125122],[139.039859,-35.124989],[139.039739,-35.124863],[139.039489,-35.124659]]}},{"type":"Feature","properties":{"tier":"high"},"geometry":{"type":"LineString","coordinates":[[139.293961,-35.150131],[139.293117,-35.150271],[139.292902,-35.150306],[139.291035,-35.150618],[139.289695,-35.150838],[139.288555,-35.150994],[139.286726,-35.151162]]}},{"type":"Feature","properties":{"tier":"high"},"geometry":{"type":"LineString","coordinates":[[139.300493,-35.148945],[139.301545,-35.148758],[139.303535,-35.148398]]}},{"type":"Feature","properties":{"tier":"high"},"geometry":{"type":"LineString","coordinates":[[139.303535,-35.148398],[139.307052,-35.147785],[139.308768,-35.147473],[139.311382,-35.146972]]}},{"type":"Feature","properties":{"tier":"high"},"geometry":{"type":"LineString","coordinates":[[139.313228,-35.146607],[139.314188,-35.146424],[139.315153,-35.146248],[139.315355,-35.146206]]}},{"type":"Feature","properties":{"tier":"arterial"},"geometry":{"type":"LineString","coordinates":[[139.466925,-35.0882],[139.467176,-35.088307],[139.467433,-35.088406],[139.468214,-35.088734],[139.468691,-35.088925],[139.46894,-35.089017],[139.46917,-35.089092],[139.469396,-35.089148],[139.469595,-35.089195],[139.469844,-35.089244],[139.47008,-35.089281],[139.470323,-35.089302],[139.470593,-35.089321],[139.470952,-35.089343],[139.471807,-35.089394],[139.473563,-35.089496],[139.473884,-35.089517],[139.47411,-35.089538],[139.474235,-35.089553],[139.47461,-35.089607],[139.474898,-35.089666],[139.475601,-35.089849],[139.476105,-35.089997],[139.476515,-35.090117],[139.477451,-35.090395],[139.478535,-35.090706],[139.479893,-35.091099],[139.480388,-35.09124],[139.481957,-35.091699],[139.48327,-35.092072],[139.484263,-35.092366],[139.486354,-35.092977],[139.487269,-35.093247],[139.488285,-35.093551],[139.488844,-35.093712],[139.489331,-35.093865],[139.490481,-35.094203],[139.491652,-35.09455],[139.492897,-35.094924],[139.494058,-35.095267],[139.494957,-35.095532],[139.49623,-35.095912],[139.497278,-35.096223],[139.498945,-35.096722],[139.499665,-35.096935],[139.50002,-35.097038]]}},{"type":"Feature","properties":{"tier":"arterial"},"geometry":{"type":"LineString","coordinates":[[139.458332,-35.253928],[139.459279,-35.253934],[139.460833,-35.253954],[139.460896,-35.253955],[139.462339,-35.253962],[139.462389,-35.253963],[139.464337,-35.253995],[139.464783,-35.253997],[139.465863,-35.254015],[139.470498,-35.25405],[139.478099,-35.254103],[139.484458,-35.254171],[139.488648,-35.254061],[139.494271,-35.253901],[139.499516,-35.253779],[139.50002,-35.253768]]}},{"type":"Feature","properties":{"tier":"arterial"},"geometry":{"type":"LineString","coordinates":[[139.383622,-35.298597],[139.38557,-35.296053],[139.387179,-35.294004],[139.388113,-35.293199],[139.389443,-35.292489],[139.395324,-35.2901],[139.39685,-35.289576],[139.398352,-35.289322],[139.398951,-35.28912],[139.40323,-35.28763],[139.405847,-35.286912],[139.408576,-35.286461],[139.414429,-35.285301],[139.416358,-35.284697],[139.420596,-35.283411],[139.423556,-35.282468],[139.426559,-35.281277],[139.427722,-35.280797],[139.427962,-35.280698]]}},{"type":"Feature","properties":{"tier":"regional"},"geometry":{"type":"LineString","coordinates":[[139.268077,-35.139399],[139.266631,-35.137652],[139.265315,-35.136063],[139.264007,-35.134484],[139.26282,-35.13305],[139.262194,-35.132292],[139.26151,-35.131466]]}},{"type":"Feature","properties":{"tier":"regional"},"geometry":{"type":"LineString","coordinates":[[139.248433,-35.118285],[139.248918,-35.118628],[139.250663,-35.119868],[139.251926,-35.120764],[139.253058,-35.121564],[139.25363,-35.122003],[139.253736,-35.122089],[139.253812,-35.122168],[139.254314,-35.122777],[139.255006,-35.123587],[139.255772,-35.124495],[139.255967,-35.124748],[139.256754,-35.125685],[139.257375,-35.126467],[139.25741,-35.126511],[139.257493,-35.126613]]}},{"type":"Feature","properties":{"tier":"regional"},"geometry":{"type":"LineString","coordinates":[[139.12848,-35.129906],[139.128537,-35.128728],[139.128542,-35.128438],[139.128604,-35.12746],[139.12869,-35.125961],[139.128903,-35.12329],[139.128907,-35.123239],[139.128925,-35.12293],[139.12895,-35.122505]]}},{"type":"Feature","properties":{"tier":"arterial"},"geometry":{"type":"LineString","coordinates":[[139.458703,-35.273741],[139.458824,-35.273454],[139.458935,-35.273239],[139.459169,-35.272845]]}},{"type":"Feature","properties":{"tier":"regional"},"geometry":{"type":"LineString","coordinates":[[139.013212,-35.095498],[139.013055,-35.094985],[139.012799,-35.09415],[139.012657,-35.093881],[139.012435,-35.093616],[139.012174,-35.093382],[139.011848,-35.09317],[139.011391,-35.092966],[139.009828,-35.09236],[139.009623,-35.092255],[139.009421,-35.092095],[139.009323,-35.091975],[139.009232,-35.091815],[139.009183,-35.091627],[139.009177,-35.091438],[139.009221,-35.091259],[139.009692,-35.090258],[139.009758,-35.090012],[139.009768,-35.089771],[139.009663,-35.088605],[139.009678,-35.08838],[139.00972,-35.088185],[139.00981,-35.087952],[139.010669,-35.086502],[139.010903,-35.086116],[139.011187,-35.085564],[139.012121,-35.083311],[139.013,-35.081192],[139.013069,-35.080978],[139.013088,-35.080725],[139.013005,-35.079755],[139.012965,-35.079345],[139.012862,-35.078272],[139.012783,-35.077451],[139.012703,-35.076628],[139.012593,-35.075483],[139.012492,-35.074433],[139.01248,-35.074051],[139.012513,-35.07373],[139.01261,-35.073422],[139.012722,-35.073181],[139.012877,-35.072952],[139.013074,-35.072718],[139.013513,-35.072343],[139.014236,-35.071686]]}},{"type":"Feature","properties":{"tier":"arterial"},"geometry":{"type":"LineString","coordinates":[[139.031271,-35.289816],[139.032023,-35.290645],[139.032337,-35.29101],[139.032556,-35.291249],[139.032876,-35.291603],[139.033196,-35.291952],[139.033622,-35.292401],[139.034057,-35.292873],[139.034852,-35.293745]]}},{"type":"Feature","properties":{"tier":"arterial"},"geometry":{"type":"LineString","coordinates":[[139.03758,-35.125738],[139.03752,-35.125839]]}},{"type":"Feature","properties":{"tier":"arterial"},"geometry":{"type":"LineString","coordinates":[[139.253497,-35.094912],[139.253306,-35.094853],[139.25314,-35.094777],[139.252972,-35.094667],[139.252853,-35.094564],[139.252704,-35.094398],[139.252596,-35.094264],[139.252513,-35.09415],[139.252173,-35.093638]]}},{"type":"Feature","properties":{"tier":"regional"},"geometry":{"type":"LineString","coordinates":[[139.248433,-35.118285],[139.246912,-35.117233],[139.24788,-35.116299],[139.249821,-35.114427],[139.250748,-35.113545],[139.250993,-35.113312],[139.251367,-35.112969],[139.252085,-35.11231],[139.252377,-35.112041],[139.252503,-35.11192]]}},{"type":"Feature","properties":{"tier":"arterial"},"geometry":{"type":"LineString","coordinates":[[139.273742,-35.120089],[139.273373,-35.120222],[139.273211,-35.120293],[139.273016,-35.120372],[139.272798,-35.120449],[139.272546,-35.120546],[139.272365,-35.120592]]}},{"type":"Feature","properties":{"tier":"arterial"},"geometry":{"type":"LineString","coordinates":[[139.27902,-35.116538],[139.278886,-35.116753],[139.278812,-35.116853],[139.278749,-35.116942],[139.278679,-35.117035],[139.278603,-35.117133],[139.278518,-35.117217],[139.278424,-35.117288]]}},{"type":"Feature","properties":{"tier":"arterial"},"geometry":{"type":"LineString","coordinates":[[139.275402,-35.119015],[139.276482,-35.118357],[139.276825,-35.118148],[139.277497,-35.117738],[139.277693,-35.117618],[139.277813,-35.117548]]}},{"type":"Feature","properties":{"tier":"regional"},"geometry":{"type":"LineString","coordinates":[[139.318093,-35.03592],[139.321041,-35.035638],[139.323646,-35.035418],[139.325856,-35.035217],[139.336379,-35.034369],[139.340794,-35.033995],[139.342392,-35.033878],[139.344248,-35.034057],[139.34738,-35.034867],[139.349813,-35.035867],[139.350435,-35.036309],[139.353867,-35.038752],[139.354232,-35.038986]]}},{"type":"Feature","properties":{"tier":"regional"},"geometry":{"type":"LineString","coordinates":[[139.273211,-35.120293],[139.273201,-35.120397],[139.273184,-35.120494],[139.27316,-35.120545],[139.273015,-35.120655]]}},{"type":"Feature","properties":{"tier":"arterial"},"geometry":{"type":"LineString","coordinates":[[139.279249,-35.128367],[139.278857,-35.127763],[139.278482,-35.127215],[139.277976,-35.126449],[139.277376,-35.125554],[139.277093,-35.125132],[139.276812,-35.124689],[139.27676,-35.124606],[139.276733,-35.124566],[139.276298,-35.123913],[139.276205,-35.123769],[139.275868,-35.123242],[139.275853,-35.123219],[139.275639,-35.122902],[139.275459,-35.122624],[139.275194,-35.122225],[139.274968,-35.121878],[139.274884,-35.12175],[139.274816,-35.121638],[139.274788,-35.121592],[139.274625,-35.121347],[139.274367,-35.120956]]}},{"type":"Feature","properties":{"tier":"arterial"},"geometry":{"type":"LineString","coordinates":[[139.286061,-35.147324],[139.286015,-35.14692],[139.285979,-35.146576],[139.285912,-35.145947],[139.285887,-35.145618],[139.285719,-35.144007],[139.285634,-35.142562],[139.285489,-35.141062],[139.285414,-35.140248],[139.285213,-35.138482],[139.285144,-35.137875]]}},{"type":"Feature","properties":{"tier":"regional"},"geometry":{"type":"LineString","coordinates":[[139.268077,-35.139399],[139.268135,-35.139344],[139.269298,-35.138245],[139.270013,-35.13757],[139.270629,-35.136974],[139.271829,-35.135883],[139.272545,-35.135209],[139.273692,-35.134113],[139.274735,-35.133116],[139.275483,-35.132413],[139.27584,-35.132071],[139.276552,-35.131391],[139.277138,-35.130853],[139.278228,-35.129795],[139.278382,-35.129658],[139.278747,-35.129318],[139.278894,-35.129182],[139.279098,-35.128991]]}},{"type":"Feature","properties":{"tier":"arterial"},"geometry":{"type":"LineString","coordinates":[[139.202746,-35.306482],[139.202696,-35.304772],[139.202586,-35.301934],[139.202501,-35.299314],[139.202315,-35.294911],[139.202305,-35.294468],[139.202329,-35.294022],[139.20236,-35.293728],[139.202394,-35.293495],[139.202637,-35.292626],[139.202793,-35.292239],[139.202884,-35.292047],[139.202928,-35.291953],[139.203079,-35.291691],[139.203445,-35.291148],[139.203674,-35.290855],[139.203998,-35.290499],[139.204279,-35.290229],[139.20477,-35.289826],[139.204976,-35.289678],[139.205783,-35.289119],[139.210162,-35.286459],[139.211351,-35.285718],[139.21201,-35.285206],[139.212358,-35.284893],[139.212624,-35.28457],[139.212952,-35.284183],[139.213192,-35.28385],[139.213432,-35.283485],[139.213606,-35.283148],[139.213753,-35.282834],[139.213944,-35.282195],[139.214025,-35.281762],[139.214101,-35.281299],[139.214109,-35.28083],[139.214041,-35.279033],[139.213969,-35.277237],[139.213688,-35.270599],[139.213611,-35.268903],[139.213492,-35.266083],[139.213386,-35.263771],[139.213298,-35.261522],[139.213084,-35.257039],[139.212883,-35.252305],[139.212941,-35.251338],[139.212941,-35.251164],[139.212944,-35.251013],[139.212989,-35.250835],[139.213073,-35.250445],[139.21323,-35.250025],[139.224093,-35.223812],[139.241285,-35.1828],[139.241323,-35.182709],[139.24172,-35.181903],[139.241911,-35.181492],[139.242049,-35.181248],[139.244283,-35.176316],[139.251166,-35.170331],[139.251368,-35.170126],[139.251706,-35.169564],[139.252092,-35.168837],[139.252858,-35.167462],[139.25793,-35.158132],[139.257968,-35.157959],[139.258215,-35.157521],[139.258448,-35.157076],[139.264879,-35.1453]]}},{"type":"Feature","properties":{"tier":"regional"},"geometry":{"type":"LineString","coordinates":[[139.268077,-35.139399],[139.269954,-35.140706],[139.271008,-35.14148],[139.271132,-35.141571],[139.271596,-35.141905],[139.272381,-35.142457],[139.274625,-35.144033],[139.274831,-35.144178],[139.275469,-35.144626]]}},{"type":"Feature","properties":{"tier":"arterial"},"geometry":{"type":"LineString","coordinates":[[139.231462,-35.137216],[139.231909,-35.13731],[139.241248,-35.139559],[139.241863,-35.139712],[139.24668,-35.140882],[139.252559,-35.142312],[139.258049,-35.143645],[139.264879,-35.1453],[139.272401,-35.14713],[139.281434,-35.149329],[139.281539,-35.149348],[139.281635,-35.149347],[139.281711,-35.149334],[139.281803,-35.149303],[139.2819,-35.149248]]}},{"type":"Feature","properties":{"tier":"high"},"geometry":{"type":"LineString","coordinates":[[139.293961,-35.150131],[139.292048,-35.150572],[139.29094,-35.150848],[139.289815,-35.151171],[139.288364,-35.151638],[139.2882,-35.151685],[139.287129,-35.151955]]}},{"type":"Feature","properties":{"tier":"arterial"},"geometry":{"type":"LineString","coordinates":[[139.286873,-35.152213],[139.287002,-35.152461],[139.287165,-35.152727],[139.287345,-35.152945],[139.28756,-35.153167],[139.287783,-35.153351],[139.288106,-35.153598]]}},{"type":"Feature","properties":{"tier":"high"},"geometry":{"type":"LineString","coordinates":[[139.286219,-35.151202],[139.285209,-35.151272],[139.283985,-35.151324],[139.281226,-35.151375],[139.281012,-35.151383],[139.280109,-35.151361],[139.279572,-35.151343],[139.278107,-35.151276],[139.276072,-35.151111],[139.27412,-35.150901],[139.272367,-35.150635],[139.269802,-35.150181],[139.267514,-35.149653],[139.265897,-35.149219],[139.263291,-35.148446]]}},{"type":"Feature","properties":{"tier":"high"},"geometry":{"type":"LineString","coordinates":[[139.286179,-35.150972],[139.286703,-35.150934]]}},{"type":"Feature","properties":{"tier":"arterial"},"geometry":{"type":"LineString","coordinates":[[139.327945,-35.147832],[139.328628,-35.146816]]}},{"type":"Feature","properties":{"tier":"regional"},"geometry":{"type":"LineString","coordinates":[[139.46522,-35.088564],[139.465221,-35.089022],[139.465206,-35.090504],[139.4652,-35.091886],[139.465182,-35.096309],[139.465188,-35.1012],[139.465148,-35.106989],[139.465136,-35.114747],[139.465136,-35.119708],[139.46513,-35.124317],[139.465129,-35.125187],[139.465096,-35.132412],[139.465073,-35.139635],[139.465068,-35.14676],[139.465065,-35.146811],[139.46505,-35.147079],[139.465051,-35.147112],[139.465129,-35.150677],[139.465129,-35.153822],[139.465096,-35.15622],[139.465073,-35.158434],[139.46505,-35.159614],[139.465096,-35.162123],[139.465128,-35.166261],[139.465096,-35.170238],[139.465158,-35.173913],[139.465204,-35.176901],[139.465185,-35.177581],[139.465111,-35.178491],[139.465082,-35.179556],[139.465105,-35.181973],[139.465197,-35.183068],[139.465073,-35.183183],[139.464807,-35.183216],[139.455435,-35.183217],[139.45529,-35.18325]]}},{"type":"Feature","properties":{"tier":"arterial"},"geometry":{"type":"LineString","coordinates":[[139.053238,-35.388249],[139.053066,-35.388284],[139.052619,-35.388302],[139.052369,-35.388305],[139.052236,-35.388298]]}},{"type":"Feature","properties":{"tier":"arterial"},"geometry":{"type":"LineString","coordinates":[[139.000224,-35.395861],[138.99998,-35.395924]]}},{"type":"Feature","properties":{"tier":"arterial"},"geometry":{"type":"LineString","coordinates":[[139.052236,-35.388298],[139.052093,-35.388293]]}},{"type":"Feature","properties":{"tier":"arterial"},"geometry":{"type":"LineString","coordinates":[[139.052093,-35.388293],[139.05184,-35.388285],[139.05151,-35.38828],[139.051258,-35.388273],[139.048597,-35.388196],[139.046356,-35.388137],[139.046027,-35.388134],[139.045779,-35.388134],[139.045593,-35.388132],[139.045457,-35.388137],[139.045277,-35.388147],[139.045079,-35.38816],[139.043868,-35.388265],[139.041812,-35.38845],[139.04147,-35.388482],[139.041045,-35.38852],[139.04083,-35.388547],[139.04049,-35.388589],[139.040115,-35.388632],[139.039055,-35.388784],[139.036491,-35.389116],[139.033949,-35.389458],[139.031246,-35.389826],[139.028656,-35.390168],[139.027715,-35.390301],[139.027373,-35.390351],[139.027144,-35.390391],[139.026868,-35.390448],[139.026028,-35.390626],[139.023669,-35.391152],[139.022991,-35.391305],[139.022554,-35.391408],[139.020289,-35.391853],[139.018216,-35.392288],[139.016089,-35.39271],[139.015791,-35.392769],[139.015558,-35.392819],[139.015287,-35.392887],[139.015019,-35.392966],[139.014812,-35.393031],[139.014514,-35.393134],[139.013763,-35.393397],[139.013541,-35.393469],[139.013321,-35.39353],[139.013093,-35.39358],[139.012854,-35.393626],[139.01253,-35.393672],[139.012159,-35.393722],[139.011077,-35.393847],[139.008665,-35.394165],[139.00664,-35.394439],[139.005354,-35.394631],[139.00492,-35.394706],[139.004561,-35.394768],[139.004189,-35.394833],[139.003823,-35.394938],[139.003507,-35.395023],[139.00326,-35.395087],[139.002025,-35.395402],[139.000586,-35.395762],[139.000224,-35.395861]]}},{"type":"Feature","properties":{"tier":"arterial"},"geometry":{"type":"LineString","coordinates":[[139.047828,-35.108809],[139.046936,-35.110272]]}},{"type":"Feature","properties":{"tier":"arterial"},"geometry":{"type":"LineString","coordinates":[[138.99998,-35.261317],[139.000592,-35.261822],[139.001112,-35.262247],[139.001536,-35.262531],[139.002013,-35.26279],[139.00373,-35.263565],[139.004212,-35.263815],[139.004658,-35.264086],[139.006584,-35.265356],[139.009024,-35.266973],[139.009309,-35.267192],[139.011143,-35.26872],[139.011996,-35.26943],[139.012404,-35.269719],[139.01286,-35.26992],[139.013632,-35.270214],[139.014051,-35.270411],[139.014443,-35.27063],[139.014861,-35.270884],[139.015199,-35.271155],[139.015472,-35.27144],[139.016384,-35.272504],[139.016658,-35.272885],[139.016867,-35.273284],[139.01853,-35.276717],[139.018766,-35.277085],[139.019115,-35.277462],[139.019442,-35.277781],[139.021239,-35.279599],[139.021647,-35.279936],[139.022114,-35.280242],[139.024093,-35.281526],[139.024452,-35.281793],[139.024761,-35.282152],[139.028845,-35.286962],[139.029255,-35.28747],[139.029691,-35.287949],[139.030305,-35.288669],[139.030668,-35.28913],[139.030789,-35.289271],[139.030916,-35.289416],[139.031271,-35.289816]]}},{"type":"Feature","properties":{"tier":"arterial"},"geometry":{"type":"LineString","coordinates":[[139.043781,-35.115496],[139.043093,-35.116628],[139.04273,-35.117226],[139.042404,-35.117762],[139.04167,-35.11896],[139.040904,-35.120219]]}},{"type":"Feature","properties":{"tier":"arterial"},"geometry":{"type":"LineString","coordinates":[[139.271351,-35.118242],[139.269752,-35.117204],[139.269679,-35.117158],[139.269562,-35.117072],[139.268857,-35.116665],[139.268242,-35.116322],[139.268096,-35.116235]]}},{"type":"Feature","properties":{"tier":"arterial"},"geometry":{"type":"LineString","coordinates":[[139.271494,-35.118326],[139.272084,-35.118659],[139.27261,-35.118993],[139.272711,-35.119057],[139.272932,-35.119208],[139.273096,-35.119367],[139.273291,-35.119586]]}},{"type":"Feature","properties":{"tier":"arterial"},"geometry":{"type":"LineString","coordinates":[[139.273291,-35.119586],[139.273018,-35.119373],[139.272848,-35.119242],[139.272637,-35.119114],[139.272021,-35.118727],[139.271494,-35.118326]]}},{"type":"Feature","properties":{"tier":"arterial"},"geometry":{"type":"LineString","coordinates":[[139.272021,-35.118727],[139.272084,-35.118659]]}},{"type":"Feature","properties":{"tier":"high"},"geometry":{"type":"LineString","coordinates":[[139.397301,-35.203117],[139.397491,-35.202815]]}},{"type":"Feature","properties":{"tier":"high"},"geometry":{"type":"LineString","coordinates":[[139.343562,-35.163852],[139.343438,-35.163908],[139.343189,-35.164025]]}},{"type":"Feature","properties":{"tier":"high"},"geometry":{"type":"LineString","coordinates":[[139.35653,-35.181662],[139.356905,-35.18146]]}},{"type":"Feature","properties":{"tier":"high"},"geometry":{"type":"LineString","coordinates":[[139.365372,-35.187894],[139.365177,-35.188108]]}},{"type":"Feature","properties":{"tier":"high"},"geometry":{"type":"LineString","coordinates":[[139.384708,-35.197866],[139.384785,-35.197533]]}},{"type":"Feature","properties":{"tier":"regional"},"geometry":{"type":"LineString","coordinates":[[139.45529,-35.18325],[139.455216,-35.18331],[139.455161,-35.185322],[139.454913,-35.193004],[139.455008,-35.194594],[139.454821,-35.196199],[139.454161,-35.21625],[139.453789,-35.22733],[139.45371,-35.229672],[139.453614,-35.232916],[139.453619,-35.233288],[139.453622,-35.233547],[139.453704,-35.234091],[139.45386,-35.234836],[139.453985,-35.235389],[139.454345,-35.236982],[139.454488,-35.23808],[139.454544,-35.239111],[139.454759,-35.243058]]}},{"type":"Feature","properties":{"tier":"arterial"},"geometry":{"type":"LineString","coordinates":[[139.053576,-35.308853],[139.053555,-35.309091],[139.053564,-35.309217],[139.053591,-35.309319],[139.05363,-35.309404],[139.053722,-35.309576],[139.05567,-35.313295],[139.056993,-35.315877],[139.057129,-35.316186],[139.057222,-35.316495],[139.057229,-35.31668],[139.057222,-35.316978],[139.05717,-35.317238],[139.057082,-35.317515],[139.056841,-35.3179],[139.056561,-35.318193],[139.056398,-35.318323],[139.056221,-35.318442],[139.055863,-35.318624],[139.05548,-35.318768],[139.054754,-35.31903],[139.053279,-35.319547],[139.052746,-35.319819],[139.052462,-35.32002],[139.052199,-35.320247],[139.051985,-35.320493],[139.051817,-35.320767],[139.051689,-35.321016],[139.051589,-35.321369],[139.051531,-35.321592],[139.050546,-35.325732],[139.050497,-35.326079],[139.050493,-35.32634],[139.050529,-35.326689],[139.050583,-35.326945],[139.05095,-35.328387],[139.050991,-35.328614],[139.051006,-35.328845],[139.050952,-35.329151],[139.050489,-35.330916],[139.050365,-35.331375],[139.050272,-35.331835],[139.050247,-35.332098],[139.050223,-35.33375],[139.050209,-35.334383],[139.05014,-35.335018],[139.050076,-35.335466],[139.049966,-35.336235],[139.049864,-35.336586],[139.049771,-35.336823],[139.049593,-35.337173],[139.049394,-35.337511],[139.048867,-35.338298],[139.048416,-35.338981],[139.048226,-35.339359],[139.048117,-35.339695],[139.048085,-35.340093],[139.048095,-35.340224],[139.048139,-35.340483],[139.048165,-35.340581],[139.049065,-35.343684],[139.04911,-35.343797],[139.049272,-35.344195],[139.049901,-35.345535],[139.050035,-35.345787],[139.050192,-35.346019],[139.051592,-35.347849],[139.052078,-35.348777],[139.052421,-35.349548],[139.052675,-35.350214],[139.052771,-35.350764],[139.052828,-35.351348],[139.052966,-35.352499],[139.053483,-35.356215],[139.053561,-35.356701],[139.053616,-35.356951],[139.05446,-35.359747],[139.054581,-35.360266],[139.054589,-35.36058],[139.054573,-35.361329],[139.054474,-35.363631],[139.05444,-35.363892],[139.054371,-35.364137],[139.053447,-35.366964],[139.053383,-35.367227],[139.053331,-35.367509],[139.053326,-35.367883],[139.053338,-35.368261],[139.053561,-35.373567],[139.053623,-35.374991],[139.053775,-35.378399],[139.053786,-35.378817],[139.053725,-35.380433],[139.053663,-35.382086],[139.053312,-35.388107],[139.053291,-35.388194],[139.053238,-35.388249]]}},{"type":"Feature","properties":{"tier":"arterial"},"geometry":{"type":"LineString","coordinates":[[139.374402,-34.99998],[139.374431,-35.000186],[139.374598,-35.001439],[139.374782,-35.002714],[139.374865,-35.00333],[139.374921,-35.003625],[139.375005,-35.003952],[139.375154,-35.004387],[139.375387,-35.004905],[139.37595,-35.006116],[139.376953,-35.008305],[139.377968,-35.0105],[139.378224,-35.01106],[139.378472,-35.011601],[139.378724,-35.012153],[139.378837,-35.01243],[139.380115,-35.018721],[139.380699,-35.021725],[139.380991,-35.023252],[139.381137,-35.024014],[139.381273,-35.029981],[139.381278,-35.030238]]}},{"type":"Feature","properties":{"tier":"arterial"},"geometry":{"type":"LineString","coordinates":[[139.381278,-35.030238],[139.381281,-35.03098],[139.381278,-35.032669],[139.381285,-35.034524],[139.381283,-35.036205],[139.38129,-35.037992],[139.381288,-35.039218],[139.381285,-35.040911],[139.381288,-35.042563],[139.381283,-35.042732],[139.381257,-35.042937],[139.381196,-35.043253],[139.381123,-35.04353],[139.381012,-35.04382],[139.380977,-35.043901],[139.380942,-35.043983],[139.380695,-35.044423],[139.380544,-35.044641],[139.379964,-35.045427]]}},{"type":"Feature","properties":{"tier":"arterial"},"geometry":{"type":"LineString","coordinates":[[139.040904,-35.120219],[139.0408,-35.120391],[139.040389,-35.121086]]}},{"type":"Feature","properties":{"tier":"high"},"geometry":{"type":"LineString","coordinates":[[139.038825,-35.124258],[139.039215,-35.124418],[139.039565,-35.124608],[139.039869,-35.124856],[139.040057,-35.125108],[139.040207,-35.125424],[139.040258,-35.125689],[139.040285,-35.12616],[139.040336,-35.126469],[139.040435,-35.126868],[139.040588,-35.127183],[139.040858,-35.127551],[139.041352,-35.128001],[139.042566,-35.128743]]}},{"type":"Feature","properties":{"tier":"high"},"geometry":{"type":"LineString","coordinates":[[139.127815,-35.139291],[139.128081,-35.139303],[139.130196,-35.139397],[139.130471,-35.139344],[139.130885,-35.139127],[139.13115,-35.138943],[139.131269,-35.138801],[139.131309,-35.138523],[139.13122,-35.138277],[139.131041,-35.138073],[139.130764,-35.137885],[139.129068,-35.137126],[139.12823,-35.136751]]}},{"type":"Feature","properties":{"tier":"arterial"},"geometry":{"type":"LineString","coordinates":[[139.459169,-35.272845],[139.45935,-35.272625],[139.459478,-35.272499],[139.459623,-35.272385],[139.459671,-35.272351]]}},{"type":"Feature","properties":{"tier":"high"},"geometry":{"type":"LineString","coordinates":[[139.263407,-35.148215],[139.266015,-35.148996],[139.267605,-35.149419],[139.269827,-35.149929],[139.271189,-35.150195],[139.272531,-35.150412],[139.274466,-35.150691],[139.276385,-35.150891],[139.278134,-35.151018],[139.279769,-35.1511],[139.281094,-35.151125],[139.282695,-35.151126],[139.284629,-35.151073],[139.286179,-35.150972]]}},{"type":"Feature","properties":{"tier":"arterial"},"geometry":{"type":"LineString","coordinates":[[139.458703,-35.273741],[139.458476,-35.274281],[139.458417,-35.274428],[139.457895,-35.275798],[139.457752,-35.276173],[139.457284,-35.277402],[139.45712,-35.277833],[139.457088,-35.277916],[139.456646,-35.279078],[139.456371,-35.2797],[139.455976,-35.280476],[139.455629,-35.281065],[139.4552,-35.281702],[139.454761,-35.282282],[139.454141,-35.282998],[139.453373,-35.283794],[139.451574,-35.285329],[139.450516,-35.286244]]}},{"type":"Feature","properties":{"tier":"high"},"geometry":{"type":"LineString","coordinates":[[139.263291,-35.148446],[139.263062,-35.148378]]}},{"type":"Feature","properties":{"tier":"high"},"geometry":{"type":"LineString","coordinates":[[139.220202,-35.146857],[139.217282,-35.148079],[139.215318,-35.1489],[139.214874,-35.14907],[139.214199,-35.149322],[139.212691,-35.149841],[139.210162,-35.150601],[139.209689,-35.150727],[139.20882,-35.150935],[139.20833,-35.151046],[139.20744,-35.151226],[139.206328,-35.151457],[139.205548,-35.151612],[139.205,-35.151709],[139.203322,-35.151969],[139.200665,-35.152275],[139.200053,-35.152327],[139.198096,-35.152428],[139.196492,-35.152483],[139.195896,-35.152488],[139.193813,-35.152448],[139.191805,-35.152345],[139.191176,-35.152295],[139.189129,-35.152096],[139.187344,-35.151854],[139.186781,-35.15177],[139.184945,-35.151447],[139.182944,-35.151001],[139.182399,-35.15087],[139.180701,-35.150441],[139.17828,-35.149708],[139.176557,-35.149092],[139.174646,-35.148466],[139.172834,-35.147946],[139.172298,-35.147798],[139.170852,-35.147424],[139.168639,-35.146876],[139.166654,-35.146497],[139.164953,-35.146173],[139.153587,-35.143931],[139.149961,-35.143213],[139.146505,-35.142489],[139.143066,-35.141632],[139.142562,-35.141499],[139.139133,-35.140526],[139.135232,-35.139286],[139.134517,-35.13904],[139.132579,-35.138376],[139.132171,-35.13823],[139.12823,-35.136751],[139.120421,-35.133472],[139.117618,-35.132371],[139.116174,-35.131846],[139.114254,-35.131262],[139.112156,-35.130747],[139.110396,-35.130373],[139.108875,-35.130133],[139.107203,-35.129905],[139.105666,-35.129752],[139.10417,-35.129654],[139.102601,-35.129607],[139.101239,-35.129615],[139.099679,-35.129667],[139.098104,-35.129774],[139.097234,-35.129856],[139.096504,-35.129958],[139.095281,-35.13009],[139.091422,-35.130741],[139.091117,-35.130794],[139.085994,-35.131696],[139.081962,-35.132533],[139.078332,-35.133378],[139.075459,-35.134071],[139.072463,-35.134815],[139.071936,-35.134882],[139.07163,-35.134933],[139.070867,-35.135036],[139.070189,-35.135066],[139.069487,-35.135075],[139.068968,-35.135066],[139.068367,-35.135014],[139.067799,-35.134924],[139.067253,-35.134841],[139.066718,-35.134723],[139.066028,-35.134526],[139.065594,-35.134398],[139.064176,-35.133869],[139.062597,-35.133279],[139.061748,-35.13299],[139.060761,-35.1327],[139.059766,-35.132437],[139.05864,-35.132183],[139.058014,-35.132062],[139.057616,-35.131986],[139.056799,-35.131847],[139.055199,-35.131644],[139.052298,-35.131344],[139.049504,-35.13108],[139.048115,-35.130859],[139.047025,-35.130623],[139.046078,-35.130395],[139.044176,-35.129773],[139.04377,-35.129619],[139.043322,-35.129436]]}},{"type":"Feature","properties":{"tier":"high"},"geometry":{"type":"LineString","coordinates":[[139.263178,-35.148147],[139.263407,-35.148215]]}},{"type":"Feature","properties":{"tier":"high"},"geometry":{"type":"LineString","coordinates":[[138.99998,-35.115095],[139.000804,-35.115069],[139.00198,-35.115092],[139.003328,-35.115174],[139.004707,-35.1153],[139.005768,-35.115451],[139.006919,-35.115663],[139.00723,-35.115725],[139.009155,-35.116207],[139.010137,-35.116442],[139.010397,-35.116521],[139.01161,-35.116983],[139.013803,-35.117807],[139.014747,-35.118306],[139.014967,-35.118412],[139.018091,-35.119995],[139.020699,-35.121044],[139.020928,-35.12113],[139.022295,-35.121616],[139.023758,-35.122106],[139.026095,-35.122799],[139.026346,-35.122861],[139.028805,-35.123384],[139.032413,-35.124287],[139.033888,-35.124808],[139.034121,-35.124887],[139.035219,-35.125286]]}},{"type":"Feature","properties":{"tier":"arterial"},"geometry":{"type":"LineString","coordinates":[[139.390324,-35.325494],[139.390703,-35.325065],[139.390877,-35.324877],[139.391124,-35.324694],[139.391347,-35.324605],[139.391548,-35.324542],[139.391787,-35.324506],[139.39214,-35.324517],[139.393046,-35.324584],[139.393484,-35.324611]]}},{"type":"Feature","properties":{"tier":"arterial"},"geometry":{"type":"LineString","coordinates":[[139.258668,-35.110098],[139.258635,-35.110211],[139.258632,-35.110277],[139.258645,-35.110334],[139.258674,-35.110404],[139.25871,-35.110469]]}},{"type":"Feature","properties":{"tier":"regional"},"geometry":{"type":"LineString","coordinates":[[139.257916,-35.126443],[139.257832,-35.126514],[139.257739,-35.126607],[139.257692,-35.12667],[139.257681,-35.126705],[139.257679,-35.126759],[139.257697,-35.12686]]}},{"type":"Feature","properties":{"tier":"regional"},"geometry":{"type":"LineString","coordinates":[[139.257752,-35.12693],[139.257586,-35.126837],[139.257461,-35.126769],[139.257383,-35.126735],[139.257309,-35.126721],[139.257229,-35.126716]]}},{"type":"Feature","properties":{"tier":"high"},"geometry":{"type":"LineString","coordinates":[[139.397301,-35.203117],[139.395381,-35.20234],[139.392685,-35.201208],[139.390113,-35.200151],[139.38985,-35.200042],[139.385411,-35.198161],[139.385154,-35.198053],[139.384708,-35.197866],[139.381533,-35.196556],[139.379068,-35.195522],[139.376294,-35.194397],[139.373745,-35.193306],[139.373595,-35.19324],[139.372462,-35.1927],[139.372303,-35.192621],[139.371645,-35.192277],[139.370754,-35.191703],[139.369932,-35.191173],[139.369274,-35.190749],[139.368006,-35.189931],[139.366576,-35.189009],[139.365883,-35.188563],[139.365177,-35.188108],[139.360939,-35.185376],[139.35979,-35.184623],[139.358974,-35.184028],[139.35798,-35.183209],[139.35747,-35.182706],[139.356975,-35.182192],[139.35653,-35.181662],[139.356158,-35.181192],[139.355258,-35.179993],[139.35435,-35.178796],[139.352752,-35.176684],[139.348899,-35.171606],[139.348123,-35.170566],[139.34649,-35.168397],[139.343189,-35.164025],[139.340808,-35.160874],[139.339276,-35.158845]]}},{"type":"Feature","properties":{"tier":"high"},"geometry":{"type":"LineString","coordinates":[[139.42297,-35.223572],[139.422787,-35.223744]]}},{"type":"Feature","properties":{"tier":"high"},"geometry":{"type":"LineString","coordinates":[[139.339637,-35.158659],[139.339276,-35.158845]]}},{"type":"Feature","properties":{"tier":"high"},"geometry":{"type":"LineString","coordinates":[[139.34649,-35.168397],[139.346873,-35.168215]]}},{"type":"Feature","properties":{"tier":"high"},"geometry":{"type":"LineString","coordinates":[[139.458642,-35.269427],[139.458805,-35.269401]]}},{"type":"Feature","properties":{"tier":"high"},"geometry":{"type":"LineString","coordinates":[[139.434079,-35.23222],[139.433791,-35.232411]]}},{"type":"Feature","properties":{"tier":"high"},"geometry":{"type":"LineString","coordinates":[[139.134517,-35.13904],[139.132826,-35.138681],[139.132246,-35.138633],[139.131862,-35.138705],[139.131472,-35.138836],[139.131154,-35.139035],[139.13093,-35.139178],[139.130732,-35.139291],[139.130506,-35.139389],[139.130199,-35.139463]]}},{"type":"Feature","properties":{"tier":"high"},"geometry":{"type":"LineString","coordinates":[[139.128108,-35.135143],[139.128173,-35.13514],[139.128234,-35.135142],[139.128297,-35.135148],[139.128365,-35.135162],[139.128412,-35.135197],[139.128457,-35.13523],[139.128503,-35.135277],[139.128537,-35.135339],[139.128553,-35.135394],[139.128551,-35.135596],[139.128565,-35.135762],[139.128613,-35.135945],[139.128689,-35.136108],[139.128789,-35.136257],[139.128901,-35.136387],[139.129133,-35.136571],[139.129537,-35.136823],[139.13019,-35.137173]]}},{"type":"Feature","properties":{"tier":"high"},"geometry":{"type":"LineString","coordinates":[[139.22144,-35.14604],[139.222861,-35.145445],[139.223374,-35.145229],[139.224258,-35.144891],[139.225071,-35.144603],[139.225582,-35.14436],[139.225924,-35.144156],[139.22618,-35.143963],[139.226421,-35.143732],[139.226601,-35.143492],[139.226669,-35.143361],[139.226754,-35.1432],[139.226866,-35.142922],[139.226936,-35.14261],[139.227073,-35.141979]]}},{"type":"Feature","properties":{"tier":"high"},"geometry":{"type":"LineString","coordinates":[[139.043322,-35.129436],[139.04207,-35.128989],[139.041325,-35.128747],[139.040882,-35.128622],[139.040168,-35.128518],[139.039564,-35.128548],[139.038774,-35.12869],[139.038358,-35.128767],[139.037934,-35.128798],[139.037429,-35.128779],[139.03689,-35.128685],[139.036632,-35.128597],[139.036222,-35.128417]]}},{"type":"Feature","properties":{"tier":"high"},"geometry":{"type":"LineString","coordinates":[[139.286519,-35.148685],[139.287311,-35.148618],[139.287538,-35.148628]]}},{"type":"Feature","properties":{"tier":"high"},"geometry":{"type":"LineString","coordinates":[[139.036255,-35.128351],[139.036651,-35.128536],[139.036905,-35.128599],[139.037517,-35.128703],[139.037771,-35.128717],[139.038109,-35.128706],[139.038365,-35.128675],[139.038639,-35.128606],[139.038822,-35.128538],[139.038976,-35.128418],[139.039105,-35.128271],[139.039174,-35.12813],[139.039191,-35.127976],[139.039174,-35.127808],[139.039114,-35.12766],[139.038994,-35.127513],[139.038882,-35.127407],[139.038741,-35.127277],[139.038539,-35.127127],[139.038135,-35.126881]]}},{"type":"Feature","properties":{"tier":"high"},"geometry":{"type":"LineString","coordinates":[[139.287383,-35.148689],[139.286741,-35.148743]]}},{"type":"Feature","properties":{"tier":"high"},"geometry":{"type":"LineString","coordinates":[[139.286366,-35.151689],[139.286069,-35.151696],[139.28534,-35.151711],[139.284909,-35.151685],[139.283297,-35.15148],[139.281226,-35.151375]]}},{"type":"Feature","properties":{"tier":"high"},"geometry":{"type":"LineString","coordinates":[[139.037787,-35.126308],[139.038748,-35.126799],[139.040613,-35.127724],[139.04164,-35.128278],[139.042566,-35.128743],[139.043237,-35.129064],[139.044103,-35.129439],[139.04506,-35.129762],[139.046297,-35.130142],[139.048449,-35.130611],[139.04965,-35.130772],[139.052394,-35.131037],[139.055457,-35.131378],[139.056754,-35.131551],[139.057756,-35.131712],[139.058118,-35.131779],[139.05945,-35.132057],[139.060688,-35.132373],[139.062393,-35.132897],[139.065682,-35.134101],[139.065957,-35.134192],[139.066911,-35.134474],[139.068006,-35.134692],[139.06908,-35.134783],[139.070156,-35.134784],[139.071006,-35.134734],[139.07184,-35.134629],[139.072649,-35.134496],[139.078219,-35.133127],[139.081849,-35.132297],[139.085992,-35.131408],[139.091239,-35.130459],[139.095253,-35.129813],[139.096475,-35.129646],[139.098004,-35.129487],[139.09971,-35.129388],[139.101239,-35.129328],[139.102629,-35.12934],[139.103982,-35.129371],[139.105509,-35.12944],[139.107377,-35.129616],[139.108202,-35.12974],[139.10897,-35.129852],[139.110716,-35.130121],[139.112198,-35.130416],[139.113545,-35.130769],[139.114863,-35.131138],[139.116248,-35.131543],[139.117804,-35.132091],[139.123345,-35.134359],[139.123597,-35.134464],[139.125428,-35.135247],[139.127984,-35.136339],[139.129454,-35.136898],[139.13019,-35.137173],[139.130916,-35.137445]]}},{"type":"Feature","properties":{"tier":"high"},"geometry":{"type":"LineString","coordinates":[[139.035219,-35.125286],[139.035739,-35.125484]]}},{"type":"Feature","properties":{"tier":"high"},"geometry":{"type":"LineString","coordinates":[[139.035568,-35.125736],[139.035071,-35.125541]]}},{"type":"Feature","properties":{"tier":"high"},"geometry":{"type":"LineString","coordinates":[[139.286726,-35.151162],[139.286219,-35.151202]]}},{"type":"Feature","properties":{"tier":"high"},"geometry":{"type":"LineString","coordinates":[[139.035071,-35.125541],[139.034856,-35.125466],[139.034123,-35.125213],[139.033843,-35.125118],[139.032313,-35.124641],[139.030573,-35.12413],[139.02873,-35.123719],[139.026278,-35.123158],[139.025989,-35.123084],[139.023617,-35.122385],[139.022221,-35.121933],[139.020849,-35.121483],[139.020598,-35.121391],[139.017927,-35.120361],[139.014326,-35.118639],[139.013525,-35.118222],[139.011472,-35.117334],[139.010341,-35.116943],[139.010089,-35.116863],[139.008961,-35.116515],[139.008081,-35.116278],[139.006857,-35.116012],[139.005758,-35.115817],[139.004653,-35.115664],[139.003421,-35.115531],[139.001949,-35.115437],[139.000607,-35.115423],[138.99998,-35.115433]]}},{"type":"Feature","properties":{"tier":"high"},"geometry":{"type":"LineString","coordinates":[[139.22801,-35.140535],[139.227907,-35.140645],[139.227735,-35.140877],[139.227612,-35.141117],[139.227526,-35.141315],[139.227456,-35.141563],[139.227416,-35.141855]]}},{"type":"Feature","properties":{"tier":"high"},"geometry":{"type":"LineString","coordinates":[[139.463348,-35.275663],[139.463086,-35.275527],[139.462541,-35.27524],[139.462417,-35.275167],[139.461683,-35.274634],[139.461351,-35.274327]]}},{"type":"Feature","properties":{"tier":"high"},"geometry":{"type":"LineString","coordinates":[[139.458549,-35.26841],[139.45854,-35.268309],[139.458519,-35.268072],[139.458501,-35.267879],[139.458492,-35.267813],[139.458415,-35.267354],[139.458402,-35.267287],[139.458396,-35.267257],[139.458282,-35.266688],[139.458267,-35.266626],[139.458135,-35.266206],[139.458095,-35.266061],[139.458091,-35.26605],[139.457698,-35.264645],[139.457687,-35.264605],[139.457194,-35.262843],[139.457191,-35.262835],[139.456782,-35.261371]]}},{"type":"Feature","properties":{"tier":"high"},"geometry":{"type":"LineString","coordinates":[[139.460108,-35.273028],[139.459926,-35.272765],[139.459813,-35.272596],[139.459688,-35.272412]]}},{"type":"Feature","properties":{"tier":"high"},"geometry":{"type":"LineString","coordinates":[[139.450217,-35.251264],[139.44885,-35.249639],[139.445777,-35.245955],[139.44509,-35.245141],[139.445083,-35.245133],[139.440935,-35.240214]]}},{"type":"Feature","properties":{"tier":"high"},"geometry":{"type":"LineString","coordinates":[[139.438175,-35.236605],[139.439461,-35.238112],[139.439809,-35.238529],[139.440517,-35.239412],[139.441111,-35.240138],[139.441599,-35.240735],[139.441992,-35.241214],[139.442397,-35.241705],[139.443184,-35.242655],[139.443735,-35.243314],[139.445882,-35.2459],[139.44897,-35.249579],[139.449776,-35.250539],[139.450457,-35.251358]]}},{"type":"Feature","properties":{"tier":"high"},"geometry":{"type":"LineString","coordinates":[[139.456881,-35.261263],[139.457023,-35.261768],[139.457326,-35.2628],[139.457757,-35.26427],[139.457802,-35.26443],[139.457907,-35.26481],[139.458196,-35.265836],[139.458244,-35.266016],[139.458248,-35.26603],[139.458334,-35.266353],[139.45845,-35.266833],[139.458539,-35.267261],[139.45855,-35.267322],[139.458625,-35.267808],[139.458632,-35.267868],[139.458642,-35.267958],[139.458683,-35.268349]]}},{"type":"Feature","properties":{"tier":"high"},"geometry":{"type":"LineString","coordinates":[[139.455668,-35.257907],[139.455599,-35.257759],[139.455436,-35.257516],[139.453613,-35.255324],[139.452986,-35.254579],[139.452423,-35.253893],[139.452244,-35.253686]]}},{"type":"Feature","properties":{"tier":"high"},"geometry":{"type":"LineString","coordinates":[[139.452443,-35.253741],[139.45248,-35.253784],[139.45267,-35.254015],[139.452855,-35.254237],[139.453097,-35.254511],[139.453373,-35.25484],[139.45374,-35.255281],[139.45449,-35.256175],[139.455202,-35.257033]]}},{"type":"Feature","properties":{"tier":"arterial"},"geometry":{"type":"LineString","coordinates":[[139.459688,-35.272412],[139.459631,-35.272473],[139.459543,-35.272581],[139.459414,-35.272736],[139.459317,-35.272858]]}},{"type":"Feature","properties":{"tier":"high"},"geometry":{"type":"LineString","coordinates":[[139.460108,-35.273028],[139.4599,-35.272832],[139.459858,-35.2728],[139.459835,-35.27278],[139.459803,-35.272759],[139.459754,-35.272741],[139.459714,-35.27273],[139.459663,-35.27272],[139.459619,-35.272717],[139.459583,-35.272718],[139.459528,-35.272724],[139.45946,-35.272741],[139.459317,-35.272858]]}},{"type":"Feature","properties":{"tier":"high"},"geometry":{"type":"LineString","coordinates":[[139.459169,-35.272845],[139.459343,-35.27248],[139.459381,-35.272304],[139.459386,-35.272187],[139.459373,-35.271997],[139.459326,-35.27179],[139.459287,-35.271652]]}},{"type":"Feature","properties":{"tier":"arterial"},"geometry":{"type":"LineString","coordinates":[[139.484674,-35.285976],[139.485116,-35.28644],[139.485187,-35.286493],[139.485257,-35.286543],[139.48533,-35.28659],[139.485403,-35.28662],[139.485495,-35.286653],[139.485589,-35.286674],[139.485695,-35.286688],[139.48583,-35.286691],[139.486062,-35.28669]]}},{"type":"Feature","properties":{"tier":"high"},"geometry":{"type":"LineString","coordinates":[[139.463348,-35.275663],[139.4638,-35.275903],[139.464256,-35.276111],[139.464755,-35.276319],[139.465189,-35.276472],[139.465725,-35.276634],[139.466189,-35.276757],[139.467813,-35.277093],[139.474956,-35.27847],[139.475494,-35.278582],[139.475934,-35.278678],[139.476314,-35.278777],[139.476655,-35.278879],[139.47695,-35.278972],[139.477258,-35.279083],[139.477523,-35.279182],[139.4778,-35.2793]]}},{"type":"Feature","properties":{"tier":"high"},"geometry":{"type":"LineString","coordinates":[[139.478418,-35.279584],[139.478705,-35.279725],[139.479026,-35.279901],[139.479398,-35.280119],[139.479763,-35.280357],[139.480083,-35.280582],[139.480356,-35.280793],[139.480684,-35.281051],[139.481035,-35.281366],[139.481379,-35.281693],[139.481711,-35.282043],[139.482003,-35.282403],[139.482566,-35.283214],[139.484059,-35.285161],[139.484674,-35.285976]]}},{"type":"Feature","properties":{"tier":"high"},"geometry":{"type":"LineString","coordinates":[[139.4778,-35.2793],[139.478108,-35.27943],[139.478418,-35.279584]]}},{"type":"Feature","properties":{"tier":"high"},"geometry":{"type":"LineString","coordinates":[[139.286778,-35.152226],[139.286631,-35.15203],[139.286588,-35.151956],[139.286366,-35.151689]]}},{"type":"Feature","properties":{"tier":"high"},"geometry":{"type":"LineString","coordinates":[[139.125428,-35.135247],[139.126199,-35.135468],[139.127169,-35.135721],[139.127457,-35.135768],[139.127746,-35.135761],[139.127874,-35.135731],[139.127947,-35.135694],[139.128013,-35.135638],[139.128055,-35.135584],[139.128083,-35.135519]]}},{"type":"Feature","properties":{"tier":"arterial"},"geometry":{"type":"LineString","coordinates":[[139.286422,-35.150724],[139.286402,-35.150661],[139.286363,-35.150613],[139.286325,-35.150579],[139.286274,-35.15054],[139.286228,-35.15051],[139.286032,-35.150431]]}},{"type":"Feature","properties":{"tier":"arterial"},"geometry":{"type":"LineString","coordinates":[[139.258195,-35.110093],[139.258321,-35.11014],[139.258369,-35.110151],[139.258436,-35.110153],[139.258521,-35.110138],[139.258668,-35.110098]]}},{"type":"Feature","properties":{"tier":"arterial"},"geometry":{"type":"LineString","coordinates":[[139.2737,-35.120015],[139.273681,-35.119996],[139.273647,-35.11996],[139.273517,-35.119832]]}},{"type":"Feature","properties":{"tier":"arterial"},"geometry":{"type":"LineString","coordinates":[[139.255147,-35.106543],[139.255255,-35.106842],[139.255335,-35.107063],[139.255462,-35.107362],[139.255625,-35.10767],[139.255783,-35.107944],[139.255969,-35.108195],[139.256186,-35.108463]]}},{"type":"Feature","properties":{"tier":"arterial"},"geometry":{"type":"LineString","coordinates":[[139.262259,-35.112197],[139.261724,-35.112049],[139.261419,-35.11195],[139.261086,-35.111818],[139.260585,-35.111609]]}},{"type":"Feature","properties":{"tier":"arterial"},"geometry":{"type":"LineString","coordinates":[[139.260295,-35.1114],[139.260633,-35.111544]]}},{"type":"Feature","properties":{"tier":"arterial"},"geometry":{"type":"LineString","coordinates":[[139.261299,-35.11183],[139.261841,-35.112035],[139.262259,-35.112197]]}},{"type":"Feature","properties":{"tier":"arterial"},"geometry":{"type":"LineString","coordinates":[[139.263874,-35.112689],[139.26361,-35.112604],[139.263282,-35.112505],[139.262828,-35.112371]]}},{"type":"Feature","properties":{"tier":"arterial"},"geometry":{"type":"LineString","coordinates":[[139.25871,-35.110469],[139.258897,-35.110596],[139.259159,-35.110769],[139.259256,-35.110833],[139.25968,-35.111082],[139.260227,-35.111369],[139.260295,-35.1114]]}},{"type":"Feature","properties":{"tier":"regional"},"geometry":{"type":"LineString","coordinates":[[139.279098,-35.128991],[139.27914,-35.128909],[139.279218,-35.128825],[139.279262,-35.12878],[139.27934,-35.128699]]}},{"type":"Feature","properties":{"tier":"regional"},"geometry":{"type":"LineString","coordinates":[[139.279406,-35.128753],[139.279334,-35.128822],[139.279322,-35.128832],[139.27927,-35.128876],[139.279203,-35.128939],[139.279098,-35.128991]]}},{"type":"Feature","properties":{"tier":"arterial"},"geometry":{"type":"LineString","coordinates":[[139.306983,-35.116],[139.306388,-35.115605],[139.305953,-35.115315],[139.305847,-35.115245],[139.30513,-35.114757],[139.304745,-35.114494],[139.304407,-35.114264],[139.304298,-35.11419],[139.3037,-35.11373],[139.303667,-35.113706],[139.303578,-35.113649],[139.30336,-35.113492],[139.303051,-35.113297],[139.302759,-35.113125],[139.30269,-35.113078]]}},{"type":"Feature","properties":{"tier":"arterial"},"geometry":{"type":"LineString","coordinates":[[139.286233,-35.148707],[139.286196,-35.148387],[139.286116,-35.147809]]}},{"type":"Feature","properties":{"tier":"arterial"},"geometry":{"type":"LineString","coordinates":[[139.286298,-35.148332],[139.286339,-35.1487],[139.286347,-35.148776],[139.286363,-35.148958]]}},{"type":"Feature","properties":{"tier":"arterial"},"geometry":{"type":"LineString","coordinates":[[139.279563,-35.1287],[139.279602,-35.128959]]}},{"type":"Feature","properties":{"tier":"arterial"},"geometry":{"type":"LineString","coordinates":[[139.279339,-35.128625],[139.279316,-35.128527],[139.279249,-35.128367]]}},{"type":"Feature","properties":{"tier":"arterial"},"geometry":{"type":"LineString","coordinates":[[139.279249,-35.128367],[139.279345,-35.128444],[139.279405,-35.128497],[139.279449,-35.128563]]}},{"type":"Feature","properties":{"tier":"arterial"},"geometry":{"type":"LineString","coordinates":[[139.279602,-35.128959],[139.279522,-35.128859],[139.279484,-35.128819],[139.279433,-35.128759]]}},{"type":"Feature","properties":{"tier":"arterial"},"geometry":{"type":"LineString","coordinates":[[139.286032,-35.150431],[139.286241,-35.150351],[139.286297,-35.150307],[139.286371,-35.150217]]}},{"type":"Feature","properties":{"tier":"high"},"geometry":{"type":"LineString","coordinates":[[139.328747,-35.148502],[139.328412,-35.148305],[139.328069,-35.148119],[139.328019,-35.14807],[139.327965,-35.148019],[139.327943,-35.147965],[139.327929,-35.147917],[139.327927,-35.147872],[139.327945,-35.147832]]}},{"type":"Feature","properties":{"tier":"arterial"},"geometry":{"type":"LineString","coordinates":[[139.279541,-35.128728],[139.27951,-35.128748],[139.279472,-35.128759],[139.279433,-35.128759],[139.279406,-35.128753],[139.279378,-35.12874],[139.279356,-35.128722],[139.27934,-35.128699],[139.279331,-35.128662],[139.279339,-35.128625],[139.279365,-35.128593],[139.279403,-35.128571],[139.279449,-35.128563],[139.279472,-35.128564],[139.279509,-35.128575],[139.27954,-35.128594],[139.279561,-35.128621],[139.279571,-35.128647],[139.279571,-35.128674],[139.279563,-35.1287],[139.279541,-35.128728]]}},{"type":"Feature","properties":{"tier":"arterial"},"geometry":{"type":"LineString","coordinates":[[139.273379,-35.120153],[139.273464,-35.120087],[139.273499,-35.120017],[139.273511,-35.119952],[139.273517,-35.119832]]}},{"type":"Feature","properties":{"tier":"regional"},"geometry":{"type":"LineString","coordinates":[[139.223968,-35.074142],[139.22384,-35.074209],[139.223761,-35.07423],[139.22369,-35.074238],[139.22361,-35.074235],[139.223541,-35.074223],[139.223472,-35.074206],[139.223415,-35.074187],[139.223315,-35.074148],[139.223125,-35.074048],[139.21885,-35.071945],[139.213731,-35.069344],[139.202527,-35.063665],[139.196941,-35.058768],[139.196864,-35.058736],[139.195324,-35.058107],[139.189066,-35.053444],[139.182381,-35.04826]]}},{"type":"Feature","properties":{"tier":"arterial"},"geometry":{"type":"LineString","coordinates":[[139.253497,-35.094912],[139.253637,-35.09489],[139.253697,-35.094875],[139.253742,-35.094851],[139.253798,-35.094812]]}},{"type":"Feature","properties":{"tier":"arterial"},"geometry":{"type":"LineString","coordinates":[[139.255231,-35.089967],[139.255908,-35.089324],[139.256175,-35.089071],[139.256861,-35.088419],[139.25704,-35.08825],[139.258761,-35.086621],[139.259086,-35.086313],[139.261277,-35.084241],[139.262638,-35.082955],[139.262699,-35.082889],[139.262831,-35.082745],[139.262998,-35.082531],[139.263127,-35.082334],[139.263243,-35.082103],[139.263315,-35.081936],[139.26337,-35.081774],[139.26341,-35.081607],[139.263444,-35.081424],[139.263642,-35.080247],[139.263975,-35.078286],[139.2643,-35.076354],[139.264599,-35.074592],[139.264924,-35.072663],[139.26527,-35.070612],[139.265593,-35.068733],[139.265624,-35.068514],[139.265645,-35.06833],[139.265651,-35.068127],[139.265656,-35.067889],[139.265635,-35.06668],[139.265576,-35.06495],[139.265551,-35.063441],[139.265532,-35.062901],[139.265543,-35.061925],[139.265511,-35.061065],[139.265451,-35.059415],[139.265434,-35.058947],[139.265389,-35.056821],[139.265377,-35.055997],[139.265363,-35.054975],[139.265345,-35.054663],[139.265336,-35.053932],[139.265334,-35.053494],[139.265331,-35.052849],[139.26532,-35.05239],[139.2653,-35.051343],[139.265302,-35.050947],[139.265269,-35.048815],[139.26524,-35.046745],[139.265212,-35.044749],[139.265189,-35.043032]]}},{"type":"Feature","properties":{"tier":"arterial"},"geometry":{"type":"LineString","coordinates":[[139.253592,-35.096263],[139.253595,-35.096587],[139.253594,-35.09662],[139.253599,-35.096648],[139.253675,-35.09718],[139.253963,-35.099206],[139.254094,-35.100087],[139.254159,-35.100528],[139.254378,-35.101988],[139.254588,-35.103378],[139.254659,-35.103863],[139.254719,-35.104273],[139.254757,-35.104531],[139.254853,-35.105136],[139.254949,-35.105682],[139.255006,-35.105934],[139.255147,-35.106543]]}},{"type":"Feature","properties":{"tier":"regional"},"geometry":{"type":"LineString","coordinates":[[139.204223,-35.034364],[139.203657,-35.034788],[139.203229,-35.03507],[139.202656,-35.03539],[139.202099,-35.035829],[139.201745,-35.036251],[139.20138,-35.036761],[139.201027,-35.037376],[139.200693,-35.037894],[139.200285,-35.038351],[139.199793,-35.038719],[139.19533,-35.041188],[139.187003,-35.045712],[139.186081,-35.04622]]}},{"type":"Feature","properties":{"tier":"arterial"},"geometry":{"type":"LineString","coordinates":[[139.195055,-35.020637],[139.194935,-35.020097]]}},{"type":"Feature","properties":{"tier":"arterial"},"geometry":{"type":"LineString","coordinates":[[139.218256,-35.053549],[139.218272,-35.053424]]}},{"type":"Feature","properties":{"tier":"arterial"},"geometry":{"type":"LineString","coordinates":[[139.253684,-35.095455],[139.253673,-35.095162],[139.253658,-35.095088],[139.253633,-35.095037],[139.253603,-35.094999],[139.253571,-35.094967],[139.253497,-35.094912]]}},{"type":"Feature","properties":{"tier":"arterial"},"geometry":{"type":"LineString","coordinates":[[139.218272,-35.053424],[139.218293,-35.053196],[139.218302,-35.05292],[139.218293,-35.052633],[139.218268,-35.052328],[139.218233,-35.051948],[139.218084,-35.050468],[139.217878,-35.048302],[139.217798,-35.047466],[139.217741,-35.047118],[139.217712,-35.046994],[139.217678,-35.046842],[139.217632,-35.046688],[139.217564,-35.046485],[139.217507,-35.046324],[139.217453,-35.046193],[139.217376,-35.046018],[139.217281,-35.045824],[139.217179,-35.04563],[139.21709,-35.045495],[139.216971,-35.045301],[139.216808,-35.045081],[139.216674,-35.044911],[139.216508,-35.044722],[139.216263,-35.044465],[139.215921,-35.044112],[139.214206,-35.04233],[139.212001,-35.040036],[139.209973,-35.037932],[139.209143,-35.037068],[139.208828,-35.036767],[139.208496,-35.036473],[139.208259,-35.036292],[139.208044,-35.036127],[139.207793,-35.035953],[139.207496,-35.035764],[139.207137,-35.035571],[139.206764,-35.035392],[139.206503,-35.035274],[139.206373,-35.035215],[139.205963,-35.035055],[139.205359,-35.034819],[139.204223,-35.034364]]}},{"type":"Feature","properties":{"tier":"arterial"},"geometry":{"type":"LineString","coordinates":[[139.194935,-35.020097],[139.194813,-35.019584],[139.194707,-35.019206],[139.194584,-35.018841],[139.194494,-35.01859],[139.194401,-35.018351],[139.194278,-35.018067],[139.194121,-35.01774],[139.19396,-35.017427],[139.193794,-35.017127],[139.193564,-35.016723],[139.192643,-35.015056],[139.192265,-35.014464],[139.191621,-35.013291],[139.19117,-35.012502],[139.190912,-35.012028],[139.190694,-35.01162],[139.190587,-35.011331],[139.190433,-35.011028],[139.190275,-35.010656],[139.190159,-35.010336],[139.19008,-35.010128],[139.189961,-35.009813],[139.189859,-35.009526],[139.189173,-35.007657],[139.188319,-35.005326],[139.187555,-35.003253],[139.1868,-35.001192],[139.186356,-34.99998]]}},{"type":"Feature","properties":{"tier":"regional"},"geometry":{"type":"LineString","coordinates":[[139.206503,-35.035274],[139.206539,-35.035007],[139.206621,-35.033983],[139.206881,-35.033141],[139.20754,-35.032502],[139.210163,-35.030822],[139.215947,-35.027361],[139.222809,-35.023214],[139.228698,-35.019619],[139.233148,-35.018526],[139.240955,-35.016624],[139.247443,-35.015054],[139.251854,-35.01396]]}},{"type":"Feature","properties":{"tier":"arterial"},"geometry":{"type":"LineString","coordinates":[[139.330264,-35.323921],[139.330675,-35.323918],[139.33243,-35.323956],[139.333512,-35.323972],[139.33392,-35.323993],[139.334307,-35.324028],[139.334892,-35.324095],[139.336029,-35.324243],[139.336253,-35.324272],[139.337232,-35.324401],[139.338084,-35.324514],[139.340993,-35.324894],[139.343893,-35.325264],[139.345076,-35.325412],[139.346375,-35.325582],[139.34645,-35.325592],[139.347607,-35.325736],[139.348939,-35.325905],[139.35071,-35.326131],[139.352088,-35.326316],[139.353643,-35.326512],[139.354849,-35.326664],[139.356085,-35.326823],[139.356417,-35.326868],[139.356801,-35.326933],[139.357065,-35.326986],[139.357419,-35.32708],[139.35764,-35.32715],[139.357909,-35.327238],[139.358468,-35.327458],[139.358997,-35.327667],[139.35999,-35.328051],[139.361581,-35.328681],[139.362238,-35.328941],[139.362916,-35.329209],[139.364214,-35.329716],[139.365549,-35.330245],[139.367087,-35.330853],[139.368806,-35.331527],[139.369322,-35.331728],[139.370065,-35.331991],[139.371242,-35.332414],[139.372238,-35.332784],[139.372642,-35.332918],[139.372902,-35.332993],[139.373129,-35.333052],[139.373196,-35.333064],[139.373405,-35.333098],[139.373701,-35.333144],[139.374023,-35.333179],[139.374329,-35.333195],[139.37445,-35.333196]]}},{"type":"Feature","properties":{"tier":"arterial"},"geometry":{"type":"LineString","coordinates":[[138.99998,-35.301152],[139.001953,-35.300944],[139.002922,-35.300844],[139.003672,-35.300767],[139.004168,-35.300713],[139.004605,-35.300657],[139.005378,-35.300557],[139.005999,-35.300466],[139.007712,-35.300214],[139.008661,-35.300079],[139.00951,-35.299959],[139.009728,-35.299921],[139.010085,-35.29986],[139.010555,-35.299758],[139.011091,-35.299618],[139.011515,-35.299489],[139.013622,-35.298762],[139.015111,-35.298263],[139.016437,-35.297802],[139.017961,-35.297271],[139.018569,-35.297072],[139.018819,-35.296994],[139.019122,-35.296925],[139.019476,-35.296852],[139.021114,-35.296571],[139.021492,-35.296506],[139.023357,-35.296188]]}},{"type":"Feature","properties":{"tier":"arterial"},"geometry":{"type":"LineString","coordinates":[[139.036929,-35.296273],[139.037039,-35.296267],[139.037134,-35.296258],[139.037228,-35.296241],[139.037308,-35.296219],[139.037396,-35.296193],[139.037494,-35.296154],[139.037796,-35.296034],[139.038424,-35.295792],[139.038572,-35.295746],[139.038695,-35.295705],[139.03881,-35.295675],[139.038895,-35.295657]]}},{"type":"Feature","properties":{"tier":"arterial"},"geometry":{"type":"LineString","coordinates":[[139.350465,-35.073939],[139.35143,-35.073065],[139.352382,-35.072176],[139.35631,-35.068462],[139.356556,-35.068227],[139.359967,-35.064974],[139.361265,-35.063735],[139.362474,-35.06258],[139.364757,-35.060399],[139.364903,-35.06026],[139.366971,-35.058262],[139.369853,-35.055528],[139.376678,-35.049053],[139.378793,-35.046959],[139.379964,-35.045427]]}},{"type":"Feature","properties":{"tier":"arterial"},"geometry":{"type":"LineString","coordinates":[[139.289178,-35.1544],[139.288303,-35.153841],[139.28796,-35.153607],[139.287672,-35.153393],[139.287284,-35.153028],[139.286932,-35.152564],[139.286778,-35.152226],[139.286692,-35.152037]]}},{"type":"Feature","properties":{"tier":"arterial"},"geometry":{"type":"LineString","coordinates":[[139.45328,-35.256204],[139.453376,-35.256116],[139.453477,-35.256048],[139.453604,-35.256017],[139.453704,-35.256046],[139.45384,-35.256207],[139.453995,-35.25642],[139.454169,-35.256629],[139.454484,-35.256935],[139.454907,-35.257337],[139.4551,-35.257561],[139.455264,-35.257852],[139.455389,-35.257942],[139.455527,-35.257958],[139.455605,-35.25793],[139.455668,-35.257907]]}},{"type":"Feature","properties":{"tier":"high"},"geometry":{"type":"LineString","coordinates":[[139.45579,-35.257846],[139.455668,-35.257907]]}},{"type":"Feature","properties":{"tier":"arterial"},"geometry":{"type":"LineString","coordinates":[[139.439533,-35.266365],[139.439556,-35.266092],[139.43957,-35.266014],[139.439597,-35.265893],[139.439634,-35.26579],[139.439678,-35.2657],[139.439729,-35.265588],[139.439791,-35.265479],[139.439947,-35.265306],[139.440274,-35.264962],[139.440383,-35.264863],[139.440467,-35.26479],[139.440662,-35.264643],[139.440712,-35.264613],[139.440873,-35.264522],[139.441016,-35.264444],[139.442108,-35.263935],[139.443188,-35.263428],[139.447131,-35.261607],[139.450976,-35.259837]]}},{"type":"Feature","properties":{"tier":"regional"},"geometry":{"type":"LineString","coordinates":[[139.454759,-35.243058],[139.454929,-35.246917],[139.455016,-35.248626],[139.455048,-35.249074],[139.455078,-35.249543],[139.455077,-35.249657],[139.455076,-35.24972],[139.455084,-35.249831],[139.4551,-35.250077],[139.455144,-35.250271],[139.455324,-35.250624],[139.455635,-35.251193],[139.455678,-35.251271]]}},{"type":"Feature","properties":{"tier":"regional"},"geometry":{"type":"LineString","coordinates":[[139.45343,-35.252929],[139.45426,-35.2538],[139.454296,-35.253839],[139.454889,-35.254483],[139.45523,-35.254854],[139.455621,-35.255264],[139.456048,-35.255711],[139.456053,-35.255717],[139.456222,-35.255899],[139.457086,-35.256845],[139.457217,-35.25697],[139.457886,-35.257693]]}},{"type":"Feature","properties":{"tier":"regional"},"geometry":{"type":"LineString","coordinates":[[139.458702,-35.258524],[139.458725,-35.258483],[139.458763,-35.258449],[139.458807,-35.258428],[139.458857,-35.258417],[139.458909,-35.258419],[139.458958,-35.258432],[139.459008,-35.258462],[139.459037,-35.258496],[139.459043,-35.258503],[139.459059,-35.258552],[139.459054,-35.258602],[139.459029,-35.258648],[139.458987,-35.258684],[139.45895,-35.2587],[139.458933,-35.258707],[139.458873,-35.258714],[139.458813,-35.258705],[139.458761,-35.25868],[139.458726,-35.258649],[139.458704,-35.258611],[139.458695,-35.258569],[139.458702,-35.258524]]}},{"type":"Feature","properties":{"tier":"regional"},"geometry":{"type":"LineString","coordinates":[[139.128015,-35.136663],[139.128052,-35.136136]]}},{"type":"Feature","properties":{"tier":"regional"},"geometry":{"type":"LineString","coordinates":[[139.128162,-35.134341],[139.128217,-35.133526],[139.128254,-35.132973],[139.128317,-35.132179],[139.128349,-35.131704],[139.1284,-35.130954],[139.128459,-35.130191],[139.12848,-35.129906]]}},{"type":"Feature","properties":{"tier":"high"},"geometry":{"type":"LineString","coordinates":[[139.286179,-35.150972],[139.286686,-35.150883]]}},{"type":"Feature","properties":{"tier":"high"},"geometry":{"type":"LineString","coordinates":[[139.286703,-35.150934],[139.288795,-35.150712],[139.288979,-35.150691],[139.290721,-35.150461],[139.293238,-35.150075]]}},{"type":"Feature","properties":{"tier":"arterial"},"geometry":{"type":"LineString","coordinates":[[139.274424,-35.11973],[139.274358,-35.119656]]}},{"type":"Feature","properties":{"tier":"high"},"geometry":{"type":"LineString","coordinates":[[139.286298,-35.148332],[139.286397,-35.148547],[139.28644,-35.14861],[139.286519,-35.148685]]}},{"type":"Feature","properties":{"tier":"high"},"geometry":{"type":"LineString","coordinates":[[139.286741,-35.148743],[139.286507,-35.148849],[139.286441,-35.148888],[139.286409,-35.148916],[139.286363,-35.148958]]}},{"type":"Feature","properties":{"tier":"high"},"geometry":{"type":"LineString","coordinates":[[139.327945,-35.147832],[139.327885,-35.147894],[139.327836,-35.147906],[139.327749,-35.147911],[139.327637,-35.147908],[139.327454,-35.147869],[139.326489,-35.147517]]}},{"type":"Feature","properties":{"tier":"arterial"},"geometry":{"type":"LineString","coordinates":[[139.042983,-35.108175],[139.044176,-35.108193]]}},{"type":"Feature","properties":{"tier":"arterial"},"geometry":{"type":"LineString","coordinates":[[139.044176,-35.108193],[139.044787,-35.108211],[139.045279,-35.108249],[139.046226,-35.108389],[139.046817,-35.108518],[139.046954,-35.108556],[139.04734,-35.108664],[139.047828,-35.108809]]}},{"type":"Feature","properties":{"tier":"arterial"},"geometry":{"type":"LineString","coordinates":[[139.039284,-35.295633],[139.039416,-35.29564],[139.039522,-35.295651],[139.039646,-35.295676],[139.039798,-35.295719],[139.039907,-35.295754],[139.040008,-35.295793],[139.040097,-35.295831],[139.040212,-35.295888],[139.040304,-35.295942],[139.040376,-35.295986],[139.040463,-35.29604],[139.040562,-35.296101],[139.040651,-35.296153],[139.040698,-35.296182],[139.040856,-35.296294],[139.041005,-35.296418],[139.041266,-35.296623],[139.041542,-35.296834],[139.041817,-35.297054],[139.042077,-35.297272],[139.042341,-35.297487],[139.042479,-35.297617],[139.042604,-35.297759],[139.042642,-35.297804],[139.042698,-35.29787],[139.042751,-35.297961],[139.042781,-35.298026],[139.042822,-35.298115],[139.042863,-35.298219],[139.042893,-35.298316],[139.042926,-35.298423],[139.04302,-35.298761],[139.043107,-35.299113],[139.043177,-35.299457],[139.043241,-35.299738],[139.043289,-35.299955],[139.043324,-35.30006],[139.043367,-35.300206],[139.043476,-35.300443],[139.043574,-35.300633],[139.043679,-35.300838]]}},{"type":"Feature","properties":{"tier":"arterial"},"geometry":{"type":"LineString","coordinates":[[139.038895,-35.295657],[139.039026,-35.295637],[139.039158,-35.295631],[139.039284,-35.295633]]}},{"type":"Feature","properties":{"tier":"arterial"},"geometry":{"type":"LineString","coordinates":[[139.03752,-35.125839],[139.037073,-35.126589]]}},{"type":"Feature","properties":{"tier":"arterial"},"geometry":{"type":"LineString","coordinates":[[139.037073,-35.126589],[139.036919,-35.126847],[139.036412,-35.12775],[139.036195,-35.128109]]}},{"type":"Feature","properties":{"tier":"arterial"},"geometry":{"type":"LineString","coordinates":[[139.028826,-35.138972],[139.028373,-35.139822]]}},{"type":"Feature","properties":{"tier":"arterial"},"geometry":{"type":"LineString","coordinates":[[139.028373,-35.139822],[139.028058,-35.140402],[139.027918,-35.140689],[139.027774,-35.141027],[139.027598,-35.141468],[139.027491,-35.141742],[139.027278,-35.142301],[139.027152,-35.142603],[139.02708,-35.142807],[139.027027,-35.14298],[139.027009,-35.143039],[139.026977,-35.143145],[139.026921,-35.143364],[139.026753,-35.144044],[139.026605,-35.14467],[139.026538,-35.144953],[139.026463,-35.145269],[139.026355,-35.145716],[139.026307,-35.145913],[139.026184,-35.146443],[139.026165,-35.146521],[139.026151,-35.146584],[139.026057,-35.146956],[139.025933,-35.147476],[139.025763,-35.148191],[139.025676,-35.148573],[139.02558,-35.148913],[139.025524,-35.149113],[139.025448,-35.149296],[139.025348,-35.149533],[139.025022,-35.150358],[139.024626,-35.151315],[139.024407,-35.151867],[139.024314,-35.152082],[139.024147,-35.152438],[139.024039,-35.152604],[139.023899,-35.152794],[139.023752,-35.15298],[139.023619,-35.15313],[139.02352,-35.153236],[139.023231,-35.153486],[139.022933,-35.153749],[139.022608,-35.154052],[139.02214,-35.154466],[139.02196,-35.154669],[139.02183,-35.154823]]}},{"type":"Feature","properties":{"tier":"regional"},"geometry":{"type":"LineString","coordinates":[[139.129229,-35.117889],[139.129256,-35.117569],[139.129529,-35.114669],[139.129722,-35.110851],[139.129886,-35.107767],[139.129933,-35.107038],[139.130017,-35.105652],[139.130065,-35.104847]]}},{"type":"Feature","properties":{"tier":"regional"},"geometry":{"type":"LineString","coordinates":[[139.182381,-35.04826],[139.168421,-35.055856],[139.157174,-35.061927],[139.156239,-35.062424],[139.150676,-35.065455],[139.148594,-35.066588],[139.14109,-35.070667],[139.133041,-35.075005],[139.132712,-35.075297]]}},{"type":"Feature","properties":{"tier":"regional"},"geometry":{"type":"LineString","coordinates":[[139.36748,-35.50002],[139.363946,-35.498839],[139.361006,-35.497819],[139.360581,-35.49771],[139.360161,-35.49762],[139.359725,-35.497559],[139.356394,-35.49708],[139.355812,-35.497018],[139.354699,-35.496928],[139.353977,-35.496852],[139.353314,-35.496738],[139.352848,-35.496625],[139.352458,-35.496506],[139.351998,-35.496336],[139.347945,-35.494738],[139.345598,-35.49387],[139.345051,-35.493738],[139.344544,-35.493648],[139.34391,-35.493591],[139.343269,-35.49361],[139.342768,-35.493638],[139.342244,-35.493723],[139.341732,-35.493856],[139.340006,-35.49431],[139.337367,-35.495003],[139.336753,-35.495165],[139.336311,-35.495269],[139.335816,-35.495354],[139.335344,-35.495387],[139.334849,-35.495387],[139.334383,-35.49534],[139.333877,-35.495259],[139.333504,-35.495146],[139.333085,-35.495008],[139.332677,-35.494837],[139.332165,-35.494567],[139.331565,-35.494197],[139.330435,-35.493534],[139.330022,-35.49332],[139.329655,-35.493183],[139.32923,-35.493069],[139.324391,-35.492077],[139.318985,-35.490937],[139.318626,-35.490837],[139.318223,-35.490696],[139.317861,-35.490569],[139.315209,-35.48964],[139.309686,-35.487679],[139.305681,-35.486257],[139.302923,-35.485268],[139.302597,-35.485161],[139.302293,-35.485087],[139.301864,-35.485013],[139.296483,-35.484192],[139.296187,-35.484169],[139.296018,-35.484169],[139.295754,-35.484189],[139.295083,-35.484276],[139.293374,-35.48446],[139.290863,-35.484765],[139.289866,-35.484869],[139.28824,-35.485074],[139.286819,-35.485228],[139.284262,-35.485526],[139.279799,-35.486043],[139.279348,-35.486097],[139.279168,-35.486109],[139.27795,-35.486128],[139.27759,-35.486143],[139.277273,-35.48619],[139.276769,-35.486319],[139.275884,-35.486562],[139.273224,-35.487244],[139.270976,-35.487833],[139.270591,-35.487967],[139.270128,-35.488144],[139.269827,-35.488297],[139.269398,-35.488523],[139.268939,-35.488818],[139.268417,-35.489213],[139.266465,-35.490749],[139.26581,-35.491265],[139.262406,-35.493941],[139.262336,-35.493991],[139.261887,-35.494317],[139.261404,-35.494633],[139.260885,-35.494909],[139.260429,-35.495116],[139.259954,-35.495294],[139.259401,-35.49546],[139.259002,-35.49555],[139.258597,-35.495621],[139.258131,-35.495678],[139.255947,-35.495931],[139.255307,-35.496006],[139.251072,-35.496507],[139.249819,-35.496657],[139.249206,-35.496737],[139.248814,-35.496824],[139.248345,-35.49696],[139.247728,-35.497143],[139.24615,-35.497582],[139.24414,-35.498188],[139.243758,-35.498283],[139.243306,-35.498362],[139.2429,-35.498419],[139.242418,-35.498463],[139.240807,-35.498578],[139.240013,-35.49861],[139.239436,-35.498619],[139.23881,-35.498605],[139.237671,-35.498605],[139.236518,-35.498608],[139.236153,-35.498621],[139.235701,-35.498651],[139.235121,-35.498706],[139.234619,-35.498766],[139.234066,-35.498867],[139.232655,-35.499164],[139.229895,-35.499781],[139.228826,-35.50002]]}},{"type":"Feature","properties":{"tier":"regional"},"geometry":{"type":"LineString","coordinates":[[139.303563,-35.049599],[139.298364,-35.054495],[139.297203,-35.055574],[139.29681,-35.055832],[139.296475,-35.056014],[139.296014,-35.056199]]}},{"type":"Feature","properties":{"tier":"regional"},"geometry":{"type":"LineString","coordinates":[[139.251429,-35.321195],[139.251503,-35.321061],[139.252788,-35.318226],[139.253599,-35.316072],[139.254766,-35.312925],[139.255141,-35.312038],[139.256938,-35.30965],[139.257032,-35.309273],[139.256907,-35.306354],[139.256639,-35.303477],[139.256009,-35.289291],[139.255565,-35.288313],[139.255072,-35.287228],[139.254848,-35.284196],[139.253805,-35.271349],[139.253727,-35.270377],[139.253845,-35.270026],[139.254062,-35.269585],[139.256434,-35.264756],[139.25689,-35.263844],[139.257685,-35.262257],[139.258458,-35.261492],[139.262877,-35.257588],[139.26542,-35.255318],[139.2664,-35.254136],[139.26829,-35.251739],[139.269427,-35.250298],[139.273527,-35.245011],[139.277197,-35.240393],[139.277596,-35.239517],[139.278237,-35.236688],[139.27827,-35.23654],[139.280143,-35.2277],[139.280417,-35.227119],[139.283625,-35.221541],[139.285685,-35.217921],[139.286222,-35.217013],[139.286729,-35.215785],[139.28696,-35.215423],[139.287318,-35.215026],[139.287529,-35.214841],[139.287873,-35.214562],[139.28845,-35.214111],[139.29054,-35.212424],[139.290865,-35.212067],[139.291514,-35.210966],[139.291651,-35.21066],[139.292937,-35.203482],[139.293294,-35.201408],[139.293415,-35.200708],[139.293509,-35.200102],[139.294185,-35.196126],[139.295134,-35.19075],[139.296182,-35.187547],[139.296844,-35.185211],[139.297019,-35.183935],[139.296955,-35.182954],[139.296794,-35.182058],[139.296357,-35.18115],[139.295945,-35.180334],[139.29582,-35.179896],[139.29587,-35.179671],[139.29602,-35.179477],[139.296207,-35.179304],[139.296507,-35.179161],[139.296711,-35.179103],[139.296893,-35.179083]]}},{"type":"Feature","properties":{"tier":"arterial"},"geometry":{"type":"LineString","coordinates":[[139.438932,-35.265968],[139.439033,-35.265943],[139.439092,-35.265924],[139.43921,-35.265886],[139.439305,-35.265842],[139.439401,-35.265791],[139.4395,-35.265728],[139.439572,-35.265676],[139.439675,-35.265589],[139.439791,-35.265479]]}},{"type":"Feature","properties":{"tier":"regional"},"geometry":{"type":"LineString","coordinates":[[139.127918,-35.138148],[139.128003,-35.136831]]}},{"type":"Feature","properties":{"tier":"regional"},"geometry":{"type":"LineString","coordinates":[[139.296014,-35.056199],[139.295338,-35.05635],[139.294982,-35.056379],[139.293876,-35.056372],[139.289928,-35.056034],[139.288205,-35.055844],[139.285118,-35.05558],[139.284577,-35.055523],[139.282253,-35.055848],[139.280922,-35.056013],[139.275088,-35.056033],[139.274644,-35.056034],[139.273393,-35.056036],[139.270089,-35.055998],[139.269737,-35.05604],[139.265377,-35.055997]]}},{"type":"Feature","properties":{"tier":"arterial"},"geometry":{"type":"LineString","coordinates":[[139.302606,-35.327359],[139.30538,-35.327032],[139.30575,-35.326991],[139.308007,-35.326745],[139.308816,-35.326656],[139.309249,-35.326608],[139.310972,-35.326418],[139.312375,-35.326259],[139.314141,-35.326104],[139.315472,-35.325978],[139.316366,-35.325887],[139.317007,-35.325798],[139.317517,-35.325723],[139.319591,-35.325423],[139.321047,-35.325216],[139.322825,-35.324969],[139.323147,-35.324916],[139.323696,-35.324841],[139.324387,-35.324736],[139.325734,-35.324535],[139.326532,-35.32442],[139.327217,-35.32432],[139.328404,-35.324146],[139.328788,-35.324087],[139.32963,-35.323977],[139.329873,-35.323945],[139.330041,-35.323934],[139.330264,-35.323921]]}},{"type":"Feature","properties":{"tier":"arterial"},"geometry":{"type":"LineString","coordinates":[[139.297169,-35.328021],[139.298444,-35.327842],[139.299105,-35.327753],[139.299723,-35.327686],[139.302606,-35.327359]]}},{"type":"Feature","properties":{"tier":"arterial"},"geometry":{"type":"LineString","coordinates":[[139.43322,-35.276438],[139.433318,-35.276242],[139.433813,-35.275004],[139.434104,-35.274352],[139.434199,-35.274155],[139.434336,-35.273946],[139.434559,-35.273712],[139.435154,-35.273128],[139.43582,-35.272447],[139.435964,-35.272253],[139.43604,-35.272096],[139.436091,-35.27192],[139.436258,-35.271297],[139.436339,-35.271072],[139.436425,-35.270902],[139.436548,-35.270716],[139.436981,-35.270172],[139.439337,-35.267314],[139.43939,-35.267243],[139.439423,-35.267192],[139.439472,-35.267102],[139.439494,-35.26703],[139.439516,-35.266918],[139.439523,-35.266796],[139.439533,-35.266365]]}},{"type":"Feature","properties":{"tier":"arterial"},"geometry":{"type":"LineString","coordinates":[[139.436273,-35.26367],[139.43499,-35.262103],[139.434011,-35.260897],[139.432946,-35.259587],[139.43165,-35.25801],[139.430709,-35.256838],[139.4297,-35.255596],[139.429161,-35.254961],[139.428888,-35.254685],[139.428758,-35.254596],[139.427089,-35.2535],[139.426138,-35.252887],[139.425371,-35.252346],[139.424867,-35.251954],[139.422855,-35.250401],[139.421495,-35.24935],[139.420785,-35.248841],[139.417821,-35.24699],[139.412325,-35.243568],[139.407639,-35.240646],[139.406745,-35.240094],[139.405947,-35.239602],[139.404694,-35.238826],[139.403932,-35.238473],[139.400871,-35.237147],[139.398927,-35.236296],[139.397238,-35.235557],[139.396631,-35.235273],[139.39621,-35.234999],[139.396065,-35.234869],[139.395923,-35.234742],[139.395585,-35.234365],[139.393695,-35.230994],[139.39308,-35.230361],[139.391939,-35.229604],[139.388878,-35.22766],[139.384175,-35.224689],[139.382789,-35.223044],[139.382758,-35.223006],[139.381884,-35.222089],[139.380815,-35.221415],[139.380788,-35.221397],[139.378951,-35.22042],[139.378898,-35.220392],[139.37461,-35.218929],[139.373514,-35.218324],[139.371482,-35.217144],[139.368727,-35.215797],[139.367337,-35.215134],[139.365224,-35.214632],[139.364271,-35.214246],[139.364262,-35.214241],[139.363094,-35.213627],[139.361231,-35.212535],[139.360464,-35.211661],[139.36001,-35.210889],[139.359332,-35.210095],[139.358619,-35.20949],[139.352353,-35.204261],[139.348448,-35.20145],[139.347931,-35.20109],[139.347405,-35.20073],[139.347002,-35.200493],[139.341647,-35.198521],[139.338322,-35.19729],[139.337895,-35.197152],[139.335819,-35.196601],[139.335755,-35.196584],[139.332927,-35.195864],[139.331013,-35.19536],[139.329507,-35.194789],[139.328614,-35.194465],[139.326412,-35.193664],[139.325944,-35.19348],[139.32542,-35.193283],[139.323391,-35.192367],[139.322761,-35.192092],[139.322624,-35.192029],[139.316857,-35.189903],[139.310522,-35.187351],[139.306261,-35.184508],[139.304281,-35.183497],[139.304025,-35.183367],[139.303636,-35.183207],[139.30327,-35.1831],[139.302882,-35.183019],[139.302679,-35.182997],[139.299697,-35.182949],[139.298396,-35.182658],[139.297469,-35.18193],[139.297095,-35.181114],[139.296893,-35.179083],[139.296819,-35.178337],[139.296663,-35.175779],[139.296613,-35.175235],[139.296584,-35.174484],[139.296692,-35.172783],[139.296861,-35.169969],[139.296861,-35.169735],[139.29685,-35.169363],[139.296712,-35.168846],[139.296605,-35.16861],[139.296412,-35.168273],[139.296057,-35.167711],[139.29508,-35.166243],[139.2945,-35.163666],[139.294059,-35.161688],[139.293591,-35.159731],[139.293056,-35.157574],[139.292583,-35.156899],[139.289279,-35.154478],[139.289178,-35.1544]]}},{"type":"Feature","properties":{"tier":"arterial"},"geometry":{"type":"LineString","coordinates":[[139.450976,-35.259837],[139.451139,-35.259748],[139.451289,-35.259633],[139.451398,-35.259493],[139.451487,-35.259346],[139.45152,-35.259159],[139.451504,-35.258952],[139.451454,-35.258736],[139.451283,-35.25837],[139.451247,-35.258251],[139.451248,-35.258124],[139.451316,-35.258005],[139.451447,-35.257877],[139.451475,-35.257852],[139.451562,-35.257775]]}},{"type":"Feature","properties":{"tier":"arterial"},"geometry":{"type":"LineString","coordinates":[[139.383898,-35.331918],[139.384351,-35.331811],[139.384489,-35.331768],[139.384565,-35.33173],[139.384621,-35.331693],[139.384881,-35.331454]]}},{"type":"Feature","properties":{"tier":"high"},"geometry":{"type":"LineString","coordinates":[[139.411539,-35.215575],[139.411866,-35.215372]]}},{"type":"Feature","properties":{"tier":"high"},"geometry":{"type":"LineString","coordinates":[[139.381533,-35.196556],[139.381705,-35.196245]]}},{"type":"Feature","properties":{"tier":"arterial"},"geometry":{"type":"LineString","coordinates":[[139.326006,-35.134482],[139.325947,-35.134335],[139.325797,-35.133961],[139.3257,-35.133718],[139.325372,-35.1329],[139.325037,-35.132077],[139.324818,-35.131528],[139.324639,-35.131083],[139.324492,-35.13072],[139.324405,-35.130505],[139.324121,-35.129966],[139.323971,-35.129579],[139.323797,-35.129183],[139.323693,-35.128982],[139.323616,-35.128847],[139.323546,-35.128713],[139.323346,-35.12845],[139.323269,-35.128283],[139.323184,-35.128194],[139.322972,-35.127953],[139.322845,-35.127797],[139.322624,-35.127587],[139.322457,-35.127435],[139.322266,-35.127252],[139.321653,-35.126795],[139.320963,-35.126329],[139.320346,-35.125884],[139.320275,-35.125832],[139.319707,-35.125422],[139.319132,-35.125019],[139.318428,-35.124513],[139.317822,-35.124099],[139.317138,-35.123635],[139.316188,-35.122918],[139.315003,-35.122095],[139.314247,-35.121547],[139.313535,-35.121045],[139.31257,-35.120356],[139.312052,-35.119988],[139.31125,-35.119428],[139.310811,-35.119113],[139.310647,-35.118982],[139.310409,-35.1188],[139.309925,-35.118386],[139.309435,-35.117891],[139.309417,-35.11788],[139.309389,-35.117854],[139.309006,-35.117501],[139.30888,-35.117398],[139.308395,-35.117022]]}},{"type":"Feature","properties":{"tier":"high"},"geometry":{"type":"LineString","coordinates":[[139.326017,-35.147091],[139.326584,-35.147256],[139.326989,-35.147379],[139.32739,-35.147452],[139.327757,-35.14744],[139.328049,-35.147338],[139.32828,-35.147167]]}},{"type":"Feature","properties":{"tier":"high"},"geometry":{"type":"LineString","coordinates":[[139.328431,-35.147249],[139.328424,-35.147287],[139.328385,-35.147501],[139.328463,-35.147819],[139.328603,-35.147986],[139.328936,-35.148243],[139.329194,-35.148379],[139.329875,-35.148799]]}},{"type":"Feature","properties":{"tier":"regional"},"geometry":{"type":"LineString","coordinates":[[139.046954,-35.108556],[139.0471,-35.108194],[139.047388,-35.108017],[139.047735,-35.107959],[139.047911,-35.107929],[139.04836,-35.107731],[139.048599,-35.107454],[139.04931,-35.106317],[139.050179,-35.104848],[139.050289,-35.104462],[139.050289,-35.104268],[139.050289,-35.102543],[139.050282,-35.101912]]}},{"type":"Feature","properties":{"tier":"regional"},"geometry":{"type":"LineString","coordinates":[[139.255329,-35.109258],[139.256132,-35.108514],[139.256186,-35.108463]]}},{"type":"Feature","properties":{"tier":"regional"},"geometry":{"type":"LineString","coordinates":[[139.252739,-35.111687],[139.252973,-35.111488],[139.253488,-35.110997],[139.254035,-35.110456]]}},{"type":"Feature","properties":{"tier":"regional"},"geometry":{"type":"LineString","coordinates":[[139.130116,-35.104048],[139.130171,-35.103095],[139.130248,-35.101863],[139.130508,-35.097867],[139.130734,-35.094533],[139.130824,-35.093094],[139.13093,-35.091663],[139.131135,-35.08827],[139.131403,-35.083976],[139.131473,-35.082947],[139.131576,-35.081463],[139.131725,-35.07911],[139.131828,-35.07756]]}},{"type":"Feature","properties":{"tier":"regional"},"geometry":{"type":"LineString","coordinates":[[139.130065,-35.104847],[139.130116,-35.104048]]}},{"type":"Feature","properties":{"tier":"arterial"},"geometry":{"type":"LineString","coordinates":[[139.296473,-35.112354],[139.296134,-35.112378],[139.295925,-35.112402],[139.295631,-35.11244],[139.294889,-35.112514],[139.294344,-35.112599],[139.293771,-35.112669],[139.293264,-35.112721],[139.2926,-35.112745],[139.291762,-35.112781],[139.291368,-35.112784],[139.291023,-35.112786],[139.29071,-35.112789],[139.29063,-35.112789],[139.29047,-35.112791],[139.289677,-35.112819],[139.2895,-35.112821],[139.288321,-35.112853],[139.288119,-35.112846],[139.287722,-35.112816],[139.287401,-35.112776],[139.287088,-35.112702],[139.286864,-35.112639],[139.286497,-35.112514],[139.286142,-35.112385],[139.286102,-35.112372],[139.285755,-35.112259],[139.285407,-35.112117]]}},{"type":"Feature","properties":{"tier":"regional"},"geometry":{"type":"LineString","coordinates":[[139.276563,-35.145416],[139.277888,-35.146373],[139.278833,-35.147056],[139.279713,-35.147691],[139.280991,-35.148614],[139.2819,-35.149248]]}},{"type":"Feature","properties":{"tier":"regional"},"geometry":{"type":"LineString","coordinates":[[139.259968,-35.129629],[139.259267,-35.128762],[139.258897,-35.128307],[139.258817,-35.128207],[139.25868,-35.128043],[139.258526,-35.127856],[139.258145,-35.12741],[139.258056,-35.127301],[139.257752,-35.12693],[139.257697,-35.12686],[139.257577,-35.126714],[139.257559,-35.126693],[139.257493,-35.126613]]}},{"type":"Feature","properties":{"tier":"high"},"geometry":{"type":"LineString","coordinates":[[139.496539,-35.300476],[139.499543,-35.303775],[139.50002,-35.304299]]}},{"type":"Feature","properties":{"tier":"high"},"geometry":{"type":"LineString","coordinates":[[139.485361,-35.286939],[139.486578,-35.288537],[139.486669,-35.288652],[139.487028,-35.289105],[139.487387,-35.28956],[139.491837,-35.294832],[139.496539,-35.300476]]}},{"type":"Feature","properties":{"tier":"high"},"geometry":{"type":"LineString","coordinates":[[139.46063,-35.273457],[139.460991,-35.273875],[139.461329,-35.274203],[139.461682,-35.274508],[139.461778,-35.274582]]}},{"type":"Feature","properties":{"tier":"high"},"geometry":{"type":"LineString","coordinates":[[139.461351,-35.274327],[139.461025,-35.274023],[139.46071,-35.273699],[139.460358,-35.273296],[139.460273,-35.273192],[139.460108,-35.273028]]}},{"type":"Feature","properties":{"tier":"high"},"geometry":{"type":"LineString","coordinates":[[139.459287,-35.271652],[139.459183,-35.271368],[139.459016,-35.270993],[139.458996,-35.270929],[139.458888,-35.270582],[139.458684,-35.269702],[139.458642,-35.269427],[139.458592,-35.26911],[139.458585,-35.269043],[139.458549,-35.26841]]}},{"type":"Feature","properties":{"tier":"arterial"},"geometry":{"type":"LineString","coordinates":[[139.260633,-35.111544],[139.260821,-35.111635],[139.261299,-35.11183]]}},{"type":"Feature","properties":{"tier":"arterial"},"geometry":{"type":"LineString","coordinates":[[139.260585,-35.111609],[139.260284,-35.111472],[139.259913,-35.11129],[139.259508,-35.111068],[139.259144,-35.110854],[139.259095,-35.110822],[139.258803,-35.11063],[139.25845,-35.110382],[139.258377,-35.110328],[139.258065,-35.110093],[139.257517,-35.109682],[139.257061,-35.109339],[139.256649,-35.10902],[139.256444,-35.108842],[139.256305,-35.108703],[139.256132,-35.108514]]}},{"type":"Feature","properties":{"tier":"regional"},"geometry":{"type":"LineString","coordinates":[[139.26151,-35.131466],[139.260801,-35.130671]]}},{"type":"Feature","properties":{"tier":"arterial"},"geometry":{"type":"LineString","coordinates":[[139.30269,-35.113078],[139.302468,-35.112985],[139.302156,-35.112895],[139.301664,-35.112774],[139.30134,-35.112729],[139.300606,-35.112661],[139.299559,-35.112554],[139.298595,-35.112504],[139.297878,-35.112439],[139.297316,-35.112387],[139.297065,-35.112367],[139.29671,-35.112363],[139.296473,-35.112354]]}},{"type":"Feature","properties":{"tier":"regional"},"geometry":{"type":"LineString","coordinates":[[139.252503,-35.11192],[139.252687,-35.111754],[139.252739,-35.111687]]}},{"type":"Feature","properties":{"tier":"arterial"},"geometry":{"type":"LineString","coordinates":[[139.256132,-35.108514],[139.256067,-35.108444],[139.255921,-35.108263],[139.255739,-35.10802],[139.255606,-35.1078],[139.255467,-35.107546],[139.255375,-35.107337],[139.255273,-35.107073],[139.255201,-35.106844],[139.255147,-35.106543]]}},{"type":"Feature","properties":{"tier":"arterial"},"geometry":{"type":"LineString","coordinates":[[139.256186,-35.108463],[139.256219,-35.108505],[139.256451,-35.108734],[139.256776,-35.10902],[139.257131,-35.109293],[139.257408,-35.109499],[139.257759,-35.109764],[139.258195,-35.110093],[139.258436,-35.110275],[139.258562,-35.110371],[139.25871,-35.110469]]}},{"type":"Feature","properties":{"tier":"arterial"},"geometry":{"type":"LineString","coordinates":[[139.232043,-35.136819],[139.231462,-35.137216],[139.231214,-35.137415],[139.231047,-35.137569],[139.230283,-35.138351]]}},{"type":"Feature","properties":{"tier":"regional"},"geometry":{"type":"LineString","coordinates":[[139.260801,-35.130671],[139.259968,-35.129629]]}},{"type":"Feature","properties":{"tier":"regional"},"geometry":{"type":"LineString","coordinates":[[139.254035,-35.110456],[139.255329,-35.109258]]}},{"type":"Feature","properties":{"tier":"regional"},"geometry":{"type":"LineString","coordinates":[[139.337482,-35.010899],[139.338946,-35.010787],[139.345207,-35.010236],[139.346511,-35.010127],[139.346518,-35.010126]]}},{"type":"Feature","properties":{"tier":"arterial"},"geometry":{"type":"LineString","coordinates":[[139.272365,-35.120592],[139.271937,-35.120762],[139.270848,-35.121209],[139.27055,-35.121337],[139.269132,-35.121905],[139.26853,-35.122147],[139.267572,-35.122523],[139.267221,-35.122665],[139.264723,-35.123682],[139.264696,-35.123693],[139.264021,-35.123974],[139.263934,-35.124007],[139.263549,-35.124156],[139.263027,-35.124366],[139.262696,-35.124501]]}},{"type":"Feature","properties":{"tier":"regional"},"geometry":{"type":"LineString","coordinates":[[139.273015,-35.120655],[139.273085,-35.120531],[139.273084,-35.120469],[139.273016,-35.120372]]}},{"type":"Feature","properties":{"tier":"arterial"},"geometry":{"type":"LineString","coordinates":[[139.272365,-35.120592],[139.272529,-35.120512],[139.27276,-35.120399],[139.273379,-35.120153]]}},{"type":"Feature","properties":{"tier":"regional"},"geometry":{"type":"LineString","coordinates":[[139.273015,-35.120655],[139.272978,-35.120691],[139.272628,-35.121022],[139.27248,-35.121162],[139.27221,-35.121418],[139.271994,-35.121623],[139.27156,-35.122018],[139.271255,-35.122299],[139.270636,-35.12287],[139.270601,-35.122909],[139.270431,-35.123095],[139.269338,-35.12413],[139.268352,-35.125044],[139.266937,-35.126354],[139.266779,-35.12651],[139.266087,-35.127185],[139.262304,-35.130731],[139.26151,-35.131466]]}},{"type":"Feature","properties":{"tier":"arterial"},"geometry":{"type":"LineString","coordinates":[[139.2737,-35.120015],[139.27384,-35.11993],[139.274358,-35.119656]]}},{"type":"Feature","properties":{"tier":"high"},"geometry":{"type":"LineString","coordinates":[[139.485236,-35.286786],[139.485361,-35.286939]]}},{"type":"Feature","properties":{"tier":"high"},"geometry":{"type":"LineString","coordinates":[[139.484674,-35.285976],[139.485236,-35.286786]]}},{"type":"Feature","properties":{"tier":"arterial"},"geometry":{"type":"LineString","coordinates":[[139.485361,-35.286939],[139.485457,-35.286858],[139.485584,-35.286806],[139.485711,-35.286762],[139.485863,-35.286728],[139.486062,-35.28669]]}},{"type":"Feature","properties":{"tier":"arterial"},"geometry":{"type":"LineString","coordinates":[[139.273742,-35.120089],[139.2737,-35.120015]]}},{"type":"Feature","properties":{"tier":"arterial"},"geometry":{"type":"LineString","coordinates":[[139.452897,-35.253252],[139.453121,-35.253109],[139.453135,-35.253101],[139.45343,-35.252929]]}},{"type":"Feature","properties":{"tier":"arterial"},"geometry":{"type":"LineString","coordinates":[[139.45343,-35.252929],[139.45381,-35.252685],[139.453921,-35.252612],[139.453993,-35.252566],[139.454063,-35.25252],[139.45413,-35.252476],[139.454191,-35.252436],[139.454414,-35.252291],[139.45463,-35.252144]]}},{"type":"Feature","properties":{"tier":"high"},"geometry":{"type":"LineString","coordinates":[[139.452111,-35.253349],[139.452304,-35.253582]]}},{"type":"Feature","properties":{"tier":"high"},"geometry":{"type":"LineString","coordinates":[[139.293238,-35.150075],[139.299548,-35.149082],[139.300493,-35.148945]]}},{"type":"Feature","properties":{"tier":"high"},"geometry":{"type":"LineString","coordinates":[[139.300493,-35.148945],[139.299417,-35.14915],[139.293961,-35.150131]]}},{"type":"Feature","properties":{"tier":"high"},"geometry":{"type":"LineString","coordinates":[[139.452204,-35.253639],[139.451679,-35.253008],[139.450281,-35.25134],[139.450217,-35.251264]]}},{"type":"Feature","properties":{"tier":"high"},"geometry":{"type":"LineString","coordinates":[[139.22144,-35.14604],[139.223577,-35.145263],[139.225931,-35.144526],[139.226843,-35.144292],[139.227779,-35.144073],[139.228684,-35.143869],[139.230126,-35.143555],[139.231596,-35.143295],[139.232908,-35.143095],[139.234572,-35.142913],[139.236359,-35.14278],[139.238093,-35.142729],[139.239827,-35.142749],[139.240599,-35.142779],[139.242382,-35.142894],[139.244577,-35.143131],[139.245182,-35.143213],[139.247325,-35.143597],[139.249534,-35.144095],[139.251454,-35.144642],[139.254743,-35.145642],[139.260702,-35.147407],[139.261286,-35.147581],[139.263178,-35.148147]]}},{"type":"Feature","properties":{"tier":"high"},"geometry":{"type":"LineString","coordinates":[[139.263062,-35.148378],[139.26119,-35.14783],[139.260636,-35.147665],[139.254741,-35.145858],[139.2512,-35.144838],[139.249372,-35.144332],[139.24723,-35.143843],[139.245144,-35.14348],[139.244559,-35.143394],[139.242379,-35.143125],[139.240264,-35.142984],[139.238108,-35.142937],[139.236508,-35.142979],[139.236,-35.143004],[139.23475,-35.143088],[139.23354,-35.143218],[139.231672,-35.143526],[139.230277,-35.143787],[139.228709,-35.144136],[139.227247,-35.144492],[139.226001,-35.144807],[139.223929,-35.145449],[139.223449,-35.145606],[139.221521,-35.146287],[139.220202,-35.146857]]}},{"type":"Feature","properties":{"tier":"arterial"},"geometry":{"type":"LineString","coordinates":[[139.286061,-35.147324],[139.286298,-35.148332]]}},{"type":"Feature","properties":{"tier":"arterial"},"geometry":{"type":"LineString","coordinates":[[139.274327,-35.120896],[139.274105,-35.12057],[139.273948,-35.120368],[139.27383,-35.120206],[139.2738,-35.12017],[139.273742,-35.120089]]}},{"type":"Feature","properties":{"tier":"high"},"geometry":{"type":"LineString","coordinates":[[139.287129,-35.151955],[139.286924,-35.152118],[139.286873,-35.152213]]}},{"type":"Feature","properties":{"tier":"high"},"geometry":{"type":"LineString","coordinates":[[139.286233,-35.148707],[139.286339,-35.1487]]}},{"type":"Feature","properties":{"tier":"arterial"},"geometry":{"type":"LineString","coordinates":[[139.230283,-35.138351],[139.22957,-35.139057],[139.228615,-35.139937],[139.228277,-35.140263]]}},{"type":"Feature","properties":{"tier":"high"},"geometry":{"type":"LineString","coordinates":[[139.228064,-35.140309],[139.228055,-35.140404],[139.22801,-35.140535]]}},{"type":"Feature","properties":{"tier":"high"},"geometry":{"type":"LineString","coordinates":[[139.227869,-35.143902],[139.227899,-35.144115],[139.227902,-35.144264],[139.227883,-35.144582]]}},{"type":"Feature","properties":{"tier":"high"},"geometry":{"type":"LineString","coordinates":[[139.225479,-35.14579],[139.224458,-35.145775],[139.223924,-35.145801],[139.22332,-35.145869],[139.222822,-35.145975],[139.222344,-35.146108],[139.220202,-35.146857]]}},{"type":"Feature","properties":{"tier":"arterial"},"geometry":{"type":"LineString","coordinates":[[139.228596,-35.139833],[139.22902,-35.139455],[139.229619,-35.138904],[139.229762,-35.138777],[139.230283,-35.138351]]}},{"type":"Feature","properties":{"tier":"arterial"},"geometry":{"type":"LineString","coordinates":[[139.227185,-35.140008],[139.227818,-35.140056],[139.228003,-35.14005],[139.228175,-35.140023],[139.22836,-35.139961],[139.228596,-35.139833]]}},{"type":"Feature","properties":{"tier":"arterial"},"geometry":{"type":"LineString","coordinates":[[139.227824,-35.14054],[139.227926,-35.140331],[139.227945,-35.14023]]}},{"type":"Feature","properties":{"tier":"arterial"},"geometry":{"type":"LineString","coordinates":[[139.228277,-35.140263],[139.228164,-35.140302],[139.228064,-35.140309]]}},{"type":"Feature","properties":{"tier":"high"},"geometry":{"type":"LineString","coordinates":[[139.227883,-35.144582],[139.227848,-35.144757],[139.227784,-35.144924],[139.22769,-35.145086],[139.227556,-35.145246],[139.227403,-35.145382],[139.227188,-35.145525],[139.226941,-35.145636],[139.22663,-35.145719],[139.2263,-35.145771],[139.225906,-35.145795],[139.225479,-35.14579]]}},{"type":"Feature","properties":{"tier":"arterial"},"geometry":{"type":"LineString","coordinates":[[139.227185,-35.140008],[139.226883,-35.139968],[139.226737,-35.139949],[139.226001,-35.139871],[139.225651,-35.139834],[139.225311,-35.139808]]}},{"type":"Feature","properties":{"tier":"high"},"geometry":{"type":"LineString","coordinates":[[139.459801,-35.272326],[139.459928,-35.272535],[139.460242,-35.272973],[139.460435,-35.273225],[139.46063,-35.273457]]}},{"type":"Feature","properties":{"tier":"arterial"},"geometry":{"type":"LineString","coordinates":[[138.99998,-35.048278],[139.00003,-35.048322],[139.000184,-35.048565],[139.000373,-35.049056],[139.000535,-35.049581],[139.000635,-35.049787],[139.00079,-35.04996],[139.000989,-35.050114],[139.002192,-35.050966],[139.002404,-35.051081],[139.005276,-35.052089],[139.007041,-35.052906],[139.007367,-35.053096],[139.007756,-35.053527],[139.008128,-35.053761],[139.008753,-35.05418],[139.00917,-35.054475],[139.009576,-35.054754],[139.009987,-35.05508],[139.010123,-35.055282],[139.01135,-35.058043],[139.011573,-35.058981],[139.011696,-35.059512],[139.011836,-35.06089],[139.011857,-35.061064],[139.012072,-35.062821],[139.012268,-35.06442],[139.012524,-35.066527],[139.012764,-35.06756],[139.012805,-35.067752]]}},{"type":"Feature","properties":{"tier":"arterial"},"geometry":{"type":"LineString","coordinates":[[139.02183,-35.154823],[139.021709,-35.154975],[139.018936,-35.159596],[139.018619,-35.160253],[139.018475,-35.160978],[139.018485,-35.161582],[139.018786,-35.162459],[139.019022,-35.163319],[139.01905,-35.164482],[139.019009,-35.167289],[139.018893,-35.168897],[139.018776,-35.170511]]}},{"type":"Feature","properties":{"tier":"arterial"},"geometry":{"type":"LineString","coordinates":[[139.285407,-35.112117],[139.285106,-35.112054],[139.28483,-35.112032],[139.284643,-35.112038],[139.28445,-35.112056],[139.284273,-35.112087],[139.284115,-35.112122],[139.283626,-35.112283]]}},{"type":"Feature","properties":{"tier":"arterial"},"geometry":{"type":"LineString","coordinates":[[139.379964,-35.045427],[139.380287,-35.045148],[139.380534,-35.044969],[139.380857,-35.044756],[139.381128,-35.04461],[139.381368,-35.044494],[139.381681,-35.044356],[139.382037,-35.044236],[139.382416,-35.044134],[139.382802,-35.044063],[139.383256,-35.044005],[139.383771,-35.043986],[139.385692,-35.04398],[139.388838,-35.044004],[139.391813,-35.044023],[139.393028,-35.044075],[139.393823,-35.044103],[139.395622,-35.044121],[139.398036,-35.044114],[139.399208,-35.044114],[139.405573,-35.044079],[139.413658,-35.044092],[139.426263,-35.044066],[139.441973,-35.044041],[139.454362,-35.044029],[139.46089,-35.044006],[139.461563,-35.04396],[139.462554,-35.043765],[139.463412,-35.043475],[139.464688,-35.042905],[139.465457,-35.042543],[139.467107,-35.041766],[139.469087,-35.040815],[139.469884,-35.040549],[139.471517,-35.04001],[139.472438,-35.039572],[139.473144,-35.039118],[139.47414,-35.038254],[139.475664,-35.036848],[139.476325,-35.0363],[139.477102,-35.035795],[139.480371,-35.033749],[139.481046,-35.033419],[139.481842,-35.033097],[139.484602,-35.032091],[139.48836,-35.030689],[139.49361,-35.028761],[139.494751,-35.02822],[139.49557,-35.027784],[139.49851,-35.026227],[139.499437,-35.025609],[139.500009,-35.025064],[139.50002,-35.02505]]}},{"type":"Feature","properties":{"tier":"arterial"},"geometry":{"type":"LineString","coordinates":[[139.002105,-35.183909],[138.99998,-35.185337]]}},{"type":"Feature","properties":{"tier":"arterial"},"geometry":{"type":"LineString","coordinates":[[139.018776,-35.170511],[139.018732,-35.171049]]}},{"type":"Feature","properties":{"tier":"arterial"},"geometry":{"type":"LineString","coordinates":[[139.018732,-35.171049],[139.018571,-35.171984],[139.01804,-35.173089],[139.015991,-35.177158],[139.01531,-35.177983],[139.014237,-35.178737],[139.012134,-35.179596],[139.009736,-35.180473],[139.00698,-35.181522],[139.003907,-35.182707],[139.003005,-35.183298],[139.002105,-35.183909]]}},{"type":"Feature","properties":{"tier":"arterial"},"geometry":{"type":"LineString","coordinates":[[139.034464,-35.130916],[139.033967,-35.131821],[139.03326,-35.133072],[139.032802,-35.133536],[139.032289,-35.133944],[139.031082,-35.134595],[139.030412,-35.13501],[139.030165,-35.135193],[139.029949,-35.13539],[139.029767,-35.13559],[139.029615,-35.135802],[139.029488,-35.136017],[139.029419,-35.136152],[139.029346,-35.136315],[139.029291,-35.136508],[139.029262,-35.136714],[139.029215,-35.137168],[139.029212,-35.13744],[139.029181,-35.137898],[139.029156,-35.138083],[139.029126,-35.138266],[139.029082,-35.138424],[139.029017,-35.138599],[139.02894,-35.138762],[139.028826,-35.138972]]}},{"type":"Feature","properties":{"tier":"arterial"},"geometry":{"type":"LineString","coordinates":[[139.038524,-35.124131],[139.038485,-35.124195]]}},{"type":"Feature","properties":{"tier":"arterial"},"geometry":{"type":"LineString","coordinates":[[139.044732,-35.113901],[139.044267,-35.114696],[139.043781,-35.115496]]}},{"type":"Feature","properties":{"tier":"arterial"},"geometry":{"type":"LineString","coordinates":[[139.046936,-35.110272],[139.046743,-35.110624],[139.046266,-35.111407],[139.044732,-35.113901]]}},{"type":"Feature","properties":{"tier":"arterial"},"geometry":{"type":"LineString","coordinates":[[139.262696,-35.124501],[139.262368,-35.124631],[139.261073,-35.125148],[139.260586,-35.125342],[139.260235,-35.125482],[139.259866,-35.125629],[139.258728,-35.126111],[139.258238,-35.126311],[139.257916,-35.126443],[139.257683,-35.126536],[139.257656,-35.126547],[139.257599,-35.12657],[139.257493,-35.126613],[139.25739,-35.126653],[139.257309,-35.126685],[139.257229,-35.126716],[139.255847,-35.127231],[139.254498,-35.127806],[139.253754,-35.128101],[139.251117,-35.129147],[139.25088,-35.129246],[139.25072,-35.129309],[139.250529,-35.129383],[139.250416,-35.129428],[139.249963,-35.129608],[139.247949,-35.130412],[139.246846,-35.130855],[139.246655,-35.130935],[139.24482,-35.131669],[139.244618,-35.131754],[139.244379,-35.131844],[139.243169,-35.132323],[139.242326,-35.13266],[139.241125,-35.133141],[139.241048,-35.133174],[139.239272,-35.133871]]}},{"type":"Feature","properties":{"tier":"arterial"},"geometry":{"type":"LineString","coordinates":[[139.239272,-35.133871],[139.234602,-35.135735],[139.233297,-35.13626],[139.232616,-35.136538],[139.232043,-35.136819]]}},{"type":"Feature","properties":{"tier":"high"},"geometry":{"type":"LineString","coordinates":[[139.227073,-35.141979],[139.227159,-35.141706],[139.22725,-35.141463],[139.227347,-35.141241],[139.22747,-35.141],[139.22762,-35.140774],[139.227824,-35.14054]]}},{"type":"Feature","properties":{"tier":"arterial"},"geometry":{"type":"LineString","coordinates":[[139.265726,-35.114691],[139.26563,-35.114611],[139.265543,-35.114514],[139.265481,-35.114441],[139.265451,-35.114389],[139.265414,-35.114302],[139.265392,-35.114248],[139.265381,-35.114182],[139.265375,-35.114139],[139.265358,-35.114079],[139.265318,-35.113915],[139.265292,-35.113849],[139.265253,-35.113779],[139.265182,-35.113643],[139.2651,-35.113521],[139.264995,-35.113374],[139.264919,-35.113283],[139.264801,-35.11317],[139.264655,-35.11305],[139.264478,-35.112944],[139.264345,-35.112868],[139.264179,-35.112793],[139.264012,-35.112726],[139.263874,-35.112689]]}},{"type":"Feature","properties":{"tier":"arterial"},"geometry":{"type":"LineString","coordinates":[[139.262828,-35.112371],[139.262259,-35.112197]]}},{"type":"Feature","properties":{"tier":"arterial"},"geometry":{"type":"LineString","coordinates":[[139.252173,-35.093638],[139.252018,-35.093403],[139.252002,-35.093378],[139.25151,-35.09263],[139.2509,-35.091696],[139.250637,-35.091274],[139.250315,-35.090751],[139.249853,-35.090008],[139.249604,-35.089626],[139.249485,-35.089453],[139.249328,-35.089243],[139.249207,-35.08908],[139.249075,-35.088924],[139.24892,-35.088746],[139.248757,-35.088568],[139.248552,-35.088351],[139.248288,-35.088093],[139.247951,-35.087801],[139.246817,-35.08681],[139.246275,-35.086365],[139.245836,-35.086033],[139.245378,-35.085718],[139.245079,-35.085518],[139.244911,-35.085399],[139.244355,-35.085064],[139.243648,-35.08467],[139.242577,-35.084081],[139.240206,-35.082775],[139.238727,-35.081957],[139.237864,-35.081521],[139.237631,-35.081404],[139.23708,-35.081126],[139.236258,-35.080711],[139.234811,-35.079975],[139.233418,-35.079267],[139.23093,-35.078016],[139.22815,-35.076598],[139.2257,-35.075359],[139.225567,-35.07529],[139.225492,-35.075254],[139.225348,-35.075181],[139.225229,-35.075117],[139.225105,-35.075046],[139.224996,-35.07498],[139.224899,-35.074919],[139.224761,-35.074825],[139.224623,-35.074727],[139.224526,-35.074652],[139.224443,-35.074586],[139.224354,-35.074511],[139.224215,-35.074388],[139.224106,-35.074284],[139.224024,-35.074201],[139.223968,-35.074142],[139.223926,-35.074096],[139.223844,-35.074004],[139.223755,-35.073896],[139.223654,-35.073767],[139.223563,-35.073641],[139.223483,-35.073521],[139.223396,-35.073379],[139.223326,-35.073255],[139.223258,-35.073126],[139.223177,-35.072951],[139.223101,-35.072765],[139.222909,-35.072203],[139.222393,-35.07078],[139.221849,-35.069225],[139.221643,-35.068626],[139.221271,-35.067545],[139.221207,-35.06736],[139.220686,-35.065861],[139.220005,-35.063852],[139.219421,-35.06217],[139.218552,-35.059646],[139.21853,-35.059581],[139.218045,-35.058187],[139.217936,-35.057854],[139.217873,-35.057649],[139.217815,-35.057423],[139.217773,-35.05718],[139.217752,-35.05695],[139.217727,-35.056584],[139.217727,-35.056344],[139.217748,-35.056015],[139.217806,-35.055676],[139.217919,-35.055166],[139.218027,-35.054672],[139.218189,-35.053929],[139.218235,-35.053683],[139.218256,-35.053549]]}},{"type":"Feature","properties":{"tier":"high"},"geometry":{"type":"LineString","coordinates":[[139.440935,-35.240214],[139.440064,-35.239181],[139.439477,-35.238485],[139.43847,-35.237383],[139.437706,-35.236568]]}},{"type":"Feature","properties":{"tier":"high"},"geometry":{"type":"LineString","coordinates":[[139.334634,-35.152364],[139.335577,-35.153376],[139.335659,-35.153465],[139.336692,-35.154764],[139.33814,-35.15668],[139.338884,-35.157671],[139.339259,-35.158169],[139.339637,-35.158659]]}},{"type":"Feature","properties":{"tier":"high"},"geometry":{"type":"LineString","coordinates":[[139.339276,-35.158845],[139.336345,-35.154955],[139.335406,-35.153721],[139.335346,-35.153633],[139.334914,-35.153073],[139.33445,-35.152532]]}},{"type":"Feature","properties":{"tier":"high"},"geometry":{"type":"LineString","coordinates":[[139.327945,-35.147832],[139.328596,-35.14813],[139.32924,-35.148458],[139.329875,-35.148799],[139.330153,-35.148946],[139.331402,-35.149743],[139.332629,-35.150618],[139.333481,-35.151304],[139.334285,-35.152028],[139.334492,-35.152229],[139.334634,-35.152364]]}},{"type":"Feature","properties":{"tier":"high"},"geometry":{"type":"LineString","coordinates":[[139.33445,-35.152532],[139.334312,-35.152374],[139.333877,-35.151911],[139.333401,-35.151468],[139.332448,-35.150681],[139.332368,-35.150618],[139.33131,-35.149905],[139.331215,-35.149848],[139.330042,-35.149163],[139.328747,-35.148502]]}},{"type":"Feature","properties":{"tier":"arterial"},"geometry":{"type":"LineString","coordinates":[[139.278479,-35.117164],[139.278553,-35.11709],[139.278634,-35.116997],[139.278705,-35.116906],[139.278776,-35.11681],[139.278841,-35.116726],[139.27902,-35.116538]]}},{"type":"Feature","properties":{"tier":"arterial"},"geometry":{"type":"LineString","coordinates":[[139.278034,-35.11743],[139.278279,-35.117305],[139.278387,-35.117238],[139.278479,-35.117164]]}},{"type":"Feature","properties":{"tier":"arterial"},"geometry":{"type":"LineString","coordinates":[[139.274424,-35.11973],[139.273902,-35.119993],[139.273742,-35.120089]]}},{"type":"Feature","properties":{"tier":"arterial"},"geometry":{"type":"LineString","coordinates":[[139.278424,-35.117288],[139.278088,-35.117493]]}},{"type":"Feature","properties":{"tier":"arterial"},"geometry":{"type":"LineString","coordinates":[[139.286568,-35.151659],[139.286521,-35.151462]]}},{"type":"Feature","properties":{"tier":"arterial"},"geometry":{"type":"LineString","coordinates":[[139.286692,-35.152037],[139.286625,-35.151852],[139.286568,-35.151659]]}},{"type":"Feature","properties":{"tier":"high"},"geometry":{"type":"LineString","coordinates":[[139.286646,-35.151515],[139.28662,-35.151602],[139.286568,-35.151659]]}},{"type":"Feature","properties":{"tier":"arterial"},"geometry":{"type":"LineString","coordinates":[[139.286646,-35.151515],[139.286663,-35.151595],[139.28672,-35.151826],[139.286788,-35.152024]]}},{"type":"Feature","properties":{"tier":"arterial"},"geometry":{"type":"LineString","coordinates":[[139.286602,-35.151304],[139.286646,-35.151515]]}},{"type":"Feature","properties":{"tier":"arterial"},"geometry":{"type":"LineString","coordinates":[[139.286032,-35.150431],[139.286226,-35.150456],[139.28634,-35.150459],[139.286395,-35.150458]]}},{"type":"Feature","properties":{"tier":"arterial"},"geometry":{"type":"LineString","coordinates":[[139.286539,-35.150729],[139.286602,-35.151304]]}},{"type":"Feature","properties":{"tier":"arterial"},"geometry":{"type":"LineString","coordinates":[[139.286504,-35.150453],[139.286539,-35.150729]]}},{"type":"Feature","properties":{"tier":"arterial"},"geometry":{"type":"LineString","coordinates":[[139.286395,-35.150458],[139.286504,-35.150453]]}},{"type":"Feature","properties":{"tier":"arterial"},"geometry":{"type":"LineString","coordinates":[[139.286422,-35.150724],[139.286395,-35.150458]]}},{"type":"Feature","properties":{"tier":"arterial"},"geometry":{"type":"LineString","coordinates":[[139.286521,-35.151462],[139.286494,-35.151244],[139.286422,-35.150724]]}},{"type":"Feature","properties":{"tier":"high"},"geometry":{"type":"LineString","coordinates":[[139.431244,-35.229489],[139.431667,-35.229828],[139.432058,-35.23016],[139.432666,-35.230728],[139.434079,-35.23222],[139.434809,-35.232993],[139.438175,-35.236605]]}},{"type":"Feature","properties":{"tier":"high"},"geometry":{"type":"LineString","coordinates":[[139.411866,-35.215372],[139.412745,-35.216195]]}},{"type":"Feature","properties":{"tier":"high"},"geometry":{"type":"LineString","coordinates":[[139.411971,-35.215969],[139.411659,-35.215702],[139.411539,-35.215575]]}},{"type":"Feature","properties":{"tier":"high"},"geometry":{"type":"LineString","coordinates":[[139.437706,-35.236568],[139.4375,-35.236348],[139.436092,-35.234857],[139.43551,-35.234239],[139.435375,-35.234096],[139.435186,-35.233896],[139.434616,-35.233292],[139.434539,-35.23321],[139.434397,-35.233065],[139.433995,-35.23264],[139.433791,-35.232411],[139.432339,-35.230848],[139.432144,-35.23066],[139.431809,-35.230337],[139.431556,-35.230093],[139.431455,-35.229995],[139.43121,-35.229783],[139.430647,-35.229359]]}},{"type":"Feature","properties":{"tier":"high"},"geometry":{"type":"LineString","coordinates":[[139.399931,-35.203825],[139.401796,-35.204616],[139.402734,-35.205092],[139.402954,-35.205226],[139.403606,-35.205655],[139.403918,-35.205893],[139.404435,-35.206309],[139.404903,-35.206749],[139.405273,-35.20713],[139.405574,-35.207479],[139.405754,-35.207695],[139.407055,-35.209362],[139.40719,-35.209534],[139.410918,-35.214276],[139.411402,-35.214861],[139.411799,-35.215294],[139.411866,-35.215372]]}},{"type":"Feature","properties":{"tier":"high"},"geometry":{"type":"LineString","coordinates":[[139.397491,-35.202815],[139.399931,-35.203825]]}},{"type":"Feature","properties":{"tier":"high"},"geometry":{"type":"LineString","coordinates":[[139.399183,-35.203903],[139.398959,-35.203808],[139.397301,-35.203117]]}},{"type":"Feature","properties":{"tier":"high"},"geometry":{"type":"LineString","coordinates":[[139.411539,-35.215575],[139.411115,-35.21514],[139.410536,-35.214454],[139.406746,-35.209614],[139.405894,-35.208524],[139.40548,-35.20801],[139.405306,-35.207792],[139.404951,-35.207352],[139.404597,-35.20698],[139.404061,-35.206483],[139.403398,-35.205971],[139.402685,-35.205544],[139.402494,-35.20543],[139.401652,-35.204979],[139.399183,-35.203903]]}},{"type":"Feature","properties":{"tier":"high"},"geometry":{"type":"LineString","coordinates":[[139.42297,-35.223572],[139.425161,-35.225122]]}},{"type":"Feature","properties":{"tier":"high"},"geometry":{"type":"LineString","coordinates":[[139.412745,-35.216195],[139.41309,-35.216468],[139.413207,-35.216571],[139.41955,-35.221123],[139.42104,-35.222193],[139.422439,-35.223198]]}},{"type":"Feature","properties":{"tier":"high"},"geometry":{"type":"LineString","coordinates":[[139.422787,-35.223744],[139.421998,-35.22318],[139.420122,-35.221839],[139.419386,-35.221314],[139.413479,-35.217107],[139.412964,-35.216731],[139.412847,-35.216654],[139.412419,-35.216337],[139.411971,-35.215969]]}},{"type":"Feature","properties":{"tier":"high"},"geometry":{"type":"LineString","coordinates":[[139.423284,-35.224099],[139.422787,-35.223744]]}},{"type":"Feature","properties":{"tier":"arterial"},"geometry":{"type":"LineString","coordinates":[[139.459801,-35.272326],[139.459688,-35.272412]]}},{"type":"Feature","properties":{"tier":"arterial"},"geometry":{"type":"LineString","coordinates":[[139.459671,-35.272351],[139.459801,-35.272326]]}},{"type":"Feature","properties":{"tier":"high"},"geometry":{"type":"LineString","coordinates":[[139.459671,-35.272351],[139.459627,-35.272277],[139.459287,-35.271652]]}},{"type":"Feature","properties":{"tier":"high"},"geometry":{"type":"LineString","coordinates":[[139.459688,-35.272412],[139.459671,-35.272351]]}},{"type":"Feature","properties":{"tier":"high"},"geometry":{"type":"LineString","coordinates":[[139.456588,-35.26023],[139.456592,-35.260242],[139.456711,-35.260655],[139.456881,-35.261263]]}},{"type":"Feature","properties":{"tier":"high"},"geometry":{"type":"LineString","coordinates":[[139.45579,-35.257846],[139.456122,-35.258548]]}},{"type":"Feature","properties":{"tier":"high"},"geometry":{"type":"LineString","coordinates":[[139.455999,-35.258582],[139.455668,-35.257907]]}},{"type":"Feature","properties":{"tier":"high"},"geometry":{"type":"LineString","coordinates":[[139.456782,-35.261371],[139.456592,-35.260681],[139.456209,-35.259301],[139.456203,-35.259281],[139.455999,-35.258582]]}},{"type":"Feature","properties":{"tier":"arterial"},"geometry":{"type":"LineString","coordinates":[[139.253775,-35.094953],[139.25372,-35.095247],[139.253684,-35.095455]]}},{"type":"Feature","properties":{"tier":"arterial"},"geometry":{"type":"LineString","coordinates":[[139.253775,-35.094953],[139.25367,-35.094937],[139.253497,-35.094912]]}},{"type":"Feature","properties":{"tier":"regional"},"geometry":{"type":"LineString","coordinates":[[139.303563,-35.049599],[139.303832,-35.049344],[139.310018,-35.043546],[139.318093,-35.03592]]}},{"type":"Feature","properties":{"tier":"regional"},"geometry":{"type":"LineString","coordinates":[[139.354232,-35.038986],[139.354387,-35.039156],[139.355263,-35.040716],[139.356187,-35.042322]]}},{"type":"Feature","properties":{"tier":"arterial"},"geometry":{"type":"LineString","coordinates":[[139.025722,-35.295766],[139.02602,-35.295721],[139.026315,-35.295688],[139.026646,-35.29568],[139.02668,-35.295678]]}},{"type":"Feature","properties":{"tier":"high"},"geometry":{"type":"LineString","coordinates":[[139.311382,-35.146972],[139.313228,-35.146607]]}},{"type":"Feature","properties":{"tier":"arterial"},"geometry":{"type":"LineString","coordinates":[[139.439533,-35.266365],[139.439495,-35.266246],[139.439456,-35.266171],[139.439419,-35.266126],[139.439382,-35.266084],[139.439315,-35.266041],[139.439242,-35.266008],[139.439142,-35.265982],[139.439041,-35.265974],[139.438932,-35.265968]]}},{"type":"Feature","properties":{"tier":"arterial"},"geometry":{"type":"LineString","coordinates":[[139.438932,-35.265968],[139.438868,-35.265966],[139.438764,-35.265962],[139.438636,-35.265953],[139.438531,-35.265938],[139.438433,-35.265912],[139.438328,-35.265868],[139.438199,-35.265793],[139.438084,-35.265716],[139.437982,-35.265629],[139.437814,-35.265451],[139.437393,-35.264999],[139.436851,-35.264368],[139.436338,-35.263744],[139.436273,-35.26367]]}},{"type":"Feature","properties":{"tier":"arterial"},"geometry":{"type":"LineString","coordinates":[[139.014497,-35.072399],[139.014783,-35.073226],[139.014952,-35.073708],[139.015043,-35.073913],[139.015103,-35.074021],[139.015205,-35.07417],[139.015371,-35.074368],[139.015646,-35.074714],[139.015904,-35.074997],[139.016143,-35.075283],[139.016522,-35.075678],[139.016864,-35.07602],[139.017233,-35.076398],[139.017508,-35.076679],[139.017862,-35.077042],[139.018154,-35.077337],[139.018335,-35.077489],[139.018648,-35.07775],[139.018986,-35.078016],[139.019399,-35.078339],[139.019786,-35.078699],[139.020158,-35.079007],[139.020393,-35.079189],[139.020642,-35.079392],[139.020921,-35.079635],[139.021169,-35.079855],[139.021563,-35.080195],[139.021693,-35.080313],[139.022003,-35.080636],[139.022178,-35.080857],[139.022329,-35.081103],[139.022479,-35.081472],[139.022587,-35.081754],[139.022741,-35.082156],[139.022898,-35.082564],[139.022982,-35.082763],[139.023048,-35.082915],[139.023331,-35.083494],[139.0237,-35.084221],[139.023949,-35.084787],[139.024204,-35.085541],[139.024429,-35.086167],[139.024614,-35.086727],[139.024793,-35.087217],[139.02497,-35.087717],[139.025112,-35.088163],[139.025371,-35.088877],[139.025457,-35.089134],[139.025577,-35.089492],[139.025827,-35.090209],[139.02595,-35.090561],[139.026159,-35.09116],[139.026275,-35.091445],[139.02634,-35.09158],[139.026414,-35.091711],[139.026472,-35.091806],[139.02685,-35.092314],[139.027275,-35.092861],[139.027757,-35.093477],[139.028184,-35.094032],[139.028678,-35.094665],[139.029139,-35.095265],[139.029665,-35.095943],[139.030134,-35.096549],[139.030503,-35.097026],[139.030805,-35.097425],[139.03121,-35.097946],[139.031663,-35.098528],[139.032145,-35.099125],[139.032433,-35.099498],[139.03296,-35.100184],[139.033377,-35.100716],[139.033631,-35.101035],[139.033796,-35.101241],[139.03394,-35.101433],[139.034041,-35.101568],[139.034158,-35.10175],[139.034227,-35.10188],[139.034361,-35.102163],[139.0345,-35.102491],[139.034659,-35.102838],[139.034819,-35.103194],[139.035126,-35.103852],[139.035288,-35.104242],[139.035479,-35.104672],[139.035677,-35.105126],[139.0359,-35.105559],[139.036101,-35.105908],[139.036265,-35.106164],[139.036459,-35.106434],[139.036639,-35.106632],[139.036766,-35.106762],[139.037028,-35.106997],[139.037253,-35.107168],[139.037623,-35.107395],[139.037895,-35.107536],[139.038224,-35.107686],[139.038523,-35.107794],[139.03887,-35.107895],[139.039184,-35.107968],[139.039544,-35.108029],[139.03986,-35.108066],[139.040344,-35.108099],[139.040779,-35.108117],[139.041696,-35.108144],[139.042518,-35.108164],[139.042983,-35.108175]]}},{"type":"Feature","properties":{"tier":"arterial"},"geometry":{"type":"LineString","coordinates":[[139.012805,-35.067752],[139.012849,-35.067888],[139.012872,-35.067962],[139.013041,-35.068455],[139.013485,-35.069639],[139.013721,-35.070267],[139.014236,-35.071686],[139.014395,-35.072121],[139.014497,-35.072399]]}},{"type":"Feature","properties":{"tier":"arterial"},"geometry":{"type":"LineString","coordinates":[[139.37445,-35.333196],[139.374707,-35.3332],[139.374865,-35.333197],[139.375118,-35.333176],[139.37542,-35.333141],[139.375752,-35.333087],[139.37614,-35.333023],[139.37661,-35.332937],[139.378135,-35.33265],[139.37945,-35.33242],[139.379556,-35.332399]]}},{"type":"Feature","properties":{"tier":"arterial"},"geometry":{"type":"LineString","coordinates":[[139.379556,-35.332399],[139.380098,-35.332293],[139.380607,-35.332181],[139.381475,-35.331988],[139.382056,-35.331843],[139.382164,-35.331816]]}},{"type":"Feature","properties":{"tier":"arterial"},"geometry":{"type":"LineString","coordinates":[[139.048746,-35.306829],[139.049552,-35.307204],[139.051376,-35.308052],[139.051741,-35.308214],[139.051941,-35.308306],[139.052237,-35.30841],[139.0526,-35.308521],[139.052881,-35.30861],[139.053576,-35.308853],[139.053797,-35.308939],[139.054105,-35.309067],[139.05445,-35.309226],[139.056339,-35.310135],[139.057214,-35.310554],[139.058223,-35.311035],[139.059198,-35.311505],[139.059661,-35.311742],[139.059911,-35.311889],[139.060167,-35.312046],[139.061317,-35.312764],[139.061861,-35.313095],[139.062048,-35.313192],[139.062251,-35.313281],[139.062457,-35.313369],[139.063787,-35.313848],[139.064601,-35.314126],[139.064921,-35.314218],[139.065109,-35.314262],[139.065338,-35.314303],[139.065602,-35.314345],[139.066386,-35.314433],[139.069177,-35.314714],[139.070108,-35.314808],[139.071417,-35.314917],[139.073002,-35.315052],[139.073807,-35.315124],[139.074515,-35.315168],[139.074823,-35.31518],[139.075077,-35.315185],[139.075373,-35.315169],[139.075713,-35.315135],[139.0765,-35.315045],[139.076992,-35.314984],[139.079619,-35.314696],[139.080017,-35.314649],[139.080296,-35.31463],[139.080579,-35.314612],[139.082829,-35.314536],[139.085822,-35.314425],[139.086955,-35.31439],[139.087241,-35.314374],[139.087445,-35.314355],[139.08767,-35.314331],[139.087928,-35.314292],[139.089457,-35.314012],[139.090442,-35.313836],[139.090957,-35.313752],[139.091253,-35.313719],[139.091534,-35.313698],[139.091904,-35.313678],[139.092268,-35.313675],[139.092588,-35.313683],[139.092995,-35.313701],[139.093123,-35.313715],[139.093441,-35.31375],[139.093743,-35.31379],[139.094884,-35.314002],[139.096038,-35.314209],[139.097854,-35.314547],[139.098308,-35.314619],[139.09862,-35.314657],[139.098886,-35.314683],[139.099199,-35.3147],[139.099501,-35.3147],[139.09982,-35.314694],[139.100606,-35.314653],[139.102042,-35.314598],[139.102282,-35.314592],[139.102499,-35.314592],[139.102765,-35.314598],[139.103195,-35.314617],[139.106165,-35.314824],[139.108209,-35.314987],[139.108732,-35.315042],[139.109026,-35.315086],[139.10933,-35.315137],[139.109877,-35.315257],[139.111033,-35.315499],[139.111276,-35.315542],[139.111496,-35.315582],[139.111654,-35.315604],[139.112065,-35.315646],[139.112456,-35.315665],[139.112765,-35.315673],[139.113005,-35.315673],[139.115645,-35.31563],[139.117824,-35.315593],[139.118205,-35.315579],[139.118501,-35.315555],[139.11879,-35.315523],[139.11906,-35.315483],[139.119313,-35.315435],[139.119379,-35.315421],[139.119645,-35.315354],[139.119993,-35.31526],[139.120329,-35.31515],[139.120671,-35.315032],[139.121101,-35.314852],[139.121772,-35.314592],[139.122505,-35.314327],[139.123931,-35.313817],[139.126985,-35.312741],[139.129602,-35.311808],[139.132742,-35.310729],[139.136323,-35.309468],[139.137344,-35.309102],[139.13783,-35.308931],[139.140615,-35.307955],[139.141235,-35.307746],[139.142651,-35.307251],[139.143766,-35.306871],[139.144693,-35.306543],[139.14555,-35.306245],[139.147953,-35.305399],[139.148756,-35.30511],[139.149737,-35.304772],[139.150115,-35.304654],[139.150517,-35.30456],[139.150841,-35.30449],[139.151213,-35.304438],[139.151591,-35.304389],[139.151925,-35.304364],[139.152256,-35.304358],[139.15265,-35.304365],[139.153487,-35.304393],[139.154175,-35.304418],[139.155053,-35.304464],[139.15562,-35.304481],[139.157073,-35.304545],[139.160909,-35.304683],[139.163633,-35.30481],[139.166728,-35.304953],[139.16969,-35.305075],[139.17175,-35.30517],[139.174256,-35.305269],[139.177477,-35.305402],[139.180428,-35.305532],[139.18363,-35.305677],[139.186998,-35.305811],[139.189459,-35.305916],[139.192309,-35.306045],[139.195518,-35.306173],[139.198491,-35.306304],[139.201642,-35.306429],[139.202475,-35.306468],[139.202746,-35.306482],[139.203363,-35.306527],[139.20392,-35.306585],[139.204619,-35.306648],[139.205151,-35.306701],[139.206535,-35.306834],[139.208013,-35.306979],[139.20928,-35.307101],[139.210143,-35.307184],[139.210437,-35.307218],[139.210741,-35.307268],[139.211286,-35.307369],[139.212203,-35.307558],[139.212759,-35.30767],[139.213276,-35.307777],[139.213885,-35.307897],[139.214352,-35.307991],[139.214683,-35.308053],[139.215688,-35.30826],[139.216429,-35.308407],[139.21708,-35.308533],[139.217803,-35.30868],[139.218053,-35.308734],[139.218609,-35.308873],[139.219999,-35.309252],[139.221028,-35.309525],[139.221363,-35.309616],[139.221906,-35.309759],[139.22252,-35.309917],[139.223089,-35.310067],[139.224016,-35.310316],[139.22471,-35.310502],[139.225456,-35.3107],[139.226159,-35.310901],[139.226751,-35.31106],[139.227333,-35.311202],[139.227839,-35.311333],[139.228428,-35.311494],[139.229626,-35.311815],[139.230203,-35.311966],[139.230592,-35.312082],[139.230883,-35.312165],[139.231254,-35.312301],[139.231678,-35.312481],[139.232342,-35.312763],[139.233411,-35.313246],[139.23448,-35.313717],[139.234903,-35.313903],[139.236455,-35.314579],[139.237507,-35.315043],[139.239686,-35.316],[139.240439,-35.31633],[139.241297,-35.316709],[139.241964,-35.317006],[139.242572,-35.317264],[139.243174,-35.317529],[139.244367,-35.318036],[139.245751,-35.318645],[139.247302,-35.319316],[139.248164,-35.319691],[139.248877,-35.319997],[139.249773,-35.320395],[139.250578,-35.320752],[139.251008,-35.320963],[139.251429,-35.321195],[139.25168,-35.321355],[139.252183,-35.321678],[139.252582,-35.321936],[139.253196,-35.322325],[139.254012,-35.32283],[139.254281,-35.322985],[139.254547,-35.32313],[139.254823,-35.323256],[139.255119,-35.323384],[139.255464,-35.32351],[139.25603,-35.323701],[139.25716,-35.324092],[139.259415,-35.324827],[139.261171,-35.32539],[139.262351,-35.325785],[139.264284,-35.326423],[139.265668,-35.326876],[139.266026,-35.326978],[139.266368,-35.327051],[139.266776,-35.327131],[139.267223,-35.32719],[139.268031,-35.327252],[139.269685,-35.327354],[139.270937,-35.327431],[139.274103,-35.327633],[139.277314,-35.327836],[139.278738,-35.327917],[139.279807,-35.327993],[139.280914,-35.328072],[139.282268,-35.328161],[139.284303,-35.328303],[139.286995,-35.328472],[139.289589,-35.32866],[139.290282,-35.328705],[139.291209,-35.328764],[139.291505,-35.32877],[139.291834,-35.328772],[139.29212,-35.328756],[139.292478,-35.328724],[139.293165,-35.32862],[139.294302,-35.328451],[139.297169,-35.328021]]}},{"type":"Feature","properties":{"tier":"arterial"},"geometry":{"type":"LineString","coordinates":[[139.043679,-35.300838],[139.04416,-35.3017],[139.044265,-35.301909],[139.044972,-35.303213],[139.045606,-35.304359],[139.045745,-35.304602],[139.045856,-35.304788],[139.045958,-35.304935],[139.046066,-35.305067],[139.046168,-35.305182],[139.046303,-35.30534],[139.046448,-35.305488],[139.046592,-35.305611],[139.046776,-35.305772],[139.046905,-35.305866],[139.047065,-35.305981],[139.047243,-35.306087],[139.04742,-35.306188],[139.047585,-35.30628],[139.04782,-35.306396],[139.048221,-35.30658],[139.04853,-35.306725],[139.048746,-35.306829]]}},{"type":"Feature","properties":{"tier":"arterial"},"geometry":{"type":"LineString","coordinates":[[139.02668,-35.295678],[139.027025,-35.295652],[139.027695,-35.295608],[139.028497,-35.295536],[139.029397,-35.295472],[139.029658,-35.295448],[139.030484,-35.295377],[139.031341,-35.295309],[139.031797,-35.295272],[139.03202,-35.295262],[139.032139,-35.295257],[139.03222,-35.29526],[139.032399,-35.295264],[139.032512,-35.295283],[139.032647,-35.295313],[139.032971,-35.295386],[139.033337,-35.295467],[139.034084,-35.295639],[139.034924,-35.295833],[139.035756,-35.29603],[139.036083,-35.296108],[139.036531,-35.296215],[139.036688,-35.296248],[139.036811,-35.296265],[139.036929,-35.296273]]}},{"type":"Feature","properties":{"tier":"arterial"},"geometry":{"type":"LineString","coordinates":[[139.023357,-35.296188],[139.02488,-35.295909],[139.025722,-35.295766]]}},{"type":"Feature","properties":{"tier":"arterial"},"geometry":{"type":"LineString","coordinates":[[139.306983,-35.116],[139.307355,-35.115645],[139.30756,-35.115449],[139.308446,-35.114602],[139.309685,-35.113432],[139.310173,-35.112971],[139.311251,-35.111952],[139.314126,-35.109177],[139.318165,-35.105362],[139.321562,-35.102089],[139.32246,-35.101229],[139.326779,-35.097092],[139.328344,-35.095662],[139.333952,-35.090253],[139.338813,-35.085353],[139.339769,-35.08439],[139.342153,-35.081938],[139.342416,-35.081668],[139.342551,-35.081538],[139.343469,-35.080653],[139.34494,-35.079234],[139.347665,-35.07665],[139.34919,-35.075148],[139.350465,-35.073939]]}},{"type":"Feature","properties":{"tier":"arterial"},"geometry":{"type":"LineString","coordinates":[[139.2819,-35.149248],[139.282063,-35.149357],[139.282279,-35.149478],[139.282458,-35.149558],[139.282674,-35.149627],[139.283576,-35.149841],[139.284643,-35.150108],[139.285062,-35.150213],[139.286032,-35.150431]]}},{"type":"Feature","properties":{"tier":"arterial"},"geometry":{"type":"LineString","coordinates":[[139.286239,-35.148783],[139.286233,-35.148707]]}},{"type":"Feature","properties":{"tier":"arterial"},"geometry":{"type":"LineString","coordinates":[[139.286395,-35.150458],[139.286371,-35.150217]]}},{"type":"Feature","properties":{"tier":"high"},"geometry":{"type":"LineString","coordinates":[[139.286347,-35.148776],[139.286239,-35.148783]]}},{"type":"Feature","properties":{"tier":"arterial"},"geometry":{"type":"LineString","coordinates":[[139.035919,-35.128565],[139.034702,-35.130508],[139.034464,-35.130916]]}},{"type":"Feature","properties":{"tier":"arterial"},"geometry":{"type":"LineString","coordinates":[[139.040389,-35.121086],[139.038716,-35.123806]]}},{"type":"Feature","properties":{"tier":"high"},"geometry":{"type":"LineString","coordinates":[[139.035739,-35.125484],[139.036091,-35.125631],[139.037787,-35.126308]]}},{"type":"Feature","properties":{"tier":"high"},"geometry":{"type":"LineString","coordinates":[[139.043322,-35.129436],[139.042112,-35.128861],[139.04107,-35.128323],[139.039532,-35.127514],[139.038135,-35.126881],[139.037637,-35.126659],[139.035906,-35.125887],[139.035568,-35.125736]]}},{"type":"Feature","properties":{"tier":"high"},"geometry":{"type":"LineString","coordinates":[[139.422439,-35.223198],[139.42275,-35.223416],[139.42297,-35.223572]]}},{"type":"Feature","properties":{"tier":"high"},"geometry":{"type":"LineString","coordinates":[[139.326489,-35.147517],[139.3259,-35.147304],[139.325305,-35.147106],[139.324728,-35.146921],[139.324162,-35.146767],[139.323942,-35.146711],[139.323147,-35.146528],[139.32234,-35.146381],[139.321555,-35.146256],[139.320764,-35.146153],[139.319969,-35.146076],[139.319392,-35.146039],[139.319256,-35.146026],[139.31838,-35.146015],[139.317992,-35.146019],[139.317822,-35.14602],[139.317113,-35.146052],[139.316403,-35.146105],[139.315355,-35.146206]]}},{"type":"Feature","properties":{"tier":"arterial"},"geometry":{"type":"LineString","coordinates":[[139.328628,-35.146816],[139.328939,-35.146369]]}},{"type":"Feature","properties":{"tier":"high"},"geometry":{"type":"LineString","coordinates":[[139.286339,-35.1487],[139.286519,-35.148685]]}},{"type":"Feature","properties":{"tier":"high"},"geometry":{"type":"LineString","coordinates":[[139.328747,-35.148502],[139.326905,-35.147687],[139.326489,-35.147517]]}},{"type":"Feature","properties":{"tier":"high"},"geometry":{"type":"LineString","coordinates":[[139.326017,-35.147091],[139.32646,-35.147243],[139.327945,-35.147832]]}},{"type":"Feature","properties":{"tier":"high"},"geometry":{"type":"LineString","coordinates":[[139.315355,-35.146206],[139.316383,-35.146028],[139.317453,-35.145955],[139.318177,-35.145936],[139.318761,-35.145929],[139.319334,-35.145934],[139.32052,-35.146006],[139.321443,-35.146092],[139.322342,-35.14621],[139.323157,-35.146343],[139.323966,-35.146513],[139.324982,-35.146775],[139.326017,-35.147091]]}},{"type":"Feature","properties":{"tier":"arterial"},"geometry":{"type":"LineString","coordinates":[[139.459317,-35.272858],[139.458703,-35.273741]]}},{"type":"Feature","properties":{"tier":"arterial"},"geometry":{"type":"LineString","coordinates":[[139.253684,-35.095455],[139.253651,-35.095647],[139.253606,-35.096038],[139.253592,-35.096263]]}},{"type":"Feature","properties":{"tier":"arterial"},"geometry":{"type":"LineString","coordinates":[[139.253798,-35.094812],[139.253837,-35.094568],[139.2541,-35.093044],[139.254359,-35.09152],[139.254371,-35.091453],[139.254391,-35.091357],[139.25442,-35.091241],[139.254456,-35.091127],[139.254497,-35.091012],[139.254537,-35.090916],[139.254594,-35.090795],[139.254659,-35.090675],[139.25472,-35.090572],[139.254813,-35.090434],[139.254911,-35.090306],[139.255001,-35.090199],[139.25507,-35.090125],[139.255164,-35.09003],[139.255231,-35.089967]]}},{"type":"Feature","properties":{"tier":"arterial"},"geometry":{"type":"LineString","coordinates":[[139.273379,-35.120153],[139.273556,-35.120092],[139.2736,-35.120072],[139.273625,-35.120059],[139.2737,-35.120015]]}},{"type":"Feature","properties":{"tier":"arterial"},"geometry":{"type":"LineString","coordinates":[[139.204223,-35.034364],[139.203519,-35.034076],[139.203338,-35.033991],[139.203095,-35.033889],[139.202853,-35.033778],[139.202679,-35.033692],[139.202388,-35.033537],[139.202162,-35.033405],[139.201923,-35.033254],[139.201714,-35.033111],[139.201472,-35.032932],[139.201318,-35.032809],[139.201103,-35.032626],[139.200897,-35.032435],[139.200685,-35.032221],[139.200516,-35.032035],[139.200367,-35.031859],[139.200212,-35.03166],[139.200053,-35.031437],[139.199919,-35.03123],[139.199796,-35.031023],[139.199668,-35.030802],[139.198618,-35.028817],[139.197586,-35.026843],[139.196492,-35.024766],[139.196256,-35.024314],[139.196031,-35.023865],[139.195842,-35.023447],[139.195722,-35.023149],[139.195615,-35.022853],[139.19551,-35.022554],[139.195396,-35.022158],[139.195282,-35.02168],[139.1952,-35.021327],[139.195055,-35.020637]]}},{"type":"Feature","properties":{"tier":"high"},"geometry":{"type":"LineString","coordinates":[[139.130916,-35.137445],[139.132233,-35.137943],[139.133853,-35.138498],[139.135655,-35.139118],[139.139164,-35.140222],[139.142662,-35.141183],[139.143103,-35.1413],[139.146565,-35.142202],[139.15001,-35.14293],[139.151852,-35.143315],[139.15366,-35.143658],[139.165023,-35.145893],[139.166726,-35.146239],[139.168315,-35.146561],[139.168843,-35.14667],[139.170802,-35.147078],[139.172444,-35.147538],[139.172897,-35.147668],[139.174637,-35.148216],[139.177505,-35.149114],[139.178266,-35.149353],[139.179331,-35.149712],[139.180584,-35.150078],[139.182477,-35.150576],[139.182992,-35.150701],[139.184018,-35.150939],[139.184993,-35.15114],[139.186766,-35.151463],[139.187556,-35.151583],[139.189154,-35.151801],[139.191178,-35.152008],[139.191845,-35.152059],[139.193866,-35.152174],[139.195792,-35.152187],[139.19643,-35.152186],[139.197914,-35.152142],[139.200105,-35.152007],[139.20064,-35.15196],[139.203225,-35.151678],[139.204934,-35.151413],[139.205404,-35.151332],[139.207232,-35.151004],[139.208184,-35.150758],[139.208766,-35.150616],[139.209545,-35.150423],[139.210183,-35.150247],[139.212749,-35.149486],[139.213845,-35.149073],[139.21523,-35.148568],[139.217173,-35.147776],[139.219895,-35.146676],[139.220357,-35.146483],[139.22144,-35.14604]]}},{"type":"Feature","properties":{"tier":"regional"},"geometry":{"type":"LineString","coordinates":[[139.128052,-35.136136],[139.12807,-35.135828],[139.128083,-35.135519]]}},{"type":"Feature","properties":{"tier":"arterial"},"geometry":{"type":"LineString","coordinates":[[139.228064,-35.140309],[139.228457,-35.139956],[139.228596,-35.139833]]}},{"type":"Feature","properties":{"tier":"high"},"geometry":{"type":"LineString","coordinates":[[139.228157,-35.14038],[139.22801,-35.140535]]}},{"type":"Feature","properties":{"tier":"arterial"},"geometry":{"type":"LineString","coordinates":[[139.228064,-35.140309],[139.227945,-35.14023]]}},{"type":"Feature","properties":{"tier":"high"},"geometry":{"type":"LineString","coordinates":[[139.339637,-35.158659],[139.341108,-35.160606],[139.342791,-35.162824],[139.343372,-35.163588],[139.343562,-35.163852]]}},{"type":"Feature","properties":{"tier":"regional"},"geometry":{"type":"LineString","coordinates":[[139.12895,-35.122505],[139.129229,-35.117889]]}},{"type":"Feature","properties":{"tier":"arterial"},"geometry":{"type":"LineString","coordinates":[[139.273517,-35.119832],[139.273412,-35.11972],[139.273362,-35.119664],[139.273291,-35.119586]]}},{"type":"Feature","properties":{"tier":"arterial"},"geometry":{"type":"LineString","coordinates":[[139.228277,-35.140263],[139.228157,-35.14038]]}},{"type":"Feature","properties":{"tier":"high"},"geometry":{"type":"LineString","coordinates":[[139.227824,-35.14054],[139.228064,-35.140309]]}},{"type":"Feature","properties":{"tier":"high"},"geometry":{"type":"LineString","coordinates":[[139.287129,-35.151955],[139.286878,-35.152012],[139.286788,-35.152024],[139.286692,-35.152037]]}},{"type":"Feature","properties":{"tier":"high"},"geometry":{"type":"LineString","coordinates":[[139.286568,-35.151659],[139.286496,-35.151679],[139.286366,-35.151689]]}},{"type":"Feature","properties":{"tier":"arterial"},"geometry":{"type":"LineString","coordinates":[[139.286363,-35.148958],[139.286385,-35.149199],[139.286457,-35.149922],[139.286504,-35.150453]]}},{"type":"Feature","properties":{"tier":"high"},"geometry":{"type":"LineString","coordinates":[[139.286741,-35.148743],[139.286347,-35.148776]]}},{"type":"Feature","properties":{"tier":"high"},"geometry":{"type":"LineString","coordinates":[[139.130199,-35.139463],[139.127811,-35.139358]]}},{"type":"Feature","properties":{"tier":"arterial"},"geometry":{"type":"LineString","coordinates":[[139.038485,-35.124195],[139.038302,-35.124518],[139.038223,-35.124642]]}},{"type":"Feature","properties":{"tier":"high"},"geometry":{"type":"LineString","coordinates":[[139.039489,-35.124659],[139.038814,-35.124333]]}},{"type":"Feature","properties":{"tier":"high"},"geometry":{"type":"LineString","coordinates":[[139.455202,-35.257033],[139.455568,-35.257495],[139.455691,-35.257679],[139.45579,-35.257846]]}},{"type":"Feature","properties":{"tier":"high"},"geometry":{"type":"LineString","coordinates":[[139.459083,-35.270695],[139.459229,-35.271164],[139.459387,-35.27155],[139.459571,-35.271941],[139.459801,-35.272326]]}},{"type":"Feature","properties":{"tier":"arterial"},"geometry":{"type":"LineString","coordinates":[[139.274367,-35.120956],[139.274327,-35.120896]]}},{"type":"Feature","properties":{"tier":"arterial"},"geometry":{"type":"LineString","coordinates":[[139.277977,-35.11756],[139.277565,-35.117812],[139.277401,-35.117912],[139.277329,-35.117956],[139.276551,-35.118433],[139.27562,-35.119008],[139.275475,-35.119098],[139.274424,-35.11973]]}},{"type":"Feature","properties":{"tier":"arterial"},"geometry":{"type":"LineString","coordinates":[[139.274358,-35.119656],[139.275321,-35.119065],[139.275402,-35.119015]]}},{"type":"Feature","properties":{"tier":"arterial"},"geometry":{"type":"LineString","coordinates":[[139.253775,-35.094953],[139.253798,-35.094812]]}},{"type":"Feature","properties":{"tier":"arterial"},"geometry":{"type":"LineString","coordinates":[[139.225311,-35.139808],[139.223539,-35.139672],[139.222449,-35.139567],[139.221591,-35.139398],[139.220832,-35.139092],[139.218473,-35.138044],[139.217898,-35.137801],[139.216868,-35.137479],[139.214922,-35.137073],[139.21383,-35.136846],[139.208325,-35.135698],[139.207877,-35.135611],[139.207774,-35.135587],[139.200971,-35.134122],[139.198653,-35.133624],[139.198198,-35.133505],[139.197747,-35.133348],[139.197211,-35.133133],[139.196734,-35.132913],[139.196087,-35.132515],[139.193546,-35.130894],[139.193143,-35.130599],[139.192525,-35.13015],[139.191765,-35.129438],[139.190426,-35.127522],[139.189387,-35.126658],[139.187868,-35.125675],[139.187349,-35.125397],[139.186734,-35.125126],[139.186225,-35.124962],[139.184577,-35.124471],[139.182627,-35.123918],[139.182051,-35.123755],[139.180153,-35.1236],[139.179472,-35.123475],[139.177339,-35.123044],[139.177037,-35.122966],[139.176634,-35.12282],[139.176268,-35.122656],[139.174605,-35.121973],[139.172865,-35.121534],[139.171144,-35.121107],[139.17036,-35.120876],[139.16951,-35.120657],[139.167839,-35.12023],[139.16595,-35.119805],[139.16522,-35.119617],[139.163065,-35.119064],[139.158198,-35.11896],[139.15784,-35.119026],[139.157514,-35.119143],[139.157183,-35.119261],[139.156494,-35.119603],[139.156141,-35.119789],[139.155943,-35.119859],[139.155728,-35.119919],[139.155488,-35.119962],[139.155242,-35.119979],[139.155026,-35.119976],[139.154814,-35.119953],[139.154579,-35.119907],[139.154374,-35.119844],[139.154165,-35.119761],[139.153951,-35.119653],[139.153737,-35.119516],[139.153352,-35.119223],[139.153087,-35.11899],[139.152933,-35.118857],[139.152722,-35.118664],[139.152147,-35.11816],[139.151958,-35.118035],[139.151743,-35.117909],[139.151611,-35.11785],[139.151468,-35.117792],[139.151365,-35.117755],[139.151253,-35.117724],[139.151153,-35.1177],[139.151041,-35.117679],[139.150906,-35.117662],[139.150758,-35.117651],[139.150633,-35.117647],[139.150486,-35.117652],[139.150343,-35.117662],[139.150184,-35.117684],[139.150074,-35.117704],[139.149955,-35.117733],[139.149827,-35.117768],[139.149696,-35.117813],[139.149429,-35.117928],[139.149112,-35.118088],[139.148674,-35.118324],[139.148492,-35.118425],[139.148146,-35.118564],[139.147935,-35.118628],[139.147712,-35.118677],[139.147469,-35.118709],[139.147253,-35.118724],[139.146914,-35.11873],[139.144696,-35.118693],[139.139268,-35.118562],[139.139119,-35.118559],[139.136216,-35.118526],[139.134531,-35.118489],[139.134049,-35.118461],[139.133593,-35.118419],[139.133266,-35.118389],[139.13226,-35.118273],[139.131016,-35.118094],[139.130135,-35.117984],[139.129229,-35.117889],[139.11738,-35.116592],[139.105359,-35.115234],[139.104458,-35.115124],[139.104204,-35.115124],[139.102351,-35.114916],[139.102144,-35.114893],[139.100692,-35.114734],[139.100608,-35.114725],[139.097544,-35.114389],[139.091274,-35.113691],[139.088901,-35.113427],[139.085173,-35.113003],[139.084349,-35.112909],[139.083576,-35.112867],[139.082298,-35.112881],[139.081233,-35.11286],[139.080684,-35.112832],[139.080092,-35.112706],[139.079228,-35.112388],[139.077907,-35.11167],[139.07749,-35.111468],[139.07712,-35.111328],[139.076728,-35.111196],[139.076174,-35.111066],[139.07566,-35.111061],[139.074966,-35.11114],[139.074267,-35.111328],[139.072776,-35.111992],[139.072459,-35.112145],[139.072046,-35.11236],[139.071784,-35.112527],[139.070937,-35.113364],[139.070456,-35.113799],[139.070019,-35.11408],[139.069289,-35.114361],[139.068594,-35.114487],[139.067795,-35.114515],[139.066972,-35.114326],[139.066465,-35.114108],[139.065993,-35.113863],[139.065723,-35.11357],[139.065391,-35.11336],[139.065229,-35.113259],[139.064817,-35.112985],[139.064345,-35.112739],[139.063899,-35.112585],[139.063453,-35.112465],[139.060076,-35.111843],[139.058766,-35.111602],[139.053332,-35.110594],[139.051758,-35.110304],[139.050801,-35.110023],[139.050038,-35.109739],[139.049296,-35.109427],[139.048867,-35.109223],[139.048626,-35.109109],[139.047828,-35.108809]]}},{"type":"Feature","properties":{"tier":"high"},"geometry":{"type":"LineString","coordinates":[[139.227416,-35.141855],[139.227413,-35.142173],[139.227434,-35.142427],[139.227472,-35.142682],[139.227534,-35.142932],[139.227642,-35.143215]]}},{"type":"Feature","properties":{"tier":"arterial"},"geometry":{"type":"LineString","coordinates":[[139.286116,-35.147809],[139.286109,-35.147731],[139.286061,-35.147324]]}},{"type":"Feature","properties":{"tier":"arterial"},"geometry":{"type":"LineString","coordinates":[[139.288106,-35.153598],[139.288418,-35.153835],[139.289178,-35.1544]]}},{"type":"Feature","properties":{"tier":"arterial"},"geometry":{"type":"LineString","coordinates":[[139.286788,-35.152024],[139.286845,-35.152159],[139.286873,-35.152213]]}},{"type":"Feature","properties":{"tier":"high"},"geometry":{"type":"LineString","coordinates":[[139.038524,-35.124131],[139.038825,-35.124258]]}},{"type":"Feature","properties":{"tier":"high"},"geometry":{"type":"LineString","coordinates":[[139.038814,-35.124333],[139.038485,-35.124195]]}},{"type":"Feature","properties":{"tier":"arterial"},"geometry":{"type":"LineString","coordinates":[[139.038716,-35.123806],[139.038524,-35.124131]]}},{"type":"Feature","properties":{"tier":"arterial"},"geometry":{"type":"LineString","coordinates":[[139.038223,-35.124642],[139.03758,-35.125738]]}},{"type":"Feature","properties":{"tier":"high"},"geometry":{"type":"LineString","coordinates":[[139.038814,-35.124333],[139.038723,-35.124323],[139.038649,-35.124328],[139.038583,-35.124354],[139.038523,-35.124388],[139.038302,-35.124518]]}},{"type":"Feature","properties":{"tier":"high"},"geometry":{"type":"LineString","coordinates":[[139.038716,-35.123806],[139.038714,-35.123902],[139.038715,-35.123986],[139.038722,-35.124066],[139.038752,-35.124175],[139.038825,-35.124258]]}},{"type":"Feature","properties":{"tier":"high"},"geometry":{"type":"LineString","coordinates":[[139.036094,-35.128276],[139.036255,-35.128351]]}},{"type":"Feature","properties":{"tier":"arterial"},"geometry":{"type":"LineString","coordinates":[[139.036195,-35.128109],[139.036094,-35.128276]]}},{"type":"Feature","properties":{"tier":"arterial"},"geometry":{"type":"LineString","coordinates":[[139.036056,-35.128344],[139.035919,-35.128565]]}},{"type":"Feature","properties":{"tier":"high"},"geometry":{"type":"LineString","coordinates":[[139.036222,-35.128417],[139.036056,-35.128344]]}},{"type":"Feature","properties":{"tier":"high"},"geometry":{"type":"LineString","coordinates":[[139.036222,-35.128417],[139.036153,-35.128431],[139.036094,-35.128448],[139.03605,-35.128467],[139.036002,-35.128499],[139.035919,-35.128565]]}},{"type":"Feature","properties":{"tier":"high"},"geometry":{"type":"LineString","coordinates":[[139.036195,-35.128109],[139.036199,-35.128179],[139.036212,-35.128242],[139.036231,-35.128294],[139.036255,-35.128351]]}},{"type":"Feature","properties":{"tier":"arterial"},"geometry":{"type":"LineString","coordinates":[[139.036094,-35.128276],[139.036056,-35.128344]]}},{"type":"Feature","properties":{"tier":"high"},"geometry":{"type":"LineString","coordinates":[[139.287538,-35.148628],[139.287737,-35.14866],[139.287913,-35.148705],[139.288136,-35.148794],[139.28832,-35.148914],[139.28849,-35.14907],[139.288598,-35.149219],[139.288915,-35.149574],[139.289299,-35.149866],[139.289812,-35.150105],[139.290223,-35.15024],[139.290666,-35.150319],[139.291235,-35.150317],[139.293238,-35.150075]]}},{"type":"Feature","properties":{"tier":"high"},"geometry":{"type":"LineString","coordinates":[[139.286686,-35.150883],[139.287552,-35.150742],[139.287791,-35.150663],[139.287984,-35.150578],[139.288144,-35.150485],[139.2883,-35.150375],[139.288453,-35.150151],[139.288565,-35.149973],[139.288614,-35.149745],[139.288599,-35.149547],[139.288502,-35.149267],[139.288299,-35.149014],[139.288041,-35.148831],[139.287741,-35.148719],[139.287383,-35.148689]]}},{"type":"Feature","properties":{"tier":"arterial"},"geometry":{"type":"LineString","coordinates":[[139.450516,-35.286244],[139.448635,-35.28787],[139.447466,-35.28888],[139.445986,-35.29016],[139.445174,-35.290862],[139.4445,-35.291444],[139.443797,-35.292051],[139.44198,-35.293627],[139.441321,-35.294209],[139.440915,-35.294573],[139.440489,-35.294986],[139.440116,-35.295356],[139.43983,-35.29568],[139.439527,-35.296034],[139.439094,-35.296591],[139.438571,-35.297284],[139.437491,-35.298721],[139.436633,-35.299856],[139.435747,-35.301023],[139.435304,-35.301618],[139.434872,-35.302133],[139.434424,-35.302633],[139.433991,-35.303071],[139.433219,-35.303775],[139.432513,-35.304324],[139.432465,-35.304357],[139.431695,-35.304894],[139.430827,-35.305445],[139.429021,-35.306511],[139.4272,-35.307611],[139.425465,-35.308671],[139.42512,-35.308877],[139.422176,-35.310657],[139.421181,-35.311258],[139.419185,-35.312466],[139.418328,-35.312991],[139.417755,-35.313333],[139.41709,-35.31373],[139.415087,-35.314957],[139.414441,-35.315325],[139.413695,-35.315768],[139.411519,-35.317093],[139.409415,-35.31836],[139.408463,-35.319061],[139.407651,-35.319832],[139.407368,-35.320129],[139.40705,-35.320495],[139.406635,-35.321084],[139.405896,-35.32237],[139.405669,-35.323051],[139.405492,-35.323651],[139.405351,-35.324395],[139.405261,-35.325113],[139.405221,-35.325345],[139.40514,-35.326028],[139.404955,-35.327446],[139.404886,-35.328023],[139.404831,-35.328609],[139.404766,-35.329299],[139.404726,-35.33001],[139.404693,-35.330916],[139.404632,-35.332279],[139.404541,-35.33338],[139.404512,-35.333632],[139.404439,-35.334286],[139.404348,-35.334902],[139.404283,-35.335323],[139.404185,-35.335924],[139.404084,-35.336478],[139.403989,-35.33694],[139.403797,-35.337807],[139.403579,-35.338879],[139.403499,-35.339344],[139.403437,-35.33969],[139.403361,-35.340218],[139.403296,-35.340677],[139.403231,-35.341168],[139.403176,-35.341603],[139.403049,-35.342595],[139.402976,-35.343152],[139.402878,-35.343907],[139.402813,-35.344295],[139.402639,-35.345669],[139.402446,-35.34711],[139.402337,-35.347931],[139.402138,-35.349444],[139.401935,-35.350977],[139.401907,-35.351218],[139.401764,-35.352304],[139.401597,-35.353583],[139.401445,-35.354725],[139.40135,-35.355457],[139.401263,-35.356123],[139.40115,-35.35696],[139.400962,-35.358449],[139.400802,-35.360054],[139.400737,-35.360788],[139.400679,-35.361579],[139.400606,-35.362366],[139.400577,-35.362843],[139.400464,-35.364204],[139.400403,-35.365027],[139.400294,-35.366344],[139.400145,-35.368233],[139.399996,-35.370044],[139.399876,-35.371592],[139.399724,-35.373431],[139.399597,-35.375118],[139.399466,-35.376695],[139.399325,-35.378489],[139.399174,-35.38016],[139.399113,-35.380929],[139.399056,-35.3817],[139.39894,-35.383292],[139.398849,-35.384585],[139.398797,-35.38533],[139.398792,-35.385517],[139.398766,-35.385992],[139.398742,-35.386918],[139.398726,-35.388012],[139.398686,-35.38977],[139.398642,-35.390896],[139.398613,-35.391803],[139.398598,-35.392428],[139.398599,-35.393265],[139.398584,-35.393993],[139.398548,-35.395297],[139.398525,-35.396394],[139.398515,-35.39685],[139.398487,-35.397883],[139.398469,-35.399293],[139.398474,-35.400743],[139.398505,-35.401833],[139.398525,-35.402593],[139.398572,-35.403463],[139.39861,-35.404285],[139.398639,-35.405072],[139.398654,-35.405444],[139.398703,-35.406641],[139.398723,-35.406864],[139.39877,-35.407749],[139.39883,-35.409],[139.398871,-35.409867],[139.398944,-35.410963],[139.39899,-35.411848],[139.399052,-35.413189],[139.399108,-35.414289],[139.399177,-35.415689],[139.399336,-35.418948],[139.399485,-35.421767],[139.399619,-35.424336],[139.399742,-35.427005],[139.39984,-35.429552],[139.39985,-35.430937],[139.399829,-35.432727],[139.399763,-35.434576],[139.39967,-35.43586],[139.399593,-35.436968],[139.399449,-35.438536],[139.399131,-35.4411],[139.39905,-35.441706],[139.398902,-35.442822],[139.398774,-35.443752],[139.39853,-35.445655],[139.398371,-35.446838],[139.398161,-35.448398],[139.397791,-35.451183],[139.397478,-35.453508],[139.397144,-35.455967],[139.396795,-35.458677],[139.396503,-35.460876],[139.396174,-35.46333],[139.395835,-35.465914],[139.395481,-35.468523],[139.395231,-35.470436],[139.395151,-35.470951],[139.395046,-35.471406],[139.39494,-35.471784],[139.394821,-35.472121],[139.394694,-35.472432],[139.394559,-35.47271],[139.394371,-35.473073],[139.394164,-35.473434],[139.393971,-35.473724],[139.393743,-35.474037],[139.393536,-35.474294],[139.393274,-35.474596],[139.392498,-35.475438],[139.390781,-35.477315],[139.389173,-35.479083],[139.387408,-35.481013],[139.385132,-35.483502],[139.384976,-35.483694],[139.384824,-35.483889],[139.384668,-35.484126],[139.384566,-35.484306],[139.384454,-35.484528],[139.384348,-35.484782],[139.384269,-35.485006],[139.384196,-35.485284],[139.384145,-35.485518],[139.384105,-35.485784],[139.384087,-35.486056],[139.384076,-35.486369],[139.384058,-35.487312],[139.384054,-35.487575],[139.384033,-35.4878],[139.383978,-35.488145],[139.383913,-35.488414],[139.383815,-35.488722],[139.383706,-35.48897],[139.383579,-35.489224],[139.383416,-35.489487],[139.383219,-35.489756],[139.38306,-35.489945],[139.382878,-35.490137],[139.382693,-35.490312],[139.382388,-35.490554],[139.380795,-35.491775],[139.378424,-35.493578],[139.37605,-35.495383],[139.37388,-35.497239],[139.371517,-35.499237],[139.370609,-35.50002]]}},{"type":"Feature","properties":{"tier":"arterial"},"geometry":{"type":"LineString","coordinates":[[139.404032,-35.325266],[139.404186,-35.325276],[139.405221,-35.325345]]}},{"type":"Feature","properties":{"tier":"high"},"geometry":{"type":"LineString","coordinates":[[139.456122,-35.258548],[139.456319,-35.25926],[139.456588,-35.26023]]}},{"type":"Feature","properties":{"tier":"arterial"},"geometry":{"type":"LineString","coordinates":[[139.386551,-35.329734],[139.387053,-35.329212]]}},{"type":"Feature","properties":{"tier":"arterial"},"geometry":{"type":"LineString","coordinates":[[139.393484,-35.324611],[139.394716,-35.324678],[139.396421,-35.324779],[139.397119,-35.324819],[139.398276,-35.324895],[139.39994,-35.324994],[139.402107,-35.325138],[139.404032,-35.325266]]}},{"type":"Feature","properties":{"tier":"arterial"},"geometry":{"type":"LineString","coordinates":[[139.387053,-35.329212],[139.387775,-35.328477],[139.389494,-35.326452],[139.390324,-35.325494]]}},{"type":"Feature","properties":{"tier":"high"},"geometry":{"type":"LineString","coordinates":[[139.430647,-35.229359],[139.428309,-35.227689],[139.425016,-35.225336],[139.423284,-35.224099]]}},{"type":"Feature","properties":{"tier":"high"},"geometry":{"type":"LineString","coordinates":[[139.425161,-35.225122],[139.431244,-35.229489]]}},{"type":"Feature","properties":{"tier":"regional"},"geometry":{"type":"LineString","coordinates":[[139.127789,-35.139745],[139.127811,-35.139358],[139.127815,-35.139291]]}},{"type":"Feature","properties":{"tier":"regional"},"geometry":{"type":"LineString","coordinates":[[139.131828,-35.07756],[139.131877,-35.077002],[139.131944,-35.076544]]}},{"type":"Feature","properties":{"tier":"regional"},"geometry":{"type":"LineString","coordinates":[[139.186081,-35.04622],[139.182899,-35.047974],[139.182381,-35.04826]]}},{"type":"Feature","properties":{"tier":"arterial"},"geometry":{"type":"LineString","coordinates":[[139.328939,-35.146369],[139.329449,-35.145537],[139.329586,-35.145293],[139.329737,-35.144925],[139.329882,-35.144432],[139.329919,-35.144191],[139.329929,-35.144081],[139.329946,-35.14381],[139.329925,-35.143485],[139.329897,-35.143262],[139.329811,-35.142885],[139.329777,-35.142749],[139.329687,-35.14253],[139.329567,-35.14225],[139.329185,-35.14151],[139.329012,-35.14118],[139.32891,-35.140985],[139.328842,-35.140852]]}},{"type":"Feature","properties":{"tier":"arterial"},"geometry":{"type":"LineString","coordinates":[[139.328842,-35.140852],[139.328771,-35.140722],[139.328643,-35.140484],[139.32854,-35.140269]]}},{"type":"Feature","properties":{"tier":"regional"},"geometry":{"type":"LineString","coordinates":[[139.275469,-35.144626],[139.276563,-35.145416]]}},{"type":"Feature","properties":{"tier":"arterial"},"geometry":{"type":"LineString","coordinates":[[139.32854,-35.140269],[139.328373,-35.139951],[139.328159,-35.139544],[139.327811,-35.138888],[139.32757,-35.138441],[139.327411,-35.138118],[139.327216,-35.137689],[139.327052,-35.137289],[139.326547,-35.13604],[139.326333,-35.135476],[139.326006,-35.134482]]}},{"type":"Feature","properties":{"tier":"arterial"},"geometry":{"type":"LineString","coordinates":[[139.308395,-35.117022],[139.308072,-35.116794],[139.307437,-35.116323],[139.306983,-35.116]]}},{"type":"Feature","properties":{"tier":"arterial"},"geometry":{"type":"LineString","coordinates":[[139.350465,-35.073939],[139.350519,-35.073975],[139.350556,-35.074002],[139.350597,-35.074028],[139.350651,-35.074056],[139.350698,-35.074075],[139.350778,-35.07411],[139.350873,-35.074146],[139.351002,-35.074195],[139.351075,-35.074218],[139.351158,-35.074243],[139.351236,-35.074263],[139.351375,-35.074296],[139.351486,-35.074321],[139.351626,-35.074348],[139.351777,-35.074366],[139.352002,-35.074391],[139.352247,-35.074415],[139.352679,-35.074461],[139.353185,-35.074518],[139.353947,-35.074602],[139.354287,-35.074638],[139.354632,-35.074677],[139.354728,-35.074687],[139.355495,-35.074771],[139.356504,-35.074881],[139.358215,-35.075064],[139.360809,-35.075347],[139.362107,-35.075499],[139.362331,-35.075524],[139.362445,-35.07554],[139.362569,-35.075559],[139.362669,-35.075575],[139.362806,-35.075602],[139.36294,-35.075633],[139.363066,-35.075669],[139.36317,-35.075701],[139.363263,-35.075733],[139.363392,-35.07578],[139.363504,-35.075824],[139.363678,-35.075897],[139.363845,-35.075977],[139.364012,-35.07606],[139.364646,-35.07638],[139.365282,-35.076694],[139.365751,-35.076932],[139.366388,-35.077215],[139.366815,-35.077382],[139.367069,-35.07747],[139.367473,-35.077599],[139.367727,-35.077674],[139.368248,-35.077798],[139.368736,-35.077897],[139.369215,-35.077989],[139.369789,-35.07809],[139.370381,-35.078201],[139.371222,-35.078358],[139.372011,-35.078506],[139.372818,-35.078654],[139.373725,-35.078823],[139.373946,-35.078863],[139.374757,-35.07901],[139.375289,-35.079113],[139.375852,-35.079216],[139.376733,-35.079379],[139.376997,-35.079422],[139.377196,-35.079452],[139.377427,-35.079473],[139.377616,-35.079488],[139.37783,-35.079501],[139.377962,-35.079503],[139.378265,-35.079507],[139.378514,-35.079499],[139.378852,-35.079482],[139.379169,-35.079447],[139.379518,-35.079396],[139.379971,-35.079334],[139.380621,-35.079235],[139.381497,-35.079155],[139.382205,-35.079049],[139.382868,-35.07896],[139.383361,-35.078884],[139.383912,-35.078797],[139.384653,-35.078691],[139.38587,-35.078507],[139.386793,-35.078376],[139.38708,-35.078285],[139.388644,-35.078056],[139.389703,-35.077899],[139.390384,-35.077809],[139.390741,-35.077777],[139.391218,-35.077766],[139.391873,-35.077768],[139.392036,-35.077767],[139.39253,-35.077779],[139.392965,-35.077785],[139.39328,-35.077807],[139.393513,-35.077833],[139.393861,-35.077893],[139.394176,-35.077964],[139.394551,-35.078069],[139.394894,-35.078182],[139.394965,-35.078207],[139.3952,-35.078292],[139.3958,-35.07851],[139.39633,-35.078697],[139.397008,-35.078933],[139.397454,-35.079081],[139.397831,-35.079186],[139.398124,-35.079252],[139.398444,-35.079314],[139.39869,-35.079355],[139.399073,-35.079402],[139.400145,-35.079535],[139.401172,-35.079664],[139.402778,-35.079859],[139.403163,-35.079908],[139.403397,-35.07993],[139.403682,-35.079945],[139.403989,-35.079953],[139.404322,-35.079958],[139.405343,-35.079947],[139.407767,-35.079915],[139.410298,-35.079861],[139.410639,-35.079861],[139.410877,-35.079874],[139.411234,-35.079904],[139.411506,-35.079941],[139.411768,-35.079994],[139.411882,-35.080017],[139.412022,-35.080046],[139.412486,-35.080161],[139.413154,-35.080337],[139.414548,-35.080691],[139.41649,-35.081186],[139.418589,-35.081725],[139.419283,-35.081903],[139.420758,-35.082282],[139.421838,-35.082554],[139.422826,-35.082808],[139.423549,-35.082988],[139.423879,-35.083054],[139.424141,-35.083097],[139.424414,-35.083135],[139.424694,-35.083165],[139.425268,-35.083206],[139.425726,-35.083234],[139.427359,-35.083341],[139.429576,-35.083479],[139.432358,-35.083654],[139.434855,-35.083817],[139.437523,-35.083989],[139.439706,-35.084126],[139.441773,-35.084263],[139.441936,-35.084273],[139.44217,-35.084288],[139.443809,-35.084388],[139.445137,-35.084478],[139.44639,-35.084557],[139.447027,-35.084598],[139.448331,-35.084682],[139.450444,-35.084814],[139.452131,-35.084922],[139.452859,-35.084971],[139.453902,-35.085037],[139.455356,-35.085134],[139.456292,-35.085192],[139.457416,-35.085265],[139.459075,-35.085366],[139.459614,-35.085402],[139.459875,-35.085431],[139.460073,-35.085458],[139.460319,-35.085501],[139.460503,-35.085543],[139.460746,-35.085606],[139.461024,-35.085689],[139.461331,-35.085807],[139.461653,-35.08594],[139.462324,-35.086227],[139.463225,-35.086611],[139.463509,-35.086749]]}},{"type":"Feature","properties":{"tier":"regional"},"geometry":{"type":"LineString","coordinates":[[139.464688,-35.042905],[139.465129,-35.043498],[139.465418,-35.044044],[139.465467,-35.044313],[139.465473,-35.045197],[139.465463,-35.049767],[139.465438,-35.056446],[139.465446,-35.059389],[139.465417,-35.070521],[139.465329,-35.08087],[139.465248,-35.085626],[139.465211,-35.086531],[139.465197,-35.086725],[139.465155,-35.086896],[139.465069,-35.087081],[139.464944,-35.087278]]}},{"type":"Feature","properties":{"tier":"regional"},"geometry":{"type":"LineString","coordinates":[[139.465729,-35.087643],[139.46568,-35.08772],[139.46543,-35.088101],[139.465302,-35.088325],[139.465259,-35.088413],[139.465234,-35.088481],[139.46522,-35.088564]]}},{"type":"Feature","properties":{"tier":"arterial"},"geometry":{"type":"LineString","coordinates":[[139.463509,-35.086749],[139.463974,-35.0869],[139.464397,-35.087055],[139.464944,-35.087278]]}},{"type":"Feature","properties":{"tier":"regional"},"geometry":{"type":"LineString","coordinates":[[139.464944,-35.087278],[139.464876,-35.087369]]}},{"type":"Feature","properties":{"tier":"arterial"},"geometry":{"type":"LineString","coordinates":[[139.464944,-35.087278],[139.465729,-35.087643],[139.466705,-35.088085],[139.466925,-35.0882]]}},{"type":"Feature","properties":{"tier":"arterial"},"geometry":{"type":"LineString","coordinates":[[139.466925,-35.0882],[139.466059,-35.087897],[139.46568,-35.08772],[139.465244,-35.087522]]}},{"type":"Feature","properties":{"tier":"arterial"},"geometry":{"type":"LineString","coordinates":[[139.465244,-35.087522],[139.464876,-35.087369],[139.464632,-35.08728],[139.463509,-35.086749]]}},{"type":"Feature","properties":{"tier":"arterial"},"geometry":{"type":"LineString","coordinates":[[139.265165,-35.041391],[139.265153,-35.040592],[139.265128,-35.038722],[139.265118,-35.038202],[139.265107,-35.036639],[139.265077,-35.034768],[139.265048,-35.032594],[139.26504,-35.032154],[139.265024,-35.031847],[139.265002,-35.031561],[139.264972,-35.031316],[139.264945,-35.031121],[139.264899,-35.030909],[139.264845,-35.030692],[139.264761,-35.030425],[139.26467,-35.030164],[139.264608,-35.030018],[139.264548,-35.029876],[139.264427,-35.029618],[139.264319,-35.029403],[139.264175,-35.02916],[139.264035,-35.028954],[139.263905,-35.028768],[139.263776,-35.028587],[139.263527,-35.028284],[139.262058,-35.026482],[139.260446,-35.024513],[139.258917,-35.022634],[139.257316,-35.020665],[139.255669,-35.018639],[139.254181,-35.016816],[139.252533,-35.014791],[139.251854,-35.01396],[139.250949,-35.012854],[139.249274,-35.010788],[139.247477,-35.008582],[139.245697,-35.006385],[139.243892,-35.004174],[139.243504,-35.003674],[139.24335,-35.003476],[139.242807,-35.002804],[139.242437,-35.002361],[139.242096,-35.00194],[139.240487,-35.000003],[139.240468,-34.99998]]}},{"type":"Feature","properties":{"tier":"arterial"},"geometry":{"type":"LineString","coordinates":[[139.265189,-35.043032],[139.265186,-35.042741],[139.265178,-35.04227]]}},{"type":"Feature","properties":{"tier":"arterial"},"geometry":{"type":"LineString","coordinates":[[139.265177,-35.0422],[139.265165,-35.041391]]}},{"type":"Feature","properties":{"tier":"arterial"},"geometry":{"type":"LineString","coordinates":[[139.265178,-35.04227],[139.265177,-35.0422]]}},{"type":"Feature","properties":{"tier":"arterial"},"geometry":{"type":"LineString","coordinates":[[139.382164,-35.331816],[139.382261,-35.331792],[139.382354,-35.331772],[139.382459,-35.331759],[139.382613,-35.331752],[139.382674,-35.331757],[139.382805,-35.331769],[139.382885,-35.331779],[139.383105,-35.33183],[139.383375,-35.331921],[139.383454,-35.331939],[139.383553,-35.33195],[139.383645,-35.331958],[139.383737,-35.33195],[139.383898,-35.331918]]}},{"type":"Feature","properties":{"tier":"regional"},"geometry":{"type":"LineString","coordinates":[[139.457886,-35.257693],[139.457963,-35.257751],[139.458078,-35.257865],[139.4582,-35.257987],[139.458283,-35.258075],[139.458399,-35.258199],[139.458485,-35.258291],[139.458558,-35.258355],[139.458607,-35.25839],[139.458671,-35.258412],[139.45874,-35.258418],[139.458807,-35.258428]]}},{"type":"Feature","properties":{"tier":"regional"},"geometry":{"type":"LineString","coordinates":[[139.458704,-35.258611],[139.458662,-35.258579],[139.458607,-35.258529],[139.458489,-35.258395],[139.458384,-35.258268],[139.458347,-35.258229],[139.458277,-35.258156],[139.458233,-35.258108]]}},{"type":"Feature","properties":{"tier":"regional"},"geometry":{"type":"LineString","coordinates":[[139.458233,-35.258108],[139.458049,-35.257911],[139.45793,-35.257775],[139.457886,-35.257693]]}},{"type":"Feature","properties":{"tier":"arterial"},"geometry":{"type":"LineString","coordinates":[[139.452897,-35.253252],[139.452856,-35.253301],[139.452807,-35.253337],[139.452622,-35.253452]]}},{"type":"Feature","properties":{"tier":"arterial"},"geometry":{"type":"LineString","coordinates":[[139.452526,-35.253453],[139.452763,-35.253316],[139.452828,-35.253277],[139.452897,-35.253252]]}},{"type":"Feature","properties":{"tier":"arterial"},"geometry":{"type":"LineString","coordinates":[[139.452622,-35.253452],[139.452563,-35.253519],[139.452524,-35.253566],[139.452485,-35.253616],[139.452457,-35.253658],[139.452443,-35.253699],[139.452443,-35.253741]]}},{"type":"Feature","properties":{"tier":"arterial"},"geometry":{"type":"LineString","coordinates":[[139.452111,-35.253349],[139.452226,-35.253414],[139.452278,-35.253439],[139.452327,-35.253456],[139.452379,-35.253467],[139.45243,-35.253465],[139.452487,-35.253461],[139.452526,-35.253453]]}},{"type":"Feature","properties":{"tier":"arterial"},"geometry":{"type":"LineString","coordinates":[[139.458332,-35.253928],[139.457797,-35.253923],[139.457759,-35.253923]]}},{"type":"Feature","properties":{"tier":"arterial"},"geometry":{"type":"LineString","coordinates":[[139.457759,-35.253923],[139.457637,-35.253923],[139.45756,-35.253929],[139.457444,-35.253939],[139.457355,-35.253964],[139.457256,-35.254004],[139.457194,-35.254029],[139.457101,-35.254079],[139.456794,-35.254267],[139.456755,-35.254308],[139.456727,-35.254352]]}},{"type":"Feature","properties":{"tier":"arterial"},"geometry":{"type":"LineString","coordinates":[[139.45659,-35.254187],[139.456642,-35.254191],[139.456704,-35.254193],[139.456758,-35.254179],[139.457102,-35.253973],[139.457175,-35.253938],[139.457196,-35.253932],[139.457257,-35.253915],[139.45736,-35.253902],[139.457568,-35.253901],[139.457759,-35.253923]]}},{"type":"Feature","properties":{"tier":"arterial"},"geometry":{"type":"LineString","coordinates":[[139.45463,-35.252144],[139.455513,-35.253051],[139.455528,-35.253067],[139.45659,-35.254187]]}},{"type":"Feature","properties":{"tier":"regional"},"geometry":{"type":"LineString","coordinates":[[139.455334,-35.251804],[139.454804,-35.252079],[139.45463,-35.252144]]}},{"type":"Feature","properties":{"tier":"regional"},"geometry":{"type":"LineString","coordinates":[[139.455678,-35.251271],[139.455704,-35.251326],[139.455719,-35.25138],[139.455724,-35.251424],[139.455721,-35.251474],[139.455705,-35.251532],[139.455677,-35.251583],[139.455625,-35.251636],[139.455559,-35.251685],[139.455453,-35.251745],[139.455334,-35.251804]]}},{"type":"Feature","properties":{"tier":"regional"},"geometry":{"type":"LineString","coordinates":[[139.455278,-35.251769],[139.455334,-35.251739],[139.455497,-35.25165],[139.455569,-35.251601],[139.455628,-35.251535],[139.455649,-35.25149],[139.455671,-35.251433],[139.455674,-35.251378],[139.455675,-35.251318],[139.455678,-35.251271]]}},{"type":"Feature","properties":{"tier":"regional"},"geometry":{"type":"LineString","coordinates":[[139.45463,-35.252144],[139.454705,-35.252047],[139.454748,-35.252014],[139.454789,-35.251993],[139.454854,-35.251971],[139.455069,-35.251882],[139.455278,-35.251769]]}},{"type":"Feature","properties":{"tier":"arterial"},"geometry":{"type":"LineString","coordinates":[[139.278053,-35.117515],[139.277977,-35.11756]]}},{"type":"Feature","properties":{"tier":"arterial"},"geometry":{"type":"LineString","coordinates":[[139.278088,-35.117493],[139.278053,-35.117515]]}},{"type":"Feature","properties":{"tier":"arterial"},"geometry":{"type":"LineString","coordinates":[[139.277902,-35.117495],[139.277913,-35.117488],[139.278034,-35.11743]]}},{"type":"Feature","properties":{"tier":"arterial"},"geometry":{"type":"LineString","coordinates":[[139.277813,-35.117548],[139.277902,-35.117495]]}},{"type":"Feature","properties":{"tier":"high"},"geometry":{"type":"LineString","coordinates":[[139.404951,-35.207352],[139.405273,-35.20713]]}},{"type":"Feature","properties":{"tier":"high"},"geometry":{"type":"LineString","coordinates":[[139.31838,-35.146015],[139.318285,-35.145992],[139.318234,-35.145976],[139.318201,-35.145961],[139.318177,-35.145936]]}},{"type":"Feature","properties":{"tier":"high"},"geometry":{"type":"LineString","coordinates":[[139.318177,-35.145936],[139.318155,-35.145952],[139.31812,-35.145973],[139.318092,-35.145987],[139.318051,-35.146003],[139.318026,-35.14601],[139.317992,-35.146019]]}},{"type":"Feature","properties":{"tier":"arterial"},"geometry":{"type":"LineString","coordinates":[[139.286371,-35.150217],[139.286338,-35.149778],[139.286239,-35.148783]]}},{"type":"Feature","properties":{"tier":"regional"},"geometry":{"type":"LineString","coordinates":[[139.264879,-35.1453],[139.26699,-35.141425],[139.267261,-35.140866],[139.267628,-35.140207],[139.268049,-35.139451],[139.268077,-35.139399]]}},{"type":"Feature","properties":{"tier":"high"},"geometry":{"type":"LineString","coordinates":[[139.461778,-35.274582],[139.46233,-35.274993],[139.463348,-35.275663]]}},{"type":"Feature","properties":{"tier":"high"},"geometry":{"type":"LineString","coordinates":[[139.452244,-35.253686],[139.452212,-35.253649],[139.452204,-35.253639]]}},{"type":"Feature","properties":{"tier":"high"},"geometry":{"type":"LineString","coordinates":[[139.32828,-35.147167],[139.328333,-35.147114],[139.328628,-35.146816]]}},{"type":"Feature","properties":{"tier":"high"},"geometry":{"type":"LineString","coordinates":[[139.328628,-35.146816],[139.328431,-35.147249]]}},{"type":"Feature","properties":{"tier":"arterial"},"geometry":{"type":"LineString","coordinates":[[139.429333,-35.280132],[139.430606,-35.279491],[139.432041,-35.278616],[139.432395,-35.278088],[139.43322,-35.276438]]}},{"type":"Feature","properties":{"tier":"arterial"},"geometry":{"type":"LineString","coordinates":[[139.428119,-35.280633],[139.429333,-35.280132]]}},{"type":"Feature","properties":{"tier":"high"},"geometry":{"type":"LineString","coordinates":[[139.452304,-35.253582],[139.452341,-35.253625]]}},{"type":"Feature","properties":{"tier":"arterial"},"geometry":{"type":"LineString","coordinates":[[139.452304,-35.253582],[139.452526,-35.253453]]}},{"type":"Feature","properties":{"tier":"high"},"geometry":{"type":"LineString","coordinates":[[139.450457,-35.251358],[139.452111,-35.253349]]}},{"type":"Feature","properties":{"tier":"arterial"},"geometry":{"type":"LineString","coordinates":[[139.452622,-35.253452],[139.452341,-35.253625]]}},{"type":"Feature","properties":{"tier":"arterial"},"geometry":{"type":"LineString","coordinates":[[139.452204,-35.253639],[139.452304,-35.253582]]}},{"type":"Feature","properties":{"tier":"arterial"},"geometry":{"type":"LineString","coordinates":[[139.427962,-35.280698],[139.428119,-35.280633]]}},{"type":"Feature","properties":{"tier":"high"},"geometry":{"type":"LineString","coordinates":[[139.452341,-35.253625],[139.452443,-35.253741]]}},{"type":"Feature","properties":{"tier":"arterial"},"geometry":{"type":"LineString","coordinates":[[139.452341,-35.253625],[139.452244,-35.253686]]}},{"type":"Feature","properties":{"tier":"arterial"},"geometry":{"type":"LineString","coordinates":[[139.382164,-35.331816],[139.381845,-35.3307],[139.381553,-35.32968],[139.381444,-35.329338],[139.38126,-35.328834],[139.381178,-35.328687],[139.380974,-35.328354],[139.38072,-35.328012],[139.380317,-35.327533],[139.379743,-35.326856],[139.379263,-35.326301],[139.378992,-35.325966],[139.378779,-35.325684],[139.378501,-35.325238],[139.378335,-35.32494],[139.378205,-35.324585],[139.377725,-35.322925],[139.377039,-35.320645],[139.376682,-35.319409],[139.376334,-35.318201],[139.376195,-35.317719]]}},{"type":"Feature","properties":{"tier":"arterial"},"geometry":{"type":"LineString","coordinates":[[139.375458,-35.312131],[139.375761,-35.310006],[139.37619,-35.308614],[139.376695,-35.305488],[139.376912,-35.304836],[139.377363,-35.304205],[139.378403,-35.303041],[139.383622,-35.298597]]}},{"type":"Feature","properties":{"tier":"arterial"},"geometry":{"type":"LineString","coordinates":[[139.376195,-35.317719],[139.375479,-35.315237],[139.37546,-35.315169],[139.375235,-35.314178],[139.375458,-35.312131]]}},{"type":"Feature","properties":{"tier":"regional"},"geometry":{"type":"LineString","coordinates":[[139.128003,-35.136831],[139.128015,-35.136663]]}},{"type":"Feature","properties":{"tier":"arterial"},"geometry":{"type":"LineString","coordinates":[[139.280631,-35.132645],[139.280379,-35.131785],[139.28028,-35.131449],[139.280131,-35.130938],[139.27983,-35.129909],[139.279689,-35.129429]]}},{"type":"Feature","properties":{"tier":"arterial"},"geometry":{"type":"LineString","coordinates":[[139.279689,-35.129429],[139.279667,-35.129328],[139.279651,-35.129263],[139.27964,-35.12919],[139.279628,-35.129081],[139.279619,-35.129023],[139.279602,-35.128959]]}},{"type":"Feature","properties":{"tier":"arterial"},"geometry":{"type":"LineString","coordinates":[[139.306388,-35.115605],[139.306701,-35.11571],[139.306787,-35.115735],[139.306982,-35.115745],[139.307104,-35.115727],[139.307216,-35.115695],[139.307355,-35.115645]]}},{"type":"Feature","properties":{"tier":"arterial"},"geometry":{"type":"LineString","coordinates":[[139.285144,-35.137875],[139.285085,-35.137601],[139.284964,-35.137312],[139.28467,-35.136754],[139.284514,-35.136463],[139.284362,-35.136253],[139.284219,-35.136109],[139.282929,-35.134987],[139.282623,-35.13472],[139.282414,-35.134537],[139.281645,-35.133861],[139.281474,-35.13371]]}},{"type":"Feature","properties":{"tier":"arterial"},"geometry":{"type":"LineString","coordinates":[[139.281474,-35.13371],[139.281041,-35.133329],[139.280958,-35.133256],[139.280886,-35.133182],[139.280796,-35.133071],[139.28073,-35.132935],[139.280631,-35.132645]]}},{"type":"Feature","properties":{"tier":"arterial"},"geometry":{"type":"LineString","coordinates":[[139.268096,-35.116235],[139.267917,-35.116132],[139.266416,-35.115201],[139.266005,-35.114886],[139.265986,-35.114873],[139.265726,-35.114691]]}},{"type":"Feature","properties":{"tier":"arterial"},"geometry":{"type":"LineString","coordinates":[[139.271494,-35.118326],[139.271455,-35.118309],[139.271351,-35.118242]]}},{"type":"Feature","properties":{"tier":"regional"},"geometry":{"type":"LineString","coordinates":[[139.128083,-35.135519],[139.128108,-35.135143]]}},{"type":"Feature","properties":{"tier":"regional"},"geometry":{"type":"LineString","coordinates":[[139.128108,-35.135143],[139.128114,-35.13505],[139.128123,-35.13492]]}},{"type":"Feature","properties":{"tier":"regional"},"geometry":{"type":"LineString","coordinates":[[139.128123,-35.13492],[139.128162,-35.134341]]}},{"type":"Feature","properties":{"tier":"high"},"geometry":{"type":"LineString","coordinates":[[139.128123,-35.13492],[139.128159,-35.135],[139.128208,-35.135062],[139.12826,-35.135109],[139.128299,-35.135134],[139.128365,-35.135162]]}},{"type":"Feature","properties":{"tier":"high"},"geometry":{"type":"LineString","coordinates":[[139.127457,-35.135768],[139.12807,-35.135828]]}},{"type":"Feature","properties":{"tier":"regional"},"geometry":{"type":"LineString","coordinates":[[139.127844,-35.139035],[139.127895,-35.138436],[139.127918,-35.138148]]}},{"type":"Feature","properties":{"tier":"high"},"geometry":{"type":"LineString","coordinates":[[139.127844,-35.139035],[139.127876,-35.139136],[139.127927,-35.139204],[139.128007,-35.13927],[139.128081,-35.139303]]}},{"type":"Feature","properties":{"tier":"regional"},"geometry":{"type":"LineString","coordinates":[[139.127815,-35.139291],[139.127844,-35.139035]]}},{"type":"Feature","properties":{"tier":"regional"},"geometry":{"type":"LineString","coordinates":[[139.132712,-35.075297],[139.132582,-35.075436]]}},{"type":"Feature","properties":{"tier":"regional"},"geometry":{"type":"LineString","coordinates":[[139.131944,-35.076544],[139.132039,-35.07621]]}},{"type":"Feature","properties":{"tier":"regional"},"geometry":{"type":"LineString","coordinates":[[139.132269,-35.075824],[139.132314,-35.075761]]}},{"type":"Feature","properties":{"tier":"regional"},"geometry":{"type":"LineString","coordinates":[[139.132582,-35.075436],[139.132314,-35.075761]]}},{"type":"Feature","properties":{"tier":"regional"},"geometry":{"type":"LineString","coordinates":[[139.132039,-35.07621],[139.13216,-35.075996],[139.132269,-35.075824]]}},{"type":"Feature","properties":{"tier":"arterial"},"geometry":{"type":"LineString","coordinates":[[139.034852,-35.293745],[139.035563,-35.29454],[139.035853,-35.294897],[139.036013,-35.295062],[139.036255,-35.295324],[139.036354,-35.295432],[139.036481,-35.29558],[139.036828,-35.296005],[139.036878,-35.296062],[139.036906,-35.296108],[139.036924,-35.296151],[139.036929,-35.296199],[139.036929,-35.296273]]}}]}
