{"type":"FeatureCollection","features":[{"type":"Feature","properties":{"tier":"arterial"},"geometry":{"type":"LineString","coordinates":[[140.501319,-37.532409],[140.500711,-37.532575],[140.500119,-37.532703],[140.49998,-37.532734]]}},{"type":"Feature","properties":{"tier":"regional"},"geometry":{"type":"LineString","coordinates":[[140.834515,-37.856666],[140.836106,-37.853845],[140.839985,-37.847079]]}},{"type":"Feature","properties":{"tier":"high"},"geometry":{"type":"LineString","coordinates":[[140.792554,-37.801646],[140.792657,-37.802468],[140.79267,-37.803094],[140.792682,-37.803647]]}},{"type":"Feature","properties":{"tier":"arterial"},"geometry":{"type":"LineString","coordinates":[[140.49998,-37.682973],[140.500407,-37.682991],[140.50438,-37.683064],[140.516761,-37.683462],[140.517894,-37.683496],[140.518151,-37.6835],[140.518354,-37.683491],[140.518526,-37.683473],[140.518832,-37.683438],[140.51903,-37.683425],[140.519238,-37.683432],[140.522208,-37.683656],[140.52252,-37.683675],[140.522751,-37.683686],[140.522942,-37.68368],[140.523172,-37.683648],[140.523686,-37.683553],[140.525733,-37.68316],[140.527163,-37.68288],[140.527658,-37.682768],[140.528012,-37.682651],[140.528359,-37.682494],[140.528609,-37.682356],[140.528821,-37.682205],[140.529251,-37.681801],[140.52972,-37.681374],[140.529998,-37.681178],[140.530307,-37.681024],[140.53067,-37.680919],[140.533836,-37.680242],[140.534205,-37.680173],[140.534552,-37.680145],[140.534846,-37.680172],[140.535198,-37.680268],[140.536242,-37.680769],[140.536474,-37.680862],[140.536639,-37.68091],[140.536842,-37.680943],[140.537161,-37.680952],[140.548516,-37.680846],[140.548688,-37.680847],[140.553978,-37.680832],[140.569993,-37.680617],[140.570392,-37.680616],[140.570646,-37.68063],[140.570897,-37.680674],[140.571232,-37.680779],[140.573833,-37.681775],[140.575079,-37.682253],[140.575295,-37.682341],[140.575424,-37.682395],[140.575576,-37.68248],[140.58008,-37.686297],[140.580468,-37.686638],[140.581602,-37.687627]]}},{"type":"Feature","properties":{"tier":"high"},"geometry":{"type":"LineString","coordinates":[[140.804048,-37.608525],[140.805115,-37.604218],[140.806642,-37.59906],[140.80719,-37.596665],[140.807453,-37.594779],[140.80666,-37.591375],[140.806534,-37.589029],[140.806549,-37.588359],[140.807251,-37.583739],[140.807671,-37.580597],[140.807683,-37.580506],[140.810297,-37.563394],[140.810512,-37.561984],[140.810708,-37.561059],[140.810885,-37.560449],[140.811092,-37.559955],[140.81206,-37.557854],[140.813243,-37.555026],[140.81355,-37.552355]]}},{"type":"Feature","properties":{"tier":"arterial"},"geometry":{"type":"LineString","coordinates":[[140.89352,-38.00002],[140.889308,-37.996819],[140.888432,-37.996238],[140.887667,-37.995767],[140.886902,-37.995406],[140.88585,-37.995005],[140.880061,-37.992798],[140.879143,-37.992336],[140.878669,-37.992005],[140.877128,-37.990818],[140.877057,-37.990763],[140.874879,-37.989086],[140.87443,-37.988741],[140.874068,-37.98849],[140.873684,-37.988257],[140.873177,-37.987981],[140.863976,-37.983096],[140.863216,-37.982682],[140.862698,-37.982449],[140.862175,-37.982267],[140.861584,-37.982094],[140.847139,-37.977658],[140.846534,-37.977421],[140.84592,-37.977117],[140.845264,-37.976709],[140.841255,-37.974155],[140.83833,-37.972291],[140.837591,-37.97182],[140.836036,-37.97083],[140.835123,-37.970256],[140.834664,-37.969971],[140.834364,-37.969786],[140.834111,-37.96966]]}},{"type":"Feature","properties":{"tier":"arterial"},"geometry":{"type":"LineString","coordinates":[[140.755951,-37.862471],[140.75597,-37.864104],[140.756,-37.866616],[140.756012,-37.871472],[140.756089,-37.878801],[140.756213,-37.884387],[140.756148,-37.884606],[140.756021,-37.88499],[140.755936,-37.885244],[140.755821,-37.885519],[140.755392,-37.886134],[140.755256,-37.886301],[140.755095,-37.886469],[140.754789,-37.886744],[140.754441,-37.887014],[140.754074,-37.887233],[140.753605,-37.887462],[140.753118,-37.887651],[140.752707,-37.88777],[140.752271,-37.887905],[140.752039,-37.888002],[140.751687,-37.888165],[140.751375,-37.88834],[140.751024,-37.888553],[140.750817,-37.888697],[140.750631,-37.888847],[140.750387,-37.889088],[140.750234,-37.889255],[140.749977,-37.889567],[140.749764,-37.889885],[140.74967,-37.890054],[140.749579,-37.890247],[140.74947,-37.890553],[140.749377,-37.89088],[140.749283,-37.891382],[140.749193,-37.891736],[140.74903,-37.892149],[140.748933,-37.892346],[140.748848,-37.892489],[140.748616,-37.892832],[140.748317,-37.893177],[140.748006,-37.893501],[140.74748,-37.893876],[140.74688,-37.894215],[140.746429,-37.894388],[140.745993,-37.894536],[140.744402,-37.894965],[140.743746,-37.895165],[140.743354,-37.895299],[140.742844,-37.895531],[140.740543,-37.896837],[140.739992,-37.897197],[140.739525,-37.897565],[140.7392,-37.897874],[140.738903,-37.898193],[140.738638,-37.898555],[140.738427,-37.898828],[140.738223,-37.899206],[140.737939,-37.899896],[140.737808,-37.900423],[140.737753,-37.90075],[140.737729,-37.901108],[140.737559,-37.907128],[140.737525,-37.907769],[140.737427,-37.908253],[140.737275,-37.908692],[140.737124,-37.909009],[140.736885,-37.90939],[140.736731,-37.909607],[140.736517,-37.909868],[140.73628,-37.91011],[140.735907,-37.910438],[140.735625,-37.910639],[140.734854,-37.911105],[140.734411,-37.911354],[140.734022,-37.911602],[140.733662,-37.911856],[140.733379,-37.912097],[140.733159,-37.912317],[140.732972,-37.912519],[140.73279,-37.912771],[140.732635,-37.913007],[140.732516,-37.913218],[140.731899,-37.91444],[140.731653,-37.914841],[140.731401,-37.915174],[140.731171,-37.915444],[140.73082,-37.915809],[140.721315,-37.92489],[140.720809,-37.925395],[140.720085,-37.926308],[140.719844,-37.926818],[140.719619,-37.927295],[140.719458,-37.927849],[140.71941,-37.928311],[140.719687,-37.938499],[140.719794,-37.94246],[140.720041,-37.957101],[140.72036,-37.971792],[140.720562,-37.985572],[140.720506,-37.98593],[140.720454,-37.986238],[140.720402,-37.986441],[140.720342,-37.986653],[140.720052,-37.987295],[140.719898,-37.987578],[140.719706,-37.987887],[140.715925,-37.993416]]}},{"type":"Feature","properties":{"tier":"arterial"},"geometry":{"type":"LineString","coordinates":[[140.768038,-37.847235],[140.766378,-37.848052],[140.764893,-37.848777],[140.764136,-37.849202],[140.763976,-37.849333]]}},{"type":"Feature","properties":{"tier":"regional"},"geometry":{"type":"LineString","coordinates":[[140.794535,-37.793844],[140.794532,-37.7935],[140.794604,-37.79314],[140.794784,-37.792858],[140.796061,-37.791155],[140.797563,-37.78914],[140.800277,-37.786208],[140.802128,-37.784246],[140.8023,-37.784058],[140.803363,-37.782273],[140.805231,-37.778894]]}},{"type":"Feature","properties":{"tier":"regional"},"geometry":{"type":"LineString","coordinates":[[140.798599,-37.834179],[140.798721,-37.834184],[140.798922,-37.834252],[140.798996,-37.834283],[140.79904,-37.834307],[140.799098,-37.834354],[140.799146,-37.834406],[140.799287,-37.834585]]}},{"type":"Feature","properties":{"tier":"regional"},"geometry":{"type":"LineString","coordinates":[[140.738077,-37.814832],[140.74745,-37.817826],[140.74768,-37.8179],[140.748055,-37.81802],[140.748179,-37.818059],[140.748936,-37.818301],[140.750325,-37.818745]]}},{"type":"Feature","properties":{"tier":"regional"},"geometry":{"type":"LineString","coordinates":[[140.807915,-37.7674],[140.80383,-37.767464],[140.799628,-37.767513]]}},{"type":"Feature","properties":{"tier":"regional"},"geometry":{"type":"LineString","coordinates":[[140.787903,-37.813848],[140.787727,-37.813789],[140.787598,-37.813744],[140.787446,-37.813668]]}},{"type":"Feature","properties":{"tier":"regional"},"geometry":{"type":"LineString","coordinates":[[140.762864,-37.794332],[140.757819,-37.804062]]}},{"type":"Feature","properties":{"tier":"regional"},"geometry":{"type":"LineString","coordinates":[[140.752673,-37.814189],[140.751523,-37.816363],[140.751092,-37.817217],[140.750325,-37.818745]]}},{"type":"Feature","properties":{"tier":"regional"},"geometry":{"type":"LineString","coordinates":[[140.773058,-37.738477],[140.77328,-37.747395],[140.773417,-37.753174],[140.773718,-37.767864],[140.773748,-37.773032],[140.773873,-37.77833],[140.773894,-37.78067],[140.774002,-37.784028],[140.774016,-37.78586],[140.774056,-37.787523],[140.774304,-37.798006]]}},{"type":"Feature","properties":{"tier":"regional"},"geometry":{"type":"LineString","coordinates":[[140.792397,-37.803649],[140.792069,-37.803647],[140.791852,-37.803613],[140.79166,-37.803555],[140.791429,-37.803479],[140.789855,-37.802974],[140.787286,-37.802157],[140.78674,-37.801983],[140.780681,-37.800044]]}},{"type":"Feature","properties":{"tier":"regional"},"geometry":{"type":"LineString","coordinates":[[140.774998,-37.798225],[140.774074,-37.800037],[140.773412,-37.801395],[140.772664,-37.802811],[140.772503,-37.803128],[140.771629,-37.804834],[140.77007,-37.807892]]}},{"type":"Feature","properties":{"tier":"regional"},"geometry":{"type":"LineString","coordinates":[[140.791481,-37.738208],[140.787971,-37.738277],[140.787112,-37.738294],[140.784827,-37.738311],[140.782358,-37.738321],[140.773058,-37.738477]]}},{"type":"Feature","properties":{"tier":"regional"},"geometry":{"type":"LineString","coordinates":[[140.80944,-37.831888],[140.807834,-37.831375],[140.805859,-37.830753],[140.804682,-37.830379],[140.804075,-37.830186],[140.803531,-37.830005],[140.803124,-37.829867],[140.802989,-37.829807],[140.802925,-37.829766],[140.802697,-37.829551],[140.802529,-37.829367],[140.802376,-37.829223],[140.802242,-37.829134],[140.802127,-37.829074],[140.802022,-37.829038],[140.801861,-37.828993]]}},{"type":"Feature","properties":{"tier":"regional"},"geometry":{"type":"LineString","coordinates":[[140.809654,-37.831962],[140.810915,-37.832358],[140.811324,-37.832487],[140.812567,-37.832878],[140.813885,-37.833302]]}},{"type":"Feature","properties":{"tier":"regional"},"geometry":{"type":"LineString","coordinates":[[140.967822,-37.95396],[140.967625,-37.954385],[140.967402,-37.96479]]}},{"type":"Feature","properties":{"tier":"regional"},"geometry":{"type":"LineString","coordinates":[[140.954925,-38.00002],[140.954594,-37.999166],[140.954464,-37.998686],[140.954464,-37.997997],[140.954575,-37.99729],[140.955562,-37.994702],[140.956009,-37.99379],[140.956269,-37.993492],[140.956456,-37.993008],[140.956865,-37.992729],[140.957647,-37.992431],[140.960197,-37.990719],[140.960348,-37.990602],[140.961016,-37.990086],[140.961463,-37.990067],[140.963735,-37.991039],[140.964423,-37.991333],[140.96487,-37.991724],[140.965558,-37.992394],[140.966005,-37.992636],[140.966452,-37.992748],[140.966769,-37.992692],[140.966874,-37.98525],[140.966957,-37.979372],[140.967013,-37.978609],[140.967292,-37.977194],[140.968118,-37.97331]]}},{"type":"Feature","properties":{"tier":"regional"},"geometry":{"type":"LineString","coordinates":[[140.769599,-37.835931],[140.769593,-37.836005],[140.76963,-37.83606],[140.77044,-37.836362],[140.770864,-37.836511],[140.77277,-37.837179],[140.772998,-37.837259],[140.773873,-37.837566],[140.774242,-37.837696],[140.774758,-37.837873],[140.775722,-37.838206],[140.777722,-37.838836],[140.779084,-37.839272],[140.779795,-37.839499],[140.780777,-37.839813],[140.780856,-37.839836],[140.781876,-37.840156]]}},{"type":"Feature","properties":{"tier":"regional"},"geometry":{"type":"LineString","coordinates":[[140.924287,-37.899602],[140.934293,-37.908681],[140.94851,-37.921747],[140.964643,-37.936571],[140.965957,-37.937892],[140.967328,-37.939053],[140.967966,-37.939332]]}},{"type":"Feature","properties":{"tier":"regional"},"geometry":{"type":"LineString","coordinates":[[140.924287,-37.899602],[140.922516,-37.897932],[140.921476,-37.896973],[140.921081,-37.896761],[140.919237,-37.895773],[140.918077,-37.894934],[140.917318,-37.894014],[140.916758,-37.892854],[140.915159,-37.888096],[140.914679,-37.887217],[140.910262,-37.881298],[140.908201,-37.87854],[140.907997,-37.878285],[140.907898,-37.87816],[140.906922,-37.876941],[140.906082,-37.876101],[140.904683,-37.875221],[140.899428,-37.873058],[140.885774,-37.867182],[140.879133,-37.864306],[140.878113,-37.864058],[140.877163,-37.864009],[140.867409,-37.863965],[140.859207,-37.863956],[140.857946,-37.863951],[140.853615,-37.863934],[140.84983,-37.863907]]}},{"type":"Feature","properties":{"tier":"regional"},"geometry":{"type":"LineString","coordinates":[[140.885739,-37.860685],[140.885774,-37.867182]]}},{"type":"Feature","properties":{"tier":"regional"},"geometry":{"type":"LineString","coordinates":[[140.84983,-37.863907],[140.849745,-37.863049],[140.849673,-37.862608],[140.849543,-37.862276],[140.849526,-37.862234],[140.849335,-37.861917],[140.849065,-37.861622],[140.848614,-37.861226],[140.848335,-37.86105],[140.848001,-37.860902],[140.846879,-37.860527],[140.842042,-37.859057],[140.840537,-37.858548],[140.839276,-37.858159],[140.835499,-37.856964],[140.83522,-37.856918],[140.834941,-37.856906],[140.834676,-37.85687],[140.834432,-37.85681]]}},{"type":"Feature","properties":{"tier":"regional"},"geometry":{"type":"LineString","coordinates":[[140.830402,-37.86392],[140.830374,-37.868468]]}},{"type":"Feature","properties":{"tier":"regional"},"geometry":{"type":"LineString","coordinates":[[140.846879,-37.860527],[140.848337,-37.857905],[140.851765,-37.851763],[140.851877,-37.851529],[140.851912,-37.851401],[140.851951,-37.851252],[140.852006,-37.851104],[140.852088,-37.850963]]}},{"type":"Feature","properties":{"tier":"arterial"},"geometry":{"type":"LineString","coordinates":[[140.588073,-37.742505],[140.588115,-37.741932],[140.588186,-37.741619],[140.588437,-37.7408],[140.588807,-37.739605],[140.589072,-37.738774],[140.589348,-37.737892],[140.589733,-37.736637],[140.590003,-37.735745],[140.590316,-37.734739],[140.590644,-37.733691],[140.590952,-37.732637],[140.591276,-37.731567],[140.591582,-37.73044],[140.592127,-37.728636],[140.592375,-37.727945],[140.59255,-37.727581],[140.592721,-37.727279],[140.592875,-37.727061],[140.593077,-37.726802],[140.593206,-37.726664],[140.593346,-37.726523],[140.593668,-37.726255],[140.594427,-37.725716],[140.594905,-37.725334],[140.595184,-37.725087],[140.595403,-37.72485],[140.595554,-37.724672],[140.595852,-37.724311],[140.596557,-37.723441],[140.59752,-37.722246],[140.597888,-37.721792],[140.598467,-37.721091],[140.599178,-37.720292],[140.599371,-37.720035],[140.599594,-37.719698],[140.599755,-37.719391],[140.600027,-37.718842],[140.60056,-37.717675],[140.600993,-37.71676],[140.601603,-37.715582],[140.602094,-37.714498],[140.602254,-37.714172],[140.602333,-37.71394],[140.602451,-37.713391],[140.60249,-37.713011],[140.602488,-37.712694],[140.602465,-37.712391],[140.602389,-37.71206],[140.602292,-37.711742],[140.602195,-37.711509],[140.602069,-37.711286],[140.601817,-37.710935],[140.601261,-37.710099],[140.600622,-37.709219],[140.60045,-37.708978],[140.600279,-37.708721],[140.600124,-37.708459],[140.600018,-37.70825],[140.599882,-37.707898],[140.599798,-37.707622],[140.599734,-37.707351],[140.599701,-37.707089],[140.599684,-37.706829],[140.599701,-37.706502],[140.599727,-37.706267],[140.59977,-37.705998],[140.599856,-37.705738],[140.599965,-37.705434],[140.600057,-37.705215],[140.600186,-37.704962],[140.600291,-37.704755],[140.6004,-37.704576],[140.600601,-37.704325]]}},{"type":"Feature","properties":{"tier":"regional"},"geometry":{"type":"LineString","coordinates":[[140.78674,-37.801983],[140.786274,-37.80294]]}},{"type":"Feature","properties":{"tier":"regional"},"geometry":{"type":"LineString","coordinates":[[140.784946,-37.806419],[140.784661,-37.806381]]}},{"type":"Feature","properties":{"tier":"regional"},"geometry":{"type":"LineString","coordinates":[[140.587896,-37.742487],[140.5878,-37.74286],[140.584251,-37.75452],[140.580564,-37.766452],[140.577099,-37.777527],[140.575773,-37.781766],[140.575638,-37.782195],[140.575111,-37.783957],[140.571031,-37.797196],[140.570461,-37.799098],[140.570351,-37.819792],[140.570258,-37.842929],[140.570239,-37.84778],[140.570264,-37.847954],[140.570297,-37.848162],[140.570457,-37.849002],[140.570471,-37.849117],[140.570458,-37.849263]]}},{"type":"Feature","properties":{"tier":"regional"},"geometry":{"type":"LineString","coordinates":[[140.728517,-37.805743],[140.732752,-37.810409]]}},{"type":"Feature","properties":{"tier":"regional"},"geometry":{"type":"LineString","coordinates":[[140.73742,-37.815555],[140.737698,-37.81538],[140.737822,-37.815281],[140.738077,-37.814832],[140.738268,-37.814454]]}},{"type":"Feature","properties":{"tier":"arterial"},"geometry":{"type":"LineString","coordinates":[[140.581602,-37.687627],[140.602983,-37.687609],[140.609666,-37.687629],[140.611149,-37.687629],[140.611452,-37.687663],[140.613536,-37.688002],[140.613829,-37.688072],[140.613976,-37.688128],[140.614204,-37.688268],[140.616841,-37.690895],[140.617136,-37.691125],[140.622033,-37.694169],[140.627583,-37.697752],[140.627765,-37.697912],[140.627937,-37.698109],[140.628098,-37.698248]]}},{"type":"Feature","properties":{"tier":"arterial"},"geometry":{"type":"LineString","coordinates":[[140.67101,-37.589365],[140.671033,-37.593276],[140.671013,-37.593608],[140.670984,-37.593883],[140.67093,-37.594221],[140.670819,-37.594647],[140.670489,-37.595531],[140.668729,-37.600256],[140.66828,-37.60144],[140.667797,-37.602341],[140.66316,-37.61014],[140.663136,-37.610183],[140.65467,-37.624654],[140.648456,-37.635166],[140.646029,-37.639122],[140.645648,-37.640164],[140.644119,-37.645254],[140.642357,-37.650905],[140.640305,-37.656112],[140.63915,-37.658973],[140.63875,-37.659616],[140.638208,-37.660188],[140.637562,-37.66073],[140.636846,-37.661185],[140.635994,-37.661594],[140.63511,-37.661875],[140.633165,-37.66254],[140.632199,-37.662815],[140.631367,-37.663141],[140.630515,-37.663591],[140.629721,-37.664168],[140.629173,-37.66471],[140.628702,-37.665307],[140.628308,-37.666033],[140.628043,-37.666763],[140.627901,-37.667489],[140.627918,-37.672131],[140.628006,-37.680527],[140.628114,-37.68908],[140.628119,-37.689521]]}},{"type":"Feature","properties":{"tier":"regional"},"geometry":{"type":"LineString","coordinates":[[140.633165,-37.66254],[140.630702,-37.661062],[140.627745,-37.660081],[140.626502,-37.659821],[140.624252,-37.659644],[140.611604,-37.658846],[140.609642,-37.658829],[140.602931,-37.658853],[140.579893,-37.658852]]}},{"type":"Feature","properties":{"tier":"regional"},"geometry":{"type":"LineString","coordinates":[[140.609642,-37.658829],[140.609657,-37.670412],[140.609671,-37.680565],[140.609696,-37.68229],[140.609666,-37.687629]]}},{"type":"Feature","properties":{"tier":"regional"},"geometry":{"type":"LineString","coordinates":[[140.725701,-37.722179],[140.727404,-37.739134],[140.727544,-37.740381],[140.728356,-37.748534],[140.728437,-37.74982],[140.728501,-37.750358],[140.728571,-37.750693],[140.728769,-37.751363],[140.72893,-37.751737],[140.730003,-37.753718],[140.730872,-37.755325],[140.731054,-37.755741],[140.731258,-37.756317],[140.73136,-37.756691],[140.731419,-37.757013],[140.731494,-37.757658],[140.731505,-37.757976],[140.731323,-37.761767],[140.731323,-37.762102],[140.73136,-37.762564],[140.731414,-37.762942],[140.731569,-37.763582],[140.731725,-37.76404],[140.731907,-37.76446],[140.732047,-37.764719],[140.73358,-37.767177],[140.735127,-37.769576],[140.73562,-37.770659],[140.736229,-37.771949],[140.739927,-37.780535],[140.740112,-37.780957],[140.740185,-37.78113],[140.740238,-37.781208],[140.740403,-37.781423],[140.740638,-37.781672],[140.749378,-37.789481],[140.749884,-37.789875],[140.750541,-37.790262],[140.75042,-37.790482],[140.749342,-37.792522],[140.74763,-37.795919],[140.745475,-37.800195]]}},{"type":"Feature","properties":{"tier":"arterial"},"geometry":{"type":"LineString","coordinates":[[140.49998,-37.533243],[140.500153,-37.533359],[140.500415,-37.533491],[140.50083,-37.533661],[140.501389,-37.533844],[140.5279,-37.540566],[140.529033,-37.54085],[140.529594,-37.540955],[140.530689,-37.541111],[140.540657,-37.542458],[140.5477,-37.543364],[140.548415,-37.543434],[140.548761,-37.543442],[140.54907,-37.543429],[140.549419,-37.543392],[140.550447,-37.543221],[140.550906,-37.543172],[140.551224,-37.543168],[140.551678,-37.543192],[140.554771,-37.543469],[140.556892,-37.543669],[140.557499,-37.543723],[140.557878,-37.54377],[140.558331,-37.54385],[140.563048,-37.544902],[140.563694,-37.545034],[140.564022,-37.545085],[140.564424,-37.545116],[140.564878,-37.545117],[140.565525,-37.545065],[140.567791,-37.544853],[140.56816,-37.544813],[140.568719,-37.544709],[140.569696,-37.544504],[140.570122,-37.544411],[140.570609,-37.544346],[140.571059,-37.544329],[140.571589,-37.544373],[140.572248,-37.544472],[140.57511,-37.544958],[140.575614,-37.54505],[140.575993,-37.545146],[140.576159,-37.545198],[140.576731,-37.545451],[140.586951,-37.550306],[140.587506,-37.550517],[140.58776,-37.550569],[140.588174,-37.550639],[140.588771,-37.550683],[140.590486,-37.550812],[140.590937,-37.550868],[140.591459,-37.550992],[140.591884,-37.551131],[140.5959,-37.552779],[140.596236,-37.552892],[140.596692,-37.553011],[140.597151,-37.553094],[140.597617,-37.553139],[140.598111,-37.553161],[140.598581,-37.553142],[140.599206,-37.553069],[140.600315,-37.552925],[140.607491,-37.551968],[140.607995,-37.551927],[140.608415,-37.551926],[140.608864,-37.55194],[140.609435,-37.55196],[140.609525,-37.551963],[140.60965,-37.551962],[140.613844,-37.551907]]}},{"type":"Feature","properties":{"tier":"arterial"},"geometry":{"type":"LineString","coordinates":[[140.769651,-37.846159],[140.769807,-37.846015],[140.769866,-37.845955],[140.7699,-37.845917],[140.769935,-37.845862],[140.769973,-37.845792]]}},{"type":"Feature","properties":{"tier":"regional"},"geometry":{"type":"LineString","coordinates":[[140.786936,-37.830427],[140.787191,-37.82992],[140.787373,-37.82957],[140.787488,-37.829348],[140.787541,-37.829241],[140.788126,-37.828069],[140.788191,-37.827997],[140.788431,-37.827862],[140.788541,-37.827804]]}},{"type":"Feature","properties":{"tier":"regional"},"geometry":{"type":"LineString","coordinates":[[140.798599,-37.834179],[140.798416,-37.83412],[140.795729,-37.833262],[140.795402,-37.833157],[140.795172,-37.833084],[140.794056,-37.832727],[140.793842,-37.832659],[140.793605,-37.832584],[140.793137,-37.832436],[140.79251,-37.832238],[140.791532,-37.831929],[140.790475,-37.83159],[140.790049,-37.831453],[140.789673,-37.831328],[140.78908,-37.83114],[140.788485,-37.830937],[140.786936,-37.830427]]}},{"type":"Feature","properties":{"tier":"arterial"},"geometry":{"type":"LineString","coordinates":[[140.7653,-37.817691],[140.765378,-37.817727],[140.765539,-37.817781],[140.766252,-37.818007],[140.76803,-37.818569],[140.768503,-37.818719],[140.769172,-37.818932],[140.770297,-37.819291],[140.770923,-37.81949],[140.771504,-37.819675],[140.772567,-37.820009],[140.773938,-37.820441],[140.776555,-37.821304],[140.776697,-37.821324],[140.776899,-37.821362]]}},{"type":"Feature","properties":{"tier":"arterial"},"geometry":{"type":"LineString","coordinates":[[140.752655,-37.813864],[140.752584,-37.813798],[140.752505,-37.813763],[140.752349,-37.813678],[140.75125,-37.813327],[140.750872,-37.813209]]}},{"type":"Feature","properties":{"tier":"arterial"},"geometry":{"type":"LineString","coordinates":[[140.753115,-37.813785],[140.753145,-37.81382],[140.75322,-37.813861],[140.753307,-37.813906],[140.755927,-37.81473],[140.757605,-37.815258]]}},{"type":"Feature","properties":{"tier":"arterial"},"geometry":{"type":"LineString","coordinates":[[140.750925,-37.813113],[140.751296,-37.813232],[140.751476,-37.81329],[140.752354,-37.813572],[140.75258,-37.813631],[140.752745,-37.813679]]}},{"type":"Feature","properties":{"tier":"arterial"},"geometry":{"type":"LineString","coordinates":[[140.764883,-37.817791],[140.764814,-37.817711],[140.76477,-37.817689],[140.764641,-37.817635],[140.764533,-37.817599],[140.763824,-37.817372],[140.762629,-37.816988],[140.761457,-37.816612],[140.760958,-37.816452],[140.759359,-37.815939],[140.75879,-37.815756],[140.75755,-37.815358],[140.755879,-37.81483],[140.753313,-37.814018],[140.753176,-37.813983],[140.753013,-37.813984]]}},{"type":"Feature","properties":{"tier":"arterial"},"geometry":{"type":"LineString","coordinates":[[140.777171,-37.82145],[140.777271,-37.821497],[140.777364,-37.821517],[140.779096,-37.82208],[140.779142,-37.822094],[140.781673,-37.822884],[140.782247,-37.823062],[140.782666,-37.823202],[140.782813,-37.823254],[140.782915,-37.823273],[140.783049,-37.823291]]}},{"type":"Feature","properties":{"tier":"arterial"},"geometry":{"type":"LineString","coordinates":[[140.782971,-37.823501],[140.78288,-37.82343],[140.782785,-37.82338],[140.782696,-37.823349],[140.782417,-37.82326],[140.782163,-37.82318],[140.781626,-37.823003],[140.781132,-37.822848],[140.780459,-37.822632],[140.779166,-37.822229],[140.779074,-37.8222],[140.777444,-37.821674],[140.777337,-37.821644],[140.777229,-37.821636],[140.777084,-37.821656]]}},{"type":"Feature","properties":{"tier":"arterial"},"geometry":{"type":"LineString","coordinates":[[140.776785,-37.821562],[140.776734,-37.821485],[140.776702,-37.821457],[140.776611,-37.821432],[140.776495,-37.821396],[140.776366,-37.821358],[140.773704,-37.820498],[140.772762,-37.820198],[140.772512,-37.820118],[140.771452,-37.819781],[140.770103,-37.819352],[140.768675,-37.818898],[140.768133,-37.818726],[140.767979,-37.818677],[140.765593,-37.817935],[140.765476,-37.817912],[140.765376,-37.817898],[140.76524,-37.817887]]}},{"type":"Feature","properties":{"tier":"high"},"geometry":{"type":"LineString","coordinates":[[140.854859,-37.851775],[140.856117,-37.852184]]}},{"type":"Feature","properties":{"tier":"high"},"geometry":{"type":"LineString","coordinates":[[140.854859,-37.851775],[140.85417,-37.851596],[140.853521,-37.851403]]}},{"type":"Feature","properties":{"tier":"arterial"},"geometry":{"type":"LineString","coordinates":[[140.765284,-37.817846],[140.76524,-37.817887],[140.765191,-37.817912],[140.765136,-37.817926],[140.765069,-37.817928],[140.765005,-37.817913],[140.764949,-37.817884],[140.764907,-37.817842],[140.764883,-37.817791],[140.764879,-37.81774],[140.764895,-37.81769],[140.764929,-37.817646],[140.764977,-37.817612],[140.765013,-37.817597],[140.765051,-37.817588],[140.765116,-37.817584],[140.76518,-37.817596],[140.765236,-37.817623],[140.765279,-37.817661],[140.7653,-37.817691],[140.765315,-37.817744],[140.76531,-37.817797],[140.765284,-37.817846]]}},{"type":"Feature","properties":{"tier":"arterial"},"geometry":{"type":"LineString","coordinates":[[140.753067,-37.813947],[140.753013,-37.813984],[140.752952,-37.814006],[140.752886,-37.814014],[140.752819,-37.814006],[140.752757,-37.813984],[140.752706,-37.813948],[140.752674,-37.813909],[140.752655,-37.813864],[140.752651,-37.813812],[140.752666,-37.813761],[140.752698,-37.813716],[140.752745,-37.813679],[140.752811,-37.813651],[140.752886,-37.813642],[140.75294,-37.813647],[140.752992,-37.813662],[140.753038,-37.813686],[140.753086,-37.813731],[140.753115,-37.813785],[140.75312,-37.813842],[140.753104,-37.813898],[140.753067,-37.813947]]}},{"type":"Feature","properties":{"tier":"arterial"},"geometry":{"type":"LineString","coordinates":[[140.777126,-37.82163],[140.777084,-37.821656],[140.776979,-37.821678],[140.776895,-37.821667],[140.776832,-37.82163],[140.776788,-37.821573],[140.776785,-37.821562],[140.776771,-37.821514],[140.77679,-37.82145],[140.776832,-37.821398],[140.776899,-37.821362],[140.776979,-37.82135],[140.77706,-37.821363],[140.777126,-37.821398],[140.777171,-37.82145],[140.777187,-37.821514],[140.777172,-37.821578],[140.777126,-37.82163]]}},{"type":"Feature","properties":{"tier":"high"},"geometry":{"type":"LineString","coordinates":[[140.783117,-37.823258],[140.783175,-37.823248],[140.783243,-37.823249],[140.783308,-37.823266],[140.783364,-37.823297],[140.783408,-37.823338],[140.783436,-37.823391],[140.783441,-37.823429],[140.783443,-37.823448],[140.783429,-37.823503],[140.783396,-37.823552],[140.783347,-37.823592],[140.783285,-37.823618],[140.783219,-37.823628],[140.783206,-37.82363],[140.783126,-37.823621],[140.783061,-37.823595],[140.783008,-37.823556],[140.782971,-37.823501],[140.782957,-37.823439],[140.78297,-37.823378],[140.783007,-37.823322],[140.783049,-37.823291]]}},{"type":"Feature","properties":{"tier":"regional"},"geometry":{"type":"LineString","coordinates":[[140.784504,-37.835234],[140.785015,-37.834223],[140.785303,-37.833655],[140.785597,-37.833089],[140.785662,-37.832948],[140.785901,-37.832473],[140.786762,-37.830771],[140.786936,-37.830427]]}},{"type":"Feature","properties":{"tier":"regional"},"geometry":{"type":"LineString","coordinates":[[140.784543,-37.835406],[140.784499,-37.835425],[140.784448,-37.835437],[140.784397,-37.835429],[140.784353,-37.835406],[140.784327,-37.83537],[140.784313,-37.83533],[140.784325,-37.835286],[140.784353,-37.835255],[140.784396,-37.835234],[140.784448,-37.835224],[140.784504,-37.835234],[140.784543,-37.835255],[140.78457,-37.835292],[140.784583,-37.83533],[140.784574,-37.835361],[140.784571,-37.83537],[140.784543,-37.835406]]}},{"type":"Feature","properties":{"tier":"arterial"},"geometry":{"type":"LineString","coordinates":[[140.794446,-37.844076],[140.79442,-37.844114],[140.794379,-37.844144],[140.794327,-37.844159],[140.794283,-37.844161],[140.794241,-37.844153],[140.794203,-37.844136],[140.794172,-37.844111],[140.794149,-37.844074],[140.794142,-37.844032],[140.794154,-37.843991],[140.794183,-37.843955],[140.794226,-37.84393],[140.794277,-37.843917],[140.79432,-37.843917],[140.794362,-37.843927],[140.794398,-37.843945],[140.794436,-37.843982],[140.794453,-37.844028],[140.794446,-37.844076]]}},{"type":"Feature","properties":{"tier":"regional"},"geometry":{"type":"LineString","coordinates":[[140.792628,-37.819181],[140.792896,-37.818568],[140.792892,-37.818078],[140.79288,-37.816931],[140.792874,-37.816385],[140.792863,-37.815439]]}},{"type":"Feature","properties":{"tier":"regional"},"geometry":{"type":"LineString","coordinates":[[140.792692,-37.8193],[140.792664,-37.819333],[140.792625,-37.819354],[140.79258,-37.819361],[140.792537,-37.819355],[140.792496,-37.819333],[140.79247,-37.819303],[140.792461,-37.819267],[140.792471,-37.81923],[140.792496,-37.819201],[140.792536,-37.819182],[140.79258,-37.819173],[140.792628,-37.819181],[140.792664,-37.819201],[140.792688,-37.819232],[140.792699,-37.819267],[140.792692,-37.8193]]}},{"type":"Feature","properties":{"tier":"arterial"},"geometry":{"type":"LineString","coordinates":[[140.783219,-37.823628],[140.783127,-37.823701],[140.783057,-37.823773],[140.782943,-37.823965]]}},{"type":"Feature","properties":{"tier":"regional"},"geometry":{"type":"LineString","coordinates":[[140.782035,-37.840107],[140.782704,-37.838783],[140.782793,-37.838602],[140.783476,-37.837226],[140.784397,-37.835429]]}},{"type":"Feature","properties":{"tier":"regional"},"geometry":{"type":"LineString","coordinates":[[140.782077,-37.84022],[140.782057,-37.840242],[140.782024,-37.840259],[140.78198,-37.840267],[140.781923,-37.84026],[140.7819,-37.840243],[140.78188,-37.840217],[140.781871,-37.840181],[140.781876,-37.840156],[140.781903,-37.840121],[140.781934,-37.840104],[140.78198,-37.840096],[140.782035,-37.840107],[140.782057,-37.840121],[140.782081,-37.840149],[140.782088,-37.840181],[140.782077,-37.84022]]}},{"type":"Feature","properties":{"tier":"arterial"},"geometry":{"type":"LineString","coordinates":[[140.762606,-37.822518],[140.762842,-37.822059],[140.76308,-37.821596],[140.763358,-37.821057],[140.763651,-37.820489],[140.763689,-37.820414],[140.764119,-37.819579],[140.764923,-37.818136]]}},{"type":"Feature","properties":{"tier":"arterial"},"geometry":{"type":"LineString","coordinates":[[140.762681,-37.822702],[140.76265,-37.822735],[140.762597,-37.822759],[140.762528,-37.822775],[140.762463,-37.822763],[140.762407,-37.822735],[140.762371,-37.822689],[140.762356,-37.822639],[140.762363,-37.8226],[140.762407,-37.822543],[140.762464,-37.822516],[140.762528,-37.822503],[140.762606,-37.822518],[140.76265,-37.822543],[140.762682,-37.822587],[140.7627,-37.822639],[140.762681,-37.822702]]}},{"type":"Feature","properties":{"tier":"regional"},"geometry":{"type":"LineString","coordinates":[[140.781645,-37.811777],[140.779591,-37.811109],[140.778481,-37.810754],[140.775893,-37.809928]]}},{"type":"Feature","properties":{"tier":"regional"},"geometry":{"type":"LineString","coordinates":[[140.781952,-37.81188],[140.781916,-37.811922],[140.781867,-37.811951],[140.781798,-37.811961],[140.781739,-37.811952],[140.78168,-37.811922],[140.781645,-37.811882],[140.781631,-37.811829],[140.781645,-37.811777],[140.78168,-37.811735],[140.781736,-37.811705],[140.781798,-37.811696],[140.781862,-37.811707],[140.781916,-37.811735],[140.781952,-37.811776],[140.781965,-37.811829],[140.781952,-37.81188]]}},{"type":"Feature","properties":{"tier":"regional"},"geometry":{"type":"LineString","coordinates":[[140.770178,-37.808076],[140.770138,-37.808129],[140.770077,-37.808158],[140.770062,-37.80816],[140.770005,-37.80817],[140.769937,-37.808161],[140.769878,-37.808129],[140.769855,-37.8081],[140.769831,-37.80806],[140.769827,-37.808018],[140.769845,-37.807967],[140.769878,-37.807926],[140.76994,-37.807896],[140.770005,-37.807884],[140.77007,-37.807892],[140.770133,-37.807926],[140.77017,-37.807973],[140.770186,-37.808018],[140.770178,-37.808076]]}},{"type":"Feature","properties":{"tier":"regional"},"geometry":{"type":"LineString","coordinates":[[140.770062,-37.80816],[140.770043,-37.808171],[140.769985,-37.808224],[140.769495,-37.809186],[140.769114,-37.809934],[140.768027,-37.812066],[140.767573,-37.812947],[140.766773,-37.814497],[140.766425,-37.815183],[140.766392,-37.815252],[140.76598,-37.816055],[140.765635,-37.816734],[140.765317,-37.817404],[140.765279,-37.817661]]}},{"type":"Feature","properties":{"tier":"regional"},"geometry":{"type":"LineString","coordinates":[[140.765051,-37.817588],[140.765147,-37.817447],[140.765516,-37.8167],[140.76601,-37.81573],[140.766307,-37.815138],[140.766665,-37.814453]]}},{"type":"Feature","properties":{"tier":"regional"},"geometry":{"type":"LineString","coordinates":[[140.806617,-37.819959],[140.806906,-37.820019],[140.807301,-37.820144],[140.81168,-37.821527],[140.811903,-37.8216],[140.81796,-37.823529],[140.818653,-37.823732]]}},{"type":"Feature","properties":{"tier":"regional"},"geometry":{"type":"LineString","coordinates":[[140.806617,-37.819959],[140.806578,-37.820009],[140.806525,-37.820035],[140.806462,-37.820047],[140.806398,-37.820039],[140.806346,-37.820009],[140.80631,-37.819965],[140.806298,-37.819917],[140.806317,-37.819856],[140.806346,-37.819826],[140.806402,-37.819799],[140.806462,-37.819788],[140.806519,-37.819796],[140.806578,-37.819826],[140.806613,-37.81987],[140.806625,-37.819917],[140.806617,-37.819959]]}},{"type":"Feature","properties":{"tier":"regional"},"geometry":{"type":"LineString","coordinates":[[140.770534,-37.845787],[140.770564,-37.845862],[140.770601,-37.845942],[140.77062,-37.845974],[140.770651,-37.846035],[140.770674,-37.846094],[140.770685,-37.846151]]}},{"type":"Feature","properties":{"tier":"arterial"},"geometry":{"type":"LineString","coordinates":[[140.770926,-37.845262],[140.770767,-37.845415],[140.770684,-37.845497],[140.77064,-37.845555],[140.770608,-37.845607],[140.770543,-37.84573]]}},{"type":"Feature","properties":{"tier":"arterial"},"geometry":{"type":"LineString","coordinates":[[140.769651,-37.846159],[140.769023,-37.846616],[140.768502,-37.846962],[140.768038,-37.847235]]}},{"type":"Feature","properties":{"tier":"arterial"},"geometry":{"type":"LineString","coordinates":[[140.770376,-37.845524],[140.770432,-37.845551],[140.770478,-37.845587],[140.770513,-37.84563],[140.770535,-37.845679],[140.770543,-37.84573]]}},{"type":"Feature","properties":{"tier":"arterial"},"geometry":{"type":"LineString","coordinates":[[140.770376,-37.845524],[140.770503,-37.845483],[140.770593,-37.845447],[140.770721,-37.845371],[140.770926,-37.845262]]}},{"type":"Feature","properties":{"tier":"regional"},"geometry":{"type":"LineString","coordinates":[[140.770685,-37.846151],[140.770637,-37.846105],[140.770589,-37.846069],[140.770544,-37.846042],[140.770503,-37.846021],[140.770454,-37.846004],[140.770398,-37.845984],[140.770306,-37.845956]]}},{"type":"Feature","properties":{"tier":"arterial"},"geometry":{"type":"LineString","coordinates":[[140.770205,-37.845956],[140.77,-37.846014],[140.769882,-37.846056],[140.769651,-37.846159]]}},{"type":"Feature","properties":{"tier":"regional"},"geometry":{"type":"LineString","coordinates":[[140.809654,-37.831962],[140.809624,-37.831984],[140.809588,-37.832001],[140.809546,-37.832009],[140.8095,-37.832006],[140.809468,-37.831984],[140.809442,-37.831952],[140.809435,-37.831922],[140.80944,-37.831888],[140.809468,-37.83186],[140.809506,-37.831841],[140.809546,-37.831834],[140.809591,-37.831838],[140.809624,-37.83186],[140.80965,-37.831889],[140.809657,-37.831922],[140.809654,-37.831962]]}},{"type":"Feature","properties":{"tier":"regional"},"geometry":{"type":"LineString","coordinates":[[140.561343,-37.899231],[140.561371,-37.899351],[140.561642,-37.900126],[140.561931,-37.900965],[140.562123,-37.901417],[140.562335,-37.90179],[140.562698,-37.902211],[140.563177,-37.902696],[140.565132,-37.904487],[140.565417,-37.904774],[140.565707,-37.905138],[140.565903,-37.905425],[140.566097,-37.905822],[140.566231,-37.906198],[140.566988,-37.908339],[140.567212,-37.908955],[140.567361,-37.909438],[140.567472,-37.909884],[140.567527,-37.9102],[140.567678,-37.911568],[140.567772,-37.912039],[140.56785,-37.912448],[140.568058,-37.913159],[140.568426,-37.914575],[140.568717,-37.915242],[140.568941,-37.915664],[140.569707,-37.916807],[140.570268,-37.917756],[140.570509,-37.918339],[140.570716,-37.918957],[140.570753,-37.919065],[140.572768,-37.925144]]}},{"type":"Feature","properties":{"tier":"regional"},"geometry":{"type":"LineString","coordinates":[[140.49998,-37.843806],[140.507401,-37.853248],[140.507696,-37.853588],[140.507963,-37.853875],[140.508306,-37.854202],[140.508722,-37.854605],[140.508897,-37.854785],[140.509011,-37.854912],[140.509131,-37.855082]]}},{"type":"Feature","properties":{"tier":"regional"},"geometry":{"type":"LineString","coordinates":[[140.719794,-37.94246],[140.719906,-37.942463],[140.720032,-37.942488],[140.720133,-37.942517],[140.722913,-37.94351],[140.73009,-37.94601],[140.731013,-37.946331],[140.731205,-37.946392],[140.731532,-37.946503],[140.737374,-37.947768],[140.739906,-37.948305],[140.74015,-37.948328]]}},{"type":"Feature","properties":{"tier":"arterial"},"geometry":{"type":"LineString","coordinates":[[140.764923,-37.818136],[140.764956,-37.818001],[140.764949,-37.817884]]}},{"type":"Feature","properties":{"tier":"arterial"},"geometry":{"type":"LineString","coordinates":[[140.765136,-37.817926],[140.765064,-37.817985],[140.765033,-37.818011],[140.765001,-37.818036],[140.764923,-37.818136]]}},{"type":"Feature","properties":{"tier":"regional"},"geometry":{"type":"LineString","coordinates":[[140.750325,-37.818745],[140.74947,-37.820429],[140.74849,-37.822359],[140.748142,-37.823014],[140.746871,-37.825501],[140.74671,-37.825816]]}},{"type":"Feature","properties":{"tier":"regional"},"geometry":{"type":"LineString","coordinates":[[140.799374,-37.83475],[140.799431,-37.834801]]}},{"type":"Feature","properties":{"tier":"arterial"},"geometry":{"type":"LineString","coordinates":[[140.799287,-37.834585],[140.799408,-37.83464],[140.799453,-37.834649],[140.799511,-37.834646],[140.799595,-37.834609]]}},{"type":"Feature","properties":{"tier":"regional"},"geometry":{"type":"LineString","coordinates":[[140.774403,-37.826442],[140.774447,-37.826355],[140.7746,-37.826054],[140.774867,-37.825528],[140.775087,-37.825094],[140.775201,-37.824869],[140.775669,-37.823948],[140.775689,-37.823908],[140.776088,-37.823122],[140.776492,-37.822326],[140.776895,-37.821667]]}},{"type":"Feature","properties":{"tier":"arterial"},"geometry":{"type":"LineString","coordinates":[[140.834111,-37.96966],[140.833921,-37.969574],[140.833449,-37.969368],[140.823129,-37.964853],[140.822665,-37.964639],[140.821984,-37.964182],[140.821335,-37.963702],[140.811215,-37.954532],[140.810789,-37.954106],[140.81039,-37.953625],[140.81022,-37.953392],[140.810085,-37.953186],[140.809899,-37.952845],[140.809781,-37.952622],[140.809716,-37.9525],[140.8096,-37.952154],[140.809481,-37.951763],[140.808592,-37.946396],[140.808445,-37.945704],[140.808263,-37.945192],[140.807979,-37.944605],[140.807709,-37.944167],[140.807034,-37.943393],[140.805279,-37.941797],[140.805114,-37.941642],[140.803784,-37.940402],[140.803354,-37.939944],[140.802633,-37.938999],[140.794802,-37.926516],[140.7892,-37.917585],[140.78875,-37.916877],[140.788441,-37.916318],[140.788237,-37.915674],[140.788121,-37.914963],[140.78806,-37.914153],[140.787943,-37.912758],[140.787871,-37.911688],[140.787839,-37.91121],[140.787845,-37.910647],[140.787926,-37.909989],[140.788146,-37.909253],[140.788624,-37.908012],[140.790869,-37.902227],[140.791122,-37.90152],[140.791278,-37.900743],[140.791429,-37.899276],[140.791597,-37.898093],[140.792205,-37.893128],[140.793325,-37.878613],[140.793369,-37.875818],[140.79331,-37.872777],[140.793256,-37.865886],[140.793235,-37.863928],[140.793208,-37.86141],[140.793205,-37.860309]]}},{"type":"Feature","properties":{"tier":"arterial"},"geometry":{"type":"LineString","coordinates":[[140.799431,-37.834801],[140.799155,-37.834974],[140.799002,-37.83507],[140.798912,-37.835132],[140.798854,-37.835176],[140.798818,-37.83521],[140.798771,-37.835263],[140.79873,-37.835314],[140.798699,-37.835357],[140.798661,-37.835417],[140.798644,-37.835452]]}},{"type":"Feature","properties":{"tier":"regional"},"geometry":{"type":"LineString","coordinates":[[140.799374,-37.83475],[140.799316,-37.834727],[140.799224,-37.834605]]}},{"type":"Feature","properties":{"tier":"regional"},"geometry":{"type":"LineString","coordinates":[[140.798841,-37.835081],[140.798879,-37.835027],[140.798935,-37.834984],[140.799009,-37.834937],[140.799058,-37.834892],[140.799094,-37.834859],[140.799121,-37.834827],[140.79915,-37.834791],[140.799168,-37.834763],[140.799191,-37.834726],[140.799202,-37.834687],[140.799224,-37.834605]]}},{"type":"Feature","properties":{"tier":"arterial"},"geometry":{"type":"LineString","coordinates":[[140.792752,-37.848976],[140.792552,-37.847989],[140.792549,-37.847949],[140.792544,-37.847875],[140.792551,-37.847754]]}},{"type":"Feature","properties":{"tier":"regional"},"geometry":{"type":"LineString","coordinates":[[140.786274,-37.80294],[140.786106,-37.803349],[140.786042,-37.803506],[140.785753,-37.804093],[140.785476,-37.804656],[140.784985,-37.805654],[140.784912,-37.805803],[140.78479,-37.806021],[140.784755,-37.806084],[140.784715,-37.806165],[140.78468,-37.806245]]}},{"type":"Feature","properties":{"tier":"regional"},"geometry":{"type":"LineString","coordinates":[[140.784708,-37.8063],[140.784946,-37.806419]]}},{"type":"Feature","properties":{"tier":"regional"},"geometry":{"type":"LineString","coordinates":[[140.783309,-37.808801],[140.782897,-37.809627],[140.781862,-37.811707]]}},{"type":"Feature","properties":{"tier":"regional"},"geometry":{"type":"LineString","coordinates":[[140.784449,-37.806545],[140.784482,-37.80635]]}},{"type":"Feature","properties":{"tier":"regional"},"geometry":{"type":"LineString","coordinates":[[140.784449,-37.806545],[140.783688,-37.808048],[140.783396,-37.808625]]}},{"type":"Feature","properties":{"tier":"regional"},"geometry":{"type":"LineString","coordinates":[[140.784708,-37.8063],[140.784703,-37.806333],[140.784685,-37.806362],[140.784669,-37.806376],[140.784661,-37.806381],[140.784624,-37.806396],[140.784574,-37.8064],[140.784535,-37.80639],[140.784495,-37.806365],[140.784482,-37.80635],[140.78447,-37.806318],[140.784469,-37.806301],[140.784478,-37.806269],[140.784501,-37.806241],[140.784534,-37.806222],[140.784576,-37.806212],[140.78463,-37.806217],[140.78468,-37.806245],[140.784701,-37.806274],[140.784708,-37.8063]]}},{"type":"Feature","properties":{"tier":"regional"},"geometry":{"type":"LineString","coordinates":[[140.784576,-37.806212],[140.784615,-37.806139],[140.784707,-37.806001],[140.784782,-37.805863],[140.784898,-37.805624],[140.785259,-37.804882],[140.785384,-37.804625],[140.785642,-37.804095],[140.785677,-37.804023],[140.785965,-37.803433],[140.786274,-37.80294]]}},{"type":"Feature","properties":{"tier":"regional"},"geometry":{"type":"LineString","coordinates":[[140.784946,-37.806419],[140.787678,-37.807289],[140.790758,-37.808273],[140.79086,-37.808297]]}},{"type":"Feature","properties":{"tier":"regional"},"geometry":{"type":"LineString","coordinates":[[140.783466,-37.808752],[140.783441,-37.808781],[140.783357,-37.808809],[140.783309,-37.808801],[140.783272,-37.808781],[140.783237,-37.808714],[140.783272,-37.808648],[140.783357,-37.80862],[140.783396,-37.808625],[140.783441,-37.808648],[140.783476,-37.808714],[140.783466,-37.808752]]}},{"type":"Feature","properties":{"tier":"regional"},"geometry":{"type":"LineString","coordinates":[[140.784574,-37.8064],[140.784449,-37.806545]]}},{"type":"Feature","properties":{"tier":"high"},"geometry":{"type":"LineString","coordinates":[[140.790549,-37.674763],[140.790643,-37.674219],[140.791279,-37.66983],[140.791359,-37.669317],[140.791405,-37.668934],[140.79143,-37.668534],[140.791537,-37.66573],[140.791639,-37.663588],[140.791646,-37.663402],[140.7919,-37.656761],[140.791978,-37.655786],[140.792039,-37.648405],[140.792091,-37.643267],[140.792109,-37.642834],[140.792149,-37.642429],[140.792193,-37.642126],[140.792244,-37.641901],[140.792318,-37.641663],[140.792366,-37.641535],[140.792477,-37.641255],[140.792598,-37.640975],[140.792744,-37.640671],[140.795092,-37.635794]]}},{"type":"Feature","properties":{"tier":"regional"},"geometry":{"type":"LineString","coordinates":[[140.823856,-37.813813],[140.813966,-37.810695],[140.811566,-37.809883]]}},{"type":"Feature","properties":{"tier":"regional"},"geometry":{"type":"LineString","coordinates":[[140.811566,-37.809883],[140.81169,-37.809639],[140.816511,-37.800117]]}},{"type":"Feature","properties":{"tier":"arterial"},"geometry":{"type":"LineString","coordinates":[[140.616841,-37.690895],[140.628114,-37.68908]]}},{"type":"Feature","properties":{"tier":"arterial"},"geometry":{"type":"LineString","coordinates":[[140.628119,-37.689521],[140.632139,-37.690617],[140.633562,-37.691055],[140.634619,-37.691505],[140.63535,-37.691948],[140.635823,-37.692371],[140.636577,-37.693045],[140.638117,-37.694663],[140.639161,-37.695473],[140.639971,-37.696073],[140.64185,-37.697117],[140.645166,-37.698762],[140.646079,-37.699362],[140.649708,-37.70239],[140.6513,-37.703644],[140.654485,-37.705706],[140.655164,-37.706541],[140.655556,-37.707116],[140.656913,-37.709752],[140.658166,-37.711188],[140.661804,-37.71452],[140.663648,-37.717453],[140.664249,-37.718158],[140.664849,-37.718602],[140.665528,-37.718994],[140.666389,-37.719333],[140.669859,-37.720229],[140.671612,-37.720812],[140.673803,-37.721918],[140.676907,-37.723452],[140.677752,-37.723761],[140.678363,-37.723903],[140.678997,-37.724004],[140.679684,-37.724083],[140.680623,-37.724119],[140.694879,-37.72361],[140.700205,-37.723486],[140.701072,-37.723518],[140.71894,-37.724737],[140.719697,-37.724606],[140.720454,-37.724371],[140.723455,-37.722531],[140.723813,-37.722392],[140.724081,-37.722303],[140.724353,-37.722275],[140.725219,-37.722204],[140.725477,-37.722197],[140.725701,-37.722179],[140.726491,-37.722122],[140.727059,-37.722152],[140.727514,-37.722252],[140.727927,-37.722456],[140.728235,-37.722664],[140.728512,-37.723016],[140.728857,-37.723562],[140.729118,-37.72389],[140.729424,-37.724174],[140.729853,-37.724395],[140.730304,-37.724519],[140.730818,-37.724554],[140.754116,-37.724235],[140.77269,-37.723971],[140.79053,-37.723727],[140.791521,-37.723713]]}},{"type":"Feature","properties":{"tier":"high"},"geometry":{"type":"LineString","coordinates":[[140.799921,-37.83441],[140.799994,-37.834328],[140.800064,-37.834244],[140.800097,-37.83415],[140.800059,-37.834067],[140.800007,-37.833982]]}},{"type":"Feature","properties":{"tier":"regional"},"geometry":{"type":"LineString","coordinates":[[140.84279,-37.854856],[140.843499,-37.854134],[140.844163,-37.853555],[140.845386,-37.852534],[140.845655,-37.852247],[140.845928,-37.851867],[140.846453,-37.851055],[140.846791,-37.850561],[140.846924,-37.85038]]}},{"type":"Feature","properties":{"tier":"regional"},"geometry":{"type":"LineString","coordinates":[[140.761699,-37.855019],[140.762474,-37.855179],[140.764449,-37.855575],[140.768564,-37.856429],[140.773813,-37.857502],[140.78014,-37.858794],[140.793208,-37.86141]]}},{"type":"Feature","properties":{"tier":"regional"},"geometry":{"type":"LineString","coordinates":[[140.756089,-37.878801],[140.737531,-37.878878]]}},{"type":"Feature","properties":{"tier":"regional"},"geometry":{"type":"LineString","coordinates":[[140.75597,-37.864104],[140.737491,-37.864166],[140.718969,-37.864206]]}},{"type":"Feature","properties":{"tier":"regional"},"geometry":{"type":"LineString","coordinates":[[140.718969,-37.864206],[140.718915,-37.853444],[140.71889,-37.853217],[140.718848,-37.853058],[140.718809,-37.852929],[140.718758,-37.852813],[140.718708,-37.852731],[140.718658,-37.852669]]}},{"type":"Feature","properties":{"tier":"arterial"},"geometry":{"type":"LineString","coordinates":[[140.732455,-37.807262],[140.739386,-37.809513]]}},{"type":"Feature","properties":{"tier":"arterial"},"geometry":{"type":"LineString","coordinates":[[140.751296,-37.813232],[140.75125,-37.813327]]}},{"type":"Feature","properties":{"tier":"arterial"},"geometry":{"type":"LineString","coordinates":[[140.745256,-37.811405],[140.746571,-37.811825],[140.749512,-37.812763],[140.749875,-37.812876]]}},{"type":"Feature","properties":{"tier":"arterial"},"geometry":{"type":"LineString","coordinates":[[140.739386,-37.809513],[140.740586,-37.809884],[140.740806,-37.809947]]}},{"type":"Feature","properties":{"tier":"arterial"},"geometry":{"type":"LineString","coordinates":[[140.750872,-37.813209],[140.750925,-37.813113]]}},{"type":"Feature","properties":{"tier":"high"},"geometry":{"type":"LineString","coordinates":[[140.791558,-37.806711],[140.792039,-37.805747]]}},{"type":"Feature","properties":{"tier":"high"},"geometry":{"type":"LineString","coordinates":[[140.797344,-37.696647],[140.797375,-37.69676],[140.797422,-37.696929],[140.7975,-37.697506],[140.797487,-37.698324],[140.797464,-37.698513],[140.797422,-37.698731],[140.797331,-37.699081],[140.797253,-37.699322],[140.797171,-37.699559],[140.797075,-37.699772],[140.79698,-37.699961],[140.795555,-37.702142],[140.795232,-37.702634],[140.794549,-37.703818],[140.794413,-37.704168],[140.794278,-37.704937],[140.793192,-37.711163],[140.793166,-37.711486],[140.793158,-37.711917],[140.793144,-37.713702],[140.793118,-37.716949],[140.793078,-37.71733],[140.792668,-37.719027],[140.791916,-37.722136],[140.79153,-37.723659],[140.791521,-37.723713],[140.791496,-37.72386],[140.791278,-37.72491],[140.791225,-37.725265],[140.79119,-37.7256],[140.791203,-37.72653],[140.791271,-37.728934],[140.791319,-37.731512],[140.791481,-37.738208],[140.791535,-37.739513]]}},{"type":"Feature","properties":{"tier":"high"},"geometry":{"type":"LineString","coordinates":[[140.851804,-37.850765],[140.85225,-37.850915],[140.852321,-37.850937],[140.853558,-37.851341]]}},{"type":"Feature","properties":{"tier":"arterial"},"geometry":{"type":"LineString","coordinates":[[140.85225,-37.850915],[140.852357,-37.850733],[140.852449,-37.850577],[140.852608,-37.85036]]}},{"type":"Feature","properties":{"tier":"high"},"geometry":{"type":"LineString","coordinates":[[140.852321,-37.850937],[140.852088,-37.850963]]}},{"type":"Feature","properties":{"tier":"arterial"},"geometry":{"type":"LineString","coordinates":[[140.852608,-37.85036],[140.852497,-37.850596],[140.852321,-37.850937]]}},{"type":"Feature","properties":{"tier":"arterial"},"geometry":{"type":"LineString","coordinates":[[140.851804,-37.850765],[140.852014,-37.85081],[140.852129,-37.850817],[140.852231,-37.850798],[140.852301,-37.850768],[140.852357,-37.850733]]}},{"type":"Feature","properties":{"tier":"high"},"geometry":{"type":"LineString","coordinates":[[140.823609,-37.842269],[140.823667,-37.842157]]}},{"type":"Feature","properties":{"tier":"high"},"geometry":{"type":"LineString","coordinates":[[140.852088,-37.850963],[140.85225,-37.850915]]}},{"type":"Feature","properties":{"tier":"high"},"geometry":{"type":"LineString","coordinates":[[140.84004,-37.846961],[140.839985,-37.847079]]}},{"type":"Feature","properties":{"tier":"high"},"geometry":{"type":"LineString","coordinates":[[140.847402,-37.849355],[140.847435,-37.849485]]}},{"type":"Feature","properties":{"tier":"high"},"geometry":{"type":"LineString","coordinates":[[140.83137,-37.84479],[140.831417,-37.844696]]}},{"type":"Feature","properties":{"tier":"high"},"geometry":{"type":"LineString","coordinates":[[140.837696,-37.846359],[140.837719,-37.846265]]}},{"type":"Feature","properties":{"tier":"high"},"geometry":{"type":"LineString","coordinates":[[140.847435,-37.849485],[140.847623,-37.849422]]}},{"type":"Feature","properties":{"tier":"high"},"geometry":{"type":"LineString","coordinates":[[140.853521,-37.851403],[140.853558,-37.851341]]}},{"type":"Feature","properties":{"tier":"high"},"geometry":{"type":"LineString","coordinates":[[140.856117,-37.852184],[140.864349,-37.854768],[140.865934,-37.855265],[140.872568,-37.857348],[140.879606,-37.85955],[140.882111,-37.860342],[140.882656,-37.860497],[140.88339,-37.860639],[140.884032,-37.860705],[140.884701,-37.860734],[140.885739,-37.860685],[140.886445,-37.860575],[140.887089,-37.860423],[140.887669,-37.860229],[140.8946,-37.857394],[140.895004,-37.857236],[140.895322,-37.85711],[140.897172,-37.856382],[140.899967,-37.855286],[140.901238,-37.854787],[140.904912,-37.853294],[140.90591,-37.852882],[140.913041,-37.849931],[140.916098,-37.848692],[140.917265,-37.848213],[140.920204,-37.847008],[140.9207,-37.846824],[140.921269,-37.846656],[140.921858,-37.846543],[140.922486,-37.846463],[140.922938,-37.846439],[140.923188,-37.846426],[140.923737,-37.846431],[140.924382,-37.846484],[140.926678,-37.846754],[140.930444,-37.847196],[140.93089,-37.847218],[140.931449,-37.847221],[140.932031,-37.847175],[140.932623,-37.84708],[140.933167,-37.846951],[140.938709,-37.845611],[140.939662,-37.845433],[140.943811,-37.844775],[140.951952,-37.843497],[140.955296,-37.84297],[140.956138,-37.842836],[140.958986,-37.842402],[140.964944,-37.841618],[140.966788,-37.841375],[140.967312,-37.841306],[140.967775,-37.841229],[140.968581,-37.84101],[140.969447,-37.840783],[140.969706,-37.840715],[140.970026,-37.840633]]}},{"type":"Feature","properties":{"tier":"high"},"geometry":{"type":"LineString","coordinates":[[140.823609,-37.842269],[140.819764,-37.84102],[140.819655,-37.840988],[140.816573,-37.839996]]}},{"type":"Feature","properties":{"tier":"high"},"geometry":{"type":"LineString","coordinates":[[140.838088,-37.846314],[140.838488,-37.846403],[140.838843,-37.8465],[140.839253,-37.846644],[140.84004,-37.846961]]}},{"type":"Feature","properties":{"tier":"high"},"geometry":{"type":"LineString","coordinates":[[140.828347,-37.843691],[140.828297,-37.843793]]}},{"type":"Feature","properties":{"tier":"regional"},"geometry":{"type":"LineString","coordinates":[[140.858096,-37.841315],[140.857982,-37.841173],[140.85796,-37.841089],[140.857966,-37.840987],[140.857993,-37.84089],[140.858629,-37.839701],[140.858653,-37.839636],[140.858629,-37.839551],[140.858577,-37.839483],[140.858465,-37.83942],[140.858256,-37.839318]]}},{"type":"Feature","properties":{"tier":"high"},"geometry":{"type":"LineString","coordinates":[[140.839985,-37.847079],[140.838951,-37.846661],[140.838622,-37.846553],[140.838332,-37.846477],[140.837954,-37.846395]]}},{"type":"Feature","properties":{"tier":"regional"},"geometry":{"type":"LineString","coordinates":[[140.793235,-37.863928],[140.799409,-37.863889],[140.811825,-37.86385],[140.812765,-37.863847],[140.823586,-37.863853],[140.830402,-37.86392]]}},{"type":"Feature","properties":{"tier":"high"},"geometry":{"type":"LineString","coordinates":[[140.792805,-37.680067],[140.794243,-37.682254],[140.794496,-37.68264],[140.794692,-37.682984],[140.794868,-37.683377],[140.794981,-37.683713],[140.795059,-37.684047],[140.795104,-37.684371],[140.795119,-37.684705],[140.795108,-37.685002],[140.795085,-37.685306],[140.794817,-37.687751],[140.794769,-37.688192],[140.794703,-37.688814],[140.794688,-37.68926],[140.794703,-37.689506],[140.79471,-37.689627],[140.794771,-37.689985],[140.794816,-37.690187],[140.794844,-37.690309],[140.794971,-37.69066],[140.795159,-37.691132],[140.796143,-37.693322],[140.796679,-37.694608],[140.796802,-37.694927],[140.796927,-37.695267],[140.797261,-37.696297],[140.797344,-37.696647]]}},{"type":"Feature","properties":{"tier":"arterial"},"geometry":{"type":"LineString","coordinates":[[140.698845,-37.56369],[140.70013,-37.564349],[140.700398,-37.564486],[140.700671,-37.564606],[140.700821,-37.564664],[140.701187,-37.56473],[140.701589,-37.56479],[140.703251,-37.565032],[140.705647,-37.565306]]}},{"type":"Feature","properties":{"tier":"regional"},"geometry":{"type":"LineString","coordinates":[[140.687852,-37.565618],[140.687866,-37.565532],[140.68791,-37.565457],[140.688013,-37.56535],[140.688152,-37.565245],[140.688314,-37.565126],[140.688489,-37.564999],[140.696609,-37.559055],[140.696691,-37.558982],[140.696729,-37.558934]]}},{"type":"Feature","properties":{"tier":"arterial"},"geometry":{"type":"LineString","coordinates":[[140.813808,-37.549013],[140.813431,-37.549081],[140.813047,-37.54915]]}},{"type":"Feature","properties":{"tier":"regional"},"geometry":{"type":"LineString","coordinates":[[140.696729,-37.558934],[140.696704,-37.558835],[140.696672,-37.558717],[140.696663,-37.558602],[140.696657,-37.558451]]}},{"type":"Feature","properties":{"tier":"arterial"},"geometry":{"type":"LineString","coordinates":[[140.697723,-37.565138],[140.698845,-37.56369]]}},{"type":"Feature","properties":{"tier":"arterial"},"geometry":{"type":"LineString","coordinates":[[140.693938,-37.565531],[140.687852,-37.565618],[140.687452,-37.565623],[140.680396,-37.565729],[140.679976,-37.565733],[140.678119,-37.565759],[140.677679,-37.565763],[140.672879,-37.565828]]}},{"type":"Feature","properties":{"tier":"arterial"},"geometry":{"type":"LineString","coordinates":[[140.800602,-37.834565],[140.800582,-37.834565],[140.800563,-37.83456],[140.800509,-37.834523],[140.8004,-37.834444],[140.80022,-37.83438],[140.800107,-37.834378]]}},{"type":"Feature","properties":{"tier":"arterial"},"geometry":{"type":"LineString","coordinates":[[140.798644,-37.835452],[140.798192,-37.836376],[140.798079,-37.836604],[140.797437,-37.837897],[140.797276,-37.838183],[140.797097,-37.838531],[140.797022,-37.838676],[140.796834,-37.839046],[140.796544,-37.839571],[140.796256,-37.84016],[140.795727,-37.841206],[140.795344,-37.841963],[140.795256,-37.842137],[140.795139,-37.842362],[140.79451,-37.843633],[140.794483,-37.843696],[140.794459,-37.843759],[140.794434,-37.843835],[140.794398,-37.843945]]}},{"type":"Feature","properties":{"tier":"high"},"geometry":{"type":"LineString","coordinates":[[140.791558,-37.806711],[140.791649,-37.806738]]}},{"type":"Feature","properties":{"tier":"arterial"},"geometry":{"type":"LineString","coordinates":[[140.63173,-37.758255],[140.63118,-37.758233],[140.63071,-37.758158],[140.630197,-37.758024],[140.629511,-37.757794],[140.629069,-37.757618],[140.628681,-37.757405],[140.628254,-37.757158],[140.628071,-37.757038],[140.627875,-37.75691],[140.627141,-37.756337],[140.625619,-37.755066],[140.624822,-37.754428],[140.624198,-37.754046],[140.623799,-37.753812],[140.623256,-37.753558],[140.621931,-37.752919],[140.621118,-37.752542],[140.620568,-37.752281],[140.617836,-37.751024]]}},{"type":"Feature","properties":{"tier":"arterial"},"geometry":{"type":"LineString","coordinates":[[140.678843,-37.766088],[140.678526,-37.765919],[140.678135,-37.76569],[140.677724,-37.765493],[140.677352,-37.765281],[140.677134,-37.765136],[140.676871,-37.764962],[140.676482,-37.764663],[140.676091,-37.764356],[140.67571,-37.764055],[140.675262,-37.763777],[140.674795,-37.763531],[140.674353,-37.763336],[140.674154,-37.76327],[140.673687,-37.763107],[140.672829,-37.762913],[140.670537,-37.762566]]}},{"type":"Feature","properties":{"tier":"arterial"},"geometry":{"type":"LineString","coordinates":[[140.589835,-37.742829],[140.589125,-37.742685],[140.588073,-37.742505],[140.587896,-37.742487],[140.587149,-37.742475],[140.586369,-37.742475],[140.585651,-37.742443],[140.584968,-37.742367],[140.584112,-37.74215],[140.580095,-37.740716],[140.578477,-37.740295],[140.577506,-37.739946],[140.576473,-37.739393],[140.574611,-37.738381],[140.571442,-37.7367],[140.570955,-37.73646],[140.570447,-37.736173],[140.569032,-37.735422],[140.568302,-37.735089],[140.567641,-37.734899],[140.566886,-37.734757],[140.566199,-37.734655],[140.565682,-37.734622],[140.565556,-37.734614],[140.564757,-37.734668],[140.564117,-37.73475],[140.563067,-37.734951],[140.559832,-37.735504],[140.557732,-37.735881],[140.555689,-37.736245],[140.555277,-37.736303],[140.554812,-37.736353],[140.55418,-37.736361],[140.553719,-37.736353],[140.553229,-37.736311],[140.552254,-37.73614],[140.551393,-37.735978]]}},{"type":"Feature","properties":{"tier":"arterial"},"geometry":{"type":"LineString","coordinates":[[140.678843,-37.766088],[140.679189,-37.766294],[140.679583,-37.766565],[140.681059,-37.767717],[140.683543,-37.769714],[140.684191,-37.770305],[140.684636,-37.770802],[140.685875,-37.772239],[140.687069,-37.773624],[140.68797,-37.774658],[140.688896,-37.775735],[140.689877,-37.776878],[140.690556,-37.777664],[140.691084,-37.778188],[140.691521,-37.778538],[140.691838,-37.778757],[140.692273,-37.779028],[140.697986,-37.782145],[140.698148,-37.782238],[140.704851,-37.785826],[140.705361,-37.786091],[140.706872,-37.786904],[140.707185,-37.787086],[140.709573,-37.788377],[140.710106,-37.788656],[140.711273,-37.789162],[140.714669,-37.790602],[140.715754,-37.79108],[140.716744,-37.791472],[140.71748,-37.791731],[140.719082,-37.792307],[140.71963,-37.792515],[140.72013,-37.792723],[140.720708,-37.793025],[140.721079,-37.793277],[140.72149,-37.793607],[140.72175,-37.793855],[140.722257,-37.79436],[140.723303,-37.795424],[140.724105,-37.796204],[140.724372,-37.796458],[140.724867,-37.796889],[140.725301,-37.797255],[140.725819,-37.79774],[140.726127,-37.798079],[140.726452,-37.79851],[140.726699,-37.798952],[140.726969,-37.799529],[140.72738,-37.800502],[140.727409,-37.800642],[140.727535,-37.800911],[140.727989,-37.801994],[140.728261,-37.802602],[140.72859,-37.803426],[140.72874,-37.803785],[140.728933,-37.804249],[140.729134,-37.804613],[140.72937,-37.804988],[140.729477,-37.805147],[140.730054,-37.80577],[140.730513,-37.806156],[140.730631,-37.806256],[140.731319,-37.806716],[140.731885,-37.807031],[140.732342,-37.807219],[140.732455,-37.807262]]}},{"type":"Feature","properties":{"tier":"arterial"},"geometry":{"type":"LineString","coordinates":[[140.617836,-37.751024],[140.614427,-37.749588],[140.609679,-37.747464],[140.609449,-37.747362],[140.608608,-37.747022],[140.607835,-37.746771],[140.606917,-37.74652],[140.606033,-37.746364],[140.602595,-37.746]]}},{"type":"Feature","properties":{"tier":"arterial"},"geometry":{"type":"LineString","coordinates":[[140.602595,-37.746],[140.602158,-37.745989],[140.601637,-37.745943],[140.601151,-37.745866],[140.600628,-37.745738],[140.599916,-37.745551],[140.597834,-37.744887],[140.595446,-37.744116],[140.594681,-37.743853],[140.593734,-37.743645],[140.591711,-37.743191],[140.589835,-37.742829]]}},{"type":"Feature","properties":{"tier":"regional"},"geometry":{"type":"LineString","coordinates":[[140.570234,-37.849262],[140.570107,-37.863902],[140.56751,-37.873632],[140.567508,-37.873651],[140.56631,-37.878078],[140.566202,-37.878477],[140.566065,-37.878877],[140.5659,-37.879218],[140.565704,-37.879552],[140.564885,-37.880639],[140.564564,-37.881087],[140.564307,-37.881535],[140.564084,-37.88204],[140.563929,-37.882543],[140.563834,-37.883017],[140.563782,-37.883459],[140.563781,-37.883932],[140.56384,-37.884394],[140.563982,-37.884972],[140.565334,-37.889401],[140.565416,-37.889695],[140.565456,-37.889922],[140.565483,-37.890126],[140.565494,-37.890397],[140.565533,-37.892422],[140.565479,-37.892999],[140.56527,-37.89371],[140.565038,-37.894163],[140.564793,-37.894532],[140.564489,-37.894903],[140.564129,-37.895286],[140.562837,-37.896642],[140.562504,-37.896998],[140.562146,-37.897468],[140.561988,-37.897727],[140.561938,-37.897809],[140.561761,-37.898182],[140.561422,-37.898961],[140.561379,-37.899074],[140.561357,-37.899159],[140.561343,-37.899231]]}},{"type":"Feature","properties":{"tier":"regional"},"geometry":{"type":"LineString","coordinates":[[140.561343,-37.899231],[140.561186,-37.899259],[140.560991,-37.899276],[140.560765,-37.899285],[140.560484,-37.899289],[140.557257,-37.899275],[140.555875,-37.899269],[140.554509,-37.899263],[140.552219,-37.899254],[140.552078,-37.899258],[140.551932,-37.89926],[140.551841,-37.899249]]}},{"type":"Feature","properties":{"tier":"regional"},"geometry":{"type":"LineString","coordinates":[[140.53843,-37.884102],[140.538577,-37.884273],[140.540344,-37.886325],[140.540502,-37.886486],[140.540695,-37.886659],[140.540881,-37.886806],[140.5411,-37.886956],[140.541344,-37.887102],[140.543229,-37.888107],[140.543701,-37.888376],[140.544079,-37.888651],[140.544464,-37.888945],[140.544786,-37.889232],[140.545085,-37.889535],[140.545484,-37.889989],[140.547332,-37.892339],[140.547499,-37.892559],[140.547677,-37.892815],[140.547803,-37.893034],[140.547948,-37.893338],[140.548079,-37.893672],[140.548478,-37.894773],[140.548716,-37.895369],[140.54883,-37.895628],[140.548971,-37.895902],[140.549172,-37.896228],[140.549416,-37.89659],[140.549699,-37.896927],[140.550412,-37.897751],[140.551369,-37.898857],[140.551585,-37.899085],[140.551661,-37.899155],[140.551746,-37.899205],[140.551841,-37.899249]]}},{"type":"Feature","properties":{"tier":"arterial"},"geometry":{"type":"LineString","coordinates":[[140.49998,-37.861907],[140.507155,-37.856115],[140.507527,-37.855837],[140.507835,-37.855643],[140.508129,-37.855483],[140.50846,-37.855339],[140.508914,-37.855153],[140.509131,-37.855082]]}},{"type":"Feature","properties":{"tier":"regional"},"geometry":{"type":"LineString","coordinates":[[140.508914,-37.855153],[140.50902,-37.855297],[140.513728,-37.861217],[140.514063,-37.861596],[140.514436,-37.86195],[140.514813,-37.862278],[140.515208,-37.862556],[140.515654,-37.862845],[140.516214,-37.863138],[140.516833,-37.863413],[140.517384,-37.86362],[140.517529,-37.863664],[140.517944,-37.863764],[140.518883,-37.863992],[140.519635,-37.864193],[140.52032,-37.864446],[140.520872,-37.864704],[140.521403,-37.865017],[140.521837,-37.865309],[140.522198,-37.865614],[140.522569,-37.865982],[140.523017,-37.866488],[140.53843,-37.884102]]}},{"type":"Feature","properties":{"tier":"regional"},"geometry":{"type":"LineString","coordinates":[[140.572768,-37.925144],[140.573721,-37.924911],[140.574924,-37.924649],[140.576617,-37.92425],[140.577969,-37.923946],[140.579096,-37.923692],[140.5799,-37.92355],[140.580676,-37.923499],[140.581325,-37.923511],[140.583936,-37.923744],[140.587708,-37.92409],[140.591856,-37.924517],[140.592632,-37.924626],[140.593452,-37.924806],[140.59431,-37.925058],[140.595921,-37.925645],[140.596567,-37.925873],[140.597058,-37.926008],[140.597651,-37.926131],[140.598202,-37.926189],[140.598787,-37.926205],[140.599443,-37.926175],[140.601433,-37.925989],[140.601982,-37.925943],[140.602513,-37.925929],[140.603079,-37.925947],[140.60358,-37.925998],[140.604118,-37.926084],[140.60476,-37.926227],[140.607131,-37.9268],[140.608939,-37.927237],[140.609581,-37.927367],[140.610144,-37.927445],[140.614993,-37.927856],[140.626636,-37.928838],[140.628484,-37.928994],[140.643245,-37.930248],[140.643973,-37.930293],[140.64438,-37.930304],[140.644884,-37.930292],[140.645413,-37.930246],[140.65041,-37.929701],[140.658986,-37.928804],[140.66286,-37.928393],[140.663419,-37.928331],[140.663918,-37.928293],[140.664468,-37.928281],[140.673652,-37.928201],[140.681139,-37.928157],[140.682528,-37.92814],[140.699141,-37.927991],[140.719458,-37.927849]]}},{"type":"Feature","properties":{"tier":"regional"},"geometry":{"type":"LineString","coordinates":[[140.737491,-37.864166],[140.737501,-37.871524],[140.737531,-37.878878]]}},{"type":"Feature","properties":{"tier":"arterial"},"geometry":{"type":"LineString","coordinates":[[140.509131,-37.855082],[140.509459,-37.855],[140.509941,-37.854897],[140.510463,-37.854822],[140.510904,-37.8548],[140.51136,-37.854795],[140.535835,-37.854994],[140.538749,-37.85553],[140.541247,-37.856303],[140.547967,-37.856006],[140.548621,-37.855886],[140.566164,-37.849702],[140.566852,-37.849486],[140.567509,-37.849344],[140.568166,-37.849267],[140.568981,-37.849235],[140.570234,-37.849262]]}},{"type":"Feature","properties":{"tier":"high"},"geometry":{"type":"LineString","coordinates":[[140.792582,-37.798451],[140.792571,-37.799949]]}},{"type":"Feature","properties":{"tier":"regional"},"geometry":{"type":"LineString","coordinates":[[140.802446,-37.827836],[140.803096,-37.826554],[140.804622,-37.823545],[140.804901,-37.823014],[140.805429,-37.822008],[140.806398,-37.820039]]}},{"type":"Feature","properties":{"tier":"regional"},"geometry":{"type":"LineString","coordinates":[[140.79958,-37.817616],[140.804626,-37.819256],[140.804658,-37.819267],[140.804879,-37.819339],[140.805751,-37.819635],[140.806317,-37.819856]]}},{"type":"Feature","properties":{"tier":"regional"},"geometry":{"type":"LineString","coordinates":[[140.752673,-37.814189],[140.752706,-37.813948]]}},{"type":"Feature","properties":{"tier":"arterial"},"geometry":{"type":"LineString","coordinates":[[140.757333,-37.859662],[140.756976,-37.860013],[140.756685,-37.860346],[140.756334,-37.860936],[140.756275,-37.861036],[140.75613,-37.861368],[140.756008,-37.8618],[140.755951,-37.862471]]}},{"type":"Feature","properties":{"tier":"regional"},"geometry":{"type":"LineString","coordinates":[[140.752886,-37.814014],[140.752673,-37.814189]]}},{"type":"Feature","properties":{"tier":"arterial"},"geometry":{"type":"LineString","coordinates":[[140.760425,-37.857071],[140.759643,-37.85797],[140.759221,-37.858344],[140.75781,-37.859275],[140.757333,-37.859662]]}},{"type":"Feature","properties":{"tier":"arterial"},"geometry":{"type":"LineString","coordinates":[[140.750096,-37.83085],[140.750399,-37.829828]]}},{"type":"Feature","properties":{"tier":"arterial"},"geometry":{"type":"LineString","coordinates":[[140.742455,-37.839067],[140.744176,-37.838045],[140.747749,-37.836106]]}},{"type":"Feature","properties":{"tier":"high"},"geometry":{"type":"LineString","coordinates":[[140.792482,-37.791028],[140.792522,-37.793696],[140.792529,-37.794124],[140.792528,-37.794147],[140.792532,-37.7944]]}},{"type":"Feature","properties":{"tier":"regional"},"geometry":{"type":"LineString","coordinates":[[140.793558,-37.794098],[140.792724,-37.794169],[140.792616,-37.794228],[140.792532,-37.7944]]}},{"type":"Feature","properties":{"tier":"regional"},"geometry":{"type":"LineString","coordinates":[[140.792441,-37.794137],[140.792529,-37.794124],[140.792718,-37.794104],[140.793558,-37.794098]]}},{"type":"Feature","properties":{"tier":"regional"},"geometry":{"type":"LineString","coordinates":[[140.792522,-37.793696],[140.792563,-37.793836],[140.792594,-37.794028],[140.792718,-37.794104]]}},{"type":"Feature","properties":{"tier":"regional"},"geometry":{"type":"LineString","coordinates":[[140.792724,-37.794169],[140.792528,-37.794147],[140.792441,-37.794137]]}},{"type":"Feature","properties":{"tier":"high"},"geometry":{"type":"LineString","coordinates":[[140.792441,-37.794137],[140.792423,-37.792882],[140.792413,-37.792139],[140.792482,-37.791028]]}},{"type":"Feature","properties":{"tier":"high"},"geometry":{"type":"LineString","coordinates":[[140.792559,-37.796562],[140.792582,-37.798451]]}},{"type":"Feature","properties":{"tier":"high"},"geometry":{"type":"LineString","coordinates":[[140.792331,-37.778922],[140.792364,-37.781702],[140.792379,-37.786741],[140.792398,-37.787352],[140.792482,-37.791028]]}},{"type":"Feature","properties":{"tier":"high"},"geometry":{"type":"LineString","coordinates":[[140.800687,-37.617046],[140.801002,-37.616298],[140.802154,-37.613569],[140.802562,-37.612634],[140.802778,-37.612104],[140.803298,-37.610856],[140.803679,-37.60987],[140.804048,-37.608525]]}},{"type":"Feature","properties":{"tier":"high"},"geometry":{"type":"LineString","coordinates":[[140.795092,-37.635794],[140.795551,-37.634839],[140.795656,-37.634611],[140.795722,-37.634426],[140.795772,-37.634189],[140.795851,-37.633852],[140.795871,-37.633668],[140.795882,-37.633567],[140.795906,-37.632402]]}},{"type":"Feature","properties":{"tier":"high"},"geometry":{"type":"LineString","coordinates":[[140.795906,-37.632402],[140.79594,-37.630729],[140.795962,-37.629664],[140.795971,-37.628538],[140.795975,-37.627994],[140.795977,-37.627768],[140.79603,-37.627205],[140.796043,-37.627133],[140.796086,-37.626798],[140.796142,-37.626596],[140.796207,-37.62641],[140.796311,-37.626166],[140.796451,-37.625822],[140.79678,-37.62523],[140.797127,-37.624639],[140.798645,-37.621795],[140.798843,-37.621391],[140.799017,-37.621],[140.799703,-37.619377],[140.800101,-37.618435],[140.800329,-37.617894],[140.800687,-37.617046]]}},{"type":"Feature","properties":{"tier":"regional"},"geometry":{"type":"LineString","coordinates":[[140.830317,-37.877521],[140.83032,-37.878592]]}},{"type":"Feature","properties":{"tier":"arterial"},"geometry":{"type":"LineString","coordinates":[[140.657225,-37.735409],[140.657112,-37.735257],[140.6565,-37.734238],[140.654397,-37.732457],[140.653164,-37.731222],[140.652793,-37.73085],[140.651962,-37.730327],[140.650649,-37.729414],[140.650347,-37.729204],[140.649516,-37.728723],[140.647913,-37.727132],[140.647719,-37.726939],[140.644232,-37.724826],[140.637102,-37.722392],[140.63383,-37.721052],[140.632392,-37.720118],[140.631641,-37.71876],[140.630907,-37.716695],[140.630515,-37.716095],[140.629589,-37.715116],[140.628975,-37.71448],[140.628106,-37.713818],[140.62647,-37.713218],[140.626223,-37.713041],[140.62602,-37.712794],[140.625613,-37.711989],[140.625572,-37.711655],[140.625625,-37.710542],[140.625593,-37.710034],[140.625413,-37.709252],[140.625204,-37.706912],[140.625235,-37.706731],[140.625337,-37.706473],[140.625776,-37.706023],[140.626288,-37.705526],[140.627484,-37.704685],[140.627928,-37.704284],[140.628085,-37.703964],[140.628187,-37.70288],[140.628098,-37.698248],[140.628119,-37.689521]]}},{"type":"Feature","properties":{"tier":"high"},"geometry":{"type":"LineString","coordinates":[[140.791757,-37.749897],[140.791806,-37.752209],[140.791821,-37.752893],[140.791899,-37.756547],[140.792093,-37.767617],[140.792223,-37.772695],[140.792331,-37.778922]]}},{"type":"Feature","properties":{"tier":"high"},"geometry":{"type":"LineString","coordinates":[[140.791535,-37.739513],[140.791757,-37.749897]]}},{"type":"Feature","properties":{"tier":"regional"},"geometry":{"type":"LineString","coordinates":[[140.770468,-37.796774],[140.762864,-37.794332]]}},{"type":"Feature","properties":{"tier":"regional"},"geometry":{"type":"LineString","coordinates":[[140.876677,-37.923173],[140.876725,-37.923275],[140.877514,-37.925208],[140.877533,-37.925987],[140.876674,-37.928527],[140.87616,-37.930049],[140.873954,-37.93339],[140.871537,-37.93705],[140.871534,-37.937056],[140.868435,-37.944465],[140.865648,-37.951325]]}},{"type":"Feature","properties":{"tier":"regional"},"geometry":{"type":"LineString","coordinates":[[140.981953,-37.653265],[140.981786,-37.653304],[140.981611,-37.6533],[140.97905,-37.652589],[140.97329,-37.650981],[140.973013,-37.650928],[140.97271,-37.65087],[140.972067,-37.650806],[140.971076,-37.65079],[140.96493,-37.650821],[140.959523,-37.650836],[140.958752,-37.650884],[140.958167,-37.651005],[140.957652,-37.651136],[140.957086,-37.651393],[140.956601,-37.65165],[140.955754,-37.652126],[140.954419,-37.652825],[140.954342,-37.652861],[140.948953,-37.655111],[140.94558,-37.656515],[140.941672,-37.658144],[140.937753,-37.659779],[140.934745,-37.661054],[140.933984,-37.661442],[140.932025,-37.66266],[140.931046,-37.663085],[140.92656,-37.664381],[140.922923,-37.665531],[140.922312,-37.665729],[140.921722,-37.665992],[140.921064,-37.666408],[140.920855,-37.666536],[140.920504,-37.66682],[140.920196,-37.667144],[140.919577,-37.66794],[140.916465,-37.672227],[140.915983,-37.67267],[140.911214,-37.675711],[140.910408,-37.67648],[140.909998,-37.677121],[140.909596,-37.678258],[140.909454,-37.679413],[140.909123,-37.682079],[140.908838,-37.68327],[140.901875,-37.696917],[140.901375,-37.697807],[140.899951,-37.699648],[140.899117,-37.700639],[140.898029,-37.701919],[140.89717,-37.702557],[140.895421,-37.703365],[140.89429,-37.703995],[140.89357,-37.704651],[140.892897,-37.705687],[140.892155,-37.70743],[140.892029,-37.70833],[140.892208,-37.711777],[140.892157,-37.713439],[140.891709,-37.714856],[140.891364,-37.716164],[140.89135,-37.716519],[140.891207,-37.719951],[140.891072,-37.721866],[140.8907,-37.722784],[140.890136,-37.723549],[140.88714,-37.726321],[140.886412,-37.727415],[140.883751,-37.732032],[140.883447,-37.73256],[140.882,-37.735246],[140.881776,-37.735638],[140.88162,-37.735863],[140.881447,-37.736084],[140.881294,-37.736275],[140.8811,-37.736476],[140.880875,-37.736689],[140.880663,-37.736865],[140.880369,-37.737077],[140.880126,-37.73724],[140.879921,-37.737359],[140.879601,-37.737521],[140.875727,-37.73942],[140.871176,-37.741447],[140.866443,-37.743525],[140.863743,-37.744782],[140.861608,-37.745932],[140.860161,-37.746703],[140.859964,-37.746861],[140.85981,-37.74702],[140.859518,-37.747322],[140.858532,-37.748676],[140.858033,-37.749682],[140.857068,-37.75201],[140.856492,-37.753398],[140.856155,-37.754165],[140.856048,-37.754405],[140.85588,-37.754726],[140.855679,-37.755057],[140.855171,-37.755812],[140.851007,-37.762124],[140.850124,-37.763357],[140.849981,-37.763484],[140.849045,-37.764037],[140.848711,-37.764234],[140.848175,-37.764868],[140.847709,-37.766969],[140.847654,-37.76714],[140.847587,-37.767276],[140.847507,-37.767408],[140.84702,-37.76808],[140.846778,-37.768497],[140.846565,-37.768432],[140.846483,-37.768422],[140.846398,-37.768426],[140.846317,-37.768448],[140.846215,-37.76848],[140.846065,-37.768522],[140.835368,-37.771559],[140.834303,-37.771866],[140.832537,-37.772363],[140.831513,-37.772652],[140.83015,-37.773036],[140.817522,-37.776614],[140.814884,-37.777361],[140.814224,-37.777554],[140.813911,-37.777631],[140.813642,-37.777694],[140.813345,-37.777749],[140.811011,-37.778076],[140.808865,-37.778373],[140.805231,-37.778894]]}},{"type":"Feature","properties":{"tier":"arterial"},"geometry":{"type":"LineString","coordinates":[[140.747749,-37.836106],[140.748407,-37.835571],[140.748759,-37.835071],[140.749179,-37.833875],[140.74966,-37.832321],[140.749692,-37.832217],[140.750096,-37.83085]]}},{"type":"Feature","properties":{"tier":"regional"},"geometry":{"type":"LineString","coordinates":[[140.865616,-37.953099],[140.86557,-37.95221],[140.865648,-37.951325]]}},{"type":"Feature","properties":{"tier":"arterial"},"geometry":{"type":"LineString","coordinates":[[140.71338,-37.99711],[140.711747,-37.999422],[140.711352,-38.00002]]}},{"type":"Feature","properties":{"tier":"arterial"},"geometry":{"type":"LineString","coordinates":[[140.581602,-37.687627],[140.593873,-37.698073],[140.600601,-37.704325]]}},{"type":"Feature","properties":{"tier":"arterial"},"geometry":{"type":"LineString","coordinates":[[140.715925,-37.993416],[140.713729,-37.996627]]}},{"type":"Feature","properties":{"tier":"regional"},"geometry":{"type":"LineString","coordinates":[[140.750325,-37.818745],[140.751811,-37.819225],[140.752086,-37.819313],[140.754994,-37.820241],[140.755778,-37.820493],[140.756992,-37.820882],[140.758414,-37.821338],[140.760118,-37.821882],[140.761293,-37.822258],[140.762363,-37.8226]]}},{"type":"Feature","properties":{"tier":"regional"},"geometry":{"type":"LineString","coordinates":[[140.782655,-37.829056],[140.781852,-37.828801],[140.780678,-37.828423]]}},{"type":"Feature","properties":{"tier":"arterial"},"geometry":{"type":"LineString","coordinates":[[140.777369,-37.842159],[140.777316,-37.842327],[140.77722,-37.842475],[140.777106,-37.842554],[140.77698,-37.842619],[140.776804,-37.842672],[140.776597,-37.842724],[140.776335,-37.84277],[140.776116,-37.842823],[140.775789,-37.842926],[140.775501,-37.84303],[140.77524,-37.843139],[140.775024,-37.843249],[140.774845,-37.843342],[140.774677,-37.843424],[140.77453,-37.84348],[140.774392,-37.843498],[140.774231,-37.843476],[140.77393,-37.84343],[140.773719,-37.8434],[140.773704,-37.843399],[140.773484,-37.843389],[140.773268,-37.843402],[140.773179,-37.843438],[140.773042,-37.843515],[140.772925,-37.843609],[140.772862,-37.843675],[140.772747,-37.843868],[140.772622,-37.844044],[140.772365,-37.844282],[140.772067,-37.844498],[140.771263,-37.845031],[140.770926,-37.845262]]}},{"type":"Feature","properties":{"tier":"high"},"geometry":{"type":"LineString","coordinates":[[140.783117,-37.823258],[140.783218,-37.823163],[140.783278,-37.823092],[140.783342,-37.822991],[140.783895,-37.821878],[140.784221,-37.821239],[140.784357,-37.820966],[140.78505,-37.819568],[140.785155,-37.819368],[140.785944,-37.817807],[140.786396,-37.816914],[140.786769,-37.816177],[140.786904,-37.8159],[140.787277,-37.815133],[140.787815,-37.814028]]}},{"type":"Feature","properties":{"tier":"arterial"},"geometry":{"type":"LineString","coordinates":[[140.794327,-37.844159],[140.794231,-37.844322],[140.793939,-37.844935],[140.793599,-37.845651],[140.793429,-37.845997],[140.793093,-37.846682],[140.792873,-37.847127],[140.79281,-37.847255],[140.792782,-37.847318],[140.792747,-37.847415],[140.792716,-37.847551],[140.792698,-37.847645],[140.792687,-37.847728],[140.79268,-37.847814],[140.792677,-37.8479],[140.792682,-37.847941],[140.792695,-37.848052],[140.79289,-37.848972]]}},{"type":"Feature","properties":{"tier":"arterial"},"geometry":{"type":"LineString","coordinates":[[140.780678,-37.828423],[140.780413,-37.828933],[140.780181,-37.829387],[140.780156,-37.829436],[140.779873,-37.82999],[140.779621,-37.830483],[140.779015,-37.831682],[140.779001,-37.83171],[140.778969,-37.831775],[140.778444,-37.83282],[140.77815,-37.83342],[140.777812,-37.834084],[140.777613,-37.834478],[140.777151,-37.83538],[140.77677,-37.836124],[140.776281,-37.83708],[140.775755,-37.838107],[140.775722,-37.838206],[140.775715,-37.838292],[140.775716,-37.838398],[140.775799,-37.838585],[140.777009,-37.841074],[140.777188,-37.84144],[140.777327,-37.841859],[140.777362,-37.842004],[140.777369,-37.842159]]}},{"type":"Feature","properties":{"tier":"regional"},"geometry":{"type":"LineString","coordinates":[[140.77722,-37.842475],[140.777726,-37.842725],[140.777865,-37.842787],[140.77796,-37.842829],[140.778264,-37.842961],[140.778391,-37.842995],[140.778517,-37.843007],[140.779136,-37.843047],[140.780041,-37.843108],[140.780435,-37.843134],[140.781257,-37.843294],[140.781681,-37.843388],[140.782007,-37.843479],[140.782377,-37.843601],[140.783347,-37.8439],[140.783644,-37.844004],[140.783862,-37.844089],[140.784115,-37.844192],[140.784267,-37.844267],[140.784398,-37.844346],[140.784513,-37.844424],[140.784616,-37.844512],[140.784736,-37.844643],[140.784796,-37.844717],[140.784873,-37.844826],[140.784915,-37.844914],[140.785043,-37.845203],[140.785377,-37.84622],[140.785406,-37.846531],[140.785404,-37.846642],[140.785378,-37.846757],[140.785325,-37.846932],[140.785194,-37.847204],[140.785024,-37.847434],[140.784776,-37.847827],[140.784601,-37.848104],[140.784356,-37.84847],[140.784152,-37.848774],[140.783817,-37.849155],[140.783556,-37.84944],[140.783252,-37.84969],[140.783067,-37.849817],[140.782864,-37.849944],[140.782442,-37.850176],[140.78067,-37.851062],[140.780518,-37.851144],[140.780312,-37.851255],[140.779798,-37.851459],[140.779493,-37.851524],[140.77921,-37.851551],[140.778897,-37.851556],[140.777483,-37.851412],[140.777033,-37.851352],[140.77659,-37.851249],[140.776267,-37.851147],[140.77587,-37.850993],[140.775163,-37.850693],[140.773233,-37.849906],[140.772636,-37.849669],[140.772334,-37.849533],[140.772077,-37.849403],[140.771921,-37.849295],[140.771878,-37.849267],[140.771756,-37.849189],[140.771565,-37.849026],[140.77139,-37.848858],[140.771156,-37.848566],[140.771056,-37.848416],[140.770934,-37.848182],[140.77085,-37.84795],[140.770807,-37.847781],[140.770787,-37.847682],[140.770781,-37.847603],[140.770711,-37.846826],[140.770698,-37.84641],[140.770699,-37.846236],[140.770685,-37.846151]]}},{"type":"Feature","properties":{"tier":"regional"},"geometry":{"type":"LineString","coordinates":[[140.787987,-37.827014],[140.788139,-37.826964],[140.788423,-37.826876],[140.788614,-37.826773],[140.788776,-37.826646],[140.788872,-37.826546],[140.788915,-37.82647],[140.788956,-37.826396],[140.789225,-37.825894],[140.789441,-37.825503],[140.789882,-37.824596],[140.790239,-37.823906],[140.790462,-37.823464],[140.790869,-37.822658],[140.791064,-37.822271],[140.791957,-37.8205],[140.792537,-37.819355]]}},{"type":"Feature","properties":{"tier":"high"},"geometry":{"type":"LineString","coordinates":[[140.792559,-37.804838],[140.792477,-37.805086],[140.792399,-37.80528],[140.791649,-37.806738],[140.791212,-37.807618],[140.791197,-37.807648],[140.791095,-37.807845]]}},{"type":"Feature","properties":{"tier":"regional"},"geometry":{"type":"LineString","coordinates":[[140.772839,-37.829524],[140.772957,-37.829291],[140.773342,-37.828532],[140.773375,-37.828466],[140.773443,-37.828334],[140.773492,-37.828237],[140.773902,-37.827429]]}},{"type":"Feature","properties":{"tier":"regional"},"geometry":{"type":"LineString","coordinates":[[140.799417,-37.833441],[140.799557,-37.833332],[140.799704,-37.833197],[140.799815,-37.832997],[140.799841,-37.832946],[140.800369,-37.831907],[140.80118,-37.830315],[140.801658,-37.829404],[140.801861,-37.828993],[140.802446,-37.827836]]}},{"type":"Feature","properties":{"tier":"regional"},"geometry":{"type":"LineString","coordinates":[[140.762681,-37.822702],[140.765068,-37.823465],[140.766183,-37.823822],[140.767517,-37.82425],[140.767659,-37.824296],[140.768957,-37.824709],[140.770526,-37.825211],[140.771255,-37.825444],[140.771706,-37.825588],[140.772034,-37.825693],[140.774268,-37.826399],[140.774403,-37.826442],[140.774502,-37.826473],[140.774549,-37.826488],[140.774808,-37.826571],[140.776503,-37.827114]]}},{"type":"Feature","properties":{"tier":"high"},"geometry":{"type":"LineString","coordinates":[[140.783441,-37.823429],[140.783492,-37.823463],[140.783583,-37.823504],[140.783779,-37.823571],[140.784436,-37.823783],[140.784678,-37.823889],[140.784876,-37.823991],[140.785096,-37.824134],[140.785558,-37.824564],[140.786017,-37.82497],[140.786585,-37.825473],[140.787119,-37.825947],[140.787674,-37.826439],[140.787821,-37.826572],[140.787928,-37.826689],[140.788019,-37.826806],[140.788139,-37.826964],[140.788305,-37.827402],[140.788393,-37.827582],[140.788541,-37.827804],[140.788615,-37.82787],[140.788829,-37.828034],[140.789106,-37.828196],[140.789771,-37.828426],[140.7909,-37.82878],[140.791054,-37.828828],[140.791428,-37.828946],[140.791716,-37.829058],[140.79188,-37.829152],[140.792048,-37.829273],[140.792279,-37.829487],[140.79245,-37.829699],[140.792459,-37.829713],[140.792702,-37.83024],[140.792719,-37.830275],[140.792812,-37.830546],[140.792901,-37.83069],[140.793057,-37.830905],[140.793179,-37.831016],[140.793321,-37.831142],[140.793529,-37.831274],[140.793757,-37.831382],[140.794311,-37.831563],[140.794414,-37.831597],[140.794679,-37.831682],[140.794868,-37.831743],[140.795611,-37.831983],[140.796083,-37.832132],[140.796615,-37.832301],[140.797279,-37.832507],[140.797871,-37.832692],[140.799103,-37.833087],[140.799355,-37.833204],[140.799406,-37.833228],[140.799557,-37.833332]]}},{"type":"Feature","properties":{"tier":"regional"},"geometry":{"type":"LineString","coordinates":[[140.788473,-37.813999],[140.788301,-37.813973],[140.788227,-37.81395],[140.788034,-37.81389]]}},{"type":"Feature","properties":{"tier":"regional"},"geometry":{"type":"LineString","coordinates":[[140.789441,-37.825503],[140.790996,-37.826003],[140.791969,-37.826315],[140.793279,-37.826736],[140.793328,-37.826752],[140.793487,-37.826803],[140.793607,-37.826841],[140.794036,-37.826979],[140.794595,-37.827158],[140.795039,-37.827298],[140.796089,-37.827637],[140.796728,-37.827841],[140.79818,-37.828307],[140.799091,-37.828598],[140.79957,-37.828749],[140.800009,-37.828887],[140.800779,-37.829128],[140.801658,-37.829404]]}},{"type":"Feature","properties":{"tier":"arterial"},"geometry":{"type":"LineString","coordinates":[[140.794277,-37.843917],[140.794324,-37.843818],[140.794374,-37.843719],[140.794847,-37.842749],[140.795057,-37.842337],[140.795268,-37.841939],[140.795647,-37.841177],[140.796174,-37.840133],[140.796464,-37.839553],[140.796931,-37.838633],[140.797013,-37.838463],[140.797097,-37.838288],[140.798082,-37.83634],[140.798543,-37.835423],[140.798586,-37.835357],[140.798643,-37.835282],[140.798747,-37.835162],[140.798841,-37.835081]]}},{"type":"Feature","properties":{"tier":"regional"},"geometry":{"type":"LineString","coordinates":[[140.766665,-37.814453],[140.76746,-37.812907],[140.767917,-37.812022],[140.768984,-37.809895],[140.769729,-37.808438],[140.769847,-37.808182],[140.769855,-37.8081]]}},{"type":"Feature","properties":{"tier":"regional"},"geometry":{"type":"LineString","coordinates":[[140.770922,-37.833283],[140.768557,-37.832488],[140.767566,-37.832154],[140.767236,-37.832065],[140.766974,-37.831992],[140.766731,-37.831917],[140.766495,-37.831795],[140.76635,-37.831685],[140.765789,-37.831309],[140.765585,-37.831173],[140.764844,-37.830645],[140.764779,-37.830599],[140.764623,-37.830492],[140.76449,-37.830425],[140.76395,-37.830245],[140.763169,-37.829996],[140.762675,-37.829839]]}},{"type":"Feature","properties":{"tier":"regional"},"geometry":{"type":"LineString","coordinates":[[140.769845,-37.807967],[140.767865,-37.807303],[140.766639,-37.806896],[140.766125,-37.806734],[140.766038,-37.806709],[140.764846,-37.806335],[140.762482,-37.805597],[140.760817,-37.805067],[140.759745,-37.804725],[140.75934,-37.804596],[140.758433,-37.804608],[140.757995,-37.804613],[140.757765,-37.804579],[140.757579,-37.804527]]}},{"type":"Feature","properties":{"tier":"regional"},"geometry":{"type":"LineString","coordinates":[[140.782077,-37.84022],[140.782855,-37.840471],[140.782992,-37.840515],[140.783682,-37.840733],[140.78399,-37.84083],[140.784342,-37.840941],[140.78562,-37.841344],[140.785769,-37.841391],[140.786565,-37.841642],[140.787548,-37.841951],[140.787981,-37.842088],[140.788586,-37.842273],[140.788742,-37.842326],[140.789593,-37.842596],[140.790596,-37.842912],[140.791366,-37.843154],[140.791594,-37.843226],[140.792593,-37.843535],[140.793417,-37.84379],[140.793832,-37.843919],[140.794154,-37.843991]]}},{"type":"Feature","properties":{"tier":"arterial"},"geometry":{"type":"LineString","coordinates":[[140.799921,-37.83441],[140.800162,-37.834257],[140.800235,-37.83421]]}},{"type":"Feature","properties":{"tier":"arterial"},"geometry":{"type":"LineString","coordinates":[[140.762667,-37.816883],[140.764585,-37.817499],[140.764684,-37.817531],[140.764813,-37.817556],[140.764977,-37.817612]]}},{"type":"Feature","properties":{"tier":"regional"},"geometry":{"type":"LineString","coordinates":[[140.794446,-37.844076],[140.794718,-37.84417],[140.795393,-37.844401],[140.795572,-37.844458],[140.797199,-37.844967],[140.797749,-37.845129],[140.798765,-37.845442],[140.800849,-37.846078],[140.802455,-37.846562],[140.803656,-37.846943],[140.805366,-37.847488]]}},{"type":"Feature","properties":{"tier":"arterial"},"geometry":{"type":"LineString","coordinates":[[140.757605,-37.815258],[140.758839,-37.815654],[140.759407,-37.815837],[140.760003,-37.816028],[140.76102,-37.816354],[140.762667,-37.816883]]}},{"type":"Feature","properties":{"tier":"regional"},"geometry":{"type":"LineString","coordinates":[[140.786936,-37.830427],[140.786799,-37.830382],[140.786708,-37.830352],[140.786369,-37.83024],[140.78551,-37.829957],[140.785174,-37.829852],[140.784992,-37.829795],[140.7848,-37.829735],[140.784597,-37.82967],[140.784082,-37.829509],[140.782655,-37.829056]]}},{"type":"Feature","properties":{"tier":"regional"},"geometry":{"type":"LineString","coordinates":[[140.781739,-37.811952],[140.781388,-37.812644],[140.780872,-37.813659],[140.780279,-37.814827],[140.780065,-37.815246],[140.778868,-37.817603],[140.778776,-37.817789],[140.778356,-37.818638],[140.778192,-37.81897],[140.777806,-37.819752],[140.777651,-37.820064],[140.777214,-37.821061],[140.777119,-37.821249],[140.77706,-37.821363]]}},{"type":"Feature","properties":{"tier":"regional"},"geometry":{"type":"LineString","coordinates":[[140.769599,-37.835931],[140.769775,-37.835559],[140.770258,-37.834593],[140.77061,-37.833897],[140.770647,-37.833824],[140.770922,-37.833283],[140.771592,-37.831981],[140.772056,-37.831066],[140.772186,-37.83081],[140.772286,-37.830613],[140.772653,-37.829895]]}},{"type":"Feature","properties":{"tier":"regional"},"geometry":{"type":"LineString","coordinates":[[140.773902,-37.827429],[140.774369,-37.82651],[140.774403,-37.826442]]}},{"type":"Feature","properties":{"tier":"high"},"geometry":{"type":"LineString","coordinates":[[140.792688,-37.803886],[140.792678,-37.80397],[140.792638,-37.804342],[140.7926,-37.804673],[140.792559,-37.804838]]}},{"type":"Feature","properties":{"tier":"high"},"geometry":{"type":"LineString","coordinates":[[140.792563,-37.803489],[140.792559,-37.802565]]}},{"type":"Feature","properties":{"tier":"high"},"geometry":{"type":"LineString","coordinates":[[140.816102,-37.839717],[140.819713,-37.840874],[140.819821,-37.84091],[140.823667,-37.842157]]}},{"type":"Feature","properties":{"tier":"arterial"},"geometry":{"type":"LineString","coordinates":[[140.755879,-37.81483],[140.755927,-37.81473]]}},{"type":"Feature","properties":{"tier":"high"},"geometry":{"type":"LineString","coordinates":[[140.785915,-37.825034],[140.786017,-37.82497]]}},{"type":"Feature","properties":{"tier":"high"},"geometry":{"type":"LineString","coordinates":[[140.794805,-37.83187],[140.794868,-37.831743]]}},{"type":"Feature","properties":{"tier":"high"},"geometry":{"type":"LineString","coordinates":[[140.793657,-37.831488],[140.793757,-37.831382]]}},{"type":"Feature","properties":{"tier":"high"},"geometry":{"type":"LineString","coordinates":[[140.784987,-37.824216],[140.785096,-37.824134]]}},{"type":"Feature","properties":{"tier":"high"},"geometry":{"type":"LineString","coordinates":[[140.792755,-37.830767],[140.792901,-37.83069]]}},{"type":"Feature","properties":{"tier":"high"},"geometry":{"type":"LineString","coordinates":[[140.797216,-37.832632],[140.797279,-37.832507]]}},{"type":"Feature","properties":{"tier":"high"},"geometry":{"type":"LineString","coordinates":[[140.796023,-37.832255],[140.796083,-37.832132]]}},{"type":"Feature","properties":{"tier":"high"},"geometry":{"type":"LineString","coordinates":[[140.790995,-37.828948],[140.791054,-37.828828]]}},{"type":"Feature","properties":{"tier":"high"},"geometry":{"type":"LineString","coordinates":[[140.791941,-37.829364],[140.792048,-37.829273]]}},{"type":"Feature","properties":{"tier":"regional"},"geometry":{"type":"LineString","coordinates":[[140.754412,-37.81067],[140.754101,-37.811276],[140.753861,-37.811743],[140.753431,-37.812607],[140.753349,-37.812773],[140.75308,-37.813313],[140.753068,-37.813359]]}},{"type":"Feature","properties":{"tier":"regional"},"geometry":{"type":"LineString","coordinates":[[140.732752,-37.810409],[140.736528,-37.814567]]}},{"type":"Feature","properties":{"tier":"regional"},"geometry":{"type":"LineString","coordinates":[[140.738268,-37.814454],[140.739702,-37.811626],[140.740586,-37.809884]]}},{"type":"Feature","properties":{"tier":"arterial"},"geometry":{"type":"LineString","coordinates":[[140.812766,-37.5492],[140.8116,-37.549405],[140.811014,-37.549484],[140.810606,-37.54952],[140.810104,-37.549516],[140.804102,-37.549254],[140.803722,-37.549246],[140.803384,-37.549248],[140.803116,-37.549262],[140.802691,-37.549288],[140.802476,-37.549306],[140.802185,-37.54933],[140.801661,-37.549395],[140.800477,-37.549548],[140.798638,-37.549764],[140.798008,-37.549836],[140.793349,-37.550232],[140.792714,-37.550287],[140.77911,-37.551161],[140.778869,-37.551179],[140.778674,-37.551191],[140.778518,-37.551208],[140.778328,-37.551237],[140.778172,-37.55126],[140.777816,-37.551321],[140.777426,-37.551398],[140.776577,-37.551612],[140.771673,-37.552988],[140.771424,-37.553053],[140.77117,-37.553134],[140.770969,-37.553204],[140.770824,-37.553264],[140.770496,-37.553404],[140.770306,-37.553495],[140.770031,-37.553641],[140.769877,-37.553734],[140.769661,-37.553865],[140.769487,-37.553989],[140.769187,-37.554218],[140.768906,-37.554458],[140.768713,-37.55465],[140.768508,-37.554856],[140.768343,-37.55506],[140.768247,-37.555174],[140.767966,-37.555612],[140.766972,-37.557462],[140.766843,-37.557675],[140.766646,-37.55799],[140.766552,-37.558129],[140.766324,-37.558419],[140.766174,-37.558601],[140.766036,-37.558764],[140.765874,-37.558937],[140.765725,-37.559054],[140.765355,-37.559376],[140.765203,-37.559503],[140.764841,-37.559754],[140.764703,-37.55984],[140.764112,-37.560183],[140.763947,-37.560252],[140.76368,-37.560372],[140.763484,-37.560452],[140.763202,-37.560558],[140.762962,-37.560638],[140.762592,-37.56075],[140.762242,-37.56086],[140.75984,-37.561593],[140.756747,-37.56254],[140.754009,-37.563399],[140.753765,-37.563474],[140.753513,-37.563567],[140.753235,-37.563672],[140.752974,-37.563769],[140.752716,-37.563882],[140.752523,-37.563966],[140.752274,-37.564083],[140.752106,-37.564173],[140.751793,-37.564354],[140.751414,-37.564589],[140.749932,-37.565525],[140.74852,-37.566401],[140.745589,-37.568248],[140.744341,-37.569092],[140.743436,-37.569737],[140.74301,-37.570056],[140.742163,-37.570658],[140.741802,-37.570905],[140.741608,-37.571035],[140.741346,-37.571207],[140.741172,-37.571307],[140.740988,-37.571411],[140.740842,-37.571495],[140.740623,-37.571613],[140.74034,-37.571752],[140.74009,-37.571863],[140.739919,-37.571933],[140.73976,-37.571988],[140.739585,-37.572048],[140.739403,-37.5721],[140.739231,-37.572147],[140.739017,-37.572201],[140.73866,-37.572273],[140.738424,-37.572314],[140.738165,-37.572352],[140.737731,-37.572405],[140.737297,-37.572421],[140.73685,-37.572417],[140.736405,-37.572382],[140.736008,-37.572323],[140.735661,-37.572262],[140.735331,-37.57219],[140.73499,-37.572095],[140.734657,-37.571981],[140.734309,-37.571853],[140.733986,-37.571725],[140.733667,-37.571572],[140.733347,-37.571405],[140.732908,-37.571166],[140.730061,-37.569555],[140.729478,-37.569237],[140.728895,-37.568928],[140.726838,-37.567846],[140.726424,-37.567648],[140.72589,-37.567417],[140.721007,-37.565656],[140.720543,-37.565534],[140.720087,-37.565428],[140.71963,-37.565339],[140.719111,-37.565261],[140.718437,-37.565208],[140.717664,-37.565183],[140.716674,-37.565186],[140.715554,-37.565182],[140.706417,-37.565335],[140.706113,-37.565332],[140.70582,-37.56532],[140.705647,-37.565306]]}},{"type":"Feature","properties":{"tier":"high"},"geometry":{"type":"LineString","coordinates":[[140.814934,-37.537858],[140.81512,-37.536424]]}},{"type":"Feature","properties":{"tier":"high"},"geometry":{"type":"LineString","coordinates":[[140.813835,-37.549813],[140.81379,-37.550115],[140.81374,-37.5505],[140.813724,-37.550631],[140.813714,-37.550694],[140.813685,-37.550762]]}},{"type":"Feature","properties":{"tier":"high"},"geometry":{"type":"LineString","coordinates":[[140.815201,-37.535662],[140.815826,-37.529756],[140.815878,-37.529161],[140.815928,-37.528594],[140.815958,-37.528252],[140.816025,-37.527483],[140.816249,-37.525191],[140.816475,-37.522799]]}},{"type":"Feature","properties":{"tier":"high"},"geometry":{"type":"LineString","coordinates":[[140.81355,-37.552355],[140.813685,-37.550762]]}},{"type":"Feature","properties":{"tier":"regional"},"geometry":{"type":"LineString","coordinates":[[140.746402,-37.825475],[140.746528,-37.825548],[140.746631,-37.825586],[140.746748,-37.825576],[140.746871,-37.825501]]}},{"type":"Feature","properties":{"tier":"regional"},"geometry":{"type":"LineString","coordinates":[[140.795998,-37.804906],[140.794876,-37.804544],[140.793107,-37.804024]]}},{"type":"Feature","properties":{"tier":"arterial"},"geometry":{"type":"LineString","coordinates":[[140.551393,-37.735978],[140.544622,-37.734522],[140.542871,-37.734161],[140.540433,-37.733658],[140.536621,-37.73286],[140.533172,-37.732139],[140.530002,-37.731465],[140.527424,-37.730918]]}},{"type":"Feature","properties":{"tier":"arterial"},"geometry":{"type":"LineString","coordinates":[[140.527424,-37.730918],[140.526131,-37.73074],[140.525195,-37.730675],[140.524902,-37.730668],[140.524355,-37.730649],[140.523688,-37.730632],[140.523207,-37.730637],[140.522648,-37.730567],[140.522193,-37.730463],[140.521027,-37.730106],[140.518038,-37.729145],[140.517102,-37.728839],[140.516255,-37.728568],[140.515637,-37.72837],[140.515069,-37.7282],[140.513913,-37.727917],[140.512218,-37.727491],[140.51212,-37.727467],[140.511223,-37.72725],[140.510771,-37.727108],[140.510348,-37.726954],[140.509935,-37.72677],[140.509607,-37.726604],[140.509012,-37.726294],[140.508518,-37.726046],[140.507948,-37.725738],[140.50776,-37.725641],[140.507346,-37.725408],[140.50709,-37.725242],[140.506897,-37.725086],[140.506656,-37.724886],[140.506565,-37.724804],[140.50627,-37.724538],[140.506008,-37.724257],[140.505818,-37.724029],[140.505664,-37.723828],[140.505479,-37.723565],[140.505165,-37.723051],[140.504093,-37.721293],[140.503432,-37.720298],[140.501659,-37.717755],[140.500507,-37.716099],[140.500094,-37.715515],[140.49998,-37.715346]]}},{"type":"Feature","properties":{"tier":"arterial"},"geometry":{"type":"LineString","coordinates":[[140.793205,-37.860309],[140.793184,-37.85508],[140.793163,-37.850701],[140.793148,-37.850597],[140.793133,-37.850425],[140.793116,-37.850237],[140.793086,-37.85005]]}},{"type":"Feature","properties":{"tier":"regional"},"geometry":{"type":"LineString","coordinates":[[140.813885,-37.833302],[140.813503,-37.834072],[140.813128,-37.834831],[140.812408,-37.836221],[140.811663,-37.837673],[140.811383,-37.838217],[140.811321,-37.838336]]}},{"type":"Feature","properties":{"tier":"regional"},"geometry":{"type":"LineString","coordinates":[[140.806519,-37.819796],[140.806829,-37.819238],[140.808368,-37.816189],[140.808395,-37.816135],[140.809052,-37.814848],[140.809189,-37.814578],[140.809214,-37.814529],[140.811566,-37.809883]]}},{"type":"Feature","properties":{"tier":"high"},"geometry":{"type":"LineString","coordinates":[[140.792678,-37.80397],[140.792557,-37.803911]]}},{"type":"Feature","properties":{"tier":"regional"},"geometry":{"type":"LineString","coordinates":[[140.745475,-37.800195],[140.745263,-37.800612],[140.743807,-37.803521],[140.74126,-37.808509]]}},{"type":"Feature","properties":{"tier":"regional"},"geometry":{"type":"LineString","coordinates":[[140.756117,-37.807314],[140.756007,-37.807524],[140.755273,-37.808988],[140.754782,-37.809946],[140.754412,-37.81067]]}},{"type":"Feature","properties":{"tier":"regional"},"geometry":{"type":"LineString","coordinates":[[140.762864,-37.794332],[140.755617,-37.792003],[140.751413,-37.790665],[140.751139,-37.790559],[140.750541,-37.790262]]}},{"type":"Feature","properties":{"tier":"regional"},"geometry":{"type":"LineString","coordinates":[[140.74126,-37.808509],[140.741144,-37.808822],[140.741116,-37.809265],[140.741097,-37.809371],[140.741022,-37.809557],[140.740806,-37.809947]]}},{"type":"Feature","properties":{"tier":"regional"},"geometry":{"type":"LineString","coordinates":[[140.736528,-37.814567],[140.73742,-37.815555],[140.737613,-37.815764],[140.742203,-37.820836],[140.742513,-37.821156],[140.742683,-37.821377],[140.745471,-37.824439],[140.746402,-37.825475],[140.74671,-37.825816],[140.747405,-37.826586],[140.747793,-37.827003],[140.748529,-37.827815],[140.750399,-37.829828]]}},{"type":"Feature","properties":{"tier":"arterial"},"geometry":{"type":"LineString","coordinates":[[140.754502,-37.827267],[140.754572,-37.827229],[140.756252,-37.826275],[140.757371,-37.825643],[140.758111,-37.825224],[140.758128,-37.825215],[140.759447,-37.824469],[140.76116,-37.823498],[140.762463,-37.822763]]}},{"type":"Feature","properties":{"tier":"regional"},"geometry":{"type":"LineString","coordinates":[[140.818727,-37.823866],[140.818691,-37.82385],[140.818664,-37.823825],[140.818648,-37.823796],[140.818644,-37.823763],[140.818653,-37.823732],[140.818674,-37.823704],[140.818705,-37.823683],[140.818743,-37.82367],[140.818785,-37.823667],[140.818825,-37.823675],[140.81886,-37.823692],[140.818886,-37.823717],[140.818902,-37.823747],[140.818904,-37.823779],[140.818894,-37.823811],[140.818873,-37.823838],[140.818843,-37.823858],[140.818806,-37.82387],[140.818766,-37.823873],[140.818727,-37.823866]]}},{"type":"Feature","properties":{"tier":"regional"},"geometry":{"type":"LineString","coordinates":[[140.818894,-37.823811],[140.830987,-37.827706],[140.831952,-37.828023],[140.834619,-37.828886],[140.83567,-37.829223]]}},{"type":"Feature","properties":{"tier":"regional"},"geometry":{"type":"LineString","coordinates":[[140.712903,-37.49998],[140.712891,-37.502406],[140.713102,-37.503002],[140.713235,-37.503257],[140.714179,-37.505385],[140.714329,-37.506015],[140.714307,-37.506917],[140.714114,-37.510202],[140.713878,-37.5109],[140.711432,-37.5165],[140.71051,-37.517589],[140.710277,-37.517762],[140.709501,-37.518338],[140.707699,-37.519632],[140.70699,-37.520431],[140.702849,-37.527545],[140.701884,-37.528345],[140.698815,-37.530353],[140.697983,-37.531033],[140.697334,-37.531608],[140.696921,-37.532041],[140.696546,-37.532645],[140.696517,-37.532709],[140.696282,-37.53324],[140.696136,-37.533756],[140.69608,-37.534339],[140.696498,-37.550821],[140.696657,-37.558451]]}},{"type":"Feature","properties":{"tier":"arterial"},"geometry":{"type":"LineString","coordinates":[[140.678085,-37.564297],[140.678104,-37.565259],[140.678119,-37.565759]]}},{"type":"Feature","properties":{"tier":"arterial"},"geometry":{"type":"LineString","coordinates":[[140.792937,-37.849987],[140.792966,-37.849893],[140.792976,-37.849826],[140.792943,-37.849643]]}},{"type":"Feature","properties":{"tier":"arterial"},"geometry":{"type":"LineString","coordinates":[[140.793163,-37.850701],[140.793093,-37.850516],[140.793073,-37.850258],[140.793059,-37.850161],[140.793014,-37.8501],[140.792968,-37.85005]]}},{"type":"Feature","properties":{"tier":"regional"},"geometry":{"type":"LineString","coordinates":[[140.780681,-37.800044],[140.780574,-37.800009],[140.774998,-37.798225],[140.774304,-37.798006],[140.770468,-37.796774]]}},{"type":"Feature","properties":{"tier":"regional"},"geometry":{"type":"LineString","coordinates":[[140.838385,-38.00002],[140.838353,-37.998993],[140.838285,-37.996478],[140.838092,-37.989792],[140.837813,-37.980398],[140.837784,-37.979931],[140.837702,-37.979496],[140.837612,-37.979226],[140.837419,-37.978746],[140.837112,-37.97823],[140.836721,-37.977737],[140.835609,-37.976597],[140.835262,-37.976252],[140.834901,-37.975814],[140.834641,-37.975399],[140.83441,-37.974907],[140.834281,-37.974512],[140.834181,-37.974041],[140.834143,-37.973669],[140.834079,-37.969758],[140.834111,-37.96966]]}},{"type":"Feature","properties":{"tier":"arterial"},"geometry":{"type":"LineString","coordinates":[[140.570234,-37.849262],[140.570458,-37.849263],[140.59106,-37.849313],[140.609288,-37.849357],[140.627012,-37.849395],[140.644672,-37.849434],[140.645095,-37.849436],[140.645505,-37.849458],[140.645878,-37.849495],[140.646573,-37.849596],[140.663669,-37.852576],[140.682017,-37.855774],[140.68683,-37.85661],[140.687848,-37.856794],[140.688746,-37.856942],[140.68948,-37.857036],[140.690099,-37.857096],[140.690988,-37.857128],[140.694569,-37.857133],[140.69836,-37.857137],[140.698914,-37.857131],[140.699338,-37.857107],[140.699846,-37.85705],[140.700391,-37.856955],[140.700825,-37.856873],[140.708326,-37.855192],[140.713141,-37.854108],[140.716848,-37.853294],[140.717241,-37.853188],[140.717539,-37.853103],[140.71787,-37.852996],[140.718172,-37.85288],[140.718417,-37.852775],[140.718658,-37.852669],[140.7189,-37.852544],[140.719249,-37.852341],[140.722105,-37.850608],[140.723406,-37.849857],[140.7281,-37.847195],[140.728835,-37.846778],[140.732249,-37.845002],[140.734878,-37.843639],[140.735293,-37.843421],[140.735624,-37.843239],[140.735913,-37.843079],[140.736273,-37.842857],[140.736659,-37.842607],[140.737012,-37.842372],[140.737431,-37.842062],[140.738677,-37.841113],[140.739857,-37.840344],[140.740602,-37.840012],[140.741462,-37.839615],[140.742455,-37.839067]]}},{"type":"Feature","properties":{"tier":"regional"},"geometry":{"type":"LineString","coordinates":[[140.600601,-37.704325],[140.601458,-37.703514],[140.602072,-37.702883],[140.602234,-37.702723],[140.605078,-37.698068],[140.607913,-37.693283],[140.610621,-37.689038],[140.611452,-37.687663]]}},{"type":"Feature","properties":{"tier":"regional"},"geometry":{"type":"LineString","coordinates":[[140.752886,-37.813642],[140.753068,-37.813359]]}},{"type":"Feature","properties":{"tier":"regional"},"geometry":{"type":"LineString","coordinates":[[140.753068,-37.813359],[140.753038,-37.813686]]}},{"type":"Feature","properties":{"tier":"arterial"},"geometry":{"type":"LineString","coordinates":[[140.670537,-37.762566],[140.669792,-37.762494],[140.66933,-37.762471],[140.668937,-37.762467],[140.66827,-37.762503],[140.666917,-37.762496],[140.665563,-37.762452],[140.665121,-37.762376],[140.664585,-37.762342],[140.664154,-37.76228],[140.663653,-37.762192],[140.662778,-37.762002],[140.654609,-37.760199],[140.650392,-37.759268],[140.646396,-37.758435],[140.646208,-37.758396],[140.645655,-37.758325],[140.644865,-37.758298],[140.634196,-37.758304],[140.63251,-37.758279],[140.63173,-37.758255]]}},{"type":"Feature","properties":{"tier":"high"},"geometry":{"type":"LineString","coordinates":[[140.797344,-37.696647],[140.794975,-37.691199],[140.794775,-37.690724],[140.794619,-37.690217],[140.794614,-37.690201],[140.794513,-37.689676],[140.794499,-37.689518],[140.794482,-37.688649],[140.794526,-37.688254],[140.794583,-37.687803],[140.79487,-37.685351],[140.794888,-37.68494],[140.794863,-37.684489],[140.794828,-37.684174],[140.794751,-37.68381],[140.794651,-37.683493],[140.79452,-37.683131],[140.794322,-37.682772],[140.79404,-37.682333],[140.792637,-37.680148]]}},{"type":"Feature","properties":{"tier":"high"},"geometry":{"type":"LineString","coordinates":[[140.814246,-37.54587],[140.8142,-37.546252],[140.814177,-37.546435],[140.81411,-37.546987],[140.814024,-37.547798],[140.814018,-37.547875],[140.813987,-37.548196],[140.813937,-37.548735],[140.813912,-37.548994]]}},{"type":"Feature","properties":{"tier":"high"},"geometry":{"type":"LineString","coordinates":[[140.816475,-37.522799],[140.816756,-37.519908],[140.816975,-37.517452],[140.81715,-37.515495]]}},{"type":"Feature","properties":{"tier":"high"},"geometry":{"type":"LineString","coordinates":[[140.81715,-37.515495],[140.817294,-37.514006],[140.817394,-37.513239],[140.817566,-37.511075],[140.817603,-37.510813],[140.817778,-37.50963],[140.81788,-37.508826],[140.817966,-37.508377],[140.818071,-37.507858],[140.818197,-37.507336],[140.818344,-37.506834],[140.81997,-37.501708],[140.820469,-37.49998]]}},{"type":"Feature","properties":{"tier":"high"},"geometry":{"type":"LineString","coordinates":[[140.792682,-37.803647],[140.792688,-37.803886]]}},{"type":"Feature","properties":{"tier":"regional"},"geometry":{"type":"LineString","coordinates":[[140.805279,-37.941797],[140.80455,-37.941809],[140.80007,-37.941844],[140.799736,-37.941846],[140.798509,-37.941856],[140.794084,-37.94189],[140.792523,-37.941902],[140.786396,-37.941945],[140.780308,-37.941991],[140.774209,-37.942042],[140.768776,-37.942086],[140.763265,-37.942144],[140.757364,-37.942216],[140.751641,-37.942262],[140.74737,-37.942338],[140.747054,-37.942389],[140.746759,-37.942469],[140.746458,-37.942584],[140.746201,-37.94271],[140.745992,-37.942846],[140.745793,-37.942994],[140.745611,-37.943184],[140.745375,-37.943489],[140.744323,-37.944978],[140.742929,-37.946964],[140.742617,-37.947393],[140.7425,-37.947529],[140.742328,-37.947685],[140.742178,-37.947808],[140.742011,-37.947918],[140.741885,-37.947985],[140.741813,-37.948024],[140.741598,-37.948117],[140.741266,-37.948227],[140.740965,-37.948295],[140.740729,-37.948328],[140.740418,-37.948337],[140.74015,-37.948328]]}},{"type":"Feature","properties":{"tier":"regional"},"geometry":{"type":"LineString","coordinates":[[140.762675,-37.829839],[140.762405,-37.829753],[140.761556,-37.829478],[140.760962,-37.829286],[140.759936,-37.828957],[140.7585,-37.828496],[140.758185,-37.828395]]}},{"type":"Feature","properties":{"tier":"regional"},"geometry":{"type":"LineString","coordinates":[[140.758185,-37.828395],[140.7571,-37.828047],[140.756609,-37.827888],[140.756083,-37.827718],[140.755783,-37.827621],[140.754572,-37.827229]]}},{"type":"Feature","properties":{"tier":"regional"},"geometry":{"type":"LineString","coordinates":[[140.771495,-37.808501],[140.770178,-37.808076]]}},{"type":"Feature","properties":{"tier":"regional"},"geometry":{"type":"LineString","coordinates":[[140.775893,-37.809928],[140.771692,-37.808565],[140.771495,-37.808501]]}},{"type":"Feature","properties":{"tier":"regional"},"geometry":{"type":"LineString","coordinates":[[140.830374,-37.868468],[140.830356,-37.869819],[140.830349,-37.870421],[140.830317,-37.877521]]}},{"type":"Feature","properties":{"tier":"regional"},"geometry":{"type":"LineString","coordinates":[[140.871627,-37.81789],[140.869719,-37.817071],[140.861318,-37.814384],[140.856606,-37.812912],[140.850695,-37.811026],[140.849287,-37.8106],[140.843677,-37.80883],[140.840978,-37.808011],[140.828784,-37.804056],[140.828582,-37.803991],[140.81668,-37.800173],[140.81654,-37.800126],[140.816511,-37.800117],[140.799844,-37.794855],[140.796881,-37.793919],[140.795981,-37.793775],[140.795131,-37.793761],[140.794535,-37.793844],[140.793885,-37.794016],[140.793558,-37.794098]]}},{"type":"Feature","properties":{"tier":"high"},"geometry":{"type":"LineString","coordinates":[[140.846396,-37.849037],[140.847402,-37.849355]]}},{"type":"Feature","properties":{"tier":"high"},"geometry":{"type":"LineString","coordinates":[[140.847402,-37.849355],[140.847623,-37.849422],[140.851804,-37.850765]]}},{"type":"Feature","properties":{"tier":"high"},"geometry":{"type":"LineString","coordinates":[[140.792039,-37.805747],[140.792108,-37.805607],[140.792268,-37.805284],[140.792354,-37.805035],[140.792434,-37.80478],[140.792477,-37.804594],[140.792536,-37.804255],[140.792557,-37.803911],[140.792559,-37.803843],[140.792564,-37.803651]]}},{"type":"Feature","properties":{"tier":"regional"},"geometry":{"type":"LineString","coordinates":[[140.827249,-37.835187],[140.828184,-37.835027],[140.830192,-37.834623],[140.831763,-37.834873],[140.833141,-37.835101],[140.833882,-37.835312],[140.836504,-37.835188],[140.8376,-37.835148],[140.84353,-37.836319],[140.845437,-37.836692],[140.845594,-37.836725],[140.845832,-37.836721]]}},{"type":"Feature","properties":{"tier":"regional"},"geometry":{"type":"LineString","coordinates":[[140.67779,-37.551066],[140.677475,-37.551069],[140.676049,-37.551092]]}},{"type":"Feature","properties":{"tier":"regional"},"geometry":{"type":"LineString","coordinates":[[140.792093,-37.767617],[140.792311,-37.767606],[140.793102,-37.767605],[140.794158,-37.767586],[140.795744,-37.767565],[140.796554,-37.767551],[140.797425,-37.767547],[140.799125,-37.767519],[140.799628,-37.767513]]}},{"type":"Feature","properties":{"tier":"regional"},"geometry":{"type":"LineString","coordinates":[[140.610621,-37.689038],[140.609676,-37.687733],[140.609666,-37.687629]]}},{"type":"Feature","properties":{"tier":"arterial"},"geometry":{"type":"LineString","coordinates":[[140.854711,-37.846637],[140.852864,-37.849913],[140.852608,-37.85036]]}},{"type":"Feature","properties":{"tier":"arterial"},"geometry":{"type":"LineString","coordinates":[[140.793816,-37.844895],[140.794105,-37.844288],[140.794172,-37.844111]]}},{"type":"Feature","properties":{"tier":"regional"},"geometry":{"type":"LineString","coordinates":[[140.792397,-37.803649],[140.792499,-37.803583],[140.792563,-37.803489]]}},{"type":"Feature","properties":{"tier":"high"},"geometry":{"type":"LineString","coordinates":[[140.792557,-37.803911],[140.792688,-37.803886]]}},{"type":"Feature","properties":{"tier":"regional"},"geometry":{"type":"LineString","coordinates":[[140.792559,-37.803843],[140.792485,-37.803742],[140.792397,-37.803649]]}},{"type":"Feature","properties":{"tier":"regional"},"geometry":{"type":"LineString","coordinates":[[140.792688,-37.803886],[140.79281,-37.803891],[140.792976,-37.803942],[140.793107,-37.804024]]}},{"type":"Feature","properties":{"tier":"regional"},"geometry":{"type":"LineString","coordinates":[[140.793107,-37.804024],[140.792968,-37.803982],[140.792797,-37.803969],[140.792678,-37.80397]]}},{"type":"Feature","properties":{"tier":"regional"},"geometry":{"type":"LineString","coordinates":[[140.787769,-37.813747],[140.78788,-37.813746],[140.78797,-37.813719]]}},{"type":"Feature","properties":{"tier":"regional"},"geometry":{"type":"LineString","coordinates":[[140.788473,-37.813999],[140.789882,-37.814461],[140.792863,-37.815439],[140.794255,-37.815901],[140.795448,-37.816285],[140.797365,-37.816902],[140.798186,-37.817167],[140.798251,-37.817188],[140.79958,-37.817616]]}},{"type":"Feature","properties":{"tier":"regional"},"geometry":{"type":"LineString","coordinates":[[140.788174,-37.813617],[140.788154,-37.813752],[140.788167,-37.813829],[140.788212,-37.81389]]}},{"type":"Feature","properties":{"tier":"regional"},"geometry":{"type":"LineString","coordinates":[[140.787446,-37.813668],[140.78761,-37.813695],[140.787769,-37.813747],[140.787929,-37.813798]]}},{"type":"Feature","properties":{"tier":"regional"},"geometry":{"type":"LineString","coordinates":[[140.788061,-37.813838],[140.788212,-37.81389],[140.788317,-37.813927],[140.788473,-37.813999]]}},{"type":"Feature","properties":{"tier":"regional"},"geometry":{"type":"LineString","coordinates":[[140.787446,-37.813668],[140.786277,-37.813277],[140.785351,-37.812975],[140.784935,-37.812841],[140.784,-37.812522],[140.781952,-37.81188]]}},{"type":"Feature","properties":{"tier":"regional"},"geometry":{"type":"LineString","coordinates":[[140.788227,-37.81395],[140.788098,-37.813956],[140.787984,-37.813994]]}},{"type":"Feature","properties":{"tier":"regional"},"geometry":{"type":"LineString","coordinates":[[140.787815,-37.814028],[140.787815,-37.813941],[140.787781,-37.813854],[140.787727,-37.813789]]}},{"type":"Feature","properties":{"tier":"arterial"},"geometry":{"type":"LineString","coordinates":[[140.782943,-37.823965],[140.782392,-37.825034],[140.78216,-37.825493],[140.782023,-37.82576],[140.781929,-37.825942],[140.781337,-37.827114],[140.781216,-37.827357],[140.781132,-37.827521],[140.780935,-37.827908],[140.780678,-37.828423]]}},{"type":"Feature","properties":{"tier":"arterial"},"geometry":{"type":"LineString","coordinates":[[140.782943,-37.823965],[140.782979,-37.823843],[140.78302,-37.823679],[140.783008,-37.823556]]}},{"type":"Feature","properties":{"tier":"regional"},"geometry":{"type":"LineString","coordinates":[[140.772653,-37.829895],[140.772676,-37.829848],[140.772839,-37.829524]]}},{"type":"Feature","properties":{"tier":"regional"},"geometry":{"type":"LineString","coordinates":[[140.834515,-37.856666],[140.834432,-37.85681],[140.830701,-37.863328],[140.830588,-37.86392]]}},{"type":"Feature","properties":{"tier":"regional"},"geometry":{"type":"LineString","coordinates":[[140.807548,-37.848182],[140.818645,-37.851632],[140.818863,-37.8517],[140.81891,-37.851715]]}},{"type":"Feature","properties":{"tier":"high"},"geometry":{"type":"LineString","coordinates":[[140.790549,-37.674763],[140.790565,-37.675224],[140.790573,-37.675452],[140.790596,-37.675732],[140.790643,-37.676054],[140.790719,-37.676401],[140.790832,-37.676763],[140.790897,-37.676938],[140.790968,-37.677114],[140.791121,-37.677423],[140.791281,-37.677707],[140.791476,-37.678019],[140.791895,-37.678679],[140.792805,-37.680067]]}},{"type":"Feature","properties":{"tier":"high"},"geometry":{"type":"LineString","coordinates":[[140.792637,-37.680148],[140.791725,-37.678747],[140.791306,-37.678103],[140.79113,-37.677767],[140.791048,-37.677611],[140.790875,-37.677247],[140.790735,-37.676837],[140.790628,-37.676436],[140.790557,-37.676067],[140.790527,-37.675746],[140.790514,-37.675286],[140.790549,-37.674763]]}},{"type":"Feature","properties":{"tier":"regional"},"geometry":{"type":"LineString","coordinates":[[140.49998,-37.722981],[140.503652,-37.724124],[140.505784,-37.724669],[140.506178,-37.724768],[140.506361,-37.724805],[140.506565,-37.724804]]}},{"type":"Feature","properties":{"tier":"regional"},"geometry":{"type":"LineString","coordinates":[[140.792682,-37.803647],[140.792564,-37.803651],[140.792397,-37.803649]]}},{"type":"Feature","properties":{"tier":"regional"},"geometry":{"type":"LineString","coordinates":[[140.787929,-37.813798],[140.788061,-37.813838]]}},{"type":"Feature","properties":{"tier":"high"},"geometry":{"type":"LineString","coordinates":[[140.787929,-37.813798],[140.78797,-37.813719],[140.788467,-37.812768],[140.789328,-37.811116],[140.789809,-37.810181],[140.789839,-37.810121],[140.790758,-37.808273],[140.790989,-37.807824]]}},{"type":"Feature","properties":{"tier":"high"},"geometry":{"type":"LineString","coordinates":[[140.787903,-37.813848],[140.787929,-37.813798]]}},{"type":"Feature","properties":{"tier":"regional"},"geometry":{"type":"LineString","coordinates":[[140.788034,-37.81389],[140.787903,-37.813848]]}},{"type":"Feature","properties":{"tier":"high"},"geometry":{"type":"LineString","coordinates":[[140.852088,-37.850963],[140.847435,-37.849485]]}},{"type":"Feature","properties":{"tier":"high"},"geometry":{"type":"LineString","coordinates":[[140.837719,-37.846265],[140.838088,-37.846314]]}},{"type":"Feature","properties":{"tier":"high"},"geometry":{"type":"LineString","coordinates":[[140.824801,-37.84253],[140.828347,-37.843691],[140.831417,-37.844696],[140.834548,-37.84572],[140.834902,-37.845828],[140.835217,-37.845914],[140.835538,-37.845981],[140.835892,-37.84604],[140.837719,-37.846265]]}},{"type":"Feature","properties":{"tier":"high"},"geometry":{"type":"LineString","coordinates":[[140.837696,-37.846359],[140.835693,-37.846106],[140.835445,-37.846064],[140.835166,-37.846004],[140.834857,-37.845919],[140.834482,-37.845804],[140.83137,-37.84479],[140.828297,-37.843793],[140.824744,-37.84264]]}},{"type":"Feature","properties":{"tier":"high"},"geometry":{"type":"LineString","coordinates":[[140.837954,-37.846395],[140.837696,-37.846359]]}},{"type":"Feature","properties":{"tier":"high"},"geometry":{"type":"LineString","coordinates":[[140.840555,-37.847161],[140.840761,-37.847243],[140.84098,-37.847323],[140.841372,-37.847454],[140.846396,-37.849037]]}},{"type":"Feature","properties":{"tier":"high"},"geometry":{"type":"LineString","coordinates":[[140.84004,-37.846961],[140.840555,-37.847161]]}},{"type":"Feature","properties":{"tier":"high"},"geometry":{"type":"LineString","coordinates":[[140.840537,-37.847291],[140.839985,-37.847079]]}},{"type":"Feature","properties":{"tier":"high"},"geometry":{"type":"LineString","coordinates":[[140.847435,-37.849485],[140.841273,-37.847548],[140.840855,-37.847409],[140.840537,-37.847291]]}},{"type":"Feature","properties":{"tier":"high"},"geometry":{"type":"LineString","coordinates":[[140.853521,-37.851403],[140.85288,-37.851212],[140.852088,-37.850963]]}},{"type":"Feature","properties":{"tier":"high"},"geometry":{"type":"LineString","coordinates":[[140.853558,-37.851341],[140.85423,-37.85156],[140.854859,-37.851775]]}},{"type":"Feature","properties":{"tier":"arterial"},"geometry":{"type":"LineString","coordinates":[[140.749875,-37.812876],[140.750312,-37.812961],[140.750702,-37.813042],[140.750925,-37.813113]]}},{"type":"Feature","properties":{"tier":"arterial"},"geometry":{"type":"LineString","coordinates":[[140.750872,-37.813209],[140.750206,-37.812994],[140.749875,-37.812876]]}},{"type":"Feature","properties":{"tier":"arterial"},"geometry":{"type":"LineString","coordinates":[[140.761699,-37.855019],[140.761382,-37.855769],[140.761013,-37.856294],[140.760425,-37.857071]]}},{"type":"Feature","properties":{"tier":"arterial"},"geometry":{"type":"LineString","coordinates":[[140.713729,-37.996627],[140.71338,-37.99711]]}},{"type":"Feature","properties":{"tier":"regional"},"geometry":{"type":"LineString","coordinates":[[140.846924,-37.85038],[140.84721,-37.849937],[140.847348,-37.84968],[140.847435,-37.849485]]}},{"type":"Feature","properties":{"tier":"arterial"},"geometry":{"type":"LineString","coordinates":[[140.740806,-37.809947],[140.745006,-37.811323],[140.745256,-37.811405]]}},{"type":"Feature","properties":{"tier":"high"},"geometry":{"type":"LineString","coordinates":[[140.824744,-37.84264],[140.823609,-37.842269]]}},{"type":"Feature","properties":{"tier":"high"},"geometry":{"type":"LineString","coordinates":[[140.823667,-37.842157],[140.824801,-37.84253]]}},{"type":"Feature","properties":{"tier":"high"},"geometry":{"type":"LineString","coordinates":[[140.811383,-37.838217],[140.812184,-37.838472],[140.81438,-37.83917],[140.814611,-37.839243],[140.815033,-37.839377],[140.815248,-37.839445],[140.815681,-37.83958],[140.816102,-37.839717]]}},{"type":"Feature","properties":{"tier":"high"},"geometry":{"type":"LineString","coordinates":[[140.815624,-37.839691],[140.814981,-37.839484],[140.814327,-37.839279],[140.813007,-37.838867],[140.812224,-37.83862],[140.812128,-37.838591]]}},{"type":"Feature","properties":{"tier":"arterial"},"geometry":{"type":"LineString","coordinates":[[140.793025,-37.849854],[140.792954,-37.849681],[140.792943,-37.849643]]}},{"type":"Feature","properties":{"tier":"arterial"},"geometry":{"type":"LineString","coordinates":[[140.79289,-37.848972],[140.792919,-37.84911],[140.793035,-37.849753],[140.793025,-37.849854]]}},{"type":"Feature","properties":{"tier":"regional"},"geometry":{"type":"LineString","coordinates":[[140.865648,-37.951325],[140.860381,-37.946722],[140.854281,-37.94135],[140.85368,-37.940805],[140.852653,-37.939603],[140.851566,-37.938338],[140.851421,-37.938377],[140.851279,-37.938401],[140.849415,-37.938486],[140.848374,-37.938469],[140.847484,-37.938484],[140.846789,-37.938503],[140.846414,-37.938518],[140.846044,-37.938524],[140.845824,-37.938558],[140.845389,-37.938721],[140.844855,-37.938981],[140.844273,-37.939252],[140.842747,-37.939954],[140.842181,-37.940187],[140.841516,-37.940479],[140.840854,-37.940722],[140.840516,-37.94086],[140.840186,-37.940934],[140.839815,-37.940974],[140.839193,-37.941039],[140.838523,-37.941128],[140.837723,-37.941218],[140.837389,-37.941304],[140.834789,-37.941665],[140.833351,-37.941835],[140.83186,-37.942],[140.830645,-37.942112],[140.829991,-37.942091],[140.829468,-37.941963],[140.826632,-37.941416],[140.826109,-37.941361],[140.824162,-37.941534],[140.822647,-37.941657],[140.822019,-37.941721],[140.821751,-37.941665],[140.821504,-37.941602],[140.820952,-37.941524],[140.81905,-37.941541],[140.815973,-37.941579],[140.811912,-37.941621],[140.808985,-37.941638],[140.808678,-37.941699],[140.808255,-37.941787],[140.808186,-37.941787],[140.807432,-37.941791],[140.80717,-37.941792],[140.806746,-37.941794],[140.806437,-37.941795],[140.805279,-37.941797]]}},{"type":"Feature","properties":{"tier":"high"},"geometry":{"type":"LineString","coordinates":[[140.814571,-37.540736],[140.81471,-37.540746]]}},{"type":"Feature","properties":{"tier":"high"},"geometry":{"type":"LineString","coordinates":[[140.813996,-37.546977],[140.81411,-37.546987]]}},{"type":"Feature","properties":{"tier":"high"},"geometry":{"type":"LineString","coordinates":[[140.814196,-37.544866],[140.814341,-37.544868]]}},{"type":"Feature","properties":{"tier":"high"},"geometry":{"type":"LineString","coordinates":[[140.814665,-37.54122],[140.814525,-37.541214]]}},{"type":"Feature","properties":{"tier":"high"},"geometry":{"type":"LineString","coordinates":[[140.813937,-37.548735],[140.813962,-37.548786],[140.813999,-37.548826],[140.814042,-37.548858],[140.81409,-37.548882],[140.814143,-37.548902],[140.814203,-37.54892]]}},{"type":"Feature","properties":{"tier":"high"},"geometry":{"type":"LineString","coordinates":[[140.813431,-37.549081],[140.813508,-37.549039],[140.813575,-37.549004],[140.813636,-37.548962],[140.813675,-37.548929],[140.813707,-37.548893],[140.813736,-37.548852],[140.813759,-37.548818],[140.813793,-37.548765],[140.81383,-37.548726]]}},{"type":"Feature","properties":{"tier":"high"},"geometry":{"type":"LineString","coordinates":[[140.813765,-37.549584],[140.813749,-37.549534],[140.813737,-37.549479],[140.813724,-37.549438],[140.813694,-37.549391],[140.813671,-37.549363],[140.813645,-37.549338],[140.813616,-37.549308],[140.813592,-37.549289],[140.813563,-37.549269],[140.81353,-37.54925],[140.813499,-37.549236],[140.813459,-37.54922],[140.813425,-37.549208],[140.813394,-37.549199],[140.813341,-37.549186],[140.813285,-37.549175],[140.813243,-37.549171],[140.813189,-37.549165],[140.813123,-37.549157],[140.813047,-37.54915]]}},{"type":"Feature","properties":{"tier":"high"},"geometry":{"type":"LineString","coordinates":[[140.814933,-37.538346],[140.814853,-37.539248]]}},{"type":"Feature","properties":{"tier":"high"},"geometry":{"type":"LineString","coordinates":[[140.814721,-37.539242],[140.814761,-37.538891],[140.814841,-37.538346]]}},{"type":"Feature","properties":{"tier":"high"},"geometry":{"type":"LineString","coordinates":[[140.81383,-37.548726],[140.813881,-37.548086],[140.813912,-37.54779],[140.81397,-37.547247],[140.813996,-37.546977],[140.814059,-37.546322],[140.814069,-37.546221],[140.814103,-37.545859]]}},{"type":"Feature","properties":{"tier":"high"},"geometry":{"type":"LineString","coordinates":[[140.813685,-37.550762],[140.813675,-37.550683],[140.813669,-37.550622],[140.813676,-37.550489],[140.813747,-37.549816]]}},{"type":"Feature","properties":{"tier":"high"},"geometry":{"type":"LineString","coordinates":[[140.814853,-37.539248],[140.814797,-37.539818],[140.814766,-37.540136],[140.81471,-37.540746],[140.814681,-37.541016],[140.814665,-37.54122],[140.814574,-37.542111],[140.814522,-37.542585],[140.81447,-37.54323],[140.814439,-37.543704],[140.814385,-37.544328],[140.814372,-37.544486],[140.814341,-37.544868],[140.814308,-37.545192],[140.814246,-37.54587]]}},{"type":"Feature","properties":{"tier":"high"},"geometry":{"type":"LineString","coordinates":[[140.814103,-37.545859],[140.814196,-37.544866],[140.814272,-37.543978],[140.81429,-37.543765],[140.814344,-37.543222],[140.814395,-37.542601],[140.814472,-37.541779],[140.814525,-37.541214],[140.814571,-37.540736],[140.814671,-37.539691],[140.814721,-37.539242]]}},{"type":"Feature","properties":{"tier":"high"},"geometry":{"type":"LineString","coordinates":[[140.814853,-37.539248],[140.814721,-37.539242]]}},{"type":"Feature","properties":{"tier":"regional"},"geometry":{"type":"LineString","coordinates":[[140.579893,-37.658852],[140.561495,-37.658988],[140.548287,-37.659076]]}},{"type":"Feature","properties":{"tier":"arterial"},"geometry":{"type":"LineString","coordinates":[[140.678085,-37.564297],[140.67812,-37.564404],[140.678171,-37.564528],[140.678239,-37.564694],[140.678285,-37.564784],[140.678333,-37.564854],[140.678391,-37.564926],[140.678515,-37.565071],[140.678607,-37.565168],[140.678709,-37.565263],[140.678827,-37.565339],[140.678933,-37.565405],[140.679041,-37.565465],[140.679176,-37.565524],[140.679351,-37.565594],[140.679546,-37.565651],[140.679731,-37.565689],[140.679976,-37.565733]]}},{"type":"Feature","properties":{"tier":"regional"},"geometry":{"type":"LineString","coordinates":[[140.776503,-37.827114],[140.776543,-37.827127],[140.777273,-37.82736]]}},{"type":"Feature","properties":{"tier":"regional"},"geometry":{"type":"LineString","coordinates":[[140.777273,-37.82736],[140.778569,-37.827775],[140.779337,-37.828023],[140.780678,-37.828423]]}},{"type":"Feature","properties":{"tier":"high"},"geometry":{"type":"LineString","coordinates":[[140.783049,-37.823291],[140.783064,-37.823279],[140.783117,-37.823258]]}},{"type":"Feature","properties":{"tier":"arterial"},"geometry":{"type":"LineString","coordinates":[[140.769973,-37.845792],[140.769963,-37.845727],[140.769976,-37.845663],[140.770011,-37.845605],[140.770076,-37.845549],[140.770162,-37.845513],[140.770258,-37.845502]]}},{"type":"Feature","properties":{"tier":"arterial"},"geometry":{"type":"LineString","coordinates":[[140.770306,-37.845956],[140.770255,-37.84596],[140.770205,-37.845956]]}},{"type":"Feature","properties":{"tier":"arterial"},"geometry":{"type":"LineString","coordinates":[[140.770258,-37.845502],[140.770376,-37.845524]]}},{"type":"Feature","properties":{"tier":"arterial"},"geometry":{"type":"LineString","coordinates":[[140.763976,-37.849333],[140.763783,-37.849597],[140.76202,-37.854235],[140.761927,-37.854477],[140.761699,-37.855019]]}},{"type":"Feature","properties":{"tier":"arterial"},"geometry":{"type":"LineString","coordinates":[[140.798841,-37.835081],[140.799374,-37.83475]]}},{"type":"Feature","properties":{"tier":"arterial"},"geometry":{"type":"LineString","coordinates":[[140.813047,-37.54915],[140.812766,-37.5492]]}},{"type":"Feature","properties":{"tier":"high"},"geometry":{"type":"LineString","coordinates":[[140.813765,-37.549584],[140.813808,-37.549013],[140.81383,-37.548726]]}},{"type":"Feature","properties":{"tier":"high"},"geometry":{"type":"LineString","coordinates":[[140.800409,-37.834185],[140.800857,-37.834593],[140.80112,-37.834789],[140.801368,-37.834921],[140.80257,-37.835298],[140.802605,-37.835308],[140.806285,-37.836484],[140.807326,-37.836816],[140.80757,-37.836894],[140.80942,-37.837516],[140.810122,-37.837766],[140.811383,-37.838217]]}},{"type":"Feature","properties":{"tier":"high"},"geometry":{"type":"LineString","coordinates":[[140.811321,-37.838336],[140.810095,-37.837907],[140.80947,-37.837686],[140.808653,-37.837414],[140.807258,-37.836949],[140.806214,-37.836617],[140.803369,-37.835711]]}},{"type":"Feature","properties":{"tier":"arterial"},"geometry":{"type":"LineString","coordinates":[[140.799595,-37.834609],[140.799921,-37.83441]]}},{"type":"Feature","properties":{"tier":"arterial"},"geometry":{"type":"LineString","coordinates":[[140.800409,-37.834185],[140.800291,-37.834263]]}},{"type":"Feature","properties":{"tier":"arterial"},"geometry":{"type":"LineString","coordinates":[[140.799374,-37.83475],[140.799595,-37.834609]]}},{"type":"Feature","properties":{"tier":"regional"},"geometry":{"type":"LineString","coordinates":[[140.799287,-37.834585],[140.799371,-37.834691],[140.799374,-37.83475]]}},{"type":"Feature","properties":{"tier":"high"},"geometry":{"type":"LineString","coordinates":[[140.787815,-37.814028],[140.787903,-37.813848]]}},{"type":"Feature","properties":{"tier":"high"},"geometry":{"type":"LineString","coordinates":[[140.813912,-37.54779],[140.814024,-37.547798]]}},{"type":"Feature","properties":{"tier":"arterial"},"geometry":{"type":"LineString","coordinates":[[140.813912,-37.548994],[140.813808,-37.549013]]}},{"type":"Feature","properties":{"tier":"high"},"geometry":{"type":"LineString","coordinates":[[140.814103,-37.545859],[140.814246,-37.54587]]}},{"type":"Feature","properties":{"tier":"high"},"geometry":{"type":"LineString","coordinates":[[140.814344,-37.543222],[140.81447,-37.54323]]}},{"type":"Feature","properties":{"tier":"high"},"geometry":{"type":"LineString","coordinates":[[140.790989,-37.807824],[140.791558,-37.806711]]}},{"type":"Feature","properties":{"tier":"high"},"geometry":{"type":"LineString","coordinates":[[140.791095,-37.807845],[140.79086,-37.808297]]}},{"type":"Feature","properties":{"tier":"high"},"geometry":{"type":"LineString","coordinates":[[140.79086,-37.808297],[140.789937,-37.810177],[140.789436,-37.811154],[140.78859,-37.812805],[140.788174,-37.813617],[140.788061,-37.813838],[140.788034,-37.81389],[140.787984,-37.813994],[140.787678,-37.814621],[140.787496,-37.814995],[140.787037,-37.815934],[140.786091,-37.81785],[140.786085,-37.817862],[140.785681,-37.818661],[140.7852,-37.819616],[140.784511,-37.821006],[140.783504,-37.823036],[140.78347,-37.823114],[140.783449,-37.823186],[140.783438,-37.823241],[140.783408,-37.823338]]}},{"type":"Feature","properties":{"tier":"regional"},"geometry":{"type":"LineString","coordinates":[[140.81169,-37.809639],[140.811231,-37.809506],[140.81078,-37.809409],[140.810222,-37.80936],[140.809702,-37.809272],[140.807623,-37.808614],[140.799476,-37.806034],[140.799269,-37.805968],[140.795998,-37.804906]]}},{"type":"Feature","properties":{"tier":"high"},"geometry":{"type":"LineString","coordinates":[[140.799557,-37.833332],[140.799831,-37.833584]]}},{"type":"Feature","properties":{"tier":"high"},"geometry":{"type":"LineString","coordinates":[[140.799831,-37.833584],[140.799953,-37.833697],[140.80025,-37.834018],[140.800355,-37.834132]]}},{"type":"Feature","properties":{"tier":"high"},"geometry":{"type":"LineString","coordinates":[[140.792571,-37.799949],[140.79257,-37.800894],[140.792554,-37.801646]]}},{"type":"Feature","properties":{"tier":"regional"},"geometry":{"type":"LineString","coordinates":[[140.830402,-37.86392],[140.830588,-37.86392],[140.848922,-37.863922],[140.84983,-37.863907]]}},{"type":"Feature","properties":{"tier":"regional"},"geometry":{"type":"LineString","coordinates":[[140.83567,-37.829223],[140.8414,-37.831056],[140.848101,-37.832752]]}},{"type":"Feature","properties":{"tier":"regional"},"geometry":{"type":"LineString","coordinates":[[140.840537,-37.858548],[140.841744,-37.856396],[140.842432,-37.855178],[140.842591,-37.854974],[140.84279,-37.854856]]}},{"type":"Feature","properties":{"tier":"regional"},"geometry":{"type":"LineString","coordinates":[[140.834515,-37.856666],[140.81891,-37.851715]]}},{"type":"Feature","properties":{"tier":"high"},"geometry":{"type":"LineString","coordinates":[[140.816573,-37.839996],[140.815624,-37.839691]]}},{"type":"Feature","properties":{"tier":"high"},"geometry":{"type":"LineString","coordinates":[[140.815624,-37.839691],[140.815681,-37.83958]]}},{"type":"Feature","properties":{"tier":"high"},"geometry":{"type":"LineString","coordinates":[[140.81438,-37.83917],[140.814327,-37.839279]]}},{"type":"Feature","properties":{"tier":"high"},"geometry":{"type":"LineString","coordinates":[[140.812128,-37.838591],[140.812039,-37.838562],[140.811321,-37.838336]]}},{"type":"Feature","properties":{"tier":"high"},"geometry":{"type":"LineString","coordinates":[[140.812224,-37.83862],[140.812191,-37.838546],[140.812184,-37.838472]]}},{"type":"Feature","properties":{"tier":"high"},"geometry":{"type":"LineString","coordinates":[[140.792559,-37.796562],[140.792438,-37.795498],[140.792441,-37.794137]]}},{"type":"Feature","properties":{"tier":"high"},"geometry":{"type":"LineString","coordinates":[[140.792532,-37.7944],[140.792559,-37.796562]]}},{"type":"Feature","properties":{"tier":"high"},"geometry":{"type":"LineString","coordinates":[[140.792559,-37.802565],[140.792554,-37.801646]]}},{"type":"Feature","properties":{"tier":"high"},"geometry":{"type":"LineString","coordinates":[[140.792564,-37.803651],[140.792563,-37.803489]]}},{"type":"Feature","properties":{"tier":"high"},"geometry":{"type":"LineString","coordinates":[[140.80251,-37.835437],[140.801377,-37.835073],[140.801253,-37.83503],[140.801135,-37.83498],[140.80099,-37.834886],[140.800861,-37.834797],[140.800625,-37.834592],[140.800602,-37.834565],[140.80036,-37.83433],[140.800291,-37.834263]]}},{"type":"Feature","properties":{"tier":"high"},"geometry":{"type":"LineString","coordinates":[[140.803369,-37.835711],[140.80251,-37.835437]]}},{"type":"Feature","properties":{"tier":"regional"},"geometry":{"type":"LineString","coordinates":[[140.977748,-37.842546],[140.977688,-37.845115],[140.977151,-37.873475],[140.977031,-37.879109],[140.976518,-37.901593],[140.976196,-37.918248],[140.976036,-37.923797],[140.975841,-37.924182],[140.975469,-37.924729],[140.974241,-37.925745],[140.973287,-37.926745],[140.972303,-37.928201],[140.971008,-37.929289],[140.969331,-37.930625],[140.968709,-37.931538],[140.96828,-37.93236],[140.968059,-37.933454],[140.967971,-37.939028]]}},{"type":"Feature","properties":{"tier":"high"},"geometry":{"type":"LineString","coordinates":[[140.813747,-37.549816],[140.813765,-37.549584]]}},{"type":"Feature","properties":{"tier":"high"},"geometry":{"type":"LineString","coordinates":[[140.813912,-37.548994],[140.813898,-37.549258],[140.813877,-37.549494],[140.813835,-37.549813]]}},{"type":"Feature","properties":{"tier":"high"},"geometry":{"type":"LineString","coordinates":[[140.814841,-37.538346],[140.814888,-37.538027],[140.814934,-37.537858]]}},{"type":"Feature","properties":{"tier":"high"},"geometry":{"type":"LineString","coordinates":[[140.814934,-37.537858],[140.814943,-37.538028],[140.814933,-37.538346]]}},{"type":"Feature","properties":{"tier":"high"},"geometry":{"type":"LineString","coordinates":[[140.81512,-37.536424],[140.815201,-37.535662]]}},{"type":"Feature","properties":{"tier":"arterial"},"geometry":{"type":"LineString","coordinates":[[140.971419,-37.766761],[140.971112,-37.767017],[140.970905,-37.767204],[140.970795,-37.767304],[140.969886,-37.768183],[140.969569,-37.768465],[140.969288,-37.76866],[140.968985,-37.76883],[140.968527,-37.769011],[140.967962,-37.769132],[140.967453,-37.769181],[140.958381,-37.769886],[140.95514,-37.770139],[140.954426,-37.770211],[140.954118,-37.770251],[140.953839,-37.770312],[140.953588,-37.770395],[140.953349,-37.770486],[140.951379,-37.771402],[140.947342,-37.773321],[140.947006,-37.773507],[140.946767,-37.773695],[140.945281,-37.775007],[140.943883,-37.776245],[140.943471,-37.776553],[140.943114,-37.776765],[140.942774,-37.776899],[140.942352,-37.777022],[140.93587,-37.778877],[140.934019,-37.779407],[140.932465,-37.779852],[140.931004,-37.78027],[140.930576,-37.780364],[140.930065,-37.780456],[140.928738,-37.780659],[140.928146,-37.780747],[140.927552,-37.780892],[140.927235,-37.781009],[140.92688,-37.781167],[140.926512,-37.781361],[140.926239,-37.78156],[140.926003,-37.781751],[140.925814,-37.781946],[140.92558,-37.782233],[140.925392,-37.782513],[140.925105,-37.782842],[140.923402,-37.786442],[140.923251,-37.786799],[140.923209,-37.78693],[140.923184,-37.787039],[140.923154,-37.787199],[140.923069,-37.788624],[140.922979,-37.791064],[140.921994,-37.793345],[140.921515,-37.794399],[140.920575,-37.79547],[140.919371,-37.796384],[140.918477,-37.79719],[140.917069,-37.798459],[140.916404,-37.798676],[140.915353,-37.799011],[140.905608,-37.800105],[140.905517,-37.800115],[140.90459,-37.800222],[140.893945,-37.803687],[140.88269,-37.807588],[140.882189,-37.807777],[140.88171,-37.808059],[140.881349,-37.808323],[140.881036,-37.808605],[140.877484,-37.812709],[140.875404,-37.815067],[140.875158,-37.815303],[140.874902,-37.815524],[140.871627,-37.81789],[140.871466,-37.818002],[140.870318,-37.818827],[140.870037,-37.81908],[140.869719,-37.819411],[140.869534,-37.819662],[140.865715,-37.827197],[140.859433,-37.839638],[140.859194,-37.840038],[140.85886,-37.840474],[140.85861,-37.840793],[140.858096,-37.841315],[140.857442,-37.842037],[140.857074,-37.842515],[140.8567,-37.843108],[140.854711,-37.846637]]}},{"type":"Feature","properties":{"tier":"arterial"},"geometry":{"type":"LineString","coordinates":[[140.770205,-37.845956],[140.770127,-37.845937],[140.770059,-37.845901],[140.770006,-37.845851],[140.769973,-37.845792]]}},{"type":"Feature","properties":{"tier":"arterial"},"geometry":{"type":"LineString","coordinates":[[140.770543,-37.84573],[140.770534,-37.845787],[140.770502,-37.845847],[140.770451,-37.845898],[140.770384,-37.845935],[140.770306,-37.845956]]}},{"type":"Feature","properties":{"tier":"arterial"},"geometry":{"type":"LineString","coordinates":[[140.613917,-37.551906],[140.649975,-37.551436],[140.668455,-37.551184],[140.670826,-37.551154],[140.67561,-37.551096],[140.675863,-37.551096],[140.676049,-37.551092],[140.676338,-37.551161],[140.676621,-37.551259],[140.676921,-37.551371],[140.677134,-37.551516],[140.67736,-37.551713],[140.677531,-37.551898],[140.677682,-37.552121],[140.677774,-37.552383],[140.677811,-37.55261],[140.677842,-37.552875],[140.677947,-37.557414],[140.678085,-37.564297]]}},{"type":"Feature","properties":{"tier":"arterial"},"geometry":{"type":"LineString","coordinates":[[140.613844,-37.551907],[140.613917,-37.551906]]}},{"type":"Feature","properties":{"tier":"arterial"},"geometry":{"type":"LineString","coordinates":[[140.672879,-37.565828],[140.673023,-37.572986],[140.672983,-37.573326],[140.672905,-37.573696],[140.67106,-37.580095],[140.671002,-37.580484],[140.670985,-37.580981],[140.670995,-37.586836],[140.671009,-37.589256]]}},{"type":"Feature","properties":{"tier":"arterial"},"geometry":{"type":"LineString","coordinates":[[140.671009,-37.589256],[140.67101,-37.589365]]}},{"type":"Feature","properties":{"tier":"arterial"},"geometry":{"type":"LineString","coordinates":[[140.538581,-37.49998],[140.537727,-37.500909],[140.532517,-37.506435],[140.532093,-37.506897],[140.53183,-37.507153],[140.531756,-37.507224],[140.531667,-37.5073],[140.53153,-37.507406],[140.5314,-37.507515],[140.531268,-37.507617],[140.529456,-37.508726],[140.528786,-37.509134],[140.527566,-37.509874],[140.527278,-37.510067],[140.52691,-37.510328],[140.5268,-37.510406],[140.52654,-37.510608],[140.526356,-37.510759],[140.526151,-37.510931],[140.52589,-37.511168],[140.525463,-37.511558],[140.525164,-37.511839],[140.524963,-37.512018],[140.524498,-37.51245],[140.505503,-37.529995],[140.503533,-37.531466],[140.502241,-37.532071],[140.501319,-37.532409]]}},{"type":"Feature","properties":{"tier":"regional"},"geometry":{"type":"LineString","coordinates":[[140.967571,-37.972272],[140.967763,-37.972686],[140.967814,-37.972796],[140.967941,-37.97309],[140.968012,-37.97323],[140.968118,-37.97331],[140.971301,-37.9731],[140.971637,-37.973139],[140.971803,-37.973198],[140.977097,-37.976566],[140.977656,-37.977036],[140.978261,-37.977544],[140.979564,-37.978847],[140.980052,-37.979103],[140.984427,-37.979638],[140.988905,-37.981111],[140.989108,-37.981186],[140.989244,-37.98125],[140.989361,-37.981322],[140.989501,-37.981411],[140.98964,-37.981544],[140.989725,-37.98165],[140.98981,-37.981761],[140.990737,-37.983363],[140.990803,-37.983477],[140.990862,-37.98373]]}},{"type":"Feature","properties":{"tier":"regional"},"geometry":{"type":"LineString","coordinates":[[140.967249,-37.9714],[140.967256,-37.971441],[140.967297,-37.971657],[140.967571,-37.972272]]}},{"type":"Feature","properties":{"tier":"regional"},"geometry":{"type":"LineString","coordinates":[[140.967402,-37.96479],[140.967394,-37.966032],[140.967347,-37.966816],[140.967249,-37.9714]]}},{"type":"Feature","properties":{"tier":"regional"},"geometry":{"type":"LineString","coordinates":[[140.967971,-37.939028],[140.967966,-37.939332],[140.967755,-37.948383],[140.967717,-37.949636],[140.967707,-37.949963],[140.967756,-37.950782],[140.96784,-37.95095],[140.968035,-37.951339]]}},{"type":"Feature","properties":{"tier":"regional"},"geometry":{"type":"LineString","coordinates":[[140.968035,-37.951339],[140.968493,-37.951945],[140.968722,-37.952387],[140.968673,-37.952829],[140.968329,-37.953304],[140.967822,-37.95396]]}},{"type":"Feature","properties":{"tier":"regional"},"geometry":{"type":"LineString","coordinates":[[140.799224,-37.834605],[140.799099,-37.83444],[140.799078,-37.834415],[140.799051,-37.834391],[140.799022,-37.834369],[140.798986,-37.834348],[140.798941,-37.834325],[140.79865,-37.834227],[140.798599,-37.834179]]}},{"type":"Feature","properties":{"tier":"high"},"geometry":{"type":"LineString","coordinates":[[140.800355,-37.834132],[140.800409,-37.834185]]}},{"type":"Feature","properties":{"tier":"arterial"},"geometry":{"type":"LineString","coordinates":[[140.800107,-37.834378],[140.799431,-37.834801]]}},{"type":"Feature","properties":{"tier":"arterial"},"geometry":{"type":"LineString","coordinates":[[140.800291,-37.834263],[140.800107,-37.834378]]}},{"type":"Feature","properties":{"tier":"high"},"geometry":{"type":"LineString","coordinates":[[140.800291,-37.834263],[140.800235,-37.83421]]}},{"type":"Feature","properties":{"tier":"high"},"geometry":{"type":"LineString","coordinates":[[140.800007,-37.833982],[140.799757,-37.833731],[140.799638,-37.833613],[140.79949,-37.833499],[140.799417,-37.833441],[140.799395,-37.833424],[140.799318,-37.833368],[140.799212,-37.833309],[140.799068,-37.833241],[140.798881,-37.833161],[140.797216,-37.832632],[140.79653,-37.832415],[140.796193,-37.832309],[140.796023,-37.832255],[140.795656,-37.832139],[140.794957,-37.831918],[140.794805,-37.83187],[140.79458,-37.831799],[140.794328,-37.831719],[140.793846,-37.831567],[140.793657,-37.831488],[140.793479,-37.83142],[140.793335,-37.831331],[140.793183,-37.831216],[140.793037,-37.831098],[140.79291,-37.830957],[140.792891,-37.830937],[140.792813,-37.830849],[140.792755,-37.830767],[140.792737,-37.830742],[140.792643,-37.830569],[140.792551,-37.830333],[140.79248,-37.830068],[140.792423,-37.829938],[140.79238,-37.829861],[140.792337,-37.829781],[140.792289,-37.829709],[140.792215,-37.829617],[140.792132,-37.829519],[140.792041,-37.829438],[140.791941,-37.829364],[140.791842,-37.829297],[140.791761,-37.829248],[140.791689,-37.829208],[140.791624,-37.829175],[140.791501,-37.82912],[140.791279,-37.829039],[140.790995,-37.828948],[140.789724,-37.828542],[140.789317,-37.828412],[140.789146,-37.828353],[140.789022,-37.828289],[140.788926,-37.828239],[140.788818,-37.828175],[140.7887,-37.828082],[140.78862,-37.828023],[140.788523,-37.827946],[140.788431,-37.827862],[140.788266,-37.827616],[140.788218,-37.827531],[140.787987,-37.827014],[140.787874,-37.826828],[140.787772,-37.826705],[140.787681,-37.826603],[140.7876,-37.826529],[140.787579,-37.82651],[140.787257,-37.826224],[140.787155,-37.826134],[140.78702,-37.826014],[140.786766,-37.825789],[140.786489,-37.825543],[140.785915,-37.825034],[140.785262,-37.824455],[140.784987,-37.824216],[140.784892,-37.824133],[140.784672,-37.824018],[140.784517,-37.82394],[140.784264,-37.823849],[140.783682,-37.82366],[140.783551,-37.823616],[140.783414,-37.823594],[140.783347,-37.823592]]}},{"type":"Feature","properties":{"tier":"arterial"},"geometry":{"type":"LineString","coordinates":[[140.800235,-37.83421],[140.800355,-37.834132]]}},{"type":"Feature","properties":{"tier":"high"},"geometry":{"type":"LineString","coordinates":[[140.800235,-37.83421],[140.800007,-37.833982]]}},{"type":"Feature","properties":{"tier":"arterial"},"geometry":{"type":"LineString","coordinates":[[140.792551,-37.847754],[140.792554,-37.847717],[140.792561,-37.847626],[140.792567,-37.847594]]}},{"type":"Feature","properties":{"tier":"arterial"},"geometry":{"type":"LineString","coordinates":[[140.792567,-37.847594],[140.792579,-37.847526],[140.792596,-37.84744],[140.792629,-37.847344],[140.792965,-37.846642],[140.793299,-37.845956],[140.793816,-37.844895]]}},{"type":"Feature","properties":{"tier":"arterial"},"geometry":{"type":"LineString","coordinates":[[140.792943,-37.849643],[140.792759,-37.849012],[140.792752,-37.848976]]}},{"type":"Feature","properties":{"tier":"arterial"},"geometry":{"type":"LineString","coordinates":[[140.793066,-37.849981],[140.793025,-37.849854]]}},{"type":"Feature","properties":{"tier":"arterial"},"geometry":{"type":"LineString","coordinates":[[140.793086,-37.85005],[140.793066,-37.849981]]}},{"type":"Feature","properties":{"tier":"regional"},"geometry":{"type":"LineString","coordinates":[[140.49998,-37.558879],[140.500081,-37.558976],[140.500529,-37.559412],[140.502159,-37.560955],[140.50367,-37.562379],[140.504077,-37.562724],[140.504519,-37.563013],[140.504985,-37.563267],[140.508768,-37.564786],[140.50944,-37.56508],[140.509807,-37.565281],[140.510154,-37.565501],[140.510401,-37.565688],[140.510644,-37.565894],[140.510815,-37.566059],[140.511069,-37.566329],[140.511317,-37.566639],[140.511491,-37.566929],[140.511821,-37.567485],[140.514724,-37.5724],[140.515046,-37.57293],[140.515284,-37.573244],[140.515525,-37.573528],[140.516077,-37.574091],[140.516692,-37.574715],[140.517113,-37.575192],[140.517329,-37.575475],[140.517533,-37.575761],[140.517742,-37.576104],[140.517917,-37.576432],[140.518042,-37.576682],[140.518165,-37.577019],[140.518308,-37.577461],[140.518366,-37.577728],[140.518515,-37.578631],[140.518508,-37.578975],[140.518486,-37.579385],[140.518444,-37.579707],[140.518393,-37.580036],[140.51831,-37.580343],[140.518187,-37.580749],[140.518069,-37.581053],[140.517817,-37.581595],[140.517586,-37.581976],[140.517283,-37.582423],[140.515569,-37.585029],[140.511299,-37.591254],[140.510864,-37.591785],[140.51042,-37.592365],[140.510178,-37.592744],[140.510019,-37.593019],[140.509877,-37.593306],[140.509782,-37.593556],[140.509709,-37.593764],[140.509639,-37.594061],[140.509591,-37.594348],[140.509559,-37.594725],[140.509567,-37.595404],[140.509617,-37.596124],[140.509649,-37.59664],[140.509676,-37.597046],[140.509716,-37.597363],[140.509898,-37.597958],[140.509948,-37.598068],[140.510028,-37.598291],[140.510192,-37.598591],[140.510445,-37.598976],[140.510777,-37.599492],[140.511096,-37.600004],[140.511325,-37.600494],[140.513137,-37.606218],[140.51325,-37.606499],[140.513404,-37.606774],[140.513588,-37.60707],[140.513783,-37.607318],[140.514046,-37.607597],[140.514521,-37.608031],[140.515223,-37.608642],[140.519676,-37.612507],[140.519764,-37.612589],[140.520296,-37.613053],[140.52436,-37.616591],[140.524691,-37.616866],[140.524968,-37.617066],[140.527315,-37.618554],[140.52771,-37.618828],[140.528133,-37.619217],[140.528406,-37.61953],[140.528675,-37.619905],[140.528801,-37.620125],[140.528937,-37.620396],[140.529551,-37.622327],[140.529621,-37.622586],[140.529674,-37.62294],[140.529688,-37.623249],[140.529668,-37.623672],[140.529622,-37.624049],[140.529596,-37.62433],[140.529588,-37.624671],[140.52965,-37.625081],[140.529749,-37.625506],[140.529859,-37.625789],[140.529979,-37.626058],[140.530146,-37.626384],[140.530325,-37.626651],[140.530618,-37.627024],[140.530958,-37.627354],[140.531458,-37.627747],[140.53189,-37.628033],[140.53799,-37.630948],[140.538396,-37.631162],[140.538749,-37.631377],[140.5391,-37.631629],[140.539199,-37.631715],[140.539457,-37.63194],[140.539813,-37.632326],[140.539953,-37.632498],[140.540106,-37.632736],[140.540492,-37.633483],[140.540897,-37.634358],[140.541633,-37.636036],[140.541873,-37.636508],[140.542055,-37.63679],[140.542178,-37.636967],[140.542441,-37.637291],[140.542765,-37.637652],[140.545984,-37.641105],[140.546978,-37.642166],[140.547425,-37.64266],[140.547619,-37.642932],[140.547789,-37.643215],[140.547907,-37.643475],[140.548,-37.64377],[140.548057,-37.644051],[140.548074,-37.644336],[140.54808,-37.644731],[140.548136,-37.648592],[140.548287,-37.659076],[140.548403,-37.66883],[140.548477,-37.676215],[140.548435,-37.676659],[140.548404,-37.677605],[140.548419,-37.678742],[140.548516,-37.680846]]}},{"type":"Feature","properties":{"tier":"arterial"},"geometry":{"type":"LineString","coordinates":[[140.674353,-37.763336],[140.674514,-37.763014],[140.67445,-37.762683],[140.672196,-37.758764],[140.671885,-37.758451],[140.671279,-37.758109],[140.668995,-37.757062],[140.663935,-37.754744],[140.663415,-37.754385],[140.661468,-37.752759],[140.661151,-37.752332],[140.659869,-37.749849],[140.659284,-37.748625],[140.659188,-37.748108],[140.659193,-37.747508],[140.660041,-37.745548],[140.660159,-37.744971],[140.660211,-37.744496],[140.660236,-37.744269],[140.660309,-37.743605],[140.659772,-37.741629],[140.65959,-37.740924],[140.659354,-37.73972],[140.658946,-37.738625],[140.658839,-37.737726],[140.658485,-37.737098],[140.657225,-37.735409]]}},{"type":"Feature","properties":{"tier":"regional"},"geometry":{"type":"LineString","coordinates":[[140.757819,-37.804062],[140.757579,-37.804527],[140.756532,-37.806523],[140.756117,-37.807314]]}},{"type":"Feature","properties":{"tier":"regional"},"geometry":{"type":"LineString","coordinates":[[140.805366,-37.847488],[140.807321,-37.848111],[140.807326,-37.848112],[140.80754,-37.84818],[140.807548,-37.848182]]}},{"type":"Feature","properties":{"tier":"high"},"geometry":{"type":"LineString","coordinates":[[140.812184,-37.838472],[140.812117,-37.838525],[140.812039,-37.838562]]}},{"type":"Feature","properties":{"tier":"arterial"},"geometry":{"type":"LineString","coordinates":[[140.750399,-37.829828],[140.750669,-37.829494],[140.751182,-37.82914]]}},{"type":"Feature","properties":{"tier":"arterial"},"geometry":{"type":"LineString","coordinates":[[140.751182,-37.82914],[140.751871,-37.828664],[140.752266,-37.828467],[140.753494,-37.827802],[140.754502,-37.827267]]}},{"type":"Feature","properties":{"tier":"arterial"},"geometry":{"type":"LineString","coordinates":[[140.697248,-37.565497],[140.697378,-37.565459],[140.697494,-37.565382],[140.697604,-37.565292],[140.697723,-37.565138]]}},{"type":"Feature","properties":{"tier":"arterial"},"geometry":{"type":"LineString","coordinates":[[140.697248,-37.565497],[140.697172,-37.565503],[140.697074,-37.565501],[140.6969,-37.565498],[140.696772,-37.565495],[140.696599,-37.565493],[140.693938,-37.565531]]}}]}
